LABEL_REWARD,<B>奖励：</B>
LABEL_FATE,<color=#fdc60eff><B>天命：</B></color>
LABEL_TROPHY,<color=#951719FF><B>战利品：</B></color>
LABEL_TROPHY_ONGOING,<color=#951719FF><B>持续战利品：</B></color>
LABEL_EVENT_TROPHY,<b>事件战利品：</b>
LABEL_UNITE,<b>联合：</b>
LABEL_MULTIUNITE,<b>多重联合：</b>
LABEL_ENERGIZE,<b>充能</b>
LABEL_RALLY_ENLIGHTENED,<b>集结：圣贤</b>
LABEL_RALLY_LIFEBOUND,<b>集结：命约</b>
LABEL_RALLY_MECHANA,<b>集结：机械</b>
LABEL_RALLY_VOID,<b>集结：虚空</b>
LABEL_RALLY_MONSTER,<b>集结：怪物</b>
LABEL_ONGOING,<b>持续：</b>
LABEL_DAY,<b>昼：</b>
LABEL_NIGHT,<b>夜：</b>
LABEL_INFEST,<b>感染 - </b>
LABEL_SERENITY,<b>宁静：</b>
LABEL_ECHO,<b>回响：</b>
LABEL_DREAMBIND,<B>梦缚：</B>
LABEL_PHANTASM,<B><I>Phantasm - </I></B>
LABEL_TRANSFORM,<B>Transform - </B>
LABEL_PLUNDER,<B><I>Plunder - </I></B>
FLAVOR_DRUIDSOFTHESTONECIRCLE,<sprite=32>
CARDNAME_MECHANAINITIATE,机械新兵
EFFECT_MECHANAINITIATE,获得1符文或1战力。
FLAVOR_MECHANAINITIATE,<sprite=35>
CARDNAME_LIFEBOUNDINITIATE,命约新兵
EFFECT_LIFEBOUNDINITIATE,获得1符文和1荣誉。
FLAVOR_LIFEBOUNDINITIATE,<sprite=38>
CARDNAME_RUNICLYCANTHROPE,符文狼化人
EFFECT_RUNICLYCANTHROPE,获得2符文。若你本回合打出过命约英雄，获得2战力。
FLAVOR_RUNICLYCANTHROPE,<sprite=41>
CARDNAME_LANDTALKER,大地说书人
EFFECT_LANDTALKER,获得3符文。
FLAVOR_LANDTALKER,<sprite=2>
CARDNAME_XERONDUKEOFLIES,<sprite=3>
EFFECT_XERONDUKEOFLIES,<sprite=4>
CARDNAME_SNAPDRAGON,金鱼草
EFFECT_SNAPDRAGON,每回合一次，获得1符文。每回合你首次打出命约英雄时，获得1荣誉。
FLAVOR_SNAPDRAGON,<sprite=7>
CARDNAME_CETRAWEAVEROFSTARS,织星者塞特拉
EFFECT_CETRAWEAVEROFSTARS,获取任意一个英雄。将其放到你的牌库顶。
FLAVOR_CETRAWEAVEROFSTARS,<sprite=10>
CARDNAME_MYSTIC,秘教士
EFFECT_MYSTIC,获得2符文。
CARDNAME_AVATARGOLEM,化身魔像
EFFECT_AVATARGOLEM,获得2战力。你每控制一种神器，获得1荣誉。
CARDNAME_CULTIST,邪教徒
EFFECT_CULTIST,奖励：获得1荣誉。
FLAVOR_CULTIST,<sprite=70>
CARDNAME_SHADOWSTAR,暗影之星
EFFECT_SHADOWSTAR,每回合一次，获得1战力。
FLAVOR_SHADOWSTAR,<sprite=73>
CARDNAME_WINDTYRANT,风之暴君
EFFECT_WINDTYRANT,奖励：获得3荣誉。获得3符文。
CARDNAME_THEALLSEEINGEYE,全视之眼
EFFECT_THEALLSEEINGEYE,每回合一次，你可以抽一张牌。
FLAVOR_THEALLSEEINGEYE,<sprite=98>
CARDNAME_TORMENTEDSOUL,受折磨的灵魂
EFFECT_TORMENTEDSOUL,奖励：获得1荣誉。抽一张牌。
CARDNAME_SEATYRANT,海中暴君
EFFECT_SEATYRANT,奖励：获得5荣誉。每位对手须选择一张其控制的神器，将其余神器置入弃牌堆。
CARDNAME_MISTAKEOFCREATION,造物之误
EFFECT_MISTAKEOFCREATION,奖励：获得4荣誉。你可以放逐中央牌列和/或你弃牌堆中的一张卡牌。
CARDNAME_SAMAELSTRICKSTER,萨麦尔的诡术师
EFFECT_SAMAELSTRICKSTER,奖励：获得1荣誉。获得1符文。
CARDNAME_TWOFOLDASKARA,双重阿斯卡拉
EFFECT_TWOFOLDASKARA,复制本回合打出的一张英雄的效果。
FLAVOR_TWOFOLDASKARA,<sprite=115>
CARDNAME_CORROSIVEWIDOW,腐蚀寡妇
EFFECT_CORROSIVEWIDOW,奖励：获得3荣誉。每位对手须将其控制的一张神器置入弃牌堆。
CARDNAME_MASTERDHARTHA,达萨大师
EFFECT_MASTERDHARTHA,抽三张牌。
FLAVOR_MASTERDHARTHA,<sprite=120>
CARDNAME_ARHATEMPLAR,亚哈圣殿武士
EFFECT_ARHATEMPLAR,击败一个战力值不高于4的怪物。
FLAVOR_ARHATEMPLAR,<sprite=123>
CARDNAME_BURROWERMARKII,钻地机II型
EFFECT_BURROWERMARKII,每回合你首次将机械神器进入战场时（包括此牌），抽一张牌。
FLAVOR_BURROWERMARKII,<sprite=143>
CARDNAME_APPRENTICE,学徒
EFFECT_APPRENTICE,获得1符文。
CARDNAME_YGGDRASILSTAFF,世界树法杖
EFFECT_YGGDRASILSTAFF,每回合一次，获得1战力。若你本回合打出过命约英雄，获得2荣誉。
FLAVOR_YGGDRASILSTAFF,<sprite=173>
CARDNAME_VOIDTHIRSTER,渴虚者
EFFECT_VOIDTHIRSTER,每回合一次，获得1战力。每回合你首次击败中央牌列中的怪物时，获得1荣誉。
CARDNAME_SPIKEVIXEN,尖刺雌狐
EFFECT_SPIKEVIXEN,获得1战力。抽一张牌。
FLAVOR_SPIKEVIXEN,"Though Dread Liza has departed the ObsidianRing, many of her deadly students remain."
CARDNAME_SHADEOFTHEBLACKWATCH,黑卫之影
EFFECT_SHADEOFTHEBLACKWATCH,获得2战力。你可以放逐一张手牌或弃牌堆中的卡牌。
FLAVOR_SHADEOFTHEBLACKWATCH,"The offspring of Samael and Nyx emerge fromthe Void regularily, and must be banished."
CARDNAME_MURAMASA,村正
EFFECT_MURAMASA,每回合一次，获得3战力。
FLAVOR_MURAMASA,"Wield the devil, and hell will tremble before you."
CARDNAME_EMRIONEWITHTHEVOID,与虚空合一的艾姆瑞
EFFECT_EMRIONEWITHTHEVOID,获得4战力。
FLAVOR_EMRIONEWITHTHEVOID,"Emri paused above the noble as her blade hovered. ""When you have conquered everything, Xeron"" she said, ""there is still Nothing to fear."
CARDNAME_TABLETOFTIMESDAWN,时晓石板
EFFECT_TABLETOFTIMESDAWN,放逐此神器，然后在本回合后再进行一个额外回合。
FLAVOR_TABLETOFTIMESDAWN,"Foremost of Logos' sons was Time: a cheater, a scoundrel, destined to lord over all in the end."
CARDNAME_DEMONSLAYER,恶魔杀手
EFFECT_DEMONSLAYER,获得3战力。
FLAVOR_DEMONSLAYER,"How many demons have you slain, stranger?"" Sar asked, lowering his massive sword.  ""One so far,"" Nellin replied, and grinned.  ""But it was a really, really big one."
CARDNAME_ASCETICOFTHELIDLESSEYE,无目之眼苦行僧
EFFECT_ASCETICOFTHELIDLESSEYE,抽两张牌。
FLAVOR_ASCETICOFTHELIDLESSEYE,"There is nothing obscure about what is to come, Godslayer; the future is always clear to those who choose to see. It is your judgment that is clouded."
CARDNAME_MILITIA,民兵
EFFECT_MILITIA,获得1战力。
CARDNAME_ARBITEROFTHEPRECIPICE,悬崖仲裁者
EFFECT_ARBITEROFTHEPRECIPICE,抽两张牌。然后放逐你手牌中的一张卡牌。
FLAVOR_ARBITEROFTHEPRECIPICE,「记忆与历史与我无关。这污秽之物本不该存在。如今，它将如同从未存在过。」
CARDNAME_THEGRANDDESIGN,宏伟设计
EFFECT_THEGRANDDESIGN,每回合一次，获得2符文。你只能用它来获取机械神器。
FLAVOR_THEGRANDDESIGN,divine schematic said to detail the primary function.  contains a place for all mechana.
CARDNAME_REACTORMONK,反应堆僧侣
EFFECT_REACTORMONK,获得2符文。你本回合下一张获取的神器费用减少1符文。
FLAVOR_REACTORMONK,core power output up 20%.Monk Mortality rate up 20%.
CARDNAME_HEAVYINFANTRY,重装步兵
EFFECT_HEAVYINFANTRY,获得2战力。
CARDNAME_KORTHEFERROMANCER,铁术师科尔
EFFECT_KORTHEFERROMANCER,获得${ICON_POWER2}.<br>抽一张牌若 你控制的 2 或更高神器s.
FLAVOR_KORTHEFERROMANCER,Warning:  junkyard may be hazardous.  Proceed with caution
CARDNAME_TEMPLELIBRARIAN,神殿图书管理员
EFFECT_TEMPLELIBRARIAN,弃一张牌。若你如此做，抽两张牌。
FLAVOR_TEMPLELIBRARIAN,"Without knowledge, power is illusory. Without order, knowledge is fragmented. Without me, order is impossible."
CARDNAME_HEDRONLINKDEVICE,多面体连接装置
EFFECT_HEDRONLINKDEVICE,你可以将所有神器视为机械神器。
FLAVOR_HEDRONLINKDEVICE,situation: great seal breached. scattered devices from across all realms are reconnecting. miracle or Tragedy?  please advise.
CARDNAME_HEDRONCANNON,多面体加农
EFFECT_HEDRONCANNON,每回合一次，你每控制一个机械神器，获得1战力。
FLAVOR_HEDRONCANNON,attention godslayer: conventional war againsT Fallen ONe a waste of time and resources.  New plan:  destroy  with dimensional cannon as shown
CARDNAME_ARHAINITIATE,亚哈新兵
EFFECT_ARHAINITIATE,抽一张牌。
FLAVOR_ARHAINITIATE,"Nellin observed the whirling movements of the Initiates. ""Are they practicing forms?"" he asked. ""No,"" came the instructor's reply. ""They are meditating."
CARDNAME_OZIAHTHEPEERLESS,无双的奥齐亚
EFFECT_OZIAHTHEPEERLESS,击败一个战力值不高于6的怪物。
FLAVOR_OZIAHTHEPEERLESS,"Child, this new world must have north and south, east and west,"" Logos said. Oziah drew his sword and cut twice.<br>""Father, it is done,"" he replied."
CARDNAME_SEEROFTHEFORKEDPATH,歧路预言者
EFFECT_SEEROFTHEFORKEDPATH,抽一张牌。然后你可以放逐中央牌列中的一张卡牌。
FLAVOR_SEEROFTHEFORKEDPATH,"The left path holds death for you, Godslayer. The right path, death for her. You must choose quickly- Samael is on the move."
CARDNAME_APPRENTICE10TH,学徒
EFFECT_APPRENTICE10TH,获得${ICON_RUNE1}.
CARDNAME_MYSTIC10TH,秘教士
EFFECT_MYSTIC10TH,获得${ICON_RUNE2}.
CARDNAME_CULTIST10TH,邪教徒
EFFECT_CULTIST10TH,${LABEL_REWARD} 获得${ICON_HONOR1}.
FLAVOR_CULTIST10TH,Blood!  Shed their blood!  The Fallen One has come to carry us to glory! To remake our world!
CARDNAME_WATCHMAKERSALTAR10TH,制表师祭坛
EFFECT_WATCHMAKERSALTAR10TH,每回合一次，获得${ICON_RUNE1}. 你只能用它来获取机械神器。
FLAVOR_WATCHMAKERSALTAR10TH,"You may delay, but time will not."
CARDNAME_EARTHTYRANT10TH,大地暴君
EFFECT_EARTHTYRANT10TH,${LABEL_REWARD} 获得${ICON_HONOR5}. 抽两张牌.
FLAVOR_EARTHTYRANT10TH,"In the caverns below, you will find limitless power<br>surrounded by fire and death."
CARDNAME_AVATAROFTHEFALLEN10TH,堕落者化身
EFFECT_AVATAROFTHEFALLEN10TH,<b>不可放逐</b>.<br>${LABEL_REWARD} 获得${ICON_HONOR4}. 你可以获取或 击败任意卡牌在中央牌列无需支付费用.
FLAVOR_AVATAROFTHEFALLEN10TH,I am Eternal. What hope have you to defeat me?
CARDNAME_VOIDINITIATE10TH,虚空新兵
EFFECT_VOIDINITIATE10TH,获得${ICON_RUNE1}.<br>你可以放逐一张卡牌在你的手牌或弃牌堆.
FLAVOR_VOIDINITIATE10TH,The initiation is as harsh as the lands<br>from which they hail from.
EFFECT_WOLFSHAMAN10TH,获得${ICON_RUNE1}.<br>抽一张牌.
CARDNAME_WOLFSHAMAN10TH,狼萨满
FLAVOR_WOLFSHAMAN10TH,You will know your calling when you howl at the moon and her children howl back.
CARDNAME_FLYTRAPWITCH10TH,捕蝇草女巫
EFFECT_FLYTRAPWITCH10TH,获得${ICON_HONOR2}.<br>抽一张牌.
FLAVOR_FLYTRAPWITCH10TH,The swamp is as perilous as it is hungry.
CARDNAME_MEPHIT10TH,恶臭精
EFFECT_MEPHIT10TH,${LABEL_REWARD} 获得${ICON_HONOR2}. 你可以放逐一张卡牌在中央牌列.
FLAVOR_MEPHIT10TH,"Deliverers of Lies, sowers of confusion."
CARDNAME_ROCKETCOURIERX9910TH,火箭信使X-99
EFFECT_ROCKETCOURIERX9910TH,"每回合一次，当你 获取机械神器, 你可以将它放置置入你的手牌."
FLAVOR_ROCKETCOURIERX9910TH,你有新邮件！
CARDNAME_DRUIDSOFTHESTONECIRCLE10TH,石环德鲁伊
EFFECT_DRUIDSOFTHESTONECIRCLE10TH,获取一个英雄费用为${ICON_RUNE4} 或更低无需支付费用无需支付费用. 将它放到你的牌库顶.
FLAVOR_DRUIDSOFTHESTONECIRCLE10TH,The spacing of the stones is geometry.<br>The space itself is magic.
CARDNAME_MECHANAINITIATE10TH,机械新兵
EFFECT_MECHANAINITIATE10TH,获得${ICON_RUNE1} 和 ${ICON_POWER1}.
FLAVOR_MECHANAINITIATE10TH,"The Mechana let nothing go to waste:<br>recycle the soldiers, train them again."
CARDNAME_LIFEBOUNDINITIATE10TH,生命新兵
EFFECT_LIFEBOUNDINITIATE10TH,获得${ICON_RUNE1} 和 ${ICON_HONOR1}.
FLAVOR_LIFEBOUNDINITIATE10TH,"There is but one true Mother, and all the Lifebound are her children."
CARDNAME_RUNICLYCANTHROPE10TH,符文狼化人
EFFECT_RUNICLYCANTHROPE10TH,"获得${ICON_RUNE2}.<br>${LABEL_UNITE} 若你 打出或 拥有打出过命约英雄本回合, 获得${ICON_POWER2}."
FLAVOR_RUNICLYCANTHROPE10TH,"Write with blood, and you will see that blood is spirit."
CARDNAME_LANDTALKER10TH,大地说书人
EFFECT_LANDTALKER10TH,获得${ICON_RUNE3}.
FLAVOR_LANDTALKER10TH,A giant whose words make flowers bloom and forests grow.
CARDNAME_XERONDUKEOFLIES10TH,谎言之公爵泽伦
EFFECT_XERONDUKEOFLIES10TH,${LABEL_REWARD} 获得${ICON_HONOR4}. 拿取一张卡牌随机从 每位对手之手牌和 将那些卡牌加入以 你的手牌.
FLAVOR_XERONDUKEOFLIES10TH,They say every word Xeron utters<br>costs a thousand lives.
CARDNAME_SNAPDRAGON10TH,金鱼草
EFFECT_SNAPDRAGON10TH,"每回合一次，获得${ICON_RUNE1}.<br>${LABEL_UNITE} 每回合一次，若你 拥有打出过命约英雄, 获得${ICON_HONOR1}."
FLAVOR_SNAPDRAGON10TH,没有比骄傲更致命的毒药。
CARDNAME_CETRAWEAVEROFSTARS10TH,织星者塞特拉
EFFECT_CETRAWEAVEROFSTARS10TH,获取一个英雄无需支付费用. 将它放到你的牌库顶.
FLAVOR_CETRAWEAVEROFSTARS10TH,True heroes are guided by her starlight.
CARDNAME_AVATARGOLEM10TH,化身魔像
EFFECT_AVATARGOLEM10TH,"获得${ICON_POWER2}.<br>获得${ICON_HONOR1} 以每个派系之中神器你控制的. <i>(派系为圣贤, 机械, 生命, 和虚空.)</i>"
CARDNAME_SHADOWSTAR10TH,暗影之星
EFFECT_SHADOWSTAR10TH,每回合一次，获得${ICON_POWER1}.
FLAVOR_SHADOWSTAR10TH,"Be careful, young hero,"" said the mystic.<br>""It does not take well to poor aim."
CARDNAME_WINDTYRANT10TH,风之暴君
EFFECT_WINDTYRANT10TH,${LABEL_REWARD} 获得${ICON_HONOR3} 和 ${ICON_RUNE3}.
FLAVOR_WINDTYRANT10TH,"There's a lot more than a storm coming.""<br>-Oziah"
CARDNAME_THEALLSEEINGEYE10TH,全视之眼
EFFECT_THEALLSEEINGEYE10TH,每回合一次，你可以抽一张牌.
FLAVOR_THEALLSEEINGEYE10TH,The All-Seeing Eye pierces the veil of impossibility.
CARDNAME_TORMENTEDSOUL10TH,受折磨的灵魂
EFFECT_TORMENTEDSOUL10TH,${LABEL_REWARD} 获得${ICON_HONOR2}. 抽一张牌.
FLAVOR_TORMENTEDSOUL10TH,"Bound in chains, forever linked to the<br>hatred they held onto in life."
CARDNAME_SEATYRANT10TH,海中暴君
EFFECT_SEATYRANT10TH,"${LABEL_REWARD} 获得${ICON_HONOR5}. 若对手拥有超过一 神器, 该玩家须摧毁只留一个，其余神器其控制的."
FLAVOR_SEATYRANT10TH,Its many fins rise up like the sails of a vast armada.
CARDNAME_MISTAKEOFCREATION10TH,造物之误
EFFECT_MISTAKEOFCREATION10TH,${LABEL_REWARD} 获得${ICON_HONOR4}. 你可以放逐一张卡牌在中央牌列和/或卡牌在你的弃牌堆.
FLAVOR_MISTAKEOFCREATION10TH,不行，不行，不行。
CARDNAME_SAMAELSTRICKSTER10TH,萨麦尔的诡术师
EFFECT_SAMAELSTRICKSTER10TH,${LABEL_REWARD} 获得${ICON_HONOR2} 和 ${ICON_RUNE1}.
FLAVOR_SAMAELSTRICKSTER10TH,He always knows the price of your soul.
CARDNAME_TWOFOLDASKARA10TH,双重阿斯卡拉
EFFECT_TWOFOLDASKARA10TH,复制本回合打出的一张英雄的效果。
FLAVOR_TWOFOLDASKARA10TH,"Divine incarnations of concepts and emotions,<br>the Askara are impossible creatures."
CARDNAME_CORROSIVEWIDOW10TH,腐蚀寡妇
EFFECT_CORROSIVEWIDOW10TH,${LABEL_REWARD} 获得${ICON_HONOR3}. 每位对手须选择和 摧毁一个神器其控制的.
FLAVOR_CORROSIVEWIDOW10TH,Her poison erodes the mightiest armor.
CARDNAME_MASTERDHARTHA10TH,达萨大师
EFFECT_MASTERDHARTHA10TH,抽三张牌.
FLAVOR_MASTERDHARTHA10TH,There is more than one path to the top of the mountain.
CARDNAME_ARHATEMPLAR10TH,ArhaT<space=-.1em>emplar
EFFECT_ARHATEMPLAR10TH,击败一个怪物该 具有${ICON_POWER4} 或更低无需支付费用.
FLAVOR_ARHATEMPLAR10TH,磨砺心智，剑自随之。
CARDNAME_BURROWERMARKII10TH,钻地机II型
EFFECT_BURROWERMARKII10TH,"每回合一次，当你 打出机械神器 (包括此牌一), 抽一张牌."
FLAVOR_BURROWERMARKII10TH,Can you dig it?
CARDNAME_YGGDRASILSTAFF10TH,世界树法杖
EFFECT_YGGDRASILSTAFF10TH,每回合一次，获得${ICON_POWER1}.<br>每回合一次，你可以花费 ${ICON_RUNE4} 以获得${ICON_HONOR3}.
FLAVOR_YGGDRASILSTAFF10TH,"As it grows, so too does the power of its wielder."
CARDNAME_VOIDTHIRSTER10TH,渴虚者
EFFECT_VOIDTHIRSTER10TH,"每回合一次，获得${ICON_POWER1}.<br>每回合你首次击败中央牌列中的怪物时, 获得${ICON_HONOR1}."
CARDNAME_SPIKEVIXEN10TH,尖刺雌狐
EFFECT_SPIKEVIXEN10TH,获得${ICON_POWER1}. 抽一张牌.
FLAVOR_SPIKEVIXEN10TH,"If there is beauty in death, then the Spike Vixens are a sight to behold."
CARDNAME_SHADEOFTHEBLACKWATCH10TH,暗影黑W<space=-.075em>atch
EFFECT_SHADEOFTHEBLACKWATCH10TH,获得${ICON_POWER2}.<br>你可以放逐一张卡牌在你的手牌或弃牌堆.
FLAVOR_SHADEOFTHEBLACKWATCH10TH,"Lethal fighters, made more deadly by their strange pets."
CARDNAME_MURAMASA10TH,村正
EFFECT_MURAMASA10TH,每回合一次，获得${ICON_POWER3}.
FLAVOR_MURAMASA10TH,The last of her swords and bearing her name.
CARDNAME_EMRIONEWITHTHEVOID10TH,与虚空合一的艾姆瑞
EFFECT_EMRIONEWITHTHEVOID10TH,获得${ICON_POWER4}.
FLAVOR_EMRIONEWITHTHEVOID10TH,无人更快，无人更致命。
CARDNAME_TABLETOFTIMESDAWN10TH,时晓石板
EFFECT_TABLETOFTIMESDAWN10TH,你可以放逐此神器以 拿取额外回合在此之后.
FLAVOR_TABLETOFTIMESDAWN10TH,Time's secrets carved in stone.
CARDNAME_DEMONSLAYER10TH,恶魔杀手
EFFECT_DEMONSLAYER10TH,获得${ICON_POWER3}.
FLAVOR_DEMONSLAYER10TH,"Having accepted death, they have nothing left to fear."
CARDNAME_ASCETICOFTHELIDLESSEYE10TH,无目之眼苦行僧
EFFECT_ASCETICOFTHELIDLESSEYE10TH,抽两张牌.
FLAVOR_ASCETICOFTHELIDLESSEYE10TH,"Devote yourself to the Eye,"" Dhartha said, ""and see all that the universe has to offer."
CARDNAME_MILITIA10TH,民兵
EFFECT_MILITIA10TH,获得${ICON_POWER1}.
CARDNAME_ARBITEROFTHEPRECIPICE10TH,悬崖仲裁者
EFFECT_ARBITEROFTHEPRECIPICE10TH,抽两张牌. 放逐一张卡牌在你的手牌中.
FLAVOR_ARBITEROFTHEPRECIPICE10TH,在锯齿般的城市之外，<br>它们立于深渊边缘。
CARDNAME_THEGRANDDESIGN10TH,宏伟设计
EFFECT_THEGRANDDESIGN10TH,每回合一次，获得${ICON_RUNE2}. 你只能用它来获取机械神器。
FLAVOR_THEGRANDDESIGN10TH,The best way to predict the future is to create it.
CARDNAME_REACTORMONK10TH,反应堆僧侣
EFFECT_REACTORMONK10TH,获得${ICON_RUNE2}.<br>你支付 ${ICON_RUNE1} 更低下次你获取神器本回合.
FLAVOR_REACTORMONK10TH,有时，好奇会变成疯狂。
CARDNAME_HEAVYINFANTRY10TH,重装步兵
EFFECT_HEAVYINFANTRY10TH,获得${ICON_POWER2}.
CARDNAME_KORTHEFERROMANCER10TH,铁术师科尔
EFFECT_KORTHEFERROMANCER10TH,"获得${ICON_POWER2}.<br>若你控制的 2 或更高神器s,<br>抽一张牌."
FLAVOR_KORTHEFERROMANCER10TH,"The mountian, its metals, these ruins,<br>they are all his weapons."
CARDNAME_TEMPLELIBRARIAN10TH,神殿图书管理员
EFFECT_TEMPLELIBRARIAN10TH,弃掉卡牌. 若你如此做，抽两张牌.
FLAVOR_TEMPLELIBRARIAN10TH,"Without knowledge, power is illusory. Without order, knowledge is fragmented. Without me, order is impossible."
CARDNAME_HEDRONLINKDEVICE10TH,多面体连接装置
EFFECT_HEDRONLINKDEVICE10TH,你可以将所有神器s作为机械神器.
FLAVOR_HEDRONLINKDEVICE10TH,"To the Mechana, magic is just another form of energy."
CARDNAME_HEDRONCANNON10TH,多面体加农
EFFECT_HEDRONCANNON10TH,每回合一次，获得${ICON_POWER1} 以每个机械神器你控制的.
FLAVOR_HEDRONCANNON10TH,"Now I am become Death, destroyer of worlds."
CARDNAME_ARHAINITIATE10TH,亚哈新兵
EFFECT_ARHAINITIATE10TH,抽一张牌.
FLAVOR_ARHAINITIATE10TH,A meditation of whirling steel and lethal clarity
CARDNAME_OZIAHTHEPEERLESS10TH,无双的奥齐亚
EFFECT_OZIAHTHEPEERLESS10TH,击败一个怪物该 具有${ICON_POWER6} 或更低无需支付费用.
FLAVOR_OZIAHTHEPEERLESS10TH,Even the immortals fear his mighty blade
CARDNAME_SEEROFTHEFORKEDPATH10TH,歧路预言者
EFFECT_SEEROFTHEFORKEDPATH10TH,抽一张牌. 你可以放逐一张卡牌在中央牌列.
FLAVOR_SEEROFTHEFORKEDPATH10TH,"A choice is offered here, certainty is not."
CARDNAME_LUNARSTAG,月鹿
EFFECT_LUNARSTAG,获得${ICON_RUNE2} 或 ${ICON_HONOR2}.
FLAVOR_LUNARSTAG,"To glimpse a stag is a great blessing -- but do not presume to hunt one. That is for gods alone."" -Kam, Pathwarden"
CARDNAME_ETERNALASKARA,永恒阿斯卡拉
EFFECT_ETERNALASKARA,"放逐一张卡牌在中央牌列. 若你 放逐怪物以此方式, 获得${ICON_HONOR3}."
FLAVOR_ETERNALASKARA,Vigil has fought bravely in the dim light. Only the Askaras know whether it is dawn or dusk .
CARDNAME_DIMENSIONDIVER,维度潜者
EFFECT_DIMENSIONDIVER,获得${ICON_RUNE2}.<br>你可以将所有神器s作为机械神器本回合.
FLAVOR_DIMENSIONDIVER,The greaT seal has fallen. exploration project approVeD.
CARDNAME_GUARDIANOFSADRANIS,守卫萨德拉尼斯
EFFECT_GUARDIANOFSADRANIS,"获得${ICON_POWER1}.<br>下次你击败一个怪物在中央牌列或 虚空区本回合, 获得${ICON_HONOR2}."
CARDNAME_ADAYUTHEOMNIPOTENT,天选者阿达尤
EFFECT_ADAYUTHEOMNIPOTENT,获取或 击败任意卡牌在中央牌列. (你无需支付 ${ICON_RUNE} 或 ${ICON_POWER}).
FLAVOR_ADAYUTHEOMNIPOTENT,"We are dreams, and he the dreamer."" -Master Dhartha"
CARDNAME_DEATHSEEKER,寻死者
EFFECT_DEATHSEEKER,"获得${ICON_POWER2}.<br>若此 为被放逐从你的手牌或 弃牌堆, 获得${ICON_HONOR3}."
FLAVOR_DEATHSEEKER,I think Kythis takes me today.
CARDNAME_RECLAMAX,回收机
EFFECT_RECLAMAX,你可以弃掉回收机从战场以 获取机械神器在 虚空区视为在 中央牌列.
FATE_RECLAMAX,"${LABEL_FATE} 当此牌进入中央牌列时, 每位玩家可以选择神器在 其弃牌堆和 将它放置在其手牌中."
CARDNAME_STONECIRCLE,石环
EFFECT_STONECIRCLE,"每回合一次，当你 获取一个英雄, 你可以将它放置放到你的牌库顶."
FATE_STONECIRCLE,"${LABEL_FATE} 当此牌进入中央牌列时, 每位玩家可以获取秘教士. 将它放置在 顶部的 其牌库."
CARDNAME_SOCKETALTAR,嵌口祭坛
EFFECT_SOCKETALTAR,"每回合一次，当你 放置机械神器进入战场 (包括此牌一), 获得${ICON_RUNE2}."
FLAVOR_SOCKETALTAR,forge the proper shape and complete the divine challenge
CARDNAME_SORDIDASP,污秽蝮蛇
EFFECT_SORDIDASP,"${LABEL_REWARD} 获得${ICON_HONOR1}, 然后偷取 ${ICON_HONOR2} 从对手以 最多的 ${ICON_HONOR} 若其拥有超过你."
CARDNAME_ARBITEROFFATE,仲裁者天命
EFFECT_ARBITEROFFATE,抽一张牌.<br>你可以放逐一张卡牌在你的手牌或弃牌堆.
FATE_ARBITEROFFATE,"${LABEL_FATE} 当此牌进入中央牌列时, 每位玩家可以放逐一张卡牌从其手牌或 弃牌堆."
CARDNAME_SAMAELTHEFALLEN,堕落之神萨麦尔
EFFECT_SAMAELTHEFALLEN,不可放逐。
CARDNAME_HECTICSCRIBE,忙乱书记
EFFECT_HECTICSCRIBE,"抽两张牌, 然后弃掉两 卡牌."
FLAVOR_HECTICSCRIBE,They are nimble with the quill -- fast enough to keep pace with history as it unfolds.
CARDNAME_NAIRIHENGEQUEEN,环石女王奈莉
EFFECT_NAIRIHENGEQUEEN,获得${ICON_HONOR5}.
FLAVOR_NAIRIHENGEQUEEN,"If while walking you should find a lock of hair, tie one end around a finger and follow it deeper into the wood. It will lead you either to the queen, or to your doom -- whichever you deserve."
CARDNAME_BATTERYMONK,电池僧侣
EFFECT_BATTERYMONK,你可以支付 ${ICON_RUNE1} 更低下次你获取神器本回合.<br>抽一张牌.
FLAVOR_BATTERYMONK,第六层——澄明。<br>第七层——顿悟。<br>第八层——殉道。
CARDNAME_FIRETYRANT,火焰T<space=-.1em>yrant
EFFECT_FIRETYRANT,${LABEL_REWARD} 获得${ICON_HONOR6}. 每位对手须弃掉卡牌.
CARDNAME_DOOMWEEPER,末日W<space=-.05em>eeper
EFFECT_DOOMWEEPER,${LABEL_REWARD} 获得${ICON_HONOR2}. 获得${ICON_RUNE2}.
CARDNAME_BAZUDUKEOFSCORN,轻蔑公爵巴祖
EFFECT_BAZUDUKEOFSCORN,${LABEL_REWARD} 获得${ICON_HONOR4}. 每位对手要么弃掉卡牌以 每个神器其控制的要么放置所有神器s置入其弃牌堆.
CARDNAME_BLACKWATCHELITE,黑W<space=-.1em>atch精锐
EFFECT_BLACKWATCHELITE,获得${ICON_POWER3}.<br>你可以放逐一张卡牌在你的手牌或弃牌堆.
FLAVOR_BLACKWATCHELITE,"Elites are fated to be alone, for they destroy all that they see."
CARDNAME_ASKARAOFFATE,命运阿斯卡拉
EFFECT_ASKARAOFFATE,抽两张牌. 每位其他玩家可以抽一张牌. 然后你可以放逐一张卡牌在中央牌列.
FATE_ASKARAOFFATE,"${LABEL_FATE} 当此牌进入中央牌列时, 每位玩家可以抽一张牌."
CARDNAME_PROJECTALPHA,阿尔法计划
EFFECT_PROJECTALPHA,每回合一次，你可以获取一个英雄或 神器以 ${ICON_RUNE} 费用低于或 相等以 数量为机械神器你控制的.
FLAVOR_PROJECTALPHA,启动转化。
CARDNAME_SADRANISDARKEMISSARY,黑暗使者萨德拉尼斯
EFFECT_SADRANISDARKEMISSARY,获得${ICON_POWER3}.<br>你可以击败一个怪物在 虚空区视为在中央牌列. 若你如此做，将它放置置于其底： 传送门牌库.
CARDNAME_VAULTBREAKERWURM,破库巨虫
EFFECT_VAULTBREAKERWURM,${LABEL_REWARD} 获得${ICON_HONOR4}. 每位对手须放置其 最高费用神器置入其弃牌堆. (他们选择在 情况的 平局).
CARDNAME_BLACKHOLE,黑洞
EFFECT_BLACKHOLE,每回合一次，你可以放逐一张卡牌在你的手牌中. 若你如此做，获得${ICON_POWER1}.
FLAVOR_BLACKHOLE,"This world is old. It has worn very thin in places."" - Sadranis, Dark Emissary"
CARDNAME_RAVENOUSGORPH,贪婪戈尔夫
EFFECT_RAVENOUSGORPH,${LABEL_REWARD} 获得${ICON_HONOR3}. 你可以放逐一张卡牌该 曾是相邻以 此.
FATE_RAVENOUSGORPH,"${LABEL_FATE} 当此牌进入中央牌列时, 放逐所有卡牌相邻以 它."
CARDNAME_SERPENTCALL,唤蛇
EFFECT_SERPENTCALL,每回合一次，获得${ICON_RUNE2}.<br>每回合一次，你可以获取一个英雄在 虚空区视为在中央牌列.
FLAVOR_SERPENTCALL,"Mother, beckon me home."" - Ogo death rite"
CARDNAME_DANDELIONWITCH,蒲公英女巫
EFFECT_DANDELIONWITCH,抽一张牌.<br>获得${ICON_HONOR1} 以每个命约英雄你 打出或 拥有打出过本回合 (包括此牌一).
CARDNAME_ARHASENSEI,亚哈导师
EFFECT_ARHASENSEI,放逐一张卡牌在你的手牌中. 若你如此做，获取秘教士或 重装步兵. 加入它以 你的手牌.
FLAVOR_ARHASENSEI,No Templar should die on behalf of ruffians and cowards. We will make you worthy.
CARDNAME_DHARTHASRETREAT,达萨的隐修处
EFFECT_DHARTHASRETREAT,"若你如此做，不获取或 击败卡牌在期间你的回合, 你可以抽两 额外的卡牌在 结束时你的回合."
CARDNAME_COMBUSTIONIDOL,燃烧偶像
EFFECT_COMBUSTIONIDOL,每回合一次，你可以抽一张牌若 你控制的三 或更高机械神器.
FLAVOR_COMBUSTIONIDOL,Warning:<br>non-organic offerings only.
CARDNAME_GREATOMENRAVEN,大兆乌鸦
EFFECT_GREATOMENRAVEN,"命名卡牌. 展示你牌库顶的卡牌和 将它放置置入你的手牌. 若它 为被命名为卡牌, 获得${ICON_HONOR3}."
FLAVOR_GREATOMENRAVEN,被忽视的渡鸦，会招来千只乌鸦。
CARDNAME_NOXIOUSSOUL,毒害灵魂
EFFECT_NOXIOUSSOUL,${LABEL_REWARD} 获得${ICON_HONOR4}. 每位对手须弃掉卡牌随机从其手牌.
CARDNAME_RAJPSIONICMASTER,灵能大师拉吉
EFFECT_RAJPSIONICMASTER,放逐一个英雄在你的手牌中. 若你如此做，获取一个英雄以 ${ICON_HONOR} 至多两 超过该 的被放逐卡牌和 将它放置置入你的手牌. <i>(卡牌以 没有荣誉值 为视为以 是价值为 ${ICON_HONOR0}.)</i>
CARDNAME_ARHARISING,亚哈崛起
EFFECT_ARHARISING,"每回合一次，当玩家弃掉任意数量的 卡牌, 他们可以返回一 的它们以 其手牌.<br>${LABEL_EVENT_TROPHY} 抽一张牌."
CARDNAME_SHADOWCASTER,影咏者
EFFECT_SHADOWCASTER,"抽一张牌. 你可以放逐一张卡牌从你的手牌. 若你如此做，抽额外的卡牌. 若当前事件为 虚空, 你可以也放逐一张卡牌在你的弃牌堆."
CARDNAME_OGORISING,奥戈崛起
EFFECT_OGORISING,首先英雄打出过本回合为 也命约英雄.<br>${LABEL_EVENT_TROPHY} 获得${ICON_RUNE1}.
CARDNAME_DREAMERSGLASS,梦者琉璃
EFFECT_DREAMERSGLASS,每回合一次，你可以放置卡牌在你的手牌中其下此 面朝上. 若你如此做，抽一张牌.
<br>当梦者琉璃离开打出或 游戏结束,放置所有卡牌其下它 置入你的弃牌堆.
CARDNAME_GREASEMONK,油污僧侣
EFFECT_GREASEMONK,获得${ICON_RUNE1}.<br>你可以支付 ${ICON_RUNE1} 更低下次你获取神器本回合.
FLAVOR_GREASEMONK,Dozens LOST each Week WHILEensURING a FRICTIONless WORLD
CARDNAME_TARIKTHETRICKSTER,Tarik·T<space=-.1em>rickster
EFFECT_TARIKTHETRICKSTER,${LABEL_REWARD} 获得${ICON_HONOR5}. 你可以选择英雄在中央牌列和 复制其效果.
CARDNAME_MINOTAUR,牛头人
EFFECT_MINOTAUR,${LABEL_REWARD} 获得${ICON_HONOR3}.
TROPHY_MINOTAUR,${LABEL_TROPHY} 你可以放逐此牌以 抽一张牌.
CARDNAME_SCRAPFLINGER,废料投掷者
EFFECT_SCRAPFLINGER,获得${ICON_POWER2}.<br>你可以摧毁一个神器你控制的. 若你如此做，获得额外的 ${ICON_POWER2}.
CARDNAME_COGMAW,齿轮巨口
EFFECT_COGMAW,"每回合一次，你可以摧毁机械神器你控制的以 获得${ICON_RUNE1}. 若当前事件为 机械, 获得额外的 ${ICON_RUNE1}."
FLAVOR_COGMAW,必须维持多面体核心温度
CARDNAME_HEAVYINFANTRYSOS,重装步兵
EFFECT_HEAVYINFANTRYSOS,获得${ICON_POWER2}.
CARDNAME_BRAZERDRONE,铜匠无人机
EFFECT_BRAZERDRONE,获得${ICON_RUNE1}.<br>你可以返回神器从 你的弃牌堆以 你的手牌.
FLAVOR_BRAZERDRONE,Vigil damaged by passage of fallen one. repairs approved.
CARDNAME_PRODIGAL,浪子
EFFECT_PRODIGAL,击败一个怪物以 ${ICON_POWER3} 或更低.<br><i>(你无需支付 ${ICON_POWER}.)</i>
FLAVOR_PRODIGAL,"An initiate of the Templar Order, he is given a practice blade no less unwieldy than his youthful mind."
CARDNAME_POLARISDEMON,北极星恶魔
EFFECT_POLARISDEMON,${LABEL_REWARD} 获得${ICON_HONOR5}. 选择一项： 摧毁所有偶数费用神器s对手控制或 摧毁所有奇数费用神器s对手控制.
CARDNAME_FANATICSOS,狂信者
EFFECT_FANATICSOS,${LABEL_REWARD} 获得${ICON_HONOR1}.
TROPHY_FANATICSOS,${LABEL_TROPHY} 你可以放逐此牌以 获得当前事件战利品效果.
CARDNAME_EYEOFDESTINY,命运之眼
EFFECT_EYEOFDESTINY,"每回合一次，当你 获取一个英雄, 你可以将它放置置入你的手牌."
FLAVOR_EYEOFDESTINY,"At the foot of Parhama, the remnant of a great statue lies. From its unblinking eye, a call to action is each day read aloud."
CARDNAME_PENUMBRALEDGE,半影刃锋
EFFECT_PENUMBRALEDGE,每回合一次，获得${ICON_POWER2}. 获得额外的 ${ICON_POWER2} 若你控制的暗影刃锋.
FLAVOR_PENUMBRALEDGE,"Kythis has fled, and the souls of the damned howl against Deofol's untended gate."" -- Sadranis"
CARDNAME_EVERBLOOM,永绽
EFFECT_EVERBLOOM,每回合一次，获得${ICON_HONOR1}.
FLAVOR_EVERBLOOM,"The first Everbloom seedlings were gifted to heroes of the Second War, who planted them near the capital to encourage the healing of the land."
CARDNAME_FETTEREDSOUL,枷锁灵魂
EFFECT_FETTEREDSOUL,${LABEL_REWARD} 获得${ICON_HONOR2}. 你可以放逐一张卡牌在中央牌列.
CARDNAME_HOARDINGTYRANT,囤积暴君
EFFECT_HOARDINGTYRANT,${LABEL_REWARD} 获得${ICON_HONOR4}.
TROPHY_HOARDINGTYRANT,${LABEL_TROPHY} 你可以放逐此牌以 获得${ICON_RUNE2}.
CARDNAME_MILITIASOS,民兵
EFFECT_MILITIASOS,获得${ICON_POWER1}.
CARDNAME_HONEYSIREN,蜜海妖
EFFECT_HONEYSIREN,"获得${ICON_RUNE2}. 下次你获取一个英雄本回合, 你可以将它放置放到你的牌库顶."
FATE_HONEYSIREN,"${LABEL_FATE} 当蜜 海妖进入中央牌列, 每位玩家可以放置英雄从 其弃牌堆在 顶部的 其牌库."
CARDNAME_SNAKESHAMAN,蛇萨满
EFFECT_SNAKESHAMAN,"获得${ICON_RUNE1}. 若当前事件为 生命, 获得额外的 ${ICON_RUNE1}.<br>一次本回合, 你可以花费至多 ${ICON_RUNE4} 以获得该等量的 ${ICON_HONOR}."
CARDNAME_SYRILRUNICALPHA,符文首领西里尔
EFFECT_SYRILRUNICALPHA,获得${ICON_RUNE3}.<br>${LABEL_UNITE} 获得${ICON_POWER3}. <i>(获得此效果一次若 你打出或 拥有打出过另一命约英雄本回合.)</i>
CARDNAME_EMRISOULSLAYER,斩魂者艾姆瑞
EFFECT_EMRISOULSLAYER,获得${ICON_POWER4}. 你可以放逐至多两 卡牌从你的手牌或 弃牌堆. 获得额外的 ${ICON_POWER1} 以每个卡牌被放逐从你的手牌以此方式.
FATE_EMRISOULSLAYER,${LABEL_FATE} 每位玩家可以放逐至多两 卡牌从其手牌和/或弃牌堆.
CARDNAME_UNCHAINEDFATES,挣脱的命运
EFFECT_UNCHAINEDFATES,${LABEL_REWARD} 获得${ICON_HONOR5}.
TROPHY_UNCHAINEDFATES,${LABEL_TROPHY} 你可以放逐此牌以 抽两张牌.
CARDNAME_RISEOFTHECULT,邪教崛起
EFFECT_RISEOFTHECULT,邪教徒和 狂信者拥有+1战力和 其奖励拥有+1荣誉.<br>${LABEL_EVENT_TROPHY} 获得${ICON_HONOR1}.
CARDNAME_HOARDINGWHELP,囤积幼龙
EFFECT_HOARDINGWHELP,${LABEL_REWARD} 获得${ICON_HONOR2}.
TROPHY_HOARDINGWHELP,${LABEL_TROPHY} 你可以放逐此牌以 获得${ICON_POWER1}.
CARDNAME_PERSONALWORMHOLE,私人W<space=-.05em>ormhole
EFFECT_PERSONALWORMHOLE,"每回合一次，当你 打出机械神器 (包括此牌一), 你可以放逐一张卡牌在你的手牌或弃牌堆."
FLAVOR_PERSONALWORMHOLE,caution: do not insert head
CARDNAME_NOOKHOUND,角落猎犬
EFFECT_NOOKHOUND,查看你牌库顶的卡牌. 你可以将它放置置入你的弃牌堆. 抽一张牌.
FATE_NOOKHOUND,"${LABEL_FATE} 当此牌进入中央牌列时, 每位玩家可以查看牌库顶卡牌的 其牌库. 他们可以将它放置置入其弃牌堆."
CARDNAME_ABOLISHER,废除者
EFFECT_ABOLISHER,获得${ICON_RUNE1}.<br>你可以放逐一张卡牌在你的手牌中. 若你如此做，获得额外的 ${ICON_RUNE1}.
FLAVOR_ABOLISHER,The souls were too many for the Arbiter castes to erase.
CARDNAME_VANDALSOUL,破坏灵魂
EFFECT_VANDALSOUL,${LABEL_REWARD} 获得${ICON_HONOR3}. 每位对手摧毁最低费用神器其控制的.
CARDNAME_AIYANASMESSENGER,艾雅娜的信使
EFFECT_AIYANASMESSENGER,获得${ICON_RUNE1}.<br>你可以支付 ${ICON_RUNE1} 更低下次你获取英雄本回合.
FLAVOR_AIYANASMESSENGER,"On cloudy nights in Ogo, the stars have couriers."
CARDNAME_SOULASSASSIN,灵魂刺客
EFFECT_SOULASSASSIN,"获得${ICON_POWER2}.<br>下次你击败一个怪物在中央牌列本回合, 获得${ICON_RUNE2}."
FLAVOR_SOULASSASSIN,"As the Storm grew, one faction found itself uniquely suited to the task at hand."
CARDNAME_CANOPICJAR,卡诺皮克罐
EFFECT_CANOPICJAR,"每回合一次，获得${ICON_POWER1}.<br>每回合一次，当你 击败一个怪物在中央牌列, 获得${ICON_RUNE1}."
FLAVOR_CANOPICJAR,"As haunted a relic as I've encountered, but now, no more haunted than we."" -- Alastor Nellin"
CARDNAME_HEDRONRISING,多面体崛起
EFFECT_HEDRONRISING,"万民神器s为也 机械神器.<br>${LABEL_EVENT_TROPHY} 当神器你控制的会 是摧毁ed, 你可以防止它 从被 摧毁ed."
CARDNAME_STARCHILD,星之子
EFFECT_STARCHILD,获得${ICON_RUNE1} 和 ${ICON_HONOR1}.<br>抽一张牌.
FLAVOR_STARCHILD,"For every being, a star its own, a graceful watcher perched upon it, her voice familiar, her touch the same that cradled them in youth."
CARDNAME_TOWERASKARA,高塔阿斯卡拉
EFFECT_TOWERASKARA,"抽三张牌, 然后弃掉两 卡牌或 一圣贤卡牌."
FLAVOR_TOWERASKARA,"Their fingers sift though every idea that was, is, or ever will be."
CARDNAME_UMBRALEDGE,暗影刃锋
EFFECT_UMBRALEDGE,每回合一次，获得${ICON_POWER2}. 获得额外的 ${ICON_POWER2} 若你控制的半影刃锋.
FLAVOR_UMBRALEDGE,"He cannot hide from me, who has seen what lies beyond the last horizon."" -- Emri"
CARDNAME_AUTOBUILDER50,自动建造机5.0
EFFECT_AUTOBUILDER50,你可以摧毁此 以支付 ${ICON_RUNE2} 更低下次你获取机械神器本回合.
FLAVOR_AUTOBUILDER50,patch notes:<br>- fixed bug causing builder to harvest organics for material
CARDNAME_VOIDRISING,虚空崛起
EFFECT_VOIDRISING,"每回合一次，当玩家击败怪物在 中央牌列, 该玩家获得 ${ICON_HONOR1}.<br>${LABEL_EVENT_TROPHY} 放逐一张卡牌在你的手牌或弃牌堆."
CARDNAME_TREASURESOFTHESTUDY,宝藏书房
EFFECT_TREASURESOFTHESTUDY,每回合一次，你可以弃掉两 卡牌. 若你如此做，获得${ICON_HONOR3}.
FLAVOR_TREASURESOFTHESTUDY,"Seek not outside you, Logos is within.""<br>-- Treasure case inscription"
CARDNAME_ELDERSKEPTIC,长老怀疑者
EFFECT_ELDERSKEPTIC,"抽两张牌, 然后弃掉卡牌."
FLAVOR_ELDERSKEPTIC,"Ezem read briefly, and then ruefully dropped the scroll.""It astounds me,"" he muttered, ""what passes for an idea in this land."
CARDNAME_SYNCHRONIZER,同步者
EFFECT_SYNCHRONIZER,"每回合一次，当你 打出机械神器 (包括此牌一), 获得${ICON_RUNE1}."
FLAVOR_SYNCHRONIZER,Prevents overload. increasesefficientcy. Not compatible with off-realm devices.
CARDNAME_MYSTICSOS,秘教士
EFFECT_MYSTICSOS,获得${ICON_RUNE2}.
CARDNAME_PRIME,P.R.I.M.E.
EFFECT_PRIME,"获取一个神器或 获得${ICON_RUNE3}.<br>当你 打出机械神器, 你可以将此牌返回从 你的弃牌堆以 你的手牌. <i>(卡牌打出过本回合不 进入以 你的弃牌堆直到结束时回合.)</i>"
CARDNAME_VOIDMILITIA,虚空民兵
EFFECT_VOIDMILITIA,获得${ICON_POWER1}.<br>你可以支付 ${ICON_POWER1} 更低下次你击败一个怪物在中央牌列本回合.
FLAVOR_VOIDMILITIA,「爱现……」
CARDNAME_APPRENTICESOS,学徒
EFFECT_APPRENTICESOS,获得${ICON_RUNE1}.
CARDNAME_AVATAROFAIYANA,化身·艾雅娜
EFFECT_AVATAROFAIYANA,"获得${ICON_RUNE2}.<br>此回合, 你可以获取英雄在中央牌列被 支付 ${ICON_RUNE} 相等以 其 ${ICON_HONOR} 而非支付其 ${ICON_RUNE} 费用."
CARDNAME_GRANGER,农夫
EFFECT_GRANGER,获得${ICON_RUNE1} 和 ${ICON_HONOR1}.<br>${LABEL_UNITE} 获得${ICON_RUNE1} 和 ${ICON_HONOR1}. <i>(获得此效果一次若 你打出或 拥有打出过另一命约英雄本回合.)</i>
CARDNAME_DREAMMACHINE,梦机器
EFFECT_DREAMMACHINE,每回合一次，你可以返回另一机械神器你控制的以 你的手牌.
FATE_DREAMMACHINE,"${LABEL_FATE} 当此牌进入中央牌列时, 每位玩家可以返回神器其控制的以 其手牌."
CARDNAME_NEMESIS,宿敌
EFFECT_NEMESIS,${LABEL_REWARD} 获得${ICON_HONOR6}.<br>选择至多三 战利品怪物从虚空区和 放置它们进入战场置于你的控制下.
FATE_NEMESIS,"${LABEL_FATE} 当此牌进入中央牌列时, 放逐当前事件."
CARDNAME_WEAPON303V,武器303-V
EFFECT_WEAPON303V,"每回合一次，当你 打出机械神器 (包括此牌一), 你获得${ICON_POWER3}."
FLAVOR_WEAPON303V,编制 23 人<br>10 名驾驶员，12 名操作员，1 名持证炮管技师
CARDNAME_CULTISTSOS,邪教徒
EFFECT_CULTISTSOS,${LABEL_REWARD} 获得${ICON_HONOR1}.
FLAVOR_CULTISTSOS,The Gatekeeper is no more! The souls of the damned shall transform this cursed land into a new netherworld!
CARDNAME_NIHILMANCER,虚无法师
EFFECT_NIHILMANCER,获得${ICON_POWER2}.<br>你可以放逐一张卡牌在你的手牌中. 若你如此做，获得额外的 ${ICON_POWER1}.
FLAVOR_NIHILMANCER,"Sadranis formed his own clan of demon slayers, a sorcerous parallel to the Black Watch."
CARDNAME_LIONHEART,狮心
EFFECT_LIONHEART,获得${ICON_HONOR3}.<br>${LABEL_UNITE} 抽一张牌. <i>(获得此效果一次若 你打出或 拥有打出过另一命约英雄本回合.)</i>
CARDNAME_ELEMENTALADEPT,元素能手
EFFECT_ELEMENTALADEPT,"抽一张牌. 若当前事件为 圣贤, 抽额外的卡牌.<br>你可以放逐一张卡牌在中央牌列."
CARDNAME_BELTHARSOULCOLLECTOR,贝尔萨·集魂者
EFFECT_BELTHARSOULCOLLECTOR,"获得${ICON_POWER3}.<br>下次你击败一个怪物在中央牌列本回合, 获得${ICON_RUNE3}."
FLAVOR_BELTHARSOULCOLLECTOR,He collects souls like a ferromancer collects burns.
CARDNAME_SABRETHEMOONLIT,军刀·月下
EFFECT_SABRETHEMOONLIT,获得${ICON_RUNE1}. 获得${ICON_POWER1}. 获得${ICON_HONOR1}. 抽一张牌.<br>${LABEL_UNITE} 获得${ICON_RUNE1}. 获得${ICON_POWER1}. 获得${ICON_HONOR1}. 抽一张牌.
FLAVOR_SABRETHEMOONLIT,Sometimes it's best to let sleeping bears lie.
CARDNAME_CACKLINGJACKAL,狂笑豺狼
EFFECT_CACKLINGJACKAL,${LABEL_REWARD} 获得${ICON_HONOR2}.
TROPHY_CACKLINGJACKAL,${LABEL_TROPHY} 放逐此 以获得${ICON_RUNE1}.
CARDNAME_ORBOFNYX,宝珠尼克斯
EFFECT_ORBOFNYX,"每回合一次，获得${ICON_POWER3}.<br>当你 击败一个怪物在中央牌列, 获得灵魂宝石."
FLAVOR_ORBOFNYX,Look into the Orb and you might just find your soul staring back.
CARDNAME_ELANSOULMARSHAL,埃兰·灵魂元帅
EFFECT_ELANSOULMARSHAL,获得灵魂宝石.<br>抽一张牌.
FLAVOR_ELANSOULMARSHAL,"In his scrying pool, the secrets of wars past, present, and future are all laid bare."
CARDNAME_RECYCLICRAB,循环蟹
EFFECT_RECYCLICRAB,"当你 打出机械神器, 若此 为在你的弃牌堆你可以返回它 以你的手牌."
FLAVOR_RECYCLICRAB,Waste not. Want all.
CARDNAME_DRILLERMARKIV,钻机型号IV
EFFECT_DRILLERMARKIV,"每回合一次，当你 打出机械神器 (包括此牌一), 获得灵魂宝石."
FLAVOR_DRILLERMARKIV,Depth: Unknown. Sensors indicate unknown energy source ahead.
CARDNAME_DEATHSWORNWARRIOR,誓死战士
EFFECT_DEATHSWORNWARRIOR,"获得${ICON_POWER1}.<br>你可以放逐一张卡牌在你的手牌或弃牌堆. 然后, 你可以放逐此牌以 放逐第二卡牌在你的手牌或弃牌堆."
FATE_DEATHSWORNWARRIOR,${LABEL_FATE} 每位玩家可以放逐一张卡牌从其手牌或 弃牌堆.
CARDNAME_STONECIRCLEELDER,石环长老
EFFECT_STONECIRCLEELDER,"获取一个英雄费用为${ICON_RUNE5} 或更低无需支付费用. 将它放置放到你的牌库顶. 若当前事件为 生命, 抽一张牌."
FLAVOR_STONECIRCLEELDER,Nature's cycle and starry sky hold no secrets for an ancient druid's eye.
CARDNAME_ASTROBLADETRX,星盘TRX
EFFECT_ASTROBLADETRX,"每回合一次，当你 打出机械神器 (包括此牌一), 获得${ICON_HONOR1}."
FLAVOR_ASTROBLADETRX,A device meant for great discoveries.
CARDNAME_WANDERINGASKARA,流浪阿斯卡拉
EFFECT_WANDERINGASKARA,"抽一张牌, 然后你可以放逐一张卡牌在中央牌列.<br>若你打出过另一流浪阿斯卡拉本回合, 你可以放逐两者卡牌以 拿取另一回合在此之后."
CARDNAME_KYTHISREBELGODLINGV2,凯西斯·反叛神子
EFFECT_KYTHISREBELGODLINGV2,${LABEL_REWARD} 获得${ICON_HONOR8}.
TROPHY_KYTHISREBELGODLINGV2,${LABEL_TROPHY_ONGOING} 每回合一次，获得灵魂宝石.
CARDNAME_SPARKSPRAYER,火花喷射器
EFFECT_SPARKSPRAYER,"每回合一次，你可以摧毁机械神器你控制的以 获得${ICON_POWER1}. 若当前事件为 机械, 获得额外的 ${ICON_POWER1}."
FLAVOR_SPARKSPRAYER,损失可接受。继续作业。
CARDNAME_KYTHISREBELGODLING,凯西斯·反叛神子
EFFECT_KYTHISREBELGODLING,${LABEL_REWARD} 获得${ICON_HONOR8}.
TROPHY_KYTHISREBELGODLING,${LABEL_TROPHY_ONGOING} 每回合一次，获得灵魂宝石.
CARDNAME_ENERGYMONK,能量僧侣
EFFECT_ENERGYMONK,获得${ICON_POWER2}.<br>你可以返回神器你控制的以 你的手牌.
FLAVOR_ENERGYMONK,One man's trash is another monk's treasure.
CARDNAME_NOTHINGMAN,虚无之人
EFFECT_NOTHINGMAN,${LABEL_REWARD} 获得${ICON_HONOR3}.
TROPHY_NOTHINGMAN,${LABEL_TROPHY} 放逐此 以获得灵魂宝石.
CARDNAME_ASKARAOFSOULS,灵魂阿斯卡拉
EFFECT_ASKARAOFSOULS,获得灵魂宝石.
FLAVOR_ASKARAOFSOULS,Doors open to those who learn to see them.
CARDNAME_MOMENTOFCLARITY,片刻澄明
EFFECT_MOMENTOFCLARITY,"当玩家获取圣贤卡牌, 该玩家可以抽一张牌.<br>${LABEL_EVENT_TROPHY} 放逐一张卡牌在你的手牌中. 若你如此做，获取秘教士无需支付费用. 将它放置置入你的手牌."
CARDNAME_TROPHYHUNTER,战利品猎手
EFFECT_TROPHYHUNTER,获得${ICON_POWER2}.<br>你支付 ${ICON_POWER1} 更低下次你击败战利品怪物本回合.
FLAVOR_TROPHYHUNTER,"He doesn't always hunt monsters, but when he does, he hangs them on the wall."
CARDNAME_ARHAMEDIUM,亚哈灵媒
EFFECT_ARHAMEDIUM,你可以放逐此牌以 获取秘教士或 重装步兵无需支付费用. 将它放置置入你的手牌.
FLAVOR_ARHAMEDIUM,"There is no self, only purpose."" -- Master Dhartha"
CARDNAME_AKAMTHEGENIE,阿卡姆·灯神
EFFECT_AKAMTHEGENIE,${LABEL_REWARD} 获得${ICON_HONOR3}.
TROPHY_AKAMTHEGENIE,"${LABEL_TROPHY_ONGOING} 放置三 愿望指示物在 阿卡姆.<br>每回合一次，你可以移除愿望指示物以 获得${ICON_RUNE2} 或 ${ICON_POWER2}. 当阿卡姆具有没有愿望指示物, 放逐它."
CARDNAME_THEWORLDTREE,W<space=-.05em>orld树
EFFECT_THEWORLDTREE,"每回合一次，你可以支付至多 ${ICON_RUNE5} 以获得该等量的 ${ICON_HONOR}.<br>当你 打出命约英雄, 获得${ICON_RUNE1}."
FLAVOR_THEWORLDTREE,"Each branch, a separate path. Every seed, a new beginning."
CARDNAME_TEMPLEGUARDIAN,神殿守卫
EFFECT_TEMPLEGUARDIAN,"击败一个怪物以 ${ICON_POWER5} 或更低无需支付费用. 若当前事件为 圣贤, 抽一张牌."
FLAVOR_TEMPLEGUARDIAN,The Templar never use their swords. It is their keen intellect that makes the deeper cut.
CARDNAME_ANNIHILATION,歼灭
EFFECT_ANNIHILATION,"当玩家获取虚空卡牌, 该玩家可以放逐一张卡牌在其手牌中或 弃牌堆.<br>${LABEL_EVENT_TROPHY} 获得${ICON_POWER1}."
CARDNAME_ACIDICCRAWLER,酸性爬行者
EFFECT_ACIDICCRAWLER,"${LABEL_REWARD} 获得${ICON_HONOR5}. 若对手控制最多的神器s, 摧毁所有神器s该玩家控制. <i>(若多名对手为 平手以 最多的神器s, 他们所有摧毁它们. 若你控制的最多的, 不hing.)</i>"
CARDNAME_AARONTHEGODSLAYER,亚伦·弑神者
EFFECT_AARONTHEGODSLAYER,击败一个怪物无需支付费用.
FLAVOR_AARONTHEGODSLAYER,No fiend may stand against he who slew The Fallen One.
CARDNAME_SOULSHAPER,塑魂者
EFFECT_SOULSHAPER,"你可以放逐此牌或 另一卡牌在你的手牌中. 若你如此做，获得灵魂宝石. 若当前事件为 虚空, 你可以放逐一张卡牌在你的弃牌堆以 获得灵魂宝石改为."
FLAVOR_SOULSHAPER,The price is simple - one spirit for another.
CARDNAME_SOULSUNBOUND,灵魂解缚
EFFECT_SOULSUNBOUND,中央牌列中的怪物不可被放逐。<br>${LABEL_EVENT_TROPHY} 弃一张牌。若你如此做，获得一枚灵魂宝石。
CARDNAME_VOIDAVENGER,虚空复仇者
EFFECT_VOIDAVENGER,"获得${ICON_POWER3}.<br>下次你击败一个怪物在中央牌列本回合, 获得灵魂宝石."
FLAVOR_VOIDAVENGER,Every kill brings him closer to redeeming his fallen brethren.
CARDNAME_GROWMITES,增生螨
EFFECT_GROWMITES,${LABEL_REWARD} 获得${ICON_HONOR2}.
TROPHY_GROWMITES,"${LABEL_TROPHY_ONGOING} 当你 击败另一增生螨, 获得${ICON_HONOR2}."
CARDNAME_HEDRONPYROMANIAC,多面体纵火狂
EFFECT_HEDRONPYROMANIAC,获得${ICON_RUNE2}.<br>你可以摧毁一个神器你控制的以 获得灵魂宝石.
FLAVOR_HEDRONPYROMANIAC,"Like his creations, the life of a Hedron Pyromaniac often ends with a bang."
CARDNAME_BEASTSTAFF,野兽法杖
EFFECT_BEASTSTAFF,每回合一次，获得${ICON_POWER1}.<br>每回合一次，你可以支付 ${ICON_RUNE1} 以展示你牌库顶的卡牌. 获得${ICON_HONOR} 相等以 其 ${ICON_HONOR} 值.
FLAVOR_BEASTSTAFF,Only the greatest heroes can fully harness its power.
CARDNAME_COSMICPROTOCOL,宇宙协议
EFFECT_COSMICPROTOCOL,"当玩家获取机械神器, 该玩家可以将其直接进入战场.<br>${LABEL_EVENT_TROPHY} 你支付 ${ICON_RUNE2} 更低以 获取你的下一机械神器本回合."
CARDNAME_REPURPOSER,再造者
EFFECT_REPURPOSER,"每回合一次，当你 打出机械神器 (包括此牌一), 你可以返回神器从 你的弃牌堆以 你的手牌."
FLAVOR_REPURPOSER,维修完毕。机组可投入运作。
CARDNAME_SPIDERWITCH,蜘蛛女巫
EFFECT_SPIDERWITCH,获得${ICON_HONOR2}.<br>${LABEL_UNITE} 获得灵魂宝石. <i>(获得此效果一次若 你打出或 拥有打出过另一命约英雄本回合.)</i>
CARDNAME_WOLFACOLYTE,狼侍僧
EFFECT_WOLFACOLYTE,获得${ICON_RUNE1}.<br>${LABEL_UNITE} 抽一张牌. <i>(获得此效果一次若 你打出或 拥有打出过另一命约英雄本回合.)</i>
CARDNAME_THEGREATECLIPSE,大日食
EFFECT_THEGREATECLIPSE,"当玩家获取命约英雄, 该玩家可以将它放置在 顶部的 其牌库.<br>${LABEL_EVENT_TROPHY} 命名英雄. 该英雄为 也生命本回合."
CARDNAME_SOULGEMARHATEMPLAR,ArhaT<space=-.1em>emplar
EFFECT_SOULGEMARHATEMPLAR,击败一个怪物该 具有${ICON_POWER4} 或更低无需支付费用.
CARDNAME_SOULGEMVOIDINITIATE,虚空新兵
EFFECT_SOULGEMVOIDINITIATE,获得${ICON_RUNE1}.<br>你可以放逐一张卡牌在你的手牌或弃牌堆.
CARDNAME_SOULGEMDEMONSLAYER,恶魔杀手
EFFECT_SOULGEMDEMONSLAYER,获得${ICON_POWER3}.
CARDNAME_SOULGEMLIFEBOUNDINITIATE,生命新兵
EFFECT_SOULGEMLIFEBOUNDINITIATE,获得${ICON_RUNE1} 和 ${ICON_HONOR1}.
CARDNAME_SOULGEMMASTERDHARTHA,达萨大师
EFFECT_SOULGEMMASTERDHARTHA,抽三张牌.
CARDNAME_SOULGEMDIMENSIONDIVER,维度潜者
EFFECT_SOULGEMDIMENSIONDIVER,获得${ICON_RUNE2}.<br>你可以将所有神器s作为机械神器本回合.
CARDNAME_SOULGEMARHAINITIATE,亚哈新兵
EFFECT_SOULGEMARHAINITIATE,抽一张牌.
CARDNAME_SOULGEMLANDTALKER,大地说书人
EFFECT_SOULGEMLANDTALKER,获得${ICON_RUNE3}.
CARDNAME_SOULGEMASKARAOFFATE,命运阿斯卡拉
EFFECT_SOULGEMASKARAOFFATE,抽两张牌. 每位其他玩家可以抽一张牌. 然后你可以放逐一张卡牌在中央牌列.
CARDNAME_SOULGEMASCETICOFTHELIDLESSEYE,无目之眼苦行僧
EFFECT_SOULGEMASCETICOFTHELIDLESSEYE,抽两张牌.
CARDNAME_SOULGEMARBITEROFFATE,仲裁者天命
EFFECT_SOULGEMARBITEROFFATE,抽一张牌.<br>你可以放逐一张卡牌在你的手牌或弃牌堆.
CARDNAME_SOULGEMGREATOMENRAVEN,大兆乌鸦
EFFECT_SOULGEMGREATOMENRAVEN,"命名卡牌. 展示你牌库顶的卡牌和 将它放置置入你的手牌. 若它 为被命名为卡牌, 获得${ICON_HONOR3}."
CARDNAME_SOULGEMDRUIDSOFTHESTONECIRCLE,石环德鲁伊
EFFECT_SOULGEMDRUIDSOFTHESTONECIRCLE,获取一个英雄费用为${ICON_RUNE3} 或更低无需支付费用. 将它放到你的牌库顶.
CARDNAME_SOULGEMAVATARGOLEM,化身魔像
EFFECT_SOULGEMAVATARGOLEM,获得${ICON_POWER2}.<br>获得${ICON_HONOR1} 以每个派系在你控制的神器之中.
CARDNAME_SOULGEMSPIKEVIXEN,尖刺雌狐
EFFECT_SOULGEMSPIKEVIXEN,获得${ICON_POWER1}.<br>抽一张牌.
CARDNAME_SOULGEMSHADEOFTHEBLACKWATCH,暗影黑W<space=-.075em>atch
EFFECT_SOULGEMSHADEOFTHEBLACKWATCH,获得${ICON_POWER2}.<br>你可以放逐一张卡牌在你的手牌或弃牌堆.
CARDNAME_SOULGEMREACTORMONK,反应堆僧侣
EFFECT_SOULGEMREACTORMONK,获得${ICON_RUNE2}.<br>你支付 ${ICON_RUNE1} 更低下次你获取神器本回合.
CARDNAME_SOULGEMRUNICLYCANTHROPE,符文狼化人
EFFECT_SOULGEMRUNICLYCANTHROPE,"获得${ICON_RUNE2}.<br>若你打出过命约英雄本回合, 获得${ICON_POWER2}."
CARDNAME_SOULGEMMECHANAINITIATE,机械新兵
EFFECT_SOULGEMMECHANAINITIATE,获得${ICON_RUNE1} 或 ${ICON_POWER1}.
CARDNAME_SOULGEMWOLFSHAMAN,狼萨满
EFFECT_SOULGEMWOLFSHAMAN,获得${ICON_RUNE1}.<br>抽一张牌.
CARDNAME_SOULGEMSEEROFTHEFORKEDPATH,歧路预言者
EFFECT_SOULGEMSEEROFTHEFORKEDPATH,抽一张牌. 你可以放逐一张卡牌在中央牌列.
CARDNAME_REACTORSHRINE,反应堆神龛
ENERGY_REACTORSHRINE,"${LABEL_ENERGIZE} ${ICON_ENERGY2}: 一次本回合, 获得${ICON_HONOR1} 以每个机械神器你控制的."
FLAVOR_REACTORSHRINE,Alternate fuel source has unlocked additonal capacities.
CARDNAME_SPIRITMERCHANT,精魂商人
EFFECT_SPIRITMERCHANT,获得${ICON_ENERGY1}.<br>你可以放逐一张卡牌在你的手牌或弃牌堆.
FATE_SPIRITMERCHANT,"${LABEL_FATE} 当此牌进入中央牌列时, 以每个宝藏其下此, 每位玩家可以放逐一张卡牌在其手牌中或 弃牌堆."
CARDNAME_OMNICRON,全时者
EFFECT_OMNICRON,每回合一次，获得${ICON_ENERGY1} 以每个机械神器你控制的.
FATE_OMNICRON,"${LABEL_FATE} 当此牌进入中央牌列时, 若存在宝藏其下此, 加入七张th卡牌以 中央牌列."
FLAVOR_OMNICRON,Harness new power source: Success
CARDNAME_MORDANTWIDOW,蚀骨寡妇
EFFECT_MORDANTWIDOW,"${LABEL_REWARD} 获得${ICON_HONOR4}. 以每位对手, 你选择和 摧毁一个神器其控制的."
CARDNAME_BLACKWATCHVANQUISHER,黑卫V<space=-.1em>anquisher
EFFECT_BLACKWATCHVANQUISHER,获得${ICON_POWER2}.
ENERGY_BLACKWATCHVANQUISHER,${LABEL_ENERGIZE} ${ICON_ENERGY3}: 获得额外的 ${ICON_POWER2}.
CARDNAME_BEACONSHAMAN,信标萨满
EFFECT_BEACONSHAMAN,"展示你牌库顶的卡牌和 将它放置在你的手牌中. 若它 为宝藏, 获得${ICON_HONOR3}."
FLAVOR_BEACONSHAMAN,The shards speak to those who have the courage to listen.
CARDNAME_LEOTANSFAMILIAR,莱奥坦的使魔
EFFECT_LEOTANSFAMILIAR,获得${ICON_RUNE1}.
ENERGY_LEOTANSFAMILIAR,${LABEL_ENERGIZE} ${ICON_ENERGY1}: 获得${ICON_HONOR2}.
CARDNAME_ILLIYATHEDEMONBORN,伊利亚魔生
EFFECT_ILLIYATHEDEMONBORN,获得${ICON_POWER4}.
ENERGY_ILLIYATHEDEMONBORN,${LABEL_ENERGIZE}: 获得额外的 ${ICON_POWER1} 以每个 ${ICON_ENERGY} 你拥有已获得本回合.
CARDNAME_FORESIGHTMONACLE,预见单片镜
ENERGY_FORESIGHTMONACLE,"${LABEL_ENERGIZE} ${ICON_ENERGY4}: 一次本回合, 获得${ICON_RUNE1} 以每个机械神器你控制的."
FLAVOR_FORESIGHTMONACLE,For Precision work
CARDNAME_ORASTHEREDEEMER,奥拉斯·救赎者
EFFECT_ORASTHEREDEEMER,"获得${ICON_RUNE4}.<br>每位次 你获取一个英雄从中央牌列本回合, 获得${ICON_HONOR} 相等以 其 ${ICON_HONOR} 值."
FLAVOR_ORASTHEREDEEMER,"He watches for heroic deeds, weaving their tales of glory into the fabric of the cosmos."
CARDNAME_TABLETOFTHEDREAMER,石板梦者
ENERGY_TABLETOFTHEDREAMER,"${LABEL_ENERGIZE} ${ICON_ENERGY4}: 一次本回合, 获取或 击败任意卡牌在中央牌列无需支付费用."
FLAVOR_TABLETOFTHEDREAMER,Whispers of Adayu's powers emanated from the tablet while in the presence of the mysterious shards.
CARDNAME_MAGNETMONK,磁僧侣
EFFECT_MAGNETMONK,获得${ICON_POWER2}.<br>获得${ICON_ENERGY1} 以每个派系在你控制的神器之中.
FLAVOR_MAGNETMONK,An Attractive Ally
CARDNAME_TEMPORALEYE,时光之眼
EFFECT_TEMPORALEYE,"当此牌进入战场时, 抽一张牌.<br>你可以放逐此牌和 另一时光之眼你控制的以 拿取额外回合."
CARDNAME_MILITIAROV,民兵
EFFECT_MILITIAROV,获得${ICON_POWER1}.
CARDNAME_PORTABILLET,便携弹
EFFECT_PORTABILLET,"每回合一次，当你 打出机械神器 (包括此牌一), 抽一张牌."
ENERGY_PORTABILLET,"${LABEL_ENERGIZE} ${ICON_ENERGY5}: 一次本回合, 抽一张牌."
FLAVOR_PORTABILLET,附带损害：可接受。
CARDNAME_WILDCALLSTAFF,野性呼唤法杖
EFFECT_WILDCALLSTAFF,每回合一次，你支付 ${ICON_RUNE2} 更低以 获取卡牌以 宝藏其下它.
FLAVOR_WILDCALLSTAFF,With great power comes a great hunger for more.
CARDNAME_MONKOFTHELIDLESSEYE,无目之眼僧侣
EFFECT_MONKOFTHELIDLESSEYE,抽两张牌.
FATE_MONKOFTHELIDLESSEYE,"${LABEL_FATE} 当此牌进入中央牌列时, 以每个宝藏其下此, 每位玩家抽 卡牌."
FLAVOR_MONKOFTHELIDLESSEYE,"The Order sensed a disturbance, but could not decipher its source."
CARDNAME_RIGHTEOUSTEMPLAR,正义T<space=-.1em>emplar
EFFECT_RIGHTEOUSTEMPLAR,击败一个怪物费用为${ICON_POWER4} 或更低无需支付费用.
ENERGY_RIGHTEOUSTEMPLAR,${LABEL_ENERGIZE} ${ICON_ENERGY3}: 改为， 击败任意怪物无需支付费用.
CARDNAME_TERRUSPARAGONOFSTRIFE,特鲁斯·争斗典范
EFFECT_TERRUSPARAGONOFSTRIFE,${LABEL_REWARD} 获得${ICON_HONOR5}. 每位对手弃掉随机卡牌从其手牌. 你可以选择卡牌已弃掉以此方式和 将它放置在你的手牌中.
CARDNAME_SERPENTSIREN,巨蛇海妖
EFFECT_SERPENTSIREN,${LABEL_REWARD} 获得${ICON_HONOR1}.
TROPHY_SERPENTSIREN,${LABEL_TROPHY} 你可以放逐此牌以 获得${ICON_ENERGY1}.
CARDNAME_CULTISTROV,邪教徒
EFFECT_CULTISTROV,${LABEL_REWARD} 获得${ICON_HONOR1}.
FLAVOR_CULTISTROV,You fools will learn the truth of your 'gifts' soon enough!
CARDNAME_SKYROCKETDRONE,冲天无人机
EFFECT_SKYROCKETDRONE,获得${ICON_RUNE1} 和额外的 ${ICON_RUNE1} 若你控制的神器.
FLAVOR_SKYROCKETDRONE,Power on.
CARDNAME_REALITYSCULPTOR,现实塑造者
EFFECT_REALITYSCULPTOR,复制效果的 英雄打出过本回合以 费用 ${ICON_RUNE3} 或更低.
FLAVOR_REALITYSCULPTOR,Life imitates art.
CARDNAME_LAGOONTROLL,潟湖巨魔
EFFECT_LAGOONTROLL,${LABEL_REWARD} 获得${ICON_HONOR2}. 抽一张牌.
FLAVOR_LAGOONTROLL,嗯嗯嗯咕噜咕噜！
CARDNAME_LOAMSPEAKERDRUID,沃土语者德鲁伊
EFFECT_LOAMSPEAKERDRUID,获得${ICON_RUNE3}.
FATE_LOAMSPEAKERDRUID,"${LABEL_FATE} 当此牌进入中央牌列时, 以每个宝藏其下此, 加入${ICON_HONOR10} 以 ${ICON_HONOR} 池."
FLAVOR_LOAMSPEAKERDRUID,"No matter how far he may wander, he can always find the way back to his mushroom."
CARDNAME_OGODEMONTRAP,奥戈捕魔阱
EFFECT_OGODEMONTRAP,每回合一次，获得${ICON_POWER1}.
ENERGY_OGODEMONTRAP,"${LABEL_ENERGIZE} ${ICON_ENERGY4}: 一次本回合, 获得${ICON_HONOR3}."
FLAVOR_OGODEMONTRAP,"Keeps the place free of the little ones, at least."
CARDNAME_ENERGYSHARD,能量碎片
EFFECT_ENERGYSHARD,获得${ICON_ENERGY1}. 抽一张牌.
CARDNAME_FIRESTORMEFFIGY,火暴偶像
EFFECT_FIRESTORMEFFIGY,${LABEL_REWARD} 获得${ICON_HONOR3}. 你可以放逐一张卡牌在你的手牌或弃牌堆.
ENERGY_FIRESTORMEFFIGY,${LABEL_ENERGIZE} ${ICON_ENERGY1}: 你可以放逐额外的卡牌在你的手牌或弃牌堆.
CARDNAME_TOMEOFERABUS,典籍埃拉布斯
EFFECT_TOMEOFERABUS,每回合一次，获得${ICON_ENERGY1}.
FLAVOR_TOMEOFERABUS,"The truth of the present lies in the shadows of our past""  - Emri"
CARDNAME_ULUASKARAPRINCE,乌鲁·阿斯卡拉王子
EFFECT_ULUASKARAPRINCE,复制本回合打出的一张英雄的效果。 此效果不能是 被复制.
ENERGY_ULUASKARAPRINCE,${LABEL_ENERGIZE} ${ICON_ENERGY2}: 复制所选效果额外的次.
CARDNAME_RUNICHONISKROT,符文霍尼斯克洛特
EFFECT_RUNICHONISKROT,获得${ICON_RUNE2}.
ENERGY_RUNICHONISKROT,${LABEL_ENERGIZE} ${ICON_ENERGY3}: 获得${ICON_POWER2}.
FLAVOR_RUNICHONISKROT,The noble Honiskrot were ill at ease in the presence of the mysterious shards.
CARDNAME_ZETAARSENAL,泽塔武库
ENERGY_ZETAARSENAL,"${LABEL_ENERGIZE} ${ICON_ENERGY3}: 一次本回合, 获得${ICON_POWER1} 以每个机械神器你控制的."
FLAVOR_ZETAARSENAL,Choose your weapon.
CARDNAME_TREASUREHUNTER,宝藏猎手
EFFECT_TREASUREHUNTER,获得${ICON_POWER2}.<br>你可以支付 ${ICON_POWER1} 更低下次你击败一个怪物以 宝藏其下它 本回合.
FLAVOR_TREASUREHUNTER,As if he needed an excuse to hunt monsters.
CARDNAME_COGNITIONCOURIER,认知信使
EFFECT_COGNITIONCOURIER,获得${ICON_RUNE2}.
ENERGY_COGNITIONCOURIER,${LABEL_ENERGIZE}: 你支付 ${ICON_RUNE1} 更低下次你获取神器本回合以 每个 ${ICON_ENERGY} 你拥有已获得本回合.
CARDNAME_DEVIANTFIEND,畸变邪魔
EFFECT_DEVIANTFIEND,${LABEL_REWARD} 获得${ICON_HONOR3}.
ENERGY_DEVIANTFIEND,${LABEL_ENERGIZE}: 获得额外的 ${ICON_HONOR1} 以每个 ${ICON_ENERGY} 你拥有已获得本回合.
CARDNAME_NYXIANSPIRITCASTER,尼克斯魂咏者
EFFECT_NYXIANSPIRITCASTER,获得${ICON_ENERGY3}.<br>抽一张牌.
FLAVOR_NYXIANSPIRITCASTER,They know the threat that is coming... and welcome it.
CARDNAME_TRUTHSEEKER,真理追寻者
EFFECT_TRUTHSEEKER,"抽一张牌. 你可以放逐一张卡牌在中央牌列. 若下一卡牌以 进入中央牌列为 宝藏, 获取它."
FLAVOR_TRUTHSEEKER,The sudden appearance of these shards is troubling.  We must discover their true nature.
CARDNAME_ENERGYSHARDSTART,能量碎片
EFFECT_ENERGYSHARDSTART,获得${ICON_ENERGY1}. 抽一张牌.
CARDNAME_STARCALLERLEOTAN,唤星者莱奥坦
EFFECT_STARCALLERLEOTAN,获得${ICON_HONOR4}.
ENERGY_STARCALLERLEOTAN,${LABEL_ENERGIZE}: 获得额外的 ${ICON_HONOR1} 以每个 ${ICON_ENERGY} 你拥有已获得本回合.
CARDNAME_APPRENTICEROV,学徒
EFFECT_APPRENTICEROV,获得${ICON_RUNE1}.
CARDNAME_HEAVYINFANTRYROV,重装步兵
EFFECT_HEAVYINFANTRYROV,获得${ICON_POWER2}.
CARDNAME_RAGINGURSINE,暴怒熊
EFFECT_RAGINGURSINE,${LABEL_REWARD} 获得${ICON_HONOR3}.
ENERGY_RAGINGURSINE,${LABEL_ENERGIZE} ${ICON_ENERGY2}: 获得${ICON_RUNE2}.
CARDNAME_PROTEANSEASLUG,多变海蛞蝓
EFFECT_PROTEANSEASLUG,${LABEL_REWARD} 获得${ICON_HONOR5}. 每位对手摧毁所有神器s其控制的.
FLAVOR_PROTEANSEASLUG,Does anyone have a whole lot of salt?
CARDNAME_PROTOTYPECH32,原型CH32
ENERGY_PROTOTYPECH32,"${LABEL_ENERGIZE} ${ICON_ENERGY1}: 一次本回合, 当你 获取机械神器, 你可以将其直接进入战场."
FLAVOR_PROTOTYPECH32,Excavation systems online
CARDNAME_OZIAHJUDGEOFLOGOS,逻各斯审判者奥齐亚
EFFECT_OZIAHJUDGEOFLOGOS,"当此 为在中央牌列, 你可以获取此 无需支付费用若 你拥有已获得 ${ICON_ENERGY7} 或更高本回合.<br>击败所有怪物在中央牌列无需支付费用."
FLAVOR_OZIAHJUDGEOFLOGOS,His will and blade are one.
CARDNAME_TWISTEDTYRANT,扭曲T<space=-.1em>yrant
EFFECT_TWISTEDTYRANT,${LABEL_REWARD} 获得${ICON_HONOR6}.
ENERGY_TWISTEDTYRANT,${LABEL_ENERGIZE} ${ICON_ENERGY3}: 抽三张牌.
CARDNAME_LIFEBOUNDMUSE,生命缪斯
EFFECT_LIFEBOUNDMUSE,获取一个英雄以 费用 ${ICON_RUNE4} 或更低无需支付费用.
ENERGY_LIFEBOUNDMUSE,${LABEL_ENERGIZE} ${ICON_ENERGY2}: 改为， 获取任意英雄无需支付费用.
CARDNAME_HERALDOFDOOM,先驱末日
EFFECT_HERALDOFDOOM,${LABEL_REWARD} 获得${ICON_HONOR6}. 获取或 击败卡牌在中央牌列无需支付费用.
ENERGY_HERALDOFDOOM,${LABEL_ENERGIZE} ${ICON_ENERGY7}: 改为， 获取和 击败所有卡牌在中央牌列无需支付费用.
CARDNAME_DARKWALKER,暗行者
EFFECT_DARKWALKER,获得${ICON_POWER2}.
ENERGY_DARKWALKER,${LABEL_ENERGIZE} ${ICON_ENERGY1}: 你可以放逐一张卡牌在你的手牌或弃牌堆.
CARDNAME_MYSTICROV,秘教士
EFFECT_MYSTICROV,获得${ICON_RUNE2}.
CARDNAME_VAULTSPHINX,宝库狮身人面
EFFECT_VAULTSPHINX,${LABEL_REWARD} 获得${ICON_HONOR2}.
TROPHY_VAULTSPHINX,${LABEL_TROPHY} 你可以放逐此牌以 获得${ICON_ENERGY2}.
CARDNAME_MONASTICTUTOR,寺院T<space=-.1em>utor
EFFECT_MONASTICTUTOR,获取一个秘教士或 重装步兵无需支付费用.
ENERGY_MONASTICTUTOR,${LABEL_ENERGIZE} ${ICON_ENERGY1}: 放置所获取的卡牌置入你的手牌.
CARDNAME_VOIDFEEDER,饲虚者
EFFECT_VOIDFEEDER,每回合一次，获得${ICON_POWER1}.
ENERGY_VOIDFEEDER,"${LABEL_ENERGIZE} ${ICON_ENERGY2}: 一次本回合, 你可以放逐一张卡牌在你的手牌或弃牌堆."
CARDNAME_ERABUSSONOFNYX,埃拉布斯·之子尼克斯
EFFECT_ERABUSSONOFNYX,击败一个怪物在 虚空区无需支付费用和 将它放置置于其底： 传送门牌库.
CARDNAME_DARKENERGYSHARD,黑暗能量碎片
EFFECT_DARKENERGYSHARD,获得${ICON_ENERGY1}. 抽一张牌.
FATE_DARKENERGYSHARD,${LABEL_FATE} 每位玩家可以放逐一张卡牌在 其弃牌堆.
CARDNAME_JAKEBCOBRASHAMAN,杰克布·眼镜蛇萨满
EFFECT_JAKEBCOBRASHAMAN,获得${ICON_HONOR3}.
ENERGY_JAKEBCOBRASHAMAN,"${LABEL_ENERGIZE} ${ICON_ENERGY4}: 将此牌转化为杰克布, 眼镜蛇王. (忽略此牌的其余卡牌之效果.)"
FLAVOR_JAKEBCOBRASHAMAN,This is the fight I have spent my entire life training for.
CARDNAME_AZERAXNYXSCHOSEN,阿泽拉克斯·尼克斯的天选者
EFFECT_AZERAXNYXSCHOSEN,获得${ICON_POWER6}.<br>你可以放逐任意数量的 卡牌在你的手牌中和/或弃牌堆.
CARDNAME_OXIPEDE,牛蜈
EFFECT_OXIPEDE,${LABEL_REWARD} 获得${ICON_HONOR2}.
ENERGY_OXIPEDE,${LABEL_ENERGIZE} ${ICON_ENERGY2}: 获得${ICON_HONOR2}.
CARDNAME_TORICASCENDANT,托里克·飞升者
EFFECT_TORICASCENDANT,获取一个英雄无需支付费用和 将它放置置入你的手牌.
FLAVOR_TORICASCENDANT,"Through understanding the shards, he became one with them."
CARDNAME_NIGHTMARESENTINEL,梦魇哨卫
EFFECT_NIGHTMARESENTINEL,"获得${ICON_POWER2}.<br>下次你击败一个怪物在中央牌列本回合, 你可以放逐一张卡牌在你的手牌或弃牌堆."
CARDNAME_MOKENTHEHUNTMASTER,莫肯·猎主
EFFECT_MOKENTHEHUNTMASTER,"获得${ICON_HONOR5}.<br>At结束时游戏, 莫肯, 猎主之 ${ICON_HONOR} 值为 相等以 数量为宝藏卡牌在 你的牌库."
CARDNAME_RAVENSIREN,乌鸦海妖
EFFECT_RAVENSIREN,获得${ICON_RUNE1}.
ENERGY_RAVENSIREN,${LABEL_ENERGIZE}: 你支付 ${ICON_RUNE1} 更低以 每个 ${ICON_ENERGY} 你拥有已获得本回合下次你获取一个英雄本回合.
CARDNAME_YOLOCRYXTHEGUARDIAN,约洛克瑞克斯·守卫
EFFECT_YOLOCRYXTHEGUARDIAN,"获得${ICON_POWER5} 和额外的 ${ICON_POWER1} 以每个机械神器你控制的.<br>当你 打出机械神器, 你可以将此牌返回从 你的弃牌堆以 你的手牌."
CARDNAME_PHASEFIEND,相位邪魔
EFFECT_PHASEFIEND,${LABEL_REWARD} 获得${ICON_HONOR1}. 你可以放逐一张卡牌在你的手牌或弃牌堆.
CARDNAME_HEDRONDREDGER,多面体挖掘者
EFFECT_HEDRONDREDGER,"每回合一次，若你控制的三 或更高机械神器, 你可以充能神器你控制的."
FLAVOR_HEDRONDREDGER,侦测到碎片。挖掘进行中。
CARDNAME_SHARDFINDERCOMPASS,寻晶者罗盘
EFFECT_SHARDFINDERCOMPASS,你可以放逐此牌以 获取所有的 宝藏s在中央牌列.
FLAVOR_SHARDFINDERCOMPASS,"As Braham stared at the compass, his entire body tingled. He knew where he had to go."
CARDNAME_HONISKROTTRIBESMAN,霍尼斯克洛特T<space=-.1em>ribesman
EFFECT_HONISKROTTRIBESMAN,获得${ICON_RUNE1}.
ENERGY_HONISKROTTRIBESMAN,${LABEL_ENERGIZE} ${ICON_ENERGY2}: 将此牌转化为霍尼斯克洛特酋长. (忽略此牌的其余卡牌之效果.)
FLAVOR_HONISKROTTRIBESMAN,"Do you smell that?""<br>""Yes... There's more than prey to be hunted tonight."
CARDNAME_VOIDSWORNCHAMPION,誓虚冠军
EFFECT_VOIDSWORNCHAMPION,获得${ICON_POWER4}.
FLAVOR_VOIDSWORNCHAMPION,Most are driven mad by the call of the void. Those already mad hear only wardrums.
CARDNAME_WEBCLAW,网爪
EFFECT_WEBCLAW,${LABEL_REWARD} 获得${ICON_HONOR3}. 每位对手以 三或更高神器s在打出摧毁神器其控制的.
ENERGY_WEBCLAW,${LABEL_ENERGIZE} ${ICON_ENERGY3}: 改为， 每位对手摧毁神器其控制的.
CARDNAME_VAULTLICH,宝库巫妖
EFFECT_VAULTLICH,${LABEL_REWARD} 获得${ICON_HONOR3}. 你可以放逐一张卡牌在中央牌列以 宝藏其下它.
FATE_VAULTLICH,"${LABEL_FATE} 当此牌进入中央牌列时, 放逐每个卡牌在中央牌列以 宝藏其下它."
CARDNAME_PLUNDERDEVIL,掠夺恶魔
EFFECT_PLUNDERDEVIL,${LABEL_REWARD} 获得${ICON_HONOR5}. 你可以获取一个英雄或 神器以 费用 ${ICON_RUNE3} 或更低无需支付费用.
ENERGY_PLUNDERDEVIL,${LABEL_ENERGIZE} ${ICON_ENERGY2}: 改为， 你可以获取一个英雄或 神器以 费用 ${ICON_RUNE6} 或更低无需支付费用.
CARDNAME_SMOKETYRANT,烟雾T<space=-.1em>yrant
EFFECT_SMOKETYRANT,${LABEL_REWARD} 获得${ICON_HONOR4}. 放逐顶部七张卡牌的 传送门牌库. 放置所有宝藏s被放逐以此方式其下此.
TROPHY_SMOKETYRANT,${LABEL_TROPHY_ONGOING} 每回合一次，获得${ICON_ENERGY1} 以每个宝藏其下此.
CARDNAME_GEMEATERLEPRECHAUN,噬晶小矮妖
EFFECT_GEMEATERLEPRECHAUN,获得${ICON_RUNE2} 和 ${ICON_ENERGY2}.
FLAVOR_GEMEATERLEPRECHAUN,它们有种魔法般的美味。
CARDNAME_SCRAPSCRABBLER,废料翻捡者
EFFECT_SCRAPSCRABBLER,获得${ICON_RUNE1} 和 ${ICON_POWER1}.
ENERGY_SCRAPSCRABBLER,${LABEL_ENERGIZE} ${ICON_ENERGY2}: 将此牌转化为翻捡小队. (忽略此牌的其余卡牌之效果.)
CARDNAME_VALIANTASCETIC,勇毅苦行僧
EFFECT_VALIANTASCETIC,你可以放逐此牌以 击败一个怪物以 费用 ${ICON_POWER5} 或更低无需支付费用.
FLAVOR_VALIANTASCETIC,"As they honor their losses, the Arha remember that true nobility lies in sacrifice for a greater cause."
CARDNAME_CACKLECASTWRETCH,狂笑施法W<space=-.05em>retch
EFFECT_CACKLECASTWRETCH,"若你 拥有已获得 ${ICON_ENERGY4} 或更高本回合, 你可以击败此 无需支付费用.<br>${LABEL_REWARD} 获得${ICON_HONOR4}."
CARDNAME_CHARGINGCHAMBER,充能室
EFFECT_CHARGINGCHAMBER,"每回合一次，当你 打出机械神器 (包括此牌一), 获得${ICON_ENERGY1}."
FLAVOR_CHARGINGCHAMBER,Shards more effective than previous power sources.
CARDNAME_AZERAXOFTHEBLACKWATCH,阿泽拉克斯黑W<space=-.1em>atch
EFFECT_AZERAXOFTHEBLACKWATCH,获得${ICON_POWER4}.<br>你可以放逐一张卡牌在你的手牌或弃牌堆.
ENERGY_AZERAXOFTHEBLACKWATCH,"${LABEL_ENERGIZE} ${ICON_ENERGY4}: 将此牌转化为阿泽拉克斯, 尼克斯的天选者. (忽略此牌的其余卡牌之效果.)"
CARDNAME_YOLOTHIANMONOLITH,约洛斯巨石
ENERGY_YOLOTHIANMONOLITH,"${LABEL_ENERGIZE} ${ICON_ENERGY4}: 将此牌转化为约洛克瑞克斯, 守卫和 将它放置置入你的手牌."
FLAVOR_YOLOTHIANMONOLITH,Energy source detected. Calculating life expectancy...
CARDNAME_ERABUSTHEEXILED,埃拉布斯·流放者
EFFECT_ERABUSTHEEXILED,"若你打出过黑暗能量碎片本回合, 你支付 ${ICON_POWER2} 更低以 击败此.<br>${LABEL_REWARD} 将此牌转化为埃拉布斯, 之子的 尼克斯和 将它放置置入你的手牌."
CARDNAME_CRYSTALLINEMONK,水晶僧侣
EFFECT_CRYSTALLINEMONK,获得${ICON_RUNE2}.<br>你可以move宝藏从 其下卡牌在中央牌列以 另一卡牌在中央牌列.
FLAVOR_CRYSTALLINEMONK,碎片兼容。适应进行中。
CARDNAME_VOIDSWORNWARRIOR,誓虚W<space=-.1em>arrior
EFFECT_VOIDSWORNWARRIOR,获得${ICON_POWER1}.
ENERGY_VOIDSWORNWARRIOR,${LABEL_ENERGIZE} ${ICON_ENERGY2}: 将此牌转化为誓虚冠军. (忽略此牌的其余卡牌之效果.)
FLAVOR_VOIDSWORNWARRIOR,Those at the edge of oblivion feel its pull most.
CARDNAME_GEMCATCHERSPIRIT,捕晶者精魂
EFFECT_GEMCATCHERSPIRIT,抽一张牌.
ENERGY_GEMCATCHERSPIRIT,${LABEL_ENERGIZE} ${ICON_ENERGY2}: 将此牌转化为异界向导. (忽略此牌的其余卡牌之效果.)
FLAVOR_GEMCATCHERSPIRIT,The spirits consider the crystals equal parts portent and plaything.
CARDNAME_VEYAHANDMAIDENOFLOGOS,维雅·逻各斯侍女
EFFECT_VEYAHANDMAIDENOFLOGOS,"选择一项： 获取一个英雄以 费用 ${ICON_RUNE6} 或更低无需支付费用, 或击败一个怪物以 费用 ${ICON_POWER6} 或更低无需支付费用."
ENERGY_VEYAHANDMAIDENOFLOGOS,${LABEL_ENERGIZE} ${ICON_ENERGY2}: 改为， 你可以选择两者.
CARDNAME_NYXIANRITUALIST,尼克斯祭仪师
EFFECT_NYXIANRITUALIST,获得${ICON_POWER3} 和 ${ICON_ENERGY3}.
FLAVOR_NYXIANRITUALIST,"Every Void ritualist could sense the power of the shards, but only a select few could wield it."
CARDNAME_ARBITEROFTHELOST,仲裁者迷失
EFFECT_ARBITEROFTHELOST,获得${ICON_ENERGY2}.<br>你可以放逐一张卡牌在你的手牌或弃牌堆.
FLAVOR_ARBITEROFTHELOST,"As others sought to hoard the shards, I sought to harness their power."
CARDNAME_MOSAICHORN,镶嵌号角
ENERGY_MOSAICHORN,"${LABEL_ENERGIZE} ${ICON_ENERGY2}: 一次本回合, 获得${ICON_RUNE2}."
FLAVOR_MOSAICHORN,The horn's note always signals a harvest.
CARDNAME_DENDRISTHEGLADEWYRM,登德里斯林间巨虫
EFFECT_DENDRISTHEGLADEWYRM,"获得${ICON_RUNE2}, ${ICON_POWER2}, 和 ${ICON_HONOR2}."
ENERGY_DENDRISTHEGLADEWYRM,"${LABEL_ENERGIZE} ${ICON_ENERGY3}: 获得额外的 ${ICON_RUNE2}, ${ICON_POWER2}, 和 ${ICON_HONOR2}."
CARDNAME_SCRABBLINGSQUAD,翻捡小队
EFFECT_SCRABBLINGSQUAD,获得${ICON_RUNE2} 和 ${ICON_POWER2}.
FLAVOR_SCRABBLINGSQUAD,双倍单词得分
CARDNAME_ANOINTEDASKARA,涂油阿斯卡拉
EFFECT_ANOINTEDASKARA,"抽一张牌.<br>一次本回合, 当你 获取一个英雄或 神器从中央牌列, 将它放置置入你的手牌."
FLAVOR_ANOINTEDASKARA,The first lesson the Arha teach their young is that there will always be more lessons.
CARDNAME_REPLICATIONDRONE,复制无人机
EFFECT_REPLICATIONDRONE,你为 视为以 控制额外的机械神器.
FLAVOR_REPLICATIONDRONE,We can build it. We have the technology.
CARDNAME_TORICDEVOTEDDISCIPLE,托里克·虔诚门徒
EFFECT_TORICDEVOTEDDISCIPLE,复制效果的 英雄在中央牌列.
ENERGY_TORICDEVOTEDDISCIPLE,"${LABEL_ENERGIZE} ${ICON_ENERGY4}: 将此牌转化为托里克, 飞升者. (忽略此牌的其余卡牌之效果.)"
CARDNAME_RIFTWALKERSAXE,裂隙行者的斧
ENERGY_RIFTWALKERSAXE,"${LABEL_ENERGIZE} ${ICON_ENERGY2}: 一次本回合, 获得${ICON_POWER2}."
FLAVOR_RIFTWALKERSAXE,An extension of the dark souls who wield it.
CARDNAME_OTHERWORLDLYGUIDE,异界向导
EFFECT_OTHERWORLDLYGUIDE,抽两张牌.
FLAVOR_OTHERWORLDLYGUIDE,"We once considered them pets- now, we consider them partners."
CARDNAME_ARHAMENTOR,亚哈导师
EFFECT_ARHAMENTOR,你可以放逐一张卡牌从你的手牌. 若你如此做，获取秘教士或 重装步兵无需支付费用和 将它放置置入你的手牌.
ENERGY_ARHAMENTOR,${LABEL_ENERGIZE} ${ICON_ENERGY2}: 抽一张牌.
CARDNAME_JAKEBCOBRAKING,杰克布·眼镜蛇王
EFFECT_JAKEBCOBRAKING,"获得${ICON_HONOR6}.<br>当你 获得${ICON_HONOR} 从另一卡牌本回合, 获得两次该 等量的 ${ICON_HONOR} 改为."
CARDNAME_HONISKROTCHIEFTAIN,霍尼斯克洛特酋长
EFFECT_HONISKROTCHIEFTAIN,获得${ICON_RUNE3}.
FLAVOR_HONISKROTCHIEFTAIN,"Gather your forces - tonight, we come to the aid of Ogo."
CARDNAME_WAILINGSPECTRE,哀嚎幽灵
EFFECT_WAILINGSPECTRE,${LABEL_REWARD} 获得${ICON_HONOR4}. 你可以放逐至多两 卡牌在你的弃牌堆.
FLAVOR_WAILINGSPECTRE,"Denizens of Vigil lock their doors at the first scream of the night, clinging to the false hope that it will save them."
CARDNAME_APPRENTICERU,学徒
EFFECT_APPRENTICERU,获得${ICON_RUNE1}.
CARDNAME_DISCIPLEOFCETRA,之徒·塞特拉
EFFECT_DISCIPLEOFCETRA,"当此 为在你的手牌中, 若你 拥有打出过另一命约英雄本回合, 将此牌转化为后裔· 塞特拉.<br>获得${ICON_RUNE1} 和 ${ICON_HONOR1}."
CARDNAME_FOUNDATIONBURROWER,根基钻地者
EFFECT_FOUNDATIONBURROWER,${LABEL_REWARD} 获得${ICON_HONOR1}. 你可以放逐一张卡牌在中央牌列.
FLAVOR_FOUNDATIONBURROWER,Even a tiny nuisance is able to bring down giant fortifications if left unchecked.
CARDNAME_CLUTCHOFDARKNESS,黑暗之握
EFFECT_CLUTCHOFDARKNESS,每回合一次，获得${ICON_POWER2}.
FLAVOR_CLUTCHOFDARKNESS,"Once the Void has a hold on you, there is no escape."
CARDNAME_ZEROPOINTREACTOR,零点反应堆
EFFECT_ZEROPOINTREACTOR,每回合一次，获得${ICON_RUNE2}.
FLAVOR_ZEROPOINTREACTOR,"The universe began with a big bang, but the monks felt there was room for improvement"
CARDNAME_DISCIPLEOFEMRI,之徒·艾姆瑞
EFFECT_DISCIPLEOFEMRI,"当此 为在你的手牌中, 若你 拥有打出过另一虚空英雄本回合, 将此牌转化为后裔· 艾姆瑞.<br>获得${ICON_POWER1}.<br>你可以放逐一张卡牌在你的弃牌堆."
CARDNAME_AIRSUPPORTSQUADRON,空中支援中队
EFFECT_AIRSUPPORTSQUADRON,"每回合一次，当你 获取机械卡牌, 你可以将它放置在你的手牌中."
FLAVOR_AIRSUPPORTSQUADRON,surely you can't be serious
CARDNAME_CULTISTRU,邪教徒
EFFECT_CULTISTRU,${LABEL_REWARD} 获得${ICON_HONOR1}.
CARDNAME_SCIONOFCETRA,后裔·塞特拉
EFFECT_SCIONOFCETRA,获得${ICON_RUNE2} 和 ${ICON_HONOR2}.
FLAVOR_SCIONOFCETRA,"Cetra guides her children not to their destiny, but to the path that will lead them there."
CARDNAME_SADISTICGIANT,虐杀巨人
EFFECT_SADISTICGIANT,${LABEL_REWARD} 获得${ICON_HONOR5}.
FLAVOR_SADISTICGIANT,The shifting planes served up a never-ending supply of victims for the cruel Estryne clan.
CARDNAME_SCIONOFEMRI,后裔·艾姆瑞
EFFECT_SCIONOFEMRI,获得${ICON_POWER3}.<br>你可以放逐一张卡牌在你的弃牌堆.
FLAVOR_SCIONOFEMRI,"When the last shred of remorse had been purged, they were ready to join the Black Watch."
CARDNAME_ALSETMONKPRODIGY,阿尔塞特·僧侣神童
EFFECT_ALSETMONKPRODIGY,"当此 为在你的手牌中, 若你控制的两 或更高神器s, 将此牌转化为阿尔塞特, 反应堆学者.<br>获得${ICON_RUNE3}."
FLAVOR_ALSETMONKPRODIGY,He starts with the impossible.
CARDNAME_NYXIANCORRUPTOR,尼克斯腐蚀者
EFFECT_NYXIANCORRUPTOR,获得${ICON_POWER3}.<br>你可以花费 ${ICON_RUNE} 视为 ${ICON_POWER} 本回合.
CARDNAME_NIGHTMAREDELVER,梦魇深掘者
EFFECT_NIGHTMAREDELVER,"获得${ICON_RUNE2}.<br>若你控制的两 或更高神器s, 你可以放逐一张卡牌在你的弃牌堆."
FLAVOR_NIGHTMAREDELVER,"With their abilities augmented by Hedron technology, Sadranis' followers were able to venture even further into the darkness."
CARDNAME_TIMESTREAMSEER,时流预言者
EFFECT_TIMESTREAMSEER,获得${ICON_RUNE2}.<br>你可以放逐一张卡牌在中央牌列.
FLAVOR_TIMESTREAMSEER,"She moved her hands through the water, altering the course of countless lives."
CARDNAME_CETRABENEFACTOROFALL,万民之恩塞特拉
EFFECT_CETRABENEFACTOROFALL,"从你开始, 和然后going在回合秩序, 每位玩家获取英雄无需支付费用. 英雄已获取以此方式为 放置在 顶部的 其拥有者' decks."
CARDNAME_REMUSPACKGUARDIAN,雷穆斯·兽群守卫
EFFECT_REMUSPACKGUARDIAN,"当此 为在你的手牌中, 若你 拥有已获得 ${ICON_HONOR3} 或更高本回合, 将此牌转化为雷穆斯, 荒野使者.<br>获得${ICON_RUNE3}."
CARDNAME_SCIONOFEULOTH,后裔·尤洛斯
EFFECT_SCIONOFEULOTH,获得${ICON_RUNE2} 和 ${ICON_POWER2}.
FLAVOR_SCIONOFEULOTH,"When they view the machine as part of themselves, they are ready for their work to begin."
CARDNAME_DISCIPLEOFOZIAH,之徒·奥齐亚
EFFECT_DISCIPLEOFOZIAH,"当此 为在你的手牌中, 若你 拥有打出过另一圣贤英雄本回合, 将此牌转化为后裔· 奥齐亚.<br>击败一个怪物以 费用 ${ICON_POWER3} 或更低无需支付费用."
CARDNAME_WOLFSHAMANRU,狼萨满
EFFECT_WOLFSHAMANRU,获得${ICON_RUNE1}.<br>抽一张牌.
FLAVOR_WOLFSHAMANRU,"You guys might not know this, but I consider myself a bit of a loner."
CARDNAME_DRUIDSWREATH,德鲁伊花环
EFFECT_DRUIDSWREATH,"若你打出过两 或更高命约英雄本回合, 将此牌转化为翠绿冠冕."
FLAVOR_DRUIDSWREATH,"During their initiation, druids receive a lifeless wreath. When it is reborn, so are they."
CARDNAME_WORKSHOPGARGOYLE,工坊石像鬼
EFFECT_WORKSHOPGARGOYLE,"每回合一次，当你 获取机械卡牌, 获得${ICON_HONOR1}."
FLAVOR_WORKSHOPGARGOYLE,They would be more helpful if they weren't nuts
CARDNAME_VOIDFORGEDPALADIN,虚空锻圣骑士
EFFECT_VOIDFORGEDPALADIN,"获得${ICON_POWER2}.<br> 首先次 你击败一个怪物在中央牌列本回合, 抽两张牌."
FLAVOR_VOIDFORGEDPALADIN,The Black Watch and the Templars found a common language in battle.
CARDNAME_REMUSWILDEMISSARY,雷穆斯·荒野使者
EFFECT_REMUSWILDEMISSARY,获得${ICON_RUNE3}.<br>你可以花费 ${ICON_RUNE} 视为 ${ICON_POWER} 本回合.
FLAVOR_REMUSWILDEMISSARY,Not all Pathwardens are able to embrace their instincts without giving in to them.
CARDNAME_EVERBLOOMCLIQUE,永绽小圈子
EFFECT_EVERBLOOMCLIQUE,获得${ICON_HONOR2}.<br>${LABEL_MULTIUNITE} 获得${ICON_HONOR1}. <i>(获得此效果以 每个其他命约英雄你 打出或 拥有打出过本回合.)
CARDNAME_BLACKWATCHEXEMPLAR,黑卫典范
EFFECT_BLACKWATCHEXEMPLAR,获得${ICON_POWER3}.<br>${LABEL_MULTIUNITE} 你可以放逐一张卡牌在你的弃牌堆.
FLAVOR_BLACKWATCHEXEMPLAR,They're capable of snatching victory from the jaws of pretty much anything.
CARDNAME_WILDGEARDRUID,野性齿轮德鲁伊
EFFECT_WILDGEARDRUID,"获得${ICON_RUNE2}.<br>若你控制的两 或更高神器s, 获得${ICON_HONOR2}."
FLAVOR_WILDGEARDRUID,The druids admired the monks' resourcefulness and ingenuity. The monks admired the druids' embrace of the unknown.
CARDNAME_EYEOFPOTENTIAL,潜能之眼
EFFECT_EYEOFPOTENTIAL,每回合一次，你可以放逐一张卡牌在你的手牌中. 若你如此做，获取秘教士或 重装步兵无需支付费用和 将它放置在你的手牌中.
CARDNAME_DHARTHATHEETERNAL,达萨·永恒
EFFECT_DHARTHATHEETERNAL,展示传送门牌库顶的卡牌. 获取或 击败该 卡牌无需支付费用.<br>${LABEL_MULTIUNITE} 你可以重复此.
FLAVOR_DHARTHATHEETERNAL,Time is merely another illusion.
CARDNAME_SOWEROFDISCONTENT,播种者不满
EFFECT_SOWEROFDISCONTENT,${LABEL_REWARD} 获得${ICON_HONOR2}. 命名派系. 获得额外的 ${ICON_HONOR1} 以每个英雄的 该派系你 拥有打出过本回合.
FLAVOR_SOWEROFDISCONTENT,"Sowers lurk through the Five Realms, using whispers and rumors to erode the hope that keeps them intact."
CARDNAME_SHADOWSTALKER,暗影潜行者
EFFECT_SHADOWSTALKER,你可以放逐一张卡牌在你的弃牌堆.<br>抽一张牌.
FLAVOR_SHADOWSTALKER,永远要数清影子。
CARDNAME_SOWEROFBETRAYAL,播种者背叛
EFFECT_SOWEROFBETRAYAL,${LABEL_REWARD} 获得${ICON_HONOR3}. 命名派系. 获得额外的 ${ICON_HONOR2} 以每个英雄的 该派系你 拥有打出过本回合.
FLAVOR_SOWEROFBETRAYAL,"When chaos reigns, trust is the greatest strength, but it is an even greater weakness if exploited."
CARDNAME_DISCIPLEOFEULOTH,之徒·尤洛斯
EFFECT_DISCIPLEOFEULOTH,"当此 为在你的手牌中, 若你 拥有打出过另一机械英雄本回合, 将此牌转化为后裔· 尤洛斯.<br>获得${ICON_RUNE1} 和 ${ICON_POWER1}."
CARDNAME_SCIONOFOZIAH,后裔·奥齐亚
EFFECT_SCIONOFOZIAH,击败一个怪物以 费用 ${ICON_POWER5} 或更低无需支付费用.
FLAVOR_SCIONOFOZIAH,"With a single stroke, the tyrant was slain and his training was complete."
CARDNAME_HEDRONWATCHTOWER,多面体瞭望塔
EFFECT_HEDRONWATCHTOWER,"每回合一次，当你 获取机械卡牌, 获得${ICON_HONOR} 相等以 该卡牌之 ${ICON_HONOR} 值."
FLAVOR_HEDRONWATCHTOWER,none of them along the line know what any of it is worth
CARDNAME_UPGRADEFOUNDRY,升级铸造厂
EFFECT_UPGRADEFOUNDRY,"每回合一次，当你 获取机械卡牌, 抽两张牌."
FLAVOR_UPGRADEFOUNDRY,this won't hurt... much
CARDNAME_DEATHBOUNDDRUID,缚死德鲁伊
EFFECT_DEATHBOUNDDRUID,获得${ICON_HONOR3}.<br>你可以放逐一张卡牌在你的弃牌堆.
FLAVOR_DEATHBOUNDDRUID,"The druids nourish life, but do not think for a moment that it is because they fear death."
CARDNAME_MYSTICRU,秘教士
EFFECT_MYSTICRU,获得${ICON_RUNE2}.
CARDNAME_CANONTEMPLAR,圣典T<space=-.1em>emplar
EFFECT_CANONTEMPLAR,获得${ICON_RUNE2}.<br>你可以击败一个怪物以 ${ICON_POWER} 费用低于或 相等以 ${ICON_RUNE} 费用的 神器你控制的.
FLAVOR_CANONTEMPLAR,His edicts are final.
CARDNAME_SPIKEVIXENRU,尖刺雌狐
EFFECT_SPIKEVIXENRU,获得${ICON_POWER1}.<br>抽一张牌.
FLAVOR_SPIKEVIXENRU,"If there is beauty in death, then the Spike Vixens are a sight to behold."
CARDNAME_DEFENSEGENERATOR,防御发生器
EFFECT_DEFENSEGENERATOR,"每回合一次，当你 获取机械卡牌, 获得${ICON_POWER2}."
FLAVOR_DEFENSEGENERATOR,确实令人电击。
CARDNAME_VIREPHEMERALGURU,维尔·昙花古鲁
EFFECT_VIREPHEMERALGURU,获取所有英雄在中央牌列无需支付费用和 放置它们在你的手牌中.
FLAVOR_VIREPHEMERALGURU,All who see him have no choice but to follow.
CARDNAME_ADAYUTHESERENE,阿达尤宁静
EFFECT_ADAYUTHESERENE,"此英雄视为作为所有派系.<br>获得${ICON_RUNE1}, ${ICON_POWER1} 和 ${ICON_HONOR1}. 抽一张牌.<br>${LABEL_MULTIUNITE} 获得${ICON_RUNE1} 以每个机械英雄, ${ICON_POWER1} 以每个虚空英雄, ${ICON_HONOR1} 以每个命约英雄, 和抽一张牌以 每个圣贤英雄你 打出或 拥有打出过本回合."
CARDNAME_ADAYUTHETORMENTED,阿达尤T<space=-.1em>ormented
EFFECT_ADAYUTHETORMENTED,${LABEL_REWARD} 将此牌转化为阿达尤宁静和 获取它.
FLAVOR_ADAYUTHETORMENTED,"The cracks of pain and suffering have begun to spread in his mind. If he is lost, all of us are."" -Master Dhartha"
CARDNAME_BORDERLANDMERCENARY,边地佣兵
EFFECT_BORDERLANDMERCENARY,抽一张牌.<br>命名派系. 此英雄视为作为该 派系本回合.
FLAVOR_BORDERLANDMERCENARY,Where's the money?
CARDNAME_JOURNEYMANOUTRIDER,旅者先驱骑手
EFFECT_JOURNEYMANOUTRIDER,获取一个英雄或 神器以 费用 ${ICON_RUNE5} 或更低无需支付费用.
FLAVOR_JOURNEYMANOUTRIDER,The Journeymen reject the monastic life on Arha in favor of finding and sharing knowledge among the other realms.
CARDNAME_BORDERLANDNIHILIST,边地虚无者
EFFECT_BORDERLANDNIHILIST,${LABEL_REWARD} 将此牌转化为边地佣兵和 获取它.
FLAVOR_BORDERLANDNIHILIST,We believe in nothing!
CARDNAME_ALSETREACTORSAVANT,阿尔塞特·反应堆学者
EFFECT_ALSETREACTORSAVANT,"获得${ICON_RUNE4}.<br>当你 获取神器本回合, 你可以将它放置进入战场."
FLAVOR_ALSETREACTORSAVANT,The machines hum to his tune.
CARDNAME_EMRITHEUNMAKER,解构者艾姆瑞
EFFECT_EMRITHEUNMAKER,"当此 为在你的手牌中, 若那里为 8 或更高怪物在 虚空区, 将此牌转化为恶魔克星艾姆瑞.<br>获得${ICON_POWER4}."
CARDNAME_SNAPDRAGONWITCH,金鱼草女巫
EFFECT_SNAPDRAGONWITCH,"获得${ICON_HONOR1}.<br>抽一张牌.<br>若你 拥有更多 ${ICON_HONOR} 于每个其他玩家, 抽额外的卡牌."
CARDNAME_CETRAMATRONOFSTARS,星辰主母塞特拉
EFFECT_CETRAMATRONOFSTARS,获取一个英雄无需支付费用. 将它放置放到你的牌库顶.<br>${LABEL_MULTIUNITE} 你可以重复此.
FLAVOR_CETRAMATRONOFSTARS,"Do not despair, child. You have the resolve and strength to meet your fate. You need only accept it."
CARDNAME_TERRORIZINGFIEND,威吓邪魔
EFFECT_TERRORIZINGFIEND,${LABEL_REWARD} 获得${ICON_HONOR2}. 抽两张牌.
FLAVOR_TERRORIZINGFIEND,"Taking advantage of the chaos of Adayu's madness, demons punished Vigil for its past transgressions."
CARDNAME_MATRONOFDISCOVERY,发现主母
EFFECT_MATRONOFDISCOVERY,获得${ICON_RUNE2}.<br>${LABEL_MULTIUNITE} 获得${ICON_RUNE1}. <i>(获得此效果以 每个其他机械英雄你 打出或 拥有打出过本回合.)</i>
FLAVOR_MATRONOFDISCOVERY,All blueprints began as dreams.
CARDNAME_VIRASCETICMASTER,维尔·苦行僧大师
EFFECT_VIRASCETICMASTER,"当此 为在你的手牌中, 若你 拥有打出过英雄的 每个派系本回合, 将此牌转化为维尔, 昙花古鲁.<br>获取一个英雄在中央牌列无需支付费用和 将它放置在你的手牌中."
CARDNAME_EMRIDEMONSBANE,恶魔克星艾姆瑞
EFFECT_EMRIDEMONSBANE,"获得${ICON_POWER5}.<br>此回合, 你可以击败怪物在 虚空区视为在中央牌列. 放置怪物被击败以此方式置于其底： 传送门牌库."
CARDNAME_SECLUDEDLABORATORY,隐秘实验室
EFFECT_SECLUDEDLABORATORY,"若你打出过两 或更高机械英雄本回合, 将此牌转化为零 点反应堆."
FLAVOR_SECLUDEDLABORATORY,"Responsible for some of Hedron's greatest technological advances,,, and even greater explosions"
CARDNAME_VERDANTCROWN,翠绿冠冕
EFFECT_VERDANTCROWN,每回合一次，获得${ICON_HONOR2}.
FLAVOR_VERDANTCROWN,"Even the largest forest starts with but a single seed."" -Stone Circle Invocation"
CARDNAME_MILITIARU,民兵
EFFECT_MILITIARU,获得${ICON_POWER1}.
CARDNAME_OZIAHSFAMILIAR,奥齐亚的使魔
EFFECT_OZIAHSFAMILIAR,击败一个怪物以 费用 ${ICON_POWER4} 或更低无需支付费用.<br>${LABEL_MULTIUNITE} 重复此效果.
FLAVOR_OZIAHSFAMILIAR,"He's not playing with his food, he's teaching it a lesson."
CARDNAME_HEAVYINFANTRYRU,重装步兵
EFFECT_HEAVYINFANTRYRU,获得${ICON_POWER2}.
CARDNAME_INITIATESGAUNTLETS,新兵的护手
EFFECT_INITIATESGAUNTLETS,"若你打出过两 或更高虚空英雄本回合, 将此牌转化为黑暗之握."
FLAVOR_INITIATESGAUNTLETS,The gauntlets outlive many recruits before finally finding a less temporary owner.
CARDNAME_SCRYEROFTHELIDLESSEYE,无目之眼占卜者
EFFECT_SCRYEROFTHELIDLESSEYE,"抽两张牌, 然后弃掉卡牌. 若已弃掉卡牌为 圣贤, 返回它 以你的手牌."
FLAVOR_SCRYEROFTHELIDLESSEYE,"The monks gathered around the All-Seeing Eye, aghast at the the future it foretold."
CARDNAME_MANTRAOFTRUESIGHT,真言真正视界
EFFECT_MANTRAOFTRUESIGHT,每回合一次，你可以抽一张牌.
FLAVOR_MANTRAOFTRUESIGHT,"To see that which you seek, you must first close your eyes."" -Scroll Inscription"
CARDNAME_DEATHDEALERNOBLE,死神贵族
EFFECT_DEATHDEALERNOBLE,获得${ICON_POWER2}.<br>${LABEL_MULTIUNITE} 获得${ICON_POWER1}. <i>(获得此效果以 每个其他虚空英雄你 打出或 拥有打出过本回合.)</i>
CARDNAME_ANIMUSOFTHEWILD,魂魄荒野
EFFECT_ANIMUSOFTHEWILD,获得${ICON_RUNE2}.<br>你支付 ${ICON_RUNE1} 更低下次你获取一个英雄本回合.
FLAVOR_ANIMUSOFTHEWILD,Even the trees of Ogo have something to teach if you listen long enough.
CARDNAME_FORGOTTENSCRIPTURE,遗忘经文
EFFECT_FORGOTTENSCRIPTURE,"若你打出过两 或更高圣贤英雄本回合, 将此牌转化为真言的 真正视界."
FLAVOR_FORGOTTENSCRIPTURE,"Even on Arha, wisdom can be lost as ages pass and libraries are filled with new writings."
CARDNAME_NEOPHYTEMENTOR,新入门者导师
EFFECT_NEOPHYTEMENTOR,抽一张牌.<br> 下一秘教士或 重装步兵你 打出本回合视为作为派系的 你的choice.
FLAVOR_NEOPHYTEMENTOR,Watch your step.
CARDNAME_DEATHFINDER,寻死者
EFFECT_DEATHFINDER,${LABEL_REWARD} 获得${ICON_HONOR2}. 你可以放逐一张卡牌在你的手牌或弃牌堆.<br>${LABEL_RALLY_VOID}.
FLAVOR_DEATHFINDER,Not all who seek death find it. Some find a worse fate.
CARDNAME_WILDGEARSOWER,野性齿轮播种者
EFFECT_WILDGEARSOWER,"获得${ICON_RUNE2}.<br>获得${ICON_HONOR1} 以每个派系在你控制的神器之中. (派系为圣贤, 生命, 机械和 虚空)."
CARDNAME_SHADESBARGAIN,暗影交易
EFFECT_SHADESBARGAIN,"每回合一次，若你 拥有打出过两 或更高虚空卡牌 (包括此牌一), 获得${ICON_POWER2}."
FLAVOR_SHADESBARGAIN,Power never comes without a price.
CARDNAME_SADRANISDARKSAVANT,萨德拉尼斯·黑暗学者
EFFECT_SADRANISDARKSAVANT,"抽两张牌, 然后弃掉卡牌. 你可以放逐一张卡牌在你的弃牌堆."
FLAVOR_SADRANISDARKSAVANT,"Dhartha assured them, ""Not all who look into the darkness look to serve it. Just as we wield light, he wields darkness."
CARDNAME_MANTRAOFRENEWAL,真言更新
EFFECT_MANTRAOFRENEWAL,"每回合一次，若你 拥有打出过两 或更高圣贤卡牌 (包括此牌一), 抽一张牌."
FLAVOR_MANTRAOFRENEWAL,I will permit it to pass over me and through me. And when it has gone past I will turn the inner eye to see its path.
CARDNAME_THORNEDCHARGER,棘刺冲锋者
EFFECT_THORNEDCHARGER,${LABEL_REWARD} Gain${ICON_HONOR3}. 你可以放置英雄从 你的弃牌堆放到你的牌库顶.<br>${LABEL_RALLY_LIFEBOUND}.
FLAVOR_THORNEDCHARGER,"Dangerous in the wild, disastrous in a city."
CARDNAME_FLYTRAPSTAFF,捕蝇草法杖
EFFECT_FLYTRAPSTAFF,"每回合一次，若你 拥有打出过两 或更高生命卡牌 (包括此牌一), 获得${ICON_HONOR2}."
FLAVOR_FLYTRAPSTAFF,It's not the teeth you should be worried about.
CARDNAME_DAYBREAKASKARA,破晓阿斯卡拉
EFFECT_DAYBREAKASKARA,"复制本回合打出的一张英雄的效果。 若英雄曾是圣贤, 复制该 英雄之效果额外的次. 此效果不能是 被复制."
FLAVOR_DAYBREAKASKARA,She is inspiration given form.
CARDNAME_MORBIDHAMMER,病态锤
EFFECT_MORBIDHAMMER,"每回合一次，获得${ICON_POWER1}.<br>当此牌进入战场时, 你可以放逐一张卡牌在你的手牌或弃牌堆."
FLAVOR_MORBIDHAMMER,It's hammer time.
CARDNAME_SURYALIGHTSSWORD,苏尔亚·光明的剑
EFFECT_SURYALIGHTSSWORD,"击败一个怪物在中央牌列无需支付费用. 若它 费用 ${ICON_POWER7} 或更高, 拿取额外回合在此之后."
FLAVOR_SURYALIGHTSSWORD,"I do not wish to fight anymore, Master,"" Surya confided. Dhartha responded, ""And that is why it must be you."
CARDNAME_MANIACALCRUSHER,狂乱粉碎者
EFFECT_MANIACALCRUSHER,"获得${ICON_POWER2}.<br>下次你击败一个怪物在中央牌列本回合, ${LABEL_RALLY_VOID}."
FLAVOR_MANIACALCRUSHER,Nailed it.
CARDNAME_PROSPECTORSCOUT,探矿者斥候
EFFECT_PROSPECTORSCOUT,"获得${ICON_RUNE2}.<br>下次你获取神器在中央牌列本回合, ${LABEL_RALLY_MECHANA}."
FLAVOR_PROSPECTORSCOUT,"It's gold, baby! Gold!"
CARDNAME_XERONLORDOFDEOFOL,泽伦·迪奥福尔之主
EFFECT_XERONLORDOFDEOFOL,${LABEL_REWARD} 获得${ICON_HONOR6}.
TROPHY_XERONLORDOFDEOFOL,${LABEL_TROPHY_ONGOING} 你可以击败英雄在中央牌列被 支付 ${ICON_POWER} 相等以 其 ${ICON_RUNE} 费用. 若你如此做，获得${ICON_HONOR} 相等以 其 ${ICON_HONOR} 值和 复制效果的 该英雄.
CARDNAME_ARANYXTHEGLUTTON,阿兰尼克斯·贪食者
EFFECT_ARANYXTHEGLUTTON,${LABEL_REWARD} 获得${ICON_HONOR4}. 获得${ICON_POWER7}.<br>${LABEL_RALLY_MONSTER}.
FLAVOR_ARANYXTHEGLUTTON,Are you going to eat that?
CARDNAME_RIFTWATCHTURRET,裂隙守望T<space=-.1em>urret
EFFECT_RIFTWATCHTURRET,"每回合一次，获得${ICON_POWER1}.<br>每回合一次，当你 打出机械神器 (包括此牌一), 获得${ICON_POWER1}."
CARDNAME_EMRISSTING,艾姆瑞的毒刺
EFFECT_EMRISSTING,"每回合一次，获得${ICON_POWER2}.<br>当此牌进入战场时, 你可以放逐一张卡牌在你的手牌或弃牌堆."
FLAVOR_EMRISSTING,"Sharp, but fleeting, her sting kills before pain sets in."
CARDNAME_LIBRARYFAMILIAR,图书馆使魔
EFFECT_LIBRARYFAMILIAR,"每回合一次，当你 打出圣贤神器或 机械神器 (包括此牌一), 抽一张牌."
FLAVOR_LIBRARYFAMILIAR,Who? What? Where? When? Why?
CARDNAME_REJECTEDPROTOTYPE,废弃原型
EFFECT_REJECTEDPROTOTYPE,${LABEL_REWARD} 获得${ICON_HONOR3}. 你支付 ${ICON_RUNE3} 更低下次你获取神器本回合.<br>${LABEL_RALLY_MECHANA}.
CARDNAME_BETRAYEDTEMPLAR,被弃T<space=-.1em>emplar
EFFECT_BETRAYEDTEMPLAR,${LABEL_REWARD} 获得${ICON_HONOR5}. 你可以击败一个怪物在中央牌列以 费用 ${ICON_POWER5} 或更低无需支付费用.
FLAVOR_BETRAYEDTEMPLAR,"The last protector of an abandoned temple, Xeron was happy to give him a new cause."
CARDNAME_GNOMEREPAIRBOT,侏儒修理机
EFFECT_GNOMEREPAIRBOT,每回合一次，你可以放置机械神器从 你的弃牌堆放到你的牌库顶.
FLAVOR_GNOMEREPAIRBOT,Gnome improvement is serious business in Hedron.
CARDNAME_SURGEPROTECTOR,浪涌保护者
EFFECT_SURGEPROTECTOR,"选择一项： 获取一个神器以 费用 ${ICON_RUNE5} 或更低无需支付费用, 或击败一个怪物以 费用 ${ICON_POWER5} 或更低无需支付费用."
FLAVOR_SURGEPROTECTOR,An energizing force wherever she goes.
CARDNAME_WILDRIFTDRAKE,荒野裂隙龙兽
EFFECT_WILDRIFTDRAKE,${LABEL_REWARD} 获得${ICON_HONOR4}. 你可以放逐至多两 卡牌从你的手牌或 弃牌堆.
FLAVOR_WILDRIFTDRAKE,"The dark beasts shriek through the night sky, providing new nightmares for a new world."
CARDNAME_RIFTGATECONJUROR,裂隙门咒术师
EFFECT_RIFTGATECONJUROR,"获得${ICON_POWER3}.<br>下次你击败虚空怪物本回合, 获得其reward额外的次."
FLAVOR_RIFTGATECONJUROR,"What if something comes out of the portal?"" asked the initiate. Sadranis snickered, ""It will be terrified of what awaits it."
CARDNAME_SPARKBUG,火花虫
EFFECT_SPARKBUG,"每回合一次，若你 拥有打出过两 或更高机械卡牌 (包括此牌一), 获得${ICON_RUNE2}."
FLAVOR_SPARKBUG,Not all of the bugs in Hedron's machinery are bad.
CARDNAME_OGOCOURIER,奥戈信使
EFFECT_OGOCOURIER,"获得${ICON_RUNE2}.<br>下次你获取一个英雄在中央牌列, ${LABEL_RALLY_LIFEBOUND}."
FLAVOR_OGOCOURIER,"Make haste. If our new world is to be preserved, we must warn the others of Xeron's plans,"" Nairi urged."
CARDNAME_MUSEOFREBIRTH,缪斯重生
EFFECT_MUSEOFREBIRTH,获得${ICON_RUNE2}.<br>你可以放逐一张卡牌在你的手牌或弃牌堆.
FLAVOR_MUSEOFREBIRTH,"Death and decay are not just the end of an old life,  they are the beginning of a new one."
CARDNAME_RIFTDRAKERIDER,裂隙龙兽骑手
EFFECT_RIFTDRAKERIDER,抽两张牌.<br>你可以放逐至多两 卡牌在你的手牌或弃牌堆.
FLAVOR_RIFTDRAKERIDER,The quickest path is not always the one you can see.
CARDNAME_SHEPHERDOFTHELOST,牧者迷失
EFFECT_SHEPHERDOFTHELOST,"获得${ICON_RUNE2}.<br>若此 为被放逐从你的手牌或 弃牌堆, 获得${ICON_HONOR5}."
FLAVOR_SHEPHERDOFTHELOST,"Many of my brethren cling to life, forgetting that it is only one half of nature's cycle."
CARDNAME_GENESISCAPSULE,创世舱
EFFECT_GENESISCAPSULE,"每回合一次，当你 获取命约英雄或 机械神器, 你可以将它放置放到你的牌库顶."
FLAVOR_GENESISCAPSULE,Both druids and mechanics can appreciate redundancy.
CARDNAME_CLOCKWORKSENTRY,发条哨兵
EFFECT_CLOCKWORKSENTRY,"获得${ICON_POWER2}.<br>若你控制的两 或更高神器s, 获得额外的 ${ICON_POWER2}."
FLAVOR_CLOCKWORKSENTRY,Much more silent than their name would imply.
CARDNAME_EXHAUSTLURKER,废气潜伏者
EFFECT_EXHAUSTLURKER,${LABEL_REWARD} 获得${ICON_HONOR5}. 每位对手摧毁神器其控制的以 每个神器你控制的.
FLAVOR_EXHAUSTLURKER,「就因为排风口维护还不够危险。」
CARDNAME_ROOTSCRYER,根卜者
EFFECT_ROOTSCRYER,"展示你牌库顶的卡牌和 将它放置置入你的手牌. 若它 为圣贤或 生命, 获得${ICON_HONOR3}."
FLAVOR_ROOTSCRYER,"The monk listened to the trees' whispered mantra, and the entire world fell silent around him."
CARDNAME_SERENEASCETIC,宁静苦行僧
EFFECT_SERENEASCETIC,"当你 获取此, 你可以将它放置放到你的牌库顶.<br>抽两张牌."
FLAVOR_SERENEASCETIC,"A novice hears cacophony, a master hears only symphony."
CARDNAME_CANOPYSANCTUARY,树冠圣所
EFFECT_CANOPYSANCTUARY,"每回合一次，你可以展示你牌库顶的卡牌和 将它放置在你的手牌中. 若它 为圣贤或 生命, 获得${ICON_HONOR3}."
CARDNAME_PREMONITIONBELL,预感钟
EFFECT_PREMONITIONBELL,你可以摧毁此 以复制效果的 英雄在中央牌列以 费用 ${ICON_RUNE5} 或更低.
FLAVOR_PREMONITIONBELL,It echoes with tomorrow's song.
CARDNAME_GUIDEOFLOSTSOULS,迷途灵魂向导
EFFECT_GUIDEOFLOSTSOULS,你可以放逐一张卡牌在你的手牌或弃牌堆. 若你如此做，将它替换以 秘教士或 重装步兵.
FLAVOR_GUIDEOFLOSTSOULS,"The more the Askara learned of darkness from Sadranis, the further they ventured in search of those to help."
CARDNAME_CULTOFTHEFALSECIRCLE,邪教虚假环
EFFECT_CULTOFTHEFALSECIRCLE,${LABEL_REWARD} 获得${ICON_HONOR5}. 你可以获取一个英雄以 费用 ${ICON_RUNE5} 或更低无需支付费用.
FLAVOR_CULTOFTHEFALSECIRCLE,Their chants twisted in on themselves until there was nothing left but madness.
CARDNAME_MOONVEILCLIQUE,月纱小圈子
EFFECT_MOONVEILCLIQUE,"获得${ICON_RUNE2}.<br>${LABEL_UNITE} At结束时回合, 放置此 在你的手牌中而非你的弃牌堆."
FLAVOR_MOONVEILCLIQUE,Ogo's leylines can be seen at night by the faint glow of the Moonveil drawn to the magic.
CARDNAME_PACKLEADER,兽群首领
EFFECT_PACKLEADER,"当你 获取此, ${LABEL_RALLY_LIFEBOUND}.<br>获得${ICON_RUNE2}.<br>你可以花费 ${ICON_RUNE} 视为 ${ICON_POWER} 以击败生命怪物本回合."
CARDNAME_EMISSARYOFDAWN,使者黎明
EFFECT_EMISSARYOFDAWN,获取一个英雄无需支付费用. 获得${ICON_HONOR} 相等以 其 ${ICON_HONOR} 值.
FLAVOR_EMISSARYOFDAWN,"She soars over New Vigil to close each night, blessing all below with a new day's light."
CARDNAME_UNDAUNTEDSCOUT,无畏斥候
EFFECT_UNDAUNTEDSCOUT,"当你 获取此, ${LABEL_RALLY_VOID}.<br>获得${ICON_POWER2}."
FLAVOR_UNDAUNTEDSCOUT,"The most fearless in a society that values fearlessness, the scouts lead the charge, and all others follow."
CARDNAME_OVERHAULCLERIC,大修神职者
EFFECT_OVERHAULCLERIC,"当你 获取此, ${LABEL_RALLY_MECHANA}.<br>获得${ICON_RUNE2}.<br>若你控制的两 或更高神器s, 获得额外的 ${ICON_RUNE1}."
CARDNAME_AUSTERESAGE,严苛贤者
EFFECT_AUSTERESAGE,"抽一张牌.<br>你可以放逐一张卡牌在中央牌列, 然后 ${LABEL_RALLY_ENLIGHTENED}."
FLAVOR_AUSTERESAGE,"He speaks rarely, but all listen."
CARDNAME_NAIRIWILDQUEEN,奈莉·荒野女王
EFFECT_NAIRIWILDQUEEN,获得${ICON_HONOR1}. 抽一张牌.<br>${LABEL_UNITE} 获得${ICON_HONOR1}. 抽一张牌.
FLAVOR_NAIRIWILDQUEEN,She sees all. She loves all. She is all.
CARDNAME_CONVERSIONPORT,转化端口
EFFECT_CONVERSIONPORT,你可以将所有神器s作为如同他们为 所有派系.
FLAVOR_CONVERSIONPORT,Inspiration leads to innovation.
CARDNAME_PLASMACANNON,等离子加农
EFFECT_PLASMACANNON,"每回合一次，若你控制的四 或更高机械神器, 你可以获取或 击败任意卡牌在中央牌列无需支付费用."
CARDNAME_CORRUPTEDSAGE,腐化贤者
EFFECT_CORRUPTEDSAGE,${LABEL_REWARD} 获得${ICON_HONOR2}. 抽一张牌.<br>${LABEL_RALLY_ENLIGHTENED}.
FLAVOR_CORRUPTEDSAGE,Always looking for new students to  educate on the true nature of pain.
CARDNAME_KORTHEIRONMIND,科尔·铁心
EFFECT_KORTHEIRONMIND,"获得${ICON_RUNE2} 和 ${ICON_POWER2}.<br>若你控制的两 或更高神器s, 抽一张牌."
FLAVOR_KORTHEIRONMIND,"We do not give the metal life, we only help it find its form."
CARDNAME_ADAMBUILDERADEPT,亚当·建造者能手
EFFECT_ADAMBUILDERADEPT,"当你 获取此, 你可以获取神器在中央牌列无需支付费用.<br>获得${ICON_RUNE4}."
FLAVOR_ADAMBUILDERADEPT,He can always find a use for it.
CARDNAME_STARLIGHTSANCTUM,星光圣所
EFFECT_STARLIGHTSANCTUM,"每回合一次，获得${ICON_RUNE2}.<br>每回合一次，当你 获取一个英雄在中央牌列, 你可以获取一个英雄的 相等或更低er费用无需支付费用."
CARDNAME_DHARTHAMASTEROFSIGHT,达萨·大师视界
EFFECT_DHARTHAMASTEROFSIGHT,你可以放逐此牌或 卡牌在你的手牌中. 若你如此做，获取秘教士或 重装步兵无需支付费用和 将它放置在你的手牌中.
FLAVOR_DHARTHAMASTEROFSIGHT,"Tell me what you see, not what you think you see."
CARDNAME_SEEROFDAYSPAST,预言者往日过去
EFFECT_SEEROFDAYSPAST,"当你 获取此, ${LABEL_RALLY_ENLIGHTENED}.<br>抽一张牌. 若你 拥有${ICON_REPUTATION8} 或更高, 抽额外的卡牌."
FLAVOR_SEEROFDAYSPAST,"The world is new, but our past is still with us."
CARDNAME_DHARTHA,达萨
CARDNAME_SADRANIS,萨德拉尼斯
CARDNAME_NAIRI,奈莉
CARDNAME_KOR,科尔
CARDNAME_VIGILSRESOLVE,祈夜的决意
EFFECT_VIGILSRESOLVE,"当你 打出秘教士, 获得${ICON_RUNE1}.<br>当你 打出重装步兵, 获得${ICON_POWER1}."
FLAVOR_VIGILSRESOLVE,A sword's strength comes as much from the bearer as it does the metal.
CARDNAME_LOASLEEPINGDRAGON,洛阿·沉睡龙
EFFECT_LOASLEEPINGDRAGON,获得${ICON_INSIGHT3}.<br>抽一张牌.
FLAVOR_LOASLEEPINGDRAGON,"He takes the form of a dragon in the Dream world, but his real power lies in this one,"" explained Dhartha."
CARDNAME_TIDESTALKER,潮潜者
EFFECT_TIDESTALKER,${LABEL_REWARD} 获得${ICON_HONOR4}.
FLAVOR_TIDESTALKER,The local villagers have learned to be just  as wary of low tide as they are high tide.
CARDNAME_DELUDINGDJINN,欺瞒灯神
EFFECT_DELUDINGDJINN,${LABEL_REWARD} 获得${ICON_HONOR5}.<br>你可以花费 ${ICON_INSIGHT} 视为 ${ICON_POWER} 以击败此.
FLAVOR_DELUDINGDJINN,The distrust they sow is what makes them dangerous.
CARDNAME_AURAOFTHEASKARA,灵光阿斯卡拉
EFFECT_AURAOFTHEASKARA,"若你打出过两 圣贤英雄以 同名本回合, 你可以获取此 无需支付费用.<br>${LABEL_ONGOING} 每回合一次，你可以复制效果的 英雄你 拥有打出过本回合."
CARDNAME_EPHEMERALRITUALIST,昙花祭仪师
EFFECT_EPHEMERALRITUALIST,"获得${ICON_POWER4}, 然后放逐此牌."
FLAVOR_EPHEMERALRITUALIST,"Surrendering himself to the end, he found the means."
CARDNAME_FATALITYBLADES,致命双刃
EFFECT_FATALITYBLADES,"每回合一次，获得${ICON_POWER1}.<br>每回合一次，当你 击败一个怪物在中央牌列, 获得${ICON_INSIGHT1}."
FLAVOR_FATALITYBLADES,Finish him!
CARDNAME_FENMAW,沼巨口
EFFECT_FENMAW,${LABEL_REWARD} 获得${ICON_HONOR3}. 获得${ICON_INSIGHT2}.
FLAVOR_FENMAW,"The pathfinder raised a hand, ""Quiet. We must be respectful lest we draw the swamp's ire."
CARDNAME_ARHASENSEIDS,亚哈导师
EFFECT_ARHASENSEIDS,放逐一张卡牌在你的手牌中. 若你如此做，获取秘教士或 重装步兵无需支付费用. 加入它以 你的手牌.
FLAVOR_ARHASENSEIDS,"You do not see your own potential because you seek it out. It already lies within, you need only accept it."
CARDNAME_IMAGINATIVEMATRON,想象M<space=-.05em>atron
EFFECT_IMAGINATIVEMATRON,"抽一张牌, 然后弃掉卡牌.<br>${LABEL_UNITE} Return卡牌从 你的弃牌堆以 你的手牌."
FLAVOR_IMAGINATIVEMATRON,"The Dreamscape doesn't create the possibilities, it simply shows them to us."
CARDNAME_DREAMWILLOW,梦柳
EFFECT_DREAMWILLOW,"每回合一次，获得${ICON_RUNE1}.<br>每回合你首次打出命约英雄时, 获得${ICON_INSIGHT1}."
FLAVOR_DREAMWILLOW,The Dreamwillow's lullaby echoes throughout Ogo.
CARDNAME_UNBOUNDEMISSARY,解缚使者
EFFECT_UNBOUNDEMISSARY,你可以花费 ${ICON_INSIGHT} 视为 ${ICON_RUNE} 以获取此.<br>获取或 击败任意卡牌在中央牌列或 你的梦境无需支付费用.
CARDNAME_HEDRONBERSERKER,多面体狂战
EFFECT_HEDRONBERSERKER,"获得${ICON_RUNE3} 或 ${ICON_POWER3}. 若你控制的三 或更高神器s, 获得两者改为."
FLAVOR_HEDRONBERSERKER,Time to kick things into high gear.
CARDNAME_PLANARAPERTURE,位面孔径
EFFECT_PLANARAPERTURE,"当你 获取机械神器, 你可以支付 ${ICON_INSIGHT1} 以将其直接进入战场."
FLAVOR_PLANARAPERTURE,"It could lead anywhere, and that's usually the problem."
CARDNAME_PUPPETMASTER,傀儡师
EFFECT_PUPPETMASTER,${LABEL_REWARD} 获得${ICON_HONOR4}. 拿取${ICON_INSIGHT1} 从每位对手.
FLAVOR_PUPPETMASTER,The wraith pushes and prods the weak-willed into  accepting cowardly paths as their only option.
CARDNAME_BRAINSTORMSENTRY,头脑风暴哨兵
EFFECT_BRAINSTORMSENTRY,获得${ICON_RUNE1} 和 ${ICON_POWER1} 以每个机械神器你控制的.
FLAVOR_BRAINSTORMSENTRY,You are who you choose to be.
CARDNAME_WICKEDEND,邪终结
EFFECT_WICKEDEND,击败一个怪物在中央牌列无需支付费用.
FLAVOR_WICKEDEND,"Victory comes at a cost, but it is cheaper than defeat."
CARDNAME_FEARWIELDER,恐惧持有者
EFFECT_FEARWIELDER,"获得${ICON_POWER3}.<br>下次你击败一个怪物在中央牌列本回合, 将一张卡牌加入你的梦境."
CARDNAME_GARDENATTENDANT,园丁侍从
EFFECT_GARDENATTENDANT,获得${ICON_INSIGHT1}.<br>抽一张牌.
FLAVOR_GARDENATTENDANT,Dreams and plants need only be nurtured to grow.
CARDNAME_EPHEMERALINVENTOR,昙花发明家
EFFECT_EPHEMERALINVENTOR,"获得${ICON_RUNE3}, 然后放逐此牌."
FLAVOR_EPHEMERALINVENTOR,"Surrendering herself to machines, she found new possibilities."
CARDNAME_FLYTRAPFAIRY,捕蝇草妖精
EFFECT_FLYTRAPFAIRY,"获得${ICON_RUNE1}, ${ICON_HONOR1}, 和 ${ICON_INSIGHT1}."
FLAVOR_FLYTRAPFAIRY,"She smiled as she darted quickly through the thicket, toying with the flytraps as they snapped shut behind her."
CARDNAME_VERDAGRISTHEWILD,维达格里斯·荒野
EFFECT_VERDAGRISTHEWILD,"获得${ICON_RUNE4}.<br>每位次 你获取一个英雄本回合, 获得${ICON_INSIGHT} 相等以 其 ${ICON_HONOR} 值."
CARDNAME_DREAMWILLOWDRUIDS,梦柳德鲁伊
EFFECT_DREAMWILLOWDRUIDS,选择一项： 获取一个英雄以 费用 ${ICON_RUNE5} 或更低无需支付费用; 或将一张卡牌加入你的梦境.
FLAVOR_DREAMWILLOWDRUIDS,"Their rituals are a beautiful combination of dance, lullaby, and sleep."
CARDNAME_FLEETINGHOPEDJINN,飞逝希望灯神
EFFECT_FLEETINGHOPEDJINN,${LABEL_REWARD} 获得${ICON_HONOR5}. 加入两卡牌以 你的梦境.
FLAVOR_FLEETINGHOPEDJINN,"Beware the words you long to hear, lest they lead you to the end you fear."
CARDNAME_LUNARPACK,月P<space=-.05em>ack
EFFECT_LUNARPACK,获得${ICON_RUNE2}.<br>${LABEL_UNITE} 获得${ICON_INSIGHT2}.
FLAVOR_LUNARPACK,"Unlike other regions of Vigil, Ogo is safer at night than during the day."
CARDNAME_PASYTHEATHEAEGIS,帕西提亚·神盾
EFFECT_PASYTHEATHEAEGIS,"此英雄视为作为所有派系.<br>获得${ICON_RUNE3}, ${ICON_POWER3}, 和 ${ICON_HONOR3}.<br>若你控制的帕西提亚的守护, 你可以获取此 无需支付费用和 将它放置置入你的手牌."
CARDNAME_NOCTURNALSEER,夜行预言者
EFFECT_NOCTURNALSEER,抽一张牌.<br>你可以支付 ${ICON_RUNE1} 更低下次你获取梦生卡牌本回合.
FLAVOR_NOCTURNALSEER,"For her, the dream and the real are one in the same."
CARDNAME_CAUSTICCONJURER,腐蚀咒术师
EFFECT_CAUSTICCONJURER,获得${ICON_INSIGHT1}.<br>你可以放逐一张卡牌在你的手牌或弃牌堆.
FLAVOR_CAUSTICCONJURER,"For some, the dreams brought new possibilities, for others, new terrors to share with the world."
CARDNAME_EPHEMERALDRUID,昙花德鲁伊
EFFECT_EPHEMERALDRUID,"获得${ICON_HONOR5}, 然后放逐此牌."
FLAVOR_EPHEMERALDRUID,"Surrendering herself to fate, she found peace."
CARDNAME_ALLURINGSHAMAN,魅惑萨满
EFFECT_ALLURINGSHAMAN,获得${ICON_RUNE1}.<br>你可以支付 ${ICON_INSIGHT1} 以获得${ICON_HONOR3}.
FLAVOR_ALLURINGSHAMAN,His song can calm even the most restless.
CARDNAME_ARBITERSCENSER,仲裁者香炉
EFFECT_ARBITERSCENSER,"当你 击败一个怪物在中央牌列, 获得${ICON_HONOR2}."
FLAVOR_ARBITERSCENSER,It lights the way to the next victim.
CARDNAME_EPHEMERALMONK,昙花僧侣
EFFECT_EPHEMERALMONK,"抽 2 卡牌, 然后放逐此牌."
FLAVOR_EPHEMERALMONK,"Surrendering himself to the question, he found the answer."
CARDNAME_ARMISTICE,停战
EFFECT_ARMISTICE,每位玩家弃掉其 手牌和 抽五 卡牌.
FLAVOR_ARMISTICE,"Dhartha raised his hand to quiet the gathered emissaries, ""We must not despair. The only way Nilus can grow in strength is if we lose faith in each other."
CARDNAME_INQUARRYHYDRA,采石九头蛇
EFFECT_INQUARRYHYDRA,每回合一次，获得${ICON_INSIGHT1} 以每个机械神器你控制的 (包括此牌一).
FLAVOR_INQUARRYHYDRA,The Ferromancers gave it the spark of curiosity it  needed to constantly dig deeper.
CARDNAME_TRINKETHARPY,饰品鹰身女妖
EFFECT_TRINKETHARPY,${LABEL_REWARD} 获得${ICON_HONOR3}. 将一张卡牌加入你的梦境.
FLAVOR_TRINKETHARPY,That's a beautiful pendant. Such a shame you won't be needing it anymore.
CARDNAME_CALLOFDARKNESS,黑暗呼唤
EFFECT_CALLOFDARKNESS,放逐至多 5 卡牌在你的手牌或弃牌堆.
FLAVOR_CALLOFDARKNESS,The dreams of Sadranis and his summoners would be indistinguishable from nightmares for most people.
CARDNAME_TECHNOLOGICALLEAP,科技跃进
EFFECT_TECHNOLOGICALLEAP,获取所有神器s在中央牌列无需支付其 费用.
FLAVOR_TECHNOLOGICALLEAP,"While the other factions dream of greatness, Hedron  is content to dream of great new inventions."
CARDNAME_HULKINGCRAB,庞大蟹
EFFECT_HULKINGCRAB,${LABEL_REWARD} 获得${ICON_HONOR4}. 每位对手摧毁half的其 神器s进位至多.
FLAVOR_HULKINGCRAB,You'd be just as crabby if you couldn't  find a shell big enough.
CARDNAME_NIGHTMAREHARVESTER,梦魇收割者
EFFECT_NIGHTMAREHARVESTER,获得${ICON_POWER4}. 你可以支付 ${ICON_INSIGHT1} 以获得${ICON_RUNE4} 改为.
FLAVOR_NIGHTMAREHARVESTER,It would be a shame to let all this terror go to waste.
CARDNAME_BERSERKERFRENZY,狂战狂乱
EFFECT_BERSERKERFRENZY,"若你 拥有被击败三 或更高怪物在中央牌列本回合, 你可以获取此 无需支付费用.<br>获得${ICON_HONOR10}.<br>${LABEL_ONGOING} 每回合一次，当你 击败一个怪物, 双倍其 ${ICON_HONOR} reward."
CARDNAME_REVERIEMUSE,幻想缪斯
EFFECT_REVERIEMUSE,获得${ICON_RUNE1}.<br>${LABEL_UNITE} Double你的 ${ICON_RUNE}.
FLAVOR_REVERIEMUSE,"Her gentle melodies drift through the dream meadows, filling the souls throughout with peace and possibility."
CARDNAME_LUNAREMBRACE,月拥抱
EFFECT_LUNAREMBRACE,此回合你可以花费 ${ICON_RUNE} 视为 ${ICON_POWER}.
FLAVOR_LUNAREMBRACE,"The moon's magic took over, pushing everything  out until instinct was all that was left."
CARDNAME_ENGULFINGKRAKEN,吞噬克拉肯
EFFECT_ENGULFINGKRAKEN,"${LABEL_REWARD} 获得${ICON_HONOR6}. 拿取一张卡牌随机从 每位对手之梦境, 和将它们加入你的梦境."
FLAVOR_ENGULFINGKRAKEN,"By the time you know it's there, it's already too late."
CARDNAME_NAIRISBLESSING,奈莉的祝福
EFFECT_NAIRISBLESSING,"若你打出过三 或更高命约英雄本回合, 你可以获取此 无需支付费用.<br>获得${ICON_HONOR10}.<br>${LABEL_ONGOING} 你为 视为以 拥有打出过命约英雄每回合."
CARDNAME_CETRASRESPITE,塞特拉的喘息
EFFECT_CETRASRESPITE,获取一个英雄在中央牌列无需支付费用.
FLAVOR_CETRASRESPITE,"In the fell clutch of circumstance, I have not winced nor cried aloud. Under the bludgeonings of chance, my head is bloody, but unbowed."
CARDNAME_RUSTGREMLIN,锈小妖
EFFECT_RUSTGREMLIN,${LABEL_REWARD} 获得${ICON_HONOR1}. 抽一张牌.
FLAVOR_RUSTGREMLIN,The very embodiment of everything that can go wrong in Hedron.
CARDNAME_RAKADREAMTENDER,拉卡·守梦者
EFFECT_RAKADREAMTENDER,获得${ICON_HONOR5}.<br>将一张卡牌加入你的梦境.
FLAVOR_RAKADREAMTENDER,"Nairi corrected them, ""He's no hermit. He simply considers wildlife and his dreams to be more tolerable than people."
CARDNAME_DREAMLAB,梦实验室
EFFECT_DREAMLAB,你可以支付 ${ICON_RUNE1} 更低以 获取神器s在中央牌列.
FLAVOR_DREAMLAB,"In the Dreamscape, the line between impossible and possible is as illusory as everything else."
CARDNAME_NILUSTHEDESPAIR,尼卢斯·绝望
EFFECT_NILUSTHEDESPAIR,${LABEL_REWARD} 获得${ICON_HONOR7}. 获取顶部三 卡牌的 梦牌库无需支付其 费用.
FLAVOR_NILUSTHEDESPAIR,"The Templar's thoughts turned on themselves, and he knew it was already too late."
CARDNAME_ORDEROFTHEGEAR,秩序齿轮
EFFECT_ORDEROFTHEGEAR,"若你控制的四 或更高神器s, 你可以获取此 无需支付费用.<br>${LABEL_ONGOING} 你的机械英雄为 神器s改为. 你可以use其异能每回合一次."
CARDNAME_CHAOSCANNON,混沌加农
EFFECT_CHAOSCANNON,每回合一次，你可以支付 ${ICON_INSIGHT5} 以获得${ICON_POWER10}. 你可以支付 ${ICON_INSIGHT1} 更低以use此异能以 每个其他机械神器你控制的.
CARDNAME_TESTOFFAITH,试炼信仰
EFFECT_TESTOFFAITH,"展示传送门牌库顶的卡牌. 获取或 击败它 无需支付费用. 若你 获取一个英雄以此方式, 将它放置置入你的手牌."
CARDNAME_EMRISHADOWSLAYER,斩影者艾姆瑞
EFFECT_EMRISHADOWSLAYER,获得${ICON_POWER5}.<br>你可以花费 ${ICON_POWER} 视为 ${ICON_INSIGHT} 本回合.
FLAVOR_EMRISHADOWSLAYER,"Without the real world to to constrain her, Emri became even more gruesomely efficient."
CARDNAME_STALKTHESHADOWS,潜行暗影
EFFECT_STALKTHESHADOWS,此回合你可以击败怪物在 虚空区视为在中央牌列.
FLAVOR_STALKTHESHADOWS,"Emri's assassins always find their target,  regardless of where it believes it can hide."
CARDNAME_LOAMSUMMONER,沃土召唤师
EFFECT_LOAMSUMMONER,将一张卡牌加入你的梦境.<br>你可以放逐一张卡牌在你的手牌或弃牌堆.
FLAVOR_LOAMSUMMONER,"The bog swirled and bubbled with her incantations, awakening to the dark new purpose she had in mind."
CARDNAME_SYNAPSESPIRE,突触尖塔
EFFECT_SYNAPSESPIRE,"每回合一次，当你 打出机械神器 (包括此牌一), 将一张卡牌加入你的梦境."
CARDNAME_TH07TANK,TH07T<space=-.1em>ank
EFFECT_TH07TANK,每回合一次，你可以支付 ${ICON_INSIGHT1} 以获得${ICON_RUNE3}. 你可以花费它们只 以获取机械神器.
FLAVOR_TH07TANK,It gives new meaning to being lost in thought.
CARDNAME_ASHESTOASHES,灰烬归于灰烬
EFFECT_ASHESTOASHES,放逐所有卡牌在中央牌列.
FLAVOR_ASHESTOASHES,"Born of nothing, we will return to nothing.""<br>-Deathsworn Oath"
CARDNAME_ID34DETECTOR,ID34探测器
EFFECT_ID34DETECTOR,"每回合一次，当你 打出机械神器 (包括此牌一), 获得${ICON_INSIGHT1}."
FLAVOR_ID34DETECTOR,A vast upgrade over the ID-0NT model.
CARDNAME_YGGDRASILCANOPY,世界树树冠
EFFECT_YGGDRASILCANOPY,"当你 会获得${ICON_HONOR} 没有击败怪物, 获得两次该 等量的 ${ICON_HONOR} 改为."
FLAVOR_YGGDRASILCANOPY,From there come the dews that drop in the dells. It stands forever green over Aiyana's wells.
CARDNAME_DREAMSHAPERJESSE,塑梦者杰西
EFFECT_DREAMSHAPERJESSE,获取顶部卡牌的 梦牌库无需支付费用.
FLAVOR_DREAMSHAPERJESSE,Expand what you understand to be possible until it includes that which you believed to be impossible.
CARDNAME_CHRONICLEOFVIGIL,祈夜编年史
EFFECT_CHRONICLEOFVIGIL,每回合一次，获得${ICON_HONOR1} 以每个派系在你控制的神器之中. (此卡牌具有没有派系.)
FLAVOR_CHRONICLEOFVIGIL,"Together, we thrive; alone, we perish."
CARDNAME_PASYTHEASWARD,帕西提亚的W<space=-.1em>ard
EFFECT_PASYTHEASWARD,每回合一次，获得${ICON_INSIGHT1}.
FLAVOR_PASYTHEASWARD,Pasythea grants her protection only to those who have proven themselves brave enough to warrant it.
CARDNAME_VERDANTHATCHLING,翠绿幼体
EFFECT_VERDANTHATCHLING,获得${ICON_HONOR2}.<br>${LABEL_UNITE} 获得${ICON_RUNE2}.
FLAVOR_VERDANTHATCHLING,"When Verdagris awakens, so do the hatchling."
CARDNAME_DUSTTODUST,尘土toD<space=-.05em>ust
EFFECT_DUSTTODUST,摧毁所有神器s你的对手控制.
FLAVOR_DUSTTODUST,"Permanence is merely an illusion brought about by equally impermanent lives,"" Dhartha expounded."
CARDNAME_TEMPLARDRAGOON,圣殿武士龙骑兵
EFFECT_TEMPLARDRAGOON,"击败一个怪物以 费用 ${ICON_POWER4} 或更低无需支付费用, 或将一张卡牌加入你的梦境."
FLAVOR_TEMPLARDRAGOON,It beats walking.
CARDNAME_DELUXECAPACITOR,豪华电容
EFFECT_DELUXECAPACITOR,"你可以视为梦神器s作为如同他们为 机械神器.<br>每回合一次，当你 打出机械神器 (包括此牌一), 抽一张牌."
CARDNAME_BRINGEROFDESPAIR,带来者绝望
EFFECT_BRINGEROFDESPAIR,获得${ICON_POWER2}.<br>${LABEL_UNITE} Double你的 ${ICON_POWER}.
FLAVOR_BRINGEROFDESPAIR,"I looked, and behold, an ashen horse; and  he who sat on it had the name Death."
CARDNAME_NIGHTMARETYRANT,梦魇T<space=-.1em>yrant
EFFECT_NIGHTMARETYRANT,${LABEL_REWARD} 获得${ICON_HONOR5}. 获取一个卡牌从 你的梦境无需支付费用.
FLAVOR_NIGHTMARETYRANT,Rattling bones and screams of death announce his approach more effectively than a roar ever could.
CARDNAME_DREAMKILLER,弑梦者
EFFECT_DREAMKILLER,获得${ICON_POWER2} 和 ${ICON_INSIGHT1}.
FLAVOR_DREAMKILLER,Some people ruin all the fun.
CARDNAME_ASKARANARMOR,阿斯卡拉甲
EFFECT_ASKARANARMOR,"每回合一次，当你 获取卡牌从 你的梦境, 你可以将一张卡牌加入你的梦境."
FLAVOR_ASKARANARMOR,"Anvils rang across the Dreamscape, echoing the armorsmiths' renewed inspiration."
CARDNAME_THIEVINGGRYPHON,偷窃狮鹫
EFFECT_THIEVINGGRYPHON,${LABEL_REWARD} 获得${ICON_HONOR2}. 获得${ICON_RUNE2}.
FLAVOR_THIEVINGGRYPHON,"Not everything on New Vigil is terrifyingly weird, sometimes it's just run-of-the-mill scary."
CARDNAME_AUSPICIOUSASKARA,吉兆阿斯卡拉
EFFECT_AUSPICIOUSASKARA,抽一张牌.<br>${LABEL_UNITE} 你可以放逐一张卡牌在中央牌列.
CARDNAME_AKLYSTHESCOURGE,阿克里斯·灾祸
EFFECT_AKLYSTHESCOURGE,${LABEL_REWARD} 获得${ICON_HONOR6}.
DAY_AKLYSTHESCOURGE,${LABEL_DAY} 此费用为 ${ICON_POWER5} 更低以 击败.
NIGHT_AKLYSTHESCOURGE,${LABEL_NIGHT} 击败所有其他怪物在中央牌列无需支付费用.
CARDNAME_SOLARSENTRY,日哨兵
EFFECT_SOLARSENTRY,获得${ICON_RUNE2}.
DAY_SOLARSENTRY,${LABEL_DAY} 获得额外的 ${ICON_RUNE2}.
FLAVOR_SOLARSENTRY,It didn't take long for the monks to harness the power of their cause.
CARDNAME_MARSHRANGER,沼泽游侠
EFFECT_MARSHRANGER,获得${ICON_RUNE1} 和 ${ICON_HONOR1}. 抽一张牌.<br>${LABEL_UNITE} 获得${ICON_RUNE1} 和 ${ICON_HONOR1}. 抽一张牌.<br><i>(获得此效果一次若 你打出或 拥有打出过另一命约英雄本回合.)</i>
CARDNAME_SURESHOTTRACKER,神射T<space=-.1em>racker
EFFECT_SURESHOTTRACKER,"获得${ICON_POWER2}.<br>若你 打出或 拥有打出过闪光追踪者本回合, 抽一张牌."
FLAVOR_SURESHOTTRACKER,Right on target.
CARDNAME_SEARINGASKARA,灼热阿斯卡拉
EFFECT_SEARINGASKARA,放逐一张卡牌在中央牌列. 然后你可以获取卡牌以 费用 ${ICON_RUNE3} 或更低无需支付费用.
FLAVOR_SEARINGASKARA,Her flame sears a path right into the heart of darkness.
CARDNAME_FLARETRACKER,闪光T<space=-.1em>racker
EFFECT_FLARETRACKER,"获得${ICON_RUNE2}.<br>若你 打出或 拥有打出过神射追踪者本回合, 抽一张牌."
FLAVOR_FLARETRACKER,"The Lifebound call them 'leylines', the Mechana just call them fuel."
CARDNAME_ILLUMINATOR,照明者
DAY_ILLUMINATOR,${LABEL_DAY} 每回合一次，获得${ICON_RUNE1} 和 ${ICON_POWER1} 以每个机械神器你控制的.
FLAVOR_ILLUMINATOR,Operators spend months studying for their license to ill.
CARDNAME_LIEUTENANTDUROS,副官杜洛斯
EFFECT_LIEUTENANTDUROS,${LABEL_REWARD} 获得${ICON_HONOR4}.
DAY_LIEUTENANTDUROS,${LABEL_DAY} 拿取一张卡牌随机从 每位对手之手牌和 将它们加入你的手牌.
NIGHT_LIEUTENANTDUROS,${LABEL_NIGHT} 拿取${ICON_HONOR5} 从对手的 你的choice.
CARDNAME_INSPIREDTEMPLAR,受启T<space=-.1em>emplar
EFFECT_INSPIREDTEMPLAR,击败一个怪物以 费用 ${ICON_POWER4} 或更低无需支付费用.
DAY_INSPIREDTEMPLAR,${LABEL_DAY} 击败任意怪物改为.
FLAVOR_INSPIREDTEMPLAR,"His blade and will are sharp, forged anew in the light."
CARDNAME_DECEITFULGHOUL,欺诈食尸鬼
EFFECT_DECEITFULGHOUL,${LABEL_REWARD} 获得${ICON_HONOR2}.
TROPHY_DECEITFULGHOUL,${LABEL_TROPHY} 放逐此 以放逐一张卡牌在中央牌列.
FLAVOR_DECEITFULGHOUL,Sometimes the most dangerous thing is a wide smile.
CARDNAME_FOUNDRYHOUND,铸造厂猎犬
EFFECT_FOUNDRYHOUND,"每回合一次，若你 打出机械神器 (包括此牌一) 或若 它为 昼, 获得${ICON_RUNE2}."
FLAVOR_FOUNDRYHOUND,You'll have a ruff time getting by his watchful eyes.
CARDNAME_EMBERWINGMOTH,烬翼蛾
EFFECT_EMBERWINGMOTH,${LABEL_REWARD} 获得${ICON_HONOR5}.
DAY_EMBERWINGMOTH,"${LABEL_DAY} 以每位对手, 你选择和 摧毁一个神器其控制的."
NIGHT_EMBERWINGMOTH,${LABEL_NIGHT} 每位对手chooses神器其控制的和 摧毁rest.
CARDNAME_LIGHTOFFALSEHOPE,光虚假希望
EFFECT_LIGHTOFFALSEHOPE,${LABEL_REWARD} 获得${ICON_HONOR4}.
NIGHT_LIGHTOFFALSEHOPE,${LABEL_NIGHT} 抽 2 卡牌.
FLAVOR_LIGHTOFFALSEHOPE,Don't follow the lights!
CARDNAME_WRECKLAMAX,回收残机
EFFECT_WRECKLAMAX,"每回合一次，若你 打出机械神器 (包括此牌一) 或若 它为 昼, 抽一张牌."
FLAVOR_WRECKLAMAX,Are you ready to rubble?
CARDNAME_RESCUEBOT505,救援机505
EFFECT_RESCUEBOT505,"当你 获取此 和它 为昼, 将其直接进入战场.<br>当你 获取机械神器, 将其直接进入战场."
CARDNAME_BRINGEROFHOPE,带来者希望
EFFECT_BRINGEROFHOPE,放逐一张卡牌在你的手牌中. 若你如此做，加入秘教士和 重装步兵以 你的手牌.
FLAVOR_BRINGEROFHOPE,"Born in the light, he serves it in darkness."
CARDNAME_DARKGLADIATOR,黑暗角斗士
EFFECT_DARKGLADIATOR,获得${ICON_POWER2}.
NIGHT_DARKGLADIATOR,${LABEL_NIGHT} 获得额外的 ${ICON_POWER2}.
FLAVOR_DARKGLADIATOR,"Others fear the dark, he thrives in it."
CARDNAME_SCAVENGERANTS,拾荒者蚁群
EFFECT_SCAVENGERANTS,${LABEL_REWARD} 获得${ICON_HONOR4}.
DAY_SCAVENGERANTS,${LABEL_DAY} 获得${ICON_RUNE3}.
FLAVOR_SCAVENGERANTS,"They'll build out of anything, even you."
CARDNAME_ISHATHEPURSUER,伊莎·追猎者
EFFECT_ISHATHEPURSUER,"获得${ICON_POWER3}.<br>下次你击败一个怪物本回合, 获得${ICON_RUNE} 相等以 被击败怪物之 ${ICON_POWER} 费用."
CARDNAME_EVERBLOOMWITCH,永绽女巫
EFFECT_EVERBLOOMWITCH,获得${ICON_HONOR3}.<br>${LABEL_UNITE} 获得${ICON_HONOR3}.<br><i>(获得此效果一次若 你打出或 拥有打出过另一命约英雄本回合.)</i>
CARDNAME_VERDANTCHANTER,翠绿咏者
EFFECT_VERDANTCHANTER,获得${ICON_RUNE2}.
NIGHT_VERDANTCHANTER,${LABEL_NIGHT} 你可以放置英雄你 获取本回合放到你的牌库顶.
FLAVOR_VERDANTCHANTER,Even the forest needs hope in the absence of light.
CARDNAME_ARHAHISTORIAN,亚哈史官
EFFECT_ARHAHISTORIAN,"抽一张牌. 若你 打出或 拥有打出过秘教士或 重装步兵本回合, 抽额外的卡牌."
FLAVOR_ARHAHISTORIAN,Heroic acts undertaken by common people make for the best tales.
CARDNAME_LEGIONOFAKLYS,军团阿克里斯
EFFECT_LEGIONOFAKLYS,"若所有卡牌在中央牌列为 ${ICON_NIGHT} 卡牌, 你可以击败此 无需支付费用.<br>${LABEL_REWARD} 获得${ICON_HONOR5}."
NIGHT_LEGIONOFAKLYS,"${LABEL_TROPHY_ONGOING} 当你 获取或 击败 ${ICON_NIGHT} 卡牌, 获得${ICON_HONOR2}."
CARDNAME_DREADCONJURER,恐惧咒术师
EFFECT_DREADCONJURER,抽一张牌.
NIGHT_DREADCONJURER,${LABEL_NIGHT} 你可以放逐一张卡牌在你的手牌或弃牌堆.
FLAVOR_DREADCONJURER,"Don't tell him your fears, that spoils the fun."
CARDNAME_SHADECONVERTER,暗影转化者
EFFECT_SHADECONVERTER,"若你控制的三 或更高机械神器, 你可以视为你的回合作为昼."
FLAVOR_SHADECONVERTER,Let there be light.
CARDNAME_SHADEVIPER,暗影毒蛇
EFFECT_SHADEVIPER,${LABEL_REWARD} 获得${ICON_HONOR2}.
DAY_SHADEVIPER,"${LABEL_TROPHY} 若当前为昼, 放逐此牌以 获得${ICON_RUNE1}."
NIGHT_SHADEVIPER,"${LABEL_TROPHY} 若当前为夜, 放逐此牌以 获得${ICON_POWER1}."
CARDNAME_CAVERNCREEPER,洞穴爬行者
EFFECT_CAVERNCREEPER,${LABEL_REWARD} 获得${ICON_HONOR1} 和 ${ICON_RUNE1}.
FLAVOR_CAVERNCREEPER,Even a tiny spider can kill you if you don't see it coming.
CARDNAME_TWILIGHTSCOUT,暮光斥候
EFFECT_TWILIGHTSCOUT,抽一张牌.
DAY_TWILIGHTSCOUT,${LABEL_DAY} 抽额外的卡牌.
FLAVOR_TWILIGHTSCOUT,Their love for the light leads them where it is needed most.
CARDNAME_SHADEOFSADRANIS,暗影萨德拉尼斯
EFFECT_SHADEOFSADRANIS,获得${ICON_POWER4}.
NIGHT_SHADEOFSADRANIS,"${LABEL_NIGHT} 一次本回合, 你可以击败非战利品怪物在 虚空区视为在中央牌列. 若你如此做，将它放置置于其底： 传送门牌库."
CARDNAME_WARTORNARBITER,战创仲裁者
EFFECT_WARTORNARBITER,获得${ICON_POWER1}. 你可以放逐一张卡牌在你的手牌或弃牌堆.
NIGHT_WARTORNARBITER,${LABEL_NIGHT} 获得${ICON_POWER1}. 你可以放逐一张卡牌在你的手牌或弃牌堆.
CARDNAME_PILLAROFRESOLVE,柱决意
EFFECT_PILLAROFRESOLVE,"每回合一次，若你 拥有打出过秘教士和 重装步兵, 抽两张牌."
FLAVOR_PILLAROFRESOLVE,"The ultimate measure of a person is not where they stand in moments of comfort, but where they stand at times of challenge."
CARDNAME_VYRAKTHEFIRST,维拉卡·初代
EFFECT_VYRAKTHEFIRST,你可以花费 ${ICON_POWER} 作为 ${ICON_RUNE} 以获取此.<br>获得${ICON_HONOR10}.
FLAVOR_VYRAKTHEFIRST,Even the druids have forgotten the tongue he was named in.
CARDNAME_DEADEYEASSASSIN,死眼刺客
EFFECT_DEADEYEASSASSIN,获得${ICON_POWER3}.<br>获得额外的 ${ICON_POWER1} 以每个虚空卡牌在你的弃牌堆.
FLAVOR_DEADEYEASSASSIN,Just hope she never has eyes for you.
CARDNAME_SHRINEATTENDANT,神龛侍从
EFFECT_SHRINEATTENDANT,加入秘教士或 重装步兵以 你的手牌.
FLAVOR_SHRINEATTENDANT,"The smallest acts can do the most to keep hope alive, even in the darkest nights when it seems impossible."
CARDNAME_DOGSOFWAR,犬W<space=-.05em>ar
EFFECT_DOGSOFWAR,获得${ICON_POWER1}.<br>你可以放逐一张卡牌在你的手牌或弃牌堆. 若你如此做，获得额外的 ${ICON_POWER1}.
FLAVOR_DOGSOFWAR,Their currency is flesh and bone.
CARDNAME_TAHYRTHESUN,T<space=-.15em>a<space=-.1em>'hyr·太阳
EFFECT_TAHYRTHESUN,"若所有卡牌在中央牌列为 ${ICON_DAY} 卡牌, 你可以获取此 无需支付费用.<br>获取一个卡牌在中央牌列无需支付费用."
DAY_TAHYRTHESUN,${LABEL_DAY} 加入所获取的卡牌以 你的手牌.
CARDNAME_SUNSTREAKCOURIER,日迹信使
EFFECT_SUNSTREAKCOURIER,获得${ICON_RUNE1} 和 ${ICON_POWER1}.
FLAVOR_SUNSTREAKCOURIER,He moves so quickly he has no need for the cover of night.
CARDNAME_LUROTHEHUNTER,卢罗·猎手
EFFECT_LUROTHEHUNTER,获得${ICON_RUNE3}.
NIGHT_LUROTHEHUNTER,${LABEL_NIGHT} 你可以花费 ${ICON_RUNE} 作为 ${ICON_POWER} 和 ${ICON_POWER} 作为 ${ICON_RUNE} 本回合.
CARDNAME_WATCHTOWERGOLEM,瞭望塔魔像
EFFECT_WATCHTOWERGOLEM,"每回合一次，若你 打出机械神器 (包括此牌一) 或若 它为 昼, 获得${ICON_POWER2}."
FLAVOR_WATCHTOWERGOLEM,太好了，有客人！
CARDNAME_SHARDWINGBEETLE,晶翼甲虫
EFFECT_SHARDWINGBEETLE,"${LABEL_REWARD} 获得${ICON_HONOR3}.<br>当你 击败此, 你可以支付 ${ICON_RUNE3} 以获得额外的 ${ICON_HONOR3}."
FLAVOR_SHARDWINGBEETLE,A chilling end.
CARDNAME_LUNARGUARDIAN,月守卫
EFFECT_LUNARGUARDIAN,获得${ICON_RUNE2}.
NIGHT_LUNARGUARDIAN,${LABEL_NIGHT} 获得${ICON_POWER2}.
FLAVOR_LUNARGUARDIAN,"They live for the forest, but they can also die for it."
CARDNAME_MAPOFTHESTARS,星图
EFFECT_MAPOFTHESTARS,每回合一次，获得${ICON_RUNE1} 和 ${ICON_POWER1}.
FLAVOR_MAPOFTHESTARS,"Even in an unnatural night, Cetra guides us."
CARDNAME_RIFTWATCHOUTPOST,裂隙守望前哨
EFFECT_RIFTWATCHOUTPOST,每回合一次，获得${ICON_POWER1}.<br>你可以摧毁此 以获得${ICON_POWER1}.
FLAVOR_RIFTWATCHOUTPOST,"The watchtowers jut out of the darkness, as if to keep watch on the light."
CARDNAME_EARTHMENDERPURA,愈地者普拉
EFFECT_EARTHMENDERPURA,获得${ICON_RUNE3}.<br>你可以放置怪物从你的手牌或 弃牌堆置入对手之弃牌堆.
FLAVOR_EARTHMENDERPURA,His healing chants replenish life in the wake of chaos.
CARDNAME_EMRIBORNOFBATTLE,战生艾姆瑞
EFFECT_EMRIBORNOFBATTLE,"获得${ICON_POWER4}.<br>每回合一次，当你 击败一个怪物在中央牌列, 拿取${ICON_HONOR2} 从每个其他玩家."
CARDNAME_MADNESSEMBRACE,疯狂之拥
EFFECT_MADNESSEMBRACE,"每回合一次，若你 拥有被击败怪物在中央牌列, 你可以放逐一张卡牌在你的手牌或弃牌堆."
FLAVOR_MADNESSEMBRACE,"Once it has you in its grasp, there is no escape."
CARDNAME_PROCESSINGHUB,处理枢纽
EFFECT_PROCESSINGHUB,"每回合一次，若你控制的三 或更高机械神器, 获得${ICON_RUNE2}."
FLAVOR_PROCESSINGHUB,The tinkerers could no longer distinguish their own thoughts from those of the machine.
CARDNAME_SPIREOFINSIGHT,尖塔洞察
EFFECT_SPIREOFINSIGHT,"每回合一次，若你控制的四 或更高机械神器, 你可以抽两张牌."
FLAVOR_SPIREOFINSIGHT,Electricity is really just organized lightning.
CARDNAME_RADIANTASPIRANT,辉耀追求者
EFFECT_RADIANTASPIRANT,"赋力 <i>(当你 获取此, 你可以放逐一张卡牌你 拥有打出过本回合.)</i><br>抽一张牌."
FLAVOR_RADIANTASPIRANT,They see light where there is darkness.
CARDNAME_PRIMEDIRECTIVE,P.R.I.M.E.指令
EFFECT_PRIMEDIRECTIVE,"若你控制的eight或更高机械神器, 你win游戏."
FLAVOR_PRIMEDIRECTIVE,"P.R.I.M.E. stands ready at the heart of Hedron, always vigilant against whatever threats emerge."
CARDNAME_DELUGEELEMENTAL,洪水元素
EFFECT_DELUGEELEMENTAL,"${LABEL_REWARD} 获得${ICON_HONOR6}. 你可以放逐至多四 卡牌在你的手牌中, 牌库, 弃牌堆, 和/或卡牌打出过本回合. 若你如此做，洗牌你的牌库."
CARDNAME_SONNYLIGHTWIELDER,桑尼·持光者
EFFECT_SONNYLIGHTWIELDER,"赋力 <i>(当你 获取此, 你可以放逐一张卡牌你 拥有打出过本回合.)</i><br>击败一个怪物无需支付费用. 若该 怪物会 进入以 虚空区, 你可以将它放置置入玩家之弃牌堆改为."
CARDNAME_REYSASTRIAL,雷萨的T<space=-.1em>rial
EFFECT_REYSASTRIAL,神器s在中央牌列费用 ${ICON_RUNE1} 更低以 获取 (以最少的 ${ICON_RUNE1}).<br>支付 ${ICON_RUNE8}: 将此牌转化为锻母雷萨和 获取它.
CARDNAME_YUREYEOFCHAOS,尤尔·之眼混沌
EFFECT_YUREYEOFCHAOS,${LABEL_REWARD} 获得${ICON_HONOR4}. 抽三张牌.
FLAVOR_YUREYEOFCHAOS,"Forces of nature are neither good or bad, but they are capable of creating or destroying all the same."
CARDNAME_KEENEYEDASPIRANT,锐眼追求者
EFFECT_KEENEYEDASPIRANT,"赋力 <i>(当你 获取此, 你可以放逐一张卡牌你 拥有打出过本回合.)</i><br>获得${ICON_RUNE1} 和 ${ICON_HONOR1}."
FLAVOR_KEENEYEDASPIRANT,They see those that wish to remain hidden.
CARDNAME_FORGEMOTHERREYSA,锻母雷萨
EFFECT_FORGEMOTHERREYSA,选择一项： 抽一张牌OR获取任意数量的 神器s在中央牌列无需支付其 费用.
FLAVOR_FORGEMOTHERREYSA,Her billows feed the fires of creation for all of Hedron.
CARDNAME_CONDUITMONK,导管僧侣
EFFECT_CONDUITMONK,"赋力 <i>(当你 获取此, 你可以放逐一张卡牌你 拥有打出过本回合.)</i><br>获得${ICON_RUNE3}.<br>你为 视为以 控制两 额外的机械神器本回合."
CARDNAME_YUKTRIBEGREMLIN,尤克T<space=-.1em>ribe小妖
EFFECT_YUKTRIBEGREMLIN,"${LABEL_REWARD} 获得${ICON_HONOR1}.<br>${LABEL_INFEST} 当你 击败尤克部落小妖, 你可以将它放置置入玩家之弃牌堆.<br><i>(怪物拥有没有效果当 打出过从 手牌.)</i>"
CARDNAME_EEKTRIBEGREMLIN,伊克T<space=-.1em>ribe小妖
EFFECT_EEKTRIBEGREMLIN,"${LABEL_REWARD} 获得${ICON_HONOR5}. 放置怪物从 虚空区置入玩家之弃牌堆.<br>${LABEL_INFEST} 当你 击败伊克部落小妖, 你可以将它放置置入玩家之弃牌堆.<br><i>(怪物拥有没有效果当 打出过从 手牌.)</i>"
CARDNAME_THICKETFAMILIAR,灌木丛使魔
EFFECT_THICKETFAMILIAR,"赋力 <i>(当你 获取此, 你可以放逐一张卡牌你 拥有打出过本回合.)</i><br>展示你牌库顶的卡牌和 将它放置在你的手牌中. 若它 为卡牌以 赋力, 获得${ICON_HONOR2}."
CARDNAME_STATICELEMENTAL,静电元素
EFFECT_STATICELEMENTAL,${LABEL_REWARD} 获得${ICON_HONOR5}. 每位对手放置所有神器s其控制的在 顶部的 其牌库在 随机秩序.
FLAVOR_STATICELEMENTAL,"Cries of ""Charge!"" followed by massive retreats can often be confusing for new recruits."
CARDNAME_TECTONICTHRASHER,地壳鞭笞者
EFFECT_TECTONICTHRASHER,${LABEL_REWARD} 获得${ICON_HONOR4}. 每位对手须选择和 摧毁两 神器s其控制的.
FLAVOR_TECTONICTHRASHER,The Sleeping Peaks hide more than just ore in their mountains.
CARDNAME_UNSPEAKABLEDOOM,不可名状末日
EFFECT_UNSPEAKABLEDOOM,${LABEL_REWARD} 获得${ICON_HONOR5}. 每位对手展示其 手牌. 获得额外的 ${ICON_HONOR2} 以每个怪物已展示以此方式.
FLAVOR_UNSPEAKABLEDOOM,不行。
CARDNAME_ULANTHECRUSHER,乌兰·粉碎者
EFFECT_ULANTHECRUSHER,"赋力 <i>(当你 获取此, 你可以放逐一张卡牌你 拥有打出过本回合.)</i><br>获得${ICON_POWER4}.<br>若你控制的乌兰的拳, 抽一张牌."
CARDNAME_NOMTRIBEGREMLIN,诺姆T<space=-.1em>ribe小妖
EFFECT_NOMTRIBEGREMLIN,"${LABEL_REWARD} 获得${ICON_HONOR1}.<br>${LABEL_INFEST} 当你 击败诺姆部落小妖, 你可以将它放置置入玩家之弃牌堆.<br>当你 打出诺姆部落小妖, 你可以将它放置置入另一玩家之弃牌堆."
CARDNAME_PIERCINGEYE,贯穿之眼
EFFECT_PIERCINGEYE,"每回合一次，若你 拥有被击败怪物在中央牌列, 你可以抽一张牌."
FLAVOR_PIERCINGEYE,The eye will guide you where your own cannot.
CARDNAME_BRAMBLEELEMENTAL,荆棘元素
EFFECT_BRAMBLEELEMENTAL,${LABEL_REWARD} 获得${ICON_HONOR5}. 你可以放逐一张卡牌在你的手牌或弃牌堆.
FLAVOR_BRAMBLEELEMENTAL,"It consumes everything it can entangle, no matter what, or who, that might be."
CARDNAME_WILDBARKMAIL,野树皮甲胄
EFFECT_WILDBARKMAIL,"每回合一次，若你 拥有被击败怪物在中央牌列, 获得${ICON_HONOR2}."
FLAVOR_WILDBARKMAIL,"Nairi spoke to the sentries, ""Wear your armor with pride, and know that the forest defends you as you defend it."
CARDNAME_XERONFALSEALLY,泽伦·伪盟者
EFFECT_XERONFALSEALLY,获得${ICON_RUNE5}.<br>获得额外的 ${ICON_RUNE2} 以每个怪物你 打出或 拥有打出过本回合.
FLAVOR_XERONFALSEALLY,"He's always happy to help, For a price."
CARDNAME_THUNDERTEMPLAR,雷T<space=-.1em>emplar
EFFECT_THUNDERTEMPLAR,"赋力 <i>(当你 获取此, 你可以放逐一张卡牌你 拥有打出过本回合.)</i><br>击败一个怪物以 费用 ${ICON_POWER5} 或更低无需支付费用."
CARDNAME_BROTHERLAIAS,修士莱亚斯
EFFECT_BROTHERLAIAS,"赋力 <i>(当你 获取此, 你可以放逐一张卡牌你 拥有打出过本回合.)</i><br>当你 获取修士莱亚斯, 将它放置置入你的手牌若 你拥有打出过秘教士本回合.<br>抽两张牌."
CARDNAME_XERONSTRIAL,泽伦的T<space=-.1em>rial
EFFECT_XERONSTRIAL,"当你 打出怪物, 获得${ICON_POWER2}.<br>支付 ${ICON_POWER8}: 将此牌转化为泽伦, 伪盟者和 获取它."
CARDNAME_INNOVATIVEASPIRANT,创新追求者
EFFECT_INNOVATIVEASPIRANT,"赋力 <i>(当你 获取此, 你可以放逐一张卡牌你 拥有打出过本回合.)</i><br>获得${ICON_RUNE1} 和 ${ICON_POWER1}."
FLAVOR_INNOVATIVEASPIRANT,They see possibility where there is difficulty.
CARDNAME_CETRACELESTIALBODY,天体塞特拉
EFFECT_CETRACELESTIALBODY,获得${ICON_HONOR} 相等以total ${ICON_HONOR} 的所有英雄和 神器s在中央牌列.
FLAVOR_CETRACELESTIALBODY,Let the stars guide your path when all other light abandons you.
CARDNAME_YUKTRIBEOUTCAST,尤克T<space=-.1em>ribe放逐者
EFFECT_YUKTRIBEOUTCAST,抽一张牌.<br>放逐一张卡牌在中央牌列. 然后你可以放逐尤克部落放逐者或 尤克部落小妖在你的手牌中以 获取或 击败卡牌在中央牌列无需支付费用.
CARDNAME_ULANSFIST,乌兰的拳
EFFECT_ULANSFIST,"每回合一次，获得${ICON_POWER2}.<br>每回合一次，若你 拥有打出过乌兰, 粉碎者, 获得额外的 ${ICON_POWER2}."
CARDNAME_VENOMPRIESTESS,毒液女祭司
EFFECT_VENOMPRIESTESS,获得${ICON_POWER2}.<br>你可以放逐一张卡牌你 拥有打出过本回合或 在你的弃牌堆.
FLAVOR_VENOMPRIESTESS,Their poisons are the preferred of Black Watch assassins.
CARDNAME_WILDFIREELEMENTAL,野火元素
EFFECT_WILDFIREELEMENTAL,${LABEL_REWARD} 获得${ICON_HONOR4}. 选择至多两 卡牌在中央牌列和 放逐它们.
FLAVOR_WILDFIREELEMENTAL,"We don't need no water, let this wildfire burn."
CARDNAME_EMRISTRIAL,艾姆瑞的T<space=-.1em>rial
EFFECT_EMRISTRIAL,怪物在中央牌列费用 ${ICON_POWER1} 更低以 击败 (以最少的 ${ICON_POWER1}).<br>支付 ${ICON_RUNE8}: 将此牌转化为战生艾姆瑞和 获取它.
CARDNAME_WHIRLWINDASCETIC,旋风苦行僧
EFFECT_WHIRLWINDASCETIC,"抽三张牌, 然后弃掉两 卡牌. 你可以返回秘教士和 重装步兵已弃掉以此方式以 你的手牌."
FLAVOR_WHIRLWINDASCETIC,The maelstrom surrounding him is matched only by the calm within him.
CARDNAME_OBLIVIONBLOSSOMS,湮灭花
EFFECT_OBLIVIONBLOSSOMS,"每回合一次，获得${ICON_POWER1}.<br>每回合一次，若你 拥有被放逐卡牌, 获得${ICON_HONOR1}."
CARDNAME_ELEMENTALPROJECTOR,元素投射器
EFFECT_ELEMENTALPROJECTOR,"每回合一次，若你控制的两 或更高机械神器, 获得${ICON_POWER2}."
FLAVOR_ELEMENTALPROJECTOR,It's a blast!
CARDNAME_CETRASTRIAL,塞特拉的T<space=-.1em>rial
EFFECT_CETRASTRIAL,英雄在中央牌列费用 ${ICON_RUNE1} 更低以 获取 (以最少的 ${ICON_RUNE1}).<br>支付 ${ICON_RUNE8}: 将此牌转化为天体塞特拉和 获取它.
CARDNAME_CELLBLOCKE,牢房E区
EFFECT_CELLBLOCKE,"当你 击败一个怪物在中央牌列或 打出怪物, 你可以将其直接进入战场和 视为它作为机械神器."
FLAVOR_CELLBLOCKE,绝对的腐化带来绝对的力量。
CARDNAME_VOIDRIFTSTALKER,虚空裂隙潜行者
EFFECT_VOIDRIFTSTALKER,"赋力 <i>(当你 获取此, 你可以放逐一张卡牌你 拥有打出过本回合.)</i><br>获得${ICON_POWER3}.<br>若存在虚空卡牌在你的弃牌堆, 抽一张牌."
CARDNAME_SHADOWELEMENTAL,暗影元素
EFFECT_SHADOWELEMENTAL,"获得${ICON_POWER2}.<br>若此 为被放逐从 任意处在期间你的回合, 获得${ICON_POWER2}."
FLAVOR_SHADOWELEMENTAL,Darkness teaches us to always beware.
CARDNAME_DERANGEDASPIRANT,发狂追求者
EFFECT_DERANGEDASPIRANT,"赋力 <i>(当你 获取此, 你可以放逐一张卡牌你 拥有打出过本回合.)</i><br>你可以放逐一张卡牌在你的手牌或弃牌堆."
FLAVOR_DERANGEDASPIRANT,They see knowledge where there is madness.
CARDNAME_BLASTGOGGLES,爆破护目镜
EFFECT_BLASTGOGGLES,"每回合一次，若你控制的五 或更高机械神器, 获得${ICON_HONOR5}."
FLAVOR_BLASTGOGGLES,大爆炸。
CARDNAME_SISTEROFTHEWIND,姐妹风
EFFECT_SISTEROFTHEWIND,放逐姐妹的 风和 卡牌在你的手牌中. 若你如此做，加入秘教士和/或重装步兵以 你的手牌.
FLAVOR_SISTEROFTHEWIND,The Temple of the Wind teaches its students to learn from both themselves and each other.
CARDNAME_WATERELEMENTAL,水元素
EFFECT_WATERELEMENTAL,"抽一张牌.<br>若此 为被放逐从 任意处在期间你的回合, 抽两张牌."
FLAVOR_WATERELEMENTAL,Water teaches us that change is inevitable.
CARDNAME_IRONELEMENTAL,铁元素
EFFECT_IRONELEMENTAL,"获得${ICON_RUNE2}.<br>若此 为被放逐从 任意处在期间你的回合, 获得${ICON_RUNE2}."
FLAVOR_IRONELEMENTAL,Metal teaches us that we must endure.
CARDNAME_GRANDARBITERTODD,大仲裁者T<space=-.1em>odd
EFFECT_GRANDARBITERTODD,"赋力 <i>(当你 获取此, 你可以放逐一张卡牌你 拥有打出过本回合.)</i><br>抽两张牌.<br>放逐一张卡牌在你的手牌中. 若你 被放逐怪物以此方式, 抽额外的卡牌."
CARDNAME_DHARTHAETERNALSEER,达萨·永恒预言者
EFFECT_DHARTHAETERNALSEER,抽四 卡牌.
FLAVOR_DHARTHAETERNALSEER,"Empty your mind, be formless, shapeless -- like water."
CARDNAME_TEMPLEOFTHEWIND,风之神殿
EFFECT_TEMPLEOFTHEWIND,每回合一次，你可以放逐一张卡牌在你的弃牌堆和 将它替换以 秘教士或 重装步兵.
FLAVOR_TEMPLEOFTHEWIND,"The temple teaches common men and women to be brave when times call for swift, decisive action."
CARDNAME_SCRAPWEAVER,废料W<space=-.05em>eaver
EFFECT_SCRAPWEAVER,抽一张牌.<br>你可以放置下一神器你 获取本回合直接进入战场.
FLAVOR_SCRAPWEAVER,The scraping hum of the metal guides them as they give purpose to discarded parts.
CARDNAME_KIRIMEADOWWITCH,基莉·草地女巫
EFFECT_KIRIMEADOWWITCH,抽一张牌.<br>${LABEL_UNITE} 获得${ICON_HONOR5}.
FLAVOR_KIRIMEADOWWITCH,Her domain offers tranquility when everyplace else is embroiled in turmoil.
CARDNAME_TEMPLEOFHEROES,英雄神殿
EFFECT_TEMPLEOFHEROES,"每回合一次，若你 拥有打出过命约英雄或 怪物, 获得${ICON_HONOR2}."
FLAVOR_TEMPLEOFHEROES,"Their names are forgotten, but their deeds are not."
CARDNAME_PATIENTASSASSIN,耐心刺客
EFFECT_PATIENTASSASSIN,"获得${ICON_POWER2}.<br>若存在虚空卡牌在你的弃牌堆, 获得额外的 ${ICON_POWER1}."
FLAVOR_PATIENTASSASSIN,He's willing to wait for it.
CARDNAME_FLOURISHINGDRUIDESS,繁盛女德鲁伊
EFFECT_FLOURISHINGDRUIDESS,"赋力 <i>(当你 获取此, 你可以放逐一张卡牌你 拥有打出过本回合.)</i><br>获得${ICON_RUNE2}. 若你 拥有更多 ${ICON_HONOR} 于每个其他玩家, 获得额外的 ${ICON_RUNE1}."
CARDNAME_VERDANTELEMENTAL,翠绿元素
EFFECT_VERDANTELEMENTAL,"获得${ICON_HONOR3}.<br>若此 为被放逐从 任意处在期间你的回合, 获得${ICON_HONOR3}."
FLAVOR_VERDANTELEMENTAL,Plants teach us that life will always begin again.
CARDNAME_DHARTHASTRIAL,达萨的T<space=-.1em>rial
EFFECT_DHARTHASTRIAL,"每回合一次，若你 拥有打出过秘教士或 重装步兵, 抽一张牌.<br>支付 ${ICON_RUNE8}: 将此牌转化为达萨, 永恒预言者和 获取它."
CARDNAME_BAMTRIBEGREMLINS,巴姆T<space=-.1em>ribe小妖们
EFFECT_BAMTRIBEGREMLINS,"${LABEL_REWARD} 获得${ICON_HONOR2}.<br>${LABEL_INFEST} 当你 击败巴姆部落小妖们, 你可以将它放置置入玩家之弃牌堆.<br><i>(怪物拥有没有效果当 打出过从 手牌.)</i>"
CARDNAME_HEARTHGLOWCLIQUE,炉辉小圈子
EFFECT_HEARTHGLOWCLIQUE,"赋力 <i>(当你 获取此, 你可以放逐一张卡牌你 拥有打出过本回合.)</i><br>获得${ICON_RUNE2} 和 ${ICON_HONOR2}.<br>${LABEL_UNITE} 抽一张牌."
CARDNAME_QADIMSTALKER,卡迪姆潜行者
EFFECT_QADIMSTALKER,获得${ICON_RUNE2} 和 ${ICON_POWER2}.<br>${LABEL_UNITE} 获得${ICON_HONOR2}.
FLAVOR_QADIMSTALKER,You would never know how long the Qadim have stood guard by the ferocity with which they still defend the forest.
CARDNAME_CHEERFULCONSORT,欢快伴侣
EFFECT_CHEERFULCONSORT,获得${ICON_HONOR1}.<br>抽一张牌.
FLAVOR_CHEERFULCONSORT,Her bright demeanor spreads warmth throughout Alosya.
CARDNAME_TEMPLEOFLIFE,生命神殿
EFFECT_TEMPLEOFLIFE,${ICON_LIFE}: 获得对以下的控制： 不朽神殿. 获得${ICON_RUNE2}.
CARDNAME_HURRASSEASFURY,胡拉斯·海之狂怒
EFFECT_HURRASSEASFURY,${LABEL_REWARD} 获得${ICON_HONOR4}. 获得${ICON_LIFE} 和 ${ICON_DEATH}.
FLAVOR_HURRASSEASFURY,"Hurricanes borrow their name from the beast, an ancient demigod that wanders the seas."
CARDNAME_EXCAVATORPILOT,挖掘机驾驶员
EFFECT_EXCAVATORPILOT,"获得${ICON_RUNE2}.<br>若你控制的两 或更高神器s, 获得${ICON_LIFE}."
FLAVOR_EXCAVATORPILOT,I dig it.
CARDNAME_DEATHSWIDOW,死亡寡妇
EFFECT_DEATHSWIDOW,${LABEL_REWARD} 获得${ICON_HONOR2}. 每位对手须摧毁一个神器其控制的. 抽一张牌以 每位对手该 做了不 摧毁一个神器以此方式.
CARDNAME_IKUSMINIONS,伊库的爪牙
EFFECT_IKUSMINIONS,此费用为 ${ICON_POWER2} 更低以 击败若 你控制的神殿.<br>${LABEL_REWARD} 获得${ICON_HONOR4}. 你可以放逐一张卡牌在你的手牌或弃牌堆.
CARDNAME_KYL3REPAIRBOT,K-YL3修理机
EFFECT_KYL3REPAIRBOT,"每回合一次，当你 打出机械神器 (包括此牌一) 或若 你控制的神殿, 抽一张牌."
FLAVOR_KYL3REPAIRBOT,They live to preserve.
CARDNAME_BROTHERMARIUS,修士马里乌斯
EFFECT_BROTHERMARIUS,获得${ICON_RUNE1}.<br>获得额外的 ${ICON_RUNE1} 以每个派系在你控制的神器之中.
FLAVOR_BROTHERMARIUS,What do you mean the princess is in another Temple?
CARDNAME_ENDBRINGERJORA,终末使者乔拉
EFFECT_ENDBRINGERJORA,"获得${ICON_POWER3}.<br>每当你 击败一个怪物在中央牌列本回合, 获得${ICON_RUNE2}."
FLAVOR_ENDBRINGERJORA,He tears down everyone and everything that gets in Emri's way.
CARDNAME_KANZIRTHERAVAGER,坎齐尔·毁灭者
EFFECT_KANZIRTHERAVAGER,${LABEL_REWARD} 获得${ICON_HONOR5}. 每位对手loses控制的 所有Temples和摧毁所有神器s其控制的.
FLAVOR_KANZIRTHERAVAGER,This is why we can't have nice things.
CARDNAME_CARETAKERZAHRAL,看护者扎拉尔
EFFECT_CARETAKERZAHRAL,"获得${ICON_RUNE3}.<br>下次你获取一个英雄本回合, 你可以将它放置放到你的牌库顶."
FLAVOR_CARETAKERZAHRAL,"For centuries, Zahral's forests have kept the secrets of the ancients."
CARDNAME_BURIALGUARDIAN,埋葬守卫
EFFECT_BURIALGUARDIAN,"获得${ICON_RUNE2}.<br>下次你获取生命卡牌本回合, 获得${ICON_DEATH}."
FLAVOR_BURIALGUARDIAN,"If you seek to understand immortality, you must first discern the nature of death,"" the druid cautioned."
CARDNAME_JUBILANTMONK,欢庆僧侣
EFFECT_JUBILANTMONK,"展示你牌库顶的卡牌和 将它放置置入你的手牌. 重复此效果直到你 展示卡牌其他于 秘教士, 重装步兵, 或圣贤卡牌."
FLAVOR_JUBILANTMONK,"A fool thinks himself to be wise, but a wise man knows himself to be a fool."
CARDNAME_SIREWOODELDER,父木长老
EFFECT_SIREWOODELDER,获得${ICON_RUNE2}.<br>${LABEL_UNITE} 抽一张牌.
FLAVOR_SIREWOODELDER,Knowledge is just as important to the sprouts as water and sunlight.
CARDNAME_BLINDSEER,盲预言者
EFFECT_BLINDSEER,抽一张牌.<br>${LABEL_SERENITY} 获得${ICON_LIFE}. <i>(获得此效果若 那里为 没有卡牌在你的弃牌堆.)</i>
FLAVOR_BLINDSEER,"The world is hidden to him, but its secrets are not."
CARDNAME_RECKLESSEXCAVATOR,鲁莽挖掘机
EFFECT_RECKLESSEXCAVATOR,"每回合一次，当你 打出机械神器 (包括此牌一), 获得${ICON_LIFE} 或 ${ICON_DEATH}."
FLAVOR_RECKLESSEXCAVATOR,What it lacks in finesse it makes up for in results.
CARDNAME_TEMPLEOFDEATH,死亡神殿
EFFECT_TEMPLEOFDEATH,${ICON_DEATH}: 获得对以下的控制： 不朽神殿. 你可以放逐一张卡牌在你的手牌或弃牌堆.
CARDNAME_IKUVALLEYTYRANT,伊库·V<space=-.1em>alleyT<space=-.1em>yrant
EFFECT_IKUVALLEYTYRANT,此费用为 ${ICON_POWER2} 更低以 击败以 每个神殿你控制的.<br>${LABEL_REWARD} 获得${ICON_HONOR8}.
FLAVOR_IKUVALLEYTYRANT,"You may escape the Temples, but you'll never escape Iku."
CARDNAME_MUTATEDSCAVENGER,突变拾荒者
EFFECT_MUTATEDSCAVENGER,${LABEL_REWARD} 获得${ICON_HONOR4}. 获得${ICON_RUNE5}.
FLAVOR_MUTATEDSCAVENGER,"For centuries, the Temples have warped every aspect of the valley surrounding them."
CARDNAME_HELLFROSTIMPS,狱霜小恶魔
EFFECT_HELLFROSTIMPS,${LABEL_REWARD} 获得${ICON_HONOR2}. 你可以击败一个怪物在中央牌列被命名为狱霜小恶魔无需支付费用.
FLAVOR_HELLFROSTIMPS,"When hell freezes over, huh?"
CARDNAME_CAVERNHORROR,洞穴恐魔
EFFECT_CAVERNHORROR,${LABEL_REWARD} 获得${ICON_HONOR1}. 你可以洗牌你的弃牌堆置入你的牌库. <i>(卡牌打出过本回合不 进入以 你的弃牌堆直到结束时回合.)</i>
CARDNAME_TEMPLEOFIMMORTALITY,不朽神殿
EFFECT_TEMPLEOFIMMORTALITY,"每回合一次，选择派系. 当你 获取卡牌的 该派系, 若下一卡牌以 进入中央牌列为 也该 派系, 获取它 无需支付费用."
CARDNAME_STORMSMITHANVIL,风暴匠铁砧
EFFECT_STORMSMITHANVIL,"每回合一次，当你 打出机械神器 (包括此牌一) 或若 你控制的神殿, 获得${ICON_RUNE1}."
FLAVOR_STORMSMITHANVIL,"The anvil's song echoes like low, rumbling thunder."
CARDNAME_STARVEDABOMINATION,饥馑憎恶
EFFECT_STARVEDABOMINATION,${LABEL_REWARD} 获得${ICON_HONOR3}. 获得${ICON_LIFE}.
FLAVOR_STARVEDABOMINATION,"You might think that the Temple of Death would have the scarier inhabitants, but you'd be wrong."
CARDNAME_CRYPTLURKER,Cr<space=.05em>ypt潜伏者
EFFECT_CRYPTLURKER,${LABEL_REWARD} 获得${ICON_HONOR3}. 获得${ICON_DEATH}.
FLAVOR_CRYPTLURKER,Death guards its secrets closely.
CARDNAME_SALVAGEMASTERMILA,打捞大师米拉
EFFECT_SALVAGEMASTERMILA,获得${ICON_RUNE4}.<br>你可以放置任意神器s你获取本回合直接进入战场.
FLAVOR_SALVAGEMASTERMILA,The best creations can come from the place we least expect.
CARDNAME_FLANKINGASKARA,侧击阿斯卡拉
EFFECT_FLANKINGASKARA,抽一张牌.<br>复制效果的 下一英雄你 打出本回合以 费用 ${ICON_RUNE3} 或更低.
FLAVOR_FLANKINGASKARA,Walking with a friend in the dark is better than walking alone in the light.
CARDNAME_GRAVEGOLEM,坟墓魔像
EFFECT_GRAVEGOLEM,${LABEL_REWARD} 获得${ICON_HONOR4}. 每位对手展示顶部卡牌的 其牌库和 放置它 置入其弃牌堆. 选择一个英雄已展示以此方式和 复制其效果.
CARDNAME_FISTOFTHEDRAGON,拳龙
EFFECT_FISTOFTHEDRAGON,"抽一张牌. 放逐一张卡牌在中央牌列. 若下一卡牌以 进入中央牌列为 怪物, 击败它 无需支付费用."
CARDNAME_ISLASERENEPRODIGY,伊斯拉·宁静神童
EFFECT_ISLASERENEPRODIGY,"获取一个英雄或 神器在中央牌列无需支付费用.<br>Shuffle伊斯拉, 宁静神童和 你的弃牌堆置入你的牌库."
CARDNAME_BEACONOFTHELOST,信标迷失
EFFECT_BEACONOFTHELOST,${LABEL_ECHO} 每回合一次，获得${ICON_POWER1}. <i>(获得此效果若 存在虚空卡牌在你的弃牌堆.)</i>
FLAVOR_BEACONOFTHELOST,Souls of the fallen fuel its eerie flame.
CARDNAME_TYRANYXTHEPILLAGER,泰兰尼克斯·劫掠者
EFFECT_TYRANYXTHEPILLAGER,你可以花费 ${ICON_POWER} 此外还 ${ICON_RUNE} 以获取此.<br>你可以花费 ${ICON_POWER} 此外还 ${ICON_RUNE} 以获取机械神器.
CARDNAME_SILENCEDPROPHET,噤声先知
EFFECT_SILENCEDPROPHET,"抽一张牌.<br>放置你牌库顶的卡牌置入你的弃牌堆, 然后你可以放逐一张卡牌在你的手牌或弃牌堆."
CARDNAME_RESOURCEFULTRADER,机智T<space=-.1em>rader
EFFECT_RESOURCEFULTRADER,"抽一张牌.<br>下次你获取神器本回合, 获得${ICON_DEATH}."
FLAVOR_RESOURCEFULTRADER,You need a keystone? I can get you a keystone.
CARDNAME_FORGEMASTERSSUIT,锻主的套装
EFFECT_FORGEMASTERSSUIT,"每回合一次，当你 打出机械神器 (包括此牌一) 或若 你控制的神殿, 获得${ICON_HONOR1}."
FLAVOR_FORGEMASTERSSUIT,The suit keeps them safe in even the fiercest forges.
CARDNAME_SOULSNAREHUNTER,魂阱猎手
EFFECT_SOULSNAREHUNTER,"获得${ICON_POWER2}.<br>下次你击败一个怪物在中央牌列本回合, 获得${ICON_LIFE}."
FLAVOR_SOULSNAREHUNTER,"Naturally, Emri's hunters were the ones to find the most morbid means of entry into the Temple of Life."
CARDNAME_EXCAVATIONSENTRY,发掘哨兵
EFFECT_EXCAVATIONSENTRY,"获得${ICON_POWER2}.<br>放置你牌库顶的卡牌置入你的弃牌堆, 然后你可以放逐一张卡牌在你的手牌或弃牌堆."
CARDNAME_SPITEFULGLADIATOR,怨毒角斗士
EFFECT_SPITEFULGLADIATOR,获得${ICON_POWER2}.<br>${LABEL_ECHO} 获得额外的 ${ICON_POWER2}. <i>(获得此效果若 存在虚空卡牌在你的弃牌堆.)</i>
FLAVOR_SPITEFULGLADIATOR,"Suffer now, and live the rest of your life as a champion."
CARDNAME_ASALASTHEIMPALER,阿萨拉斯·穿刺者
EFFECT_ASALASTHEIMPALER,"获得${ICON_RUNE2}.<br>下次你获取一个英雄本回合, 获得${ICON_POWER} 相等以 已获取英雄之 ${ICON_RUNE} 费用."
CARDNAME_SACREDPOT,神圣罐
EFFECT_SACREDPOT,${LABEL_SERENITY} 每回合一次，抽一张牌. <i>(获得此效果若 那里为 没有卡牌在你的弃牌堆.)</i>
FLAVOR_SACREDPOT,Indulge your imagination in every possible flight.
CARDNAME_SHADOWRIDGESCOUT,影脊斥候
EFFECT_SHADOWRIDGESCOUT,获得${ICON_POWER2}.<br>${LABEL_ECHO} 获得${ICON_DEATH}. <i>(获得此效果若 存在虚空卡牌在你的弃牌堆.)</i>
FLAVOR_SHADOWRIDGESCOUT,脏活累活，价格便宜。
CARDNAME_ALOSYANGUIDE,阿洛西亚向导
EFFECT_ALOSYANGUIDE,"当你 获取此, 若你 拥有打出过命约英雄本回合, 放置此 直接置入你的手牌.<br>获得${ICON_HONOR3}."
CARDNAME_OMINOUSAUGUR,不祥占兆者
EFFECT_OMINOUSAUGUR,获取一个英雄或 神器以 费用 ${ICON_RUNE5} 或更低无需支付费用.<br>${LABEL_SERENITY} 放置所获取的卡牌在你的手牌中. <i>(获得此效果若 那里为 没有卡牌在你的弃牌堆.)</i>
CARDNAME_RANDALLUMBRALSAGE,兰德尔·暗影贤者
EFFECT_RANDALLUMBRALSAGE,"获得${ICON_POWER3}.<br>放置所有卡牌从 你的牌库置入你的弃牌堆, 然后返回虚空卡牌在你的弃牌堆以 你的手牌."
CARDNAME_KEEPEROFSECRETS,看守秘密
EFFECT_KEEPEROFSECRETS,"放逐一张卡牌在你的手牌中和 将它替换以 秘教士或 重装步兵.<br>若你 打出或 拥有打出过秘教士和 重装步兵本回合, 获得${ICON_DEATH}."
CARDNAME_SIEGEMASTERSRAM,攻城主的攻城槌
EFFECT_SIEGEMASTERSRAM,"每回合一次，当你 打出机械神器 (包括此牌一) 或若 你控制的神殿, 获得${ICON_POWER2}."
FLAVOR_SIEGEMASTERSRAM,敲敲！
CARDNAME_PATHFINDERSTOTEM,探路者的图腾
EFFECT_PATHFINDERSTOTEM,${LABEL_UNITE} 每回合一次，获得${ICON_RUNE1}. <i>(获得此效果若 你拥有打出过命约英雄本回合.)</i>
FLAVOR_PATHFINDERSTOTEM,There is no place you can venture that the pathfinders have not already called home.
CARDNAME_DERANGEDDIRGE,发狂挽歌
EFFECT_DERANGEDDIRGE,每回合一次，获得${ICON_POWER1}.<br>你可以摧毁此 以放逐一张卡牌在你的手牌或弃牌堆.
FLAVOR_DERANGEDDIRGE,The screams and wails weave a tortured hymn.
CARDNAME_TEMPLAROUTPOST,圣殿武士前哨
EFFECT_TEMPLAROUTPOST,每回合一次，击败一个怪物在中央牌列以 费用 ${ICON_POWER4} 或更低无需支付费用.
FLAVOR_TEMPLAROUTPOST,The Eye's protection extends as far as it can see.
CARDNAME_ANCIENTSTAG,上古鹿
EFFECT_ANCIENTSTAG,获得${ICON_HONOR3}.<br>${LABEL_UNITE} 获得${ICON_LIFE}.
FLAVOR_ANCIENTSTAG,"Instead of seeking the Temples themselves, the pathfinders sought the aid of the forest-dwellers."
CARDNAME_TUSKRIDER,牙骑手
EFFECT_TUSKRIDER,抽一张牌.<br>${LABEL_UNITE} 获得${ICON_POWER4}.
FLAVOR_TUSKRIDER,Truffles and manflesh.
CARDNAME_STEELWEAVER,织钢者
EFFECT_STEELWEAVER,"获得${ICON_RUNE1}. 一次本回合, 当你 获取神器, 将其直接进入战场.<br>你可以支付 ${ICON_INSIGHT1} 以 <b>再次发生</b>. <i>(获得效果列出的上方额外的次. 你可以只再次发生一次.)</i>"
CARDNAME_DHARTHAMECHAMONK,达萨·机械僧
EFFECT_DHARTHAMECHAMONK,"每回合一次，当你 打出机械神器 (包括此牌一), 抽一张牌以 每个机械神器你的控制."
CARDNAME_DREAMGUIDE,梦向导
EFFECT_DREAMGUIDE,获得${ICON_RUNE2} 和 ${ICON_INSIGHT1}.
FLAVOR_DREAMGUIDE,"At the edge of the world, she is a guide to everything beyond."
CARDNAME_EMMAIRONHEART,艾玛铁之心
EFFECT_EMMAIRONHEART,"获得${ICON_RUNE3}. 若你控制的两 或更高神器s, 获得${ICON_POWER3}.<br>你可以支付 ${ICON_INSIGHT3} 以 <b>再次发生</b>."
CARDNAME_INFERNATEMPLAR,炼狱圣殿武士
EFFECT_INFERNATEMPLAR,"抽一张牌.<br>若你控制的两 或更高神器s, 抽额外的卡牌."
FATE_INFERNATEMPLAR,天命： 竞拍 ${ICON_INSIGHT} 以获得效果下方.
CARDNAME_AEGISKNIGHT,神盾骑士
EFFECT_AEGISKNIGHT,放逐一张卡牌在你的手牌或弃牌堆. 若你如此做，将它替换以 秘教士或 重装步兵.
FATE_AEGISKNIGHT,天命： 竞拍 ${ICON_INSIGHT} 以获得效果下方.
CARDNAME_OGOWARTREE,奥戈战争树
EFFECT_OGOWARTREE,"每回合一次，当你 获取一个英雄在中央牌列, 你可以将它放置放到你的牌库顶."
FLAVOR_OGOWARTREE,一路平安！
CARDNAME_KORWORLDBREAKER,科尔·碎界者
EFFECT_KORWORLDBREAKER,"获得${ICON_RUNE2} 和抽一张牌.<br>若你 打出或 拥有打出过在least两其他命约英雄本回合, 获得${ICON_POWER6}."
CARDNAME_DREAMSTONE,梦石
EFFECT_DREAMSTONE,你可以放逐此牌以 掷谵妄骰.
FLAVOR_DREAMSTONE,Look upon what might have been and what may come to pass.
CARDNAME_LOADREAMDRAGON,洛阿·梦龙
EFFECT_LOADREAMDRAGON,掷谵妄骰。
FLAVOR_LOADREAMDRAGON,"His spirit, manifest through the Dreamscape."
CARDNAME_DREAMSCAPEDIVINER,梦境占卜者
EFFECT_DREAMSCAPEDIVINER,获得${ICON_INSIGHT2}.
FLAVOR_DREAMSCAPEDIVINER,Are you sure you want to know?
CARDNAME_CETRAVOIDMOTHER,塞特拉·V<space=-.1em>oidmother
EFFECT_CETRAVOIDMOTHER,"获得${ICON_POWER4}.<br>下次你击败一个怪物在中央牌列本回合, 你可以获取一个英雄无需支付费用和 将它放置放到你的牌库顶."
CARDNAME_EMRILIGHTBRINGER,携光者艾姆瑞
EFFECT_EMRILIGHTBRINGER,击败一个怪物在中央牌列或 虚空区无需支付费用. 放置该 怪物置于其底： 传送门牌库.
CARDNAME_DREAMEATER,梦吞噬者
EFFECT_DREAMEATER,${LABEL_REWARD} 获得${ICON_HONOR2} 和 ${ICON_INSIGHT1}.
FLAVOR_DREAMEATER,"The dream was painful, but the reality was torture."
CARDNAME_EVVYOGOSGIFT,艾薇·奥戈的馈赠
EFFECT_EVVYOGOSGIFT,获取一个英雄无需支付费用和 将它放置放到你的牌库顶.<br>你可以支付 ${ICON_INSIGHT3} 以 <b>再次发生</b>. <i>(获得效果列出的上方额外的次. 你可以只再次发生一次.)</i>
CARDNAME_VINEWEAVER,织藤者
EFFECT_VINEWEAVER,<br>获得${ICON_HONOR4}.<br><br>
FATE_VINEWEAVER,天命： 竞拍 ${ICON_INSIGHT} 以获得效果下方.
CARDNAME_KARION,卡里昂
EFFECT_KARION,${LABEL_REWARD} 获得${ICON_HONOR5} 和 ${ICON_INSIGHT10}.
FLAVOR_KARION,"The Dreamscape gate is corrupt, a hellish wound on two worlds."
CARDNAME_GLOVERDREAMTITAN,格洛弗·梦泰坦
EFFECT_GLOVERDREAMTITAN,${LABEL_REWARD} 获得${ICON_HONOR7}.<br>选择一名玩家和 拿取所有的 其 ${ICON_INSIGHT} 和随机卡牌从其手牌.<br>加入该卡牌以 你的手牌.
CARDNAME_DIVINEASKARA,神圣阿斯卡拉
EFFECT_DIVINEASKARA,复制本回合打出的一张英雄的效果。<br>你可以支付 ${ICON_INSIGHT3} 以复制所选效果两次改为.<br>此效果不能是 被复制.
CARDNAME_SALVAGEYARD,打捞场
EFFECT_SALVAGEYARD,"At start的你的回合, 将此牌返回以 你的手牌."
FLAVOR_SALVAGEYARD,回收。重建。再利用。
CARDNAME_CLOCKWORKHELM,发条盔
EFFECT_CLOCKWORKHELM,"每回合一次，当你 打出机械神器 (包括此牌一), 获得${ICON_INSIGHT1} 以每个机械神器你的控制."
CARDNAME_ZISDREAMREAPER,齐斯·刈梦者
EFFECT_ZISDREAMREAPER,${LABEL_REWARD} 获得${ICON_HONOR5}. 拿取${ICON_INSIGHT2} 从每位对手.
FLAVOR_ZISDREAMREAPER,"As many ways to die, as there are dreams to be dreamt."
CARDNAME_DELIRIUMPIXIES,谵妄小仙
EFFECT_DELIRIUMPIXIES,${LABEL_REWARD} 获得${ICON_HONOR2} 和 ${ICON_RUNE3}.
FLAVOR_DELIRIUMPIXIES,Come play with us.
CARDNAME_OAKOFSOULS,橡灵魂
EFFECT_OAKOFSOULS,${LABEL_REWARD} 获得${ICON_HONOR3}. 掷谵妄骰。
FLAVOR_OAKOFSOULS,The result of conscious death in an unconscious world.
CARDNAME_DREADMARE,惧马
EFFECT_DREADMARE,${LABEL_REWARD} 获得${ICON_HONOR4} 和 ${ICON_INSIGHT3}.
FLAVOR_DREADMARE,A soul a day keeps the Dreadmare away.
CARDNAME_MAMMOTHBEETLE,巨甲虫
EFFECT_MAMMOTHBEETLE,${LABEL_REWARD} 获得${ICON_HONOR3}. 每位对手摧毁神器其控制的. 你可以支付 ${ICON_INSIGHT1} 以拥有每位对手摧毁额外的神器其控制的.
CARDNAME_CLOCKWORKBLADE,发条刃
EFFECT_CLOCKWORKBLADE,"每回合一次，当你 打出机械神器 (包括此牌一), 获得${ICON_POWER1} 以每个机械神器你的控制."
CARDNAME_NIHILCHEMIST,虚无药剂师
EFFECT_NIHILCHEMIST,获得${ICON_POWER1}. 你可以放逐一张卡牌在你的手牌或弃牌堆.<br>你可以支付 ${ICON_INSIGHT2} 以 <b>再次发生</b>. <i>(获得效果列出的额外的次. 你可以只再次发生一次.)</i>
CARDNAME_TEMPLARGENERAL,圣殿武士将军
EFFECT_TEMPLARGENERAL,"击败一个怪物以 费用 ${ICON_POWER4} 或更低无需支付费用.<br>${LABEL_SERENITY} 当你 获取此, 将它放置在你的手牌中."
CARDNAME_CLOCKWORKFAMILIAR,发条使魔
EFFECT_CLOCKWORKFAMILIAR,"每回合一次，当你 打出机械神器 (包括此牌一), 获得${ICON_RUNE1} 以每个机械神器你的控制."
CARDNAME_BLEAKTOAD,荒蟾
EFFECT_BLEAKTOAD,${LABEL_REWARD} 获得${ICON_HONOR4}. 你可以放逐一张卡牌在你的手牌或弃牌堆. 你可以支付 ${ICON_INSIGHT2} 以放逐额外的卡牌在你的手牌或弃牌堆.
CARDNAME_DREAMSCAPEDRYAD,梦境树灵
EFFECT_DREAMSCAPEDRYAD,获得${ICON_HONOR3}.<br>你可以支付 ${ICON_INSIGHT3} 以 <b>再次发生</b>. <i>(获得效果列出的上方额外的次. 你可以只再次发生一次.)</i>
CARDNAME_DEMONPUPS,恶魔幼崽
EFFECT_DEMONPUPS,"${LABEL_REWARD} 获得${ICON_HONOR1}. 抽一张牌. 然后, 你可以支付 ${ICON_INSIGHT1} 以抽 额外的卡牌."
FLAVOR_DEMONPUPS,I just wanted to pet one!
CARDNAME_NILHAMMER,虚无锤
EFFECT_NILHAMMER,${LABEL_ECHO} 每回合一次，获得${ICON_POWER3}. <i>(获得此效果若 存在虚空卡牌在你的弃牌堆.)</i>
FLAVOR_NILHAMMER,Need something that breaks bones and spirits?
CARDNAME_SHIELDBEARER,盾持有者
EFFECT_SHIELDBEARER,抽一张牌.<br>你可以放逐一张卡牌在你的手牌或弃牌堆.
FATE_SHIELDBEARER,天命： 竞拍 ${ICON_INSIGHT} 以获得效果下方.
CARDNAME_DELIRIUMNYMPH,谵妄宁芙
EFFECT_DELIRIUMNYMPH,获得${ICON_RUNE1}.<br>${LABEL_UNITE} 抽 2 卡牌. <i>(获得此效果一次若 你打出或 拥有打出过另一命约英雄本回合.)</i>
CARDNAME_ARBITERCIRCLET,仲裁者头环
EFFECT_ARBITERCIRCLET,每回合一次，获得${ICON_POWER1}.
FLAVOR_ARBITERCIRCLET,Demon bone and one hundred souls.
CARDNAME_SCRAPBOTSCRAPPER,废料机拆解者
EFFECT_SCRAPBOTSCRAPPER,获得${ICON_POWER2}. 你可以返回神器你控制的以 你的手牌.
FLAVOR_SCRAPBOTSCRAPPER,One man's trash is another bot's weapon.
CARDNAME_CLOCKWORKSHIELD,发条盾
EFFECT_CLOCKWORKSHIELD,"每回合一次，当你 打出机械神器 (包括此牌一), 获得${ICON_HONOR1} 以每个机械神器你的控制."
CARDNAME_NAKASHADEBORN,纳卡·影生
EFFECT_NAKASHADEBORN,获得${ICON_POWER3}.<br>你可以返回虚空卡牌在你的弃牌堆以 你的手牌.<br>你可以支付 ${ICON_INSIGHT3} 以 <b>再次发生</b>.
CARDNAME_DARKTOMELIBRARIAN,暗典图书管理员
EFFECT_DARKTOMELIBRARIAN,获得${ICON_INSIGHT2}.<br>你可以放逐一张卡牌在你的手牌或弃牌堆.
FLAVOR_DARKTOMELIBRARIAN,"Be careful, page six bites."
CARDNAME_VOIDSPEAKER,虚空语者
EFFECT_VOIDSPEAKER,获得${ICON_POWER2}.<br>${LABEL_ECHO} 获得${ICON_RUNE3}. <i>(获得此效果若 存在虚空卡牌在你的弃牌堆.)</i>
FLAVOR_VOIDSPEAKER,A ravenous appetite for human emotion.
CARDNAME_THEDRAGONSEYE,龙之眼
EFFECT_THEDRAGONSEYE,"当你 打出此, 获得${ICON_INSIGHT1}.<br>${LABEL_SERENITY} 每回合一次，获得${ICON_INSIGHT1}. <i>(获得此效果若 那里为 没有卡牌在你的弃牌堆.)</i>"
CARDNAME_VOIDRAGER,虚空狂怒者
EFFECT_VOIDRAGER,"获得${ICON_POWER2}. 下次你击败一个怪物在中央牌列本回合, 获得${ICON_INSIGHT1}."
CARDNAME_DREAMDEALER,梦交易者
EFFECT_DREAMDEALER,"抽一张牌, 然后放逐一张卡牌在中央牌列. 然后, 若存在圣贤, 生命, 机械, 和虚空卡牌在中央牌列, 掷谵妄骰."
CARDNAME_TORMENTLEGIONARY,折磨军团兵
EFFECT_TORMENTLEGIONARY,${LABEL_REWARD} 获得${ICON_HONOR6}. 获取一个梦生卡牌在中央牌列无需支付费用.
FLAVOR_TORMENTLEGIONARY,"Boundless ambition, beyond death, beyond reality."
CARDNAME_POLLENPIXIE,花粉小仙
EFFECT_POLLENPIXIE,获得${ICON_RUNE2} 和 ${ICON_HONOR1}.
FLAVOR_POLLENPIXIE,You're going to feel a little funny at first...
CARDNAME_DIMENSIONMONK,维度僧侣
EFFECT_DIMENSIONMONK,抽一张牌.<br>你可以支付 ${ICON_INSIGHT1} 以 <b>再次发生</b>. <i>(获得效果列出的上方额外的次. 你可以只再次发生一次.)</i>
CARDNAME_AETHERSPRINGWITCH,以太泉女巫
EFFECT_AETHERSPRINGWITCH,"选择一项： 获得${ICON_HONOR3}, 或获取传送门在中央牌列无需支付费用."
FLAVOR_AETHERSPRINGWITCH,The water pooled at the base of Yggdrasil offers reflections from the tree's entire lifespan.
CARDNAME_MILESGOLDENPRODIGY,黄金神童迈尔斯
EFFECT_MILESGOLDENPRODIGY,"抽一张牌.<br>每当你 打出卡牌的 另一派系本回合, 抽一张牌. 每个派系仅触发一次."
FLAVOR_MILESGOLDENPRODIGY,Only Dhartha fully understood the role the boy would come to play in the realms' distant future.
CARDNAME_CONTROLROOM,控制室
EFFECT_CONTROLROOM,每回合一次，你可以放置机械神器你控制的在 顶部的 传送门牌库. 若你如此做，获取机械神器在中央牌列和 将它放置在你的手牌中.
CARDNAME_POTOFGOLD,金罐
EFFECT_POTOFGOLD,"当你 打出此, 抽一张牌. 当你 打出小矮妖, 获得${ICON_HONOR1}."
FLAVOR_POTOFGOLD,"It's GOLD, baby!"
CARDNAME_MOONSTAFF,月杖
EFFECT_MOONSTAFF,每回合一次，你可以花费 ${ICON_RUNE4} 以双倍你的 ${ICON_POWER}.
FLAVOR_MOONSTAFF,"In the full moon's light, nature's beauty can be a terror to behold ."
CARDNAME_NETHERSNARE,冥界陷阱
EFFECT_NETHERSNARE,"每回合一次，若此牌下没有怪物，你可以将中央牌列的一个怪物置于其下。 你可以击败怪物其下此 视为在中央牌列. 若此 离开打出, 放置任意怪物其下此 在顶部的 传送门牌库."
CARDNAME_SOULCOLLECTOR,集魂者
EFFECT_SOULCOLLECTOR,每回合一次，加入灵魂指示物以 此若you've被击败怪物在中央牌列.<br>每回合一次，获得${ICON_POWER} 相等以 数量为灵魂指示物在 此.
CARDNAME_DEEPDRONE,深潜无人机
EFFECT_DEEPDRONE,获得${ICON_RUNE2}.<br>放置下一神器你 获取本回合直接进入战场.
FLAVOR_DEEPDRONE,物体已回收。侦测到未知生命体。请求指示。
CARDNAME_RATKING,鼠王
EFFECT_RATKING,${LABEL_REWARD} 获得${ICON_HONOR4} 和击败所有巨人Rats在中央牌列.
FATE_RATKING,"${LABEL_FATE} 当此牌进入中央牌列时, 放置一张巨鼠在 顶部的 每个其他卡牌在中央牌列."
CARDNAME_ARHASANCTUARY,亚哈圣所
EFFECT_ARHASANCTUARY,"当此牌进入战场时, 放置你牌库顶的卡牌其下此 面朝上.<br>每回合一次，你可以swap卡牌在你的手牌中以 卡牌其下Arha圣所.<br>当Arha圣所离开打出的 游戏结束, 放置卡牌其下它 置入你的弃牌堆."
CARDNAME_ASKARAOFFORTUNE,幸运阿斯卡拉
EFFECT_ASKARAOFFORTUNE,每位玩家展示顶部卡牌的 其牌库. 选择一个英雄已展示以此方式和 复制其效果.
FLAVOR_ASKARAOFFORTUNE,Fortune and choice are two sides of the same coin. The askara transcend all dualities.
CARDNAME_SPIRITOFTHEANCIENTS,上古之灵
EFFECT_SPIRITOFTHEANCIENTS,选择命约英雄从 任意Ascension扩展该 尚未被选择此 游戏. 复制效果的 所选英雄.
FLAVOR_SPIRITOFTHEANCIENTS,Look to the past for help with the future.
CARDNAME_CETRAGUIDEOFOGO,奥戈向导塞特拉
EFFECT_CETRAGUIDEOFOGO,获取所有英雄在中央牌列无需支付费用. 放置它们放到你的牌库顶在 任意秩序.
FLAVOR_CETRAGUIDEOFOGO,"Just as the stars guide travellers, Cetra guides the stars."
CARDNAME_LEPRECHAUN,小矮妖
EFFECT_LEPRECHAUN,获得${ICON_RUNE2}. 获取一个罐的 金从彩虹尽头或 从另一名玩家的控制.
FLAVOR_LEPRECHAUN,"In the Mushroom Dael, with tobacco and honey on the breeze, may be found the half-shoe man."
CARDNAME_DESTROYERSGATE,毁灭者之门
EFFECT_DESTROYERSGATE,经过一段时间后，此牌会转化成某种很厉害的东西！
FLAVOR_DESTROYERSGATE,He will come in one of the pre-chosen forms.
CARDNAME_ENDEROFDAYS,终日者
EFFECT_ENDEROFDAYS,${LABEL_REWARD} 获得${ICON_HONOR10}. Remove所有 ${ICON_HONOR} 从 ${ICON_HONOR} Pool.
CARDNAME_TOLLMASTERKYLEK,税吏凯莱克
EFFECT_TOLLMASTERKYLEK,${LABEL_REWARD} 获得${ICON_HONOR6}. 获取所有传送门在中央牌列无需支付费用.
FATE_TOLLMASTERKYLEK,${LABEL_FATE} 放逐所有其他卡牌在中央牌列和 将它们替换以 传送门.
CARDNAME_AETHERRITUALIST,以太祭仪师
EFFECT_AETHERRITUALIST,"获得${ICON_POWER2}.<br>下次你击败一个怪物在中央牌列本回合, 你可以获取传送门无需支付费用."
CARDNAME_VEDAHSAGEOFSWORDS,剑贤维达
EFFECT_VEDAHSAGEOFSWORDS,展示传送门牌库顶的卡牌. 抽起它或击败它无需支付费用.
FLAVOR_VEDAHSAGEOFSWORDS,"I contemplated for a hundred years a single blade of grass. I made it my entire world, my only adversary. Then, I cut it down."
CARDNAME_PATHWARDEN,巡路者
EFFECT_PATHWARDEN,获得${ICON_RUNE2}.<br>你可以花费 ${ICON_RUNE} 视为 ${ICON_POWER} 本回合.
FLAVOR_PATHWARDEN,Heroes dwell beyond the final turn in the road.
CARDNAME_HEDRONFLARE,多面体闪耀
EFFECT_HEDRONFLARE,每回合一次，你可以获取机械英雄在中央牌列无需支付费用.
FLAVOR_HEDRONFLARE,过来！
CARDNAME_LOTUSSIREN,莲花海妖
EFFECT_LOTUSSIREN,"获得${ICON_RUNE2}.<br>每当你 获取一个英雄或 宝藏卡牌从中央牌列本回合, 获得${ICON_HONOR1}. (获得${ICON_HONOR} 以每个卡牌已获取.)"
CARDNAME_TEMPORALEXCAVATOR,时光发掘者
EFFECT_TEMPORALEXCAVATOR,"当此牌进入战场时, 加入七张th卡牌以 中央牌列. 当此 离开打出, 移除七张th卡牌从中央牌列."
FLAVOR_TEMPORALEXCAVATOR,everything that has happened before will happen again
CARDNAME_AETHERCURATOR,以太策展者
EFFECT_AETHERCURATOR,放逐一张卡牌在中央牌列. Replace它以 传送门.<br>抽一张牌.
FLAVOR_AETHERCURATOR,You need simply open a book and a new world awaits.
CARDNAME_VOIDMESMER,虚空催眠师
EFFECT_VOIDMESMER,"获得${ICON_POWER2}.<br>下次你击败一个怪物本回合, 你可以获取一个英雄的 相等或更低er费用."
FLAVOR_VOIDMESMER,Blood calls to blood.
CARDNAME_KYTHISTHEGATEKEEPER,守门人凯西斯
EFFECT_KYTHISTHEGATEKEEPER,${LABEL_REWARD} 获得${ICON_HONOR5} 和获取或 击败卡牌其下此 无需支付费用.
FATE_KYTHISTHEGATEKEEPER,"${LABEL_FATE} 当此牌进入中央牌列时, 拿取传送门牌库顶的卡牌和 放置它 面朝下置于其下此. 若此 离开中央牌列, 将它替换以 该卡牌."
CARDNAME_AETHERCHANNELER,以太引导者
EFFECT_AETHERCHANNELER,放逐一张卡牌从你的手牌. 若你如此做，获取随机英雄从 任意Ascension扩展无需支付费用. 将它放置置入你的手牌.
FLAVOR_AETHERCHANNELER,"When plans fail, look to the chaos for answers."
CARDNAME_PORTAL,传送门
EFFECT_PORTAL,此为 任意英雄或 神器该 能够是 发现在 中央牌库的 任意Ascension set.
CARDNAME_EXPLOSIVESWARM,爆裂虫群
EFFECT_EXPLOSIVESWARM,"当相邻non-怪物space会是 被替换, 将它替换以 复制的 此怪物改为.<br>${LABEL_REWARD} 获得${ICON_HONOR4}."
CARDNAME_RINGOFLIFE,生命之环
EFFECT_RINGOFLIFE,"每回合一次，若你 拥有打出过命约英雄, 获得${ICON_RUNE1}. 当Ring的生命进入打出, 选择派系. 你的英雄的 该派系为 也命约英雄."
CARDNAME_JOURNEYMANSAGE,旅者贤者
EFFECT_JOURNEYMANSAGE,放逐一个英雄在你的手牌中. 若你如此做，获取一个英雄以 ${ICON_HONOR} 值至多一 超过该 的被放逐卡牌和 将它放置在你的手牌中.
FATE_JOURNEYMANSAGE,"${LABEL_FATE} 当此牌进入中央牌列时, 每位玩家可以放逐英雄在其手牌中以 获取秘教士或 重装步兵和 加入其手牌."
CARDNAME_CONSTRICTINGHORROR,绞杀恐魔
EFFECT_CONSTRICTINGHORROR,${LABEL_REWARD} 获得${ICON_HONOR4}. 展示卡牌从中央牌库直到你 展示英雄. 获取该 英雄无需支付费用和 放逐每个其他卡牌已展示以此方式.
CARDNAME_GIANTRAT,巨鼠
EFFECT_GIANTRAT,置于其下的任何卡牌巨人Rat不能被获取、放逐或击败直到巨鼠被放逐或击败.<br>${LABEL_REWARD} 获得${ICON_HONOR1}.
CARDNAME_ETERNALTORMENTOR,永恒折磨者
EFFECT_ETERNALTORMENTOR,击败一个随机怪物在 虚空区无需支付费用s和将它放置置于其底： 传送门牌库.
FLAVOR_ETERNALTORMENTOR,The voidspawn that aren't banished or destroyed are made to wish they had been.
CARDNAME_DAVIDPROPHETICGUIDE,大卫·预言向导
EFFECT_DAVIDPROPHETICGUIDE,"抽三张牌, 然后放置两 卡牌从你的手牌放到你的牌库顶在 任意秩序."
FLAVOR_DAVIDPROPHETICGUIDE,Those with the gift of foresight often need help discerning the difference between what is and what will be.
CARDNAME_NOVABORNOFCHAOS,诺娃·混沌所生
EFFECT_NOVABORNOFCHAOS,"${LABEL_REWARD} 万民玩家返回所有荣誉点数以 荣誉池. 若游戏会 结束此round, 它does不结束.<br>获得${ICON_HONOR10}."
FLAVOR_NOVABORNOFCHAOS,The beginning can be just as violent as the end.
CARDNAME_TINKERINGMONK,摆弄僧侣
EFFECT_TINKERINGMONK,获得${ICON_RUNE2}.<br>你可以拥有每位玩家获得${ICON_HONOR} 相等以 数量为机械神器其控制的.
FLAVOR_TINKERINGMONK,Something for Everyone
CARDNAME_ETHEREALHUNTRESS,空灵女猎手
EFFECT_ETHEREALHUNTRESS,获得${ICON_POWER3}.<br>你可以放置怪物从虚空区在 顶部的 传送门牌库.
FLAVOR_ETHEREALHUNTRESS,Even death is no escape for her prey.
CARDNAME_DEFENDEROFVIGIL,防御者祈夜
EFFECT_DEFENDEROFVIGIL,获得${ICON_RUNE2} 和 ${ICON_POWER2}.<br>获得${ICON_RUNE1} 以每个学徒你 打出或 拥有打出过本回合.<br>获得${ICON_POWER1} 以每个民兵你 打出或 拥有打出过本回合.
CARDNAME_NINE,N.I.N.E.
EFFECT_NINE,"获得${ICON_RUNE2}.<br>当你 打出机械神器, 你可以将此牌返回从 你的弃牌堆以 你的手牌. <i>(卡牌打出过在期间你的回合不 进入以 你的弃牌堆直到结束时回合.)</i>"
FLAVOR_NINE,The leading cause of death on Hedron?  Curiosity.
CARDNAME_FORRESTBEASTWARDEN,福雷斯特·兽卫
EFFECT_FORRESTBEASTWARDEN,"获得${ICON_RUNE2}.<br>一次本回合, 你可以获取一个英雄在 虚空区视为在中央牌列."
FLAVOR_FORRESTBEASTWARDEN,True loyalty is eternal.
CARDNAME_CHAOSRIDER,混沌骑手
EFFECT_CHAOSRIDER,获得${ICON_POWER3}.<br>你可以返回虚空卡牌从 你的弃牌堆以 你的手牌.
FLAVOR_CHAOSRIDER,Be careful who you follow into battle.
CARDNAME_LUNARMATRIARCH,月女族长
EFFECT_LUNARMATRIARCH,"获得${ICON_HONOR5}.<br>一次本回合, 你可以支付至多 ${ICON_RUNE5} 以获得该等量的 ${ICON_HONOR}."
FLAVOR_LUNARMATRIARCH,She brings rest to those who know it least.
CARDNAME_DREAMCHAMBERDISCIPLES,梦室门徒们
EFFECT_DREAMCHAMBERDISCIPLES,抽一张牌.<br>${LABEL_SERENITY} 获得${ICON_INSIGHT2}. (<i>获得此效果若 那里为 没有卡牌在你的弃牌堆.</i>)
FLAVOR_DREAMCHAMBERDISCIPLES,The Arha teach us that in time all traditions<br>break under the weight of principle.
CARDNAME_FAERIECOMMANDER,仙灵指挥官
EFFECT_FAERIECOMMANDER,"获得${ICON_RUNE2}. 下次你获取一个英雄在中央牌列本回合, 获得${ICON_POWER2}."
FLAVOR_FAERIECOMMANDER,He was found dead in the forest:<br>a million little cuts.
CARDNAME_PSYCHEASKARA,心灵阿斯卡拉
EFFECT_PSYCHEASKARA,复制效果的 英雄你 拥有打出过本回合或 怪物奖励你 拥有已获得本回合.
CARDNAME_CORITEMECHANADON,刚玉机械兽
EFFECT_CORITEMECHANADON,"${LABEL_PHANTASM}当此 为在中央牌列, 你可以支付 ${ICON_INSIGHT2} 以放逐和 打出此.<br>获得${ICON_RUNE1} 和 ${ICON_POWER1}."
CARDNAME_INVOKIST,祈唤师
EFFECT_INVOKIST,"${LABEL_PHANTASM}当此 为在中央牌列, 你可以支付 ${ICON_INSIGHT4} 以放逐和 打出此.<br>获得${ICON_POWER3}."
FLAVOR_INVOKIST,Fear has a face.
CARDNAME_ZINTASBRACERS,辛塔的护腕
EFFECT_ZINTASBRACERS,"每回合一次，若你 拥有已获得 ${ICON_INSIGHT2} 或更高, 获得${ICON_POWER2}."
FLAVOR_ZINTASBRACERS,Zinta reached into the<br>Void and from it pulled daggers.
CARDNAME_BLACKWATCHDREAMER,黑卫梦者
EFFECT_BLACKWATCHDREAMER,"${LABEL_PHANTASM}当此 为在中央牌列, 你可以支付 ${ICON_INSIGHT2} 以放逐和 打出此.<br>获得${ICON_POWER1}. 你可以放逐一张卡牌在你的手牌或弃牌堆."
CARDNAME_PASYTHEASKATANA,帕西提亚的刀
EFFECT_PASYTHEASKATANA,"此神器视为作为所有派系.<br>当你 打出此, 抽一张牌.<br>帕西提亚费用为你 ${ICON_INSIGHT4} 更低以 获取."
CARDNAME_PASYTHEASCUTLASS,帕西提亚的弯刀
EFFECT_PASYTHEASCUTLASS,"此神器视为作为所有派系.<br>当你 打出此, 获得${ICON_POWER2}.<br>帕西提亚费用为你 ${ICON_INSIGHT4} 更低以 获取."
CARDNAME_PSYONICPALADIN,心灵圣骑士
EFFECT_PSYONICPALADIN,击败一个怪物在中央牌列无需支付费用.
FLAVOR_PSYONICPALADIN,"As the armor is shaped by our thoughts,<br>the sword is directed by our will."
CARDNAME_DREAMTITAN,梦泰坦
EFFECT_DREAMTITAN,${LABEL_REWARD} 获得${ICON_HONOR6}.
FLAVOR_DREAMTITAN,A gold giant: taller than the mountains<br>and silent as the sun.
CARDNAME_ENTROPHANTASM,熵幻象
EFFECT_ENTROPHANTASM,获得${ICON_RUNE1} 和 ${ICON_INSIGHT1}.<br>${LABEL_UNITE} 抽一张牌. (<i>获得此效果若 你打出或 拥有打出过另一命约英雄本回合.</i>)
CARDNAME_DREAMANCHOR,梦锚
EFFECT_DREAMANCHOR,"${LABEL_PLUNDER}每回合一次，若你 获取卡牌和 击败一个怪物, 两者在中央牌列, 获得${ICON_INSIGHT2}."
CARDNAME_EMMASVOIDCYCLER,艾玛的虚空循环器
EFFECT_EMMASVOIDCYCLER,每回合一次，获得${ICON_RUNE1} 以每个已转化机械神器你控制的.
FLAVOR_EMMASVOIDCYCLER,"This proves it. Emma,<br>you're a genius."" - Emma Ironheart"
CARDNAME_CONTROLSMITH,控术匠
EFFECT_CONTROLSMITH,"获得${ICON_RUNE2}. 若你控制的已转化神器, 抽一张牌."
FLAVOR_CONTROLSMITH,She dreamt of iron and glory.
CARDNAME_DREAMSCARREDHUNTER,梦痕猎手
EFFECT_DREAMSCARREDHUNTER,"抽一张牌.<br>${LABEL_PLUNDER}此回合, 若你 获取卡牌和 击败一个怪物, 两者在中央牌列, 获得${ICON_HONOR3}."
CARDNAME_AETHERWARRIOR,以太战士
EFFECT_AETHERWARRIOR,"${LABEL_PHANTASM}当此 为在中央牌列, 你可以支付 ${ICON_INSIGHT5} 以放逐和 打出此.<br>抽两张牌."
FLAVOR_AETHERWARRIOR,My blade severs both flesh and soul.
CARDNAME_EMMASTELETRANSMITTER,艾玛的远传器
EFFECT_EMMASTELETRANSMITTER,每回合一次，获得${ICON_HONOR1} 以每个已转化机械神器你 控制.
FLAVOR_EMMASTELETRANSMITTER,"Why in the five hells would I be calling you if<br>I didn't need help?"" - Emma Ironheart"
CARDNAME_DREADMAGE,恐惧法师
EFFECT_DREADMAGE,"${LABEL_REWARD} 获得${ICON_HONOR2} 和抽两张牌.<br>${LABEL_DREAMBIND} ${ICON_INSIGHT4}. (<i>当你 击败此, 你可以支付其 梦缚费用. 若你如此做，放置此 在你的弃牌堆. 当你 打出此, 获得其奖励.</i>)"
CARDNAME_MECHANNONBLUEPRINT,机加农蓝图
EFFECT_MECHANNONBLUEPRINT,你可以支付 ${ICON_INSIGHT5} 以将此牌转化为艾玛的机加农.
FLAVOR_MECHANNONBLUEPRINT,"I wonder what kind of dent this thing is<br>going to make."" - Emma Ironheart"
CARDNAME_DREAMTYRANT,梦境暴君
EFFECT_DREAMTYRANT,${LABEL_REWARD} 获得${ICON_HONOR5} 和 ${ICON_INSIGHT5}.
FLAVOR_DREAMTYRANT,The manifestation of a forest's vengeful dreams.
CARDNAME_EMMASMECHANNON,艾玛的机加农
EFFECT_EMMASMECHANNON,每回合一次，获得${ICON_POWER1} 以每个已转化机械神器你控制的.
FLAVOR_EMMASMECHANNON,"Did anyone see that? I put a hole in that mountain!"" - Emma Ironheart"
CARDNAME_TELETRANSMITTERBLUEPRINT,远传器蓝图
EFFECT_TELETRANSMITTERBLUEPRINT,你可以支付 ${ICON_INSIGHT5} 以将此牌转化为艾玛的远传器.
FLAVOR_TELETRANSMITTERBLUEPRINT,"It's like telepathy, but less effective.""<br>- Emma Ironheart"
CARDNAME_NIGHTMARAUDERS,梦魇掠夺者
EFFECT_NIGHTMARAUDERS,${LABEL_REWARD} 获得${ICON_HONOR1} 和 ${ICON_INSIGHT1}.
FLAVOR_NIGHTMARAUDERS,它们无处不在！
CARDNAME_RIVERREAPER,河收割者
EFFECT_RIVERREAPER,${LABEL_REWARD} 获得${ICON_HONOR6}. 每位对手摧毁只留一个，其余神器其控制的.
FLAVOR_RIVERREAPER,"Something is hunting the bears,<br>but we know not what."
CARDNAME_RAKARCORRUPTASKARA,拉卡尔·腐化阿斯卡拉
EFFECT_RAKARCORRUPTASKARA,${LABEL_REWARD} 获得${ICON_HONOR6}. 加入梦缚怪物在 虚空区以 你的手牌.
FLAVOR_RAKARCORRUPTASKARA,All things can corrupt when<br>minds are prone to evil.
CARDNAME_NAKAEMRISCHOSEN,纳卡·艾姆瑞的天选者
EFFECT_NAKAEMRISCHOSEN,"获得${ICON_POWER4}.<br>此回合, 你可以支付 ${ICON_INSIGHT0} 以梦缚费用为."
CARDNAME_EMRISOULSTEALER,窃魂者艾姆瑞
EFFECT_EMRISOULSTEALER,"获得${ICON_POWER5}. 若那里为 10 或更高怪物在 虚空区, 获得${ICON_POWER10} 改为."
FLAVOR_EMRISOULSTEALER,"Another day, another demigod."
CARDNAME_CAARODESERTBREAKER,卡罗·沙漠破碎者
EFFECT_CAARODESERTBREAKER,"${LABEL_REWARD} 获得${ICON_HONOR4}. 以每位对手, 你选择和 摧毁一个神器其控制的.<br>${LABEL_DREAMBIND} ${ICON_INSIGHT2}"
CARDNAME_PASYTHEATHEREDEEMED,帕西提亚·救赎者
EFFECT_PASYTHEATHEREDEEMED,"此英雄视为作为所有派系.<br>当你 获取此, 它goes直接以 你的手牌.<br>获得${ICON_RUNE2}, ${ICON_POWER2}, ${ICON_HONOR2} 和抽一张牌."
CARDNAME_PASYTHEASSCIMITAR,帕西提亚的弯刀
EFFECT_PASYTHEASSCIMITAR,"此神器视为作为所有派系.<br>当你 打出此, 获得${ICON_HONOR2}.<br>帕西提亚费用为你 ${ICON_INSIGHT4} 更低以 获取."
CARDNAME_LYCHANBEAST,狼化野兽
EFFECT_LYCHANBEAST,获得${ICON_RUNE3} 和 ${ICON_POWER3}.
FLAVOR_LYCHANBEAST,They'll never see me coming.
CARDNAME_WARPROGUE,扭曲游荡者
EFFECT_WARPROGUE,${LABEL_REWARD} 获得${ICON_HONOR3}. 拿取${ICON_INSIGHT1} 从对手.<br>${LABEL_DREAMBIND} ${ICON_INSIGHT3}.
FLAVOR_WARPROGUE,A wish granted is a dream destroyed.
CARDNAME_DEMONHUNTER,恶魔猎手
EFFECT_DEMONHUNTER,"当此 为在你的手牌中, 你可以支付 ${ICON_INSIGHT8} 以转化它 置入恶魔大师.<br>获得${ICON_POWER2}."
FLAVOR_DEMONHUNTER,Good. Bad. I'm the one with the sword.
CARDNAME_VOIDCYCLERBLUEPRINT,虚空循环器蓝图
EFFECT_VOIDCYCLERBLUEPRINT,你可以支付 ${ICON_INSIGHT5} 以将此牌转化为艾玛的虚空循环器.
FLAVOR_VOIDCYCLERBLUEPRINT,"Hopefully this one doesn't blow up, I just grew my<br>eyebrows back."" - Emma Ironheart"
CARDNAME_RUTOAKENMASTER,橡木大师鲁特
EFFECT_RUTOAKENMASTER,"获得${ICON_HONOR3} 和抽一张牌.<br>${LABEL_PLUNDER}每回合一次，若你 获取卡牌和 击败一个怪物, 两者在中央牌列, 获得额外的 ${ICON_HONOR3}."
CARDNAME_DREAMWALKER,梦行者
EFFECT_DREAMWALKER,"放逐一张卡牌在中央牌列.<br>若它 为被替换被 怪物, 获得${ICON_INSIGHT2}.<br>若它 为被替换被 英雄, 获得${ICON_HONOR2}.<br>若它 为被替换被 神器, 抽 2 卡牌."
CARDNAME_PSYONICAPPRENTICE,心灵学徒
EFFECT_PSYONICAPPRENTICE,"当此 为在你的手牌中, 你可以支付 ${ICON_INSIGHT7} 以转化它 置入心灵圣骑士.<br>击败一个怪物以 费用 ${ICON_POWER4} 或更低无需支付费用."
CARDNAME_TERMINITES,终末蚁
EFFECT_TERMINITES,${LABEL_REWARD} 获得${ICON_HONOR3}. 每位对手摧毁最低费用神器其控制的.
FLAVOR_TERMINITES,"They're just bugs, soldier. How big could they be?"
CARDNAME_NILIATHESHATTERED,尼莉亚·破碎
EFFECT_NILIATHESHATTERED,${LABEL_REWARD} 获得${ICON_HONOR5}. 拿取一张卡牌随机从 对手之手牌和 将该卡牌加入以 你的手牌.<br>${LABEL_DREAMBIND} ${ICON_INSIGHT7}.
CARDNAME_DEMONMASTER,恶魔大师
EFFECT_DEMONMASTER,获得${ICON_POWER5}. 你可以放逐一张卡牌在你的手牌或弃牌堆.
FLAVOR_DEMONMASTER,"The job is tough, but the smell is worse."
CARDNAME_NIHILBOMBER,虚无投弹者
EFFECT_NIHILBOMBER,抽一张牌. 你可以放逐一张卡牌在你的手牌或弃牌堆. 若你如此做，获得${ICON_INSIGHT1}.
FLAVOR_NIHILBOMBER,Bomb for you... bomb for you...<br>and bomb for you.
CARDNAME_WEREBOAR,野猪人
EFFECT_WEREBOAR,获得${ICON_POWER2}.<br>${LABEL_UNITE} 获得${ICON_RUNE3}.
CARDNAME_WARPDRUID,扭曲德鲁伊
EFFECT_WARPDRUID,${LABEL_REWARD} 获得${ICON_HONOR2}. 你可以放逐一张卡牌在你的手牌或弃牌堆.<br>${LABEL_DREAMBIND} ${ICON_INSIGHT1}.
FLAVOR_WARPDRUID,Bark split flesh as<br>muscle hardened to wood.
CARDNAME_VOIDAMATHYSTDEFENDER,虚空紫晶防御者
EFFECT_VOIDAMATHYSTDEFENDER,获得${ICON_POWER2}.<br>${LABEL_ECHO} 获得${ICON_INSIGHT2}. (<i>获得此效果若 存在虚空卡牌在你的弃牌堆.</i>)
CARDNAME_THEIRONHEART,铁之心
EFFECT_THEIRONHEART,"每回合一次，获得${ICON_RUNE3}, ${ICON_POWER3}, 和 ${ICON_HONOR3}."
FLAVOR_THEIRONHEART,"I don't care how many tentacles you have.<br>I have an airship!"" - Emma Ironheart"
CARDNAME_IRONHEARTBLUEPRINT,铁之心蓝图
EFFECT_IRONHEARTBLUEPRINT,你可以支付 ${ICON_INSIGHT15} 以将此牌转化为铁之心.<br>每回合一次，获得${ICON_INSIGHT1} 以每个机械神器你 控制.
CARDNAME_STONEARTIFICERS,石神器师
EFFECT_STONEARTIFICERS,获得${ICON_RUNE2}. 你可以放置下一神器你 获取本回合直接进入战场.
CARDNAME_GEARSEER,齿轮预言者
EFFECT_GEARSEER,"${LABEL_PHANTASM}当此 为在中央牌列, 你可以支付 ${ICON_INSIGHT6} 以放逐和 打出此.<br>获得${ICON_RUNE3}."
FLAVOR_GEARSEER,The only difference between<br>genius and madness is execution.
CARDNAME_LYCHANRANGER,狼化游侠
EFFECT_LYCHANRANGER,"当此 为在你的手牌中, 你可以支付 ${ICON_INSIGHT6} 以转化它 置入狼化野兽.<br>获得${ICON_RUNE2} 和 ${ICON_POWER2}."
CARDNAME_DREAMSEEKER,寻梦者
EFFECT_DREAMSEEKER,获得${ICON_INSIGHT1} 和抽一张牌.
FLAVOR_DREAMSEEKER,Dreams maketh and dreams breaketh.
CARDNAME_DREAMSEEKERSTART,寻梦者
EFFECT_DREAMSEEKERSTART,获得${ICON_INSIGHT1} 和抽一张牌.
FLAVOR_DREAMSEEKERSTART,Dreams maketh and dreams breaketh.
CARDNAME_AZURITECHANNELER,蓝铜引导者
EFFECT_AZURITECHANNELER,"放逐一张卡牌在你的手牌中和 将它替换以 秘教士或 重装步兵.<br>${LABEL_PLUNDER}此回合, 若你 获取卡牌和 击败一个怪物, 两者在中央牌列, 获得${ICON_INSIGHT2}."
CARDNAME_EMMASWORKSHOP,艾玛的工坊
EFFECT_EMMASWORKSHOP,每回合一次，你可以转化机械神器无需支付费用.
FLAVOR_EMMASWORKSHOP,"This place is falling apart.<br>It's perfect."" - Emma Ironheart"
CARDNAME_TREEOFBOUNTY,树丰饶
EFFECT_TREEOFBOUNTY,"${LABEL_PLUNDER}每回合一次，若你 获取卡牌和 击败一个怪物, 两者在中央牌列, 获得${ICON_HONOR3}."
CARDNAME_OBFUSCASPIRIT,朦胧精魂
EFFECT_OBFUSCASPIRIT,${LABEL_REWARD} 获得${ICON_HONOR4}. 选择一名对手以 弃掉卡牌随机从其手牌.<br>${LABEL_DREAMBIND} ${ICON_INSIGHT4}.
FLAVOR_OBFUSCASPIRIT,Love is a dream. Love is a nightmare.
CARDNAME_DHARTHADREAMMASTER,达萨·梦大师
EFFECT_DHARTHADREAMMASTER,"${LABEL_PHANTASM}当此 为在中央牌列, 你可以支付 ${ICON_INSIGHT9} 以放逐和 打出此.<br>获取一个卡牌在中央牌列无需支付费用和 将它放置在你的手牌中."
CARDNAME_PASYTHEASMACE,帕西提亚的锤矛
EFFECT_PASYTHEASMACE,"此神器视为作为所有派系.<br>当你 打出此, 获得${ICON_RUNE2}.<br>帕西提亚费用为你 ${ICON_INSIGHT4} 更低以 获取."
CARDNAME_GREENSPRITELINGS,绿小精灵
EFFECT_GREENSPRITELINGS,"${LABEL_PHANTASM}当此 为在中央牌列, 你可以支付 ${ICON_INSIGHT4} 以放逐和 打出此.<br>获得${ICON_HONOR3}."
CARDNAME_TEMPLEOFARHA,神殿·Arha
EFFECT_TEMPLEOFARHA,"每回合一次，若你 拥有打出过秘教士或 重装步兵, 你可以抽一张牌."
FLAVOR_TEMPLEOFARHA,An impossible place to ponder the impossible.
CARDNAME_FAITHFULGUIDE,Faithful向导
EFFECT_FAITHFULGUIDE,"抽一张牌. 若你 打出或 拥有打出过秘教士或 重装步兵本回合, 获得${ICON_HONOR2}."
FLAVOR_FAITHFULGUIDE,"I stood at the mountiantop, held out the Eye, and finally saw the world."
CARDNAME_TEYNWOLFKING,Teyn·狼王
EFFECT_TEYNWOLFKING,"获得${ICON_RUNE4}.<br>${LABEL_UNITE} 若你 打出或gave打出过命约英雄本回合, 获得${ICON_POWER4}."
FLAVOR_TEYNWOLFKING,Teyn's army arrives hungry for war and leaves full of meat.
CARDNAME_PIERCINGEYEETER,贯穿之眼
EFFECT_PIERCINGEYEETER,"每回合一次，若你 拥有被击败怪物在中央牌列, 你可以抽一张牌."
FLAVOR_PIERCINGEYEETER,The eye will guide you where your own cannot.
CARDNAME_MASTERDHARTHAETER,达萨大师
EFFECT_MASTERDHARTHAETER,抽三张牌.
FLAVOR_MASTERDHARTHAETER,"At the height of the war, the Godslayer ascended six-thousand, six-hundred sixty-six steps to seek Dhartha's counsel, only to be turned away."
CARDNAME_ARHAMEDIUMETER,亚哈灵媒
EFFECT_ARHAMEDIUMETER,你可以放逐此牌以 获取秘教士或 重装步兵无需支付费用和 加入你的手牌.
FLAVOR_ARHAMEDIUMETER,"There is no self, only purpose."" -- Master Dhartha"
CARDNAME_ELDERSKEPTICETER,长老怀疑者
EFFECT_ELDERSKEPTICETER,"抽两张牌, 然后弃掉卡牌."
FLAVOR_ELDERSKEPTICETER,"Ezem read briefly, and then ruefully dropped the scroll.""It astounds me,"" he muttered, ""what passes for an idea in this land."
CARDNAME_ARHASENSEIETER,亚哈导师
EFFECT_ARHASENSEIETER,放逐一张卡牌在你的手牌中. 若你如此做，获取秘教士或 重装步兵无需支付费用和 加入你的手牌.
FLAVOR_ARHASENSEIETER,"You do not see your own potential because you seek it out. It already lies within, you need only accept it."
CARDNAME_FISTOFTHEDRAGONETER,拳龙
EFFECT_FISTOFTHEDRAGONETER,"抽一张牌. 放逐一张卡牌在中央牌列. 若下一卡牌以 进入中央牌列为 怪物, 击败它 无需支付费用."
CARDNAME_OZIAHTHEPEERLESSETER,无双的奥齐亚
EFFECT_OZIAHTHEPEERLESSETER,击败一个怪物以 费用 ${ICON_POWER6} 或更低无需支付费用.
FLAVOR_OZIAHTHEPEERLESSETER,"Child, this new world must have north and south, east and west,"" Logos said. Oziah drew his sword and cut twice.<br>""Father, it is done,"" he replied."
CARDNAME_EVERBLOOMETER,永绽
EFFECT_EVERBLOOMETER,每回合一次，获得${ICON_HONOR1}.
FLAVOR_EVERBLOOMETER,"The first Everbloom seedlings were gifted to heroes of the Second War, who planted them near the capital to encourage the healing of the land."
CARDNAME_AIYANASMESSENGERETER,艾雅娜的信使
EFFECT_AIYANASMESSENGERETER,获得${ICON_RUNE1}.<br>你可以支付 ${ICON_RUNE1} 更低下次你获取英雄本回合.
FLAVOR_AIYANASMESSENGERETER,"On cloudy nights in Ogo, the stars have couriers."
CARDNAME_CHEERFULCONSORTETER,欢快伴侣
EFFECT_CHEERFULCONSORTETER,获得${ICON_HONOR1}.<br>抽一张牌.
FLAVOR_CHEERFULCONSORTETER,Her bright demeanor spreads warmth throughout Alosya.
CARDNAME_ANIMUSOFTHEWILDETER,魂魄荒野
EFFECT_ANIMUSOFTHEWILDETER,获得${ICON_RUNE2}.<br>你可以支付 ${ICON_RUNE1} 更低下次你获取一个英雄本回合.
FLAVOR_ANIMUSOFTHEWILDETER,Even the trees of Ogo have something to teach if you listen long enough.
CARDNAME_KIRIMEADOWWITCHETER,基莉·草地女巫
EFFECT_KIRIMEADOWWITCHETER,"抽一张牌.<br>${LABEL_UNITE} 若你 打出或 拥有打出过命约英雄本回合, 获得${ICON_HONOR5}."
FLAVOR_KIRIMEADOWWITCHETER,Her domain offers tranquility when everyplace else is embroiled in turmoil.
CARDNAME_RUNICLYCANTHROPEETER,符文狼化人
EFFECT_RUNICLYCANTHROPEETER,"获得${ICON_RUNE2}.<br>${LABEL_UNITE} 若你 打出或 拥有打出过命约英雄本回合, 获得${ICON_POWER2}."
FLAVOR_RUNICLYCANTHROPEETER,Senses. Speed. Reflexes. Cunning. Only a fool would call this a curse.
CARDNAME_ROCKETCOURIERX99ETER,火箭信使X-99
EFFECT_ROCKETCOURIERX99ETER,"每回合一次，当你 获取机械神器, 你可以将它放置置入你的手牌."
FLAVOR_ROCKETCOURIERX99ETER,你有新邮件！
CARDNAME_WORKSHOPGARGOYLEETER,工坊石像鬼
EFFECT_WORKSHOPGARGOYLEETER,"每回合一次，当你 获取机械卡牌, 获得${ICON_HONOR1}."
FLAVOR_WORKSHOPGARGOYLEETER,They would be more helpful if they weren't nuts
CARDNAME_PROCESSINGHUBETER,处理枢纽
EFFECT_PROCESSINGHUBETER,"每回合一次，若你控制的三 或更高机械神器, 获得${ICON_RUNE2}."
FLAVOR_PROCESSINGHUBETER,The tinkerers could no longer distinguish their own thoughts from those of the machine.
CARDNAME_COMBUSTIONIDOLETER,燃烧偶像
EFFECT_COMBUSTIONIDOLETER,"每回合一次，若你控制的三 或更高机械神器, 你可以抽一张牌."
FLAVOR_COMBUSTIONIDOLETER,Warning:<br>Non-organic offerings only!
CARDNAME_PLASMACANNONETER,等离子加农
EFFECT_PLASMACANNONETER,"每回合一次，若你控制的四 或更高机械神器, 你可以获取或 击败任意卡牌在中央牌列无需支付费用."
CARDNAME_KORMASTERINNOVATOR,科尔·大师Innovator
EFFECT_KORMASTERINNOVATOR,"获得${ICON_POWER4}.<br>若你控制的两 或更高神器s, 抽两张牌."
FLAVOR_KORMASTERINNOVATOR,"Where you see nature, I see raw materials."
CARDNAME_BATTERYMONKETER,电池僧侣
EFFECT_BATTERYMONKETER,抽一张牌。<br>你可以支付 ${ICON_RUNE1} 更低下次你获取神器本回合.
FLAVOR_BATTERYMONKETER,Level 6 - Clarity.<br>Level 7 - Epiphany.<br>Level 8 - Martyrdom.
CARDNAME_DIMENSIONDIVERETER,维度潜者
EFFECT_DIMENSIONDIVERETER,获得${ICON_RUNE2}.<br>你可以将所有神器s作为机械神器本回合.
FLAVOR_DIMENSIONDIVERETER,The great seal has fallen. Exploration project approved.
CARDNAME_SHADOWSTARETER,暗影之星
EFFECT_SHADOWSTARETER,每回合一次，获得${ICON_POWER1}.
FLAVOR_SHADOWSTARETER,"Just be careful when you throw it, Godslayer,"" the weaponmaster said with a frown.  ""It will not suffer a wielder with poor aim."
CARDNAME_UMBRALEDGEETER,暗影刃锋
EFFECT_UMBRALEDGEETER,每回合一次，获得${ICON_POWER2}. 获得额外的 ${ICON_POWER2} 若你控制的半影刃锋.
FLAVOR_UMBRALEDGEETER,"He cannot hide from me, who has seen what lies beyond the last horizon."" -- Emri"
CARDNAME_PENUMBRALEDGEETER,半影刃锋
EFFECT_PENUMBRALEDGEETER,每回合一次，获得${ICON_POWER2}. 获得额外的 ${ICON_POWER2} 若你控制的暗影刃锋.
FLAVOR_PENUMBRALEDGEETER,"Kythis has fled, and the souls of the damned howl against Deofol's untended gate."" -- Sadranis"
CARDNAME_SHADOWBLADESENTRY,Shadowblade哨兵
EFFECT_SHADOWBLADESENTRY,"获得${ICON_POWER3}.<br>${LABEL_ECHO} 若存在虚空卡牌在你的弃牌堆, 抽一张牌."
FLAVOR_SHADOWBLADESENTRY,"When a lock is not enough, try a Shadowblade Sentry."
CARDNAME_SPIKEVIXENETER,尖刺雌狐
EFFECT_SPIKEVIXENETER,获得${ICON_POWER1}.<br>抽一张牌.
FLAVOR_SPIKEVIXENETER,"If there is beauty in death, then the Spike Vixens are a sight to behold."
CARDNAME_ABOLISHERETER,废除者
EFFECT_ABOLISHERETER,获得${ICON_RUNE1}.<br>你可以放逐一张卡牌在你的手牌中. 若你如此做，获得额外的 ${ICON_RUNE1}.
FLAVOR_ABOLISHERETER,The souls were too many for the Arbiter castes to erase.
CARDNAME_NIHILMANCERETER,虚无法师
EFFECT_NIHILMANCERETER,获得${ICON_POWER2}.<br>你可以放逐一张卡牌在你的手牌中. 若你如此做，获得额外的 ${ICON_POWER1}.
FLAVOR_NIHILMANCERETER,"Sadranis formed his own clan of demon slayers, a sorcerous parallel to the Black Watch."
CARDNAME_VOIDSPEAKERETER,虚空语者
EFFECT_VOIDSPEAKERETER,"获得${ICON_POWER2}.<br>${LABEL_ECHO} 若存在虚空卡牌在你的弃牌堆, 获得${ICON_RUNE3}."
FLAVOR_VOIDSPEAKERETER,A ravenous appetite for human emotion.
CARDNAME_XERONDUKEOFLIESETER,谎言之公爵泽伦
EFFECT_XERONDUKEOFLIESETER,${LABEL_REWARD} 获得${ICON_HONOR4}. 拿取一张卡牌随机从 每位对手之手牌和 将那些卡牌加入以 你的手牌.
CARDNAME_HAUNTINGSPECTER,HauntingSpecter
EFFECT_HAUNTINGSPECTER,${LABEL_REWARD} 获得${ICON_HONOR4}. 你可以放逐至多两 卡牌在你的手牌中和/或弃牌堆.
FLAVOR_HAUNTINGSPECTER,It's what isn't there that frightens; it's what is there that kills.
CARDNAME_SAMAELETERNALSINNER,Samael·永恒Sinner
EFFECT_SAMAELETERNALSINNER,${LABEL_REWARD} 获得${ICON_HONOR6}. 展示顶部三 卡牌的 传送门牌库. 你可以获取或 击败已展示卡牌无需支付费用. 放置其他已展示卡牌置入虚空区.
FLAVOR_SAMAELETERNALSINNER,I am Eternal. What hope have you to defeat me?
CARDNAME_CORROSIVEWIDOWETER,腐蚀寡妇
EFFECT_CORROSIVEWIDOWETER,${LABEL_REWARD} 获得${ICON_HONOR3}. 每位对手须选择和 摧毁一个神器其控制的.
CARDNAME_PHASEFIENDETER,相位邪魔
EFFECT_PHASEFIENDETER,${LABEL_REWARD} 获得${ICON_HONOR1}. 你可以放逐一张卡牌在你的手牌或弃牌堆.
CARDNAME_LAGOONTROLLETER,潟湖巨魔
EFFECT_LAGOONTROLLETER,${LABEL_REWARD} 获得${ICON_HONOR2}. 抽一张牌.
FLAVOR_LAGOONTROLLETER,嗯嗯嗯咕噜咕噜！
CARDNAME_TIDESTALKERETER,潮潜者
EFFECT_TIDESTALKERETER,${LABEL_REWARD} 获得${ICON_HONOR4}.
FLAVOR_TIDESTALKERETER,The local villagers have learned to be just as wary of low tides as they are high tides.
CARDNAME_DELIRIUMPIXIESETER,谵妄小仙
EFFECT_DELIRIUMPIXIESETER,${LABEL_REWARD} 获得${ICON_HONOR2} 和 ${ICON_RUNE3}.
FLAVOR_DELIRIUMPIXIESETER,Come play with us.
CARDNAME_TECTONICTHRASHERETER,地壳鞭笞者
EFFECT_TECTONICTHRASHERETER,${LABEL_REWARD} 获得${ICON_HONOR4}. 每位对手须选择和 摧毁两 神器s其控制的.
FLAVOR_TECTONICTHRASHERETER,The Sleeping Peaks hide more than just ore in their mountains.
CARDNAME_PROTEANSEASLUGETER,多变海蛞蝓
EFFECT_PROTEANSEASLUGETER,${LABEL_REWARD} 获得${ICON_HONOR5}. 每位对手摧毁所有神器s其控制的.
FLAVOR_PROTEANSEASLUGETER,Does anyone have a whole lot of salt?
CARDNAME_EARTHTYRANTETER,大地暴君
EFFECT_EARTHTYRANTETER,${LABEL_REWARD} 获得${ICON_HONOR5}.<br>抽两张牌.
CARDNAME_LEGENDARYBOONLIFEBOUND,传奇恩赐：生命
EFFECT_LEGENDARYBOONLIFEBOUND,获取或 击败任意生命卡牌从 中央牌列无需支付费用.
CARDNAME_IRONHEARTENGINE,铁之心引擎
EFFECT_IRONHEARTENGINE,"每回合一次，当你 打出机械神器 (包括此牌一), 获得${ICON_RUNE3}."
CARDNAME_MUSEOFMALEVOLENCE,缪斯恶意
EFFECT_MUSEOFMALEVOLENCE,${LABEL_REWARD} 获得${ICON_HONOR5}. 获得${ICON_RENOWN2} 在任意派系.
CARDNAME_LYCANFANG,狼化人牙
EFFECT_LYCANFANG,获得${ICON_RUNE2}.
CARDNAME_SHADOWARBITER,暗影仲裁者
EFFECT_SHADOWARBITER,抽一张牌. 你可以放逐一张卡牌在你的手牌中以 获得${ICON_POWER2}.
CARDNAME_MASTERVAYA,大师瓦娅
EFFECT_MASTERVAYA,抽两张牌.
CARDNAME_TURTLERMERCHANT,龟商商人
EFFECT_TURTLERMERCHANT,获得${ICON_HONOR5}.<br>你可以返回 ${ICON_HONOR} 以池 相等以 ${ICON_HONOR} 的英雄或 神器在 中央牌列. 若你如此做，获取它.
CARDNAME_CORRECTIONOFCREATION,校正造物
EFFECT_CORRECTIONOFCREATION,${LABEL_REWARD} 获得${ICON_HONOR2}. 你可以放逐一张卡牌从你的手牌或 弃牌堆.
CARDNAME_PATHSEEKERSENSEI,寻路者导师
EFFECT_PATHSEEKERSENSEI,击败一个怪物的 ${ICON_POWER4} 或更低无需支付费用.
CARDNAME_PSIONICMONK,灵能僧侣
EFFECT_PSIONICMONK,抽 2 卡牌.<br>获得${ICON_HONOR1} 以每个派系在你控制的神器之中.
CARDNAME_MECHAEMISSARY,机甲使者
EFFECT_MECHAEMISSARY,抽一张牌.<br>联合-使者: 获得${ICON_RUNE2}. (获得此效果一次若 你打出或 拥有打出过另一使者本回合.)
CARDNAME_MECHANNIHILATOR,机歼灭者
EFFECT_MECHANNIHILATOR,每回合一次，你可以摧毁另一一 的你的机械神器以 获得${ICON_POWER3}.
CARDNAME_HURRICANEWARLOCK,飓风术士
EFFECT_HURRICANEWARLOCK,${LABEL_REWARD} 获得${ICON_HONOR2}. 抽一张牌.
CARDNAME_ARHAEMISSARY,亚哈使者
EFFECT_ARHAEMISSARY,"抽一张牌.<br>若你 打出或 拥有打出过使者的 每个派系本回合, 你win游戏."
CARDNAME_BOONCETRA,恩赐：塞特拉
EFFECT_BOONCETRA,"一次本回合, 你可以放置英雄从 你的弃牌堆放到你的牌库顶."
CARDNAME_BOON:NAKA,恩赐：纳卡
EFFECT_BOON:NAKA,"一次本回合, 你可以放逐一张卡牌你 打出过本回合."
CARDNAME_LEGENDARYBOONVOID,传奇恩赐：虚空
EFFECT_LEGENDARYBOONVOID,获取或 击败任意虚空卡牌从 中央牌列无需支付费用.
CARDNAME_MONKOFTHESTONECIRCLE,僧侣石环
EFFECT_MONKOFTHESTONECIRCLE,获取一个英雄以 费用 ${ICON_RUNE3} 或更低和 将它放置置入你的手牌.
CARDNAME_CLAWSOFDEOFUL,爪迪奥福尔
EFFECT_CLAWSOFDEOFUL,${LABEL_REWARD} 获得${ICON_HONOR4}. 获得${ICON_RENOWN1} 在任意派系.
CARDNAME_MECHACETRA,机甲塞特拉
EFFECT_MECHACETRA,你可以获取一个英雄或 神器从 中央牌列无需支付费用和 将它放置放到你的牌库顶.
CARDNAME_LEGENDARYBOONMECHANA,传奇恩赐：机械
EFFECT_LEGENDARYBOONMECHANA,获取或 击败任意机械卡牌从 中央牌列无需支付费用.
CARDNAME_THEDREAMSCRAPE,刮梦者
EFFECT_THEDREAMSCRAPE,每回合一次，你可以摧毁另一一 的你的机械神器以 获得${ICON_RUNE2}.
CARDNAME_SNOWSTRIDERLYCAN,踏雪者狼化人
EFFECT_SNOWSTRIDERLYCAN,"获得${ICON_RUNE1}, ${ICON_HONOR1}, ${ICON_POWER1}, 和抽一张牌."
CARDNAME_MECHANAREMNANT,机械残响
EFFECT_MECHANAREMNANT,"${LABEL_REWARD} 获得${ICON_HONOR4}.<br>若你打出过或 已获取机械卡牌本回合, 获得${ICON_RUNE2}."
CARDNAME_SHADEFEATHER,暗影羽
EFFECT_SHADEFEATHER,获得${ICON_POWER1}. 你可以放逐一张卡牌在你的手牌或弃牌堆.
CARDNAME_DARKMONK,黑暗僧侣
EFFECT_DARKMONK,获得${ICON_POWER2}.<br>${LABEL_UNITE} 抽一张牌.
CARDNAME_BOONNAIRA,恩赐：奈莉
EFFECT_BOONNAIRA,"一次本回合, 获得${ICON_HONOR2}."
CARDNAME_PSYCHICAMULET,心灵护符
EFFECT_PSYCHICAMULET,"每回合一次，当你 打出机械或 圣贤神器 (包括此牌一), 抽一张牌."
CARDNAME_THECHROMECIRCLE,铬环
EFFECT_THECHROMECIRCLE,"每回合一次，当你 打出机械或 生命神器 (包括此牌一), 获得${ICON_RUNE1} 和 ${ICON_HONOR1}."
CARDNAME_MOUNTAINSEER,山预言者
EFFECT_MOUNTAINSEER,"抽一张牌, 然后放逐一张卡牌在 中央牌列. 然后, 获得${ICON_RENOWN1} 在每个的 派系(s) 该被替换被放逐卡牌."
CARDNAME_SHADEASKARA,暗影阿斯卡拉
EFFECT_SHADEASKARA,"获得${ICON_POWER3}.<br>若你 拥有圣贤或 虚空卡牌在你的弃牌堆, 抽一张牌."
CARDNAME_RAIYNARIFTWALKER,蕾娜·裂隙行者
EFFECT_RAIYNARIFTWALKER,"获得${ICON_POWER4}.<br>下次你击败一个怪物在 中央牌列本回合, 获得其non-荣誉奖励两次."
CARDNAME_MECHAPHOENIX,机凤凰
EFFECT_MECHAPHOENIX,"每回合一次，当你 打出机械神器 (包括此牌一), 获取或 击败卡牌以 费用相等以 或低于其 ${ICON_RUNE} 费用."
CARDNAME_PORTALNINJA,传送门忍者
EFFECT_PORTALNINJA,获得${ICON_RUNE2}.<br>${LABEL_UNITE} 你可以放逐一张卡牌你 打出过本回合.
CARDNAME_BOON:CETRA,恩赐：塞特拉
EFFECT_BOON:CETRA,"一次本回合, 你可以放置英雄从 你的弃牌堆放到你的牌库顶."
CARDNAME_KORPSEMAKER,尸科尔制造者
EFFECT_KORPSEMAKER,"每回合一次，当你 打出机械神器 (包括此牌一), 获得${ICON_POWER2}."
CARDNAME_BOMBCRAFTER,炸弹匠
EFFECT_BOMBCRAFTER,"抽一张牌.<br>获得${ICON_POWER2}, 然后放逐此牌."
CARDNAME_FALLENFAE,堕落者仙灵
EFFECT_FALLENFAE,获得${ICON_POWER2}.<br>${LABEL_UNITE} 获得${ICON_HONOR1}.
CARDNAME_MYCELIALMAGE,菌丝法师
EFFECT_MYCELIALMAGE,"抽一张牌.<br>获得${ICON_HONOR3}, 然后放逐此牌."
CARDNAME_MUSHROOMDRUID,蘑菇德鲁伊
EFFECT_MUSHROOMDRUID,获得${ICON_HONOR3}.
CARDNAME_BOON:MASTERDHARTHA,恩赐：达萨大师
EFFECT_BOON:MASTERDHARTHA,"一次本回合, 抽一张牌."
CARDNAME_BOON:KOR,恩赐：科尔
EFFECT_BOON:KOR,"一次本回合, 获得${ICON_RUNE2}."
CARDNAME_TABLETOFTHETEMPLAR,石板圣殿武士
EFFECT_TABLETOFTHETEMPLAR,你可以摧毁此 以击败一个怪物的 费用 ${ICON_POWER4} 或更低无需支付费用.
CARDNAME_LIFEBOUNDREMNANT,生命残响
EFFECT_LIFEBOUNDREMNANT,"${LABEL_REWARD} 获得${ICON_HONOR3}.<br>若你打出过或 已获取生命卡牌本回合, 获得额外的 ${ICON_HONOR2}."
CARDNAME_HELLSTRINGBLADES,狱弦双刃
EFFECT_HELLSTRINGBLADES,${LABEL_REWARD} 获得${ICON_HONOR5}. 选择和 摧毁至多两 神器s在打出.
CARDNAME_LANDISPOTIONS&PIES,兰迪斯的药剂与馅饼
EFFECT_LANDISPOTIONS&PIES,每回合一次，获得${ICON_HONOR1}.<br><br>${LABEL_UNITE} 获得${ICON_RUNE1}.
CARDNAME_REMNANTOFTHEFALLEN,残响·堕落者
EFFECT_REMNANTOFTHEFALLEN,${LABEL_REWARD} 获得${ICON_HONOR5}. 获得${ICON_RENOWN1} 的每个派系. 你可以获取或 击败任意卡牌在 中央牌列无需支付费用.
CARDNAME_LEGENDARYBOONENLIGHTENED,传奇恩赐：圣贤
EFFECT_LEGENDARYBOONENLIGHTENED,获取或 击败任意圣贤卡牌从 中央牌列无需支付费用.
CARDNAME_BOONULU,恩赐：乌鲁
EFFECT_BOONULU,"一次本回合, 获得${ICON_RENOWN1} 在另一派系."
CARDNAME_THEIRONSEVEN,钢铁七人
EFFECT_THEIRONSEVEN,"${LABEL_REWARD} 获得${ICON_HONOR3}. 选择和 摧毁至多一 神器在 打出, 或返回神器从 你的弃牌堆以 你的手牌."
CARDNAME_ARHARECRUIT,亚哈新兵
EFFECT_ARHARECRUIT,"抽一张牌.<br>获得${ICON_RENOWN1}, 然后放逐此牌."
CARDNAME_BOONMASTERDHARTHA,恩赐：达萨大师
EFFECT_BOONMASTERDHARTHA,"一次本回合, 抽一张牌."
CARDNAME_BOONKOR,恩赐：科尔
EFFECT_BOONKOR,"一次本回合, 获得${ICON_RUNE2}."
CARDNAME_VOIDREMNANT,虚空残响
EFFECT_VOIDREMNANT,"${LABEL_REWARD} 获得${ICON_HONOR4}.<br>若你打出过或 已获取虚空卡牌本回合, 你可以放逐至多两 卡牌从你的手牌或 弃牌堆."
CARDNAME_BOONPRIME,恩赐：P.R.I.M.E.
EFFECT_BOONPRIME,"一次本回合, 你可以返回神器从 你的弃牌堆以 你的手牌."
CARDNAME_SABLESPARKSISTERS,黑火花姐妹
EFFECT_SABLESPARKSISTERS,"抽一张牌.<br>获得${ICON_RUNE1}, 然后放逐此牌."
CARDNAME_ENLIGHTENEDREMNANT,圣贤残响
EFFECT_ENLIGHTENEDREMNANT,"${LABEL_REWARD} 获得${ICON_HONOR5}.<br>若你打出过或 已获取圣贤卡牌本回合, 抽两张牌."
CARDNAME_MARROWWYRMRIDER,髓虫骑手
EFFECT_MARROWWYRMRIDER,${LABEL_REWARD} 获得${ICON_HONOR3}. 你可以获取一个英雄以 费用 ${ICON_RUNE5} 或更低无需支付费用.
CARDNAME_SHADOWMENDER,暗影修复者
EFFECT_SHADOWMENDER,获得${ICON_POWER3}.
CARDNAME_RIFTCLAW,裂隙爪
EFFECT_RIFTCLAW,每回合一次，获得${ICON_POWER1}.
CARDNAME_BOONNAKA,恩赐：纳卡
EFFECT_BOONNAKA,"一次本回合, 你可以放逐一张卡牌你 打出过本回合."
CARDNAME_VOIDEMISSARY,虚空使者
EFFECT_VOIDEMISSARY,抽一张牌.<br>联合-使者: 获得${ICON_POWER2}. (获得此效果一次若 你打出或 拥有打出过另一使者本回合.)
CARDNAME_BOONEMRI,恩赐：艾姆瑞
EFFECT_BOONEMRI,"一次本回合, 获得${ICON_POWER2}."
CARDNAME_FORESTEMISSARY,森林使者
EFFECT_FORESTEMISSARY,抽一张牌.<br>联合-使者: 获得${ICON_HONOR2}. (获得此效果一次若 你打出或 拥有打出过另一使者本回合.)
CARDNAME_ASKARAOFJUDGEMENT,审判阿斯卡拉
EFFECT_ASKARAOFJUDGEMENT,抽一张牌.
CARDNAME_LEGENDMASTERDHARTHA,达萨大师
EFFECT_LEGENDMASTERDHARTHA,"一次本回合, 抽一张牌."
FLAVOR_LEGENDMASTERDHARTHA,Choose what endures over what tempts. This is<br>the path to mastering the enlightened arts.
CARDNAME_LEGENDULU,乌鲁
EFFECT_LEGENDULU,"一次本回合, 获得${ICON_RENOWN1} 在另一派系."
FLAVOR_LEGENDULU,"They whisper of stars—dead, long forgotten,<br>and yet to be—the inheritor of all the light<br>lost to time."
CARDNAME_LEGENDKOR,科尔
EFFECT_LEGENDKOR,"一次本回合, 获得${ICON_RUNE2}."
FLAVOR_LEGENDKOR,"Every invention is a cog in a larger machine, each<br>built upon the last, from the first spark of<br>mortal-made fire to the tools of the Mechana people."
CARDNAME_LEGENDPRIME,P.R.I.M.E.
EFFECT_LEGENDPRIME,"一次本回合, 你可以返回神器从 你的弃牌堆以 你的手牌."
FLAVOR_LEGENDPRIME,"It is the mechanics of purpose and experience that<br>define us, shaping not just who we are, but what we<br>can become."
CARDNAME_LEGENDNAKA,纳卡
EFFECT_LEGENDNAKA,"一次本回合, 你可以放逐一张卡牌你 打出过本回合."
FLAVOR_LEGENDNAKA,"Embrace the void, for it is in this absence<br>that we carve our own meaning."
CARDNAME_LEGENDEMRI,艾姆瑞
EFFECT_LEGENDEMRI,"一次本回合, 获得${ICON_POWER2}."
FLAVOR_LEGENDEMRI,"Speed may impress, but timing is the key to<br>victory. It’s not how fast you act, but when you<br>strike that determines the outcome."
CARDNAME_LEGENDNAIRA,奈莉
EFFECT_LEGENDNAIRA,"一次本回合, 获得${ICON_HONOR2}."
FLAVOR_LEGENDNAIRA,To live in balance with the world around us is<br>to find our place in the greater tapestry of<br>life.
CARDNAME_LEGENDCETRA,塞特拉
EFFECT_LEGENDCETRA,"一次本回合, 你可以放置英雄从 你的弃牌堆放到你的牌库顶."
FLAVOR_LEGENDCETRA,"The universe is a vast wonder, and the miracle of<br>existence is a precious gift. That is why being a hero<br>means defending life."
CARDNAME_STONEBLADETEMPLAR,石刃圣殿武士
EFFECT_STONEBLADETEMPLAR,展示和 放逐顶部卡牌的 传送门牌库. 若其 派系为:<br><b>圣贤:</b> 抽两张牌.<br><b>生命:</b> 获得${ICON_HONOR3}.<br><b>机械:</b> 获得${ICON_RUNE2}.<br><b>虚空:</b> 获得${ICON_POWER2}.<br><b>无派系：</b> 选择一 的效果上方.
FLAVOR_STONEBLADETEMPLAR,<br>
CARDNAME_SPIREOFTHEWIND,尖塔风
EFFECT_SPIREOFTHEWIND,"每回合一次，你可以弃掉卡牌从你的手牌以 抽一张牌.<br>若它 为秘教士或 重装步兵, 抽 2 卡牌改为."
CARDNAME_SEEDOFTHEWORLD,种子世界
EFFECT_SEEDOFTHEWORLD,"每回合一次，当你 获取一个英雄在 中央牌列, 获得${ICON_HONOR} 相等以 其 ${ICON_HONOR} 值."
CARDNAME_CHAOTICCANNON,混沌加农
EFFECT_CHAOTICCANNON,"每回合一次，弃掉你牌库顶的卡牌以 获得${ICON_POWER} 相等以 其 ${ICON_HONOR} 值.<br>若它 为机械神器, 将它放置在你的手牌中."
CARDNAME_THEAETHERMOURNE,以太哀歌
EFFECT_THEAETHERMOURNE,每回合一次，获得${ICON_POWER} 相等以 数量为怪物在 中央牌列.
CARDNAME_PUGGAGEDDON,巴哥末日
EFFECT_PUGGAGEDDON,"${LABEL_REWARD} 获得${ICON_HONOR2}. 放置此 置入另一玩家之弃牌堆. <br><br>当此 为打出过从你的手牌, 获得${ICON_HONOR1} 和将它放置置入另一玩家之弃牌堆."
CARDNAME_WATCHMAKERSALTAR,制表师祭坛
EFFECT_WATCHMAKERSALTAR,每回合一次，获得1符文。你只能用它来获取机械神器。
FLAVOR_WATCHMAKERSALTAR,违规处罚：<br>1. 终止运行<br>2. 转化为有机废料。
CARDNAME_EARTHTYRANT,大地暴君
EFFECT_EARTHTYRANT,奖励：获得5荣誉。抽两张牌。
CARDNAME_AVATAROFTHEFALLEN,堕落者化身
EFFECT_AVATAROFTHEFALLEN,除非被击败，否则此怪物不可被放逐。奖励：获得4荣誉。你可以无需支付费用获取或击败中央牌列中的任意一张卡牌。
CARDNAME_VOIDINITIATE,虚空新兵
EFFECT_VOIDINITIATE,获得1符文。你可以放逐一张手牌或弃牌堆中的卡牌。
FLAVOR_VOIDINITIATE,通过入会仪式后仍保持神智清醒者，才获准成为守望者或仲裁者。
EFFECT_WOLFSHAMAN,获得1符文。抽一张牌。
CARDNAME_WOLFSHAMAN,狼萨满
FLAVOR_WOLFSHAMAN,每个傍晚，新来者都会爬上城垛，对着月亮哀嚎。到了第三夜，月亮回应了他。
CARDNAME_FLYTRAPWITCH,捕蝇草女巫
EFFECT_FLYTRAPWITCH,获得2荣誉。抽一张牌。
FLAVOR_FLYTRAPWITCH,她曾为两位争当领袖者领路，但只有弑神者走到了沼泽的另一边。他的对手就此消失。
CARDNAME_MEPHIT,恶臭精
EFFECT_MEPHIT,奖励：获得2荣誉。你可以放逐中央牌列中的一张卡牌。
CARDNAME_ROCKETCOURIERX99,火箭信使X-99
EFFECT_ROCKETCOURIERX99,每回合一次，当你获取另一张机械神器时，你可以将其直接进入战场。
FLAVOR_ROCKETCOURIERX99,相对 x-50 型号的改进：<br>1. 速度提升<br>2.（测试）转向
CARDNAME_DRUIDSOFTHESTONECIRCLE,石环德鲁伊
EFFECT_DRUIDSOFTHESTONECIRCLE,无需支付费用获取一个费用不高于3符文的英雄。将其放到你的牌库顶。
FLAVOR_PSYCHEASKARA,我们该 在次 所有 其下的.
