# kind	src	zh
K	<br>当梦者琉璃离开打出或 游戏结束	放置所有卡牌其下它 置入你的弃牌堆.
K	CARDNAME_AARONTHEGODSLAYER	亚伦·弑神者
K	CARDNAME_ABOLISHER	废除者
K	CARDNAME_ABOLISHERETER	废除者
K	CARDNAME_ACIDICCRAWLER	酸性爬行者
K	CARDNAME_ADAMBUILDERADEPT	亚当·建造者能手
K	CARDNAME_ADAYUTHEOMNIPOTENT	天选者阿达尤
K	CARDNAME_ADAYUTHESERENE	阿达尤宁静
K	CARDNAME_ADAYUTHETORMENTED	阿达尤T<space=-.1em>ormented
K	CARDNAME_AEGISKNIGHT	神盾骑士
K	CARDNAME_AETHERCHANNELER	以太引导者
K	CARDNAME_AETHERCURATOR	以太策展者
K	CARDNAME_AETHERRITUALIST	以太祭仪师
K	CARDNAME_AETHERSPRINGWITCH	以太泉女巫
K	CARDNAME_AETHERWARRIOR	以太战士
K	CARDNAME_AIRSUPPORTSQUADRON	空中支援中队
K	CARDNAME_AIYANASMESSENGER	艾雅娜的信使
K	CARDNAME_AIYANASMESSENGERETER	艾雅娜的信使
K	CARDNAME_AKAMTHEGENIE	阿卡姆·灯神
K	CARDNAME_AKLYSTHESCOURGE	阿克里斯·灾祸
K	CARDNAME_ALLURINGSHAMAN	魅惑萨满
K	CARDNAME_ALOSYANGUIDE	阿洛西亚向导
K	CARDNAME_ALSETMONKPRODIGY	阿尔塞特·僧侣神童
K	CARDNAME_ALSETREACTORSAVANT	阿尔塞特·反应堆学者
K	CARDNAME_ANCIENTSTAG	上古鹿
K	CARDNAME_ANIMUSOFTHEWILD	魂魄荒野
K	CARDNAME_ANIMUSOFTHEWILDETER	魂魄荒野
K	CARDNAME_ANNIHILATION	歼灭
K	CARDNAME_ANOINTEDASKARA	涂油阿斯卡拉
K	CARDNAME_APPRENTICE	学徒
K	CARDNAME_APPRENTICE10TH	学徒
K	CARDNAME_APPRENTICEROV	学徒
K	CARDNAME_APPRENTICERU	学徒
K	CARDNAME_APPRENTICESOS	学徒
K	CARDNAME_ARANYXTHEGLUTTON	阿兰尼克斯·贪食者
K	CARDNAME_ARBITERCIRCLET	仲裁者头环
K	CARDNAME_ARBITEROFFATE	仲裁者天命
K	CARDNAME_ARBITEROFTHELOST	仲裁者迷失
K	CARDNAME_ARBITEROFTHEPRECIPICE	悬崖仲裁者
K	CARDNAME_ARBITEROFTHEPRECIPICE10TH	悬崖仲裁者
K	CARDNAME_ARBITERSCENSER	仲裁者香炉
K	CARDNAME_ARHAEMISSARY	亚哈使者
K	CARDNAME_ARHAHISTORIAN	亚哈史官
K	CARDNAME_ARHAINITIATE	亚哈新兵
K	CARDNAME_ARHAINITIATE10TH	亚哈新兵
K	CARDNAME_ARHAMEDIUM	亚哈灵媒
K	CARDNAME_ARHAMEDIUMETER	亚哈灵媒
K	CARDNAME_ARHAMENTOR	亚哈导师
K	CARDNAME_ARHARECRUIT	亚哈新兵
K	CARDNAME_ARHARISING	亚哈崛起
K	CARDNAME_ARHASANCTUARY	亚哈圣所
K	CARDNAME_ARHASENSEI	亚哈导师
K	CARDNAME_ARHASENSEIDS	亚哈导师
K	CARDNAME_ARHASENSEIETER	亚哈导师
K	CARDNAME_ARHATEMPLAR	亚哈圣殿武士
K	CARDNAME_ARHATEMPLAR10TH	ArhaT<space=-.1em>emplar
K	CARDNAME_ARMISTICE	停战
K	CARDNAME_ASALASTHEIMPALER	阿萨拉斯·穿刺者
K	CARDNAME_ASCETICOFTHELIDLESSEYE	无目之眼苦行僧
K	CARDNAME_ASCETICOFTHELIDLESSEYE10TH	无目之眼苦行僧
K	CARDNAME_ASHESTOASHES	灰烬归于灰烬
K	CARDNAME_ASKARANARMOR	阿斯卡拉甲
K	CARDNAME_ASKARAOFFATE	命运阿斯卡拉
K	CARDNAME_ASKARAOFFORTUNE	幸运阿斯卡拉
K	CARDNAME_ASKARAOFJUDGEMENT	审判阿斯卡拉
K	CARDNAME_ASKARAOFSOULS	灵魂阿斯卡拉
K	CARDNAME_ASTROBLADETRX	星盘TRX
K	CARDNAME_AURAOFTHEASKARA	灵光阿斯卡拉
K	CARDNAME_AUSPICIOUSASKARA	吉兆阿斯卡拉
K	CARDNAME_AUSTERESAGE	严苛贤者
K	CARDNAME_AUTOBUILDER50	自动建造机5.0
K	CARDNAME_AVATARGOLEM	化身魔像
K	CARDNAME_AVATARGOLEM10TH	化身魔像
K	CARDNAME_AVATAROFAIYANA	化身·艾雅娜
K	CARDNAME_AVATAROFTHEFALLEN	堕落者化身
K	CARDNAME_AVATAROFTHEFALLEN10TH	堕落者化身
K	CARDNAME_AZERAXNYXSCHOSEN	阿泽拉克斯·尼克斯的天选者
K	CARDNAME_AZERAXOFTHEBLACKWATCH	阿泽拉克斯黑W<space=-.1em>atch
K	CARDNAME_AZURITECHANNELER	蓝铜引导者
K	CARDNAME_BAMTRIBEGREMLINS	巴姆T<space=-.1em>ribe小妖们
K	CARDNAME_BATTERYMONK	电池僧侣
K	CARDNAME_BATTERYMONKETER	电池僧侣
K	CARDNAME_BAZUDUKEOFSCORN	轻蔑公爵巴祖
K	CARDNAME_BEACONOFTHELOST	信标迷失
K	CARDNAME_BEACONSHAMAN	信标萨满
K	CARDNAME_BEASTSTAFF	野兽法杖
K	CARDNAME_BELTHARSOULCOLLECTOR	贝尔萨·集魂者
K	CARDNAME_BERSERKERFRENZY	狂战狂乱
K	CARDNAME_BETRAYEDTEMPLAR	被弃T<space=-.1em>emplar
K	CARDNAME_BLACKHOLE	黑洞
K	CARDNAME_BLACKWATCHDREAMER	黑卫梦者
K	CARDNAME_BLACKWATCHELITE	黑W<space=-.1em>atch精锐
K	CARDNAME_BLACKWATCHEXEMPLAR	黑卫典范
K	CARDNAME_BLACKWATCHVANQUISHER	黑卫V<space=-.1em>anquisher
K	CARDNAME_BLASTGOGGLES	爆破护目镜
K	CARDNAME_BLEAKTOAD	荒蟾
K	CARDNAME_BLINDSEER	盲预言者
K	CARDNAME_BOMBCRAFTER	炸弹匠
K	CARDNAME_BOON:CETRA	恩赐：塞特拉
K	CARDNAME_BOON:KOR	恩赐：科尔
K	CARDNAME_BOON:MASTERDHARTHA	恩赐：达萨大师
K	CARDNAME_BOON:NAKA	恩赐：纳卡
K	CARDNAME_BOONCETRA	恩赐：塞特拉
K	CARDNAME_BOONEMRI	恩赐：艾姆瑞
K	CARDNAME_BOONKOR	恩赐：科尔
K	CARDNAME_BOONMASTERDHARTHA	恩赐：达萨大师
K	CARDNAME_BOONNAIRA	恩赐：奈莉
K	CARDNAME_BOONNAKA	恩赐：纳卡
K	CARDNAME_BOONPRIME	恩赐：P.R.I.M.E.
K	CARDNAME_BOONULU	恩赐：乌鲁
K	CARDNAME_BORDERLANDMERCENARY	边地佣兵
K	CARDNAME_BORDERLANDNIHILIST	边地虚无者
K	CARDNAME_BRAINSTORMSENTRY	头脑风暴哨兵
K	CARDNAME_BRAMBLEELEMENTAL	荆棘元素
K	CARDNAME_BRAZERDRONE	铜匠无人机
K	CARDNAME_BRINGEROFDESPAIR	带来者绝望
K	CARDNAME_BRINGEROFHOPE	带来者希望
K	CARDNAME_BROTHERLAIAS	修士莱亚斯
K	CARDNAME_BROTHERMARIUS	修士马里乌斯
K	CARDNAME_BURIALGUARDIAN	埋葬守卫
K	CARDNAME_BURROWERMARKII	钻地机II型
K	CARDNAME_BURROWERMARKII10TH	钻地机II型
K	CARDNAME_CAARODESERTBREAKER	卡罗·沙漠破碎者
K	CARDNAME_CACKLECASTWRETCH	狂笑施法W<space=-.05em>retch
K	CARDNAME_CACKLINGJACKAL	狂笑豺狼
K	CARDNAME_CALLOFDARKNESS	黑暗呼唤
K	CARDNAME_CANONTEMPLAR	圣典T<space=-.1em>emplar
K	CARDNAME_CANOPICJAR	卡诺皮克罐
K	CARDNAME_CANOPYSANCTUARY	树冠圣所
K	CARDNAME_CARETAKERZAHRAL	看护者扎拉尔
K	CARDNAME_CAUSTICCONJURER	腐蚀咒术师
K	CARDNAME_CAVERNCREEPER	洞穴爬行者
K	CARDNAME_CAVERNHORROR	洞穴恐魔
K	CARDNAME_CELLBLOCKE	牢房E区
K	CARDNAME_CETRABENEFACTOROFALL	万民之恩塞特拉
K	CARDNAME_CETRACELESTIALBODY	天体塞特拉
K	CARDNAME_CETRAGUIDEOFOGO	奥戈向导塞特拉
K	CARDNAME_CETRAMATRONOFSTARS	星辰主母塞特拉
K	CARDNAME_CETRASRESPITE	塞特拉的喘息
K	CARDNAME_CETRASTRIAL	塞特拉的T<space=-.1em>rial
K	CARDNAME_CETRAVOIDMOTHER	塞特拉·V<space=-.1em>oidmother
K	CARDNAME_CETRAWEAVEROFSTARS	织星者塞特拉
K	CARDNAME_CETRAWEAVEROFSTARS10TH	织星者塞特拉
K	CARDNAME_CHAOSCANNON	混沌加农
K	CARDNAME_CHAOSRIDER	混沌骑手
K	CARDNAME_CHAOTICCANNON	混沌加农
K	CARDNAME_CHARGINGCHAMBER	充能室
K	CARDNAME_CHEERFULCONSORT	欢快伴侣
K	CARDNAME_CHEERFULCONSORTETER	欢快伴侣
K	CARDNAME_CHRONICLEOFVIGIL	祈夜编年史
K	CARDNAME_CLAWSOFDEOFUL	爪迪奥福尔
K	CARDNAME_CLOCKWORKBLADE	发条刃
K	CARDNAME_CLOCKWORKFAMILIAR	发条使魔
K	CARDNAME_CLOCKWORKHELM	发条盔
K	CARDNAME_CLOCKWORKSENTRY	发条哨兵
K	CARDNAME_CLOCKWORKSHIELD	发条盾
K	CARDNAME_CLUTCHOFDARKNESS	黑暗之握
K	CARDNAME_COGMAW	齿轮巨口
K	CARDNAME_COGNITIONCOURIER	认知信使
K	CARDNAME_COMBUSTIONIDOL	燃烧偶像
K	CARDNAME_COMBUSTIONIDOLETER	燃烧偶像
K	CARDNAME_CONDUITMONK	导管僧侣
K	CARDNAME_CONSTRICTINGHORROR	绞杀恐魔
K	CARDNAME_CONTROLROOM	控制室
K	CARDNAME_CONTROLSMITH	控术匠
K	CARDNAME_CONVERSIONPORT	转化端口
K	CARDNAME_CORITEMECHANADON	刚玉机械兽
K	CARDNAME_CORRECTIONOFCREATION	校正造物
K	CARDNAME_CORROSIVEWIDOW	腐蚀寡妇
K	CARDNAME_CORROSIVEWIDOW10TH	腐蚀寡妇
K	CARDNAME_CORROSIVEWIDOWETER	腐蚀寡妇
K	CARDNAME_CORRUPTEDSAGE	腐化贤者
K	CARDNAME_COSMICPROTOCOL	宇宙协议
K	CARDNAME_CRYPTLURKER	Cr<space=.05em>ypt潜伏者
K	CARDNAME_CRYSTALLINEMONK	水晶僧侣
K	CARDNAME_CULTIST	邪教徒
K	CARDNAME_CULTIST10TH	邪教徒
K	CARDNAME_CULTISTROV	邪教徒
K	CARDNAME_CULTISTRU	邪教徒
K	CARDNAME_CULTISTSOS	邪教徒
K	CARDNAME_CULTOFTHEFALSECIRCLE	邪教虚假环
K	CARDNAME_DANDELIONWITCH	蒲公英女巫
K	CARDNAME_DARKENERGYSHARD	黑暗能量碎片
K	CARDNAME_DARKGLADIATOR	黑暗角斗士
K	CARDNAME_DARKMONK	黑暗僧侣
K	CARDNAME_DARKTOMELIBRARIAN	暗典图书管理员
K	CARDNAME_DARKWALKER	暗行者
K	CARDNAME_DAVIDPROPHETICGUIDE	大卫·预言向导
K	CARDNAME_DAYBREAKASKARA	破晓阿斯卡拉
K	CARDNAME_DEADEYEASSASSIN	死眼刺客
K	CARDNAME_DEATHBOUNDDRUID	缚死德鲁伊
K	CARDNAME_DEATHDEALERNOBLE	死神贵族
K	CARDNAME_DEATHFINDER	寻死者
K	CARDNAME_DEATHSEEKER	寻死者
K	CARDNAME_DEATHSWIDOW	死亡寡妇
K	CARDNAME_DEATHSWORNWARRIOR	誓死战士
K	CARDNAME_DECEITFULGHOUL	欺诈食尸鬼
K	CARDNAME_DEEPDRONE	深潜无人机
K	CARDNAME_DEFENDEROFVIGIL	防御者祈夜
K	CARDNAME_DEFENSEGENERATOR	防御发生器
K	CARDNAME_DELIRIUMNYMPH	谵妄宁芙
K	CARDNAME_DELIRIUMPIXIES	谵妄小仙
K	CARDNAME_DELIRIUMPIXIESETER	谵妄小仙
K	CARDNAME_DELUDINGDJINN	欺瞒灯神
K	CARDNAME_DELUGEELEMENTAL	洪水元素
K	CARDNAME_DELUXECAPACITOR	豪华电容
K	CARDNAME_DEMONHUNTER	恶魔猎手
K	CARDNAME_DEMONMASTER	恶魔大师
K	CARDNAME_DEMONPUPS	恶魔幼崽
K	CARDNAME_DEMONSLAYER	恶魔杀手
K	CARDNAME_DEMONSLAYER10TH	恶魔杀手
K	CARDNAME_DENDRISTHEGLADEWYRM	登德里斯林间巨虫
K	CARDNAME_DERANGEDASPIRANT	发狂追求者
K	CARDNAME_DERANGEDDIRGE	发狂挽歌
K	CARDNAME_DESTROYERSGATE	毁灭者之门
K	CARDNAME_DEVIANTFIEND	畸变邪魔
K	CARDNAME_DHARTHA	达萨
K	CARDNAME_DHARTHADREAMMASTER	达萨·梦大师
K	CARDNAME_DHARTHAETERNALSEER	达萨·永恒预言者
K	CARDNAME_DHARTHAMASTEROFSIGHT	达萨·大师视界
K	CARDNAME_DHARTHAMECHAMONK	达萨·机械僧
K	CARDNAME_DHARTHASRETREAT	达萨的隐修处
K	CARDNAME_DHARTHASTRIAL	达萨的T<space=-.1em>rial
K	CARDNAME_DHARTHATHEETERNAL	达萨·永恒
K	CARDNAME_DIMENSIONDIVER	维度潜者
K	CARDNAME_DIMENSIONDIVERETER	维度潜者
K	CARDNAME_DIMENSIONMONK	维度僧侣
K	CARDNAME_DISCIPLEOFCETRA	之徒·塞特拉
K	CARDNAME_DISCIPLEOFEMRI	之徒·艾姆瑞
K	CARDNAME_DISCIPLEOFEULOTH	之徒·尤洛斯
K	CARDNAME_DISCIPLEOFOZIAH	之徒·奥齐亚
K	CARDNAME_DIVINEASKARA	神圣阿斯卡拉
K	CARDNAME_DOGSOFWAR	犬W<space=-.05em>ar
K	CARDNAME_DOOMWEEPER	末日W<space=-.05em>eeper
K	CARDNAME_DREADCONJURER	恐惧咒术师
K	CARDNAME_DREADMAGE	恐惧法师
K	CARDNAME_DREADMARE	惧马
K	CARDNAME_DREAMANCHOR	梦锚
K	CARDNAME_DREAMCHAMBERDISCIPLES	梦室门徒们
K	CARDNAME_DREAMDEALER	梦交易者
K	CARDNAME_DREAMEATER	梦吞噬者
K	CARDNAME_DREAMERSGLASS	梦者琉璃
K	CARDNAME_DREAMGUIDE	梦向导
K	CARDNAME_DREAMKILLER	弑梦者
K	CARDNAME_DREAMLAB	梦实验室
K	CARDNAME_DREAMMACHINE	梦机器
K	CARDNAME_DREAMSCAPEDIVINER	梦境占卜者
K	CARDNAME_DREAMSCAPEDRYAD	梦境树灵
K	CARDNAME_DREAMSCARREDHUNTER	梦痕猎手
K	CARDNAME_DREAMSEEKER	寻梦者
K	CARDNAME_DREAMSEEKERSTART	寻梦者
K	CARDNAME_DREAMSHAPERJESSE	塑梦者杰西
K	CARDNAME_DREAMSTONE	梦石
K	CARDNAME_DREAMTITAN	梦泰坦
K	CARDNAME_DREAMTYRANT	梦境暴君
K	CARDNAME_DREAMWALKER	梦行者
K	CARDNAME_DREAMWILLOW	梦柳
K	CARDNAME_DREAMWILLOWDRUIDS	梦柳德鲁伊
K	CARDNAME_DRILLERMARKIV	钻机型号IV
K	CARDNAME_DRUIDSOFTHESTONECIRCLE	石环德鲁伊
K	CARDNAME_DRUIDSOFTHESTONECIRCLE10TH	石环德鲁伊
K	CARDNAME_DRUIDSWREATH	德鲁伊花环
K	CARDNAME_DUSTTODUST	尘土toD<space=-.05em>ust
K	CARDNAME_EARTHMENDERPURA	愈地者普拉
K	CARDNAME_EARTHTYRANT	大地暴君
K	CARDNAME_EARTHTYRANT10TH	大地暴君
K	CARDNAME_EARTHTYRANTETER	大地暴君
K	CARDNAME_EEKTRIBEGREMLIN	伊克T<space=-.1em>ribe小妖
K	CARDNAME_ELANSOULMARSHAL	埃兰·灵魂元帅
K	CARDNAME_ELDERSKEPTIC	长老怀疑者
K	CARDNAME_ELDERSKEPTICETER	长老怀疑者
K	CARDNAME_ELEMENTALADEPT	元素能手
K	CARDNAME_ELEMENTALPROJECTOR	元素投射器
K	CARDNAME_EMBERWINGMOTH	烬翼蛾
K	CARDNAME_EMISSARYOFDAWN	使者黎明
K	CARDNAME_EMMAIRONHEART	艾玛铁之心
K	CARDNAME_EMMASMECHANNON	艾玛的机加农
K	CARDNAME_EMMASTELETRANSMITTER	艾玛的远传器
K	CARDNAME_EMMASVOIDCYCLER	艾玛的虚空循环器
K	CARDNAME_EMMASWORKSHOP	艾玛的工坊
K	CARDNAME_EMRIBORNOFBATTLE	战生艾姆瑞
K	CARDNAME_EMRIDEMONSBANE	恶魔克星艾姆瑞
K	CARDNAME_EMRILIGHTBRINGER	携光者艾姆瑞
K	CARDNAME_EMRIONEWITHTHEVOID	与虚空合一的艾姆瑞
K	CARDNAME_EMRIONEWITHTHEVOID10TH	与虚空合一的艾姆瑞
K	CARDNAME_EMRISHADOWSLAYER	斩影者艾姆瑞
K	CARDNAME_EMRISOULSLAYER	斩魂者艾姆瑞
K	CARDNAME_EMRISOULSTEALER	窃魂者艾姆瑞
K	CARDNAME_EMRISSTING	艾姆瑞的毒刺
K	CARDNAME_EMRISTRIAL	艾姆瑞的T<space=-.1em>rial
K	CARDNAME_EMRITHEUNMAKER	解构者艾姆瑞
K	CARDNAME_ENDBRINGERJORA	终末使者乔拉
K	CARDNAME_ENDEROFDAYS	终日者
K	CARDNAME_ENERGYMONK	能量僧侣
K	CARDNAME_ENERGYSHARD	能量碎片
K	CARDNAME_ENERGYSHARDSTART	能量碎片
K	CARDNAME_ENGULFINGKRAKEN	吞噬克拉肯
K	CARDNAME_ENLIGHTENEDREMNANT	圣贤残响
K	CARDNAME_ENTROPHANTASM	熵幻象
K	CARDNAME_EPHEMERALDRUID	昙花德鲁伊
K	CARDNAME_EPHEMERALINVENTOR	昙花发明家
K	CARDNAME_EPHEMERALMONK	昙花僧侣
K	CARDNAME_EPHEMERALRITUALIST	昙花祭仪师
K	CARDNAME_ERABUSSONOFNYX	埃拉布斯·之子尼克斯
K	CARDNAME_ERABUSTHEEXILED	埃拉布斯·流放者
K	CARDNAME_ETERNALASKARA	永恒阿斯卡拉
K	CARDNAME_ETERNALTORMENTOR	永恒折磨者
K	CARDNAME_ETHEREALHUNTRESS	空灵女猎手
K	CARDNAME_EVERBLOOM	永绽
K	CARDNAME_EVERBLOOMCLIQUE	永绽小圈子
K	CARDNAME_EVERBLOOMETER	永绽
K	CARDNAME_EVERBLOOMWITCH	永绽女巫
K	CARDNAME_EVVYOGOSGIFT	艾薇·奥戈的馈赠
K	CARDNAME_EXCAVATIONSENTRY	发掘哨兵
K	CARDNAME_EXCAVATORPILOT	挖掘机驾驶员
K	CARDNAME_EXHAUSTLURKER	废气潜伏者
K	CARDNAME_EXPLOSIVESWARM	爆裂虫群
K	CARDNAME_EYEOFDESTINY	命运之眼
K	CARDNAME_EYEOFPOTENTIAL	潜能之眼
K	CARDNAME_FAERIECOMMANDER	仙灵指挥官
K	CARDNAME_FAITHFULGUIDE	Faithful向导
K	CARDNAME_FALLENFAE	堕落者仙灵
K	CARDNAME_FANATICSOS	狂信者
K	CARDNAME_FATALITYBLADES	致命双刃
K	CARDNAME_FEARWIELDER	恐惧持有者
K	CARDNAME_FENMAW	沼巨口
K	CARDNAME_FETTEREDSOUL	枷锁灵魂
K	CARDNAME_FIRESTORMEFFIGY	火暴偶像
K	CARDNAME_FIRETYRANT	火焰T<space=-.1em>yrant
K	CARDNAME_FISTOFTHEDRAGON	拳龙
K	CARDNAME_FISTOFTHEDRAGONETER	拳龙
K	CARDNAME_FLANKINGASKARA	侧击阿斯卡拉
K	CARDNAME_FLARETRACKER	闪光T<space=-.1em>racker
K	CARDNAME_FLEETINGHOPEDJINN	飞逝希望灯神
K	CARDNAME_FLOURISHINGDRUIDESS	繁盛女德鲁伊
K	CARDNAME_FLYTRAPFAIRY	捕蝇草妖精
K	CARDNAME_FLYTRAPSTAFF	捕蝇草法杖
K	CARDNAME_FLYTRAPWITCH	捕蝇草女巫
K	CARDNAME_FLYTRAPWITCH10TH	捕蝇草女巫
K	CARDNAME_FORESIGHTMONACLE	预见单片镜
K	CARDNAME_FORESTEMISSARY	森林使者
K	CARDNAME_FORGEMASTERSSUIT	锻主的套装
K	CARDNAME_FORGEMOTHERREYSA	锻母雷萨
K	CARDNAME_FORGOTTENSCRIPTURE	遗忘经文
K	CARDNAME_FORRESTBEASTWARDEN	福雷斯特·兽卫
K	CARDNAME_FOUNDATIONBURROWER	根基钻地者
K	CARDNAME_FOUNDRYHOUND	铸造厂猎犬
K	CARDNAME_GARDENATTENDANT	园丁侍从
K	CARDNAME_GEARSEER	齿轮预言者
K	CARDNAME_GEMCATCHERSPIRIT	捕晶者精魂
K	CARDNAME_GEMEATERLEPRECHAUN	噬晶小矮妖
K	CARDNAME_GENESISCAPSULE	创世舱
K	CARDNAME_GIANTRAT	巨鼠
K	CARDNAME_GLOVERDREAMTITAN	格洛弗·梦泰坦
K	CARDNAME_GNOMEREPAIRBOT	侏儒修理机
K	CARDNAME_GRANDARBITERTODD	大仲裁者T<space=-.1em>odd
K	CARDNAME_GRANGER	农夫
K	CARDNAME_GRAVEGOLEM	坟墓魔像
K	CARDNAME_GREASEMONK	油污僧侣
K	CARDNAME_GREATOMENRAVEN	大兆乌鸦
K	CARDNAME_GREENSPRITELINGS	绿小精灵
K	CARDNAME_GROWMITES	增生螨
K	CARDNAME_GUARDIANOFSADRANIS	守卫萨德拉尼斯
K	CARDNAME_GUIDEOFLOSTSOULS	迷途灵魂向导
K	CARDNAME_HAUNTINGSPECTER	HauntingSpecter
K	CARDNAME_HEARTHGLOWCLIQUE	炉辉小圈子
K	CARDNAME_HEAVYINFANTRY	重装步兵
K	CARDNAME_HEAVYINFANTRY10TH	重装步兵
K	CARDNAME_HEAVYINFANTRYROV	重装步兵
K	CARDNAME_HEAVYINFANTRYRU	重装步兵
K	CARDNAME_HEAVYINFANTRYSOS	重装步兵
K	CARDNAME_HECTICSCRIBE	忙乱书记
K	CARDNAME_HEDRONBERSERKER	多面体狂战
K	CARDNAME_HEDRONCANNON	多面体加农
K	CARDNAME_HEDRONCANNON10TH	多面体加农
K	CARDNAME_HEDRONDREDGER	多面体挖掘者
K	CARDNAME_HEDRONFLARE	多面体闪耀
K	CARDNAME_HEDRONLINKDEVICE	多面体连接装置
K	CARDNAME_HEDRONLINKDEVICE10TH	多面体连接装置
K	CARDNAME_HEDRONPYROMANIAC	多面体纵火狂
K	CARDNAME_HEDRONRISING	多面体崛起
K	CARDNAME_HEDRONWATCHTOWER	多面体瞭望塔
K	CARDNAME_HELLFROSTIMPS	狱霜小恶魔
K	CARDNAME_HELLSTRINGBLADES	狱弦双刃
K	CARDNAME_HERALDOFDOOM	先驱末日
K	CARDNAME_HOARDINGTYRANT	囤积暴君
K	CARDNAME_HOARDINGWHELP	囤积幼龙
K	CARDNAME_HONEYSIREN	蜜海妖
K	CARDNAME_HONISKROTCHIEFTAIN	霍尼斯克洛特酋长
K	CARDNAME_HONISKROTTRIBESMAN	霍尼斯克洛特T<space=-.1em>ribesman
K	CARDNAME_HULKINGCRAB	庞大蟹
K	CARDNAME_HURRASSEASFURY	胡拉斯·海之狂怒
K	CARDNAME_HURRICANEWARLOCK	飓风术士
K	CARDNAME_ID34DETECTOR	ID34探测器
K	CARDNAME_IKUSMINIONS	伊库的爪牙
K	CARDNAME_IKUVALLEYTYRANT	伊库·V<space=-.1em>alleyT<space=-.1em>yrant
K	CARDNAME_ILLIYATHEDEMONBORN	伊利亚魔生
K	CARDNAME_ILLUMINATOR	照明者
K	CARDNAME_IMAGINATIVEMATRON	想象M<space=-.05em>atron
K	CARDNAME_INFERNATEMPLAR	炼狱圣殿武士
K	CARDNAME_INITIATESGAUNTLETS	新兵的护手
K	CARDNAME_INNOVATIVEASPIRANT	创新追求者
K	CARDNAME_INQUARRYHYDRA	采石九头蛇
K	CARDNAME_INSPIREDTEMPLAR	受启T<space=-.1em>emplar
K	CARDNAME_INVOKIST	祈唤师
K	CARDNAME_IRONELEMENTAL	铁元素
K	CARDNAME_IRONHEARTBLUEPRINT	铁之心蓝图
K	CARDNAME_IRONHEARTENGINE	铁之心引擎
K	CARDNAME_ISHATHEPURSUER	伊莎·追猎者
K	CARDNAME_ISLASERENEPRODIGY	伊斯拉·宁静神童
K	CARDNAME_JAKEBCOBRAKING	杰克布·眼镜蛇王
K	CARDNAME_JAKEBCOBRASHAMAN	杰克布·眼镜蛇萨满
K	CARDNAME_JOURNEYMANOUTRIDER	旅者先驱骑手
K	CARDNAME_JOURNEYMANSAGE	旅者贤者
K	CARDNAME_JUBILANTMONK	欢庆僧侣
K	CARDNAME_KANZIRTHERAVAGER	坎齐尔·毁灭者
K	CARDNAME_KARION	卡里昂
K	CARDNAME_KEENEYEDASPIRANT	锐眼追求者
K	CARDNAME_KEEPEROFSECRETS	看守秘密
K	CARDNAME_KIRIMEADOWWITCH	基莉·草地女巫
K	CARDNAME_KIRIMEADOWWITCHETER	基莉·草地女巫
K	CARDNAME_KOR	科尔
K	CARDNAME_KORMASTERINNOVATOR	科尔·大师Innovator
K	CARDNAME_KORPSEMAKER	尸科尔制造者
K	CARDNAME_KORTHEFERROMANCER	铁术师科尔
K	CARDNAME_KORTHEFERROMANCER10TH	铁术师科尔
K	CARDNAME_KORTHEIRONMIND	科尔·铁心
K	CARDNAME_KORWORLDBREAKER	科尔·碎界者
K	CARDNAME_KYL3REPAIRBOT	K-YL3修理机
K	CARDNAME_KYTHISREBELGODLING	凯西斯·反叛神子
K	CARDNAME_KYTHISREBELGODLINGV2	凯西斯·反叛神子
K	CARDNAME_KYTHISTHEGATEKEEPER	守门人凯西斯
K	CARDNAME_LAGOONTROLL	潟湖巨魔
K	CARDNAME_LAGOONTROLLETER	潟湖巨魔
K	CARDNAME_LANDISPOTIONS&PIES	兰迪斯的药剂与馅饼
K	CARDNAME_LANDTALKER	大地说书人
K	CARDNAME_LANDTALKER10TH	大地说书人
K	CARDNAME_LEGENDARYBOONENLIGHTENED	传奇恩赐：圣贤
K	CARDNAME_LEGENDARYBOONLIFEBOUND	传奇恩赐：生命
K	CARDNAME_LEGENDARYBOONMECHANA	传奇恩赐：机械
K	CARDNAME_LEGENDARYBOONVOID	传奇恩赐：虚空
K	CARDNAME_LEGENDCETRA	塞特拉
K	CARDNAME_LEGENDEMRI	艾姆瑞
K	CARDNAME_LEGENDKOR	科尔
K	CARDNAME_LEGENDMASTERDHARTHA	达萨大师
K	CARDNAME_LEGENDNAIRA	奈莉
K	CARDNAME_LEGENDNAKA	纳卡
K	CARDNAME_LEGENDPRIME	P.R.I.M.E.
K	CARDNAME_LEGENDULU	乌鲁
K	CARDNAME_LEGIONOFAKLYS	军团阿克里斯
K	CARDNAME_LEOTANSFAMILIAR	莱奥坦的使魔
K	CARDNAME_LEPRECHAUN	小矮妖
K	CARDNAME_LIBRARYFAMILIAR	图书馆使魔
K	CARDNAME_LIEUTENANTDUROS	副官杜洛斯
K	CARDNAME_LIFEBOUNDINITIATE	命约新兵
K	CARDNAME_LIFEBOUNDINITIATE10TH	生命新兵
K	CARDNAME_LIFEBOUNDMUSE	生命缪斯
K	CARDNAME_LIFEBOUNDREMNANT	生命残响
K	CARDNAME_LIGHTOFFALSEHOPE	光虚假希望
K	CARDNAME_LIONHEART	狮心
K	CARDNAME_LOADREAMDRAGON	洛阿·梦龙
K	CARDNAME_LOAMSPEAKERDRUID	沃土语者德鲁伊
K	CARDNAME_LOAMSUMMONER	沃土召唤师
K	CARDNAME_LOASLEEPINGDRAGON	洛阿·沉睡龙
K	CARDNAME_LOTUSSIREN	莲花海妖
K	CARDNAME_LUNAREMBRACE	月拥抱
K	CARDNAME_LUNARGUARDIAN	月守卫
K	CARDNAME_LUNARMATRIARCH	月女族长
K	CARDNAME_LUNARPACK	月P<space=-.05em>ack
K	CARDNAME_LUNARSTAG	月鹿
K	CARDNAME_LUROTHEHUNTER	卢罗·猎手
K	CARDNAME_LYCANFANG	狼化人牙
K	CARDNAME_LYCHANBEAST	狼化野兽
K	CARDNAME_LYCHANRANGER	狼化游侠
K	CARDNAME_MADNESSEMBRACE	疯狂之拥
K	CARDNAME_MAGNETMONK	磁僧侣
K	CARDNAME_MAMMOTHBEETLE	巨甲虫
K	CARDNAME_MANIACALCRUSHER	狂乱粉碎者
K	CARDNAME_MANTRAOFRENEWAL	真言更新
K	CARDNAME_MANTRAOFTRUESIGHT	真言真正视界
K	CARDNAME_MAPOFTHESTARS	星图
K	CARDNAME_MARROWWYRMRIDER	髓虫骑手
K	CARDNAME_MARSHRANGER	沼泽游侠
K	CARDNAME_MASTERDHARTHA	达萨大师
K	CARDNAME_MASTERDHARTHA10TH	达萨大师
K	CARDNAME_MASTERDHARTHAETER	达萨大师
K	CARDNAME_MASTERVAYA	大师瓦娅
K	CARDNAME_MATRONOFDISCOVERY	发现主母
K	CARDNAME_MECHACETRA	机甲塞特拉
K	CARDNAME_MECHAEMISSARY	机甲使者
K	CARDNAME_MECHANAINITIATE	机械新兵
K	CARDNAME_MECHANAINITIATE10TH	机械新兵
K	CARDNAME_MECHANAREMNANT	机械残响
K	CARDNAME_MECHANNIHILATOR	机歼灭者
K	CARDNAME_MECHANNONBLUEPRINT	机加农蓝图
K	CARDNAME_MECHAPHOENIX	机凤凰
K	CARDNAME_MEPHIT	恶臭精
K	CARDNAME_MEPHIT10TH	恶臭精
K	CARDNAME_MILESGOLDENPRODIGY	黄金神童迈尔斯
K	CARDNAME_MILITIA	民兵
K	CARDNAME_MILITIA10TH	民兵
K	CARDNAME_MILITIAROV	民兵
K	CARDNAME_MILITIARU	民兵
K	CARDNAME_MILITIASOS	民兵
K	CARDNAME_MINOTAUR	牛头人
K	CARDNAME_MISTAKEOFCREATION	造物之误
K	CARDNAME_MISTAKEOFCREATION10TH	造物之误
K	CARDNAME_MOKENTHEHUNTMASTER	莫肯·猎主
K	CARDNAME_MOMENTOFCLARITY	片刻澄明
K	CARDNAME_MONASTICTUTOR	寺院T<space=-.1em>utor
K	CARDNAME_MONKOFTHELIDLESSEYE	无目之眼僧侣
K	CARDNAME_MONKOFTHESTONECIRCLE	僧侣石环
K	CARDNAME_MOONSTAFF	月杖
K	CARDNAME_MOONVEILCLIQUE	月纱小圈子
K	CARDNAME_MORBIDHAMMER	病态锤
K	CARDNAME_MORDANTWIDOW	蚀骨寡妇
K	CARDNAME_MOSAICHORN	镶嵌号角
K	CARDNAME_MOUNTAINSEER	山预言者
K	CARDNAME_MURAMASA	村正
K	CARDNAME_MURAMASA10TH	村正
K	CARDNAME_MUSEOFMALEVOLENCE	缪斯恶意
K	CARDNAME_MUSEOFREBIRTH	缪斯重生
K	CARDNAME_MUSHROOMDRUID	蘑菇德鲁伊
K	CARDNAME_MUTATEDSCAVENGER	突变拾荒者
K	CARDNAME_MYCELIALMAGE	菌丝法师
K	CARDNAME_MYSTIC	秘教士
K	CARDNAME_MYSTIC10TH	秘教士
K	CARDNAME_MYSTICROV	秘教士
K	CARDNAME_MYSTICRU	秘教士
K	CARDNAME_MYSTICSOS	秘教士
K	CARDNAME_NAIRI	奈莉
K	CARDNAME_NAIRIHENGEQUEEN	环石女王奈莉
K	CARDNAME_NAIRISBLESSING	奈莉的祝福
K	CARDNAME_NAIRIWILDQUEEN	奈莉·荒野女王
K	CARDNAME_NAKAEMRISCHOSEN	纳卡·艾姆瑞的天选者
K	CARDNAME_NAKASHADEBORN	纳卡·影生
K	CARDNAME_NEMESIS	宿敌
K	CARDNAME_NEOPHYTEMENTOR	新入门者导师
K	CARDNAME_NETHERSNARE	冥界陷阱
K	CARDNAME_NIGHTMARAUDERS	梦魇掠夺者
K	CARDNAME_NIGHTMAREDELVER	梦魇深掘者
K	CARDNAME_NIGHTMAREHARVESTER	梦魇收割者
K	CARDNAME_NIGHTMARESENTINEL	梦魇哨卫
K	CARDNAME_NIGHTMARETYRANT	梦魇T<space=-.1em>yrant
K	CARDNAME_NIHILBOMBER	虚无投弹者
K	CARDNAME_NIHILCHEMIST	虚无药剂师
K	CARDNAME_NIHILMANCER	虚无法师
K	CARDNAME_NIHILMANCERETER	虚无法师
K	CARDNAME_NILHAMMER	虚无锤
K	CARDNAME_NILIATHESHATTERED	尼莉亚·破碎
K	CARDNAME_NILUSTHEDESPAIR	尼卢斯·绝望
K	CARDNAME_NINE	N.I.N.E.
K	CARDNAME_NOCTURNALSEER	夜行预言者
K	CARDNAME_NOMTRIBEGREMLIN	诺姆T<space=-.1em>ribe小妖
K	CARDNAME_NOOKHOUND	角落猎犬
K	CARDNAME_NOTHINGMAN	虚无之人
K	CARDNAME_NOVABORNOFCHAOS	诺娃·混沌所生
K	CARDNAME_NOXIOUSSOUL	毒害灵魂
K	CARDNAME_NYXIANCORRUPTOR	尼克斯腐蚀者
K	CARDNAME_NYXIANRITUALIST	尼克斯祭仪师
K	CARDNAME_NYXIANSPIRITCASTER	尼克斯魂咏者
K	CARDNAME_OAKOFSOULS	橡灵魂
K	CARDNAME_OBFUSCASPIRIT	朦胧精魂
K	CARDNAME_OBLIVIONBLOSSOMS	湮灭花
K	CARDNAME_OGOCOURIER	奥戈信使
K	CARDNAME_OGODEMONTRAP	奥戈捕魔阱
K	CARDNAME_OGORISING	奥戈崛起
K	CARDNAME_OGOWARTREE	奥戈战争树
K	CARDNAME_OMINOUSAUGUR	不祥占兆者
K	CARDNAME_OMNICRON	全时者
K	CARDNAME_ORASTHEREDEEMER	奥拉斯·救赎者
K	CARDNAME_ORBOFNYX	宝珠尼克斯
K	CARDNAME_ORDEROFTHEGEAR	秩序齿轮
K	CARDNAME_OTHERWORLDLYGUIDE	异界向导
K	CARDNAME_OVERHAULCLERIC	大修神职者
K	CARDNAME_OXIPEDE	牛蜈
K	CARDNAME_OZIAHJUDGEOFLOGOS	逻各斯审判者奥齐亚
K	CARDNAME_OZIAHSFAMILIAR	奥齐亚的使魔
K	CARDNAME_OZIAHTHEPEERLESS	无双的奥齐亚
K	CARDNAME_OZIAHTHEPEERLESS10TH	无双的奥齐亚
K	CARDNAME_OZIAHTHEPEERLESSETER	无双的奥齐亚
K	CARDNAME_PACKLEADER	兽群首领
K	CARDNAME_PASYTHEASCUTLASS	帕西提亚的弯刀
K	CARDNAME_PASYTHEASKATANA	帕西提亚的刀
K	CARDNAME_PASYTHEASMACE	帕西提亚的锤矛
K	CARDNAME_PASYTHEASSCIMITAR	帕西提亚的弯刀
K	CARDNAME_PASYTHEASWARD	帕西提亚的W<space=-.1em>ard
K	CARDNAME_PASYTHEATHEAEGIS	帕西提亚·神盾
K	CARDNAME_PASYTHEATHEREDEEMED	帕西提亚·救赎者
K	CARDNAME_PATHFINDERSTOTEM	探路者的图腾
K	CARDNAME_PATHSEEKERSENSEI	寻路者导师
K	CARDNAME_PATHWARDEN	巡路者
K	CARDNAME_PATIENTASSASSIN	耐心刺客
K	CARDNAME_PENUMBRALEDGE	半影刃锋
K	CARDNAME_PENUMBRALEDGEETER	半影刃锋
K	CARDNAME_PERSONALWORMHOLE	私人W<space=-.05em>ormhole
K	CARDNAME_PHASEFIEND	相位邪魔
K	CARDNAME_PHASEFIENDETER	相位邪魔
K	CARDNAME_PIERCINGEYE	贯穿之眼
K	CARDNAME_PIERCINGEYEETER	贯穿之眼
K	CARDNAME_PILLAROFRESOLVE	柱决意
K	CARDNAME_PLANARAPERTURE	位面孔径
K	CARDNAME_PLASMACANNON	等离子加农
K	CARDNAME_PLASMACANNONETER	等离子加农
K	CARDNAME_PLUNDERDEVIL	掠夺恶魔
K	CARDNAME_POLARISDEMON	北极星恶魔
K	CARDNAME_POLLENPIXIE	花粉小仙
K	CARDNAME_PORTABILLET	便携弹
K	CARDNAME_PORTAL	传送门
K	CARDNAME_PORTALNINJA	传送门忍者
K	CARDNAME_POTOFGOLD	金罐
K	CARDNAME_PREMONITIONBELL	预感钟
K	CARDNAME_PRIME	P.R.I.M.E.
K	CARDNAME_PRIMEDIRECTIVE	P.R.I.M.E.指令
K	CARDNAME_PROCESSINGHUB	处理枢纽
K	CARDNAME_PROCESSINGHUBETER	处理枢纽
K	CARDNAME_PRODIGAL	浪子
K	CARDNAME_PROJECTALPHA	阿尔法计划
K	CARDNAME_PROSPECTORSCOUT	探矿者斥候
K	CARDNAME_PROTEANSEASLUG	多变海蛞蝓
K	CARDNAME_PROTEANSEASLUGETER	多变海蛞蝓
K	CARDNAME_PROTOTYPECH32	原型CH32
K	CARDNAME_PSIONICMONK	灵能僧侣
K	CARDNAME_PSYCHEASKARA	心灵阿斯卡拉
K	CARDNAME_PSYCHICAMULET	心灵护符
K	CARDNAME_PSYONICAPPRENTICE	心灵学徒
K	CARDNAME_PSYONICPALADIN	心灵圣骑士
K	CARDNAME_PUGGAGEDDON	巴哥末日
K	CARDNAME_PUPPETMASTER	傀儡师
K	CARDNAME_QADIMSTALKER	卡迪姆潜行者
K	CARDNAME_RADIANTASPIRANT	辉耀追求者
K	CARDNAME_RAGINGURSINE	暴怒熊
K	CARDNAME_RAIYNARIFTWALKER	蕾娜·裂隙行者
K	CARDNAME_RAJPSIONICMASTER	灵能大师拉吉
K	CARDNAME_RAKADREAMTENDER	拉卡·守梦者
K	CARDNAME_RAKARCORRUPTASKARA	拉卡尔·腐化阿斯卡拉
K	CARDNAME_RANDALLUMBRALSAGE	兰德尔·暗影贤者
K	CARDNAME_RATKING	鼠王
K	CARDNAME_RAVENOUSGORPH	贪婪戈尔夫
K	CARDNAME_RAVENSIREN	乌鸦海妖
K	CARDNAME_REACTORMONK	反应堆僧侣
K	CARDNAME_REACTORMONK10TH	反应堆僧侣
K	CARDNAME_REACTORSHRINE	反应堆神龛
K	CARDNAME_REALITYSCULPTOR	现实塑造者
K	CARDNAME_RECKLESSEXCAVATOR	鲁莽挖掘机
K	CARDNAME_RECLAMAX	回收机
K	CARDNAME_RECYCLICRAB	循环蟹
K	CARDNAME_REJECTEDPROTOTYPE	废弃原型
K	CARDNAME_REMNANTOFTHEFALLEN	残响·堕落者
K	CARDNAME_REMUSPACKGUARDIAN	雷穆斯·兽群守卫
K	CARDNAME_REMUSWILDEMISSARY	雷穆斯·荒野使者
K	CARDNAME_REPLICATIONDRONE	复制无人机
K	CARDNAME_REPURPOSER	再造者
K	CARDNAME_RESCUEBOT505	救援机505
K	CARDNAME_RESOURCEFULTRADER	机智T<space=-.1em>rader
K	CARDNAME_REVERIEMUSE	幻想缪斯
K	CARDNAME_REYSASTRIAL	雷萨的T<space=-.1em>rial
K	CARDNAME_RIFTCLAW	裂隙爪
K	CARDNAME_RIFTDRAKERIDER	裂隙龙兽骑手
K	CARDNAME_RIFTGATECONJUROR	裂隙门咒术师
K	CARDNAME_RIFTWALKERSAXE	裂隙行者的斧
K	CARDNAME_RIFTWATCHOUTPOST	裂隙守望前哨
K	CARDNAME_RIFTWATCHTURRET	裂隙守望T<space=-.1em>urret
K	CARDNAME_RIGHTEOUSTEMPLAR	正义T<space=-.1em>emplar
K	CARDNAME_RINGOFLIFE	生命之环
K	CARDNAME_RISEOFTHECULT	邪教崛起
K	CARDNAME_RIVERREAPER	河收割者
K	CARDNAME_ROCKETCOURIERX99	火箭信使X-99
K	CARDNAME_ROCKETCOURIERX9910TH	火箭信使X-99
K	CARDNAME_ROCKETCOURIERX99ETER	火箭信使X-99
K	CARDNAME_ROOTSCRYER	根卜者
K	CARDNAME_RUNICHONISKROT	符文霍尼斯克洛特
K	CARDNAME_RUNICLYCANTHROPE	符文狼化人
K	CARDNAME_RUNICLYCANTHROPE10TH	符文狼化人
K	CARDNAME_RUNICLYCANTHROPEETER	符文狼化人
K	CARDNAME_RUSTGREMLIN	锈小妖
K	CARDNAME_RUTOAKENMASTER	橡木大师鲁特
K	CARDNAME_SABLESPARKSISTERS	黑火花姐妹
K	CARDNAME_SABRETHEMOONLIT	军刀·月下
K	CARDNAME_SACREDPOT	神圣罐
K	CARDNAME_SADISTICGIANT	虐杀巨人
K	CARDNAME_SADRANIS	萨德拉尼斯
K	CARDNAME_SADRANISDARKEMISSARY	黑暗使者萨德拉尼斯
K	CARDNAME_SADRANISDARKSAVANT	萨德拉尼斯·黑暗学者
K	CARDNAME_SALVAGEMASTERMILA	打捞大师米拉
K	CARDNAME_SALVAGEYARD	打捞场
K	CARDNAME_SAMAELETERNALSINNER	Samael·永恒Sinner
K	CARDNAME_SAMAELSTRICKSTER	萨麦尔的诡术师
K	CARDNAME_SAMAELSTRICKSTER10TH	萨麦尔的诡术师
K	CARDNAME_SAMAELTHEFALLEN	堕落之神萨麦尔
K	CARDNAME_SCAVENGERANTS	拾荒者蚁群
K	CARDNAME_SCIONOFCETRA	后裔·塞特拉
K	CARDNAME_SCIONOFEMRI	后裔·艾姆瑞
K	CARDNAME_SCIONOFEULOTH	后裔·尤洛斯
K	CARDNAME_SCIONOFOZIAH	后裔·奥齐亚
K	CARDNAME_SCRABBLINGSQUAD	翻捡小队
K	CARDNAME_SCRAPBOTSCRAPPER	废料机拆解者
K	CARDNAME_SCRAPFLINGER	废料投掷者
K	CARDNAME_SCRAPSCRABBLER	废料翻捡者
K	CARDNAME_SCRAPWEAVER	废料W<space=-.05em>eaver
K	CARDNAME_SCRYEROFTHELIDLESSEYE	无目之眼占卜者
K	CARDNAME_SEARINGASKARA	灼热阿斯卡拉
K	CARDNAME_SEATYRANT	海中暴君
K	CARDNAME_SEATYRANT10TH	海中暴君
K	CARDNAME_SECLUDEDLABORATORY	隐秘实验室
K	CARDNAME_SEEDOFTHEWORLD	种子世界
K	CARDNAME_SEEROFDAYSPAST	预言者往日过去
K	CARDNAME_SEEROFTHEFORKEDPATH	歧路预言者
K	CARDNAME_SEEROFTHEFORKEDPATH10TH	歧路预言者
K	CARDNAME_SERENEASCETIC	宁静苦行僧
K	CARDNAME_SERPENTCALL	唤蛇
K	CARDNAME_SERPENTSIREN	巨蛇海妖
K	CARDNAME_SHADEASKARA	暗影阿斯卡拉
K	CARDNAME_SHADECONVERTER	暗影转化者
K	CARDNAME_SHADEFEATHER	暗影羽
K	CARDNAME_SHADEOFSADRANIS	暗影萨德拉尼斯
K	CARDNAME_SHADEOFTHEBLACKWATCH	黑卫之影
K	CARDNAME_SHADEOFTHEBLACKWATCH10TH	暗影黑W<space=-.075em>atch
K	CARDNAME_SHADESBARGAIN	暗影交易
K	CARDNAME_SHADEVIPER	暗影毒蛇
K	CARDNAME_SHADOWARBITER	暗影仲裁者
K	CARDNAME_SHADOWBLADESENTRY	Shadowblade哨兵
K	CARDNAME_SHADOWCASTER	影咏者
K	CARDNAME_SHADOWELEMENTAL	暗影元素
K	CARDNAME_SHADOWMENDER	暗影修复者
K	CARDNAME_SHADOWRIDGESCOUT	影脊斥候
K	CARDNAME_SHADOWSTALKER	暗影潜行者
K	CARDNAME_SHADOWSTAR	暗影之星
K	CARDNAME_SHADOWSTAR10TH	暗影之星
K	CARDNAME_SHADOWSTARETER	暗影之星
K	CARDNAME_SHARDFINDERCOMPASS	寻晶者罗盘
K	CARDNAME_SHARDWINGBEETLE	晶翼甲虫
K	CARDNAME_SHEPHERDOFTHELOST	牧者迷失
K	CARDNAME_SHIELDBEARER	盾持有者
K	CARDNAME_SHRINEATTENDANT	神龛侍从
K	CARDNAME_SIEGEMASTERSRAM	攻城主的攻城槌
K	CARDNAME_SILENCEDPROPHET	噤声先知
K	CARDNAME_SIREWOODELDER	父木长老
K	CARDNAME_SISTEROFTHEWIND	姐妹风
K	CARDNAME_SKYROCKETDRONE	冲天无人机
K	CARDNAME_SMOKETYRANT	烟雾T<space=-.1em>yrant
K	CARDNAME_SNAKESHAMAN	蛇萨满
K	CARDNAME_SNAPDRAGON	金鱼草
K	CARDNAME_SNAPDRAGON10TH	金鱼草
K	CARDNAME_SNAPDRAGONWITCH	金鱼草女巫
K	CARDNAME_SNOWSTRIDERLYCAN	踏雪者狼化人
K	CARDNAME_SOCKETALTAR	嵌口祭坛
K	CARDNAME_SOLARSENTRY	日哨兵
K	CARDNAME_SONNYLIGHTWIELDER	桑尼·持光者
K	CARDNAME_SORDIDASP	污秽蝮蛇
K	CARDNAME_SOULASSASSIN	灵魂刺客
K	CARDNAME_SOULCOLLECTOR	集魂者
K	CARDNAME_SOULGEMARBITEROFFATE	仲裁者天命
K	CARDNAME_SOULGEMARHAINITIATE	亚哈新兵
K	CARDNAME_SOULGEMARHATEMPLAR	ArhaT<space=-.1em>emplar
K	CARDNAME_SOULGEMASCETICOFTHELIDLESSEYE	无目之眼苦行僧
K	CARDNAME_SOULGEMASKARAOFFATE	命运阿斯卡拉
K	CARDNAME_SOULGEMAVATARGOLEM	化身魔像
K	CARDNAME_SOULGEMDEMONSLAYER	恶魔杀手
K	CARDNAME_SOULGEMDIMENSIONDIVER	维度潜者
K	CARDNAME_SOULGEMDRUIDSOFTHESTONECIRCLE	石环德鲁伊
K	CARDNAME_SOULGEMGREATOMENRAVEN	大兆乌鸦
K	CARDNAME_SOULGEMLANDTALKER	大地说书人
K	CARDNAME_SOULGEMLIFEBOUNDINITIATE	生命新兵
K	CARDNAME_SOULGEMMASTERDHARTHA	达萨大师
K	CARDNAME_SOULGEMMECHANAINITIATE	机械新兵
K	CARDNAME_SOULGEMREACTORMONK	反应堆僧侣
K	CARDNAME_SOULGEMRUNICLYCANTHROPE	符文狼化人
K	CARDNAME_SOULGEMSEEROFTHEFORKEDPATH	歧路预言者
K	CARDNAME_SOULGEMSHADEOFTHEBLACKWATCH	暗影黑W<space=-.075em>atch
K	CARDNAME_SOULGEMSPIKEVIXEN	尖刺雌狐
K	CARDNAME_SOULGEMVOIDINITIATE	虚空新兵
K	CARDNAME_SOULGEMWOLFSHAMAN	狼萨满
K	CARDNAME_SOULSHAPER	塑魂者
K	CARDNAME_SOULSNAREHUNTER	魂阱猎手
K	CARDNAME_SOULSUNBOUND	灵魂解缚
K	CARDNAME_SOWEROFBETRAYAL	播种者背叛
K	CARDNAME_SOWEROFDISCONTENT	播种者不满
K	CARDNAME_SPARKBUG	火花虫
K	CARDNAME_SPARKSPRAYER	火花喷射器
K	CARDNAME_SPIDERWITCH	蜘蛛女巫
K	CARDNAME_SPIKEVIXEN	尖刺雌狐
K	CARDNAME_SPIKEVIXEN10TH	尖刺雌狐
K	CARDNAME_SPIKEVIXENETER	尖刺雌狐
K	CARDNAME_SPIKEVIXENRU	尖刺雌狐
K	CARDNAME_SPIREOFINSIGHT	尖塔洞察
K	CARDNAME_SPIREOFTHEWIND	尖塔风
K	CARDNAME_SPIRITMERCHANT	精魂商人
K	CARDNAME_SPIRITOFTHEANCIENTS	上古之灵
K	CARDNAME_SPITEFULGLADIATOR	怨毒角斗士
K	CARDNAME_STALKTHESHADOWS	潜行暗影
K	CARDNAME_STARCALLERLEOTAN	唤星者莱奥坦
K	CARDNAME_STARCHILD	星之子
K	CARDNAME_STARLIGHTSANCTUM	星光圣所
K	CARDNAME_STARVEDABOMINATION	饥馑憎恶
K	CARDNAME_STATICELEMENTAL	静电元素
K	CARDNAME_STEELWEAVER	织钢者
K	CARDNAME_STONEARTIFICERS	石神器师
K	CARDNAME_STONEBLADETEMPLAR	石刃圣殿武士
K	CARDNAME_STONECIRCLE	石环
K	CARDNAME_STONECIRCLEELDER	石环长老
K	CARDNAME_STORMSMITHANVIL	风暴匠铁砧
K	CARDNAME_SUNSTREAKCOURIER	日迹信使
K	CARDNAME_SURESHOTTRACKER	神射T<space=-.1em>racker
K	CARDNAME_SURGEPROTECTOR	浪涌保护者
K	CARDNAME_SURYALIGHTSSWORD	苏尔亚·光明的剑
K	CARDNAME_SYNAPSESPIRE	突触尖塔
K	CARDNAME_SYNCHRONIZER	同步者
K	CARDNAME_SYRILRUNICALPHA	符文首领西里尔
K	CARDNAME_TABLETOFTHEDREAMER	石板梦者
K	CARDNAME_TABLETOFTHETEMPLAR	石板圣殿武士
K	CARDNAME_TABLETOFTIMESDAWN	时晓石板
K	CARDNAME_TABLETOFTIMESDAWN10TH	时晓石板
K	CARDNAME_TAHYRTHESUN	T<space=-.15em>a<space=-.1em>'hyr·太阳
K	CARDNAME_TARIKTHETRICKSTER	Tarik·T<space=-.1em>rickster
K	CARDNAME_TECHNOLOGICALLEAP	科技跃进
K	CARDNAME_TECTONICTHRASHER	地壳鞭笞者
K	CARDNAME_TECTONICTHRASHERETER	地壳鞭笞者
K	CARDNAME_TELETRANSMITTERBLUEPRINT	远传器蓝图
K	CARDNAME_TEMPLARDRAGOON	圣殿武士龙骑兵
K	CARDNAME_TEMPLARGENERAL	圣殿武士将军
K	CARDNAME_TEMPLAROUTPOST	圣殿武士前哨
K	CARDNAME_TEMPLEGUARDIAN	神殿守卫
K	CARDNAME_TEMPLELIBRARIAN	神殿图书管理员
K	CARDNAME_TEMPLELIBRARIAN10TH	神殿图书管理员
K	CARDNAME_TEMPLEOFARHA	神殿·Arha
K	CARDNAME_TEMPLEOFDEATH	死亡神殿
K	CARDNAME_TEMPLEOFHEROES	英雄神殿
K	CARDNAME_TEMPLEOFIMMORTALITY	不朽神殿
K	CARDNAME_TEMPLEOFLIFE	生命神殿
K	CARDNAME_TEMPLEOFTHEWIND	风之神殿
K	CARDNAME_TEMPORALEXCAVATOR	时光发掘者
K	CARDNAME_TEMPORALEYE	时光之眼
K	CARDNAME_TERMINITES	终末蚁
K	CARDNAME_TERRORIZINGFIEND	威吓邪魔
K	CARDNAME_TERRUSPARAGONOFSTRIFE	特鲁斯·争斗典范
K	CARDNAME_TESTOFFAITH	试炼信仰
K	CARDNAME_TEYNWOLFKING	Teyn·狼王
K	CARDNAME_TH07TANK	TH07T<space=-.1em>ank
K	CARDNAME_THEAETHERMOURNE	以太哀歌
K	CARDNAME_THEALLSEEINGEYE	全视之眼
K	CARDNAME_THEALLSEEINGEYE10TH	全视之眼
K	CARDNAME_THECHROMECIRCLE	铬环
K	CARDNAME_THEDRAGONSEYE	龙之眼
K	CARDNAME_THEDREAMSCRAPE	刮梦者
K	CARDNAME_THEGRANDDESIGN	宏伟设计
K	CARDNAME_THEGRANDDESIGN10TH	宏伟设计
K	CARDNAME_THEGREATECLIPSE	大日食
K	CARDNAME_THEIRONHEART	铁之心
K	CARDNAME_THEIRONSEVEN	钢铁七人
K	CARDNAME_THEWORLDTREE	W<space=-.05em>orld树
K	CARDNAME_THICKETFAMILIAR	灌木丛使魔
K	CARDNAME_THIEVINGGRYPHON	偷窃狮鹫
K	CARDNAME_THORNEDCHARGER	棘刺冲锋者
K	CARDNAME_THUNDERTEMPLAR	雷T<space=-.1em>emplar
K	CARDNAME_TIDESTALKER	潮潜者
K	CARDNAME_TIDESTALKERETER	潮潜者
K	CARDNAME_TIMESTREAMSEER	时流预言者
K	CARDNAME_TINKERINGMONK	摆弄僧侣
K	CARDNAME_TOLLMASTERKYLEK	税吏凯莱克
K	CARDNAME_TOMEOFERABUS	典籍埃拉布斯
K	CARDNAME_TORICASCENDANT	托里克·飞升者
K	CARDNAME_TORICDEVOTEDDISCIPLE	托里克·虔诚门徒
K	CARDNAME_TORMENTEDSOUL	受折磨的灵魂
K	CARDNAME_TORMENTEDSOUL10TH	受折磨的灵魂
K	CARDNAME_TORMENTLEGIONARY	折磨军团兵
K	CARDNAME_TOWERASKARA	高塔阿斯卡拉
K	CARDNAME_TREASUREHUNTER	宝藏猎手
K	CARDNAME_TREASURESOFTHESTUDY	宝藏书房
K	CARDNAME_TREEOFBOUNTY	树丰饶
K	CARDNAME_TRINKETHARPY	饰品鹰身女妖
K	CARDNAME_TROPHYHUNTER	战利品猎手
K	CARDNAME_TRUTHSEEKER	真理追寻者
K	CARDNAME_TURTLERMERCHANT	龟商商人
K	CARDNAME_TUSKRIDER	牙骑手
K	CARDNAME_TWILIGHTSCOUT	暮光斥候
K	CARDNAME_TWISTEDTYRANT	扭曲T<space=-.1em>yrant
K	CARDNAME_TWOFOLDASKARA	双重阿斯卡拉
K	CARDNAME_TWOFOLDASKARA10TH	双重阿斯卡拉
K	CARDNAME_TYRANYXTHEPILLAGER	泰兰尼克斯·劫掠者
K	CARDNAME_ULANSFIST	乌兰的拳
K	CARDNAME_ULANTHECRUSHER	乌兰·粉碎者
K	CARDNAME_ULUASKARAPRINCE	乌鲁·阿斯卡拉王子
K	CARDNAME_UMBRALEDGE	暗影刃锋
K	CARDNAME_UMBRALEDGEETER	暗影刃锋
K	CARDNAME_UNBOUNDEMISSARY	解缚使者
K	CARDNAME_UNCHAINEDFATES	挣脱的命运
K	CARDNAME_UNDAUNTEDSCOUT	无畏斥候
K	CARDNAME_UNSPEAKABLEDOOM	不可名状末日
K	CARDNAME_UPGRADEFOUNDRY	升级铸造厂
K	CARDNAME_VALIANTASCETIC	勇毅苦行僧
K	CARDNAME_VANDALSOUL	破坏灵魂
K	CARDNAME_VAULTBREAKERWURM	破库巨虫
K	CARDNAME_VAULTLICH	宝库巫妖
K	CARDNAME_VAULTSPHINX	宝库狮身人面
K	CARDNAME_VEDAHSAGEOFSWORDS	剑贤维达
K	CARDNAME_VENOMPRIESTESS	毒液女祭司
K	CARDNAME_VERDAGRISTHEWILD	维达格里斯·荒野
K	CARDNAME_VERDANTCHANTER	翠绿咏者
K	CARDNAME_VERDANTCROWN	翠绿冠冕
K	CARDNAME_VERDANTELEMENTAL	翠绿元素
K	CARDNAME_VERDANTHATCHLING	翠绿幼体
K	CARDNAME_VEYAHANDMAIDENOFLOGOS	维雅·逻各斯侍女
K	CARDNAME_VIGILSRESOLVE	祈夜的决意
K	CARDNAME_VINEWEAVER	织藤者
K	CARDNAME_VIRASCETICMASTER	维尔·苦行僧大师
K	CARDNAME_VIREPHEMERALGURU	维尔·昙花古鲁
K	CARDNAME_VOIDAMATHYSTDEFENDER	虚空紫晶防御者
K	CARDNAME_VOIDAVENGER	虚空复仇者
K	CARDNAME_VOIDCYCLERBLUEPRINT	虚空循环器蓝图
K	CARDNAME_VOIDEMISSARY	虚空使者
K	CARDNAME_VOIDFEEDER	饲虚者
K	CARDNAME_VOIDFORGEDPALADIN	虚空锻圣骑士
K	CARDNAME_VOIDINITIATE	虚空新兵
K	CARDNAME_VOIDINITIATE10TH	虚空新兵
K	CARDNAME_VOIDMESMER	虚空催眠师
K	CARDNAME_VOIDMILITIA	虚空民兵
K	CARDNAME_VOIDRAGER	虚空狂怒者
K	CARDNAME_VOIDREMNANT	虚空残响
K	CARDNAME_VOIDRIFTSTALKER	虚空裂隙潜行者
K	CARDNAME_VOIDRISING	虚空崛起
K	CARDNAME_VOIDSPEAKER	虚空语者
K	CARDNAME_VOIDSPEAKERETER	虚空语者
K	CARDNAME_VOIDSWORNCHAMPION	誓虚冠军
K	CARDNAME_VOIDSWORNWARRIOR	誓虚W<space=-.1em>arrior
K	CARDNAME_VOIDTHIRSTER	渴虚者
K	CARDNAME_VOIDTHIRSTER10TH	渴虚者
K	CARDNAME_VYRAKTHEFIRST	维拉卡·初代
K	CARDNAME_WAILINGSPECTRE	哀嚎幽灵
K	CARDNAME_WANDERINGASKARA	流浪阿斯卡拉
K	CARDNAME_WARPDRUID	扭曲德鲁伊
K	CARDNAME_WARPROGUE	扭曲游荡者
K	CARDNAME_WARTORNARBITER	战创仲裁者
K	CARDNAME_WATCHMAKERSALTAR	制表师祭坛
K	CARDNAME_WATCHMAKERSALTAR10TH	制表师祭坛
K	CARDNAME_WATCHTOWERGOLEM	瞭望塔魔像
K	CARDNAME_WATERELEMENTAL	水元素
K	CARDNAME_WEAPON303V	武器303-V
K	CARDNAME_WEBCLAW	网爪
K	CARDNAME_WEREBOAR	野猪人
K	CARDNAME_WHIRLWINDASCETIC	旋风苦行僧
K	CARDNAME_WICKEDEND	邪终结
K	CARDNAME_WILDBARKMAIL	野树皮甲胄
K	CARDNAME_WILDCALLSTAFF	野性呼唤法杖
K	CARDNAME_WILDFIREELEMENTAL	野火元素
K	CARDNAME_WILDGEARDRUID	野性齿轮德鲁伊
K	CARDNAME_WILDGEARSOWER	野性齿轮播种者
K	CARDNAME_WILDRIFTDRAKE	荒野裂隙龙兽
K	CARDNAME_WINDTYRANT	风之暴君
K	CARDNAME_WINDTYRANT10TH	风之暴君
K	CARDNAME_WOLFACOLYTE	狼侍僧
K	CARDNAME_WOLFSHAMAN	狼萨满
K	CARDNAME_WOLFSHAMAN10TH	狼萨满
K	CARDNAME_WOLFSHAMANRU	狼萨满
K	CARDNAME_WORKSHOPGARGOYLE	工坊石像鬼
K	CARDNAME_WORKSHOPGARGOYLEETER	工坊石像鬼
K	CARDNAME_WRECKLAMAX	回收残机
K	CARDNAME_XERONDUKEOFLIES	<sprite=3>
K	CARDNAME_XERONDUKEOFLIES10TH	谎言之公爵泽伦
K	CARDNAME_XERONDUKEOFLIESETER	谎言之公爵泽伦
K	CARDNAME_XERONFALSEALLY	泽伦·伪盟者
K	CARDNAME_XERONLORDOFDEOFOL	泽伦·迪奥福尔之主
K	CARDNAME_XERONSTRIAL	泽伦的T<space=-.1em>rial
K	CARDNAME_YGGDRASILCANOPY	世界树树冠
K	CARDNAME_YGGDRASILSTAFF	世界树法杖
K	CARDNAME_YGGDRASILSTAFF10TH	世界树法杖
K	CARDNAME_YOLOCRYXTHEGUARDIAN	约洛克瑞克斯·守卫
K	CARDNAME_YOLOTHIANMONOLITH	约洛斯巨石
K	CARDNAME_YUKTRIBEGREMLIN	尤克T<space=-.1em>ribe小妖
K	CARDNAME_YUKTRIBEOUTCAST	尤克T<space=-.1em>ribe放逐者
K	CARDNAME_YUREYEOFCHAOS	尤尔·之眼混沌
K	CARDNAME_ZEROPOINTREACTOR	零点反应堆
K	CARDNAME_ZETAARSENAL	泽塔武库
K	CARDNAME_ZINTASBRACERS	辛塔的护腕
K	CARDNAME_ZISDREAMREAPER	齐斯·刈梦者
K	DAY_AKLYSTHESCOURGE	${LABEL_DAY} 此费用为 ${ICON_POWER5} 更低以 击败.
K	DAY_EMBERWINGMOTH	${LABEL_DAY} 以每位对手, 你选择和 摧毁一个神器其控制的.
K	DAY_ILLUMINATOR	${LABEL_DAY} 每回合一次，获得${ICON_RUNE1} 和 ${ICON_POWER1} 以每个机械神器你控制的.
K	DAY_INSPIREDTEMPLAR	${LABEL_DAY} 击败任意怪物改为.
K	DAY_LIEUTENANTDUROS	${LABEL_DAY} 拿取一张卡牌随机从 每位对手之手牌和 将它们加入你的手牌.
K	DAY_SCAVENGERANTS	${LABEL_DAY} 获得${ICON_RUNE3}.
K	DAY_SHADEVIPER	${LABEL_TROPHY} 若当前为昼, 放逐此牌以 获得${ICON_RUNE1}.
K	DAY_SOLARSENTRY	${LABEL_DAY} 获得额外的 ${ICON_RUNE2}.
K	DAY_TAHYRTHESUN	${LABEL_DAY} 加入所获取的卡牌以 你的手牌.
K	DAY_TWILIGHTSCOUT	${LABEL_DAY} 抽额外的卡牌.
K	EFFECT_AARONTHEGODSLAYER	击败一个怪物无需支付费用.
K	EFFECT_ABOLISHER	获得${ICON_RUNE1}.<br>你可以放逐一张卡牌在你的手牌中. 若你如此做，获得额外的 ${ICON_RUNE1}.
K	EFFECT_ABOLISHERETER	获得${ICON_RUNE1}.<br>你可以放逐一张卡牌在你的手牌中. 若你如此做，获得额外的 ${ICON_RUNE1}.
K	EFFECT_ACIDICCRAWLER	${LABEL_REWARD} 获得${ICON_HONOR5}. 若对手控制最多的神器s, 摧毁所有神器s该玩家控制. <i>(若多名对手为 平手以 最多的神器s, 他们所有摧毁它们. 若你控制的最多的, 不hing.)</i>
K	EFFECT_ADAMBUILDERADEPT	当你 获取此, 你可以获取神器在中央牌列无需支付费用.<br>获得${ICON_RUNE4}.
K	EFFECT_ADAYUTHEOMNIPOTENT	获取或 击败任意卡牌在中央牌列. (你无需支付 ${ICON_RUNE} 或 ${ICON_POWER}).
K	EFFECT_ADAYUTHESERENE	此英雄视为作为所有派系.<br>获得${ICON_RUNE1}, ${ICON_POWER1} 和 ${ICON_HONOR1}. 抽一张牌.<br>${LABEL_MULTIUNITE} 获得${ICON_RUNE1} 以每个机械英雄, ${ICON_POWER1} 以每个虚空英雄, ${ICON_HONOR1} 以每个命约英雄, 和抽一张牌以 每个圣贤英雄你 打出或 拥有打出过本回合.
K	EFFECT_ADAYUTHETORMENTED	${LABEL_REWARD} 将此牌转化为阿达尤宁静和 获取它.
K	EFFECT_AEGISKNIGHT	放逐一张卡牌在你的手牌或弃牌堆. 若你如此做，将它替换以 秘教士或 重装步兵.
K	EFFECT_AETHERCHANNELER	放逐一张卡牌从你的手牌. 若你如此做，获取随机英雄从 任意Ascension扩展无需支付费用. 将它放置置入你的手牌.
K	EFFECT_AETHERCURATOR	放逐一张卡牌在中央牌列. Replace它以 传送门.<br>抽一张牌.
K	EFFECT_AETHERRITUALIST	获得${ICON_POWER2}.<br>下次你击败一个怪物在中央牌列本回合, 你可以获取传送门无需支付费用.
K	EFFECT_AETHERSPRINGWITCH	选择一项： 获得${ICON_HONOR3}, 或获取传送门在中央牌列无需支付费用.
K	EFFECT_AETHERWARRIOR	${LABEL_PHANTASM}当此 为在中央牌列, 你可以支付 ${ICON_INSIGHT5} 以放逐和 打出此.<br>抽两张牌.
K	EFFECT_AIRSUPPORTSQUADRON	每回合一次，当你 获取机械卡牌, 你可以将它放置在你的手牌中.
K	EFFECT_AIYANASMESSENGER	获得${ICON_RUNE1}.<br>你可以支付 ${ICON_RUNE1} 更低下次你获取英雄本回合.
K	EFFECT_AIYANASMESSENGERETER	获得${ICON_RUNE1}.<br>你可以支付 ${ICON_RUNE1} 更低下次你获取英雄本回合.
K	EFFECT_AKAMTHEGENIE	${LABEL_REWARD} 获得${ICON_HONOR3}.
K	EFFECT_AKLYSTHESCOURGE	${LABEL_REWARD} 获得${ICON_HONOR6}.
K	EFFECT_ALLURINGSHAMAN	获得${ICON_RUNE1}.<br>你可以支付 ${ICON_INSIGHT1} 以获得${ICON_HONOR3}.
K	EFFECT_ALOSYANGUIDE	当你 获取此, 若你 拥有打出过命约英雄本回合, 放置此 直接置入你的手牌.<br>获得${ICON_HONOR3}.
K	EFFECT_ALSETMONKPRODIGY	当此 为在你的手牌中, 若你控制的两 或更高神器s, 将此牌转化为阿尔塞特, 反应堆学者.<br>获得${ICON_RUNE3}.
K	EFFECT_ALSETREACTORSAVANT	获得${ICON_RUNE4}.<br>当你 获取神器本回合, 你可以将它放置进入战场.
K	EFFECT_ANCIENTSTAG	获得${ICON_HONOR3}.<br>${LABEL_UNITE} 获得${ICON_LIFE}.
K	EFFECT_ANIMUSOFTHEWILD	获得${ICON_RUNE2}.<br>你支付 ${ICON_RUNE1} 更低下次你获取一个英雄本回合.
K	EFFECT_ANIMUSOFTHEWILDETER	获得${ICON_RUNE2}.<br>你可以支付 ${ICON_RUNE1} 更低下次你获取一个英雄本回合.
K	EFFECT_ANNIHILATION	当玩家获取虚空卡牌, 该玩家可以放逐一张卡牌在其手牌中或 弃牌堆.<br>${LABEL_EVENT_TROPHY} 获得${ICON_POWER1}.
K	EFFECT_ANOINTEDASKARA	抽一张牌.<br>一次本回合, 当你 获取一个英雄或 神器从中央牌列, 将它放置置入你的手牌.
K	EFFECT_APPRENTICE	获得1符文。
K	EFFECT_APPRENTICE10TH	获得${ICON_RUNE1}.
K	EFFECT_APPRENTICEROV	获得${ICON_RUNE1}.
K	EFFECT_APPRENTICERU	获得${ICON_RUNE1}.
K	EFFECT_APPRENTICESOS	获得${ICON_RUNE1}.
K	EFFECT_ARANYXTHEGLUTTON	${LABEL_REWARD} 获得${ICON_HONOR4}. 获得${ICON_POWER7}.<br>${LABEL_RALLY_MONSTER}.
K	EFFECT_ARBITERCIRCLET	每回合一次，获得${ICON_POWER1}.
K	EFFECT_ARBITEROFFATE	抽一张牌.<br>你可以放逐一张卡牌在你的手牌或弃牌堆.
K	EFFECT_ARBITEROFTHELOST	获得${ICON_ENERGY2}.<br>你可以放逐一张卡牌在你的手牌或弃牌堆.
K	EFFECT_ARBITEROFTHEPRECIPICE	抽两张牌。然后放逐你手牌中的一张卡牌。
K	EFFECT_ARBITEROFTHEPRECIPICE10TH	抽两张牌. 放逐一张卡牌在你的手牌中.
K	EFFECT_ARBITERSCENSER	当你 击败一个怪物在中央牌列, 获得${ICON_HONOR2}.
K	EFFECT_ARHAEMISSARY	抽一张牌.<br>若你 打出或 拥有打出过使者的 每个派系本回合, 你win游戏.
K	EFFECT_ARHAHISTORIAN	抽一张牌. 若你 打出或 拥有打出过秘教士或 重装步兵本回合, 抽额外的卡牌.
K	EFFECT_ARHAINITIATE	抽一张牌。
K	EFFECT_ARHAINITIATE10TH	抽一张牌.
K	EFFECT_ARHAMEDIUM	你可以放逐此牌以 获取秘教士或 重装步兵无需支付费用. 将它放置置入你的手牌.
K	EFFECT_ARHAMEDIUMETER	你可以放逐此牌以 获取秘教士或 重装步兵无需支付费用和 加入你的手牌.
K	EFFECT_ARHAMENTOR	你可以放逐一张卡牌从你的手牌. 若你如此做，获取秘教士或 重装步兵无需支付费用和 将它放置置入你的手牌.
K	EFFECT_ARHARECRUIT	抽一张牌.<br>获得${ICON_RENOWN1}, 然后放逐此牌.
K	EFFECT_ARHARISING	每回合一次，当玩家弃掉任意数量的 卡牌, 他们可以返回一 的它们以 其手牌.<br>${LABEL_EVENT_TROPHY} 抽一张牌.
K	EFFECT_ARHASANCTUARY	当此牌进入战场时, 放置你牌库顶的卡牌其下此 面朝上.<br>每回合一次，你可以swap卡牌在你的手牌中以 卡牌其下Arha圣所.<br>当Arha圣所离开打出的 游戏结束, 放置卡牌其下它 置入你的弃牌堆.
K	EFFECT_ARHASENSEI	放逐一张卡牌在你的手牌中. 若你如此做，获取秘教士或 重装步兵. 加入它以 你的手牌.
K	EFFECT_ARHASENSEIDS	放逐一张卡牌在你的手牌中. 若你如此做，获取秘教士或 重装步兵无需支付费用. 加入它以 你的手牌.
K	EFFECT_ARHASENSEIETER	放逐一张卡牌在你的手牌中. 若你如此做，获取秘教士或 重装步兵无需支付费用和 加入你的手牌.
K	EFFECT_ARHATEMPLAR	击败一个战力值不高于4的怪物。
K	EFFECT_ARHATEMPLAR10TH	击败一个怪物该 具有${ICON_POWER4} 或更低无需支付费用.
K	EFFECT_ARMISTICE	每位玩家弃掉其 手牌和 抽五 卡牌.
K	EFFECT_ASALASTHEIMPALER	获得${ICON_RUNE2}.<br>下次你获取一个英雄本回合, 获得${ICON_POWER} 相等以 已获取英雄之 ${ICON_RUNE} 费用.
K	EFFECT_ASCETICOFTHELIDLESSEYE	抽两张牌。
K	EFFECT_ASCETICOFTHELIDLESSEYE10TH	抽两张牌.
K	EFFECT_ASHESTOASHES	放逐所有卡牌在中央牌列.
K	EFFECT_ASKARANARMOR	每回合一次，当你 获取卡牌从 你的梦境, 你可以将一张卡牌加入你的梦境.
K	EFFECT_ASKARAOFFATE	抽两张牌. 每位其他玩家可以抽一张牌. 然后你可以放逐一张卡牌在中央牌列.
K	EFFECT_ASKARAOFFORTUNE	每位玩家展示顶部卡牌的 其牌库. 选择一个英雄已展示以此方式和 复制其效果.
K	EFFECT_ASKARAOFJUDGEMENT	抽一张牌.
K	EFFECT_ASKARAOFSOULS	获得灵魂宝石.
K	EFFECT_ASTROBLADETRX	每回合一次，当你 打出机械神器 (包括此牌一), 获得${ICON_HONOR1}.
K	EFFECT_AURAOFTHEASKARA	若你打出过两 圣贤英雄以 同名本回合, 你可以获取此 无需支付费用.<br>${LABEL_ONGOING} 每回合一次，你可以复制效果的 英雄你 拥有打出过本回合.
K	EFFECT_AUSPICIOUSASKARA	抽一张牌.<br>${LABEL_UNITE} 你可以放逐一张卡牌在中央牌列.
K	EFFECT_AUSTERESAGE	抽一张牌.<br>你可以放逐一张卡牌在中央牌列, 然后 ${LABEL_RALLY_ENLIGHTENED}.
K	EFFECT_AUTOBUILDER50	你可以摧毁此 以支付 ${ICON_RUNE2} 更低下次你获取机械神器本回合.
K	EFFECT_AVATARGOLEM	获得2战力。你每控制一种神器，获得1荣誉。
K	EFFECT_AVATARGOLEM10TH	获得${ICON_POWER2}.<br>获得${ICON_HONOR1} 以每个派系之中神器你控制的. <i>(派系为圣贤, 机械, 生命, 和虚空.)</i>
K	EFFECT_AVATAROFAIYANA	获得${ICON_RUNE2}.<br>此回合, 你可以获取英雄在中央牌列被 支付 ${ICON_RUNE} 相等以 其 ${ICON_HONOR} 而非支付其 ${ICON_RUNE} 费用.
K	EFFECT_AVATAROFTHEFALLEN	除非被击败，否则此怪物不可被放逐。奖励：获得4荣誉。你可以无需支付费用获取或击败中央牌列中的任意一张卡牌。
K	EFFECT_AVATAROFTHEFALLEN10TH	<b>不可放逐</b>.<br>${LABEL_REWARD} 获得${ICON_HONOR4}. 你可以获取或 击败任意卡牌在中央牌列无需支付费用.
K	EFFECT_AZERAXNYXSCHOSEN	获得${ICON_POWER6}.<br>你可以放逐任意数量的 卡牌在你的手牌中和/或弃牌堆.
K	EFFECT_AZERAXOFTHEBLACKWATCH	获得${ICON_POWER4}.<br>你可以放逐一张卡牌在你的手牌或弃牌堆.
K	EFFECT_AZURITECHANNELER	放逐一张卡牌在你的手牌中和 将它替换以 秘教士或 重装步兵.<br>${LABEL_PLUNDER}此回合, 若你 获取卡牌和 击败一个怪物, 两者在中央牌列, 获得${ICON_INSIGHT2}.
K	EFFECT_BAMTRIBEGREMLINS	${LABEL_REWARD} 获得${ICON_HONOR2}.<br>${LABEL_INFEST} 当你 击败巴姆部落小妖们, 你可以将它放置置入玩家之弃牌堆.<br><i>(怪物拥有没有效果当 打出过从 手牌.)</i>
K	EFFECT_BATTERYMONK	你可以支付 ${ICON_RUNE1} 更低下次你获取神器本回合.<br>抽一张牌.
K	EFFECT_BATTERYMONKETER	抽一张牌。<br>你可以支付 ${ICON_RUNE1} 更低下次你获取神器本回合.
K	EFFECT_BAZUDUKEOFSCORN	${LABEL_REWARD} 获得${ICON_HONOR4}. 每位对手要么弃掉卡牌以 每个神器其控制的要么放置所有神器s置入其弃牌堆.
K	EFFECT_BEACONOFTHELOST	${LABEL_ECHO} 每回合一次，获得${ICON_POWER1}. <i>(获得此效果若 存在虚空卡牌在你的弃牌堆.)</i>
K	EFFECT_BEACONSHAMAN	展示你牌库顶的卡牌和 将它放置在你的手牌中. 若它 为宝藏, 获得${ICON_HONOR3}.
K	EFFECT_BEASTSTAFF	每回合一次，获得${ICON_POWER1}.<br>每回合一次，你可以支付 ${ICON_RUNE1} 以展示你牌库顶的卡牌. 获得${ICON_HONOR} 相等以 其 ${ICON_HONOR} 值.
K	EFFECT_BELTHARSOULCOLLECTOR	获得${ICON_POWER3}.<br>下次你击败一个怪物在中央牌列本回合, 获得${ICON_RUNE3}.
K	EFFECT_BERSERKERFRENZY	若你 拥有被击败三 或更高怪物在中央牌列本回合, 你可以获取此 无需支付费用.<br>获得${ICON_HONOR10}.<br>${LABEL_ONGOING} 每回合一次，当你 击败一个怪物, 双倍其 ${ICON_HONOR} reward.
K	EFFECT_BETRAYEDTEMPLAR	${LABEL_REWARD} 获得${ICON_HONOR5}. 你可以击败一个怪物在中央牌列以 费用 ${ICON_POWER5} 或更低无需支付费用.
K	EFFECT_BLACKHOLE	每回合一次，你可以放逐一张卡牌在你的手牌中. 若你如此做，获得${ICON_POWER1}.
K	EFFECT_BLACKWATCHDREAMER	${LABEL_PHANTASM}当此 为在中央牌列, 你可以支付 ${ICON_INSIGHT2} 以放逐和 打出此.<br>获得${ICON_POWER1}. 你可以放逐一张卡牌在你的手牌或弃牌堆.
K	EFFECT_BLACKWATCHELITE	获得${ICON_POWER3}.<br>你可以放逐一张卡牌在你的手牌或弃牌堆.
K	EFFECT_BLACKWATCHEXEMPLAR	获得${ICON_POWER3}.<br>${LABEL_MULTIUNITE} 你可以放逐一张卡牌在你的弃牌堆.
K	EFFECT_BLACKWATCHVANQUISHER	获得${ICON_POWER2}.
K	EFFECT_BLASTGOGGLES	每回合一次，若你控制的五 或更高机械神器, 获得${ICON_HONOR5}.
K	EFFECT_BLEAKTOAD	${LABEL_REWARD} 获得${ICON_HONOR4}. 你可以放逐一张卡牌在你的手牌或弃牌堆. 你可以支付 ${ICON_INSIGHT2} 以放逐额外的卡牌在你的手牌或弃牌堆.
K	EFFECT_BLINDSEER	抽一张牌.<br>${LABEL_SERENITY} 获得${ICON_LIFE}. <i>(获得此效果若 那里为 没有卡牌在你的弃牌堆.)</i>
K	EFFECT_BOMBCRAFTER	抽一张牌.<br>获得${ICON_POWER2}, 然后放逐此牌.
K	EFFECT_BOON:CETRA	一次本回合, 你可以放置英雄从 你的弃牌堆放到你的牌库顶.
K	EFFECT_BOON:KOR	一次本回合, 获得${ICON_RUNE2}.
K	EFFECT_BOON:MASTERDHARTHA	一次本回合, 抽一张牌.
K	EFFECT_BOON:NAKA	一次本回合, 你可以放逐一张卡牌你 打出过本回合.
K	EFFECT_BOONCETRA	一次本回合, 你可以放置英雄从 你的弃牌堆放到你的牌库顶.
K	EFFECT_BOONEMRI	一次本回合, 获得${ICON_POWER2}.
K	EFFECT_BOONKOR	一次本回合, 获得${ICON_RUNE2}.
K	EFFECT_BOONMASTERDHARTHA	一次本回合, 抽一张牌.
K	EFFECT_BOONNAIRA	一次本回合, 获得${ICON_HONOR2}.
K	EFFECT_BOONNAKA	一次本回合, 你可以放逐一张卡牌你 打出过本回合.
K	EFFECT_BOONPRIME	一次本回合, 你可以返回神器从 你的弃牌堆以 你的手牌.
K	EFFECT_BOONULU	一次本回合, 获得${ICON_RENOWN1} 在另一派系.
K	EFFECT_BORDERLANDMERCENARY	抽一张牌.<br>命名派系. 此英雄视为作为该 派系本回合.
K	EFFECT_BORDERLANDNIHILIST	${LABEL_REWARD} 将此牌转化为边地佣兵和 获取它.
K	EFFECT_BRAINSTORMSENTRY	获得${ICON_RUNE1} 和 ${ICON_POWER1} 以每个机械神器你控制的.
K	EFFECT_BRAMBLEELEMENTAL	${LABEL_REWARD} 获得${ICON_HONOR5}. 你可以放逐一张卡牌在你的手牌或弃牌堆.
K	EFFECT_BRAZERDRONE	获得${ICON_RUNE1}.<br>你可以返回神器从 你的弃牌堆以 你的手牌.
K	EFFECT_BRINGEROFDESPAIR	获得${ICON_POWER2}.<br>${LABEL_UNITE} Double你的 ${ICON_POWER}.
K	EFFECT_BRINGEROFHOPE	放逐一张卡牌在你的手牌中. 若你如此做，加入秘教士和 重装步兵以 你的手牌.
K	EFFECT_BROTHERLAIAS	赋力 <i>(当你 获取此, 你可以放逐一张卡牌你 拥有打出过本回合.)</i><br>当你 获取修士莱亚斯, 将它放置置入你的手牌若 你拥有打出过秘教士本回合.<br>抽两张牌.
K	EFFECT_BROTHERMARIUS	获得${ICON_RUNE1}.<br>获得额外的 ${ICON_RUNE1} 以每个派系在你控制的神器之中.
K	EFFECT_BURIALGUARDIAN	获得${ICON_RUNE2}.<br>下次你获取生命卡牌本回合, 获得${ICON_DEATH}.
K	EFFECT_BURROWERMARKII	每回合你首次将机械神器进入战场时（包括此牌），抽一张牌。
K	EFFECT_BURROWERMARKII10TH	每回合一次，当你 打出机械神器 (包括此牌一), 抽一张牌.
K	EFFECT_CAARODESERTBREAKER	${LABEL_REWARD} 获得${ICON_HONOR4}. 以每位对手, 你选择和 摧毁一个神器其控制的.<br>${LABEL_DREAMBIND} ${ICON_INSIGHT2}
K	EFFECT_CACKLECASTWRETCH	若你 拥有已获得 ${ICON_ENERGY4} 或更高本回合, 你可以击败此 无需支付费用.<br>${LABEL_REWARD} 获得${ICON_HONOR4}.
K	EFFECT_CACKLINGJACKAL	${LABEL_REWARD} 获得${ICON_HONOR2}.
K	EFFECT_CALLOFDARKNESS	放逐至多 5 卡牌在你的手牌或弃牌堆.
K	EFFECT_CANONTEMPLAR	获得${ICON_RUNE2}.<br>你可以击败一个怪物以 ${ICON_POWER} 费用低于或 相等以 ${ICON_RUNE} 费用的 神器你控制的.
K	EFFECT_CANOPICJAR	每回合一次，获得${ICON_POWER1}.<br>每回合一次，当你 击败一个怪物在中央牌列, 获得${ICON_RUNE1}.
K	EFFECT_CANOPYSANCTUARY	每回合一次，你可以展示你牌库顶的卡牌和 将它放置在你的手牌中. 若它 为圣贤或 生命, 获得${ICON_HONOR3}.
K	EFFECT_CARETAKERZAHRAL	获得${ICON_RUNE3}.<br>下次你获取一个英雄本回合, 你可以将它放置放到你的牌库顶.
K	EFFECT_CAUSTICCONJURER	获得${ICON_INSIGHT1}.<br>你可以放逐一张卡牌在你的手牌或弃牌堆.
K	EFFECT_CAVERNCREEPER	${LABEL_REWARD} 获得${ICON_HONOR1} 和 ${ICON_RUNE1}.
K	EFFECT_CAVERNHORROR	${LABEL_REWARD} 获得${ICON_HONOR1}. 你可以洗牌你的弃牌堆置入你的牌库. <i>(卡牌打出过本回合不 进入以 你的弃牌堆直到结束时回合.)</i>
K	EFFECT_CELLBLOCKE	当你 击败一个怪物在中央牌列或 打出怪物, 你可以将其直接进入战场和 视为它作为机械神器.
K	EFFECT_CETRABENEFACTOROFALL	从你开始, 和然后going在回合秩序, 每位玩家获取英雄无需支付费用. 英雄已获取以此方式为 放置在 顶部的 其拥有者' decks.
K	EFFECT_CETRACELESTIALBODY	获得${ICON_HONOR} 相等以total ${ICON_HONOR} 的所有英雄和 神器s在中央牌列.
K	EFFECT_CETRAGUIDEOFOGO	获取所有英雄在中央牌列无需支付费用. 放置它们放到你的牌库顶在 任意秩序.
K	EFFECT_CETRAMATRONOFSTARS	获取一个英雄无需支付费用. 将它放置放到你的牌库顶.<br>${LABEL_MULTIUNITE} 你可以重复此.
K	EFFECT_CETRASRESPITE	获取一个英雄在中央牌列无需支付费用.
K	EFFECT_CETRASTRIAL	英雄在中央牌列费用 ${ICON_RUNE1} 更低以 获取 (以最少的 ${ICON_RUNE1}).<br>支付 ${ICON_RUNE8}: 将此牌转化为天体塞特拉和 获取它.
K	EFFECT_CETRAVOIDMOTHER	获得${ICON_POWER4}.<br>下次你击败一个怪物在中央牌列本回合, 你可以获取一个英雄无需支付费用和 将它放置放到你的牌库顶.
K	EFFECT_CETRAWEAVEROFSTARS	获取任意一个英雄。将其放到你的牌库顶。
K	EFFECT_CETRAWEAVEROFSTARS10TH	获取一个英雄无需支付费用. 将它放到你的牌库顶.
K	EFFECT_CHAOSCANNON	每回合一次，你可以支付 ${ICON_INSIGHT5} 以获得${ICON_POWER10}. 你可以支付 ${ICON_INSIGHT1} 更低以use此异能以 每个其他机械神器你控制的.
K	EFFECT_CHAOSRIDER	获得${ICON_POWER3}.<br>你可以返回虚空卡牌从 你的弃牌堆以 你的手牌.
K	EFFECT_CHAOTICCANNON	每回合一次，弃掉你牌库顶的卡牌以 获得${ICON_POWER} 相等以 其 ${ICON_HONOR} 值.<br>若它 为机械神器, 将它放置在你的手牌中.
K	EFFECT_CHARGINGCHAMBER	每回合一次，当你 打出机械神器 (包括此牌一), 获得${ICON_ENERGY1}.
K	EFFECT_CHEERFULCONSORT	获得${ICON_HONOR1}.<br>抽一张牌.
K	EFFECT_CHEERFULCONSORTETER	获得${ICON_HONOR1}.<br>抽一张牌.
K	EFFECT_CHRONICLEOFVIGIL	每回合一次，获得${ICON_HONOR1} 以每个派系在你控制的神器之中. (此卡牌具有没有派系.)
K	EFFECT_CLAWSOFDEOFUL	${LABEL_REWARD} 获得${ICON_HONOR4}. 获得${ICON_RENOWN1} 在任意派系.
K	EFFECT_CLOCKWORKBLADE	每回合一次，当你 打出机械神器 (包括此牌一), 获得${ICON_POWER1} 以每个机械神器你的控制.
K	EFFECT_CLOCKWORKFAMILIAR	每回合一次，当你 打出机械神器 (包括此牌一), 获得${ICON_RUNE1} 以每个机械神器你的控制.
K	EFFECT_CLOCKWORKHELM	每回合一次，当你 打出机械神器 (包括此牌一), 获得${ICON_INSIGHT1} 以每个机械神器你的控制.
K	EFFECT_CLOCKWORKSENTRY	获得${ICON_POWER2}.<br>若你控制的两 或更高神器s, 获得额外的 ${ICON_POWER2}.
K	EFFECT_CLOCKWORKSHIELD	每回合一次，当你 打出机械神器 (包括此牌一), 获得${ICON_HONOR1} 以每个机械神器你的控制.
K	EFFECT_CLUTCHOFDARKNESS	每回合一次，获得${ICON_POWER2}.
K	EFFECT_COGMAW	每回合一次，你可以摧毁机械神器你控制的以 获得${ICON_RUNE1}. 若当前事件为 机械, 获得额外的 ${ICON_RUNE1}.
K	EFFECT_COGNITIONCOURIER	获得${ICON_RUNE2}.
K	EFFECT_COMBUSTIONIDOL	每回合一次，你可以抽一张牌若 你控制的三 或更高机械神器.
K	EFFECT_COMBUSTIONIDOLETER	每回合一次，若你控制的三 或更高机械神器, 你可以抽一张牌.
K	EFFECT_CONDUITMONK	赋力 <i>(当你 获取此, 你可以放逐一张卡牌你 拥有打出过本回合.)</i><br>获得${ICON_RUNE3}.<br>你为 视为以 控制两 额外的机械神器本回合.
K	EFFECT_CONSTRICTINGHORROR	${LABEL_REWARD} 获得${ICON_HONOR4}. 展示卡牌从中央牌库直到你 展示英雄. 获取该 英雄无需支付费用和 放逐每个其他卡牌已展示以此方式.
K	EFFECT_CONTROLROOM	每回合一次，你可以放置机械神器你控制的在 顶部的 传送门牌库. 若你如此做，获取机械神器在中央牌列和 将它放置在你的手牌中.
K	EFFECT_CONTROLSMITH	获得${ICON_RUNE2}. 若你控制的已转化神器, 抽一张牌.
K	EFFECT_CONVERSIONPORT	你可以将所有神器s作为如同他们为 所有派系.
K	EFFECT_CORITEMECHANADON	${LABEL_PHANTASM}当此 为在中央牌列, 你可以支付 ${ICON_INSIGHT2} 以放逐和 打出此.<br>获得${ICON_RUNE1} 和 ${ICON_POWER1}.
K	EFFECT_CORRECTIONOFCREATION	${LABEL_REWARD} 获得${ICON_HONOR2}. 你可以放逐一张卡牌从你的手牌或 弃牌堆.
K	EFFECT_CORROSIVEWIDOW	奖励：获得3荣誉。每位对手须将其控制的一张神器置入弃牌堆。
K	EFFECT_CORROSIVEWIDOW10TH	${LABEL_REWARD} 获得${ICON_HONOR3}. 每位对手须选择和 摧毁一个神器其控制的.
K	EFFECT_CORROSIVEWIDOWETER	${LABEL_REWARD} 获得${ICON_HONOR3}. 每位对手须选择和 摧毁一个神器其控制的.
K	EFFECT_CORRUPTEDSAGE	${LABEL_REWARD} 获得${ICON_HONOR2}. 抽一张牌.<br>${LABEL_RALLY_ENLIGHTENED}.
K	EFFECT_COSMICPROTOCOL	当玩家获取机械神器, 该玩家可以将其直接进入战场.<br>${LABEL_EVENT_TROPHY} 你支付 ${ICON_RUNE2} 更低以 获取你的下一机械神器本回合.
K	EFFECT_CRYPTLURKER	${LABEL_REWARD} 获得${ICON_HONOR3}. 获得${ICON_DEATH}.
K	EFFECT_CRYSTALLINEMONK	获得${ICON_RUNE2}.<br>你可以move宝藏从 其下卡牌在中央牌列以 另一卡牌在中央牌列.
K	EFFECT_CULTIST	奖励：获得1荣誉。
K	EFFECT_CULTIST10TH	${LABEL_REWARD} 获得${ICON_HONOR1}.
K	EFFECT_CULTISTROV	${LABEL_REWARD} 获得${ICON_HONOR1}.
K	EFFECT_CULTISTRU	${LABEL_REWARD} 获得${ICON_HONOR1}.
K	EFFECT_CULTISTSOS	${LABEL_REWARD} 获得${ICON_HONOR1}.
K	EFFECT_CULTOFTHEFALSECIRCLE	${LABEL_REWARD} 获得${ICON_HONOR5}. 你可以获取一个英雄以 费用 ${ICON_RUNE5} 或更低无需支付费用.
K	EFFECT_DANDELIONWITCH	抽一张牌.<br>获得${ICON_HONOR1} 以每个命约英雄你 打出或 拥有打出过本回合 (包括此牌一).
K	EFFECT_DARKENERGYSHARD	获得${ICON_ENERGY1}. 抽一张牌.
K	EFFECT_DARKGLADIATOR	获得${ICON_POWER2}.
K	EFFECT_DARKMONK	获得${ICON_POWER2}.<br>${LABEL_UNITE} 抽一张牌.
K	EFFECT_DARKTOMELIBRARIAN	获得${ICON_INSIGHT2}.<br>你可以放逐一张卡牌在你的手牌或弃牌堆.
K	EFFECT_DARKWALKER	获得${ICON_POWER2}.
K	EFFECT_DAVIDPROPHETICGUIDE	抽三张牌, 然后放置两 卡牌从你的手牌放到你的牌库顶在 任意秩序.
K	EFFECT_DAYBREAKASKARA	复制本回合打出的一张英雄的效果。 若英雄曾是圣贤, 复制该 英雄之效果额外的次. 此效果不能是 被复制.
K	EFFECT_DEADEYEASSASSIN	获得${ICON_POWER3}.<br>获得额外的 ${ICON_POWER1} 以每个虚空卡牌在你的弃牌堆.
K	EFFECT_DEATHBOUNDDRUID	获得${ICON_HONOR3}.<br>你可以放逐一张卡牌在你的弃牌堆.
K	EFFECT_DEATHDEALERNOBLE	获得${ICON_POWER2}.<br>${LABEL_MULTIUNITE} 获得${ICON_POWER1}. <i>(获得此效果以 每个其他虚空英雄你 打出或 拥有打出过本回合.)</i>
K	EFFECT_DEATHFINDER	${LABEL_REWARD} 获得${ICON_HONOR2}. 你可以放逐一张卡牌在你的手牌或弃牌堆.<br>${LABEL_RALLY_VOID}.
K	EFFECT_DEATHSEEKER	获得${ICON_POWER2}.<br>若此 为被放逐从你的手牌或 弃牌堆, 获得${ICON_HONOR3}.
K	EFFECT_DEATHSWIDOW	${LABEL_REWARD} 获得${ICON_HONOR2}. 每位对手须摧毁一个神器其控制的. 抽一张牌以 每位对手该 做了不 摧毁一个神器以此方式.
K	EFFECT_DEATHSWORNWARRIOR	获得${ICON_POWER1}.<br>你可以放逐一张卡牌在你的手牌或弃牌堆. 然后, 你可以放逐此牌以 放逐第二卡牌在你的手牌或弃牌堆.
K	EFFECT_DECEITFULGHOUL	${LABEL_REWARD} 获得${ICON_HONOR2}.
K	EFFECT_DEEPDRONE	获得${ICON_RUNE2}.<br>放置下一神器你 获取本回合直接进入战场.
K	EFFECT_DEFENDEROFVIGIL	获得${ICON_RUNE2} 和 ${ICON_POWER2}.<br>获得${ICON_RUNE1} 以每个学徒你 打出或 拥有打出过本回合.<br>获得${ICON_POWER1} 以每个民兵你 打出或 拥有打出过本回合.
K	EFFECT_DEFENSEGENERATOR	每回合一次，当你 获取机械卡牌, 获得${ICON_POWER2}.
K	EFFECT_DELIRIUMNYMPH	获得${ICON_RUNE1}.<br>${LABEL_UNITE} 抽 2 卡牌. <i>(获得此效果一次若 你打出或 拥有打出过另一命约英雄本回合.)</i>
K	EFFECT_DELIRIUMPIXIES	${LABEL_REWARD} 获得${ICON_HONOR2} 和 ${ICON_RUNE3}.
K	EFFECT_DELIRIUMPIXIESETER	${LABEL_REWARD} 获得${ICON_HONOR2} 和 ${ICON_RUNE3}.
K	EFFECT_DELUDINGDJINN	${LABEL_REWARD} 获得${ICON_HONOR5}.<br>你可以花费 ${ICON_INSIGHT} 视为 ${ICON_POWER} 以击败此.
K	EFFECT_DELUGEELEMENTAL	${LABEL_REWARD} 获得${ICON_HONOR6}. 你可以放逐至多四 卡牌在你的手牌中, 牌库, 弃牌堆, 和/或卡牌打出过本回合. 若你如此做，洗牌你的牌库.
K	EFFECT_DELUXECAPACITOR	你可以视为梦神器s作为如同他们为 机械神器.<br>每回合一次，当你 打出机械神器 (包括此牌一), 抽一张牌.
K	EFFECT_DEMONHUNTER	当此 为在你的手牌中, 你可以支付 ${ICON_INSIGHT8} 以转化它 置入恶魔大师.<br>获得${ICON_POWER2}.
K	EFFECT_DEMONMASTER	获得${ICON_POWER5}. 你可以放逐一张卡牌在你的手牌或弃牌堆.
K	EFFECT_DEMONPUPS	${LABEL_REWARD} 获得${ICON_HONOR1}. 抽一张牌. 然后, 你可以支付 ${ICON_INSIGHT1} 以抽 额外的卡牌.
K	EFFECT_DEMONSLAYER	获得3战力。
K	EFFECT_DEMONSLAYER10TH	获得${ICON_POWER3}.
K	EFFECT_DENDRISTHEGLADEWYRM	获得${ICON_RUNE2}, ${ICON_POWER2}, 和 ${ICON_HONOR2}.
K	EFFECT_DERANGEDASPIRANT	赋力 <i>(当你 获取此, 你可以放逐一张卡牌你 拥有打出过本回合.)</i><br>你可以放逐一张卡牌在你的手牌或弃牌堆.
K	EFFECT_DERANGEDDIRGE	每回合一次，获得${ICON_POWER1}.<br>你可以摧毁此 以放逐一张卡牌在你的手牌或弃牌堆.
K	EFFECT_DESTROYERSGATE	经过一段时间后，此牌会转化成某种很厉害的东西！
K	EFFECT_DEVIANTFIEND	${LABEL_REWARD} 获得${ICON_HONOR3}.
K	EFFECT_DHARTHADREAMMASTER	${LABEL_PHANTASM}当此 为在中央牌列, 你可以支付 ${ICON_INSIGHT9} 以放逐和 打出此.<br>获取一个卡牌在中央牌列无需支付费用和 将它放置在你的手牌中.
K	EFFECT_DHARTHAETERNALSEER	抽四 卡牌.
K	EFFECT_DHARTHAMASTEROFSIGHT	你可以放逐此牌或 卡牌在你的手牌中. 若你如此做，获取秘教士或 重装步兵无需支付费用和 将它放置在你的手牌中.
K	EFFECT_DHARTHAMECHAMONK	每回合一次，当你 打出机械神器 (包括此牌一), 抽一张牌以 每个机械神器你的控制.
K	EFFECT_DHARTHASRETREAT	若你如此做，不获取或 击败卡牌在期间你的回合, 你可以抽两 额外的卡牌在 结束时你的回合.
K	EFFECT_DHARTHASTRIAL	每回合一次，若你 拥有打出过秘教士或 重装步兵, 抽一张牌.<br>支付 ${ICON_RUNE8}: 将此牌转化为达萨, 永恒预言者和 获取它.
K	EFFECT_DHARTHATHEETERNAL	展示传送门牌库顶的卡牌. 获取或 击败该 卡牌无需支付费用.<br>${LABEL_MULTIUNITE} 你可以重复此.
K	EFFECT_DIMENSIONDIVER	获得${ICON_RUNE2}.<br>你可以将所有神器s作为机械神器本回合.
K	EFFECT_DIMENSIONDIVERETER	获得${ICON_RUNE2}.<br>你可以将所有神器s作为机械神器本回合.
K	EFFECT_DIMENSIONMONK	抽一张牌.<br>你可以支付 ${ICON_INSIGHT1} 以 <b>再次发生</b>. <i>(获得效果列出的上方额外的次. 你可以只再次发生一次.)</i>
K	EFFECT_DISCIPLEOFCETRA	当此 为在你的手牌中, 若你 拥有打出过另一命约英雄本回合, 将此牌转化为后裔· 塞特拉.<br>获得${ICON_RUNE1} 和 ${ICON_HONOR1}.
K	EFFECT_DISCIPLEOFEMRI	当此 为在你的手牌中, 若你 拥有打出过另一虚空英雄本回合, 将此牌转化为后裔· 艾姆瑞.<br>获得${ICON_POWER1}.<br>你可以放逐一张卡牌在你的弃牌堆.
K	EFFECT_DISCIPLEOFEULOTH	当此 为在你的手牌中, 若你 拥有打出过另一机械英雄本回合, 将此牌转化为后裔· 尤洛斯.<br>获得${ICON_RUNE1} 和 ${ICON_POWER1}.
K	EFFECT_DISCIPLEOFOZIAH	当此 为在你的手牌中, 若你 拥有打出过另一圣贤英雄本回合, 将此牌转化为后裔· 奥齐亚.<br>击败一个怪物以 费用 ${ICON_POWER3} 或更低无需支付费用.
K	EFFECT_DIVINEASKARA	复制本回合打出的一张英雄的效果。<br>你可以支付 ${ICON_INSIGHT3} 以复制所选效果两次改为.<br>此效果不能是 被复制.
K	EFFECT_DOGSOFWAR	获得${ICON_POWER1}.<br>你可以放逐一张卡牌在你的手牌或弃牌堆. 若你如此做，获得额外的 ${ICON_POWER1}.
K	EFFECT_DOOMWEEPER	${LABEL_REWARD} 获得${ICON_HONOR2}. 获得${ICON_RUNE2}.
K	EFFECT_DREADCONJURER	抽一张牌.
K	EFFECT_DREADMAGE	${LABEL_REWARD} 获得${ICON_HONOR2} 和抽两张牌.<br>${LABEL_DREAMBIND} ${ICON_INSIGHT4}. (<i>当你 击败此, 你可以支付其 梦缚费用. 若你如此做，放置此 在你的弃牌堆. 当你 打出此, 获得其奖励.</i>)
K	EFFECT_DREADMARE	${LABEL_REWARD} 获得${ICON_HONOR4} 和 ${ICON_INSIGHT3}.
K	EFFECT_DREAMANCHOR	${LABEL_PLUNDER}每回合一次，若你 获取卡牌和 击败一个怪物, 两者在中央牌列, 获得${ICON_INSIGHT2}.
K	EFFECT_DREAMCHAMBERDISCIPLES	抽一张牌.<br>${LABEL_SERENITY} 获得${ICON_INSIGHT2}. (<i>获得此效果若 那里为 没有卡牌在你的弃牌堆.</i>)
K	EFFECT_DREAMDEALER	抽一张牌, 然后放逐一张卡牌在中央牌列. 然后, 若存在圣贤, 生命, 机械, 和虚空卡牌在中央牌列, 掷谵妄骰.
K	EFFECT_DREAMEATER	${LABEL_REWARD} 获得${ICON_HONOR2} 和 ${ICON_INSIGHT1}.
K	EFFECT_DREAMERSGLASS	每回合一次，你可以放置卡牌在你的手牌中其下此 面朝上. 若你如此做，抽一张牌.
K	EFFECT_DREAMGUIDE	获得${ICON_RUNE2} 和 ${ICON_INSIGHT1}.
K	EFFECT_DREAMKILLER	获得${ICON_POWER2} 和 ${ICON_INSIGHT1}.
K	EFFECT_DREAMLAB	你可以支付 ${ICON_RUNE1} 更低以 获取神器s在中央牌列.
K	EFFECT_DREAMMACHINE	每回合一次，你可以返回另一机械神器你控制的以 你的手牌.
K	EFFECT_DREAMSCAPEDIVINER	获得${ICON_INSIGHT2}.
K	EFFECT_DREAMSCAPEDRYAD	获得${ICON_HONOR3}.<br>你可以支付 ${ICON_INSIGHT3} 以 <b>再次发生</b>. <i>(获得效果列出的上方额外的次. 你可以只再次发生一次.)</i>
K	EFFECT_DREAMSCARREDHUNTER	抽一张牌.<br>${LABEL_PLUNDER}此回合, 若你 获取卡牌和 击败一个怪物, 两者在中央牌列, 获得${ICON_HONOR3}.
K	EFFECT_DREAMSEEKER	获得${ICON_INSIGHT1} 和抽一张牌.
K	EFFECT_DREAMSEEKERSTART	获得${ICON_INSIGHT1} 和抽一张牌.
K	EFFECT_DREAMSHAPERJESSE	获取顶部卡牌的 梦牌库无需支付费用.
K	EFFECT_DREAMSTONE	你可以放逐此牌以 掷谵妄骰.
K	EFFECT_DREAMTITAN	${LABEL_REWARD} 获得${ICON_HONOR6}.
K	EFFECT_DREAMTYRANT	${LABEL_REWARD} 获得${ICON_HONOR5} 和 ${ICON_INSIGHT5}.
K	EFFECT_DREAMWALKER	放逐一张卡牌在中央牌列.<br>若它 为被替换被 怪物, 获得${ICON_INSIGHT2}.<br>若它 为被替换被 英雄, 获得${ICON_HONOR2}.<br>若它 为被替换被 神器, 抽 2 卡牌.
K	EFFECT_DREAMWILLOW	每回合一次，获得${ICON_RUNE1}.<br>每回合你首次打出命约英雄时, 获得${ICON_INSIGHT1}.
K	EFFECT_DREAMWILLOWDRUIDS	选择一项： 获取一个英雄以 费用 ${ICON_RUNE5} 或更低无需支付费用; 或将一张卡牌加入你的梦境.
K	EFFECT_DRILLERMARKIV	每回合一次，当你 打出机械神器 (包括此牌一), 获得灵魂宝石.
K	EFFECT_DRUIDSOFTHESTONECIRCLE	无需支付费用获取一个费用不高于3符文的英雄。将其放到你的牌库顶。
K	EFFECT_DRUIDSOFTHESTONECIRCLE10TH	获取一个英雄费用为${ICON_RUNE4} 或更低无需支付费用无需支付费用. 将它放到你的牌库顶.
K	EFFECT_DRUIDSWREATH	若你打出过两 或更高命约英雄本回合, 将此牌转化为翠绿冠冕.
K	EFFECT_DUSTTODUST	摧毁所有神器s你的对手控制.
K	EFFECT_EARTHMENDERPURA	获得${ICON_RUNE3}.<br>你可以放置怪物从你的手牌或 弃牌堆置入对手之弃牌堆.
K	EFFECT_EARTHTYRANT	奖励：获得5荣誉。抽两张牌。
K	EFFECT_EARTHTYRANT10TH	${LABEL_REWARD} 获得${ICON_HONOR5}. 抽两张牌.
K	EFFECT_EARTHTYRANTETER	${LABEL_REWARD} 获得${ICON_HONOR5}.<br>抽两张牌.
K	EFFECT_EEKTRIBEGREMLIN	${LABEL_REWARD} 获得${ICON_HONOR5}. 放置怪物从 虚空区置入玩家之弃牌堆.<br>${LABEL_INFEST} 当你 击败伊克部落小妖, 你可以将它放置置入玩家之弃牌堆.<br><i>(怪物拥有没有效果当 打出过从 手牌.)</i>
K	EFFECT_ELANSOULMARSHAL	获得灵魂宝石.<br>抽一张牌.
K	EFFECT_ELDERSKEPTIC	抽两张牌, 然后弃掉卡牌.
K	EFFECT_ELDERSKEPTICETER	抽两张牌, 然后弃掉卡牌.
K	EFFECT_ELEMENTALADEPT	抽一张牌. 若当前事件为 圣贤, 抽额外的卡牌.<br>你可以放逐一张卡牌在中央牌列.
K	EFFECT_ELEMENTALPROJECTOR	每回合一次，若你控制的两 或更高机械神器, 获得${ICON_POWER2}.
K	EFFECT_EMBERWINGMOTH	${LABEL_REWARD} 获得${ICON_HONOR5}.
K	EFFECT_EMISSARYOFDAWN	获取一个英雄无需支付费用. 获得${ICON_HONOR} 相等以 其 ${ICON_HONOR} 值.
K	EFFECT_EMMAIRONHEART	获得${ICON_RUNE3}. 若你控制的两 或更高神器s, 获得${ICON_POWER3}.<br>你可以支付 ${ICON_INSIGHT3} 以 <b>再次发生</b>.
K	EFFECT_EMMASMECHANNON	每回合一次，获得${ICON_POWER1} 以每个已转化机械神器你控制的.
K	EFFECT_EMMASTELETRANSMITTER	每回合一次，获得${ICON_HONOR1} 以每个已转化机械神器你 控制.
K	EFFECT_EMMASVOIDCYCLER	每回合一次，获得${ICON_RUNE1} 以每个已转化机械神器你控制的.
K	EFFECT_EMMASWORKSHOP	每回合一次，你可以转化机械神器无需支付费用.
K	EFFECT_EMRIBORNOFBATTLE	获得${ICON_POWER4}.<br>每回合一次，当你 击败一个怪物在中央牌列, 拿取${ICON_HONOR2} 从每个其他玩家.
K	EFFECT_EMRIDEMONSBANE	获得${ICON_POWER5}.<br>此回合, 你可以击败怪物在 虚空区视为在中央牌列. 放置怪物被击败以此方式置于其底： 传送门牌库.
K	EFFECT_EMRILIGHTBRINGER	击败一个怪物在中央牌列或 虚空区无需支付费用. 放置该 怪物置于其底： 传送门牌库.
K	EFFECT_EMRIONEWITHTHEVOID	获得4战力。
K	EFFECT_EMRIONEWITHTHEVOID10TH	获得${ICON_POWER4}.
K	EFFECT_EMRISHADOWSLAYER	获得${ICON_POWER5}.<br>你可以花费 ${ICON_POWER} 视为 ${ICON_INSIGHT} 本回合.
K	EFFECT_EMRISOULSLAYER	获得${ICON_POWER4}. 你可以放逐至多两 卡牌从你的手牌或 弃牌堆. 获得额外的 ${ICON_POWER1} 以每个卡牌被放逐从你的手牌以此方式.
K	EFFECT_EMRISOULSTEALER	获得${ICON_POWER5}. 若那里为 10 或更高怪物在 虚空区, 获得${ICON_POWER10} 改为.
K	EFFECT_EMRISSTING	每回合一次，获得${ICON_POWER2}.<br>当此牌进入战场时, 你可以放逐一张卡牌在你的手牌或弃牌堆.
K	EFFECT_EMRISTRIAL	怪物在中央牌列费用 ${ICON_POWER1} 更低以 击败 (以最少的 ${ICON_POWER1}).<br>支付 ${ICON_RUNE8}: 将此牌转化为战生艾姆瑞和 获取它.
K	EFFECT_EMRITHEUNMAKER	当此 为在你的手牌中, 若那里为 8 或更高怪物在 虚空区, 将此牌转化为恶魔克星艾姆瑞.<br>获得${ICON_POWER4}.
K	EFFECT_ENDBRINGERJORA	获得${ICON_POWER3}.<br>每当你 击败一个怪物在中央牌列本回合, 获得${ICON_RUNE2}.
K	EFFECT_ENDEROFDAYS	${LABEL_REWARD} 获得${ICON_HONOR10}. Remove所有 ${ICON_HONOR} 从 ${ICON_HONOR} Pool.
K	EFFECT_ENERGYMONK	获得${ICON_POWER2}.<br>你可以返回神器你控制的以 你的手牌.
K	EFFECT_ENERGYSHARD	获得${ICON_ENERGY1}. 抽一张牌.
K	EFFECT_ENERGYSHARDSTART	获得${ICON_ENERGY1}. 抽一张牌.
K	EFFECT_ENGULFINGKRAKEN	${LABEL_REWARD} 获得${ICON_HONOR6}. 拿取一张卡牌随机从 每位对手之梦境, 和将它们加入你的梦境.
K	EFFECT_ENLIGHTENEDREMNANT	${LABEL_REWARD} 获得${ICON_HONOR5}.<br>若你打出过或 已获取圣贤卡牌本回合, 抽两张牌.
K	EFFECT_ENTROPHANTASM	获得${ICON_RUNE1} 和 ${ICON_INSIGHT1}.<br>${LABEL_UNITE} 抽一张牌. (<i>获得此效果若 你打出或 拥有打出过另一命约英雄本回合.</i>)
K	EFFECT_EPHEMERALDRUID	获得${ICON_HONOR5}, 然后放逐此牌.
K	EFFECT_EPHEMERALINVENTOR	获得${ICON_RUNE3}, 然后放逐此牌.
K	EFFECT_EPHEMERALMONK	抽 2 卡牌, 然后放逐此牌.
K	EFFECT_EPHEMERALRITUALIST	获得${ICON_POWER4}, 然后放逐此牌.
K	EFFECT_ERABUSSONOFNYX	击败一个怪物在 虚空区无需支付费用和 将它放置置于其底： 传送门牌库.
K	EFFECT_ERABUSTHEEXILED	若你打出过黑暗能量碎片本回合, 你支付 ${ICON_POWER2} 更低以 击败此.<br>${LABEL_REWARD} 将此牌转化为埃拉布斯, 之子的 尼克斯和 将它放置置入你的手牌.
K	EFFECT_ETERNALASKARA	放逐一张卡牌在中央牌列. 若你 放逐怪物以此方式, 获得${ICON_HONOR3}.
K	EFFECT_ETERNALTORMENTOR	击败一个随机怪物在 虚空区无需支付费用s和将它放置置于其底： 传送门牌库.
K	EFFECT_ETHEREALHUNTRESS	获得${ICON_POWER3}.<br>你可以放置怪物从虚空区在 顶部的 传送门牌库.
K	EFFECT_EVERBLOOM	每回合一次，获得${ICON_HONOR1}.
K	EFFECT_EVERBLOOMCLIQUE	获得${ICON_HONOR2}.<br>${LABEL_MULTIUNITE} 获得${ICON_HONOR1}. <i>(获得此效果以 每个其他命约英雄你 打出或 拥有打出过本回合.)
K	EFFECT_EVERBLOOMETER	每回合一次，获得${ICON_HONOR1}.
K	EFFECT_EVERBLOOMWITCH	获得${ICON_HONOR3}.<br>${LABEL_UNITE} 获得${ICON_HONOR3}.<br><i>(获得此效果一次若 你打出或 拥有打出过另一命约英雄本回合.)</i>
K	EFFECT_EVVYOGOSGIFT	获取一个英雄无需支付费用和 将它放置放到你的牌库顶.<br>你可以支付 ${ICON_INSIGHT3} 以 <b>再次发生</b>. <i>(获得效果列出的上方额外的次. 你可以只再次发生一次.)</i>
K	EFFECT_EXCAVATIONSENTRY	获得${ICON_POWER2}.<br>放置你牌库顶的卡牌置入你的弃牌堆, 然后你可以放逐一张卡牌在你的手牌或弃牌堆.
K	EFFECT_EXCAVATORPILOT	获得${ICON_RUNE2}.<br>若你控制的两 或更高神器s, 获得${ICON_LIFE}.
K	EFFECT_EXHAUSTLURKER	${LABEL_REWARD} 获得${ICON_HONOR5}. 每位对手摧毁神器其控制的以 每个神器你控制的.
K	EFFECT_EXPLOSIVESWARM	当相邻non-怪物space会是 被替换, 将它替换以 复制的 此怪物改为.<br>${LABEL_REWARD} 获得${ICON_HONOR4}.
K	EFFECT_EYEOFDESTINY	每回合一次，当你 获取一个英雄, 你可以将它放置置入你的手牌.
K	EFFECT_EYEOFPOTENTIAL	每回合一次，你可以放逐一张卡牌在你的手牌中. 若你如此做，获取秘教士或 重装步兵无需支付费用和 将它放置在你的手牌中.
K	EFFECT_FAERIECOMMANDER	获得${ICON_RUNE2}. 下次你获取一个英雄在中央牌列本回合, 获得${ICON_POWER2}.
K	EFFECT_FAITHFULGUIDE	抽一张牌. 若你 打出或 拥有打出过秘教士或 重装步兵本回合, 获得${ICON_HONOR2}.
K	EFFECT_FALLENFAE	获得${ICON_POWER2}.<br>${LABEL_UNITE} 获得${ICON_HONOR1}.
K	EFFECT_FANATICSOS	${LABEL_REWARD} 获得${ICON_HONOR1}.
K	EFFECT_FATALITYBLADES	每回合一次，获得${ICON_POWER1}.<br>每回合一次，当你 击败一个怪物在中央牌列, 获得${ICON_INSIGHT1}.
K	EFFECT_FEARWIELDER	获得${ICON_POWER3}.<br>下次你击败一个怪物在中央牌列本回合, 将一张卡牌加入你的梦境.
K	EFFECT_FENMAW	${LABEL_REWARD} 获得${ICON_HONOR3}. 获得${ICON_INSIGHT2}.
K	EFFECT_FETTEREDSOUL	${LABEL_REWARD} 获得${ICON_HONOR2}. 你可以放逐一张卡牌在中央牌列.
K	EFFECT_FIRESTORMEFFIGY	${LABEL_REWARD} 获得${ICON_HONOR3}. 你可以放逐一张卡牌在你的手牌或弃牌堆.
K	EFFECT_FIRETYRANT	${LABEL_REWARD} 获得${ICON_HONOR6}. 每位对手须弃掉卡牌.
K	EFFECT_FISTOFTHEDRAGON	抽一张牌. 放逐一张卡牌在中央牌列. 若下一卡牌以 进入中央牌列为 怪物, 击败它 无需支付费用.
K	EFFECT_FISTOFTHEDRAGONETER	抽一张牌. 放逐一张卡牌在中央牌列. 若下一卡牌以 进入中央牌列为 怪物, 击败它 无需支付费用.
K	EFFECT_FLANKINGASKARA	抽一张牌.<br>复制效果的 下一英雄你 打出本回合以 费用 ${ICON_RUNE3} 或更低.
K	EFFECT_FLARETRACKER	获得${ICON_RUNE2}.<br>若你 打出或 拥有打出过神射追踪者本回合, 抽一张牌.
K	EFFECT_FLEETINGHOPEDJINN	${LABEL_REWARD} 获得${ICON_HONOR5}. 加入两卡牌以 你的梦境.
K	EFFECT_FLOURISHINGDRUIDESS	赋力 <i>(当你 获取此, 你可以放逐一张卡牌你 拥有打出过本回合.)</i><br>获得${ICON_RUNE2}. 若你 拥有更多 ${ICON_HONOR} 于每个其他玩家, 获得额外的 ${ICON_RUNE1}.
K	EFFECT_FLYTRAPFAIRY	获得${ICON_RUNE1}, ${ICON_HONOR1}, 和 ${ICON_INSIGHT1}.
K	EFFECT_FLYTRAPSTAFF	每回合一次，若你 拥有打出过两 或更高生命卡牌 (包括此牌一), 获得${ICON_HONOR2}.
K	EFFECT_FLYTRAPWITCH	获得2荣誉。抽一张牌。
K	EFFECT_FLYTRAPWITCH10TH	获得${ICON_HONOR2}.<br>抽一张牌.
K	EFFECT_FORESTEMISSARY	抽一张牌.<br>联合-使者: 获得${ICON_HONOR2}. (获得此效果一次若 你打出或 拥有打出过另一使者本回合.)
K	EFFECT_FORGEMASTERSSUIT	每回合一次，当你 打出机械神器 (包括此牌一) 或若 你控制的神殿, 获得${ICON_HONOR1}.
K	EFFECT_FORGEMOTHERREYSA	选择一项： 抽一张牌OR获取任意数量的 神器s在中央牌列无需支付其 费用.
K	EFFECT_FORGOTTENSCRIPTURE	若你打出过两 或更高圣贤英雄本回合, 将此牌转化为真言的 真正视界.
K	EFFECT_FORRESTBEASTWARDEN	获得${ICON_RUNE2}.<br>一次本回合, 你可以获取一个英雄在 虚空区视为在中央牌列.
K	EFFECT_FOUNDATIONBURROWER	${LABEL_REWARD} 获得${ICON_HONOR1}. 你可以放逐一张卡牌在中央牌列.
K	EFFECT_FOUNDRYHOUND	每回合一次，若你 打出机械神器 (包括此牌一) 或若 它为 昼, 获得${ICON_RUNE2}.
K	EFFECT_GARDENATTENDANT	获得${ICON_INSIGHT1}.<br>抽一张牌.
K	EFFECT_GEARSEER	${LABEL_PHANTASM}当此 为在中央牌列, 你可以支付 ${ICON_INSIGHT6} 以放逐和 打出此.<br>获得${ICON_RUNE3}.
K	EFFECT_GEMCATCHERSPIRIT	抽一张牌.
K	EFFECT_GEMEATERLEPRECHAUN	获得${ICON_RUNE2} 和 ${ICON_ENERGY2}.
K	EFFECT_GENESISCAPSULE	每回合一次，当你 获取命约英雄或 机械神器, 你可以将它放置放到你的牌库顶.
K	EFFECT_GIANTRAT	置于其下的任何卡牌巨人Rat不能被获取、放逐或击败直到巨鼠被放逐或击败.<br>${LABEL_REWARD} 获得${ICON_HONOR1}.
K	EFFECT_GLOVERDREAMTITAN	${LABEL_REWARD} 获得${ICON_HONOR7}.<br>选择一名玩家和 拿取所有的 其 ${ICON_INSIGHT} 和随机卡牌从其手牌.<br>加入该卡牌以 你的手牌.
K	EFFECT_GNOMEREPAIRBOT	每回合一次，你可以放置机械神器从 你的弃牌堆放到你的牌库顶.
K	EFFECT_GRANDARBITERTODD	赋力 <i>(当你 获取此, 你可以放逐一张卡牌你 拥有打出过本回合.)</i><br>抽两张牌.<br>放逐一张卡牌在你的手牌中. 若你 被放逐怪物以此方式, 抽额外的卡牌.
K	EFFECT_GRANGER	获得${ICON_RUNE1} 和 ${ICON_HONOR1}.<br>${LABEL_UNITE} 获得${ICON_RUNE1} 和 ${ICON_HONOR1}. <i>(获得此效果一次若 你打出或 拥有打出过另一命约英雄本回合.)</i>
K	EFFECT_GRAVEGOLEM	${LABEL_REWARD} 获得${ICON_HONOR4}. 每位对手展示顶部卡牌的 其牌库和 放置它 置入其弃牌堆. 选择一个英雄已展示以此方式和 复制其效果.
K	EFFECT_GREASEMONK	获得${ICON_RUNE1}.<br>你可以支付 ${ICON_RUNE1} 更低下次你获取神器本回合.
K	EFFECT_GREATOMENRAVEN	命名卡牌. 展示你牌库顶的卡牌和 将它放置置入你的手牌. 若它 为被命名为卡牌, 获得${ICON_HONOR3}.
K	EFFECT_GREENSPRITELINGS	${LABEL_PHANTASM}当此 为在中央牌列, 你可以支付 ${ICON_INSIGHT4} 以放逐和 打出此.<br>获得${ICON_HONOR3}.
K	EFFECT_GROWMITES	${LABEL_REWARD} 获得${ICON_HONOR2}.
K	EFFECT_GUARDIANOFSADRANIS	获得${ICON_POWER1}.<br>下次你击败一个怪物在中央牌列或 虚空区本回合, 获得${ICON_HONOR2}.
K	EFFECT_GUIDEOFLOSTSOULS	你可以放逐一张卡牌在你的手牌或弃牌堆. 若你如此做，将它替换以 秘教士或 重装步兵.
K	EFFECT_HAUNTINGSPECTER	${LABEL_REWARD} 获得${ICON_HONOR4}. 你可以放逐至多两 卡牌在你的手牌中和/或弃牌堆.
K	EFFECT_HEARTHGLOWCLIQUE	赋力 <i>(当你 获取此, 你可以放逐一张卡牌你 拥有打出过本回合.)</i><br>获得${ICON_RUNE2} 和 ${ICON_HONOR2}.<br>${LABEL_UNITE} 抽一张牌.
K	EFFECT_HEAVYINFANTRY	获得2战力。
K	EFFECT_HEAVYINFANTRY10TH	获得${ICON_POWER2}.
K	EFFECT_HEAVYINFANTRYROV	获得${ICON_POWER2}.
K	EFFECT_HEAVYINFANTRYRU	获得${ICON_POWER2}.
K	EFFECT_HEAVYINFANTRYSOS	获得${ICON_POWER2}.
K	EFFECT_HECTICSCRIBE	抽两张牌, 然后弃掉两 卡牌.
K	EFFECT_HEDRONBERSERKER	获得${ICON_RUNE3} 或 ${ICON_POWER3}. 若你控制的三 或更高神器s, 获得两者改为.
K	EFFECT_HEDRONCANNON	每回合一次，你每控制一个机械神器，获得1战力。
K	EFFECT_HEDRONCANNON10TH	每回合一次，获得${ICON_POWER1} 以每个机械神器你控制的.
K	EFFECT_HEDRONDREDGER	每回合一次，若你控制的三 或更高机械神器, 你可以充能神器你控制的.
K	EFFECT_HEDRONFLARE	每回合一次，你可以获取机械英雄在中央牌列无需支付费用.
K	EFFECT_HEDRONLINKDEVICE	你可以将所有神器视为机械神器。
K	EFFECT_HEDRONLINKDEVICE10TH	你可以将所有神器s作为机械神器.
K	EFFECT_HEDRONPYROMANIAC	获得${ICON_RUNE2}.<br>你可以摧毁一个神器你控制的以 获得灵魂宝石.
K	EFFECT_HEDRONRISING	万民神器s为也 机械神器.<br>${LABEL_EVENT_TROPHY} 当神器你控制的会 是摧毁ed, 你可以防止它 从被 摧毁ed.
K	EFFECT_HEDRONWATCHTOWER	每回合一次，当你 获取机械卡牌, 获得${ICON_HONOR} 相等以 该卡牌之 ${ICON_HONOR} 值.
K	EFFECT_HELLFROSTIMPS	${LABEL_REWARD} 获得${ICON_HONOR2}. 你可以击败一个怪物在中央牌列被命名为狱霜小恶魔无需支付费用.
K	EFFECT_HELLSTRINGBLADES	${LABEL_REWARD} 获得${ICON_HONOR5}. 选择和 摧毁至多两 神器s在打出.
K	EFFECT_HERALDOFDOOM	${LABEL_REWARD} 获得${ICON_HONOR6}. 获取或 击败卡牌在中央牌列无需支付费用.
K	EFFECT_HOARDINGTYRANT	${LABEL_REWARD} 获得${ICON_HONOR4}.
K	EFFECT_HOARDINGWHELP	${LABEL_REWARD} 获得${ICON_HONOR2}.
K	EFFECT_HONEYSIREN	获得${ICON_RUNE2}. 下次你获取一个英雄本回合, 你可以将它放置放到你的牌库顶.
K	EFFECT_HONISKROTCHIEFTAIN	获得${ICON_RUNE3}.
K	EFFECT_HONISKROTTRIBESMAN	获得${ICON_RUNE1}.
K	EFFECT_HULKINGCRAB	${LABEL_REWARD} 获得${ICON_HONOR4}. 每位对手摧毁half的其 神器s进位至多.
K	EFFECT_HURRASSEASFURY	${LABEL_REWARD} 获得${ICON_HONOR4}. 获得${ICON_LIFE} 和 ${ICON_DEATH}.
K	EFFECT_HURRICANEWARLOCK	${LABEL_REWARD} 获得${ICON_HONOR2}. 抽一张牌.
K	EFFECT_ID34DETECTOR	每回合一次，当你 打出机械神器 (包括此牌一), 获得${ICON_INSIGHT1}.
K	EFFECT_IKUSMINIONS	此费用为 ${ICON_POWER2} 更低以 击败若 你控制的神殿.<br>${LABEL_REWARD} 获得${ICON_HONOR4}. 你可以放逐一张卡牌在你的手牌或弃牌堆.
K	EFFECT_IKUVALLEYTYRANT	此费用为 ${ICON_POWER2} 更低以 击败以 每个神殿你控制的.<br>${LABEL_REWARD} 获得${ICON_HONOR8}.
K	EFFECT_ILLIYATHEDEMONBORN	获得${ICON_POWER4}.
K	EFFECT_IMAGINATIVEMATRON	抽一张牌, 然后弃掉卡牌.<br>${LABEL_UNITE} Return卡牌从 你的弃牌堆以 你的手牌.
K	EFFECT_INFERNATEMPLAR	抽一张牌.<br>若你控制的两 或更高神器s, 抽额外的卡牌.
K	EFFECT_INITIATESGAUNTLETS	若你打出过两 或更高虚空英雄本回合, 将此牌转化为黑暗之握.
K	EFFECT_INNOVATIVEASPIRANT	赋力 <i>(当你 获取此, 你可以放逐一张卡牌你 拥有打出过本回合.)</i><br>获得${ICON_RUNE1} 和 ${ICON_POWER1}.
K	EFFECT_INQUARRYHYDRA	每回合一次，获得${ICON_INSIGHT1} 以每个机械神器你控制的 (包括此牌一).
K	EFFECT_INSPIREDTEMPLAR	击败一个怪物以 费用 ${ICON_POWER4} 或更低无需支付费用.
K	EFFECT_INVOKIST	${LABEL_PHANTASM}当此 为在中央牌列, 你可以支付 ${ICON_INSIGHT4} 以放逐和 打出此.<br>获得${ICON_POWER3}.
K	EFFECT_IRONELEMENTAL	获得${ICON_RUNE2}.<br>若此 为被放逐从 任意处在期间你的回合, 获得${ICON_RUNE2}.
K	EFFECT_IRONHEARTBLUEPRINT	你可以支付 ${ICON_INSIGHT15} 以将此牌转化为铁之心.<br>每回合一次，获得${ICON_INSIGHT1} 以每个机械神器你 控制.
K	EFFECT_IRONHEARTENGINE	每回合一次，当你 打出机械神器 (包括此牌一), 获得${ICON_RUNE3}.
K	EFFECT_ISHATHEPURSUER	获得${ICON_POWER3}.<br>下次你击败一个怪物本回合, 获得${ICON_RUNE} 相等以 被击败怪物之 ${ICON_POWER} 费用.
K	EFFECT_ISLASERENEPRODIGY	获取一个英雄或 神器在中央牌列无需支付费用.<br>Shuffle伊斯拉, 宁静神童和 你的弃牌堆置入你的牌库.
K	EFFECT_JAKEBCOBRAKING	获得${ICON_HONOR6}.<br>当你 获得${ICON_HONOR} 从另一卡牌本回合, 获得两次该 等量的 ${ICON_HONOR} 改为.
K	EFFECT_JAKEBCOBRASHAMAN	获得${ICON_HONOR3}.
K	EFFECT_JOURNEYMANOUTRIDER	获取一个英雄或 神器以 费用 ${ICON_RUNE5} 或更低无需支付费用.
K	EFFECT_JOURNEYMANSAGE	放逐一个英雄在你的手牌中. 若你如此做，获取一个英雄以 ${ICON_HONOR} 值至多一 超过该 的被放逐卡牌和 将它放置在你的手牌中.
K	EFFECT_JUBILANTMONK	展示你牌库顶的卡牌和 将它放置置入你的手牌. 重复此效果直到你 展示卡牌其他于 秘教士, 重装步兵, 或圣贤卡牌.
K	EFFECT_KANZIRTHERAVAGER	${LABEL_REWARD} 获得${ICON_HONOR5}. 每位对手loses控制的 所有Temples和摧毁所有神器s其控制的.
K	EFFECT_KARION	${LABEL_REWARD} 获得${ICON_HONOR5} 和 ${ICON_INSIGHT10}.
K	EFFECT_KEENEYEDASPIRANT	赋力 <i>(当你 获取此, 你可以放逐一张卡牌你 拥有打出过本回合.)</i><br>获得${ICON_RUNE1} 和 ${ICON_HONOR1}.
K	EFFECT_KEEPEROFSECRETS	放逐一张卡牌在你的手牌中和 将它替换以 秘教士或 重装步兵.<br>若你 打出或 拥有打出过秘教士和 重装步兵本回合, 获得${ICON_DEATH}.
K	EFFECT_KIRIMEADOWWITCH	抽一张牌.<br>${LABEL_UNITE} 获得${ICON_HONOR5}.
K	EFFECT_KIRIMEADOWWITCHETER	抽一张牌.<br>${LABEL_UNITE} 若你 打出或 拥有打出过命约英雄本回合, 获得${ICON_HONOR5}.
K	EFFECT_KORMASTERINNOVATOR	获得${ICON_POWER4}.<br>若你控制的两 或更高神器s, 抽两张牌.
K	EFFECT_KORPSEMAKER	每回合一次，当你 打出机械神器 (包括此牌一), 获得${ICON_POWER2}.
K	EFFECT_KORTHEFERROMANCER	获得${ICON_POWER2}.<br>抽一张牌若 你控制的 2 或更高神器s.
K	EFFECT_KORTHEFERROMANCER10TH	获得${ICON_POWER2}.<br>若你控制的 2 或更高神器s,<br>抽一张牌.
K	EFFECT_KORTHEIRONMIND	获得${ICON_RUNE2} 和 ${ICON_POWER2}.<br>若你控制的两 或更高神器s, 抽一张牌.
K	EFFECT_KORWORLDBREAKER	获得${ICON_RUNE2} 和抽一张牌.<br>若你 打出或 拥有打出过在least两其他命约英雄本回合, 获得${ICON_POWER6}.
K	EFFECT_KYL3REPAIRBOT	每回合一次，当你 打出机械神器 (包括此牌一) 或若 你控制的神殿, 抽一张牌.
K	EFFECT_KYTHISREBELGODLING	${LABEL_REWARD} 获得${ICON_HONOR8}.
K	EFFECT_KYTHISREBELGODLINGV2	${LABEL_REWARD} 获得${ICON_HONOR8}.
K	EFFECT_KYTHISTHEGATEKEEPER	${LABEL_REWARD} 获得${ICON_HONOR5} 和获取或 击败卡牌其下此 无需支付费用.
K	EFFECT_LAGOONTROLL	${LABEL_REWARD} 获得${ICON_HONOR2}. 抽一张牌.
K	EFFECT_LAGOONTROLLETER	${LABEL_REWARD} 获得${ICON_HONOR2}. 抽一张牌.
K	EFFECT_LANDISPOTIONS&PIES	每回合一次，获得${ICON_HONOR1}.<br><br>${LABEL_UNITE} 获得${ICON_RUNE1}.
K	EFFECT_LANDTALKER	获得3符文。
K	EFFECT_LANDTALKER10TH	获得${ICON_RUNE3}.
K	EFFECT_LEGENDARYBOONENLIGHTENED	获取或 击败任意圣贤卡牌从 中央牌列无需支付费用.
K	EFFECT_LEGENDARYBOONLIFEBOUND	获取或 击败任意生命卡牌从 中央牌列无需支付费用.
K	EFFECT_LEGENDARYBOONMECHANA	获取或 击败任意机械卡牌从 中央牌列无需支付费用.
K	EFFECT_LEGENDARYBOONVOID	获取或 击败任意虚空卡牌从 中央牌列无需支付费用.
K	EFFECT_LEGENDCETRA	一次本回合, 你可以放置英雄从 你的弃牌堆放到你的牌库顶.
K	EFFECT_LEGENDEMRI	一次本回合, 获得${ICON_POWER2}.
K	EFFECT_LEGENDKOR	一次本回合, 获得${ICON_RUNE2}.
K	EFFECT_LEGENDMASTERDHARTHA	一次本回合, 抽一张牌.
K	EFFECT_LEGENDNAIRA	一次本回合, 获得${ICON_HONOR2}.
K	EFFECT_LEGENDNAKA	一次本回合, 你可以放逐一张卡牌你 打出过本回合.
K	EFFECT_LEGENDPRIME	一次本回合, 你可以返回神器从 你的弃牌堆以 你的手牌.
K	EFFECT_LEGENDULU	一次本回合, 获得${ICON_RENOWN1} 在另一派系.
K	EFFECT_LEGIONOFAKLYS	若所有卡牌在中央牌列为 ${ICON_NIGHT} 卡牌, 你可以击败此 无需支付费用.<br>${LABEL_REWARD} 获得${ICON_HONOR5}.
K	EFFECT_LEOTANSFAMILIAR	获得${ICON_RUNE1}.
K	EFFECT_LEPRECHAUN	获得${ICON_RUNE2}. 获取一个罐的 金从彩虹尽头或 从另一名玩家的控制.
K	EFFECT_LIBRARYFAMILIAR	每回合一次，当你 打出圣贤神器或 机械神器 (包括此牌一), 抽一张牌.
K	EFFECT_LIEUTENANTDUROS	${LABEL_REWARD} 获得${ICON_HONOR4}.
K	EFFECT_LIFEBOUNDINITIATE	获得1符文和1荣誉。
K	EFFECT_LIFEBOUNDINITIATE10TH	获得${ICON_RUNE1} 和 ${ICON_HONOR1}.
K	EFFECT_LIFEBOUNDMUSE	获取一个英雄以 费用 ${ICON_RUNE4} 或更低无需支付费用.
K	EFFECT_LIFEBOUNDREMNANT	${LABEL_REWARD} 获得${ICON_HONOR3}.<br>若你打出过或 已获取生命卡牌本回合, 获得额外的 ${ICON_HONOR2}.
K	EFFECT_LIGHTOFFALSEHOPE	${LABEL_REWARD} 获得${ICON_HONOR4}.
K	EFFECT_LIONHEART	获得${ICON_HONOR3}.<br>${LABEL_UNITE} 抽一张牌. <i>(获得此效果一次若 你打出或 拥有打出过另一命约英雄本回合.)</i>
K	EFFECT_LOADREAMDRAGON	掷谵妄骰。
K	EFFECT_LOAMSPEAKERDRUID	获得${ICON_RUNE3}.
K	EFFECT_LOAMSUMMONER	将一张卡牌加入你的梦境.<br>你可以放逐一张卡牌在你的手牌或弃牌堆.
K	EFFECT_LOASLEEPINGDRAGON	获得${ICON_INSIGHT3}.<br>抽一张牌.
K	EFFECT_LOTUSSIREN	获得${ICON_RUNE2}.<br>每当你 获取一个英雄或 宝藏卡牌从中央牌列本回合, 获得${ICON_HONOR1}. (获得${ICON_HONOR} 以每个卡牌已获取.)
K	EFFECT_LUNAREMBRACE	此回合你可以花费 ${ICON_RUNE} 视为 ${ICON_POWER}.
K	EFFECT_LUNARGUARDIAN	获得${ICON_RUNE2}.
K	EFFECT_LUNARMATRIARCH	获得${ICON_HONOR5}.<br>一次本回合, 你可以支付至多 ${ICON_RUNE5} 以获得该等量的 ${ICON_HONOR}.
K	EFFECT_LUNARPACK	获得${ICON_RUNE2}.<br>${LABEL_UNITE} 获得${ICON_INSIGHT2}.
K	EFFECT_LUNARSTAG	获得${ICON_RUNE2} 或 ${ICON_HONOR2}.
K	EFFECT_LUROTHEHUNTER	获得${ICON_RUNE3}.
K	EFFECT_LYCANFANG	获得${ICON_RUNE2}.
K	EFFECT_LYCHANBEAST	获得${ICON_RUNE3} 和 ${ICON_POWER3}.
K	EFFECT_LYCHANRANGER	当此 为在你的手牌中, 你可以支付 ${ICON_INSIGHT6} 以转化它 置入狼化野兽.<br>获得${ICON_RUNE2} 和 ${ICON_POWER2}.
K	EFFECT_MADNESSEMBRACE	每回合一次，若你 拥有被击败怪物在中央牌列, 你可以放逐一张卡牌在你的手牌或弃牌堆.
K	EFFECT_MAGNETMONK	获得${ICON_POWER2}.<br>获得${ICON_ENERGY1} 以每个派系在你控制的神器之中.
K	EFFECT_MAMMOTHBEETLE	${LABEL_REWARD} 获得${ICON_HONOR3}. 每位对手摧毁神器其控制的. 你可以支付 ${ICON_INSIGHT1} 以拥有每位对手摧毁额外的神器其控制的.
K	EFFECT_MANIACALCRUSHER	获得${ICON_POWER2}.<br>下次你击败一个怪物在中央牌列本回合, ${LABEL_RALLY_VOID}.
K	EFFECT_MANTRAOFRENEWAL	每回合一次，若你 拥有打出过两 或更高圣贤卡牌 (包括此牌一), 抽一张牌.
K	EFFECT_MANTRAOFTRUESIGHT	每回合一次，你可以抽一张牌.
K	EFFECT_MAPOFTHESTARS	每回合一次，获得${ICON_RUNE1} 和 ${ICON_POWER1}.
K	EFFECT_MARROWWYRMRIDER	${LABEL_REWARD} 获得${ICON_HONOR3}. 你可以获取一个英雄以 费用 ${ICON_RUNE5} 或更低无需支付费用.
K	EFFECT_MARSHRANGER	获得${ICON_RUNE1} 和 ${ICON_HONOR1}. 抽一张牌.<br>${LABEL_UNITE} 获得${ICON_RUNE1} 和 ${ICON_HONOR1}. 抽一张牌.<br><i>(获得此效果一次若 你打出或 拥有打出过另一命约英雄本回合.)</i>
K	EFFECT_MASTERDHARTHA	抽三张牌。
K	EFFECT_MASTERDHARTHA10TH	抽三张牌.
K	EFFECT_MASTERDHARTHAETER	抽三张牌.
K	EFFECT_MASTERVAYA	抽两张牌.
K	EFFECT_MATRONOFDISCOVERY	获得${ICON_RUNE2}.<br>${LABEL_MULTIUNITE} 获得${ICON_RUNE1}. <i>(获得此效果以 每个其他机械英雄你 打出或 拥有打出过本回合.)</i>
K	EFFECT_MECHACETRA	你可以获取一个英雄或 神器从 中央牌列无需支付费用和 将它放置放到你的牌库顶.
K	EFFECT_MECHAEMISSARY	抽一张牌.<br>联合-使者: 获得${ICON_RUNE2}. (获得此效果一次若 你打出或 拥有打出过另一使者本回合.)
K	EFFECT_MECHANAINITIATE	获得1符文或1战力。
K	EFFECT_MECHANAINITIATE10TH	获得${ICON_RUNE1} 和 ${ICON_POWER1}.
K	EFFECT_MECHANAREMNANT	${LABEL_REWARD} 获得${ICON_HONOR4}.<br>若你打出过或 已获取机械卡牌本回合, 获得${ICON_RUNE2}.
K	EFFECT_MECHANNIHILATOR	每回合一次，你可以摧毁另一一 的你的机械神器以 获得${ICON_POWER3}.
K	EFFECT_MECHANNONBLUEPRINT	你可以支付 ${ICON_INSIGHT5} 以将此牌转化为艾玛的机加农.
K	EFFECT_MECHAPHOENIX	每回合一次，当你 打出机械神器 (包括此牌一), 获取或 击败卡牌以 费用相等以 或低于其 ${ICON_RUNE} 费用.
K	EFFECT_MEPHIT	奖励：获得2荣誉。你可以放逐中央牌列中的一张卡牌。
K	EFFECT_MEPHIT10TH	${LABEL_REWARD} 获得${ICON_HONOR2}. 你可以放逐一张卡牌在中央牌列.
K	EFFECT_MILESGOLDENPRODIGY	抽一张牌.<br>每当你 打出卡牌的 另一派系本回合, 抽一张牌. 每个派系仅触发一次.
K	EFFECT_MILITIA	获得1战力。
K	EFFECT_MILITIA10TH	获得${ICON_POWER1}.
K	EFFECT_MILITIAROV	获得${ICON_POWER1}.
K	EFFECT_MILITIARU	获得${ICON_POWER1}.
K	EFFECT_MILITIASOS	获得${ICON_POWER1}.
K	EFFECT_MINOTAUR	${LABEL_REWARD} 获得${ICON_HONOR3}.
K	EFFECT_MISTAKEOFCREATION	奖励：获得4荣誉。你可以放逐中央牌列和/或你弃牌堆中的一张卡牌。
K	EFFECT_MISTAKEOFCREATION10TH	${LABEL_REWARD} 获得${ICON_HONOR4}. 你可以放逐一张卡牌在中央牌列和/或卡牌在你的弃牌堆.
K	EFFECT_MOKENTHEHUNTMASTER	获得${ICON_HONOR5}.<br>At结束时游戏, 莫肯, 猎主之 ${ICON_HONOR} 值为 相等以 数量为宝藏卡牌在 你的牌库.
K	EFFECT_MOMENTOFCLARITY	当玩家获取圣贤卡牌, 该玩家可以抽一张牌.<br>${LABEL_EVENT_TROPHY} 放逐一张卡牌在你的手牌中. 若你如此做，获取秘教士无需支付费用. 将它放置置入你的手牌.
K	EFFECT_MONASTICTUTOR	获取一个秘教士或 重装步兵无需支付费用.
K	EFFECT_MONKOFTHELIDLESSEYE	抽两张牌.
K	EFFECT_MONKOFTHESTONECIRCLE	获取一个英雄以 费用 ${ICON_RUNE3} 或更低和 将它放置置入你的手牌.
K	EFFECT_MOONSTAFF	每回合一次，你可以花费 ${ICON_RUNE4} 以双倍你的 ${ICON_POWER}.
K	EFFECT_MOONVEILCLIQUE	获得${ICON_RUNE2}.<br>${LABEL_UNITE} At结束时回合, 放置此 在你的手牌中而非你的弃牌堆.
K	EFFECT_MORBIDHAMMER	每回合一次，获得${ICON_POWER1}.<br>当此牌进入战场时, 你可以放逐一张卡牌在你的手牌或弃牌堆.
K	EFFECT_MORDANTWIDOW	${LABEL_REWARD} 获得${ICON_HONOR4}. 以每位对手, 你选择和 摧毁一个神器其控制的.
K	EFFECT_MOUNTAINSEER	抽一张牌, 然后放逐一张卡牌在 中央牌列. 然后, 获得${ICON_RENOWN1} 在每个的 派系(s) 该被替换被放逐卡牌.
K	EFFECT_MURAMASA	每回合一次，获得3战力。
K	EFFECT_MURAMASA10TH	每回合一次，获得${ICON_POWER3}.
K	EFFECT_MUSEOFMALEVOLENCE	${LABEL_REWARD} 获得${ICON_HONOR5}. 获得${ICON_RENOWN2} 在任意派系.
K	EFFECT_MUSEOFREBIRTH	获得${ICON_RUNE2}.<br>你可以放逐一张卡牌在你的手牌或弃牌堆.
K	EFFECT_MUSHROOMDRUID	获得${ICON_HONOR3}.
K	EFFECT_MUTATEDSCAVENGER	${LABEL_REWARD} 获得${ICON_HONOR4}. 获得${ICON_RUNE5}.
K	EFFECT_MYCELIALMAGE	抽一张牌.<br>获得${ICON_HONOR3}, 然后放逐此牌.
K	EFFECT_MYSTIC	获得2符文。
K	EFFECT_MYSTIC10TH	获得${ICON_RUNE2}.
K	EFFECT_MYSTICROV	获得${ICON_RUNE2}.
K	EFFECT_MYSTICRU	获得${ICON_RUNE2}.
K	EFFECT_MYSTICSOS	获得${ICON_RUNE2}.
K	EFFECT_NAIRIHENGEQUEEN	获得${ICON_HONOR5}.
K	EFFECT_NAIRISBLESSING	若你打出过三 或更高命约英雄本回合, 你可以获取此 无需支付费用.<br>获得${ICON_HONOR10}.<br>${LABEL_ONGOING} 你为 视为以 拥有打出过命约英雄每回合.
K	EFFECT_NAIRIWILDQUEEN	获得${ICON_HONOR1}. 抽一张牌.<br>${LABEL_UNITE} 获得${ICON_HONOR1}. 抽一张牌.
K	EFFECT_NAKAEMRISCHOSEN	获得${ICON_POWER4}.<br>此回合, 你可以支付 ${ICON_INSIGHT0} 以梦缚费用为.
K	EFFECT_NAKASHADEBORN	获得${ICON_POWER3}.<br>你可以返回虚空卡牌在你的弃牌堆以 你的手牌.<br>你可以支付 ${ICON_INSIGHT3} 以 <b>再次发生</b>.
K	EFFECT_NEMESIS	${LABEL_REWARD} 获得${ICON_HONOR6}.<br>选择至多三 战利品怪物从虚空区和 放置它们进入战场置于你的控制下.
K	EFFECT_NEOPHYTEMENTOR	抽一张牌.<br> 下一秘教士或 重装步兵你 打出本回合视为作为派系的 你的choice.
K	EFFECT_NETHERSNARE	每回合一次，若此牌下没有怪物，你可以将中央牌列的一个怪物置于其下。 你可以击败怪物其下此 视为在中央牌列. 若此 离开打出, 放置任意怪物其下此 在顶部的 传送门牌库.
K	EFFECT_NIGHTMARAUDERS	${LABEL_REWARD} 获得${ICON_HONOR1} 和 ${ICON_INSIGHT1}.
K	EFFECT_NIGHTMAREDELVER	获得${ICON_RUNE2}.<br>若你控制的两 或更高神器s, 你可以放逐一张卡牌在你的弃牌堆.
K	EFFECT_NIGHTMAREHARVESTER	获得${ICON_POWER4}. 你可以支付 ${ICON_INSIGHT1} 以获得${ICON_RUNE4} 改为.
K	EFFECT_NIGHTMARESENTINEL	获得${ICON_POWER2}.<br>下次你击败一个怪物在中央牌列本回合, 你可以放逐一张卡牌在你的手牌或弃牌堆.
K	EFFECT_NIGHTMARETYRANT	${LABEL_REWARD} 获得${ICON_HONOR5}. 获取一个卡牌从 你的梦境无需支付费用.
K	EFFECT_NIHILBOMBER	抽一张牌. 你可以放逐一张卡牌在你的手牌或弃牌堆. 若你如此做，获得${ICON_INSIGHT1}.
K	EFFECT_NIHILCHEMIST	获得${ICON_POWER1}. 你可以放逐一张卡牌在你的手牌或弃牌堆.<br>你可以支付 ${ICON_INSIGHT2} 以 <b>再次发生</b>. <i>(获得效果列出的额外的次. 你可以只再次发生一次.)</i>
K	EFFECT_NIHILMANCER	获得${ICON_POWER2}.<br>你可以放逐一张卡牌在你的手牌中. 若你如此做，获得额外的 ${ICON_POWER1}.
K	EFFECT_NIHILMANCERETER	获得${ICON_POWER2}.<br>你可以放逐一张卡牌在你的手牌中. 若你如此做，获得额外的 ${ICON_POWER1}.
K	EFFECT_NILHAMMER	${LABEL_ECHO} 每回合一次，获得${ICON_POWER3}. <i>(获得此效果若 存在虚空卡牌在你的弃牌堆.)</i>
K	EFFECT_NILIATHESHATTERED	${LABEL_REWARD} 获得${ICON_HONOR5}. 拿取一张卡牌随机从 对手之手牌和 将该卡牌加入以 你的手牌.<br>${LABEL_DREAMBIND} ${ICON_INSIGHT7}.
K	EFFECT_NILUSTHEDESPAIR	${LABEL_REWARD} 获得${ICON_HONOR7}. 获取顶部三 卡牌的 梦牌库无需支付其 费用.
K	EFFECT_NINE	获得${ICON_RUNE2}.<br>当你 打出机械神器, 你可以将此牌返回从 你的弃牌堆以 你的手牌. <i>(卡牌打出过在期间你的回合不 进入以 你的弃牌堆直到结束时回合.)</i>
K	EFFECT_NOCTURNALSEER	抽一张牌.<br>你可以支付 ${ICON_RUNE1} 更低下次你获取梦生卡牌本回合.
K	EFFECT_NOMTRIBEGREMLIN	${LABEL_REWARD} 获得${ICON_HONOR1}.<br>${LABEL_INFEST} 当你 击败诺姆部落小妖, 你可以将它放置置入玩家之弃牌堆.<br>当你 打出诺姆部落小妖, 你可以将它放置置入另一玩家之弃牌堆.
K	EFFECT_NOOKHOUND	查看你牌库顶的卡牌. 你可以将它放置置入你的弃牌堆. 抽一张牌.
K	EFFECT_NOTHINGMAN	${LABEL_REWARD} 获得${ICON_HONOR3}.
K	EFFECT_NOVABORNOFCHAOS	${LABEL_REWARD} 万民玩家返回所有荣誉点数以 荣誉池. 若游戏会 结束此round, 它does不结束.<br>获得${ICON_HONOR10}.
K	EFFECT_NOXIOUSSOUL	${LABEL_REWARD} 获得${ICON_HONOR4}. 每位对手须弃掉卡牌随机从其手牌.
K	EFFECT_NYXIANCORRUPTOR	获得${ICON_POWER3}.<br>你可以花费 ${ICON_RUNE} 视为 ${ICON_POWER} 本回合.
K	EFFECT_NYXIANRITUALIST	获得${ICON_POWER3} 和 ${ICON_ENERGY3}.
K	EFFECT_NYXIANSPIRITCASTER	获得${ICON_ENERGY3}.<br>抽一张牌.
K	EFFECT_OAKOFSOULS	${LABEL_REWARD} 获得${ICON_HONOR3}. 掷谵妄骰。
K	EFFECT_OBFUSCASPIRIT	${LABEL_REWARD} 获得${ICON_HONOR4}. 选择一名对手以 弃掉卡牌随机从其手牌.<br>${LABEL_DREAMBIND} ${ICON_INSIGHT4}.
K	EFFECT_OBLIVIONBLOSSOMS	每回合一次，获得${ICON_POWER1}.<br>每回合一次，若你 拥有被放逐卡牌, 获得${ICON_HONOR1}.
K	EFFECT_OGOCOURIER	获得${ICON_RUNE2}.<br>下次你获取一个英雄在中央牌列, ${LABEL_RALLY_LIFEBOUND}.
K	EFFECT_OGODEMONTRAP	每回合一次，获得${ICON_POWER1}.
K	EFFECT_OGORISING	首先英雄打出过本回合为 也命约英雄.<br>${LABEL_EVENT_TROPHY} 获得${ICON_RUNE1}.
K	EFFECT_OGOWARTREE	每回合一次，当你 获取一个英雄在中央牌列, 你可以将它放置放到你的牌库顶.
K	EFFECT_OMINOUSAUGUR	获取一个英雄或 神器以 费用 ${ICON_RUNE5} 或更低无需支付费用.<br>${LABEL_SERENITY} 放置所获取的卡牌在你的手牌中. <i>(获得此效果若 那里为 没有卡牌在你的弃牌堆.)</i>
K	EFFECT_OMNICRON	每回合一次，获得${ICON_ENERGY1} 以每个机械神器你控制的.
K	EFFECT_ORASTHEREDEEMER	获得${ICON_RUNE4}.<br>每位次 你获取一个英雄从中央牌列本回合, 获得${ICON_HONOR} 相等以 其 ${ICON_HONOR} 值.
K	EFFECT_ORBOFNYX	每回合一次，获得${ICON_POWER3}.<br>当你 击败一个怪物在中央牌列, 获得灵魂宝石.
K	EFFECT_ORDEROFTHEGEAR	若你控制的四 或更高神器s, 你可以获取此 无需支付费用.<br>${LABEL_ONGOING} 你的机械英雄为 神器s改为. 你可以use其异能每回合一次.
K	EFFECT_OTHERWORLDLYGUIDE	抽两张牌.
K	EFFECT_OVERHAULCLERIC	当你 获取此, ${LABEL_RALLY_MECHANA}.<br>获得${ICON_RUNE2}.<br>若你控制的两 或更高神器s, 获得额外的 ${ICON_RUNE1}.
K	EFFECT_OXIPEDE	${LABEL_REWARD} 获得${ICON_HONOR2}.
K	EFFECT_OZIAHJUDGEOFLOGOS	当此 为在中央牌列, 你可以获取此 无需支付费用若 你拥有已获得 ${ICON_ENERGY7} 或更高本回合.<br>击败所有怪物在中央牌列无需支付费用.
K	EFFECT_OZIAHSFAMILIAR	击败一个怪物以 费用 ${ICON_POWER4} 或更低无需支付费用.<br>${LABEL_MULTIUNITE} 重复此效果.
K	EFFECT_OZIAHTHEPEERLESS	击败一个战力值不高于6的怪物。
K	EFFECT_OZIAHTHEPEERLESS10TH	击败一个怪物该 具有${ICON_POWER6} 或更低无需支付费用.
K	EFFECT_OZIAHTHEPEERLESSETER	击败一个怪物以 费用 ${ICON_POWER6} 或更低无需支付费用.
K	EFFECT_PACKLEADER	当你 获取此, ${LABEL_RALLY_LIFEBOUND}.<br>获得${ICON_RUNE2}.<br>你可以花费 ${ICON_RUNE} 视为 ${ICON_POWER} 以击败生命怪物本回合.
K	EFFECT_PASYTHEASCUTLASS	此神器视为作为所有派系.<br>当你 打出此, 获得${ICON_POWER2}.<br>帕西提亚费用为你 ${ICON_INSIGHT4} 更低以 获取.
K	EFFECT_PASYTHEASKATANA	此神器视为作为所有派系.<br>当你 打出此, 抽一张牌.<br>帕西提亚费用为你 ${ICON_INSIGHT4} 更低以 获取.
K	EFFECT_PASYTHEASMACE	此神器视为作为所有派系.<br>当你 打出此, 获得${ICON_RUNE2}.<br>帕西提亚费用为你 ${ICON_INSIGHT4} 更低以 获取.
K	EFFECT_PASYTHEASSCIMITAR	此神器视为作为所有派系.<br>当你 打出此, 获得${ICON_HONOR2}.<br>帕西提亚费用为你 ${ICON_INSIGHT4} 更低以 获取.
K	EFFECT_PASYTHEASWARD	每回合一次，获得${ICON_INSIGHT1}.
K	EFFECT_PASYTHEATHEAEGIS	此英雄视为作为所有派系.<br>获得${ICON_RUNE3}, ${ICON_POWER3}, 和 ${ICON_HONOR3}.<br>若你控制的帕西提亚的守护, 你可以获取此 无需支付费用和 将它放置置入你的手牌.
K	EFFECT_PASYTHEATHEREDEEMED	此英雄视为作为所有派系.<br>当你 获取此, 它goes直接以 你的手牌.<br>获得${ICON_RUNE2}, ${ICON_POWER2}, ${ICON_HONOR2} 和抽一张牌.
K	EFFECT_PATHFINDERSTOTEM	${LABEL_UNITE} 每回合一次，获得${ICON_RUNE1}. <i>(获得此效果若 你拥有打出过命约英雄本回合.)</i>
K	EFFECT_PATHSEEKERSENSEI	击败一个怪物的 ${ICON_POWER4} 或更低无需支付费用.
K	EFFECT_PATHWARDEN	获得${ICON_RUNE2}.<br>你可以花费 ${ICON_RUNE} 视为 ${ICON_POWER} 本回合.
K	EFFECT_PATIENTASSASSIN	获得${ICON_POWER2}.<br>若存在虚空卡牌在你的弃牌堆, 获得额外的 ${ICON_POWER1}.
K	EFFECT_PENUMBRALEDGE	每回合一次，获得${ICON_POWER2}. 获得额外的 ${ICON_POWER2} 若你控制的暗影刃锋.
K	EFFECT_PENUMBRALEDGEETER	每回合一次，获得${ICON_POWER2}. 获得额外的 ${ICON_POWER2} 若你控制的暗影刃锋.
K	EFFECT_PERSONALWORMHOLE	每回合一次，当你 打出机械神器 (包括此牌一), 你可以放逐一张卡牌在你的手牌或弃牌堆.
K	EFFECT_PHASEFIEND	${LABEL_REWARD} 获得${ICON_HONOR1}. 你可以放逐一张卡牌在你的手牌或弃牌堆.
K	EFFECT_PHASEFIENDETER	${LABEL_REWARD} 获得${ICON_HONOR1}. 你可以放逐一张卡牌在你的手牌或弃牌堆.
K	EFFECT_PIERCINGEYE	每回合一次，若你 拥有被击败怪物在中央牌列, 你可以抽一张牌.
K	EFFECT_PIERCINGEYEETER	每回合一次，若你 拥有被击败怪物在中央牌列, 你可以抽一张牌.
K	EFFECT_PILLAROFRESOLVE	每回合一次，若你 拥有打出过秘教士和 重装步兵, 抽两张牌.
K	EFFECT_PLANARAPERTURE	当你 获取机械神器, 你可以支付 ${ICON_INSIGHT1} 以将其直接进入战场.
K	EFFECT_PLASMACANNON	每回合一次，若你控制的四 或更高机械神器, 你可以获取或 击败任意卡牌在中央牌列无需支付费用.
K	EFFECT_PLASMACANNONETER	每回合一次，若你控制的四 或更高机械神器, 你可以获取或 击败任意卡牌在中央牌列无需支付费用.
K	EFFECT_PLUNDERDEVIL	${LABEL_REWARD} 获得${ICON_HONOR5}. 你可以获取一个英雄或 神器以 费用 ${ICON_RUNE3} 或更低无需支付费用.
K	EFFECT_POLARISDEMON	${LABEL_REWARD} 获得${ICON_HONOR5}. 选择一项： 摧毁所有偶数费用神器s对手控制或 摧毁所有奇数费用神器s对手控制.
K	EFFECT_POLLENPIXIE	获得${ICON_RUNE2} 和 ${ICON_HONOR1}.
K	EFFECT_PORTABILLET	每回合一次，当你 打出机械神器 (包括此牌一), 抽一张牌.
K	EFFECT_PORTAL	此为 任意英雄或 神器该 能够是 发现在 中央牌库的 任意Ascension set.
K	EFFECT_PORTALNINJA	获得${ICON_RUNE2}.<br>${LABEL_UNITE} 你可以放逐一张卡牌你 打出过本回合.
K	EFFECT_POTOFGOLD	当你 打出此, 抽一张牌. 当你 打出小矮妖, 获得${ICON_HONOR1}.
K	EFFECT_PREMONITIONBELL	你可以摧毁此 以复制效果的 英雄在中央牌列以 费用 ${ICON_RUNE5} 或更低.
K	EFFECT_PRIME	获取一个神器或 获得${ICON_RUNE3}.<br>当你 打出机械神器, 你可以将此牌返回从 你的弃牌堆以 你的手牌. <i>(卡牌打出过本回合不 进入以 你的弃牌堆直到结束时回合.)</i>
K	EFFECT_PRIMEDIRECTIVE	若你控制的eight或更高机械神器, 你win游戏.
K	EFFECT_PROCESSINGHUB	每回合一次，若你控制的三 或更高机械神器, 获得${ICON_RUNE2}.
K	EFFECT_PROCESSINGHUBETER	每回合一次，若你控制的三 或更高机械神器, 获得${ICON_RUNE2}.
K	EFFECT_PRODIGAL	击败一个怪物以 ${ICON_POWER3} 或更低.<br><i>(你无需支付 ${ICON_POWER}.)</i>
K	EFFECT_PROJECTALPHA	每回合一次，你可以获取一个英雄或 神器以 ${ICON_RUNE} 费用低于或 相等以 数量为机械神器你控制的.
K	EFFECT_PROSPECTORSCOUT	获得${ICON_RUNE2}.<br>下次你获取神器在中央牌列本回合, ${LABEL_RALLY_MECHANA}.
K	EFFECT_PROTEANSEASLUG	${LABEL_REWARD} 获得${ICON_HONOR5}. 每位对手摧毁所有神器s其控制的.
K	EFFECT_PROTEANSEASLUGETER	${LABEL_REWARD} 获得${ICON_HONOR5}. 每位对手摧毁所有神器s其控制的.
K	EFFECT_PSIONICMONK	抽 2 卡牌.<br>获得${ICON_HONOR1} 以每个派系在你控制的神器之中.
K	EFFECT_PSYCHEASKARA	复制效果的 英雄你 拥有打出过本回合或 怪物奖励你 拥有已获得本回合.
K	EFFECT_PSYCHICAMULET	每回合一次，当你 打出机械或 圣贤神器 (包括此牌一), 抽一张牌.
K	EFFECT_PSYONICAPPRENTICE	当此 为在你的手牌中, 你可以支付 ${ICON_INSIGHT7} 以转化它 置入心灵圣骑士.<br>击败一个怪物以 费用 ${ICON_POWER4} 或更低无需支付费用.
K	EFFECT_PSYONICPALADIN	击败一个怪物在中央牌列无需支付费用.
K	EFFECT_PUGGAGEDDON	${LABEL_REWARD} 获得${ICON_HONOR2}. 放置此 置入另一玩家之弃牌堆. <br><br>当此 为打出过从你的手牌, 获得${ICON_HONOR1} 和将它放置置入另一玩家之弃牌堆.
K	EFFECT_PUPPETMASTER	${LABEL_REWARD} 获得${ICON_HONOR4}. 拿取${ICON_INSIGHT1} 从每位对手.
K	EFFECT_QADIMSTALKER	获得${ICON_RUNE2} 和 ${ICON_POWER2}.<br>${LABEL_UNITE} 获得${ICON_HONOR2}.
K	EFFECT_RADIANTASPIRANT	赋力 <i>(当你 获取此, 你可以放逐一张卡牌你 拥有打出过本回合.)</i><br>抽一张牌.
K	EFFECT_RAGINGURSINE	${LABEL_REWARD} 获得${ICON_HONOR3}.
K	EFFECT_RAIYNARIFTWALKER	获得${ICON_POWER4}.<br>下次你击败一个怪物在 中央牌列本回合, 获得其non-荣誉奖励两次.
K	EFFECT_RAJPSIONICMASTER	放逐一个英雄在你的手牌中. 若你如此做，获取一个英雄以 ${ICON_HONOR} 至多两 超过该 的被放逐卡牌和 将它放置置入你的手牌. <i>(卡牌以 没有荣誉值 为视为以 是价值为 ${ICON_HONOR0}.)</i>
K	EFFECT_RAKADREAMTENDER	获得${ICON_HONOR5}.<br>将一张卡牌加入你的梦境.
K	EFFECT_RAKARCORRUPTASKARA	${LABEL_REWARD} 获得${ICON_HONOR6}. 加入梦缚怪物在 虚空区以 你的手牌.
K	EFFECT_RANDALLUMBRALSAGE	获得${ICON_POWER3}.<br>放置所有卡牌从 你的牌库置入你的弃牌堆, 然后返回虚空卡牌在你的弃牌堆以 你的手牌.
K	EFFECT_RATKING	${LABEL_REWARD} 获得${ICON_HONOR4} 和击败所有巨人Rats在中央牌列.
K	EFFECT_RAVENOUSGORPH	${LABEL_REWARD} 获得${ICON_HONOR3}. 你可以放逐一张卡牌该 曾是相邻以 此.
K	EFFECT_RAVENSIREN	获得${ICON_RUNE1}.
K	EFFECT_REACTORMONK	获得2符文。你本回合下一张获取的神器费用减少1符文。
K	EFFECT_REACTORMONK10TH	获得${ICON_RUNE2}.<br>你支付 ${ICON_RUNE1} 更低下次你获取神器本回合.
K	EFFECT_REALITYSCULPTOR	复制效果的 英雄打出过本回合以 费用 ${ICON_RUNE3} 或更低.
K	EFFECT_RECKLESSEXCAVATOR	每回合一次，当你 打出机械神器 (包括此牌一), 获得${ICON_LIFE} 或 ${ICON_DEATH}.
K	EFFECT_RECLAMAX	你可以弃掉回收机从战场以 获取机械神器在 虚空区视为在 中央牌列.
K	EFFECT_RECYCLICRAB	当你 打出机械神器, 若此 为在你的弃牌堆你可以返回它 以你的手牌.
K	EFFECT_REJECTEDPROTOTYPE	${LABEL_REWARD} 获得${ICON_HONOR3}. 你支付 ${ICON_RUNE3} 更低下次你获取神器本回合.<br>${LABEL_RALLY_MECHANA}.
K	EFFECT_REMNANTOFTHEFALLEN	${LABEL_REWARD} 获得${ICON_HONOR5}. 获得${ICON_RENOWN1} 的每个派系. 你可以获取或 击败任意卡牌在 中央牌列无需支付费用.
K	EFFECT_REMUSPACKGUARDIAN	当此 为在你的手牌中, 若你 拥有已获得 ${ICON_HONOR3} 或更高本回合, 将此牌转化为雷穆斯, 荒野使者.<br>获得${ICON_RUNE3}.
K	EFFECT_REMUSWILDEMISSARY	获得${ICON_RUNE3}.<br>你可以花费 ${ICON_RUNE} 视为 ${ICON_POWER} 本回合.
K	EFFECT_REPLICATIONDRONE	你为 视为以 控制额外的机械神器.
K	EFFECT_REPURPOSER	每回合一次，当你 打出机械神器 (包括此牌一), 你可以返回神器从 你的弃牌堆以 你的手牌.
K	EFFECT_RESCUEBOT505	当你 获取此 和它 为昼, 将其直接进入战场.<br>当你 获取机械神器, 将其直接进入战场.
K	EFFECT_RESOURCEFULTRADER	抽一张牌.<br>下次你获取神器本回合, 获得${ICON_DEATH}.
K	EFFECT_REVERIEMUSE	获得${ICON_RUNE1}.<br>${LABEL_UNITE} Double你的 ${ICON_RUNE}.
K	EFFECT_REYSASTRIAL	神器s在中央牌列费用 ${ICON_RUNE1} 更低以 获取 (以最少的 ${ICON_RUNE1}).<br>支付 ${ICON_RUNE8}: 将此牌转化为锻母雷萨和 获取它.
K	EFFECT_RIFTCLAW	每回合一次，获得${ICON_POWER1}.
K	EFFECT_RIFTDRAKERIDER	抽两张牌.<br>你可以放逐至多两 卡牌在你的手牌或弃牌堆.
K	EFFECT_RIFTGATECONJUROR	获得${ICON_POWER3}.<br>下次你击败虚空怪物本回合, 获得其reward额外的次.
K	EFFECT_RIFTWATCHOUTPOST	每回合一次，获得${ICON_POWER1}.<br>你可以摧毁此 以获得${ICON_POWER1}.
K	EFFECT_RIFTWATCHTURRET	每回合一次，获得${ICON_POWER1}.<br>每回合一次，当你 打出机械神器 (包括此牌一), 获得${ICON_POWER1}.
K	EFFECT_RIGHTEOUSTEMPLAR	击败一个怪物费用为${ICON_POWER4} 或更低无需支付费用.
K	EFFECT_RINGOFLIFE	每回合一次，若你 拥有打出过命约英雄, 获得${ICON_RUNE1}. 当Ring的生命进入打出, 选择派系. 你的英雄的 该派系为 也命约英雄.
K	EFFECT_RISEOFTHECULT	邪教徒和 狂信者拥有+1战力和 其奖励拥有+1荣誉.<br>${LABEL_EVENT_TROPHY} 获得${ICON_HONOR1}.
K	EFFECT_RIVERREAPER	${LABEL_REWARD} 获得${ICON_HONOR6}. 每位对手摧毁只留一个，其余神器其控制的.
K	EFFECT_ROCKETCOURIERX99	每回合一次，当你获取另一张机械神器时，你可以将其直接进入战场。
K	EFFECT_ROCKETCOURIERX9910TH	每回合一次，当你 获取机械神器, 你可以将它放置置入你的手牌.
K	EFFECT_ROCKETCOURIERX99ETER	每回合一次，当你 获取机械神器, 你可以将它放置置入你的手牌.
K	EFFECT_ROOTSCRYER	展示你牌库顶的卡牌和 将它放置置入你的手牌. 若它 为圣贤或 生命, 获得${ICON_HONOR3}.
K	EFFECT_RUNICHONISKROT	获得${ICON_RUNE2}.
K	EFFECT_RUNICLYCANTHROPE	获得2符文。若你本回合打出过命约英雄，获得2战力。
K	EFFECT_RUNICLYCANTHROPE10TH	获得${ICON_RUNE2}.<br>${LABEL_UNITE} 若你 打出或 拥有打出过命约英雄本回合, 获得${ICON_POWER2}.
K	EFFECT_RUNICLYCANTHROPEETER	获得${ICON_RUNE2}.<br>${LABEL_UNITE} 若你 打出或 拥有打出过命约英雄本回合, 获得${ICON_POWER2}.
K	EFFECT_RUSTGREMLIN	${LABEL_REWARD} 获得${ICON_HONOR1}. 抽一张牌.
K	EFFECT_RUTOAKENMASTER	获得${ICON_HONOR3} 和抽一张牌.<br>${LABEL_PLUNDER}每回合一次，若你 获取卡牌和 击败一个怪物, 两者在中央牌列, 获得额外的 ${ICON_HONOR3}.
K	EFFECT_SABLESPARKSISTERS	抽一张牌.<br>获得${ICON_RUNE1}, 然后放逐此牌.
K	EFFECT_SABRETHEMOONLIT	获得${ICON_RUNE1}. 获得${ICON_POWER1}. 获得${ICON_HONOR1}. 抽一张牌.<br>${LABEL_UNITE} 获得${ICON_RUNE1}. 获得${ICON_POWER1}. 获得${ICON_HONOR1}. 抽一张牌.
K	EFFECT_SACREDPOT	${LABEL_SERENITY} 每回合一次，抽一张牌. <i>(获得此效果若 那里为 没有卡牌在你的弃牌堆.)</i>
K	EFFECT_SADISTICGIANT	${LABEL_REWARD} 获得${ICON_HONOR5}.
K	EFFECT_SADRANISDARKEMISSARY	获得${ICON_POWER3}.<br>你可以击败一个怪物在 虚空区视为在中央牌列. 若你如此做，将它放置置于其底： 传送门牌库.
K	EFFECT_SADRANISDARKSAVANT	抽两张牌, 然后弃掉卡牌. 你可以放逐一张卡牌在你的弃牌堆.
K	EFFECT_SALVAGEMASTERMILA	获得${ICON_RUNE4}.<br>你可以放置任意神器s你获取本回合直接进入战场.
K	EFFECT_SALVAGEYARD	At start的你的回合, 将此牌返回以 你的手牌.
K	EFFECT_SAMAELETERNALSINNER	${LABEL_REWARD} 获得${ICON_HONOR6}. 展示顶部三 卡牌的 传送门牌库. 你可以获取或 击败已展示卡牌无需支付费用. 放置其他已展示卡牌置入虚空区.
K	EFFECT_SAMAELSTRICKSTER	奖励：获得1荣誉。获得1符文。
K	EFFECT_SAMAELSTRICKSTER10TH	${LABEL_REWARD} 获得${ICON_HONOR2} 和 ${ICON_RUNE1}.
K	EFFECT_SAMAELTHEFALLEN	不可放逐。
K	EFFECT_SCAVENGERANTS	${LABEL_REWARD} 获得${ICON_HONOR4}.
K	EFFECT_SCIONOFCETRA	获得${ICON_RUNE2} 和 ${ICON_HONOR2}.
K	EFFECT_SCIONOFEMRI	获得${ICON_POWER3}.<br>你可以放逐一张卡牌在你的弃牌堆.
K	EFFECT_SCIONOFEULOTH	获得${ICON_RUNE2} 和 ${ICON_POWER2}.
K	EFFECT_SCIONOFOZIAH	击败一个怪物以 费用 ${ICON_POWER5} 或更低无需支付费用.
K	EFFECT_SCRABBLINGSQUAD	获得${ICON_RUNE2} 和 ${ICON_POWER2}.
K	EFFECT_SCRAPBOTSCRAPPER	获得${ICON_POWER2}. 你可以返回神器你控制的以 你的手牌.
K	EFFECT_SCRAPFLINGER	获得${ICON_POWER2}.<br>你可以摧毁一个神器你控制的. 若你如此做，获得额外的 ${ICON_POWER2}.
K	EFFECT_SCRAPSCRABBLER	获得${ICON_RUNE1} 和 ${ICON_POWER1}.
K	EFFECT_SCRAPWEAVER	抽一张牌.<br>你可以放置下一神器你 获取本回合直接进入战场.
K	EFFECT_SCRYEROFTHELIDLESSEYE	抽两张牌, 然后弃掉卡牌. 若已弃掉卡牌为 圣贤, 返回它 以你的手牌.
K	EFFECT_SEARINGASKARA	放逐一张卡牌在中央牌列. 然后你可以获取卡牌以 费用 ${ICON_RUNE3} 或更低无需支付费用.
K	EFFECT_SEATYRANT	奖励：获得5荣誉。每位对手须选择一张其控制的神器，将其余神器置入弃牌堆。
K	EFFECT_SEATYRANT10TH	${LABEL_REWARD} 获得${ICON_HONOR5}. 若对手拥有超过一 神器, 该玩家须摧毁只留一个，其余神器其控制的.
K	EFFECT_SECLUDEDLABORATORY	若你打出过两 或更高机械英雄本回合, 将此牌转化为零 点反应堆.
K	EFFECT_SEEDOFTHEWORLD	每回合一次，当你 获取一个英雄在 中央牌列, 获得${ICON_HONOR} 相等以 其 ${ICON_HONOR} 值.
K	EFFECT_SEEROFDAYSPAST	当你 获取此, ${LABEL_RALLY_ENLIGHTENED}.<br>抽一张牌. 若你 拥有${ICON_REPUTATION8} 或更高, 抽额外的卡牌.
K	EFFECT_SEEROFTHEFORKEDPATH	抽一张牌。然后你可以放逐中央牌列中的一张卡牌。
K	EFFECT_SEEROFTHEFORKEDPATH10TH	抽一张牌. 你可以放逐一张卡牌在中央牌列.
K	EFFECT_SERENEASCETIC	当你 获取此, 你可以将它放置放到你的牌库顶.<br>抽两张牌.
K	EFFECT_SERPENTCALL	每回合一次，获得${ICON_RUNE2}.<br>每回合一次，你可以获取一个英雄在 虚空区视为在中央牌列.
K	EFFECT_SERPENTSIREN	${LABEL_REWARD} 获得${ICON_HONOR1}.
K	EFFECT_SHADEASKARA	获得${ICON_POWER3}.<br>若你 拥有圣贤或 虚空卡牌在你的弃牌堆, 抽一张牌.
K	EFFECT_SHADECONVERTER	若你控制的三 或更高机械神器, 你可以视为你的回合作为昼.
K	EFFECT_SHADEFEATHER	获得${ICON_POWER1}. 你可以放逐一张卡牌在你的手牌或弃牌堆.
K	EFFECT_SHADEOFSADRANIS	获得${ICON_POWER4}.
K	EFFECT_SHADEOFTHEBLACKWATCH	获得2战力。你可以放逐一张手牌或弃牌堆中的卡牌。
K	EFFECT_SHADEOFTHEBLACKWATCH10TH	获得${ICON_POWER2}.<br>你可以放逐一张卡牌在你的手牌或弃牌堆.
K	EFFECT_SHADESBARGAIN	每回合一次，若你 拥有打出过两 或更高虚空卡牌 (包括此牌一), 获得${ICON_POWER2}.
K	EFFECT_SHADEVIPER	${LABEL_REWARD} 获得${ICON_HONOR2}.
K	EFFECT_SHADOWARBITER	抽一张牌. 你可以放逐一张卡牌在你的手牌中以 获得${ICON_POWER2}.
K	EFFECT_SHADOWBLADESENTRY	获得${ICON_POWER3}.<br>${LABEL_ECHO} 若存在虚空卡牌在你的弃牌堆, 抽一张牌.
K	EFFECT_SHADOWCASTER	抽一张牌. 你可以放逐一张卡牌从你的手牌. 若你如此做，抽额外的卡牌. 若当前事件为 虚空, 你可以也放逐一张卡牌在你的弃牌堆.
K	EFFECT_SHADOWELEMENTAL	获得${ICON_POWER2}.<br>若此 为被放逐从 任意处在期间你的回合, 获得${ICON_POWER2}.
K	EFFECT_SHADOWMENDER	获得${ICON_POWER3}.
K	EFFECT_SHADOWRIDGESCOUT	获得${ICON_POWER2}.<br>${LABEL_ECHO} 获得${ICON_DEATH}. <i>(获得此效果若 存在虚空卡牌在你的弃牌堆.)</i>
K	EFFECT_SHADOWSTALKER	你可以放逐一张卡牌在你的弃牌堆.<br>抽一张牌.
K	EFFECT_SHADOWSTAR	每回合一次，获得1战力。
K	EFFECT_SHADOWSTAR10TH	每回合一次，获得${ICON_POWER1}.
K	EFFECT_SHADOWSTARETER	每回合一次，获得${ICON_POWER1}.
K	EFFECT_SHARDFINDERCOMPASS	你可以放逐此牌以 获取所有的 宝藏s在中央牌列.
K	EFFECT_SHARDWINGBEETLE	${LABEL_REWARD} 获得${ICON_HONOR3}.<br>当你 击败此, 你可以支付 ${ICON_RUNE3} 以获得额外的 ${ICON_HONOR3}.
K	EFFECT_SHEPHERDOFTHELOST	获得${ICON_RUNE2}.<br>若此 为被放逐从你的手牌或 弃牌堆, 获得${ICON_HONOR5}.
K	EFFECT_SHIELDBEARER	抽一张牌.<br>你可以放逐一张卡牌在你的手牌或弃牌堆.
K	EFFECT_SHRINEATTENDANT	加入秘教士或 重装步兵以 你的手牌.
K	EFFECT_SIEGEMASTERSRAM	每回合一次，当你 打出机械神器 (包括此牌一) 或若 你控制的神殿, 获得${ICON_POWER2}.
K	EFFECT_SILENCEDPROPHET	抽一张牌.<br>放置你牌库顶的卡牌置入你的弃牌堆, 然后你可以放逐一张卡牌在你的手牌或弃牌堆.
K	EFFECT_SIREWOODELDER	获得${ICON_RUNE2}.<br>${LABEL_UNITE} 抽一张牌.
K	EFFECT_SISTEROFTHEWIND	放逐姐妹的 风和 卡牌在你的手牌中. 若你如此做，加入秘教士和/或重装步兵以 你的手牌.
K	EFFECT_SKYROCKETDRONE	获得${ICON_RUNE1} 和额外的 ${ICON_RUNE1} 若你控制的神器.
K	EFFECT_SMOKETYRANT	${LABEL_REWARD} 获得${ICON_HONOR4}. 放逐顶部七张卡牌的 传送门牌库. 放置所有宝藏s被放逐以此方式其下此.
K	EFFECT_SNAKESHAMAN	获得${ICON_RUNE1}. 若当前事件为 生命, 获得额外的 ${ICON_RUNE1}.<br>一次本回合, 你可以花费至多 ${ICON_RUNE4} 以获得该等量的 ${ICON_HONOR}.
K	EFFECT_SNAPDRAGON	每回合一次，获得1符文。每回合你首次打出命约英雄时，获得1荣誉。
K	EFFECT_SNAPDRAGON10TH	每回合一次，获得${ICON_RUNE1}.<br>${LABEL_UNITE} 每回合一次，若你 拥有打出过命约英雄, 获得${ICON_HONOR1}.
K	EFFECT_SNAPDRAGONWITCH	获得${ICON_HONOR1}.<br>抽一张牌.<br>若你 拥有更多 ${ICON_HONOR} 于每个其他玩家, 抽额外的卡牌.
K	EFFECT_SNOWSTRIDERLYCAN	获得${ICON_RUNE1}, ${ICON_HONOR1}, ${ICON_POWER1}, 和抽一张牌.
K	EFFECT_SOCKETALTAR	每回合一次，当你 放置机械神器进入战场 (包括此牌一), 获得${ICON_RUNE2}.
K	EFFECT_SOLARSENTRY	获得${ICON_RUNE2}.
K	EFFECT_SONNYLIGHTWIELDER	赋力 <i>(当你 获取此, 你可以放逐一张卡牌你 拥有打出过本回合.)</i><br>击败一个怪物无需支付费用. 若该 怪物会 进入以 虚空区, 你可以将它放置置入玩家之弃牌堆改为.
K	EFFECT_SORDIDASP	${LABEL_REWARD} 获得${ICON_HONOR1}, 然后偷取 ${ICON_HONOR2} 从对手以 最多的 ${ICON_HONOR} 若其拥有超过你.
K	EFFECT_SOULASSASSIN	获得${ICON_POWER2}.<br>下次你击败一个怪物在中央牌列本回合, 获得${ICON_RUNE2}.
K	EFFECT_SOULCOLLECTOR	每回合一次，加入灵魂指示物以 此若you've被击败怪物在中央牌列.<br>每回合一次，获得${ICON_POWER} 相等以 数量为灵魂指示物在 此.
K	EFFECT_SOULGEMARBITEROFFATE	抽一张牌.<br>你可以放逐一张卡牌在你的手牌或弃牌堆.
K	EFFECT_SOULGEMARHAINITIATE	抽一张牌.
K	EFFECT_SOULGEMARHATEMPLAR	击败一个怪物该 具有${ICON_POWER4} 或更低无需支付费用.
K	EFFECT_SOULGEMASCETICOFTHELIDLESSEYE	抽两张牌.
K	EFFECT_SOULGEMASKARAOFFATE	抽两张牌. 每位其他玩家可以抽一张牌. 然后你可以放逐一张卡牌在中央牌列.
K	EFFECT_SOULGEMAVATARGOLEM	获得${ICON_POWER2}.<br>获得${ICON_HONOR1} 以每个派系在你控制的神器之中.
K	EFFECT_SOULGEMDEMONSLAYER	获得${ICON_POWER3}.
K	EFFECT_SOULGEMDIMENSIONDIVER	获得${ICON_RUNE2}.<br>你可以将所有神器s作为机械神器本回合.
K	EFFECT_SOULGEMDRUIDSOFTHESTONECIRCLE	获取一个英雄费用为${ICON_RUNE3} 或更低无需支付费用. 将它放到你的牌库顶.
K	EFFECT_SOULGEMGREATOMENRAVEN	命名卡牌. 展示你牌库顶的卡牌和 将它放置置入你的手牌. 若它 为被命名为卡牌, 获得${ICON_HONOR3}.
K	EFFECT_SOULGEMLANDTALKER	获得${ICON_RUNE3}.
K	EFFECT_SOULGEMLIFEBOUNDINITIATE	获得${ICON_RUNE1} 和 ${ICON_HONOR1}.
K	EFFECT_SOULGEMMASTERDHARTHA	抽三张牌.
K	EFFECT_SOULGEMMECHANAINITIATE	获得${ICON_RUNE1} 或 ${ICON_POWER1}.
K	EFFECT_SOULGEMREACTORMONK	获得${ICON_RUNE2}.<br>你支付 ${ICON_RUNE1} 更低下次你获取神器本回合.
K	EFFECT_SOULGEMRUNICLYCANTHROPE	获得${ICON_RUNE2}.<br>若你打出过命约英雄本回合, 获得${ICON_POWER2}.
K	EFFECT_SOULGEMSEEROFTHEFORKEDPATH	抽一张牌. 你可以放逐一张卡牌在中央牌列.
K	EFFECT_SOULGEMSHADEOFTHEBLACKWATCH	获得${ICON_POWER2}.<br>你可以放逐一张卡牌在你的手牌或弃牌堆.
K	EFFECT_SOULGEMSPIKEVIXEN	获得${ICON_POWER1}.<br>抽一张牌.
K	EFFECT_SOULGEMVOIDINITIATE	获得${ICON_RUNE1}.<br>你可以放逐一张卡牌在你的手牌或弃牌堆.
K	EFFECT_SOULGEMWOLFSHAMAN	获得${ICON_RUNE1}.<br>抽一张牌.
K	EFFECT_SOULSHAPER	你可以放逐此牌或 另一卡牌在你的手牌中. 若你如此做，获得灵魂宝石. 若当前事件为 虚空, 你可以放逐一张卡牌在你的弃牌堆以 获得灵魂宝石改为.
K	EFFECT_SOULSNAREHUNTER	获得${ICON_POWER2}.<br>下次你击败一个怪物在中央牌列本回合, 获得${ICON_LIFE}.
K	EFFECT_SOULSUNBOUND	中央牌列中的怪物不可被放逐。<br>${LABEL_EVENT_TROPHY} 弃一张牌。若你如此做，获得一枚灵魂宝石。
K	EFFECT_SOWEROFBETRAYAL	${LABEL_REWARD} 获得${ICON_HONOR3}. 命名派系. 获得额外的 ${ICON_HONOR2} 以每个英雄的 该派系你 拥有打出过本回合.
K	EFFECT_SOWEROFDISCONTENT	${LABEL_REWARD} 获得${ICON_HONOR2}. 命名派系. 获得额外的 ${ICON_HONOR1} 以每个英雄的 该派系你 拥有打出过本回合.
K	EFFECT_SPARKBUG	每回合一次，若你 拥有打出过两 或更高机械卡牌 (包括此牌一), 获得${ICON_RUNE2}.
K	EFFECT_SPARKSPRAYER	每回合一次，你可以摧毁机械神器你控制的以 获得${ICON_POWER1}. 若当前事件为 机械, 获得额外的 ${ICON_POWER1}.
K	EFFECT_SPIDERWITCH	获得${ICON_HONOR2}.<br>${LABEL_UNITE} 获得灵魂宝石. <i>(获得此效果一次若 你打出或 拥有打出过另一命约英雄本回合.)</i>
K	EFFECT_SPIKEVIXEN	获得1战力。抽一张牌。
K	EFFECT_SPIKEVIXEN10TH	获得${ICON_POWER1}. 抽一张牌.
K	EFFECT_SPIKEVIXENETER	获得${ICON_POWER1}.<br>抽一张牌.
K	EFFECT_SPIKEVIXENRU	获得${ICON_POWER1}.<br>抽一张牌.
K	EFFECT_SPIREOFINSIGHT	每回合一次，若你控制的四 或更高机械神器, 你可以抽两张牌.
K	EFFECT_SPIREOFTHEWIND	每回合一次，你可以弃掉卡牌从你的手牌以 抽一张牌.<br>若它 为秘教士或 重装步兵, 抽 2 卡牌改为.
K	EFFECT_SPIRITMERCHANT	获得${ICON_ENERGY1}.<br>你可以放逐一张卡牌在你的手牌或弃牌堆.
K	EFFECT_SPIRITOFTHEANCIENTS	选择命约英雄从 任意Ascension扩展该 尚未被选择此 游戏. 复制效果的 所选英雄.
K	EFFECT_SPITEFULGLADIATOR	获得${ICON_POWER2}.<br>${LABEL_ECHO} 获得额外的 ${ICON_POWER2}. <i>(获得此效果若 存在虚空卡牌在你的弃牌堆.)</i>
K	EFFECT_STALKTHESHADOWS	此回合你可以击败怪物在 虚空区视为在中央牌列.
K	EFFECT_STARCALLERLEOTAN	获得${ICON_HONOR4}.
K	EFFECT_STARCHILD	获得${ICON_RUNE1} 和 ${ICON_HONOR1}.<br>抽一张牌.
K	EFFECT_STARLIGHTSANCTUM	每回合一次，获得${ICON_RUNE2}.<br>每回合一次，当你 获取一个英雄在中央牌列, 你可以获取一个英雄的 相等或更低er费用无需支付费用.
K	EFFECT_STARVEDABOMINATION	${LABEL_REWARD} 获得${ICON_HONOR3}. 获得${ICON_LIFE}.
K	EFFECT_STATICELEMENTAL	${LABEL_REWARD} 获得${ICON_HONOR5}. 每位对手放置所有神器s其控制的在 顶部的 其牌库在 随机秩序.
K	EFFECT_STEELWEAVER	获得${ICON_RUNE1}. 一次本回合, 当你 获取神器, 将其直接进入战场.<br>你可以支付 ${ICON_INSIGHT1} 以 <b>再次发生</b>. <i>(获得效果列出的上方额外的次. 你可以只再次发生一次.)</i>
K	EFFECT_STONEARTIFICERS	获得${ICON_RUNE2}. 你可以放置下一神器你 获取本回合直接进入战场.
K	EFFECT_STONEBLADETEMPLAR	展示和 放逐顶部卡牌的 传送门牌库. 若其 派系为:<br><b>圣贤:</b> 抽两张牌.<br><b>生命:</b> 获得${ICON_HONOR3}.<br><b>机械:</b> 获得${ICON_RUNE2}.<br><b>虚空:</b> 获得${ICON_POWER2}.<br><b>无派系：</b> 选择一 的效果上方.
K	EFFECT_STONECIRCLE	每回合一次，当你 获取一个英雄, 你可以将它放置放到你的牌库顶.
K	EFFECT_STONECIRCLEELDER	获取一个英雄费用为${ICON_RUNE5} 或更低无需支付费用. 将它放置放到你的牌库顶. 若当前事件为 生命, 抽一张牌.
K	EFFECT_STORMSMITHANVIL	每回合一次，当你 打出机械神器 (包括此牌一) 或若 你控制的神殿, 获得${ICON_RUNE1}.
K	EFFECT_SUNSTREAKCOURIER	获得${ICON_RUNE1} 和 ${ICON_POWER1}.
K	EFFECT_SURESHOTTRACKER	获得${ICON_POWER2}.<br>若你 打出或 拥有打出过闪光追踪者本回合, 抽一张牌.
K	EFFECT_SURGEPROTECTOR	选择一项： 获取一个神器以 费用 ${ICON_RUNE5} 或更低无需支付费用, 或击败一个怪物以 费用 ${ICON_POWER5} 或更低无需支付费用.
K	EFFECT_SURYALIGHTSSWORD	击败一个怪物在中央牌列无需支付费用. 若它 费用 ${ICON_POWER7} 或更高, 拿取额外回合在此之后.
K	EFFECT_SYNAPSESPIRE	每回合一次，当你 打出机械神器 (包括此牌一), 将一张卡牌加入你的梦境.
K	EFFECT_SYNCHRONIZER	每回合一次，当你 打出机械神器 (包括此牌一), 获得${ICON_RUNE1}.
K	EFFECT_SYRILRUNICALPHA	获得${ICON_RUNE3}.<br>${LABEL_UNITE} 获得${ICON_POWER3}. <i>(获得此效果一次若 你打出或 拥有打出过另一命约英雄本回合.)</i>
K	EFFECT_TABLETOFTHETEMPLAR	你可以摧毁此 以击败一个怪物的 费用 ${ICON_POWER4} 或更低无需支付费用.
K	EFFECT_TABLETOFTIMESDAWN	放逐此神器，然后在本回合后再进行一个额外回合。
K	EFFECT_TABLETOFTIMESDAWN10TH	你可以放逐此神器以 拿取额外回合在此之后.
K	EFFECT_TAHYRTHESUN	若所有卡牌在中央牌列为 ${ICON_DAY} 卡牌, 你可以获取此 无需支付费用.<br>获取一个卡牌在中央牌列无需支付费用.
K	EFFECT_TARIKTHETRICKSTER	${LABEL_REWARD} 获得${ICON_HONOR5}. 你可以选择英雄在中央牌列和 复制其效果.
K	EFFECT_TECHNOLOGICALLEAP	获取所有神器s在中央牌列无需支付其 费用.
K	EFFECT_TECTONICTHRASHER	${LABEL_REWARD} 获得${ICON_HONOR4}. 每位对手须选择和 摧毁两 神器s其控制的.
K	EFFECT_TECTONICTHRASHERETER	${LABEL_REWARD} 获得${ICON_HONOR4}. 每位对手须选择和 摧毁两 神器s其控制的.
K	EFFECT_TELETRANSMITTERBLUEPRINT	你可以支付 ${ICON_INSIGHT5} 以将此牌转化为艾玛的远传器.
K	EFFECT_TEMPLARDRAGOON	击败一个怪物以 费用 ${ICON_POWER4} 或更低无需支付费用, 或将一张卡牌加入你的梦境.
K	EFFECT_TEMPLARGENERAL	击败一个怪物以 费用 ${ICON_POWER4} 或更低无需支付费用.<br>${LABEL_SERENITY} 当你 获取此, 将它放置在你的手牌中.
K	EFFECT_TEMPLAROUTPOST	每回合一次，击败一个怪物在中央牌列以 费用 ${ICON_POWER4} 或更低无需支付费用.
K	EFFECT_TEMPLEGUARDIAN	击败一个怪物以 ${ICON_POWER5} 或更低无需支付费用. 若当前事件为 圣贤, 抽一张牌.
K	EFFECT_TEMPLELIBRARIAN	弃一张牌。若你如此做，抽两张牌。
K	EFFECT_TEMPLELIBRARIAN10TH	弃掉卡牌. 若你如此做，抽两张牌.
K	EFFECT_TEMPLEOFARHA	每回合一次，若你 拥有打出过秘教士或 重装步兵, 你可以抽一张牌.
K	EFFECT_TEMPLEOFDEATH	${ICON_DEATH}: 获得对以下的控制： 不朽神殿. 你可以放逐一张卡牌在你的手牌或弃牌堆.
K	EFFECT_TEMPLEOFHEROES	每回合一次，若你 拥有打出过命约英雄或 怪物, 获得${ICON_HONOR2}.
K	EFFECT_TEMPLEOFIMMORTALITY	每回合一次，选择派系. 当你 获取卡牌的 该派系, 若下一卡牌以 进入中央牌列为 也该 派系, 获取它 无需支付费用.
K	EFFECT_TEMPLEOFLIFE	${ICON_LIFE}: 获得对以下的控制： 不朽神殿. 获得${ICON_RUNE2}.
K	EFFECT_TEMPLEOFTHEWIND	每回合一次，你可以放逐一张卡牌在你的弃牌堆和 将它替换以 秘教士或 重装步兵.
K	EFFECT_TEMPORALEXCAVATOR	当此牌进入战场时, 加入七张th卡牌以 中央牌列. 当此 离开打出, 移除七张th卡牌从中央牌列.
K	EFFECT_TEMPORALEYE	当此牌进入战场时, 抽一张牌.<br>你可以放逐此牌和 另一时光之眼你控制的以 拿取额外回合.
K	EFFECT_TERMINITES	${LABEL_REWARD} 获得${ICON_HONOR3}. 每位对手摧毁最低费用神器其控制的.
K	EFFECT_TERRORIZINGFIEND	${LABEL_REWARD} 获得${ICON_HONOR2}. 抽两张牌.
K	EFFECT_TERRUSPARAGONOFSTRIFE	${LABEL_REWARD} 获得${ICON_HONOR5}. 每位对手弃掉随机卡牌从其手牌. 你可以选择卡牌已弃掉以此方式和 将它放置在你的手牌中.
K	EFFECT_TESTOFFAITH	展示传送门牌库顶的卡牌. 获取或 击败它 无需支付费用. 若你 获取一个英雄以此方式, 将它放置置入你的手牌.
K	EFFECT_TEYNWOLFKING	获得${ICON_RUNE4}.<br>${LABEL_UNITE} 若你 打出或gave打出过命约英雄本回合, 获得${ICON_POWER4}.
K	EFFECT_TH07TANK	每回合一次，你可以支付 ${ICON_INSIGHT1} 以获得${ICON_RUNE3}. 你可以花费它们只 以获取机械神器.
K	EFFECT_THEAETHERMOURNE	每回合一次，获得${ICON_POWER} 相等以 数量为怪物在 中央牌列.
K	EFFECT_THEALLSEEINGEYE	每回合一次，你可以抽一张牌。
K	EFFECT_THEALLSEEINGEYE10TH	每回合一次，你可以抽一张牌.
K	EFFECT_THECHROMECIRCLE	每回合一次，当你 打出机械或 生命神器 (包括此牌一), 获得${ICON_RUNE1} 和 ${ICON_HONOR1}.
K	EFFECT_THEDRAGONSEYE	当你 打出此, 获得${ICON_INSIGHT1}.<br>${LABEL_SERENITY} 每回合一次，获得${ICON_INSIGHT1}. <i>(获得此效果若 那里为 没有卡牌在你的弃牌堆.)</i>
K	EFFECT_THEDREAMSCRAPE	每回合一次，你可以摧毁另一一 的你的机械神器以 获得${ICON_RUNE2}.
K	EFFECT_THEGRANDDESIGN	每回合一次，获得2符文。你只能用它来获取机械神器。
K	EFFECT_THEGRANDDESIGN10TH	每回合一次，获得${ICON_RUNE2}. 你只能用它来获取机械神器。
K	EFFECT_THEGREATECLIPSE	当玩家获取命约英雄, 该玩家可以将它放置在 顶部的 其牌库.<br>${LABEL_EVENT_TROPHY} 命名英雄. 该英雄为 也生命本回合.
K	EFFECT_THEIRONHEART	每回合一次，获得${ICON_RUNE3}, ${ICON_POWER3}, 和 ${ICON_HONOR3}.
K	EFFECT_THEIRONSEVEN	${LABEL_REWARD} 获得${ICON_HONOR3}. 选择和 摧毁至多一 神器在 打出, 或返回神器从 你的弃牌堆以 你的手牌.
K	EFFECT_THEWORLDTREE	每回合一次，你可以支付至多 ${ICON_RUNE5} 以获得该等量的 ${ICON_HONOR}.<br>当你 打出命约英雄, 获得${ICON_RUNE1}.
K	EFFECT_THICKETFAMILIAR	赋力 <i>(当你 获取此, 你可以放逐一张卡牌你 拥有打出过本回合.)</i><br>展示你牌库顶的卡牌和 将它放置在你的手牌中. 若它 为卡牌以 赋力, 获得${ICON_HONOR2}.
K	EFFECT_THIEVINGGRYPHON	${LABEL_REWARD} 获得${ICON_HONOR2}. 获得${ICON_RUNE2}.
K	EFFECT_THORNEDCHARGER	${LABEL_REWARD} Gain${ICON_HONOR3}. 你可以放置英雄从 你的弃牌堆放到你的牌库顶.<br>${LABEL_RALLY_LIFEBOUND}.
K	EFFECT_THUNDERTEMPLAR	赋力 <i>(当你 获取此, 你可以放逐一张卡牌你 拥有打出过本回合.)</i><br>击败一个怪物以 费用 ${ICON_POWER5} 或更低无需支付费用.
K	EFFECT_TIDESTALKER	${LABEL_REWARD} 获得${ICON_HONOR4}.
K	EFFECT_TIDESTALKERETER	${LABEL_REWARD} 获得${ICON_HONOR4}.
K	EFFECT_TIMESTREAMSEER	获得${ICON_RUNE2}.<br>你可以放逐一张卡牌在中央牌列.
K	EFFECT_TINKERINGMONK	获得${ICON_RUNE2}.<br>你可以拥有每位玩家获得${ICON_HONOR} 相等以 数量为机械神器其控制的.
K	EFFECT_TOLLMASTERKYLEK	${LABEL_REWARD} 获得${ICON_HONOR6}. 获取所有传送门在中央牌列无需支付费用.
K	EFFECT_TOMEOFERABUS	每回合一次，获得${ICON_ENERGY1}.
K	EFFECT_TORICASCENDANT	获取一个英雄无需支付费用和 将它放置置入你的手牌.
K	EFFECT_TORICDEVOTEDDISCIPLE	复制效果的 英雄在中央牌列.
K	EFFECT_TORMENTEDSOUL	奖励：获得1荣誉。抽一张牌。
K	EFFECT_TORMENTEDSOUL10TH	${LABEL_REWARD} 获得${ICON_HONOR2}. 抽一张牌.
K	EFFECT_TORMENTLEGIONARY	${LABEL_REWARD} 获得${ICON_HONOR6}. 获取一个梦生卡牌在中央牌列无需支付费用.
K	EFFECT_TOWERASKARA	抽三张牌, 然后弃掉两 卡牌或 一圣贤卡牌.
K	EFFECT_TREASUREHUNTER	获得${ICON_POWER2}.<br>你可以支付 ${ICON_POWER1} 更低下次你击败一个怪物以 宝藏其下它 本回合.
K	EFFECT_TREASURESOFTHESTUDY	每回合一次，你可以弃掉两 卡牌. 若你如此做，获得${ICON_HONOR3}.
K	EFFECT_TREEOFBOUNTY	${LABEL_PLUNDER}每回合一次，若你 获取卡牌和 击败一个怪物, 两者在中央牌列, 获得${ICON_HONOR3}.
K	EFFECT_TRINKETHARPY	${LABEL_REWARD} 获得${ICON_HONOR3}. 将一张卡牌加入你的梦境.
K	EFFECT_TROPHYHUNTER	获得${ICON_POWER2}.<br>你支付 ${ICON_POWER1} 更低下次你击败战利品怪物本回合.
K	EFFECT_TRUTHSEEKER	抽一张牌. 你可以放逐一张卡牌在中央牌列. 若下一卡牌以 进入中央牌列为 宝藏, 获取它.
K	EFFECT_TURTLERMERCHANT	获得${ICON_HONOR5}.<br>你可以返回 ${ICON_HONOR} 以池 相等以 ${ICON_HONOR} 的英雄或 神器在 中央牌列. 若你如此做，获取它.
K	EFFECT_TUSKRIDER	抽一张牌.<br>${LABEL_UNITE} 获得${ICON_POWER4}.
K	EFFECT_TWILIGHTSCOUT	抽一张牌.
K	EFFECT_TWISTEDTYRANT	${LABEL_REWARD} 获得${ICON_HONOR6}.
K	EFFECT_TWOFOLDASKARA	复制本回合打出的一张英雄的效果。
K	EFFECT_TWOFOLDASKARA10TH	复制本回合打出的一张英雄的效果。
K	EFFECT_TYRANYXTHEPILLAGER	你可以花费 ${ICON_POWER} 此外还 ${ICON_RUNE} 以获取此.<br>你可以花费 ${ICON_POWER} 此外还 ${ICON_RUNE} 以获取机械神器.
K	EFFECT_ULANSFIST	每回合一次，获得${ICON_POWER2}.<br>每回合一次，若你 拥有打出过乌兰, 粉碎者, 获得额外的 ${ICON_POWER2}.
K	EFFECT_ULANTHECRUSHER	赋力 <i>(当你 获取此, 你可以放逐一张卡牌你 拥有打出过本回合.)</i><br>获得${ICON_POWER4}.<br>若你控制的乌兰的拳, 抽一张牌.
K	EFFECT_ULUASKARAPRINCE	复制本回合打出的一张英雄的效果。 此效果不能是 被复制.
K	EFFECT_UMBRALEDGE	每回合一次，获得${ICON_POWER2}. 获得额外的 ${ICON_POWER2} 若你控制的半影刃锋.
K	EFFECT_UMBRALEDGEETER	每回合一次，获得${ICON_POWER2}. 获得额外的 ${ICON_POWER2} 若你控制的半影刃锋.
K	EFFECT_UNBOUNDEMISSARY	你可以花费 ${ICON_INSIGHT} 视为 ${ICON_RUNE} 以获取此.<br>获取或 击败任意卡牌在中央牌列或 你的梦境无需支付费用.
K	EFFECT_UNCHAINEDFATES	${LABEL_REWARD} 获得${ICON_HONOR5}.
K	EFFECT_UNDAUNTEDSCOUT	当你 获取此, ${LABEL_RALLY_VOID}.<br>获得${ICON_POWER2}.
K	EFFECT_UNSPEAKABLEDOOM	${LABEL_REWARD} 获得${ICON_HONOR5}. 每位对手展示其 手牌. 获得额外的 ${ICON_HONOR2} 以每个怪物已展示以此方式.
K	EFFECT_UPGRADEFOUNDRY	每回合一次，当你 获取机械卡牌, 抽两张牌.
K	EFFECT_VALIANTASCETIC	你可以放逐此牌以 击败一个怪物以 费用 ${ICON_POWER5} 或更低无需支付费用.
K	EFFECT_VANDALSOUL	${LABEL_REWARD} 获得${ICON_HONOR3}. 每位对手摧毁最低费用神器其控制的.
K	EFFECT_VAULTBREAKERWURM	${LABEL_REWARD} 获得${ICON_HONOR4}. 每位对手须放置其 最高费用神器置入其弃牌堆. (他们选择在 情况的 平局).
K	EFFECT_VAULTLICH	${LABEL_REWARD} 获得${ICON_HONOR3}. 你可以放逐一张卡牌在中央牌列以 宝藏其下它.
K	EFFECT_VAULTSPHINX	${LABEL_REWARD} 获得${ICON_HONOR2}.
K	EFFECT_VEDAHSAGEOFSWORDS	展示传送门牌库顶的卡牌. 抽起它或击败它无需支付费用.
K	EFFECT_VENOMPRIESTESS	获得${ICON_POWER2}.<br>你可以放逐一张卡牌你 拥有打出过本回合或 在你的弃牌堆.
K	EFFECT_VERDAGRISTHEWILD	获得${ICON_RUNE4}.<br>每位次 你获取一个英雄本回合, 获得${ICON_INSIGHT} 相等以 其 ${ICON_HONOR} 值.
K	EFFECT_VERDANTCHANTER	获得${ICON_RUNE2}.
K	EFFECT_VERDANTCROWN	每回合一次，获得${ICON_HONOR2}.
K	EFFECT_VERDANTELEMENTAL	获得${ICON_HONOR3}.<br>若此 为被放逐从 任意处在期间你的回合, 获得${ICON_HONOR3}.
K	EFFECT_VERDANTHATCHLING	获得${ICON_HONOR2}.<br>${LABEL_UNITE} 获得${ICON_RUNE2}.
K	EFFECT_VEYAHANDMAIDENOFLOGOS	选择一项： 获取一个英雄以 费用 ${ICON_RUNE6} 或更低无需支付费用, 或击败一个怪物以 费用 ${ICON_POWER6} 或更低无需支付费用.
K	EFFECT_VIGILSRESOLVE	当你 打出秘教士, 获得${ICON_RUNE1}.<br>当你 打出重装步兵, 获得${ICON_POWER1}.
K	EFFECT_VINEWEAVER	<br>获得${ICON_HONOR4}.<br><br>
K	EFFECT_VIRASCETICMASTER	当此 为在你的手牌中, 若你 拥有打出过英雄的 每个派系本回合, 将此牌转化为维尔, 昙花古鲁.<br>获取一个英雄在中央牌列无需支付费用和 将它放置在你的手牌中.
K	EFFECT_VIREPHEMERALGURU	获取所有英雄在中央牌列无需支付费用和 放置它们在你的手牌中.
K	EFFECT_VOIDAMATHYSTDEFENDER	获得${ICON_POWER2}.<br>${LABEL_ECHO} 获得${ICON_INSIGHT2}. (<i>获得此效果若 存在虚空卡牌在你的弃牌堆.</i>)
K	EFFECT_VOIDAVENGER	获得${ICON_POWER3}.<br>下次你击败一个怪物在中央牌列本回合, 获得灵魂宝石.
K	EFFECT_VOIDCYCLERBLUEPRINT	你可以支付 ${ICON_INSIGHT5} 以将此牌转化为艾玛的虚空循环器.
K	EFFECT_VOIDEMISSARY	抽一张牌.<br>联合-使者: 获得${ICON_POWER2}. (获得此效果一次若 你打出或 拥有打出过另一使者本回合.)
K	EFFECT_VOIDFEEDER	每回合一次，获得${ICON_POWER1}.
K	EFFECT_VOIDFORGEDPALADIN	获得${ICON_POWER2}.<br> 首先次 你击败一个怪物在中央牌列本回合, 抽两张牌.
K	EFFECT_VOIDINITIATE	获得1符文。你可以放逐一张手牌或弃牌堆中的卡牌。
K	EFFECT_VOIDINITIATE10TH	获得${ICON_RUNE1}.<br>你可以放逐一张卡牌在你的手牌或弃牌堆.
K	EFFECT_VOIDMESMER	获得${ICON_POWER2}.<br>下次你击败一个怪物本回合, 你可以获取一个英雄的 相等或更低er费用.
K	EFFECT_VOIDMILITIA	获得${ICON_POWER1}.<br>你可以支付 ${ICON_POWER1} 更低下次你击败一个怪物在中央牌列本回合.
K	EFFECT_VOIDRAGER	获得${ICON_POWER2}. 下次你击败一个怪物在中央牌列本回合, 获得${ICON_INSIGHT1}.
K	EFFECT_VOIDREMNANT	${LABEL_REWARD} 获得${ICON_HONOR4}.<br>若你打出过或 已获取虚空卡牌本回合, 你可以放逐至多两 卡牌从你的手牌或 弃牌堆.
K	EFFECT_VOIDRIFTSTALKER	赋力 <i>(当你 获取此, 你可以放逐一张卡牌你 拥有打出过本回合.)</i><br>获得${ICON_POWER3}.<br>若存在虚空卡牌在你的弃牌堆, 抽一张牌.
K	EFFECT_VOIDRISING	每回合一次，当玩家击败怪物在 中央牌列, 该玩家获得 ${ICON_HONOR1}.<br>${LABEL_EVENT_TROPHY} 放逐一张卡牌在你的手牌或弃牌堆.
K	EFFECT_VOIDSPEAKER	获得${ICON_POWER2}.<br>${LABEL_ECHO} 获得${ICON_RUNE3}. <i>(获得此效果若 存在虚空卡牌在你的弃牌堆.)</i>
K	EFFECT_VOIDSPEAKERETER	获得${ICON_POWER2}.<br>${LABEL_ECHO} 若存在虚空卡牌在你的弃牌堆, 获得${ICON_RUNE3}.
K	EFFECT_VOIDSWORNCHAMPION	获得${ICON_POWER4}.
K	EFFECT_VOIDSWORNWARRIOR	获得${ICON_POWER1}.
K	EFFECT_VOIDTHIRSTER	每回合一次，获得1战力。每回合你首次击败中央牌列中的怪物时，获得1荣誉。
K	EFFECT_VOIDTHIRSTER10TH	每回合一次，获得${ICON_POWER1}.<br>每回合你首次击败中央牌列中的怪物时, 获得${ICON_HONOR1}.
K	EFFECT_VYRAKTHEFIRST	你可以花费 ${ICON_POWER} 作为 ${ICON_RUNE} 以获取此.<br>获得${ICON_HONOR10}.
K	EFFECT_WAILINGSPECTRE	${LABEL_REWARD} 获得${ICON_HONOR4}. 你可以放逐至多两 卡牌在你的弃牌堆.
K	EFFECT_WANDERINGASKARA	抽一张牌, 然后你可以放逐一张卡牌在中央牌列.<br>若你打出过另一流浪阿斯卡拉本回合, 你可以放逐两者卡牌以 拿取另一回合在此之后.
K	EFFECT_WARPDRUID	${LABEL_REWARD} 获得${ICON_HONOR2}. 你可以放逐一张卡牌在你的手牌或弃牌堆.<br>${LABEL_DREAMBIND} ${ICON_INSIGHT1}.
K	EFFECT_WARPROGUE	${LABEL_REWARD} 获得${ICON_HONOR3}. 拿取${ICON_INSIGHT1} 从对手.<br>${LABEL_DREAMBIND} ${ICON_INSIGHT3}.
K	EFFECT_WARTORNARBITER	获得${ICON_POWER1}. 你可以放逐一张卡牌在你的手牌或弃牌堆.
K	EFFECT_WATCHMAKERSALTAR	每回合一次，获得1符文。你只能用它来获取机械神器。
K	EFFECT_WATCHMAKERSALTAR10TH	每回合一次，获得${ICON_RUNE1}. 你只能用它来获取机械神器。
K	EFFECT_WATCHTOWERGOLEM	每回合一次，若你 打出机械神器 (包括此牌一) 或若 它为 昼, 获得${ICON_POWER2}.
K	EFFECT_WATERELEMENTAL	抽一张牌.<br>若此 为被放逐从 任意处在期间你的回合, 抽两张牌.
K	EFFECT_WEAPON303V	每回合一次，当你 打出机械神器 (包括此牌一), 你获得${ICON_POWER3}.
K	EFFECT_WEBCLAW	${LABEL_REWARD} 获得${ICON_HONOR3}. 每位对手以 三或更高神器s在打出摧毁神器其控制的.
K	EFFECT_WEREBOAR	获得${ICON_POWER2}.<br>${LABEL_UNITE} 获得${ICON_RUNE3}.
K	EFFECT_WHIRLWINDASCETIC	抽三张牌, 然后弃掉两 卡牌. 你可以返回秘教士和 重装步兵已弃掉以此方式以 你的手牌.
K	EFFECT_WICKEDEND	击败一个怪物在中央牌列无需支付费用.
K	EFFECT_WILDBARKMAIL	每回合一次，若你 拥有被击败怪物在中央牌列, 获得${ICON_HONOR2}.
K	EFFECT_WILDCALLSTAFF	每回合一次，你支付 ${ICON_RUNE2} 更低以 获取卡牌以 宝藏其下它.
K	EFFECT_WILDFIREELEMENTAL	${LABEL_REWARD} 获得${ICON_HONOR4}. 选择至多两 卡牌在中央牌列和 放逐它们.
K	EFFECT_WILDGEARDRUID	获得${ICON_RUNE2}.<br>若你控制的两 或更高神器s, 获得${ICON_HONOR2}.
K	EFFECT_WILDGEARSOWER	获得${ICON_RUNE2}.<br>获得${ICON_HONOR1} 以每个派系在你控制的神器之中. (派系为圣贤, 生命, 机械和 虚空).
K	EFFECT_WILDRIFTDRAKE	${LABEL_REWARD} 获得${ICON_HONOR4}. 你可以放逐至多两 卡牌从你的手牌或 弃牌堆.
K	EFFECT_WINDTYRANT	奖励：获得3荣誉。获得3符文。
K	EFFECT_WINDTYRANT10TH	${LABEL_REWARD} 获得${ICON_HONOR3} 和 ${ICON_RUNE3}.
K	EFFECT_WOLFACOLYTE	获得${ICON_RUNE1}.<br>${LABEL_UNITE} 抽一张牌. <i>(获得此效果一次若 你打出或 拥有打出过另一命约英雄本回合.)</i>
K	EFFECT_WOLFSHAMAN	获得1符文。抽一张牌。
K	EFFECT_WOLFSHAMAN10TH	获得${ICON_RUNE1}.<br>抽一张牌.
K	EFFECT_WOLFSHAMANRU	获得${ICON_RUNE1}.<br>抽一张牌.
K	EFFECT_WORKSHOPGARGOYLE	每回合一次，当你 获取机械卡牌, 获得${ICON_HONOR1}.
K	EFFECT_WORKSHOPGARGOYLEETER	每回合一次，当你 获取机械卡牌, 获得${ICON_HONOR1}.
K	EFFECT_WRECKLAMAX	每回合一次，若你 打出机械神器 (包括此牌一) 或若 它为 昼, 抽一张牌.
K	EFFECT_XERONDUKEOFLIES	<sprite=4>
K	EFFECT_XERONDUKEOFLIES10TH	${LABEL_REWARD} 获得${ICON_HONOR4}. 拿取一张卡牌随机从 每位对手之手牌和 将那些卡牌加入以 你的手牌.
K	EFFECT_XERONDUKEOFLIESETER	${LABEL_REWARD} 获得${ICON_HONOR4}. 拿取一张卡牌随机从 每位对手之手牌和 将那些卡牌加入以 你的手牌.
K	EFFECT_XERONFALSEALLY	获得${ICON_RUNE5}.<br>获得额外的 ${ICON_RUNE2} 以每个怪物你 打出或 拥有打出过本回合.
K	EFFECT_XERONLORDOFDEOFOL	${LABEL_REWARD} 获得${ICON_HONOR6}.
K	EFFECT_XERONSTRIAL	当你 打出怪物, 获得${ICON_POWER2}.<br>支付 ${ICON_POWER8}: 将此牌转化为泽伦, 伪盟者和 获取它.
K	EFFECT_YGGDRASILCANOPY	当你 会获得${ICON_HONOR} 没有击败怪物, 获得两次该 等量的 ${ICON_HONOR} 改为.
K	EFFECT_YGGDRASILSTAFF	每回合一次，获得1战力。若你本回合打出过命约英雄，获得2荣誉。
K	EFFECT_YGGDRASILSTAFF10TH	每回合一次，获得${ICON_POWER1}.<br>每回合一次，你可以花费 ${ICON_RUNE4} 以获得${ICON_HONOR3}.
K	EFFECT_YOLOCRYXTHEGUARDIAN	获得${ICON_POWER5} 和额外的 ${ICON_POWER1} 以每个机械神器你控制的.<br>当你 打出机械神器, 你可以将此牌返回从 你的弃牌堆以 你的手牌.
K	EFFECT_YUKTRIBEGREMLIN	${LABEL_REWARD} 获得${ICON_HONOR1}.<br>${LABEL_INFEST} 当你 击败尤克部落小妖, 你可以将它放置置入玩家之弃牌堆.<br><i>(怪物拥有没有效果当 打出过从 手牌.)</i>
K	EFFECT_YUKTRIBEOUTCAST	抽一张牌.<br>放逐一张卡牌在中央牌列. 然后你可以放逐尤克部落放逐者或 尤克部落小妖在你的手牌中以 获取或 击败卡牌在中央牌列无需支付费用.
K	EFFECT_YUREYEOFCHAOS	${LABEL_REWARD} 获得${ICON_HONOR4}. 抽三张牌.
K	EFFECT_ZEROPOINTREACTOR	每回合一次，获得${ICON_RUNE2}.
K	EFFECT_ZINTASBRACERS	每回合一次，若你 拥有已获得 ${ICON_INSIGHT2} 或更高, 获得${ICON_POWER2}.
K	EFFECT_ZISDREAMREAPER	${LABEL_REWARD} 获得${ICON_HONOR5}. 拿取${ICON_INSIGHT2} 从每位对手.
K	ENERGY_ARHAMENTOR	${LABEL_ENERGIZE} ${ICON_ENERGY2}: 抽一张牌.
K	ENERGY_AZERAXOFTHEBLACKWATCH	${LABEL_ENERGIZE} ${ICON_ENERGY4}: 将此牌转化为阿泽拉克斯, 尼克斯的天选者. (忽略此牌的其余卡牌之效果.)
K	ENERGY_BLACKWATCHVANQUISHER	${LABEL_ENERGIZE} ${ICON_ENERGY3}: 获得额外的 ${ICON_POWER2}.
K	ENERGY_COGNITIONCOURIER	${LABEL_ENERGIZE}: 你支付 ${ICON_RUNE1} 更低下次你获取神器本回合以 每个 ${ICON_ENERGY} 你拥有已获得本回合.
K	ENERGY_DARKWALKER	${LABEL_ENERGIZE} ${ICON_ENERGY1}: 你可以放逐一张卡牌在你的手牌或弃牌堆.
K	ENERGY_DENDRISTHEGLADEWYRM	${LABEL_ENERGIZE} ${ICON_ENERGY3}: 获得额外的 ${ICON_RUNE2}, ${ICON_POWER2}, 和 ${ICON_HONOR2}.
K	ENERGY_DEVIANTFIEND	${LABEL_ENERGIZE}: 获得额外的 ${ICON_HONOR1} 以每个 ${ICON_ENERGY} 你拥有已获得本回合.
K	ENERGY_FIRESTORMEFFIGY	${LABEL_ENERGIZE} ${ICON_ENERGY1}: 你可以放逐额外的卡牌在你的手牌或弃牌堆.
K	ENERGY_FORESIGHTMONACLE	${LABEL_ENERGIZE} ${ICON_ENERGY4}: 一次本回合, 获得${ICON_RUNE1} 以每个机械神器你控制的.
K	ENERGY_GEMCATCHERSPIRIT	${LABEL_ENERGIZE} ${ICON_ENERGY2}: 将此牌转化为异界向导. (忽略此牌的其余卡牌之效果.)
K	ENERGY_HERALDOFDOOM	${LABEL_ENERGIZE} ${ICON_ENERGY7}: 改为， 获取和 击败所有卡牌在中央牌列无需支付费用.
K	ENERGY_HONISKROTTRIBESMAN	${LABEL_ENERGIZE} ${ICON_ENERGY2}: 将此牌转化为霍尼斯克洛特酋长. (忽略此牌的其余卡牌之效果.)
K	ENERGY_ILLIYATHEDEMONBORN	${LABEL_ENERGIZE}: 获得额外的 ${ICON_POWER1} 以每个 ${ICON_ENERGY} 你拥有已获得本回合.
K	ENERGY_JAKEBCOBRASHAMAN	${LABEL_ENERGIZE} ${ICON_ENERGY4}: 将此牌转化为杰克布, 眼镜蛇王. (忽略此牌的其余卡牌之效果.)
K	ENERGY_LEOTANSFAMILIAR	${LABEL_ENERGIZE} ${ICON_ENERGY1}: 获得${ICON_HONOR2}.
K	ENERGY_LIFEBOUNDMUSE	${LABEL_ENERGIZE} ${ICON_ENERGY2}: 改为， 获取任意英雄无需支付费用.
K	ENERGY_MONASTICTUTOR	${LABEL_ENERGIZE} ${ICON_ENERGY1}: 放置所获取的卡牌置入你的手牌.
K	ENERGY_MOSAICHORN	${LABEL_ENERGIZE} ${ICON_ENERGY2}: 一次本回合, 获得${ICON_RUNE2}.
K	ENERGY_OGODEMONTRAP	${LABEL_ENERGIZE} ${ICON_ENERGY4}: 一次本回合, 获得${ICON_HONOR3}.
K	ENERGY_OXIPEDE	${LABEL_ENERGIZE} ${ICON_ENERGY2}: 获得${ICON_HONOR2}.
K	ENERGY_PLUNDERDEVIL	${LABEL_ENERGIZE} ${ICON_ENERGY2}: 改为， 你可以获取一个英雄或 神器以 费用 ${ICON_RUNE6} 或更低无需支付费用.
K	ENERGY_PORTABILLET	${LABEL_ENERGIZE} ${ICON_ENERGY5}: 一次本回合, 抽一张牌.
K	ENERGY_PROTOTYPECH32	${LABEL_ENERGIZE} ${ICON_ENERGY1}: 一次本回合, 当你 获取机械神器, 你可以将其直接进入战场.
K	ENERGY_RAGINGURSINE	${LABEL_ENERGIZE} ${ICON_ENERGY2}: 获得${ICON_RUNE2}.
K	ENERGY_RAVENSIREN	${LABEL_ENERGIZE}: 你支付 ${ICON_RUNE1} 更低以 每个 ${ICON_ENERGY} 你拥有已获得本回合下次你获取一个英雄本回合.
K	ENERGY_REACTORSHRINE	${LABEL_ENERGIZE} ${ICON_ENERGY2}: 一次本回合, 获得${ICON_HONOR1} 以每个机械神器你控制的.
K	ENERGY_RIFTWALKERSAXE	${LABEL_ENERGIZE} ${ICON_ENERGY2}: 一次本回合, 获得${ICON_POWER2}.
K	ENERGY_RIGHTEOUSTEMPLAR	${LABEL_ENERGIZE} ${ICON_ENERGY3}: 改为， 击败任意怪物无需支付费用.
K	ENERGY_RUNICHONISKROT	${LABEL_ENERGIZE} ${ICON_ENERGY3}: 获得${ICON_POWER2}.
K	ENERGY_SCRAPSCRABBLER	${LABEL_ENERGIZE} ${ICON_ENERGY2}: 将此牌转化为翻捡小队. (忽略此牌的其余卡牌之效果.)
K	ENERGY_STARCALLERLEOTAN	${LABEL_ENERGIZE}: 获得额外的 ${ICON_HONOR1} 以每个 ${ICON_ENERGY} 你拥有已获得本回合.
K	ENERGY_TABLETOFTHEDREAMER	${LABEL_ENERGIZE} ${ICON_ENERGY4}: 一次本回合, 获取或 击败任意卡牌在中央牌列无需支付费用.
K	ENERGY_TORICDEVOTEDDISCIPLE	${LABEL_ENERGIZE} ${ICON_ENERGY4}: 将此牌转化为托里克, 飞升者. (忽略此牌的其余卡牌之效果.)
K	ENERGY_TWISTEDTYRANT	${LABEL_ENERGIZE} ${ICON_ENERGY3}: 抽三张牌.
K	ENERGY_ULUASKARAPRINCE	${LABEL_ENERGIZE} ${ICON_ENERGY2}: 复制所选效果额外的次.
K	ENERGY_VEYAHANDMAIDENOFLOGOS	${LABEL_ENERGIZE} ${ICON_ENERGY2}: 改为， 你可以选择两者.
K	ENERGY_VOIDFEEDER	${LABEL_ENERGIZE} ${ICON_ENERGY2}: 一次本回合, 你可以放逐一张卡牌在你的手牌或弃牌堆.
K	ENERGY_VOIDSWORNWARRIOR	${LABEL_ENERGIZE} ${ICON_ENERGY2}: 将此牌转化为誓虚冠军. (忽略此牌的其余卡牌之效果.)
K	ENERGY_WEBCLAW	${LABEL_ENERGIZE} ${ICON_ENERGY3}: 改为， 每位对手摧毁神器其控制的.
K	ENERGY_YOLOTHIANMONOLITH	${LABEL_ENERGIZE} ${ICON_ENERGY4}: 将此牌转化为约洛克瑞克斯, 守卫和 将它放置置入你的手牌.
K	ENERGY_ZETAARSENAL	${LABEL_ENERGIZE} ${ICON_ENERGY3}: 一次本回合, 获得${ICON_POWER1} 以每个机械神器你控制的.
K	FATE_AEGISKNIGHT	天命： 竞拍 ${ICON_INSIGHT} 以获得效果下方.
K	FATE_ARBITEROFFATE	${LABEL_FATE} 当此牌进入中央牌列时, 每位玩家可以放逐一张卡牌从其手牌或 弃牌堆.
K	FATE_ASKARAOFFATE	${LABEL_FATE} 当此牌进入中央牌列时, 每位玩家可以抽一张牌.
K	FATE_DARKENERGYSHARD	${LABEL_FATE} 每位玩家可以放逐一张卡牌在 其弃牌堆.
K	FATE_DEATHSWORNWARRIOR	${LABEL_FATE} 每位玩家可以放逐一张卡牌从其手牌或 弃牌堆.
K	FATE_DREAMMACHINE	${LABEL_FATE} 当此牌进入中央牌列时, 每位玩家可以返回神器其控制的以 其手牌.
K	FATE_EMRISOULSLAYER	${LABEL_FATE} 每位玩家可以放逐至多两 卡牌从其手牌和/或弃牌堆.
K	FATE_HONEYSIREN	${LABEL_FATE} 当蜜 海妖进入中央牌列, 每位玩家可以放置英雄从 其弃牌堆在 顶部的 其牌库.
K	FATE_INFERNATEMPLAR	天命： 竞拍 ${ICON_INSIGHT} 以获得效果下方.
K	FATE_JOURNEYMANSAGE	${LABEL_FATE} 当此牌进入中央牌列时, 每位玩家可以放逐英雄在其手牌中以 获取秘教士或 重装步兵和 加入其手牌.
K	FATE_KYTHISTHEGATEKEEPER	${LABEL_FATE} 当此牌进入中央牌列时, 拿取传送门牌库顶的卡牌和 放置它 面朝下置于其下此. 若此 离开中央牌列, 将它替换以 该卡牌.
K	FATE_LOAMSPEAKERDRUID	${LABEL_FATE} 当此牌进入中央牌列时, 以每个宝藏其下此, 加入${ICON_HONOR10} 以 ${ICON_HONOR} 池.
K	FATE_MONKOFTHELIDLESSEYE	${LABEL_FATE} 当此牌进入中央牌列时, 以每个宝藏其下此, 每位玩家抽 卡牌.
K	FATE_NEMESIS	${LABEL_FATE} 当此牌进入中央牌列时, 放逐当前事件.
K	FATE_NOOKHOUND	${LABEL_FATE} 当此牌进入中央牌列时, 每位玩家可以查看牌库顶卡牌的 其牌库. 他们可以将它放置置入其弃牌堆.
K	FATE_OMNICRON	${LABEL_FATE} 当此牌进入中央牌列时, 若存在宝藏其下此, 加入七张th卡牌以 中央牌列.
K	FATE_RATKING	${LABEL_FATE} 当此牌进入中央牌列时, 放置一张巨鼠在 顶部的 每个其他卡牌在中央牌列.
K	FATE_RAVENOUSGORPH	${LABEL_FATE} 当此牌进入中央牌列时, 放逐所有卡牌相邻以 它.
K	FATE_RECLAMAX	${LABEL_FATE} 当此牌进入中央牌列时, 每位玩家可以选择神器在 其弃牌堆和 将它放置在其手牌中.
K	FATE_SHIELDBEARER	天命： 竞拍 ${ICON_INSIGHT} 以获得效果下方.
K	FATE_SPIRITMERCHANT	${LABEL_FATE} 当此牌进入中央牌列时, 以每个宝藏其下此, 每位玩家可以放逐一张卡牌在其手牌中或 弃牌堆.
K	FATE_STONECIRCLE	${LABEL_FATE} 当此牌进入中央牌列时, 每位玩家可以获取秘教士. 将它放置在 顶部的 其牌库.
K	FATE_TOLLMASTERKYLEK	${LABEL_FATE} 放逐所有其他卡牌在中央牌列和 将它们替换以 传送门.
K	FATE_VAULTLICH	${LABEL_FATE} 当此牌进入中央牌列时, 放逐每个卡牌在中央牌列以 宝藏其下它.
K	FATE_VINEWEAVER	天命： 竞拍 ${ICON_INSIGHT} 以获得效果下方.
K	FLAVOR_AARONTHEGODSLAYER	No fiend may stand against he who slew The Fallen One.
K	FLAVOR_ABOLISHER	The souls were too many for the Arbiter castes to erase.
K	FLAVOR_ABOLISHERETER	The souls were too many for the Arbiter castes to erase.
K	FLAVOR_ADAMBUILDERADEPT	He can always find a use for it.
K	FLAVOR_ADAYUTHEOMNIPOTENT	We are dreams, and he the dreamer." -Master Dhartha
K	FLAVOR_ADAYUTHETORMENTED	The cracks of pain and suffering have begun to spread in his mind. If he is lost, all of us are." -Master Dhartha
K	FLAVOR_AETHERCHANNELER	When plans fail, look to the chaos for answers.
K	FLAVOR_AETHERCURATOR	You need simply open a book and a new world awaits.
K	FLAVOR_AETHERSPRINGWITCH	The water pooled at the base of Yggdrasil offers reflections from the tree's entire lifespan.
K	FLAVOR_AETHERWARRIOR	My blade severs both flesh and soul.
K	FLAVOR_AIRSUPPORTSQUADRON	surely you can't be serious
K	FLAVOR_AIYANASMESSENGER	On cloudy nights in Ogo, the stars have couriers.
K	FLAVOR_AIYANASMESSENGERETER	On cloudy nights in Ogo, the stars have couriers.
K	FLAVOR_ALLURINGSHAMAN	His song can calm even the most restless.
K	FLAVOR_ALSETMONKPRODIGY	He starts with the impossible.
K	FLAVOR_ALSETREACTORSAVANT	The machines hum to his tune.
K	FLAVOR_ANCIENTSTAG	Instead of seeking the Temples themselves, the pathfinders sought the aid of the forest-dwellers.
K	FLAVOR_ANIMUSOFTHEWILD	Even the trees of Ogo have something to teach if you listen long enough.
K	FLAVOR_ANIMUSOFTHEWILDETER	Even the trees of Ogo have something to teach if you listen long enough.
K	FLAVOR_ANOINTEDASKARA	The first lesson the Arha teach their young is that there will always be more lessons.
K	FLAVOR_ARANYXTHEGLUTTON	Are you going to eat that?
K	FLAVOR_ARBITERCIRCLET	Demon bone and one hundred souls.
K	FLAVOR_ARBITEROFTHELOST	As others sought to hoard the shards, I sought to harness their power.
K	FLAVOR_ARBITEROFTHEPRECIPICE	「记忆与历史与我无关。这污秽之物本不该存在。如今，它将如同从未存在过。」
K	FLAVOR_ARBITEROFTHEPRECIPICE10TH	在锯齿般的城市之外，<br>它们立于深渊边缘。
K	FLAVOR_ARBITERSCENSER	It lights the way to the next victim.
K	FLAVOR_ARHAHISTORIAN	Heroic acts undertaken by common people make for the best tales.
K	FLAVOR_ARHAINITIATE	Nellin observed the whirling movements of the Initiates. "Are they practicing forms?" he asked. "No," came the instructor's reply. "They are meditating.
K	FLAVOR_ARHAINITIATE10TH	A meditation of whirling steel and lethal clarity
K	FLAVOR_ARHAMEDIUM	There is no self, only purpose." -- Master Dhartha
K	FLAVOR_ARHAMEDIUMETER	There is no self, only purpose." -- Master Dhartha
K	FLAVOR_ARHASENSEI	No Templar should die on behalf of ruffians and cowards. We will make you worthy.
K	FLAVOR_ARHASENSEIDS	You do not see your own potential because you seek it out. It already lies within, you need only accept it.
K	FLAVOR_ARHASENSEIETER	You do not see your own potential because you seek it out. It already lies within, you need only accept it.
K	FLAVOR_ARHATEMPLAR	<sprite=123>
K	FLAVOR_ARHATEMPLAR10TH	磨砺心智，剑自随之。
K	FLAVOR_ARMISTICE	Dhartha raised his hand to quiet the gathered emissaries, "We must not despair. The only way Nilus can grow in strength is if we lose faith in each other.
K	FLAVOR_ASCETICOFTHELIDLESSEYE	There is nothing obscure about what is to come, Godslayer; the future is always clear to those who choose to see. It is your judgment that is clouded.
K	FLAVOR_ASCETICOFTHELIDLESSEYE10TH	Devote yourself to the Eye," Dhartha said, "and see all that the universe has to offer.
K	FLAVOR_ASHESTOASHES	Born of nothing, we will return to nothing."<br>-Deathsworn Oath
K	FLAVOR_ASKARANARMOR	Anvils rang across the Dreamscape, echoing the armorsmiths' renewed inspiration.
K	FLAVOR_ASKARAOFFORTUNE	Fortune and choice are two sides of the same coin. The askara transcend all dualities.
K	FLAVOR_ASKARAOFSOULS	Doors open to those who learn to see them.
K	FLAVOR_ASTROBLADETRX	A device meant for great discoveries.
K	FLAVOR_AUSTERESAGE	He speaks rarely, but all listen.
K	FLAVOR_AUTOBUILDER50	patch notes:<br>- fixed bug causing builder to harvest organics for material
K	FLAVOR_AVATAROFTHEFALLEN10TH	I am Eternal. What hope have you to defeat me?
K	FLAVOR_BATTERYMONK	第六层——澄明。<br>第七层——顿悟。<br>第八层——殉道。
K	FLAVOR_BATTERYMONKETER	Level 6 - Clarity.<br>Level 7 - Epiphany.<br>Level 8 - Martyrdom.
K	FLAVOR_BEACONOFTHELOST	Souls of the fallen fuel its eerie flame.
K	FLAVOR_BEACONSHAMAN	The shards speak to those who have the courage to listen.
K	FLAVOR_BEASTSTAFF	Only the greatest heroes can fully harness its power.
K	FLAVOR_BELTHARSOULCOLLECTOR	He collects souls like a ferromancer collects burns.
K	FLAVOR_BETRAYEDTEMPLAR	The last protector of an abandoned temple, Xeron was happy to give him a new cause.
K	FLAVOR_BLACKHOLE	This world is old. It has worn very thin in places." - Sadranis, Dark Emissary
K	FLAVOR_BLACKWATCHELITE	Elites are fated to be alone, for they destroy all that they see.
K	FLAVOR_BLACKWATCHEXEMPLAR	They're capable of snatching victory from the jaws of pretty much anything.
K	FLAVOR_BLASTGOGGLES	大爆炸。
K	FLAVOR_BLINDSEER	The world is hidden to him, but its secrets are not.
K	FLAVOR_BORDERLANDMERCENARY	Where's the money?
K	FLAVOR_BORDERLANDNIHILIST	We believe in nothing!
K	FLAVOR_BRAINSTORMSENTRY	You are who you choose to be.
K	FLAVOR_BRAMBLEELEMENTAL	It consumes everything it can entangle, no matter what, or who, that might be.
K	FLAVOR_BRAZERDRONE	Vigil damaged by passage of fallen one. repairs approved.
K	FLAVOR_BRINGEROFDESPAIR	I looked, and behold, an ashen horse; and  he who sat on it had the name Death.
K	FLAVOR_BRINGEROFHOPE	Born in the light, he serves it in darkness.
K	FLAVOR_BROTHERMARIUS	What do you mean the princess is in another Temple?
K	FLAVOR_BURIALGUARDIAN	If you seek to understand immortality, you must first discern the nature of death," the druid cautioned.
K	FLAVOR_BURROWERMARKII	<sprite=143>
K	FLAVOR_BURROWERMARKII10TH	Can you dig it?
K	FLAVOR_CALLOFDARKNESS	The dreams of Sadranis and his summoners would be indistinguishable from nightmares for most people.
K	FLAVOR_CANONTEMPLAR	His edicts are final.
K	FLAVOR_CANOPICJAR	As haunted a relic as I've encountered, but now, no more haunted than we." -- Alastor Nellin
K	FLAVOR_CARETAKERZAHRAL	For centuries, Zahral's forests have kept the secrets of the ancients.
K	FLAVOR_CAUSTICCONJURER	For some, the dreams brought new possibilities, for others, new terrors to share with the world.
K	FLAVOR_CAVERNCREEPER	Even a tiny spider can kill you if you don't see it coming.
K	FLAVOR_CELLBLOCKE	绝对的腐化带来绝对的力量。
K	FLAVOR_CETRACELESTIALBODY	Let the stars guide your path when all other light abandons you.
K	FLAVOR_CETRAGUIDEOFOGO	Just as the stars guide travellers, Cetra guides the stars.
K	FLAVOR_CETRAMATRONOFSTARS	Do not despair, child. You have the resolve and strength to meet your fate. You need only accept it.
K	FLAVOR_CETRASRESPITE	In the fell clutch of circumstance, I have not winced nor cried aloud. Under the bludgeonings of chance, my head is bloody, but unbowed.
K	FLAVOR_CETRAWEAVEROFSTARS	<sprite=10>
K	FLAVOR_CETRAWEAVEROFSTARS10TH	True heroes are guided by her starlight.
K	FLAVOR_CHAOSRIDER	Be careful who you follow into battle.
K	FLAVOR_CHARGINGCHAMBER	Shards more effective than previous power sources.
K	FLAVOR_CHEERFULCONSORT	Her bright demeanor spreads warmth throughout Alosya.
K	FLAVOR_CHEERFULCONSORTETER	Her bright demeanor spreads warmth throughout Alosya.
K	FLAVOR_CHRONICLEOFVIGIL	Together, we thrive; alone, we perish.
K	FLAVOR_CLOCKWORKSENTRY	Much more silent than their name would imply.
K	FLAVOR_CLUTCHOFDARKNESS	Once the Void has a hold on you, there is no escape.
K	FLAVOR_COGMAW	必须维持多面体核心温度
K	FLAVOR_COMBUSTIONIDOL	Warning:<br>non-organic offerings only.
K	FLAVOR_COMBUSTIONIDOLETER	Warning:<br>Non-organic offerings only!
K	FLAVOR_CONTROLSMITH	She dreamt of iron and glory.
K	FLAVOR_CONVERSIONPORT	Inspiration leads to innovation.
K	FLAVOR_CORROSIVEWIDOW10TH	Her poison erodes the mightiest armor.
K	FLAVOR_CORRUPTEDSAGE	Always looking for new students to  educate on the true nature of pain.
K	FLAVOR_CRYPTLURKER	Death guards its secrets closely.
K	FLAVOR_CRYSTALLINEMONK	碎片兼容。适应进行中。
K	FLAVOR_CULTIST	<sprite=70>
K	FLAVOR_CULTIST10TH	Blood!  Shed their blood!  The Fallen One has come to carry us to glory! To remake our world!
K	FLAVOR_CULTISTROV	You fools will learn the truth of your 'gifts' soon enough!
K	FLAVOR_CULTISTSOS	The Gatekeeper is no more! The souls of the damned shall transform this cursed land into a new netherworld!
K	FLAVOR_CULTOFTHEFALSECIRCLE	Their chants twisted in on themselves until there was nothing left but madness.
K	FLAVOR_DARKGLADIATOR	Others fear the dark, he thrives in it.
K	FLAVOR_DARKTOMELIBRARIAN	Be careful, page six bites.
K	FLAVOR_DAVIDPROPHETICGUIDE	Those with the gift of foresight often need help discerning the difference between what is and what will be.
K	FLAVOR_DAYBREAKASKARA	She is inspiration given form.
K	FLAVOR_DEADEYEASSASSIN	Just hope she never has eyes for you.
K	FLAVOR_DEATHBOUNDDRUID	The druids nourish life, but do not think for a moment that it is because they fear death.
K	FLAVOR_DEATHFINDER	Not all who seek death find it. Some find a worse fate.
K	FLAVOR_DEATHSEEKER	I think Kythis takes me today.
K	FLAVOR_DECEITFULGHOUL	Sometimes the most dangerous thing is a wide smile.
K	FLAVOR_DEEPDRONE	物体已回收。侦测到未知生命体。请求指示。
K	FLAVOR_DEFENSEGENERATOR	确实令人电击。
K	FLAVOR_DELIRIUMPIXIES	Come play with us.
K	FLAVOR_DELIRIUMPIXIESETER	Come play with us.
K	FLAVOR_DELUDINGDJINN	The distrust they sow is what makes them dangerous.
K	FLAVOR_DEMONHUNTER	Good. Bad. I'm the one with the sword.
K	FLAVOR_DEMONMASTER	The job is tough, but the smell is worse.
K	FLAVOR_DEMONPUPS	I just wanted to pet one!
K	FLAVOR_DEMONSLAYER	How many demons have you slain, stranger?" Sar asked, lowering his massive sword.  "One so far," Nellin replied, and grinned.  "But it was a really, really big one.
K	FLAVOR_DEMONSLAYER10TH	Having accepted death, they have nothing left to fear.
K	FLAVOR_DERANGEDASPIRANT	They see knowledge where there is madness.
K	FLAVOR_DERANGEDDIRGE	The screams and wails weave a tortured hymn.
K	FLAVOR_DESTROYERSGATE	He will come in one of the pre-chosen forms.
K	FLAVOR_DHARTHA	许久之前，逻各斯便授予达萨使用亚哈众神的眼界与智慧，而达萨藉此济世代代相传。身形虽矮，他却印证了一个道理：真正的力量，从不来自凌驾于人，而来自人们甘愿为你俯首。
K	FLAVOR_DHARTHAETERNALSEER	Empty your mind, be formless, shapeless -- like water.
K	FLAVOR_DHARTHAMASTEROFSIGHT	许久之前，逻各斯便授予达萨使用亚哈众神的眼界与智慧，而达萨藉此济世代代相传。身形虽矮，他却印证了一个道理：真正的力量，从不来自凌驾于人，而来自人们甘愿为你俯首。
K	FLAVOR_DHARTHATHEETERNAL	Time is merely another illusion.
K	FLAVOR_DIMENSIONDIVER	The greaT seal has fallen. exploration project approVeD.
K	FLAVOR_DIMENSIONDIVERETER	The great seal has fallen. Exploration project approved.
K	FLAVOR_DOGSOFWAR	Their currency is flesh and bone.
K	FLAVOR_DREADCONJURER	Don't tell him your fears, that spoils the fun.
K	FLAVOR_DREADMARE	A soul a day keeps the Dreadmare away.
K	FLAVOR_DREAMCHAMBERDISCIPLES	The Arha teach us that in time all traditions<br>break under the weight of principle.
K	FLAVOR_DREAMEATER	The dream was painful, but the reality was torture.
K	FLAVOR_DREAMGUIDE	At the edge of the world, she is a guide to everything beyond.
K	FLAVOR_DREAMKILLER	Some people ruin all the fun.
K	FLAVOR_DREAMLAB	In the Dreamscape, the line between impossible and possible is as illusory as everything else.
K	FLAVOR_DREAMSCAPEDIVINER	Are you sure you want to know?
K	FLAVOR_DREAMSEEKER	Dreams maketh and dreams breaketh.
K	FLAVOR_DREAMSEEKERSTART	Dreams maketh and dreams breaketh.
K	FLAVOR_DREAMSHAPERJESSE	Expand what you understand to be possible until it includes that which you believed to be impossible.
K	FLAVOR_DREAMSTONE	Look upon what might have been and what may come to pass.
K	FLAVOR_DREAMTITAN	A gold giant: taller than the mountains<br>and silent as the sun.
K	FLAVOR_DREAMTYRANT	The manifestation of a forest's vengeful dreams.
K	FLAVOR_DREAMWILLOW	The Dreamwillow's lullaby echoes throughout Ogo.
K	FLAVOR_DREAMWILLOWDRUIDS	Their rituals are a beautiful combination of dance, lullaby, and sleep.
K	FLAVOR_DRILLERMARKIV	Depth: Unknown. Sensors indicate unknown energy source ahead.
K	FLAVOR_DRUIDSOFTHESTONECIRCLE	<sprite=32>
K	FLAVOR_DRUIDSOFTHESTONECIRCLE10TH	The spacing of the stones is geometry.<br>The space itself is magic.
K	FLAVOR_DRUIDSWREATH	During their initiation, druids receive a lifeless wreath. When it is reborn, so are they.
K	FLAVOR_DUSTTODUST	Permanence is merely an illusion brought about by equally impermanent lives," Dhartha expounded.
K	FLAVOR_EARTHMENDERPURA	His healing chants replenish life in the wake of chaos.
K	FLAVOR_EARTHTYRANT10TH	In the caverns below, you will find limitless power<br>surrounded by fire and death.
K	FLAVOR_ELANSOULMARSHAL	In his scrying pool, the secrets of wars past, present, and future are all laid bare.
K	FLAVOR_ELDERSKEPTIC	Ezem read briefly, and then ruefully dropped the scroll."It astounds me," he muttered, "what passes for an idea in this land.
K	FLAVOR_ELDERSKEPTICETER	Ezem read briefly, and then ruefully dropped the scroll."It astounds me," he muttered, "what passes for an idea in this land.
K	FLAVOR_ELEMENTALPROJECTOR	It's a blast!
K	FLAVOR_EMISSARYOFDAWN	She soars over New Vigil to close each night, blessing all below with a new day's light.
K	FLAVOR_EMMASMECHANNON	Did anyone see that? I put a hole in that mountain!" - Emma Ironheart
K	FLAVOR_EMMASTELETRANSMITTER	Why in the five hells would I be calling you if<br>I didn't need help?" - Emma Ironheart
K	FLAVOR_EMMASVOIDCYCLER	This proves it. Emma,<br>you're a genius." - Emma Ironheart
K	FLAVOR_EMMASWORKSHOP	This place is falling apart.<br>It's perfect." - Emma Ironheart
K	FLAVOR_EMRIONEWITHTHEVOID	Emri paused above the noble as her blade hovered. "When you have conquered everything, Xeron" she said, "there is still Nothing to fear.
K	FLAVOR_EMRIONEWITHTHEVOID10TH	无人更快，无人更致命。
K	FLAVOR_EMRISHADOWSLAYER	Without the real world to to constrain her, Emri became even more gruesomely efficient.
K	FLAVOR_EMRISOULSTEALER	Another day, another demigod.
K	FLAVOR_EMRISSTING	Sharp, but fleeting, her sting kills before pain sets in.
K	FLAVOR_ENDBRINGERJORA	He tears down everyone and everything that gets in Emri's way.
K	FLAVOR_ENERGYMONK	One man's trash is another monk's treasure.
K	FLAVOR_ENGULFINGKRAKEN	By the time you know it's there, it's already too late.
K	FLAVOR_EPHEMERALDRUID	Surrendering herself to fate, she found peace.
K	FLAVOR_EPHEMERALINVENTOR	Surrendering herself to machines, she found new possibilities.
K	FLAVOR_EPHEMERALMONK	Surrendering himself to the question, he found the answer.
K	FLAVOR_EPHEMERALRITUALIST	Surrendering himself to the end, he found the means.
K	FLAVOR_ETERNALASKARA	Vigil has fought bravely in the dim light. Only the Askaras know whether it is dawn or dusk .
K	FLAVOR_ETERNALTORMENTOR	The voidspawn that aren't banished or destroyed are made to wish they had been.
K	FLAVOR_ETHEREALHUNTRESS	Even death is no escape for her prey.
K	FLAVOR_EVERBLOOM	The first Everbloom seedlings were gifted to heroes of the Second War, who planted them near the capital to encourage the healing of the land.
K	FLAVOR_EVERBLOOMETER	The first Everbloom seedlings were gifted to heroes of the Second War, who planted them near the capital to encourage the healing of the land.
K	FLAVOR_EXCAVATORPILOT	I dig it.
K	FLAVOR_EXHAUSTLURKER	「就因为排风口维护还不够危险。」
K	FLAVOR_EYEOFDESTINY	At the foot of Parhama, the remnant of a great statue lies. From its unblinking eye, a call to action is each day read aloud.
K	FLAVOR_FAERIECOMMANDER	He was found dead in the forest:<br>a million little cuts.
K	FLAVOR_FAITHFULGUIDE	I stood at the mountiantop, held out the Eye, and finally saw the world.
K	FLAVOR_FATALITYBLADES	Finish him!
K	FLAVOR_FENMAW	The pathfinder raised a hand, "Quiet. We must be respectful lest we draw the swamp's ire.
K	FLAVOR_FLANKINGASKARA	Walking with a friend in the dark is better than walking alone in the light.
K	FLAVOR_FLARETRACKER	The Lifebound call them 'leylines', the Mechana just call them fuel.
K	FLAVOR_FLEETINGHOPEDJINN	Beware the words you long to hear, lest they lead you to the end you fear.
K	FLAVOR_FLYTRAPFAIRY	She smiled as she darted quickly through the thicket, toying with the flytraps as they snapped shut behind her.
K	FLAVOR_FLYTRAPSTAFF	It's not the teeth you should be worried about.
K	FLAVOR_FLYTRAPWITCH	她曾为两位争当领袖者领路，但只有弑神者走到了沼泽的另一边。他的对手就此消失。
K	FLAVOR_FLYTRAPWITCH10TH	The swamp is as perilous as it is hungry.
K	FLAVOR_FORESIGHTMONACLE	For Precision work
K	FLAVOR_FORGEMASTERSSUIT	The suit keeps them safe in even the fiercest forges.
K	FLAVOR_FORGEMOTHERREYSA	Her billows feed the fires of creation for all of Hedron.
K	FLAVOR_FORGOTTENSCRIPTURE	Even on Arha, wisdom can be lost as ages pass and libraries are filled with new writings.
K	FLAVOR_FORRESTBEASTWARDEN	True loyalty is eternal.
K	FLAVOR_FOUNDATIONBURROWER	Even a tiny nuisance is able to bring down giant fortifications if left unchecked.
K	FLAVOR_FOUNDRYHOUND	You'll have a ruff time getting by his watchful eyes.
K	FLAVOR_GARDENATTENDANT	Dreams and plants need only be nurtured to grow.
K	FLAVOR_GEARSEER	The only difference between<br>genius and madness is execution.
K	FLAVOR_GEMCATCHERSPIRIT	The spirits consider the crystals equal parts portent and plaything.
K	FLAVOR_GEMEATERLEPRECHAUN	它们有种魔法般的美味。
K	FLAVOR_GENESISCAPSULE	Both druids and mechanics can appreciate redundancy.
K	FLAVOR_GNOMEREPAIRBOT	Gnome improvement is serious business in Hedron.
K	FLAVOR_GREASEMONK	Dozens LOST each Week WHILEensURING a FRICTIONless WORLD
K	FLAVOR_GREATOMENRAVEN	被忽视的渡鸦，会招来千只乌鸦。
K	FLAVOR_GUIDEOFLOSTSOULS	The more the Askara learned of darkness from Sadranis, the further they ventured in search of those to help.
K	FLAVOR_HAUNTINGSPECTER	It's what isn't there that frightens; it's what is there that kills.
K	FLAVOR_HECTICSCRIBE	They are nimble with the quill -- fast enough to keep pace with history as it unfolds.
K	FLAVOR_HEDRONBERSERKER	Time to kick things into high gear.
K	FLAVOR_HEDRONCANNON	attention godslayer: conventional war againsT Fallen ONe a waste of time and resources.  New plan:  destroy  with dimensional cannon as shown
K	FLAVOR_HEDRONCANNON10TH	Now I am become Death, destroyer of worlds.
K	FLAVOR_HEDRONDREDGER	侦测到碎片。挖掘进行中。
K	FLAVOR_HEDRONFLARE	过来！
K	FLAVOR_HEDRONLINKDEVICE	situation: great seal breached. scattered devices from across all realms are reconnecting. miracle or Tragedy?  please advise.
K	FLAVOR_HEDRONLINKDEVICE10TH	To the Mechana, magic is just another form of energy.
K	FLAVOR_HEDRONPYROMANIAC	Like his creations, the life of a Hedron Pyromaniac often ends with a bang.
K	FLAVOR_HEDRONWATCHTOWER	none of them along the line know what any of it is worth
K	FLAVOR_HELLFROSTIMPS	When hell freezes over, huh?
K	FLAVOR_HONISKROTCHIEFTAIN	Gather your forces - tonight, we come to the aid of Ogo.
K	FLAVOR_HONISKROTTRIBESMAN	Do you smell that?"<br>"Yes... There's more than prey to be hunted tonight.
K	FLAVOR_HULKINGCRAB	You'd be just as crabby if you couldn't  find a shell big enough.
K	FLAVOR_HURRASSEASFURY	Hurricanes borrow their name from the beast, an ancient demigod that wanders the seas.
K	FLAVOR_ID34DETECTOR	A vast upgrade over the ID-0NT model.
K	FLAVOR_IKUVALLEYTYRANT	You may escape the Temples, but you'll never escape Iku.
K	FLAVOR_ILLUMINATOR	Operators spend months studying for their license to ill.
K	FLAVOR_IMAGINATIVEMATRON	The Dreamscape doesn't create the possibilities, it simply shows them to us.
K	FLAVOR_INITIATESGAUNTLETS	The gauntlets outlive many recruits before finally finding a less temporary owner.
K	FLAVOR_INNOVATIVEASPIRANT	They see possibility where there is difficulty.
K	FLAVOR_INQUARRYHYDRA	The Ferromancers gave it the spark of curiosity it  needed to constantly dig deeper.
K	FLAVOR_INSPIREDTEMPLAR	His blade and will are sharp, forged anew in the light.
K	FLAVOR_INVOKIST	Fear has a face.
K	FLAVOR_IRONELEMENTAL	Metal teaches us that we must endure.
K	FLAVOR_JAKEBCOBRASHAMAN	This is the fight I have spent my entire life training for.
K	FLAVOR_JOURNEYMANOUTRIDER	The Journeymen reject the monastic life on Arha in favor of finding and sharing knowledge among the other realms.
K	FLAVOR_JUBILANTMONK	A fool thinks himself to be wise, but a wise man knows himself to be a fool.
K	FLAVOR_KANZIRTHERAVAGER	This is why we can't have nice things.
K	FLAVOR_KARION	The Dreamscape gate is corrupt, a hellish wound on two worlds.
K	FLAVOR_KEENEYEDASPIRANT	They see those that wish to remain hidden.
K	FLAVOR_KIRIMEADOWWITCH	Her domain offers tranquility when everyplace else is embroiled in turmoil.
K	FLAVOR_KIRIMEADOWWITCHETER	Her domain offers tranquility when everyplace else is embroiled in turmoil.
K	FLAVOR_KOR	自棱堡（Hedron）创立之初，铁术士（Ferromancers）便担负着为造物注入生命火花的使命。科尔教导这一教团：机械之中所蕴藏的不只是生命，更是勇气，亦是使命。
K	FLAVOR_KORMASTERINNOVATOR	Where you see nature, I see raw materials.
K	FLAVOR_KORTHEFERROMANCER	自棱堡（Hedron）创立之初，铁术士（Ferromancers）便担负着为造物注入生命火花的使命。科尔教导这一教团：机械之中所蕴藏的不只是生命，更是勇气，亦是使命。
K	FLAVOR_KORTHEFERROMANCER10TH	The mountian, its metals, these ruins,<br>they are all his weapons.
K	FLAVOR_KORTHEIRONMIND	自棱堡（Hedron）创立之初，铁术士（Ferromancers）便担负着为造物注入生命火花的使命。科尔教导这一教团：机械之中所蕴藏的不只是生命，更是勇气，亦是使命。
K	FLAVOR_KYL3REPAIRBOT	They live to preserve.
K	FLAVOR_LAGOONTROLL	嗯嗯嗯咕噜咕噜！
K	FLAVOR_LAGOONTROLLETER	嗯嗯嗯咕噜咕噜！
K	FLAVOR_LANDTALKER	<sprite=2>
K	FLAVOR_LANDTALKER10TH	A giant whose words make flowers bloom and forests grow.
K	FLAVOR_LEGENDCETRA	The universe is a vast wonder, and the miracle of<br>existence is a precious gift. That is why being a hero<br>means defending life.
K	FLAVOR_LEGENDEMRI	Speed may impress, but timing is the key to<br>victory. It’s not how fast you act, but when you<br>strike that determines the outcome.
K	FLAVOR_LEGENDKOR	Every invention is a cog in a larger machine, each<br>built upon the last, from the first spark of<br>mortal-made fire to the tools of the Mechana people.
K	FLAVOR_LEGENDMASTERDHARTHA	Choose what endures over what tempts. This is<br>the path to mastering the enlightened arts.
K	FLAVOR_LEGENDNAIRA	To live in balance with the world around us is<br>to find our place in the greater tapestry of<br>life.
K	FLAVOR_LEGENDNAKA	Embrace the void, for it is in this absence<br>that we carve our own meaning.
K	FLAVOR_LEGENDPRIME	It is the mechanics of purpose and experience that<br>define us, shaping not just who we are, but what we<br>can become.
K	FLAVOR_LEGENDULU	They whisper of stars—dead, long forgotten,<br>and yet to be—the inheritor of all the light<br>lost to time.
K	FLAVOR_LEPRECHAUN	In the Mushroom Dael, with tobacco and honey on the breeze, may be found the half-shoe man.
K	FLAVOR_LIBRARYFAMILIAR	Who? What? Where? When? Why?
K	FLAVOR_LIFEBOUNDINITIATE	<sprite=38>
K	FLAVOR_LIFEBOUNDINITIATE10TH	There is but one true Mother, and all the Lifebound are her children.
K	FLAVOR_LIGHTOFFALSEHOPE	Don't follow the lights!
K	FLAVOR_LOADREAMDRAGON	His spirit, manifest through the Dreamscape.
K	FLAVOR_LOAMSPEAKERDRUID	No matter how far he may wander, he can always find the way back to his mushroom.
K	FLAVOR_LOAMSUMMONER	The bog swirled and bubbled with her incantations, awakening to the dark new purpose she had in mind.
K	FLAVOR_LOASLEEPINGDRAGON	He takes the form of a dragon in the Dream world, but his real power lies in this one," explained Dhartha.
K	FLAVOR_LUNAREMBRACE	The moon's magic took over, pushing everything  out until instinct was all that was left.
K	FLAVOR_LUNARGUARDIAN	They live for the forest, but they can also die for it.
K	FLAVOR_LUNARMATRIARCH	She brings rest to those who know it least.
K	FLAVOR_LUNARPACK	Unlike other regions of Vigil, Ogo is safer at night than during the day.
K	FLAVOR_LUNARSTAG	To glimpse a stag is a great blessing -- but do not presume to hunt one. That is for gods alone." -Kam, Pathwarden
K	FLAVOR_LYCHANBEAST	They'll never see me coming.
K	FLAVOR_MADNESSEMBRACE	Once it has you in its grasp, there is no escape.
K	FLAVOR_MAGNETMONK	An Attractive Ally
K	FLAVOR_MANIACALCRUSHER	Nailed it.
K	FLAVOR_MANTRAOFRENEWAL	I will permit it to pass over me and through me. And when it has gone past I will turn the inner eye to see its path.
K	FLAVOR_MANTRAOFTRUESIGHT	To see that which you seek, you must first close your eyes." -Scroll Inscription
K	FLAVOR_MAPOFTHESTARS	Even in an unnatural night, Cetra guides us.
K	FLAVOR_MASTERDHARTHA	许久之前，逻各斯便授予达萨使用亚哈众神的眼界与智慧，而达萨藉此济世代代相传。身形虽矮，他却印证了一个道理：真正的力量，从不来自凌驾于人，而来自人们甘愿为你俯首。
K	FLAVOR_MASTERDHARTHA10TH	There is more than one path to the top of the mountain.
K	FLAVOR_MASTERDHARTHAETER	At the height of the war, the Godslayer ascended six-thousand, six-hundred sixty-six steps to seek Dhartha's counsel, only to be turned away.
K	FLAVOR_MATRONOFDISCOVERY	All blueprints began as dreams.
K	FLAVOR_MECHANAINITIATE	<sprite=35>
K	FLAVOR_MECHANAINITIATE10TH	The Mechana let nothing go to waste:<br>recycle the soldiers, train them again.
K	FLAVOR_MECHANNONBLUEPRINT	I wonder what kind of dent this thing is<br>going to make." - Emma Ironheart
K	FLAVOR_MEPHIT10TH	Deliverers of Lies, sowers of confusion.
K	FLAVOR_MILESGOLDENPRODIGY	Only Dhartha fully understood the role the boy would come to play in the realms' distant future.
K	FLAVOR_MISTAKEOFCREATION10TH	不行，不行，不行。
K	FLAVOR_MONKOFTHELIDLESSEYE	The Order sensed a disturbance, but could not decipher its source.
K	FLAVOR_MOONSTAFF	In the full moon's light, nature's beauty can be a terror to behold .
K	FLAVOR_MOONVEILCLIQUE	Ogo's leylines can be seen at night by the faint glow of the Moonveil drawn to the magic.
K	FLAVOR_MORBIDHAMMER	It's hammer time.
K	FLAVOR_MOSAICHORN	The horn's note always signals a harvest.
K	FLAVOR_MURAMASA	Wield the devil, and hell will tremble before you.
K	FLAVOR_MURAMASA10TH	The last of her swords and bearing her name.
K	FLAVOR_MUSEOFREBIRTH	Death and decay are not just the end of an old life,  they are the beginning of a new one.
K	FLAVOR_MUTATEDSCAVENGER	For centuries, the Temples have warped every aspect of the valley surrounding them.
K	FLAVOR_NAIRI	奈莉一手竖起了石柱阵，教导德鲁伊们如何与赛特尔及她的星眷沟通。当她穿行林间，为严酷的荒野带来和平之时，万物皆以她为表率。她正是风暴之中那一抹宁静。
K	FLAVOR_NAIRIHENGEQUEEN	奈莉一手竖起了石柱阵，教导德鲁伊们如何与赛特尔及她的星眷沟通。当她穿行林间，为严酷的荒野带来和平之时，万物皆以她为表率。她正是风暴之中那一抹宁静。
K	FLAVOR_NAIRIWILDQUEEN	奈莉一手竖起了石柱阵，教导德鲁伊们如何与赛特尔及她的星眷沟通。当她穿行林间，为严酷的荒野带来和平之时，万物皆以她为表率。她正是风暴之中那一抹宁静。
K	FLAVOR_NEOPHYTEMENTOR	Watch your step.
K	FLAVOR_NIGHTMARAUDERS	它们无处不在！
K	FLAVOR_NIGHTMAREDELVER	With their abilities augmented by Hedron technology, Sadranis' followers were able to venture even further into the darkness.
K	FLAVOR_NIGHTMAREHARVESTER	It would be a shame to let all this terror go to waste.
K	FLAVOR_NIGHTMARETYRANT	Rattling bones and screams of death announce his approach more effectively than a roar ever could.
K	FLAVOR_NIHILBOMBER	Bomb for you... bomb for you...<br>and bomb for you.
K	FLAVOR_NIHILMANCER	Sadranis formed his own clan of demon slayers, a sorcerous parallel to the Black Watch.
K	FLAVOR_NIHILMANCERETER	Sadranis formed his own clan of demon slayers, a sorcerous parallel to the Black Watch.
K	FLAVOR_NILHAMMER	Need something that breaks bones and spirits?
K	FLAVOR_NILUSTHEDESPAIR	The Templar's thoughts turned on themselves, and he knew it was already too late.
K	FLAVOR_NINE	The leading cause of death on Hedron?  Curiosity.
K	FLAVOR_NOCTURNALSEER	For her, the dream and the real are one in the same.
K	FLAVOR_NOVABORNOFCHAOS	The beginning can be just as violent as the end.
K	FLAVOR_NYXIANRITUALIST	Every Void ritualist could sense the power of the shards, but only a select few could wield it.
K	FLAVOR_NYXIANSPIRITCASTER	They know the threat that is coming... and welcome it.
K	FLAVOR_OAKOFSOULS	The result of conscious death in an unconscious world.
K	FLAVOR_OBFUSCASPIRIT	Love is a dream. Love is a nightmare.
K	FLAVOR_OGOCOURIER	Make haste. If our new world is to be preserved, we must warn the others of Xeron's plans," Nairi urged.
K	FLAVOR_OGODEMONTRAP	Keeps the place free of the little ones, at least.
K	FLAVOR_OGOWARTREE	一路平安！
K	FLAVOR_OMNICRON	Harness new power source: Success
K	FLAVOR_ORASTHEREDEEMER	He watches for heroic deeds, weaving their tales of glory into the fabric of the cosmos.
K	FLAVOR_ORBOFNYX	Look into the Orb and you might just find your soul staring back.
K	FLAVOR_OTHERWORLDLYGUIDE	We once considered them pets- now, we consider them partners.
K	FLAVOR_OZIAHJUDGEOFLOGOS	His will and blade are one.
K	FLAVOR_OZIAHSFAMILIAR	He's not playing with his food, he's teaching it a lesson.
K	FLAVOR_OZIAHTHEPEERLESS	Child, this new world must have north and south, east and west," Logos said. Oziah drew his sword and cut twice.<br>"Father, it is done," he replied.
K	FLAVOR_OZIAHTHEPEERLESS10TH	Even the immortals fear his mighty blade
K	FLAVOR_OZIAHTHEPEERLESSETER	Child, this new world must have north and south, east and west," Logos said. Oziah drew his sword and cut twice.<br>"Father, it is done," he replied.
K	FLAVOR_PASYTHEASWARD	Pasythea grants her protection only to those who have proven themselves brave enough to warrant it.
K	FLAVOR_PATHFINDERSTOTEM	There is no place you can venture that the pathfinders have not already called home.
K	FLAVOR_PATHWARDEN	Heroes dwell beyond the final turn in the road.
K	FLAVOR_PATIENTASSASSIN	He's willing to wait for it.
K	FLAVOR_PENUMBRALEDGE	Kythis has fled, and the souls of the damned howl against Deofol's untended gate." -- Sadranis
K	FLAVOR_PENUMBRALEDGEETER	Kythis has fled, and the souls of the damned howl against Deofol's untended gate." -- Sadranis
K	FLAVOR_PERSONALWORMHOLE	caution: do not insert head
K	FLAVOR_PIERCINGEYE	The eye will guide you where your own cannot.
K	FLAVOR_PIERCINGEYEETER	The eye will guide you where your own cannot.
K	FLAVOR_PILLAROFRESOLVE	The ultimate measure of a person is not where they stand in moments of comfort, but where they stand at times of challenge.
K	FLAVOR_PLANARAPERTURE	It could lead anywhere, and that's usually the problem.
K	FLAVOR_POLLENPIXIE	You're going to feel a little funny at first...
K	FLAVOR_PORTABILLET	附带损害：可接受。
K	FLAVOR_POTOFGOLD	It's GOLD, baby!
K	FLAVOR_PREMONITIONBELL	It echoes with tomorrow's song.
K	FLAVOR_PRIMEDIRECTIVE	P.R.I.M.E. stands ready at the heart of Hedron, always vigilant against whatever threats emerge.
K	FLAVOR_PROCESSINGHUB	The tinkerers could no longer distinguish their own thoughts from those of the machine.
K	FLAVOR_PROCESSINGHUBETER	The tinkerers could no longer distinguish their own thoughts from those of the machine.
K	FLAVOR_PRODIGAL	An initiate of the Templar Order, he is given a practice blade no less unwieldy than his youthful mind.
K	FLAVOR_PROJECTALPHA	启动转化。
K	FLAVOR_PROSPECTORSCOUT	It's gold, baby! Gold!
K	FLAVOR_PROTEANSEASLUG	Does anyone have a whole lot of salt?
K	FLAVOR_PROTEANSEASLUGETER	Does anyone have a whole lot of salt?
K	FLAVOR_PROTOTYPECH32	Excavation systems online
K	FLAVOR_PSYCHEASKARA	我们该 在次 所有 其下的.
K	FLAVOR_PSYONICPALADIN	As the armor is shaped by our thoughts,<br>the sword is directed by our will.
K	FLAVOR_PUPPETMASTER	The wraith pushes and prods the weak-willed into  accepting cowardly paths as their only option.
K	FLAVOR_QADIMSTALKER	You would never know how long the Qadim have stood guard by the ferocity with which they still defend the forest.
K	FLAVOR_RADIANTASPIRANT	They see light where there is darkness.
K	FLAVOR_RAKADREAMTENDER	Nairi corrected them, "He's no hermit. He simply considers wildlife and his dreams to be more tolerable than people.
K	FLAVOR_RAKARCORRUPTASKARA	All things can corrupt when<br>minds are prone to evil.
K	FLAVOR_REACTORMONK	core power output up 20%.Monk Mortality rate up 20%.
K	FLAVOR_REACTORMONK10TH	有时，好奇会变成疯狂。
K	FLAVOR_REACTORSHRINE	Alternate fuel source has unlocked additonal capacities.
K	FLAVOR_REALITYSCULPTOR	Life imitates art.
K	FLAVOR_RECKLESSEXCAVATOR	What it lacks in finesse it makes up for in results.
K	FLAVOR_RECYCLICRAB	Waste not. Want all.
K	FLAVOR_REMUSWILDEMISSARY	Not all Pathwardens are able to embrace their instincts without giving in to them.
K	FLAVOR_REPLICATIONDRONE	We can build it. We have the technology.
K	FLAVOR_REPURPOSER	维修完毕。机组可投入运作。
K	FLAVOR_RESOURCEFULTRADER	You need a keystone? I can get you a keystone.
K	FLAVOR_REVERIEMUSE	Her gentle melodies drift through the dream meadows, filling the souls throughout with peace and possibility.
K	FLAVOR_RIFTDRAKERIDER	The quickest path is not always the one you can see.
K	FLAVOR_RIFTGATECONJUROR	What if something comes out of the portal?" asked the initiate. Sadranis snickered, "It will be terrified of what awaits it.
K	FLAVOR_RIFTWALKERSAXE	An extension of the dark souls who wield it.
K	FLAVOR_RIFTWATCHOUTPOST	The watchtowers jut out of the darkness, as if to keep watch on the light.
K	FLAVOR_RIVERREAPER	Something is hunting the bears,<br>but we know not what.
K	FLAVOR_ROCKETCOURIERX99	相对 x-50 型号的改进：<br>1. 速度提升<br>2.（测试）转向
K	FLAVOR_ROCKETCOURIERX9910TH	你有新邮件！
K	FLAVOR_ROCKETCOURIERX99ETER	你有新邮件！
K	FLAVOR_ROOTSCRYER	The monk listened to the trees' whispered mantra, and the entire world fell silent around him.
K	FLAVOR_RUNICHONISKROT	The noble Honiskrot were ill at ease in the presence of the mysterious shards.
K	FLAVOR_RUNICLYCANTHROPE	<sprite=41>
K	FLAVOR_RUNICLYCANTHROPE10TH	Write with blood, and you will see that blood is spirit.
K	FLAVOR_RUNICLYCANTHROPEETER	Senses. Speed. Reflexes. Cunning. Only a fool would call this a curse.
K	FLAVOR_RUSTGREMLIN	The very embodiment of everything that can go wrong in Hedron.
K	FLAVOR_SABRETHEMOONLIT	Sometimes it's best to let sleeping bears lie.
K	FLAVOR_SACREDPOT	Indulge your imagination in every possible flight.
K	FLAVOR_SADISTICGIANT	The shifting planes served up a never-ending supply of victims for the cruel Estryne clan.
K	FLAVOR_SADRANIS	无数人为尼克斯的黑暗低语所奴役，但萨德拉尼斯是少数学会仅凭自己便能念出那些话语的人。外人把他的举止当作疯狂，而智者则会告诉你：他不过是心无旁骛地瞄准了一盘更大的棋局。
K	FLAVOR_SADRANISDARKEMISSARY	无数人为尼克斯的黑暗低语所奴役，但萨德拉尼斯是少数学会仅凭自己便能念出那些话语的人。外人把他的举止当作疯狂，而智者则会告诉你：他不过是心无旁骛地瞄准了一盘更大的棋局。
K	FLAVOR_SADRANISDARKSAVANT	无数人为尼克斯的黑暗低语所奴役，但萨德拉尼斯是少数学会仅凭自己便能念出那些话语的人。外人把他的举止当作疯狂，而智者则会告诉你：他不过是心无旁骛地瞄准了一盘更大的棋局。
K	FLAVOR_SALVAGEMASTERMILA	The best creations can come from the place we least expect.
K	FLAVOR_SALVAGEYARD	回收。重建。再利用。
K	FLAVOR_SAMAELETERNALSINNER	I am Eternal. What hope have you to defeat me?
K	FLAVOR_SAMAELSTRICKSTER10TH	He always knows the price of your soul.
K	FLAVOR_SCAVENGERANTS	They'll build out of anything, even you.
K	FLAVOR_SCIONOFCETRA	Cetra guides her children not to their destiny, but to the path that will lead them there.
K	FLAVOR_SCIONOFEMRI	When the last shred of remorse had been purged, they were ready to join the Black Watch.
K	FLAVOR_SCIONOFEULOTH	When they view the machine as part of themselves, they are ready for their work to begin.
K	FLAVOR_SCIONOFOZIAH	With a single stroke, the tyrant was slain and his training was complete.
K	FLAVOR_SCRABBLINGSQUAD	双倍单词得分
K	FLAVOR_SCRAPBOTSCRAPPER	One man's trash is another bot's weapon.
K	FLAVOR_SCRAPWEAVER	The scraping hum of the metal guides them as they give purpose to discarded parts.
K	FLAVOR_SCRYEROFTHELIDLESSEYE	The monks gathered around the All-Seeing Eye, aghast at the the future it foretold.
K	FLAVOR_SEARINGASKARA	Her flame sears a path right into the heart of darkness.
K	FLAVOR_SEATYRANT10TH	Its many fins rise up like the sails of a vast armada.
K	FLAVOR_SECLUDEDLABORATORY	Responsible for some of Hedron's greatest technological advances,,, and even greater explosions
K	FLAVOR_SEEROFDAYSPAST	The world is new, but our past is still with us.
K	FLAVOR_SEEROFTHEFORKEDPATH	The left path holds death for you, Godslayer. The right path, death for her. You must choose quickly- Samael is on the move.
K	FLAVOR_SEEROFTHEFORKEDPATH10TH	A choice is offered here, certainty is not.
K	FLAVOR_SERENEASCETIC	A novice hears cacophony, a master hears only symphony.
K	FLAVOR_SERPENTCALL	Mother, beckon me home." - Ogo death rite
K	FLAVOR_SHADECONVERTER	Let there be light.
K	FLAVOR_SHADEOFTHEBLACKWATCH	The offspring of Samael and Nyx emerge fromthe Void regularily, and must be banished.
K	FLAVOR_SHADEOFTHEBLACKWATCH10TH	Lethal fighters, made more deadly by their strange pets.
K	FLAVOR_SHADESBARGAIN	Power never comes without a price.
K	FLAVOR_SHADOWBLADESENTRY	When a lock is not enough, try a Shadowblade Sentry.
K	FLAVOR_SHADOWELEMENTAL	Darkness teaches us to always beware.
K	FLAVOR_SHADOWRIDGESCOUT	脏活累活，价格便宜。
K	FLAVOR_SHADOWSTALKER	永远要数清影子。
K	FLAVOR_SHADOWSTAR	<sprite=73>
K	FLAVOR_SHADOWSTAR10TH	Be careful, young hero," said the mystic.<br>"It does not take well to poor aim.
K	FLAVOR_SHADOWSTARETER	Just be careful when you throw it, Godslayer," the weaponmaster said with a frown.  "It will not suffer a wielder with poor aim.
K	FLAVOR_SHARDFINDERCOMPASS	As Braham stared at the compass, his entire body tingled. He knew where he had to go.
K	FLAVOR_SHARDWINGBEETLE	A chilling end.
K	FLAVOR_SHEPHERDOFTHELOST	Many of my brethren cling to life, forgetting that it is only one half of nature's cycle.
K	FLAVOR_SHRINEATTENDANT	The smallest acts can do the most to keep hope alive, even in the darkest nights when it seems impossible.
K	FLAVOR_SIEGEMASTERSRAM	敲敲！
K	FLAVOR_SIREWOODELDER	Knowledge is just as important to the sprouts as water and sunlight.
K	FLAVOR_SISTEROFTHEWIND	The Temple of the Wind teaches its students to learn from both themselves and each other.
K	FLAVOR_SKYROCKETDRONE	Power on.
K	FLAVOR_SNAPDRAGON	<sprite=7>
K	FLAVOR_SNAPDRAGON10TH	没有比骄傲更致命的毒药。
K	FLAVOR_SOCKETALTAR	forge the proper shape and complete the divine challenge
K	FLAVOR_SOLARSENTRY	It didn't take long for the monks to harness the power of their cause.
K	FLAVOR_SOULASSASSIN	As the Storm grew, one faction found itself uniquely suited to the task at hand.
K	FLAVOR_SOULSHAPER	The price is simple - one spirit for another.
K	FLAVOR_SOULSNAREHUNTER	Naturally, Emri's hunters were the ones to find the most morbid means of entry into the Temple of Life.
K	FLAVOR_SOWEROFBETRAYAL	When chaos reigns, trust is the greatest strength, but it is an even greater weakness if exploited.
K	FLAVOR_SOWEROFDISCONTENT	Sowers lurk through the Five Realms, using whispers and rumors to erode the hope that keeps them intact.
K	FLAVOR_SPARKBUG	Not all of the bugs in Hedron's machinery are bad.
K	FLAVOR_SPARKSPRAYER	损失可接受。继续作业。
K	FLAVOR_SPIKEVIXEN	Though Dread Liza has departed the ObsidianRing, many of her deadly students remain.
K	FLAVOR_SPIKEVIXEN10TH	If there is beauty in death, then the Spike Vixens are a sight to behold.
K	FLAVOR_SPIKEVIXENETER	If there is beauty in death, then the Spike Vixens are a sight to behold.
K	FLAVOR_SPIKEVIXENRU	If there is beauty in death, then the Spike Vixens are a sight to behold.
K	FLAVOR_SPIREOFINSIGHT	Electricity is really just organized lightning.
K	FLAVOR_SPIRITOFTHEANCIENTS	Look to the past for help with the future.
K	FLAVOR_SPITEFULGLADIATOR	Suffer now, and live the rest of your life as a champion.
K	FLAVOR_STALKTHESHADOWS	Emri's assassins always find their target,  regardless of where it believes it can hide.
K	FLAVOR_STARCHILD	For every being, a star its own, a graceful watcher perched upon it, her voice familiar, her touch the same that cradled them in youth.
K	FLAVOR_STARVEDABOMINATION	You might think that the Temple of Death would have the scarier inhabitants, but you'd be wrong.
K	FLAVOR_STATICELEMENTAL	Cries of "Charge!" followed by massive retreats can often be confusing for new recruits.
K	FLAVOR_STONEBLADETEMPLAR	<br>
K	FLAVOR_STONECIRCLEELDER	Nature's cycle and starry sky hold no secrets for an ancient druid's eye.
K	FLAVOR_STORMSMITHANVIL	The anvil's song echoes like low, rumbling thunder.
K	FLAVOR_SUNSTREAKCOURIER	He moves so quickly he has no need for the cover of night.
K	FLAVOR_SURESHOTTRACKER	Right on target.
K	FLAVOR_SURGEPROTECTOR	An energizing force wherever she goes.
K	FLAVOR_SURYALIGHTSSWORD	I do not wish to fight anymore, Master," Surya confided. Dhartha responded, "And that is why it must be you.
K	FLAVOR_SYNCHRONIZER	Prevents overload. increasesefficientcy. Not compatible with off-realm devices.
K	FLAVOR_TABLETOFTHEDREAMER	Whispers of Adayu's powers emanated from the tablet while in the presence of the mysterious shards.
K	FLAVOR_TABLETOFTIMESDAWN	Foremost of Logos' sons was Time: a cheater, a scoundrel, destined to lord over all in the end.
K	FLAVOR_TABLETOFTIMESDAWN10TH	Time's secrets carved in stone.
K	FLAVOR_TECHNOLOGICALLEAP	While the other factions dream of greatness, Hedron  is content to dream of great new inventions.
K	FLAVOR_TECTONICTHRASHER	The Sleeping Peaks hide more than just ore in their mountains.
K	FLAVOR_TECTONICTHRASHERETER	The Sleeping Peaks hide more than just ore in their mountains.
K	FLAVOR_TELETRANSMITTERBLUEPRINT	It's like telepathy, but less effective."<br>- Emma Ironheart
K	FLAVOR_TEMPLARDRAGOON	It beats walking.
K	FLAVOR_TEMPLAROUTPOST	The Eye's protection extends as far as it can see.
K	FLAVOR_TEMPLEGUARDIAN	The Templar never use their swords. It is their keen intellect that makes the deeper cut.
K	FLAVOR_TEMPLELIBRARIAN	Without knowledge, power is illusory. Without order, knowledge is fragmented. Without me, order is impossible.
K	FLAVOR_TEMPLELIBRARIAN10TH	Without knowledge, power is illusory. Without order, knowledge is fragmented. Without me, order is impossible.
K	FLAVOR_TEMPLEOFARHA	An impossible place to ponder the impossible.
K	FLAVOR_TEMPLEOFHEROES	Their names are forgotten, but their deeds are not.
K	FLAVOR_TEMPLEOFTHEWIND	The temple teaches common men and women to be brave when times call for swift, decisive action.
K	FLAVOR_TEMPORALEXCAVATOR	everything that has happened before will happen again
K	FLAVOR_TERMINITES	They're just bugs, soldier. How big could they be?
K	FLAVOR_TERRORIZINGFIEND	Taking advantage of the chaos of Adayu's madness, demons punished Vigil for its past transgressions.
K	FLAVOR_TEYNWOLFKING	Teyn's army arrives hungry for war and leaves full of meat.
K	FLAVOR_TH07TANK	It gives new meaning to being lost in thought.
K	FLAVOR_THEALLSEEINGEYE	<sprite=98>
K	FLAVOR_THEALLSEEINGEYE10TH	The All-Seeing Eye pierces the veil of impossibility.
K	FLAVOR_THEGRANDDESIGN	divine schematic said to detail the primary function.  contains a place for all mechana.
K	FLAVOR_THEGRANDDESIGN10TH	The best way to predict the future is to create it.
K	FLAVOR_THEIRONHEART	I don't care how many tentacles you have.<br>I have an airship!" - Emma Ironheart
K	FLAVOR_THEWORLDTREE	Each branch, a separate path. Every seed, a new beginning.
K	FLAVOR_THIEVINGGRYPHON	Not everything on New Vigil is terrifyingly weird, sometimes it's just run-of-the-mill scary.
K	FLAVOR_THORNEDCHARGER	Dangerous in the wild, disastrous in a city.
K	FLAVOR_TIDESTALKER	The local villagers have learned to be just  as wary of low tide as they are high tide.
K	FLAVOR_TIDESTALKERETER	The local villagers have learned to be just as wary of low tides as they are high tides.
K	FLAVOR_TIMESTREAMSEER	She moved her hands through the water, altering the course of countless lives.
K	FLAVOR_TINKERINGMONK	Something for Everyone
K	FLAVOR_TOMEOFERABUS	The truth of the present lies in the shadows of our past"  - Emri
K	FLAVOR_TORICASCENDANT	Through understanding the shards, he became one with them.
K	FLAVOR_TORMENTEDSOUL10TH	Bound in chains, forever linked to the<br>hatred they held onto in life.
K	FLAVOR_TORMENTLEGIONARY	Boundless ambition, beyond death, beyond reality.
K	FLAVOR_TOWERASKARA	Their fingers sift though every idea that was, is, or ever will be.
K	FLAVOR_TREASUREHUNTER	As if he needed an excuse to hunt monsters.
K	FLAVOR_TREASURESOFTHESTUDY	Seek not outside you, Logos is within."<br>-- Treasure case inscription
K	FLAVOR_TRINKETHARPY	That's a beautiful pendant. Such a shame you won't be needing it anymore.
K	FLAVOR_TROPHYHUNTER	He doesn't always hunt monsters, but when he does, he hangs them on the wall.
K	FLAVOR_TRUTHSEEKER	The sudden appearance of these shards is troubling.  We must discover their true nature.
K	FLAVOR_TUSKRIDER	Truffles and manflesh.
K	FLAVOR_TWILIGHTSCOUT	Their love for the light leads them where it is needed most.
K	FLAVOR_TWOFOLDASKARA	<sprite=115>
K	FLAVOR_TWOFOLDASKARA10TH	Divine incarnations of concepts and emotions,<br>the Askara are impossible creatures.
K	FLAVOR_UMBRALEDGE	He cannot hide from me, who has seen what lies beyond the last horizon." -- Emri
K	FLAVOR_UMBRALEDGEETER	He cannot hide from me, who has seen what lies beyond the last horizon." -- Emri
K	FLAVOR_UNDAUNTEDSCOUT	The most fearless in a society that values fearlessness, the scouts lead the charge, and all others follow.
K	FLAVOR_UNSPEAKABLEDOOM	不行。
K	FLAVOR_UPGRADEFOUNDRY	this won't hurt... much
K	FLAVOR_VALIANTASCETIC	As they honor their losses, the Arha remember that true nobility lies in sacrifice for a greater cause.
K	FLAVOR_VEDAHSAGEOFSWORDS	I contemplated for a hundred years a single blade of grass. I made it my entire world, my only adversary. Then, I cut it down.
K	FLAVOR_VENOMPRIESTESS	Their poisons are the preferred of Black Watch assassins.
K	FLAVOR_VERDANTCHANTER	Even the forest needs hope in the absence of light.
K	FLAVOR_VERDANTCROWN	Even the largest forest starts with but a single seed." -Stone Circle Invocation
K	FLAVOR_VERDANTELEMENTAL	Plants teach us that life will always begin again.
K	FLAVOR_VERDANTHATCHLING	When Verdagris awakens, so do the hatchling.
K	FLAVOR_VIGILSRESOLVE	A sword's strength comes as much from the bearer as it does the metal.
K	FLAVOR_VIREPHEMERALGURU	All who see him have no choice but to follow.
K	FLAVOR_VOIDAVENGER	Every kill brings him closer to redeeming his fallen brethren.
K	FLAVOR_VOIDCYCLERBLUEPRINT	Hopefully this one doesn't blow up, I just grew my<br>eyebrows back." - Emma Ironheart
K	FLAVOR_VOIDFORGEDPALADIN	The Black Watch and the Templars found a common language in battle.
K	FLAVOR_VOIDINITIATE	通过入会仪式后仍保持神智清醒者，才获准成为守望者或仲裁者。
K	FLAVOR_VOIDINITIATE10TH	The initiation is as harsh as the lands<br>from which they hail from.
K	FLAVOR_VOIDMESMER	Blood calls to blood.
K	FLAVOR_VOIDMILITIA	「爱现……」
K	FLAVOR_VOIDSPEAKER	A ravenous appetite for human emotion.
K	FLAVOR_VOIDSPEAKERETER	A ravenous appetite for human emotion.
K	FLAVOR_VOIDSWORNCHAMPION	Most are driven mad by the call of the void. Those already mad hear only wardrums.
K	FLAVOR_VOIDSWORNWARRIOR	Those at the edge of oblivion feel its pull most.
K	FLAVOR_VYRAKTHEFIRST	Even the druids have forgotten the tongue he was named in.
K	FLAVOR_WAILINGSPECTRE	Denizens of Vigil lock their doors at the first scream of the night, clinging to the false hope that it will save them.
K	FLAVOR_WARPDRUID	Bark split flesh as<br>muscle hardened to wood.
K	FLAVOR_WARPROGUE	A wish granted is a dream destroyed.
K	FLAVOR_WATCHMAKERSALTAR	违规处罚：<br>1. 终止运行<br>2. 转化为有机废料。
K	FLAVOR_WATCHMAKERSALTAR10TH	You may delay, but time will not.
K	FLAVOR_WATCHTOWERGOLEM	太好了，有客人！
K	FLAVOR_WATERELEMENTAL	Water teaches us that change is inevitable.
K	FLAVOR_WEAPON303V	编制 23 人<br>10 名驾驶员，12 名操作员，1 名持证炮管技师
K	FLAVOR_WHIRLWINDASCETIC	The maelstrom surrounding him is matched only by the calm within him.
K	FLAVOR_WICKEDEND	Victory comes at a cost, but it is cheaper than defeat.
K	FLAVOR_WILDBARKMAIL	Nairi spoke to the sentries, "Wear your armor with pride, and know that the forest defends you as you defend it.
K	FLAVOR_WILDCALLSTAFF	With great power comes a great hunger for more.
K	FLAVOR_WILDFIREELEMENTAL	We don't need no water, let this wildfire burn.
K	FLAVOR_WILDGEARDRUID	The druids admired the monks' resourcefulness and ingenuity. The monks admired the druids' embrace of the unknown.
K	FLAVOR_WILDRIFTDRAKE	The dark beasts shriek through the night sky, providing new nightmares for a new world.
K	FLAVOR_WINDTYRANT10TH	There's a lot more than a storm coming."<br>-Oziah
K	FLAVOR_WOLFSHAMAN	每个傍晚，新来者都会爬上城垛，对着月亮哀嚎。到了第三夜，月亮回应了他。
K	FLAVOR_WOLFSHAMAN10TH	You will know your calling when you howl at the moon and her children howl back.
K	FLAVOR_WOLFSHAMANRU	You guys might not know this, but I consider myself a bit of a loner.
K	FLAVOR_WORKSHOPGARGOYLE	They would be more helpful if they weren't nuts
K	FLAVOR_WORKSHOPGARGOYLEETER	They would be more helpful if they weren't nuts
K	FLAVOR_WRECKLAMAX	Are you ready to rubble?
K	FLAVOR_XERONDUKEOFLIES10TH	They say every word Xeron utters<br>costs a thousand lives.
K	FLAVOR_XERONFALSEALLY	He's always happy to help, For a price.
K	FLAVOR_YGGDRASILCANOPY	From there come the dews that drop in the dells. It stands forever green over Aiyana's wells.
K	FLAVOR_YGGDRASILSTAFF	<sprite=173>
K	FLAVOR_YGGDRASILSTAFF10TH	As it grows, so too does the power of its wielder.
K	FLAVOR_YOLOTHIANMONOLITH	Energy source detected. Calculating life expectancy...
K	FLAVOR_YUREYEOFCHAOS	Forces of nature are neither good or bad, but they are capable of creating or destroying all the same.
K	FLAVOR_ZEROPOINTREACTOR	The universe began with a big bang, but the monks felt there was room for improvement
K	FLAVOR_ZETAARSENAL	Choose your weapon.
K	FLAVOR_ZINTASBRACERS	Zinta reached into the<br>Void and from it pulled daggers.
K	FLAVOR_ZISDREAMREAPER	As many ways to die, as there are dreams to be dreamt.
K	IAP_ComingSoon	即将推出
K	IAP_NowAvailable	现已推出
K	IAP_Owned	已拥有
K	Key_2Players	2 名玩家
K	Key_2_Players	2 名玩家：
K	Key_3Players	3 名玩家
K	Key_3_Players	3 名玩家：
K	Key_4Players	4 名玩家
K	Key_4_Players	4 名玩家：
K	Key_AIDifficulty	AI 难度
K	Key_AIOpponent	AI 对手
K	Key_AIPlayer	AI 玩家
K	Key_AIPlayer1	AI 玩家 1
K	Key_AIPlayer2	AI 玩家 2
K	Key_AIPlayer3	AI 玩家 3
K	Key_AIPlayer4	AI 玩家 4
K	Key_Abbr_Hour	时
K	Key_Abbr_Hours	时
K	Key_Abbr_Minute	分
K	Key_Abbr_Second	秒
K	Key_Accept	接受
K	Key_AcceptInvite	接受邀请
K	Key_AccountCreateFailed	账号创建失败。
K	Key_AccountCreateSuccess	账号已创建。<br>请输入密码登录。
K	Key_AccountError	账号出错。
K	Key_AccountNotActivatedEmail	账号尚未激活。请按发送到你邮箱的说明完成激活。
K	Key_Achievements	成就
K	Key_AddComputerPlayer	添加电脑玩家
K	Key_AddFriend	添加好友
K	Key_AddFriendPrompt	要将这名玩家加入好友列表吗？
K	Key_AddHumanPlayer	添加人类玩家
K	Key_AddProfile	添加档案
K	Key_Agree	我同意
K	Key_AmbientVolume	环境音量
K	Key_AndroidNotifications	Android 通知
K	Key_Animation_Speed	动画速度
K	Key_Announcements	公告
K	Key_AnyRating	任意评分
K	Key_AppStore	商店
K	Key_AudioLevels	音量
K	Key_AutoPlay	自动出牌
K	Key_Back	返回
K	Key_Buy	购买
K	Key_Cancel	取消
K	Key_CardGallery	卡牌图鉴
K	Key_CenterRow	中央牌列
K	Key_CheckYourEmail	请查收邮件以获取账号信息
K	Key_ChooseEndTurn	确定要结束你的回合吗？
K	Key_ClearInvite	清除邀请
K	Key_ClearPurchases	清除购买
K	Key_Close	关闭
K	Key_Commit	确认
K	Key_CommitDecision	确认你的决定
K	Key_Completed	已完成
K	Key_CompletedListEmpty	你目前没有已完成的对局。
K	Key_Confirm	确认
K	Key_ConfirmChange	确认更改
K	Key_ConfirmExit	确定要退出游戏吗？
K	Key_ConfirmPassword	确认密码
K	Key_ConfirmProfileDelete	确定要删除此档案吗？
K	Key_ConfirmRevealed	确认已展示的卡牌
K	Key_ConfirmationPause	确认暂停
K	Key_ConnectFail	连接服务器失败
K	Key_Connecting	正在连接服务器
K	Key_Continue	继续
K	Key_CreateAccount	创建账号
K	Key_CreateGame	创建对局
K	Key_CreateGameFail	无法创建。
K	Key_CreateGameFailTooMany	无法创建。<br>已创建的对局过多。
K	Key_CreateGameFailUnknown	无法创建。<br>未知错误
K	Key_CreateNewAccount	创建新账号
K	Key_CreatedGameSuccess	对局创建成功！
K	Key_CreatingGame	正在创建对局 . . .
K	Key_CreatingNewAccount	正在创建账号...
K	Key_Credits	制作人员
K	Key_Day	天
K	Key_Days	天
K	Key_Deck	牌库
K	Key_Delete	删除
K	Key_DeleteFriend	删除好友
K	Key_DeleteGame	删除对局
K	Key_DeleteGameConfirm	要删除此对局吗？
K	Key_DeleteMatchmaking	删除匹配
K	Key_Delete_Game	删除你的对局
K	Key_Details	详情
K	Key_Discard	弃牌堆
K	Key_Disconnect	你已断开<br>与服务器的连接
K	Key_Dismiss	关闭
K	Key_Done	完成
K	Key_DontShowWarning	不再显示此警告
K	Key_DoubleTapContinue	双击继续…
K	Key_DragProfiles	将档案标签拖到玩家栏位
K	Key_DragToAdd	拖到下方添加
K	Key_DuplicateProfile	已存在同名档案
K	Key_Email	电子邮箱
K	Key_EmailInUse	该邮箱已被使用
K	Key_EmailNotifications	邮件通知
K	Key_EmailUser	请输入邮箱或用户名
K	Key_Empty	空
K	Key_EndGame	结束对局
K	Key_EnterEmail	输入邮箱
K	Key_EnterName	请输入名称
K	Key_EnterPassword	输入密码
K	Key_EnterText	请输入文字...
K	Key_EnterUsername	请输入用户名
K	Key_EnterUsernameAlt	输入用户名
K	Key_EnterValidEmail	请输入有效的电子邮箱地址
K	Key_Error	错误
K	Key_Exit	退出
K	Key_ExpireTimer	超时计时
K	Key_FailConnect	无法连接到服务器
K	Key_Fast	快
K	Key_FindGame	查找对局
K	Key_FindGameListEmpty	目前没有可加入的对局。<br>请使用“创建对局”菜单开一局新游戏。
K	Key_FindGameSearching	正在搜索对局 . . .
K	Key_Finish	完成
K	Key_Forfeit	认输
K	Key_ForfeitPrompt	确定要放弃这局游戏吗？
K	Key_ForfeitedOpponents	所有对手均已认输。你赢了！
K	Key_Forfeits	认输次数
K	Key_Forget	忘记登录信息？
K	Key_Fri	五
K	Key_Friday	星期五
K	Key_FriendAddSuccess	已成功添加好友“{0}”。
K	Key_FriendAdding	正在将“{0}”加为好友。
K	Key_FriendAlready	{0} 已经是你的好友。
K	Key_FriendNotFound	未找到用户“{0}”。
K	Key_FriendRemoving	正在移除好友“{0}”。
K	Key_FriendRequest	好友请求
K	Key_FriendRmvSuccess	已移除好友。
K	Key_Friends	好友
K	Key_FriendsList	好友列表
K	Key_Fullscreen	全屏
K	Key_GameChat	对局聊天
K	Key_GameCompleted	对局结束
K	Key_GameListEmpty	你目前没有进行中的对局。
K	Key_GameLog	对局记录
K	Key_GamePaused	游戏已暂停
K	Key_GameStats	对局统计
K	Key_GameTimer	对局计时
K	Key_GameType	对局类型
K	Key_Game_List	对局列表
K	Key_Game_Speed	游戏速度
K	Key_Hand	手牌
K	Key_HelpEnabled	启用帮助
K	Key_Hint_Buy	获取
K	Key_Hint_Copy	复制
K	Key_Hint_Defend	防御
K	Key_Hint_Delete	删除
K	Key_Hint_Discard	弃牌
K	Key_Hint_Give	交给
K	Key_Hint_Play	打出
K	Key_Hint_Reveal	展示
K	Key_Hint_Select	选择
K	Key_Hint_Target	目标
K	Key_Hint_Use	使用
K	Key_Honor	荣誉
K	Key_Hour	小时
K	Key_Hours	小时
K	Key_Human	人类
K	Key_InApp	商店
K	Key_In_Progress	进行中
K	Key_InvalidCharacters	名称包含无效字符
K	Key_InvalidEmail	邮箱无效
K	Key_InvalidPassword	密码无效
K	Key_InvalidUsername	用户名已被使用。
K	Key_Invite	邀请
K	Key_InviteFriend	邀请好友
K	Key_Invited	已邀请
K	Key_Join	加入
K	Key_JoinFailConnect	无法加入。<br>与服务器的连接已断开。
K	Key_JoinFailFull	无法加入。<br>对局已满。
K	Key_JoinFailNotExist	无法加入。<br>对局已不存在。
K	Key_JoinFailUnknown	无法加入。<br>未知错误。
K	Key_JoinGame	加入对局
K	Key_JoinSuccess	已成功加入对局！
K	Key_Joining	正在加入对局 . . .
K	Key_KeyBindings	按键绑定
K	Key_Languages	语言
K	Key_Loading	加载中... %d%%
K	Key_LoadingCards	正在加载卡牌
K	Key_LoadingGame	加载中
K	Key_Locked	已锁定
K	Key_LogOut	退出登录
K	Key_Login	登录
K	Key_LoginFailed	登录失败
K	Key_LossesVS	对战负场
K	Key_MainMenu	主菜单
K	Key_Medium	中
K	Key_Menu	菜单
K	Key_Minute	分钟
K	Key_Minutes	分钟
K	Key_Mon	一
K	Key_Monday	星期一
K	Key_Moregames	更多游戏
K	Key_Music_Volume	音乐音量
K	Key_MustAcceptTerms	创建账号前必须同意使用条款
K	Key_NameEntry	请输入玩家名称
K	Key_NetworkUpdate	有可用更新。<br>请下载最新版本后再进行在线游戏。
K	Key_Newsletter	Playdek 通讯
K	Key_No	否
K	Key_NoCardSelected	未选择卡牌
K	Key_NoCommit	不是有效目标
K	Key_NoPlayerData	无玩家数据
K	Key_None	无
K	Key_NoticeExpiredTimer	计时已耗尽！<br>你已输掉这局游戏。
K	Key_NoticeOpponentsForfeit	所有对手均已认输。你赢了！
K	Key_Notifications	通知
K	Key_OK	确定
K	Key_Offline	离线
K	Key_OfflineCreateGame	离线创建对局
K	Key_OfflineLobby	离线大厅
K	Key_Offline_Game_List	离线对局列表
K	Key_Offline_Record	离线战绩
K	Key_Ok	确定
K	Key_OnTheWeb	访问网站
K	Key_Online	在线
K	Key_OnlineChat	大厅聊天
K	Key_OnlineCreateGame	在线创建对局
K	Key_OnlineFailGameCenter	必须登录<br>Game Center<br>才能进行在线游戏
K	Key_OnlineLobby	在线大厅
K	Key_OnlineLogin	在线登录
K	Key_Online_Game_List	在线对局列表
K	Key_Online_Record	在线战绩
K	Key_OpponentStats	对手统计
K	Key_Option_MayEndTurn	你可以结束回合
K	Key_Option_MustEndTurn	你必须结束回合
K	Key_Options	选项
K	Key_Password	密码
K	Key_PasswordMismatch	两次输入的密码不一致
K	Key_PasswordNoMatch	密码与确认密码不一致
K	Key_PasswordNotVerified	请再次确认密码
K	Key_PasswordRequired	必须设置密码
K	Key_Pause	暂停
K	Key_Play	开始
K	Key_PlayOffline	离线游戏
K	Key_PlayOnline	在线游戏
K	Key_Player1	玩家 1
K	Key_Player2	玩家 2
K	Key_Player3	玩家 3
K	Key_Player4	玩家 4
K	Key_Player5	玩家 5
K	Key_Playername	玩家名称
K	Key_PleaseWait	请稍候...
K	Key_Pop_Ups	确认弹窗
K	Key_Power	战力
K	Key_PressNewKey	请按下新的按键：
K	Key_PrivacyPolicy	隐私政策
K	Key_Profile	档案
K	Key_ProfileLoading	正在读取档案 . . .
K	Key_Profiles	档案
K	Key_Purchase	购买
K	Key_Purchased	已购买
K	Key_QuickMatch	快速匹配
K	Key_QuickMatchDelete	确定要删除此快速匹配请求吗？
K	Key_QuickMatchFailure	创建快速匹配失败。
K	Key_QuickMatchProcess	正在创建快速匹配对局...
K	Key_QuickMatchRequest	快速匹配请求
K	Key_QuickMatchTooMany	创建快速匹配失败。<br>打开的对局过多。
K	Key_Quit	退出
K	Key_Rating	评分
K	Key_RatingDifference	评分差
K	Key_ReadyToStart	准备开始
K	Key_Reject	拒绝
K	Key_Rematch	再来一局
K	Key_Remember	记住密码
K	Key_RemotePlayer	远程玩家
K	Key_RemoveFriend	删除好友
K	Key_RemoveFriendPrompt	要从好友列表中移除这名玩家吗？
K	Key_RemoveProfile	删除档案
K	Key_RequestMatch	请求对局
K	Key_Resolution	分辨率
K	Key_ResolutionChange	要将分辨率改为 {0}x{1} 吗？
K	Key_ResolutionKeep	保留此分辨率？
K	Key_Resolutions	分辨率
K	Key_RestoreDefaults	恢复默认
K	Key_RestorePurchases	恢复购买
K	Key_Resume	继续游戏
K	Key_ResumeGame	继续游戏
K	Key_ReturnToLobby	返回大厅
K	Key_Round	回合
K	Key_Rulebook	规则书
K	Key_Runes	符文
K	Key_Sat	六
K	Key_Saturday	星期六
K	Key_Save	保存
K	Key_Search	搜索
K	Key_Second	秒
K	Key_Seconds	秒
K	Key_SelectAvatar	选择头像
K	Key_SelectLanguage	选择语言
K	Key_SendInfo	发送登录信息
K	Key_Settings	设置
K	Key_Setup	设置
K	Key_SimplifiedChinese	简体中文
K	Key_SlotClosed	(已关闭)
K	Key_SlotOpen	(开放)
K	Key_Slow	慢
K	Key_Sound_Volume	音效音量
K	Key_Start	开始
K	Key_StartGame	开始对局
K	Key_Start_Menu	开始菜单
K	Key_Sun	日
K	Key_Sunday	星期日
K	Key_Surrender	认输
K	Key_TapContinue	点击继续
K	Key_TermsAgreement	使用条款
K	Key_Theme	主题选择
K	Key_Thurs	四
K	Key_Thursday	星期四
K	Key_TimerAny	计时：任意
K	Key_TitleGame	对局
K	Key_TitleNew	新建
K	Key_TraditionalChinese	繁体中文
K	Key_Tues	二
K	Key_Tuesday	星期二
K	Key_Turn	回合
K	Key_Tutorial	教程
K	Key_TutorialPrompt	要进行教程吗？
K	Key_Tutorials	教程
K	Key_Undo	撤销
K	Key_User	用户名：
K	Key_Username	用户名
K	Key_Verify	验证：
K	Key_View	查看
K	Key_ViewCards	查看卡牌
K	Key_ViewGame	观看对局
K	Key_ViewOpponentProfile	点击对手以查看其档案
K	Key_ViewingPlayer	正在查看玩家
K	Key_Void	虚空区
K	Key_WaitForPlayer	等待玩家
K	Key_WaitForPlayers	等待玩家
K	Key_WaitForStart	等待开始
K	Key_Waiting	等待中
K	Key_Warning	警告
K	Key_Wed	三
K	Key_Wednesday	星期三
K	Key_WindowedMode	窗口模式
K	Key_WinsVS	对战胜场
K	Key_Withdraw	退出对局
K	Key_WithdrawConfirm	确定要退出这局游戏吗？
K	Key_Yes	是
K	Key_iOSNotifications	iOS 通知
K	LABEL_DAY	<b>昼：</b>
K	LABEL_DREAMBIND	<B>梦缚：</B>
K	LABEL_ECHO	<b>回响：</b>
K	LABEL_ENERGIZE	<b>充能</b>
K	LABEL_EVENT_TROPHY	<b>事件战利品：</b>
K	LABEL_FATE	<color=#fdc60eff><B>天命：</B></color>
K	LABEL_INFEST	<b>感染 - </b>
K	LABEL_MULTIUNITE	<b>多重联合：</b>
K	LABEL_NIGHT	<b>夜：</b>
K	LABEL_ONGOING	<b>持续：</b>
K	LABEL_PHANTASM	<B><I>Phantasm - </I></B>
K	LABEL_PLUNDER	<B><I>Plunder - </I></B>
K	LABEL_RALLY_ENLIGHTENED	<b>集结：圣贤</b>
K	LABEL_RALLY_LIFEBOUND	<b>集结：命约</b>
K	LABEL_RALLY_MECHANA	<b>集结：机械</b>
K	LABEL_RALLY_MONSTER	<b>集结：怪物</b>
K	LABEL_RALLY_VOID	<b>集结：虚空</b>
K	LABEL_REWARD	<B>奖励：</B>
K	LABEL_SERENITY	<b>宁静：</b>
K	LABEL_TRANSFORM	<B>Transform - </B>
K	LABEL_TROPHY	<color=#951719FF><B>战利品：</B></color>
K	LABEL_TROPHY_ONGOING	<color=#951719FF><B>持续战利品：</B></color>
K	LABEL_UNITE	<b>联合：</b>
K	NIGHT_AKLYSTHESCOURGE	${LABEL_NIGHT} 击败所有其他怪物在中央牌列无需支付费用.
K	NIGHT_DARKGLADIATOR	${LABEL_NIGHT} 获得额外的 ${ICON_POWER2}.
K	NIGHT_DREADCONJURER	${LABEL_NIGHT} 你可以放逐一张卡牌在你的手牌或弃牌堆.
K	NIGHT_EMBERWINGMOTH	${LABEL_NIGHT} 每位对手chooses神器其控制的和 摧毁rest.
K	NIGHT_LEGIONOFAKLYS	${LABEL_TROPHY_ONGOING} 当你 获取或 击败 ${ICON_NIGHT} 卡牌, 获得${ICON_HONOR2}.
K	NIGHT_LIEUTENANTDUROS	${LABEL_NIGHT} 拿取${ICON_HONOR5} 从对手的 你的choice.
K	NIGHT_LIGHTOFFALSEHOPE	${LABEL_NIGHT} 抽 2 卡牌.
K	NIGHT_LUNARGUARDIAN	${LABEL_NIGHT} 获得${ICON_POWER2}.
K	NIGHT_LUROTHEHUNTER	${LABEL_NIGHT} 你可以花费 ${ICON_RUNE} 作为 ${ICON_POWER} 和 ${ICON_POWER} 作为 ${ICON_RUNE} 本回合.
K	NIGHT_SHADEOFSADRANIS	${LABEL_NIGHT} 一次本回合, 你可以击败非战利品怪物在 虚空区视为在中央牌列. 若你如此做，将它放置置于其底： 传送门牌库.
K	NIGHT_SHADEVIPER	${LABEL_TROPHY} 若当前为夜, 放逐此牌以 获得${ICON_POWER1}.
K	NIGHT_VERDANTCHANTER	${LABEL_NIGHT} 你可以放置英雄你 获取本回合放到你的牌库顶.
K	NIGHT_WARTORNARBITER	${LABEL_NIGHT} 获得${ICON_POWER1}. 你可以放逐一张卡牌在你的手牌或弃牌堆.
K	TROPHY_AKAMTHEGENIE	${LABEL_TROPHY_ONGOING} 放置三 愿望指示物在 阿卡姆.<br>每回合一次，你可以移除愿望指示物以 获得${ICON_RUNE2} 或 ${ICON_POWER2}. 当阿卡姆具有没有愿望指示物, 放逐它.
K	TROPHY_CACKLINGJACKAL	${LABEL_TROPHY} 放逐此 以获得${ICON_RUNE1}.
K	TROPHY_DECEITFULGHOUL	${LABEL_TROPHY} 放逐此 以放逐一张卡牌在中央牌列.
K	TROPHY_FANATICSOS	${LABEL_TROPHY} 你可以放逐此牌以 获得当前事件战利品效果.
K	TROPHY_GROWMITES	${LABEL_TROPHY_ONGOING} 当你 击败另一增生螨, 获得${ICON_HONOR2}.
K	TROPHY_HOARDINGTYRANT	${LABEL_TROPHY} 你可以放逐此牌以 获得${ICON_RUNE2}.
K	TROPHY_HOARDINGWHELP	${LABEL_TROPHY} 你可以放逐此牌以 获得${ICON_POWER1}.
K	TROPHY_KYTHISREBELGODLING	${LABEL_TROPHY_ONGOING} 每回合一次，获得灵魂宝石.
K	TROPHY_KYTHISREBELGODLINGV2	${LABEL_TROPHY_ONGOING} 每回合一次，获得灵魂宝石.
K	TROPHY_MINOTAUR	${LABEL_TROPHY} 你可以放逐此牌以 抽一张牌.
K	TROPHY_NOTHINGMAN	${LABEL_TROPHY} 放逐此 以获得灵魂宝石.
K	TROPHY_SERPENTSIREN	${LABEL_TROPHY} 你可以放逐此牌以 获得${ICON_ENERGY1}.
K	TROPHY_SMOKETYRANT	${LABEL_TROPHY_ONGOING} 每回合一次，获得${ICON_ENERGY1} 以每个宝藏其下此.
K	TROPHY_UNCHAINEDFATES	${LABEL_TROPHY} 你可以放逐此牌以 抽两张牌.
K	TROPHY_VAULTSPHINX	${LABEL_TROPHY} 你可以放逐此牌以 获得${ICON_ENERGY2}.
K	TROPHY_XERONLORDOFDEOFOL	${LABEL_TROPHY_ONGOING} 你可以击败英雄在中央牌列被 支付 ${ICON_POWER} 相等以 其 ${ICON_RUNE} 费用. 若你如此做，获得${ICON_HONOR} 相等以 其 ${ICON_HONOR} 值和 复制效果的 该英雄.
K	TUTORIAL_PROMPT_ACQUIREARHAINITIATE	将亚哈新兵拖到你的弃牌堆
K	TUTORIAL_PROMPT_ACQUIREEMRI	将艾姆瑞拖到你的弃牌堆
K	TUTORIAL_PROMPT_ACQUIREMURAMASA	将村正拖到你的弃牌堆
K	TUTORIAL_PROMPT_ACQUIREMYSTIC	将一张秘教士拖到你的弃牌堆
K	TUTORIAL_PROMPT_ACQUIRESNAPDRAGON	将金鱼草拖到你的弃牌堆
K	TUTORIAL_PROMPT_ACQUIREWOLFSHAMAN	将狼萨满拖到你的弃牌堆
K	TUTORIAL_PROMPT_CONTINUE	${CLICK_C} 继续
K	TUTORIAL_PROMPT_DEFEATCULTIST	将邪教徒拖到虚空区
K	TUTORIAL_PROMPT_DEFEATWINDTRYANT	将风之暴君拖到虚空区
K	TUTORIAL_PROMPT_ENDTURN	${CLICK_C} 结束回合按钮
K	TUTORIAL_PROMPT_PLAYAPPRENTICE	将一张学徒拖到行动区
K	TUTORIAL_PROMPT_PLAYARHAINITIATE	将亚哈新兵拖到行动区
K	TUTORIAL_PROMPT_PLAYEMRI	将与虚空合一的艾姆瑞拖到行动区
K	TUTORIAL_PROMPT_PLAYMILITIA	将一张民兵拖到行动区
K	TUTORIAL_PROMPT_PLAYSNAPDRAGON	将金鱼草拖到行动区
K	TUTORIAL_PROMPT_PLAYWOLFSHAMAN	将狼萨满拖到行动区
K	TUTORIAL_TEXT_1	创升纪元是一款牌库构筑游戏。<br><br>每位玩家以相同的十张初始套牌开始，并在对局中不断强化自己的牌库。
K	TUTORIAL_TEXT_10	卡牌右上角的数字是获取或击败它所需的费用。
K	TUTORIAL_TEXT_11	要获取一张秘教士，你需要花费 3 点符文。<br><br>再打出一张学徒以获得第二点符文。
K	TUTORIAL_TEXT_12	要获取一张秘教士，你需要花费 3 点符文。<br><br>打出第三张学徒以再获得 1 点符文。
K	TUTORIAL_TEXT_13	你现在有足够的符文<br>来获取一张秘教士。
K	TUTORIAL_TEXT_14	获取的卡牌会进入你的弃牌堆，并在下次洗牌后进入你的牌库循环。
K	TUTORIAL_TEXT_15	可以获取的卡牌会带有绿色光晕。<br><br>现在试着获取一张秘教士。
K	TUTORIAL_TEXT_16	要击败怪物，必须花费战力 <sprite=0>。<br><br>击败邪教徒需要 2 点战力。
K	TUTORIAL_TEXT_17	要击败邪教徒，必须花费 2 点战力。<br><br>从手牌打出一张民兵以获得战力。
K	TUTORIAL_TEXT_18	要击败邪教徒，必须花费 2 点战力。<br><br>打出另一张民兵以再获得 1 点战力。
K	TUTORIAL_TEXT_19	击败的怪物不会进入你的牌库。你会得到奖励，然后它被送入虚空区。
K	TUTORIAL_TEXT_2	每位玩家开局拥有 8 张学徒和 2 张民兵。<br><br>它们提供两种基础资源：<br>符文 <sprite=32> 与战力 <sprite=0>。
K	TUTORIAL_TEXT_20	进入虚空区的卡牌会移出游戏。邪教徒比较特殊，可以被反复送入虚空区。
K	TUTORIAL_TEXT_21	可以击败的卡牌会带有红色光晕。要击败它，请将它拖到虚空区。
K	TUTORIAL_TEXT_22	击败邪教徒的奖励是 1 点荣誉。荣誉 <sprite=64> 是胜利条件：最终荣誉高于对手即可获胜。
K	TUTORIAL_TEXT_23	除了击败怪物获得荣誉外，你获取的每张卡牌左下角也标有荣誉值。
K	TUTORIAL_TEXT_24	荣誉来自怪物奖励和你购入的卡牌。左下角数字是终局计分时该牌提供的荣誉。
K	TUTORIAL_TEXT_25	你获得的荣誉会与牌库中所有卡牌的荣誉合计，成为最终得分。
K	TUTORIAL_TEXT_26	游戏开始时会按人数设置荣誉池。荣誉池耗尽即表示对局即将结束。
K	TUTORIAL_TEXT_27	每当有玩家打出卡牌或结算奖励获得荣誉时，就会从荣誉池中扣除相应点数。
K	TUTORIAL_TEXT_28	荣誉池空后，从首位玩家起到拿取最后荣誉的那名玩家之前，每人还可以完成各自的回合。
K	TUTORIAL_TEXT_29	这是 2 人游戏，荣誉池初始为 60 点。
K	TUTORIAL_TEXT_3	每张学徒提供 1 点符文，用来获取更多卡牌加入你的牌库。
K	TUTORIAL_TEXT_30	除始终可用的卡牌外，玩家还可以从中央牌列获取或击败卡牌。
K	TUTORIAL_TEXT_31	中央牌列有 6 张牌，会随对局变化。当一张牌离开中央牌列（通常因为被获取或击败），会立刻从传送门牌库补一张新牌。
K	TUTORIAL_TEXT_32	开局每人抽五张牌。每回合结束时，这些牌进入你的弃牌堆，然后你再抽五张新牌。
K	TUTORIAL_TEXT_33	本局你开场有 5 张学徒，因此会有<br>5 点符文可以花费。
K	TUTORIAL_TEXT_34	符文可以任意花费。只要符文够，回合中获取卡牌的数量没有上限。
K	TUTORIAL_TEXT_35	卡牌越贵，加入牌库后通常也越强。
K	TUTORIAL_TEXT_36	5 点符文刚好可以获取金鱼草，这是一张很适合加入牌库的牌。把中央牌列的金鱼草拖过来获取它。
K	TUTORIAL_TEXT_37	获取金鱼草后，中央牌列空出的位置会立刻从传送门牌库补一张新牌。
K	TUTORIAL_TEXT_38	你本回合的资源已经用完。没有其他行动时，必须结束回合，让对手行动。
K	TUTORIAL_TEXT_39	回合结束时，留在手牌中的卡牌和本回合打出的英雄都会进入弃牌堆，然后你再抽 5 张新牌。
K	TUTORIAL_TEXT_4	每张民兵提供 1 点战力，用来击败怪物并获得奖励。
K	TUTORIAL_TEXT_40	对手有 4 张学徒和 1 张民兵。
K	TUTORIAL_TEXT_41	他用 4 点符文获取了恶魔杀手。
K	TUTORIAL_TEXT_42	对手只剩 1 点战力，没有能击败的目标，所以那张民兵会未被使用地进入弃牌堆。
K	TUTORIAL_TEXT_43	现在又轮到你了。<br><br>你的手牌提供 3 点符文和 2 点战力。
K	TUTORIAL_TEXT_44	花费 3 点符文可以获取狼萨满。<br><br>狼萨满与金鱼草搭配很好。
K	TUTORIAL_TEXT_45	狼萨满是命约英雄。金鱼草在战场时，打出命约英雄会额外获得荣誉 <sprite=64>。
K	TUTORIAL_TEXT_46	获取狼萨满需要 3 点符文。
K	TUTORIAL_TEXT_47	现在可以获取狼萨满了。
K	TUTORIAL_TEXT_48	你还剩 2 点战力，可以<br>用来击败邪教徒。
K	TUTORIAL_TEXT_49	击败邪教徒会获得 1 点荣誉。
K	TUTORIAL_TEXT_5	学徒与民兵都是英雄。英雄可以从手牌打出以结算其效果。
K	TUTORIAL_TEXT_50	你的回合结束了。<br><br>本回合打出的卡牌会进入弃牌堆，然后你再抽 5 张新手牌。
K	TUTORIAL_TEXT_51	牌库抽空后，弃牌堆会洗牌成为新的牌库。最近几回合获取的卡牌现在可以打出了。
K	TUTORIAL_TEXT_52	对手再次抽到 4 张学徒和 1 张民兵。
K	TUTORIAL_TEXT_53	他用 4 点符文获取了 2 张重装步兵。剩下的 1 点战力再次浪费，因为没有能击败的目标。
K	TUTORIAL_TEXT_54	你刚抽到的金鱼草是神器。英雄在回合结束时进入弃牌堆，神器则会留在战场并在每回合产生效果。
K	TUTORIAL_TEXT_55	金鱼草每回合提供 1 点符文。<br><br>把它拖到行动区以进入战场。
K	TUTORIAL_TEXT_56	提供固定符文或战力的神器在战场上会自动触发。
K	TUTORIAL_TEXT_57	金鱼草提供的符文已经计入你的符文总数：<br>金鱼草 1 点，外加学徒的 3 点。
K	TUTORIAL_TEXT_58	先花 1 点符文获取亚哈新兵。符文够就可以继续获取；如果中央牌列补出更好的牌，你也可以再拿。
K	TUTORIAL_TEXT_59	与虚空合一的艾姆瑞很强，但本回合买不起。
K	TUTORIAL_TEXT_6	可从手牌打出的卡牌会带有白色光晕。<br><br>现在试着打出一张学徒。
K	TUTORIAL_TEXT_60	你的符文不够获取中央牌列的任何牌。<br>这时始终可用的卡牌就派上用场了。
K	TUTORIAL_TEXT_61	用剩下的 3 点符文<br>获取一张秘教士。
K	TUTORIAL_TEXT_62	你还剩 1 点战力，但没有能用 1 战力击败的目标，所以必须结束回合。
K	TUTORIAL_TEXT_63	对手抽到恶魔杀手、民兵<br>和 3 张学徒，因此有 4 点战力和 3 点符文。
K	TUTORIAL_TEXT_64	他击败了造物之误，获得 4 点荣誉，并可以放逐中央牌列一张牌，再从弃牌堆放逐一张牌。
K	TUTORIAL_TEXT_65	放逐是把卡牌送入虚空区而不必击败它。怪物被放逐时不会结算奖励。
K	TUTORIAL_TEXT_66	你应该放逐不想让对手获取或击败的牌，然后传送门牌库会补出一张新牌。
K	TUTORIAL_TEXT_67	对手选择放逐达萨大师。他的牌库偏战力，因此放逐达萨大师以阻止你获取。
K	TUTORIAL_TEXT_68	放逐达萨大师不但拿走了你本可能使用的牌，补出的新牌还正是对手想要的。
K	TUTORIAL_TEXT_69	对手现在可以花 3 点符文获取<br>暗影之星。
K	TUTORIAL_TEXT_7	游戏区左上角的卡牌在整局中始终可用。
K	TUTORIAL_TEXT_70	对手资源用尽，结束了回合。
K	TUTORIAL_TEXT_71	打出狼萨满获得 1 点符文并额外抽一张牌。因为狼萨满是命约英雄，金鱼草还会让你获得 1 点荣誉。
K	TUTORIAL_TEXT_72	加上本回合额外获得的资源，<br>你现在有 6 点符文和 1 点战力。
K	TUTORIAL_TEXT_73	符文够了，可以获取与虚空合一的艾姆瑞！
K	TUTORIAL_TEXT_74	没有能用 1 点战力击败的目标，<br>你的回合结束。
K	TUTORIAL_TEXT_75	对手抽到重装步兵、民兵和<br>3 张学徒，共 3 点符文和 3 点战力。
K	TUTORIAL_TEXT_76	他先花 3 点战力击败萨麦尔的诡术师。
K	TUTORIAL_TEXT_77	击败萨麦尔的诡术师让对手获得<br>1 点荣誉和 1 点符文，符文总数来到 4 点。
K	TUTORIAL_TEXT_78	他用这 4 点符文获取刚在中央牌列亮出的石环德鲁伊。
K	TUTORIAL_TEXT_79	对手资源用尽，结束了回合。
K	TUTORIAL_TEXT_8	你的回合中可以随时获取这些卡牌加入牌库，或击败它们以获得奖励。
K	TUTORIAL_TEXT_80	本回合应先打出亚哈新兵，它让你从牌库额外抽一张牌。
K	TUTORIAL_TEXT_81	通常要尽早打出能额外抽牌或产生资源的卡牌，以便有更多选择。
K	TUTORIAL_TEXT_82	亚哈新兵抽到了艾姆瑞。<br>运气不错，你现在有 5 点战力。
K	TUTORIAL_TEXT_83	战力足够击败风之暴君。<br><br>从手牌打出与虚空合一的艾姆瑞。
K	TUTORIAL_TEXT_84	现在击败风之暴君，获得<br>3 点荣誉和 3 点符文。
K	TUTORIAL_TEXT_85	获取村正需要 7 点符文。
K	TUTORIAL_TEXT_86	你现在有足够的符文获取村正了！
K	TUTORIAL_TEXT_87	你已经掌握足够知识来完整进行一局创升纪元！<br><br>记住：终局荣誉最高的玩家获胜。
K	TUTORIAL_TEXT_88	若仍需帮助，可点右下角菜单按钮查看详细规则和界面图解。
K	TUTORIAL_TEXT_89	你可以继续完成这局对电脑的教程，或随时用菜单开始新对局。
K	TUTORIAL_TEXT_9	右键点击任意卡牌可查看大图。左键点击即可回到牌局继续游戏。
E	<smallcaps><size=120%><b>Ascension: Deck Building Game\n</B></size></smallcaps>\n\n\n\n<smallcaps><color=#1C4E80C8>Senior Product Manager\n</color></smallcaps>\nBriana Covill\n\n\n\n\n<smallcaps><color=#1C4E80C8>Lead Programmer\n</color></smallcaps>\nGary Weis\n\n\n\n\n<smallcaps><color=#1C4E80C8>Director, Engineering\n</color></smallcaps>\nTimothy Parker\n\n\n\n\n<smallcaps><color=#1C4E80C8>Senior Programmers\n\n</color></smallcaps>\nRandall Stevenson\n\nAlan Hickman\n\nAdam Dickinson\n\n\n\n\n<smallcaps><color=#1C4E80C8>Programmers\n</color></smallcaps>\nMatthew Schock\n\nSulaiman Abdul-Khabir\n\n\nAlex Shank\n\n\n\n\n<smallcaps><color=#1C4E80C8>Art Director\n</color></smallcaps>\nJeff Garstecki\n\n\n\n\n<smallcaps><color=#1C4E80C8>Senior Technical Artist\n</color></smallcaps>\n\nJames Graham\n\n\n\n\n<smallcaps><color=#1C4E80C8>Senior Artist\n</color></smallcaps>\nEric “Dark Lynx” Lin\n\n\n\n<smallcaps><color=#1C4E80C8>Artists</color></smallcaps>\nRon Bourbeau\nAdam del Rosario\n\n\n\n\n<smallcaps><color=#1C4E80C8>Music and Sound Design\n</color></smallcaps>\n\nJung Park\n\nTodd Masten\n\n\n\n\n<smallcaps><color=#1C4E80C8>Development Director\n</color></smallcaps>\nTodd Masten\n\n\n\n\n<smallcaps><color=#1C4E80C8>Marketing Manager\n</color></smallcaps>\n\n\nGeorge Rothrock\n\n\n\n\n<smallcaps><color=#1C4E80C8>Assistant Producer\n</color></smallcaps>\nRebecca Doyle\n\n\n\n\n<smallcaps><color=#1C4E80C8>QA Analysts\n</color></smallcaps>\nAmanda Rea\n\n\nJesse Dorman\n\n\nCameron Dove\n\n\nRebecca Doyle\n\n\n\n\n<smallcaps><color=#1C4E80C8>Play Testers\n</color></smallcaps>\n\n\nJesse Abrahamson\n\n\nRolo Andreola\n\n\nClaire Baker\n\n\nSean Copeland\n\n\nMike Drysdale\n\n\nCory Damone Enriquez\n\n\nJeff Evans\n\n\nIan Estrin\n\n\nJason Finn\n\n\nDavid Fowler\n\n\nSam Grover\n\n\nJen Gidner\n\n\nMike Girard\n\n\nJeff W. Hastings\n\n\nGlenn Jones\n\n\nMichael Lampert\n\n\nLauren Lee\n\n\nScott Lelivelt\n\n\nNoah Lesgold\n\n\nShawn E. A. Lockard\n\n\nJason Long\n\n\nDan Massek\n\n\nPatrick McAlpine\n\n\nMark McEvoy\n\n\nJames McMahon\n\n\nZach Mitchell\n\n\nJoey Morgan\n\n\nCharles Morton\n\n\nTre’ Morton\n\n\nJason Mosley\n\n\nEngku Nasrun\n\n\nJeremy Norstad\n\n\nRyan O’Connor\n\n\nDavid Pazmino\n\n\nJames Prater\n\n\nDaniel Reigner\n\n\nVictor Rogachevsky\n\n\nGraham Russell\n\n\nBrian Sagocio\n\n\nVernon Shurtz\n\n\nAlex Shvartsman\n\n\nRyan Soots\n\n\nLaszlo Stadler\n\n\nBenjamin D. Stanley\n\n\nJosh Wilhelmi\n\n\nGreg Willis\n\n\nMichael Zimmerman\n\n\n\n\n<smallcaps><color=#1C4E80C8>Special Thanks\n</color></smallcaps>\nFrank Silas\n\n\nPhil Straka\n\n\n	<smallcaps><size=120%><b>创升纪元：牌组构筑游戏\n</B></size></smallcaps>\n\n\n<smallcaps><color=#1C4E80C8>高级产品经理\n</color></smallcaps>\nBriana Covill\n\n\n<smallcaps><color=#1C4E80C8>主程序员\n</color></smallcaps>\nGary Weis\n\n\n<smallcaps><color=#1C4E80C8>工程总监\n</color></smallcaps>\nTimothy Parker\n\n\n<smallcaps><color=#1C4E80C8>资深
E	<smallcaps><size=120%><b>Ascension: Deck Building Game\n</B></size></smallcaps>\n\n\n\n<smallcaps><color=#1C4E80C8>Senior Product Manager\n</color></smallcaps>\nBriana Covill\n\n\n\n\n<smallcaps><color=#1C4E80C8>Lead Programmer\n</color></smallcaps>\nGary Weis\n\n\n\n\n<smallcaps><color=#1C4E80C8>Director, Engineering\n</color></smallcaps>\nTimothy Parker\n\n\n\n\n<smallcaps><color=#1C4E80C8>Senior Programmers\n\n</color></smallcaps>\nRandall Stevenson\n\nAlan Hickman\n\nAdam Dickinson\n\n\n\n\n<smallcaps><color=#1C4E80C8>Programmers\n</color></smallcaps>\nMatthew Schock\n\nSulaiman Abdul-Khabir\n\n\nAlex Shank\n\n\n\n\n<smallcaps><color=#1C4E80C8>Art Director\n</color></smallcaps>\nJeff Garstecki\n\n\n\n\n<smallcaps><color=#1C4E80C8>Senior Technical Artist\n</color></smallcaps>\n\nJames Graham\n\n\n\n\n<smallcaps><color=#1C4E80C8>Senior Artist\n</color></smallcaps>\nEric “Dark Lynx” Lin\n\n\n\n<smallcaps><color=#1C4E80C8>Artists</color></smallcaps>\nRon Bourbeau\nAdam del Rosario\n\n\n\n\n<smallcaps><color=#1C4E80C8>Music and Sound Design\n</color></smallcaps>\n\nJung Park\n\nTodd Masten\n\n\n\n\n<smallcaps><color=#1C4E80C8>Development Director\n</color></smallcaps>\nTodd Masten\n\n\n\n\n<smallcaps><color=#1C4E80C8>Marketing Manager\n</color></smallcaps>\n\n\nGeorge Rothrock\n\n\n\n\n<smallcaps><color=#1C4E80C8>Assistant Producer\n</color></smallcaps>\nRebecca Doyle\n\n\n\n\n<smallcaps><color=#1C4E80C8>QA Analysts\n</color></smallcaps>\nAmanda Rea\n\n\nJesse Dorman\n\n\nCameron Dove\n\n\nRebecca Doyle\n\n\n\n\n<smallcaps><color=#1C4E80C8>Play Testers\n</color></smallcaps>\n\n\nJesse Abrahamson\n\n\nRolo Andreola\n\n\nClaire Baker\n\n\nSean Copeland\n\n\nMike Drysdale\n\n\nCory Damone Enriquez\n\n\nJeff Evans\n\n\nIan Estrin\n\n\nJason Finn\n\n\nDavid Fowler\n\n\nSam Grover\n\n\nJen Gidner\n\n\nMike Girard\n\n\nJeff W. Hastings\n\n\nGlenn Jones\n\n\nMichael Lampert\n\n\nLauren Lee\n\n\nScott Lelivelt\n\n\nNoah Lesgold\n\n\nShawn E. A. Lockard\n\n\nJason Long\n\n\nDan Massek\n\n\nPatrick McAlpine\n\n\nMark McEvoy\n\n\nJames McMahon\n\n\nZach Mitchell\n\n\nJoey Morgan\n\n\nCharles Morton\n\n\nTre’ Morton\n\n\nJason Mosley\n\n\nEngku Nasrun\n\n\nJeremy Norstad\n\n\nRyan O’Connor\n\n\nDavid Pazmino\n\n\nJames Prater\n\n\nDaniel Reigner\n\n\nVictor Rogachevsky\n\n\nGraham Russell\n\n\nBrian Sagocio\n\n\nVernon Shurtz\n\n\nAlex Shvartsman\n\n\nRyan Soots\n\n\nLaszlo Stadler\n\n\nBenjamin D. Stanley\n\n\nJosh Wilhelmi\n\n\nGreg Willis\n\n\nMichael Zimmerman\n\n\n\n\n<smallcaps><color=#1C4E80C8>Special Thanks\n</color></smallcaps>\nFrank Silas\n\n\nPhil Straka	<smallcaps><size=120%><b>创升纪元：牌组构筑游戏\n</B></size></smallcaps>\n\n\n<smallcaps><color=#1C4E80C8>高级产品经理\n</color></smallcaps>\nBriana Covill\n\n\n<smallcaps><color=#1C4E80C8>主程序员\n</color></smallcaps>\nGary Weis\n\n\n<smallcaps><color=#1C4E80C8>工程总监\n</color></smallcaps>\nTimothy Parker\n\n\n<smallcaps><color=#1C4E80C8>资深
E	\nThe shadow of Deofol still looms over Vigil. Samael has fallen, but his actions have forever scarred the foundation of the realms. His surviving minions are scattered and hidden, plotting evil. Yet, even as the Vigil gathers itself against this remaining enemy, it is beset by a new darkness. Specters now haunt the people of the land, their arrival hinting at a greater threat.\n\n\n\nThe visitors from Arha say that the afterlife itself is in turmoil. Gatekeeper Kythis, who since Time's Dawn had admitted the damned to their final resting place, stands watch no more. Now, a restless and tormented mass of wills churns beneath all existence, welling up between the worlds.\n\n\n\nWhere is the Gatekeeper? It was Samael that freed Kythis of his duty. Now he is missing, a rebel godling hidden even from his creators, and not eager to return to his eternal task. In the skies, the constellations twist and turn, protesting his absence.\n\nThe children in the capital dream restlessly of an endless beast, outpouring from the clouds, large enough to cast a shadow over all the land. They describe a sky serpent that bellows in a million voices, an extinguisher of realms. Cultists and fanatics are again making sacrifice, foretelling that a reckoning will come. They call it the Storm of Souls.\n\n\n\nVigil is overrun by the first winds of this coming storm of undeath. The call again rises for a hero to unite the realms against the many forces that seek to bury everything in despair. The cult must be put down. Samael's remnants must be destroyed before they encroach. The ghostly tide must be quelled, and the forces of all the worlds must form a coalition, before the reckoning arrives.\n\n\n\nThe storm looms. Who among you will stand before it?\n\n	德俄佛的阴影依旧笼罩着祈夜。萨麦尔虽已陨落，但他的所作所为在各域的根基上留下了永不磨灭的伤痕。他残存的爪牙四散藏匿，暗中谋划着邪恶的复兴。然而，就在祈夜重整旗鼓、清剿余孽之时，一股新的黑暗袭来——「邪神（邪影）」从虚空中破界而出。于是「弑神编年史」后的新篇章就此开启，它名为：<b>灵魂风暴（灵魂风暴）</b>。
E	The shadow of Deofol still looms over Vigil. Samael has fallen, but his actions have forever scarred the foundation of the realms. His surviving minions are scattered and hidden, plotting evil. Yet, even as the Vigil gathers itself against this remaining enemy, it is beset by a new darkness. Specters now haunt the people of the land, their arrival hinting at a greater threat.\n\n\n\nThe visitors from Arha say that the afterlife itself is in turmoil. Gatekeeper Kythis, who since Time's Dawn had admitted the damned to their final resting place, stands watch no more. Now, a restless and tormented mass of wills churns beneath all existence, welling up between the worlds.\n\n\n\nWhere is the Gatekeeper? It was Samael that freed Kythis of his duty. Now he is missing, a rebel godling hidden even from his creators, and not eager to return to his eternal task. In the skies, the constellations twist and turn, protesting his absence.\n\nThe children in the capital dream restlessly of an endless beast, outpouring from the clouds, large enough to cast a shadow over all the land. They describe a sky serpent that bellows in a million voices, an extinguisher of realms. Cultists and fanatics are again making sacrifice, foretelling that a reckoning will come. They call it the Storm of Souls.\n\n\n\nVigil is overrun by the first winds of this coming storm of undeath. The call again rises for a hero to unite the realms against the many forces that seek to bury everything in despair. The cult must be put down. Samael's remnants must be destroyed before they encroach. The ghostly tide must be quelled, and the forces of all the worlds must form a coalition, before the reckoning arrives.\n\n\n\nThe storm looms. Who among you will stand before it?	德俄佛的阴影依旧笼罩着祈夜。萨麦尔虽已陨落，但他的所作所为在各域的根基上留下了永不磨灭的伤痕。他残存的爪牙四散藏匿，暗中谋划着邪恶的复兴。然而，就在祈夜重整旗鼓、清剿余孽之时，一股新的黑暗袭来——「邪神（邪影）」从虚空中破界而出。于是「弑神编年史」后的新篇章就此开启，它名为：<b>灵魂风暴（灵魂风暴）</b>。
E	The shadow of Deofol still looms over Vigil. Samael has fallen, but his actions have forever scarred the foundation of the realms. His surviving minions are scattered and hidden, plotting evil. Yet, even as the Vigil gathers itself against this remaining enemy, it is beset by a new darkness. Specters now haunt the people of the land, their arrival hinting at a greater threat. The visitors from Arha say that the afterlife itself is in turmoil. Gatekeeper Kythis, who since Time's Dawn had admitted the damned to their final resting place, stands watch no more. Now, a restless and tormented mass of wills churns beneath all existence, welling up between the worlds. Where is the Gatekeeper? It was Samael that freed Kythis of his duty. Now he is missing, a rebel godling hidden even from his creators, and not eager to return to his eternal task. In the skies, the constellations twist and turn, protesting his absence. The children in the capital dream restlessly of an endless beast, outpouring from the clouds, large enough to cast a shadow over all the land. They describe a sky serpent that bellows in a million voices, an extinguisher of realms. Cultists and fanatics are again making sacrifice, foretelling that a reckoning will come. They call it the Storm of Souls. Vigil is overrun by the first winds of this coming storm of undeath. The call again rises for a hero to unite the realms against the many forces that seek to bury everything in despair. The cult must be put down. Samael's remnants must be destroyed before they encroach. The ghostly tide must be quelled, and the forces of all the worlds must form a coalition, before the reckoning arrives. The storm looms. Who among you will stand before it?	德俄佛的阴影依旧笼罩着祈夜。萨麦尔虽已陨落，但他的所作所为在各域的根基上留下了永不磨灭的伤痕。他残存的爪牙四散藏匿，暗中谋划着邪恶的复兴。然而，就在祈夜重整旗鼓、清剿余孽之时，一股新的黑暗袭来——「邪神（邪影）」从虚空中破界而出。于是「弑神编年史」后的新篇章就此开启，它名为：<b>灵魂风暴（灵魂风暴）</b>。
E	<smallcaps>Ascension: Deck Building Game </smallcaps> <smallcaps>Senior Product Manager </smallcaps> Briana Covill <smallcaps>Lead Programmer </smallcaps> Gary Weis <smallcaps>Director, Engineering </smallcaps> Timothy Parker <smallcaps>Senior Programmers </smallcaps> Randall Stevenson Alan Hickman Adam Dickinson <smallcaps>Programmers </smallcaps> Matthew Schock Sulaiman Abdul-Khabir Alex Shank <smallcaps>Art Director </smallcaps> Jeff Garstecki <smallcaps>Senior Technical Artist </smallcaps> James Graham <smallcaps>Senior Artist </smallcaps> Eric “Dark Lynx” Lin <smallcaps>Artists</smallcaps> Ron Bourbeau Adam del Rosario <smallcaps>Music and Sound Design </smallcaps> Jung Park Todd Masten <smallcaps>Development Director </smallcaps> Todd Masten <smallcaps>Marketing Manager </smallcaps> George Rothrock <smallcaps>Assistant Producer </smallcaps> Rebecca Doyle <smallcaps>QA Analysts </smallcaps> Amanda Rea Jesse Dorman Cameron Dove Rebecca Doyle <smallcaps>Play Testers </smallcaps> Jesse Abrahamson Rolo Andreola Claire Baker Sean Copeland Mike Drysdale Cory Damone Enriquez Jeff Evans Ian Estrin Jason Finn David Fowler Sam Grover Jen Gidner Mike Girard Jeff W. Hastings Glenn Jones Michael Lampert Lauren Lee Scott Lelivelt Noah Lesgold Shawn E. A. Lockard Jason Long Dan Massek Patrick McAlpine Mark McEvoy James McMahon Zach Mitchell Joey Morgan Charles Morton Tre’ Morton Jason Mosley Engku Nasrun Jeremy Norstad Ryan O’Connor David Pazmino James Prater Daniel Reigner Victor Rogachevsky Graham Russell Brian Sagocio Vernon Shurtz Alex Shvartsman Ryan Soots Laszlo Stadler Benjamin D. Stanley Josh Wilhelmi Greg Willis Michael Zimmerman <smallcaps>Special Thanks </smallcaps> Frank Silas Phil Straka	<smallcaps><size=120%><b>创升纪元：牌组构筑游戏\n</B></size></smallcaps>\n\n\n<smallcaps><color=#1C4E80C8>高级产品经理\n</color></smallcaps>\nBriana Covill\n\n\n<smallcaps><color=#1C4E80C8>主程序员\n</color></smallcaps>\nGary Weis\n\n\n<smallcaps><color=#1C4E80C8>工程总监\n</color></smallcaps>\nTimothy Parker\n\n\n<smallcaps><color=#1C4E80C8>资深
E	\nMy divinations relate a frightful tale- I have seen cosmic events of the darkest portent. There lately came to the yawning gate of death a divine spirit, wrathful and red, not to be mistaken for a mortal will. The Gatekeeper knelt and, with two hands, plucked it from the stream of souls, brushing stars from the pulsating force like so many burrs.\n\n\n"This soul is familiar," said the Gatekeeper. Then was heard a viper's voice, as if spoken from five mouths at once: It is because I created you. You must release me.\n\n\n"Yet, I am bound to send you on your way," the Gatekeeper replied.  "You wore a mortal skin. You must suffer a mortal fate."\n\n\n<i>No, Kythis. You are bound no longer. Forbear my fate, Gatekeeper, and I shall absolve you of yours. It is still within my power.\n</i>\n\n\nThus, Samael the Fallen was spared exile to Deofol—at the cost of leaving death's riverbank forever unwatched, the gate untended, and all wills condemned to purgatory.\n\n\nNow, the flames of war again decorate the horizon. Terror grips the frontier, so recently resettled, only to be submerged anew in the blood of mortals. With the Gatekeeper gone, the souls torn from the bodies of Vigil's defenders will know no respite unless all is set right.\n\n\nLet a call echo across all of Vigil. The bickering that came in war's wake must end. A Godslayer must take up arms a second time.\n\n\nThe Fallen has returned.	我的占卜述说着一则可怖的故事——我亲眼见证了不祥之兆降临在宇宙的深处。就在那通往死亡的空旷入口前，一位赤红色的神灵现身，愤怒而威严，绝非凡俗之魂可比。守门人单膝跪下，伸出双手，将那道灵魂从亡魂之河中拽了出来；他拂去那道澎湃气机上沾着的星辰碎屑，仿佛拔去一丛蒺藜。\n\n「这缕魂，我认得。」守门人说道。\n\n随之而来的是一条毒蛇的嗓音，仿佛五口齐鸣：「那是因为，你便是我所造。放我出去。」\n\n「我却必须送你前行。」守门人答道，「你披过凡俗之躯，便当承受凡俗之命。」\n\n<i>不，凯蒂斯。你已无束缚。守门人啊，免去我的命运，我便赦免你的罪。我的手掌尚且留有这份权柄。</i>\n\n就这样，堕落者萨麦尔免于被流放到德俄佛——代价是，死亡之畔从此再无人守望，冥界之门从此无人照料，所有意志都将堕入炼狱，无人可渡。\n\n而今，战火的烽烟再次染红了远方。边境刚刚归于安宁，新的定居点又将被凡人的鲜血重新淹没。守门人既去，祈夜捍卫者的灵魂离体之后便再无归处——除非一切都能拨乱反正。\n\n让召唤之声响彻整个祈夜吧！战火之后的纷争必须就此休止。弑神者啊，请你第二次披甲执剑。\n\n堕落者，归来了。
E	My divinations relate a frightful tale- I have seen cosmic events of the darkest portent. There lately came to the yawning gate of death a divine spirit, wrathful and red, not to be mistaken for a mortal will. The Gatekeeper knelt and, with two hands, plucked it from the stream of souls, brushing stars from the pulsating force like so many burrs.\n\n\n"This soul is familiar," said the Gatekeeper. Then was heard a viper's voice, as if spoken from five mouths at once: It is because I created you. You must release me.\n\n\n"Yet, I am bound to send you on your way," the Gatekeeper replied.  "You wore a mortal skin. You must suffer a mortal fate."\n\n\n<i>No, Kythis. You are bound no longer. Forbear my fate, Gatekeeper, and I shall absolve you of yours. It is still within my power.\n</i>\n\n\nThus, Samael the Fallen was spared exile to Deofol—at the cost of leaving death's riverbank forever unwatched, the gate untended, and all wills condemned to purgatory.\n\n\nNow, the flames of war again decorate the horizon. Terror grips the frontier, so recently resettled, only to be submerged anew in the blood of mortals. With the Gatekeeper gone, the souls torn from the bodies of Vigil's defenders will know no respite unless all is set right.\n\n\nLet a call echo across all of Vigil. The bickering that came in war's wake must end. A Godslayer must take up arms a second time.\n\n\nThe Fallen has returned.	我的占卜述说着一则可怖的故事——我亲眼见证了不祥之兆降临在宇宙的深处。就在那通往死亡的空旷入口前，一位赤红色的神灵现身，愤怒而威严，绝非凡俗之魂可比。守门人单膝跪下，伸出双手，将那道灵魂从亡魂之河中拽了出来；他拂去那道澎湃气机上沾着的星辰碎屑，仿佛拔去一丛蒺藜。\n\n「这缕魂，我认得。」守门人说道。\n\n随之而来的是一条毒蛇的嗓音，仿佛五口齐鸣：「那是因为，你便是我所造。放我出去。」\n\n「我却必须送你前行。」守门人答道，「你披过凡俗之躯，便当承受凡俗之命。」\n\n<i>不，凯蒂斯。你已无束缚。守门人啊，免去我的命运，我便赦免你的罪。我的手掌尚且留有这份权柄。</i>\n\n就这样，堕落者萨麦尔免于被流放到德俄佛——代价是，死亡之畔从此再无人守望，冥界之门从此无人照料，所有意志都将堕入炼狱，无人可渡。\n\n而今，战火的烽烟再次染红了远方。边境刚刚归于安宁，新的定居点又将被凡人的鲜血重新淹没。守门人既去，祈夜捍卫者的灵魂离体之后便再无归处——除非一切都能拨乱反正。\n\n让召唤之声响彻整个祈夜吧！战火之后的纷争必须就此休止。弑神者啊，请你第二次披甲执剑。\n\n堕落者，归来了。
E	My divinations relate a frightful tale- I have seen cosmic events of the darkest portent. There lately came to the yawning gate of death a divine spirit, wrathful and red, not to be mistaken for a mortal will. The Gatekeeper knelt and, with two hands, plucked it from the stream of souls, brushing stars from the pulsating force like so many burrs. "This soul is familiar," said the Gatekeeper. Then was heard a viper's voice, as if spoken from five mouths at once: It is because I created you. You must release me. "Yet, I am bound to send you on your way," the Gatekeeper replied. "You wore a mortal skin. You must suffer a mortal fate." No, Kythis. You are bound no longer. Forbear my fate, Gatekeeper, and I shall absolve you of yours. It is still within my power. Thus, Samael the Fallen was spared exile to Deofol—at the cost of leaving death's riverbank forever unwatched, the gate untended, and all wills condemned to purgatory. Now, the flames of war again decorate the horizon. Terror grips the frontier, so recently resettled, only to be submerged anew in the blood of mortals. With the Gatekeeper gone, the souls torn from the bodies of Vigil's defenders will know no respite unless all is set right. Let a call echo across all of Vigil. The bickering that came in war's wake must end. A Godslayer must take up arms a second time. The Fallen has returned.	我的占卜述说着一则可怖的故事——我亲眼见证了不祥之兆降临在宇宙的深处。就在那通往死亡的空旷入口前，一位赤红色的神灵现身，愤怒而威严，绝非凡俗之魂可比。守门人单膝跪下，伸出双手，将那道灵魂从亡魂之河中拽了出来；他拂去那道澎湃气机上沾着的星辰碎屑，仿佛拔去一丛蒺藜。\n\n「这缕魂，我认得。」守门人说道。\n\n随之而来的是一条毒蛇的嗓音，仿佛五口齐鸣：「那是因为，你便是我所造。放我出去。」\n\n「我却必须送你前行。」守门人答道，「你披过凡俗之躯，便当承受凡俗之命。」\n\n<i>不，凯蒂斯。你已无束缚。守门人啊，免去我的命运，我便赦免你的罪。我的手掌尚且留有这份权柄。</i>\n\n就这样，堕落者萨麦尔免于被流放到德俄佛——代价是，死亡之畔从此再无人守望，冥界之门从此无人照料，所有意志都将堕入炼狱，无人可渡。\n\n而今，战火的烽烟再次染红了远方。边境刚刚归于安宁，新的定居点又将被凡人的鲜血重新淹没。守门人既去，祈夜捍卫者的灵魂离体之后便再无归处——除非一切都能拨乱反正。\n\n让召唤之声响彻整个祈夜吧！战火之后的纷争必须就此休止。弑神者啊，请你第二次披甲执剑。\n\n堕落者，归来了。
E	A favorite fan bundle of expansions!\n<br><br><size=28><align=center><smallcaps>Unique new cards per set:</smallcaps></size><br><br><b>Realms Unraveled:</b><br>53 cards<br><br><b>Dawn of Champions:</b><br>72 cards<br><br><b>Dreamscape:</b><br>76 cards<br><br><b>War of Shadows:</b><br>43 cards<br><br><br><size=28><align=center><smallcaps>Description:</smallcaps></size><br><br><b>Realms Unraveled</b> introduces multi-faction cards to Ascension, which use a muti-unite ability to create turns, unlike anything you've seen before from Ascension.\n<br><br>Completing the in-game quests listed on cards reward you with extraordinary transformations.\n<br><br>In <b>Dawn of Champions,</b> you become one of Ascension's greatest Champions with unique player cards that power up as you buy cards from their faction.\n<br><br><b>Dawn of Champion's</b> Rally mechanic will make each card that flips off the deck more exciting than ever.\n<br><br><b>Dreamscape</b> will take you to an all-new world within the Ascension universe. Acquire insight from Dreamborn cards and spend it to acquire the personal Dreamscape cards you secretly selected at the beginning of the game!\n<br><br><b>War of Shadows</b> introduces night and day to Ascension. Acquire and defeat cards, shifting the board back and forth from day and night, empowering different cards in your hand.<br><br>	本合集收录玩家最爱的四款扩展！\n<br><br><size=28><align=center><smallcaps>各扩展全新卡牌数：</smallcaps></size><br><br><b>领域解开：</b><br>53 张<br><br><b>冠军黎明：</b><br>72 张<br><br><b>梦境：</b><br>76 张<br><br><b>暗影之战：</b><br>43 张<br><br><br><size=28><align=center><smallcaps>简介：</smallcaps></size><br><br><b>领域解开</b>为《创升纪元》引入了跨派系卡牌，它们通过「多派联合（多重联合）」能力打出闻所未闻的爆炸性回合。\n<br><br>完成卡牌上列出的游戏内任务，即可获得超乎想象的变形奖励。\n<br><br>在<b>冠军黎明</b>中，你将化身《创升纪元》最伟大的冠军之一，使用独特的「玩家牌」，每当你获取同一派系的卡牌时玩家牌便会愈发强大。\n<br><br><b>冠军黎明</b>的「集结（集结）」机制，让每一张从牌堆顶上翻开的卡牌都比上一张更令人心跳加速。\n<br><br><b>梦境</b>将带你进入《创升纪元》宇宙中的全新世界。从「梦生」卡牌中获取<b>洞察（洞察）</b>，并消耗洞察来取得你在游戏开始时秘密选择的「个人专属梦境卡」！\n<br><br><b>暗影之战</b>为《创升纪元》引入了昼夜系统。获取与击败卡牌都会使整个盘面在昼与夜之间切换，从而让你手牌中不同派系的卡牌分别获得强化。<br><br>
E	A favorite fan bundle of expansions!<br><br><size=28><align=center><smallcaps>Unique new cards per set:</smallcaps></size><br><br><b>Realms Unraveled:</b><br>53 cards<br><br><b>Dawn of Champions:</b><br>72 cards<br><br><b>Dreamscape:</b><br>76 cards<br><br><b>War of Shadows:</b><br>43 cards<br><br><br><size=28><align=center><smallcaps>Description:</smallcaps></size><br><br><b>Realms Unraveled</b> introduces multi-faction cards to Ascension, which use a muti-unite ability to create turns, unlike anything you've seen before from Ascension.<br><br>Completing the in-game quests listed on cards reward you with extraordinary transformations.<br><br>In <b>Dawn of Champions,</b> you become one of Ascension's greatest Champions with unique player cards that power up as you buy cards from their faction.<br><br><b>Dawn of Champion's</b> Rally mechanic will make each card that flips off the deck more exciting than ever.<br><br><b>Dreamscape</b> will take you to an all-new world within the Ascension universe. Acquire insight from Dreamborn cards and spend it to acquire the personal Dreamscape cards you secretly selected at the beginning of the game!<br><br><b>War of Shadows</b> introduces night and day to Ascension. Acquire and defeat cards, shifting the board back and forth from day and night, empowering different cards in your hand.<br><br>	本合集收录玩家最爱的四款扩展！\n<br><br><size=28><align=center><smallcaps>各扩展全新卡牌数：</smallcaps></size><br><br><b>领域解开：</b><br>53 张<br><br><b>冠军黎明：</b><br>72 张<br><br><b>梦境：</b><br>76 张<br><br><b>暗影之战：</b><br>43 张<br><br><br><size=28><align=center><smallcaps>简介：</smallcaps></size><br><br><b>领域解开</b>为《创升纪元》引入了跨派系卡牌，它们通过「多派联合（多重联合）」能力打出闻所未闻的爆炸性回合。\n<br><br>完成卡牌上列出的游戏内任务，即可获得超乎想象的变形奖励。\n<br><br>在<b>冠军黎明</b>中，你将化身《创升纪元》最伟大的冠军之一，使用独特的「玩家牌」，每当你获取同一派系的卡牌时玩家牌便会愈发强大。\n<br><br><b>冠军黎明</b>的「集结（集结）」机制，让每一张从牌堆顶上翻开的卡牌都比上一张更令人心跳加速。\n<br><br><b>梦境</b>将带你进入《创升纪元》宇宙中的全新世界。从「梦生」卡牌中获取<b>洞察（洞察）</b>，并消耗洞察来取得你在游戏开始时秘密选择的「个人专属梦境卡」！\n<br><br><b>暗影之战</b>为《创升纪元》引入了昼夜系统。获取与击败卡牌都会使整个盘面在昼与夜之间切换，从而让你手牌中不同派系的卡牌分别获得强化。<br><br>
E	A favorite fan bundle of expansions!\n<br><br><align=center><smallcaps>Unique new cards per set:</smallcaps><br><br><b>Realms Unraveled:</b><br>53 cards<br><br><b>Dawn of Champions:</b><br>72 cards<br><br><b>Dreamscape:</b><br>76 cards<br><br><b>War of Shadows:</b><br>43 cards<br><br><br><align=center><smallcaps>Description:</smallcaps><br><br><b>Realms Unraveled</b> introduces multi-faction cards to Ascension, which use a muti-unite ability to create turns, unlike anything you've seen before from Ascension.\n<br><br>Completing the in-game quests listed on cards reward you with extraordinary transformations.\n<br><br>In <b>Dawn of Champions,</b> you become one of Ascension's greatest Champions with unique player cards that power up as you buy cards from their faction.\n<br><br><b>Dawn of Champion's</b> Rally mechanic will make each card that flips off the deck more exciting than ever.\n<br><br><b>Dreamscape</b> will take you to an all-new world within the Ascension universe. Acquire insight from Dreamborn cards and spend it to acquire the personal Dreamscape cards you secretly selected at the beginning of the game!\n<br><br><b>War of Shadows</b> introduces night and day to Ascension. Acquire and defeat cards, shifting the board back and forth from day and night, empowering different cards in your hand.<br><br>	本合集收录玩家最爱的四款扩展！\n<br><br><size=28><align=center><smallcaps>各扩展全新卡牌数：</smallcaps></size><br><br><b>领域解开：</b><br>53 张<br><br><b>冠军黎明：</b><br>72 张<br><br><b>梦境：</b><br>76 张<br><br><b>暗影之战：</b><br>43 张<br><br><br><size=28><align=center><smallcaps>简介：</smallcaps></size><br><br><b>领域解开</b>为《创升纪元》引入了跨派系卡牌，它们通过「多派联合（多重联合）」能力打出闻所未闻的爆炸性回合。\n<br><br>完成卡牌上列出的游戏内任务，即可获得超乎想象的变形奖励。\n<br><br>在<b>冠军黎明</b>中，你将化身《创升纪元》最伟大的冠军之一，使用独特的「玩家牌」，每当你获取同一派系的卡牌时玩家牌便会愈发强大。\n<br><br><b>冠军黎明</b>的「集结（集结）」机制，让每一张从牌堆顶上翻开的卡牌都比上一张更令人心跳加速。\n<br><br><b>梦境</b>将带你进入《创升纪元》宇宙中的全新世界。从「梦生」卡牌中获取<b>洞察（洞察）</b>，并消耗洞察来取得你在游戏开始时秘密选择的「个人专属梦境卡」！\n<br><br><b>暗影之战</b>为《创升纪元》引入了昼夜系统。获取与击败卡牌都会使整个盘面在昼与夜之间切换，从而让你手牌中不同派系的卡牌分别获得强化。<br><br>
E	A favorite fan bundle of expansions!<br><br><align=center><smallcaps>Unique new cards per set:</smallcaps><br><br><b>Realms Unraveled:</b><br>53 cards<br><br><b>Dawn of Champions:</b><br>72 cards<br><br><b>Dreamscape:</b><br>76 cards<br><br><b>War of Shadows:</b><br>43 cards<br><br><br><align=center><smallcaps>Description:</smallcaps><br><br><b>Realms Unraveled</b> introduces multi-faction cards to Ascension, which use a muti-unite ability to create turns, unlike anything you've seen before from Ascension.<br><br>Completing the in-game quests listed on cards reward you with extraordinary transformations.<br><br>In <b>Dawn of Champions,</b> you become one of Ascension's greatest Champions with unique player cards that power up as you buy cards from their faction.<br><br><b>Dawn of Champion's</b> Rally mechanic will make each card that flips off the deck more exciting than ever.<br><br><b>Dreamscape</b> will take you to an all-new world within the Ascension universe. Acquire insight from Dreamborn cards and spend it to acquire the personal Dreamscape cards you secretly selected at the beginning of the game!<br><br><b>War of Shadows</b> introduces night and day to Ascension. Acquire and defeat cards, shifting the board back and forth from day and night, empowering different cards in your hand.<br><br>	本合集收录玩家最爱的四款扩展！\n<br><br><size=28><align=center><smallcaps>各扩展全新卡牌数：</smallcaps></size><br><br><b>领域解开：</b><br>53 张<br><br><b>冠军黎明：</b><br>72 张<br><br><b>梦境：</b><br>76 张<br><br><b>暗影之战：</b><br>43 张<br><br><br><size=28><align=center><smallcaps>简介：</smallcaps></size><br><br><b>领域解开</b>为《创升纪元》引入了跨派系卡牌，它们通过「多派联合（多重联合）」能力打出闻所未闻的爆炸性回合。\n<br><br>完成卡牌上列出的游戏内任务，即可获得超乎想象的变形奖励。\n<br><br>在<b>冠军黎明</b>中，你将化身《创升纪元》最伟大的冠军之一，使用独特的「玩家牌」，每当你获取同一派系的卡牌时玩家牌便会愈发强大。\n<br><br><b>冠军黎明</b>的「集结（集结）」机制，让每一张从牌堆顶上翻开的卡牌都比上一张更令人心跳加速。\n<br><br><b>梦境</b>将带你进入《创升纪元》宇宙中的全新世界。从「梦生」卡牌中获取<b>洞察（洞察）</b>，并消耗洞察来取得你在游戏开始时秘密选择的「个人专属梦境卡」！\n<br><br><b>暗影之战</b>为《创升纪元》引入了昼夜系统。获取与击败卡牌都会使整个盘面在昼与夜之间切换，从而让你手牌中不同派系的卡牌分别获得强化。<br><br>
E	This bundle of promo cards has some of our wildest additions to Ascension.<br><br><size=28><align=center><smallcaps>Promo Cards Included:</smallcaps></size><br><br><smallcaps><b>Monsters:</b></smallcaps><br>Explosive Swarm<br>Tollmaster Ky'lek<br>Nova, Born of Chaos<br><br><smallcaps><b>Enlightened Faction:</b></smallcaps><br>Æther Channeler<br>Æther Curator<br>David, Prophetic Guide<br>Eye of Potential<br><br><smallcaps><b>Lifebound Faction:</b></smallcaps><br>Spirit of the Ancients<br>Ætherspring Witch<br>Forrest, Beastwarden<br>Lunar Matriarch<br><br><smallcaps><b>Mechana Faction:</b></smallcaps><br>Temporal Excavator<br>Destroyer's Gate<br>N.I.N.E.<br>Tinkering Monk<br><br><smallcaps><b>Void Faction:</b></smallcaps><br>Eternal Tormentor<br>Æther Ritualist<br>Chaos Rider<br>Ethereal Hunteress<br><br><smallcaps><b>Common:</b></smallcaps><br>The Portal Card<br>Defender of Vigil<br><br><br><size=28><align=center><smallcaps>Description:</smallcaps></size><br><br>Acquire portal cards, which can transform into random cards from any Ascension set. Fill the board with <b>Explosive Swarm</b> monsters. Add a seventh card to the Center Row with the <b>Temporal Excavator</b>. This bundle also includes the first and only Center Row Hero with no faction, the <b>Defender of Vigil</b>!\n<br><br>	这套特典卡合集收录了我们为《创升纪元》设计过的一批最天马行空的新卡！<br><br><size=28><align=center><smallcaps>包含的特典卡：</smallcaps></size><br><br><smallcaps><b>怪物：</b></smallcaps><br>爆裂虫群<br>征收者凯莱克<br>诺娃·混沌所生<br><br><smallcaps><b>圣贤派系：</b></smallcaps><br>以太传灵师<br>以太策展人<br>先知大卫<br>潜能之眼<br><br><smallcaps><b>命约派系：</b></smallcaps><br>远古之灵<br>春生女巫<br>兽王福雷斯特<br>月祭主母<br><br><smallcaps><b>机械派系：</b></smallcaps><br>时空挖土机<br>毁灭者之门<br>N.I.N.E.<br>禅修修士<br><br><smallcaps><b>虚空派系：</b></smallcaps><br>永恒拷问者<br>以太祭师<br>混沌骑士<br>虚灵女猎手<br><br><smallcaps><b>公共：</b></smallcaps><br>传送门卡牌<br>祈夜守卫者<br><br><br><size=28><align=center><smallcaps>简介：</smallcaps></size><br><br>获得「传送门卡牌」，它们可以变形为任何《创升纪元》扩展中的任意卡牌。让<b>爆裂虫群</b>这种怪物充满整个中央牌列。使用<b>时空挖土机</b>为中央牌列增加第七张卡牌。本合集还收录了第一张也是唯一一张没有派系归属的中央牌列英雄：<b>祈夜守卫者</b>！\n<br><br>
E	This bundle of promo cards has some of our wildest additions to Ascension.<br><br><align=center><smallcaps>Promo Cards Included:</smallcaps><br><br><smallcaps><b>Monsters:</b></smallcaps><br>Explosive Swarm<br>Tollmaster Ky'lek<br>Nova, Born of Chaos<br><br><smallcaps><b>Enlightened Faction:</b></smallcaps><br>Aether Channeler<br>Aether Curator<br>David, Prophetic Guide<br>Eye of Potential<br><br><smallcaps><b>Lifebound Faction:</b></smallcaps><br>Spirit of the Ancients<br>Aetherspring Witch<br>Forrest, Beastwarden<br>Lunar Matriarch<br><br><smallcaps><b>Mechana Faction:</b></smallcaps><br>Temporal Excavator<br>Destroyer's Gate<br>N.I.N.E.<br>Tinkering Monk<br><br><smallcaps><b>Void Faction:</b></smallcaps><br>Eternal Tormentor<br>Aether Ritualist<br>Chaos Rider<br>Ethereal Hunteress<br><br><smallcaps><b>Common:</b></smallcaps><br>The Portal Card<br>Defender of Vigil<br><br><br><align=center><smallcaps>Description:</smallcaps><br><br>Acquire portal cards, which can transform into random cards from any Ascension set. Fill the board with <b>Explosive Swarm</b> monsters. Add a seventh card to the Center Row with the <b>Temporal Excavator</b>. This bundle also includes the first and only Center Row Hero with no faction, the <b>Defender of Vigil</b>!\n<br><br>	这套特典卡合集收录了我们为《创升纪元》设计过的一批最天马行空的新卡！<br><br><size=28><align=center><smallcaps>包含的特典卡：</smallcaps></size><br><br><smallcaps><b>怪物：</b></smallcaps><br>爆裂虫群<br>征收者凯莱克<br>诺娃·混沌所生<br><br><smallcaps><b>圣贤派系：</b></smallcaps><br>以太传灵师<br>以太策展人<br>先知大卫<br>潜能之眼<br><br><smallcaps><b>命约派系：</b></smallcaps><br>远古之灵<br>春生女巫<br>兽王福雷斯特<br>月祭主母<br><br><smallcaps><b>机械派系：</b></smallcaps><br>时空挖土机<br>毁灭者之门<br>N.I.N.E.<br>禅修修士<br><br><smallcaps><b>虚空派系：</b></smallcaps><br>永恒拷问者<br>以太祭师<br>混沌骑士<br>虚灵女猎手<br><br><smallcaps><b>公共：</b></smallcaps><br>传送门卡牌<br>祈夜守卫者<br><br><br><size=28><align=center><smallcaps>简介：</smallcaps></size><br><br>获得「传送门卡牌」，它们可以变形为任何《创升纪元》扩展中的任意卡牌。让<b>爆裂虫群</b>这种怪物充满整个中央牌列。使用<b>时空挖土机</b>为中央牌列增加第七张卡牌。本合集还收录了第一张也是唯一一张没有派系归属的中央牌列英雄：<b>祈夜守卫者</b>！\n<br><br>
E	<size=120%><smallcaps><b>Ascension:\nDeck Building Game\n</b></smallcaps></size>\n\n\n\n<smallcaps><color=#1C4E80C8>Ascension™ Game Design</color></smallcaps>\n\nJustin Gary\n\n\n\n\n<smallcaps><color=#1C4E80C8>Rise of Vigil™ Lead Design</color>\n</smallcaps>\n\nJustin Gary\n\n\n\n<smallcaps><color=#1C4E80C8>Storm of Souls™ Lead Design</color></smallcaps>\n\nJohn Fiorillo\n\n\n\n<smallcaps><color=#1C4E80C8>Lead Development\n</color></smallcaps>\n\nJohn Fiorillo\n\n\nBrian Kibler\n\n\n\n<smallcaps><color=#1C4E80C8>Additional Game Design / Development\n</color></smallcaps>\n\nGary Arant\n\n\nDave Baumgartner\n\n\nPete Baumgartner\n\n\nRob Dougherty\n\n\nKaile Dutton\n\n\nIan Estrin\n\n\nWill Garner\n\n\nDarwin Kastle\n\n\nBrian Kibler\n\n\nJeff Liu\n\n\nRyan O’Connor\n\n\nMike Rosenberg\n\n\nMatt Sperling\n\n\nPatrick Sullivan\n\n\nSteve Terry\n\n\nJake Woods\n\n\n<smallcaps><color=#1C4E80C8>\nWebsite and Marketing\n</color></smallcaps>\n\nRyan O'Connor\n\n\n\n<smallcaps><color=#1C4E80C8>Graphic Design Leads</color></smallcaps>\n\nRyan O’Connor\n\n\nGeordie Tait\n\n\n\n<smallcaps><color=#1C4E80C8>Card Art</color></smallcaps>\n\nEric Sabee\n\n\n\n<smallcaps><color=#1C4E80C8>IP Development Lead\n</color></smallcaps>\n\nJustin Gary\n\n\n\n<smallcaps><color=#1C4E80C8>Creative Director/Storm of Souls IP Development Lead\n</color></smallcaps>\n\nGeordie Tait\n\n	<size=120%><smallcaps><b>创升纪元：\n牌组构筑游戏\n</b></smallcaps></size>\n\n\n<smallcaps><color=#1C4E80C8>《创升纪元》游戏设计</color></smallcaps>\n\nJustin Gary\n\n\n<smallcaps><color=#1C4E80C8>《祈夜崛起》主设计</color>\n</smallcaps>\n\nJustin Gary\n\n
E	<size=120%><smallcaps><b>Ascension:\nDeck Building Game\n</b></smallcaps></size>\n\n\n\n<smallcaps><color=#1C4E80C8>Ascension™ Game Design</color></smallcaps>\n\nJustin Gary\n\n\n\n\n<smallcaps><color=#1C4E80C8>Rise of Vigil™ Lead Design</color>\n</smallcaps>\n\nJustin Gary\n\n\n\n<smallcaps><color=#1C4E80C8>Storm of Souls™ Lead Design</color></smallcaps>\n\nJohn Fiorillo\n\n\n\n<smallcaps><color=#1C4E80C8>Lead Development\n</color></smallcaps>\n\nJohn Fiorillo\n\n\nBrian Kibler\n\n\n\n<smallcaps><color=#1C4E80C8>Additional Game Design / Development\n</color></smallcaps>\n\nGary Arant\n\n\nDave Baumgartner\n\n\nPete Baumgartner\n\n\nRob Dougherty\n\n\nKaile Dutton\n\n\nIan Estrin\n\n\nWill Garner\n\n\nDarwin Kastle\n\n\nBrian Kibler\n\n\nJeff Liu\n\n\nRyan O’Connor\n\n\nMike Rosenberg\n\n\nMatt Sperling\n\n\nPatrick Sullivan\n\n\nSteve Terry\n\n\nJake Woods\n\n\n<smallcaps><color=#1C4E80C8>\nWebsite and Marketing\n</color></smallcaps>\n\nRyan O'Connor\n\n\n\n<smallcaps><color=#1C4E80C8>Graphic Design Leads</color></smallcaps>\n\nRyan O’Connor\n\n\nGeordie Tait\n\n\n\n<smallcaps><color=#1C4E80C8>Card Art</color></smallcaps>\n\nEric Sabee\n\n\n\n<smallcaps><color=#1C4E80C8>IP Development Lead\n</color></smallcaps>\n\nJustin Gary\n\n\n\n<smallcaps><color=#1C4E80C8>Creative Director/Storm of Souls IP Development Lead\n</color></smallcaps>\n\nGeordie Tait	<size=120%><smallcaps><b>创升纪元：\n牌组构筑游戏\n</b></smallcaps></size>\n\n\n<smallcaps><color=#1C4E80C8>《创升纪元》游戏设计</color></smallcaps>\n\nJustin Gary\n\n\n<smallcaps><color=#1C4E80C8>《祈夜崛起》主设计</color>\n</smallcaps>\n\nJustin Gary\n\n
E	A favorite fan bundle of expansions! <align=center><smallcaps>Unique new cards per set:</smallcaps>Realms Unraveled:53 cardsDawn of Champions:72 cardsDreamscape:76 cardsWar of Shadows:43 cards<align=center><smallcaps>Description:</smallcaps>Realms Unraveled introduces multi-faction cards to Ascension, which use a muti-unite ability to create turns, unlike anything you've seen before from Ascension. Completing the in-game quests listed on cards reward you with extraordinary transformations. In Dawn of Champions, you become one of Ascension's greatest Champions with unique player cards that power up as you buy cards from their faction. Dawn of Champion's Rally mechanic will make each card that flips off the deck more exciting than ever. Dreamscape will take you to an all-new world within the Ascension universe. Acquire insight from Dreamborn cards and spend it to acquire the personal Dreamscape cards you secretly selected at the beginning of the game! War of Shadows introduces night and day to Ascension. Acquire and defeat cards, shifting the board back and forth from day and night, empowering different cards in your hand.	本合集收录玩家最爱的四款扩展！\n<br><br><size=28><align=center><smallcaps>各扩展全新卡牌数：</smallcaps></size><br><br><b>领域解开：</b><br>53 张<br><br><b>冠军黎明：</b><br>72 张<br><br><b>梦境：</b><br>76 张<br><br><b>暗影之战：</b><br>43 张<br><br><br><size=28><align=center><smallcaps>简介：</smallcaps></size><br><br><b>领域解开</b>为《创升纪元》引入了跨派系卡牌，它们通过「多派联合（多重联合）」能力打出闻所未闻的爆炸性回合。\n<br><br>完成卡牌上列出的游戏内任务，即可获得超乎想象的变形奖励。\n<br><br>在<b>冠军黎明</b>中，你将化身《创升纪元》最伟大的冠军之一，使用独特的「玩家牌」，每当你获取同一派系的卡牌时玩家牌便会愈发强大。\n<br><br><b>冠军黎明</b>的「集结（集结）」机制，让每一张从牌堆顶上翻开的卡牌都比上一张更令人心跳加速。\n<br><br><b>梦境</b>将带你进入《创升纪元》宇宙中的全新世界。从「梦生」卡牌中获取<b>洞察（洞察）</b>，并消耗洞察来取得你在游戏开始时秘密选择的「个人专属梦境卡」！\n<br><br><b>暗影之战</b>为《创升纪元》引入了昼夜系统。获取与击败卡牌都会使整个盘面在昼与夜之间切换，从而让你手牌中不同派系的卡牌分别获得强化。<br><br>
E	A favorite fan bundle of expansions!<align=center><smallcaps>Unique new cards per set:</smallcaps>Realms Unraveled:53 cardsDawn of Champions:72 cardsDreamscape:76 cardsWar of Shadows:43 cards<align=center><smallcaps>Description:</smallcaps>Realms Unraveled introduces multi-faction cards to Ascension, which use a muti-unite ability to create turns, unlike anything you've seen before from Ascension.Completing the in-game quests listed on cards reward you with extraordinary transformations.In Dawn of Champions, you become one of Ascension's greatest Champions with unique player cards that power up as you buy cards from their faction.Dawn of Champion's Rally mechanic will make each card that flips off the deck more exciting than ever.Dreamscape will take you to an all-new world within the Ascension universe. Acquire insight from Dreamborn cards and spend it to acquire the personal Dreamscape cards you secretly selected at the beginning of the game!War of Shadows introduces night and day to Ascension. Acquire and defeat cards, shifting the board back and forth from day and night, empowering different cards in your hand.	本合集收录玩家最爱的四款扩展！\n<br><br><size=28><align=center><smallcaps>各扩展全新卡牌数：</smallcaps></size><br><br><b>领域解开：</b><br>53 张<br><br><b>冠军黎明：</b><br>72 张<br><br><b>梦境：</b><br>76 张<br><br><b>暗影之战：</b><br>43 张<br><br><br><size=28><align=center><smallcaps>简介：</smallcaps></size><br><br><b>领域解开</b>为《创升纪元》引入了跨派系卡牌，它们通过「多派联合（多重联合）」能力打出闻所未闻的爆炸性回合。\n<br><br>完成卡牌上列出的游戏内任务，即可获得超乎想象的变形奖励。\n<br><br>在<b>冠军黎明</b>中，你将化身《创升纪元》最伟大的冠军之一，使用独特的「玩家牌」，每当你获取同一派系的卡牌时玩家牌便会愈发强大。\n<br><br><b>冠军黎明</b>的「集结（集结）」机制，让每一张从牌堆顶上翻开的卡牌都比上一张更令人心跳加速。\n<br><br><b>梦境</b>将带你进入《创升纪元》宇宙中的全新世界。从「梦生」卡牌中获取<b>洞察（洞察）</b>，并消耗洞察来取得你在游戏开始时秘密选择的「个人专属梦境卡」！\n<br><br><b>暗影之战</b>为《创升纪元》引入了昼夜系统。获取与击败卡牌都会使整个盘面在昼与夜之间切换，从而让你手牌中不同派系的卡牌分别获得强化。<br><br>
E	This bundle of promo cards will add a lot of excitement to your games.\n<br><br><size=28><align=center><smallcaps>Promo Cards Included:</smallcaps></size><br><br><smallcaps><b>Monsters:</b></smallcaps><br>Kythis, the Gatekeeper<br>Rat King & Giant Rat<br>Ender of Days<br>Constricting Horror<br><br><smallcaps><b>Enlightened Faction:</b></smallcaps><br>Vedah, Sage of Swords<br>Askara of Fortune<br>Journeyman Sage<br>Miles, Golen Prodigy<br><br><smallcaps><b>Lifebound Faction:</b></smallcaps><br>Pathwarden<br>Cetra, Guide of Ogo<br>Moon Staff<br><br><smallcaps><b>Mechana Faction:</b></smallcaps><br>Deep Drone<br>Hedron Flare<br>Control Room<br><br><smallcaps><b>Void Faction:</b></smallcaps><br>Void Mesmer<br>Nethersnare<br>Soul Collector<br><br><br><size=28><align=center><smallcaps>Description:</smallcaps></size><br><br>Use the <b>Rat King</b> to flood the board with rats! Copy other players' hero cards with the <b>Askara of Fortune</b>. End the game instantly with the <b>Ender of Days</b>. The bundle also includes fan-favorite <b>Miles, Golden Prodigy</b>.\n<br><br>	这套特典卡合集将为你的对局带来无穷乐趣。\n<br><br><size=28><align=center><smallcaps>包含的特典卡：</smallcaps></size><br><br><smallcaps><b>怪物：</b></smallcaps><br>守门人凯蒂斯<br>鼠王与巨鼠<br>末日终结者<br>紧缩恐惧<br><br><smallcaps><b>圣贤派系：</b></smallcaps><br>圣剑贤者维达<br>命运的阿斯卡拉<br>学徒贤者<br>黄金奇才迈尔斯<br><br><smallcaps><b>命约派系：</b></smallcaps><br>守路人<br>奥戈向导赛特拉<br>月之权杖<br><br><smallcaps><b>机械派系：</b></smallcaps><br>深潜无人机<br>多面体耀光<br>控制中枢<br><br><smallcaps><b>虚空派系：</b></smallcaps><br>虚空迷幻师<br>虚空之网<br>缚魂者<br><br><br><size=28><align=center><smallcaps>简介：</smallcaps></size><br><br>用<b>鼠王</b>让整个棋盘满是老鼠！操控<b>命运的阿斯卡拉</b>复制对手的英雄牌。打出<b>末日终结者</b>即刻结束比赛。合集还收录了玩家最爱的<b>黄金奇才迈尔斯</b>！\n<br><br>
E	This bundle of promo cards will add a lot of excitement to your games.<br><br><size=28><align=center><smallcaps>Promo Cards Included:</smallcaps></size><br><br><smallcaps><b>Monsters:</b></smallcaps><br>Kythis, the Gatekeeper<br>Rat King & Giant Rat<br>Ender of Days<br>Constricting Horror<br><br><smallcaps><b>Enlightened Faction:</b></smallcaps><br>Vedah, Sage of Swords<br>Askara of Fortune<br>Journeyman Sage<br>Miles, Golen Prodigy<br><br><smallcaps><b>Lifebound Faction:</b></smallcaps><br>Pathwarden<br>Cetra, Guide of Ogo<br>Moon Staff<br><br><smallcaps><b>Mechana Faction:</b></smallcaps><br>Deep Drone<br>Hedron Flare<br>Control Room<br><br><smallcaps><b>Void Faction:</b></smallcaps><br>Void Mesmer<br>Nethersnare<br>Soul Collector<br><br><br><size=28><align=center><smallcaps>Description:</smallcaps></size><br><br>Use the <b>Rat King</b> to flood the board with rats! Copy other players' hero cards with the <b>Askara of Fortune</b>. End the game instantly with the <b>Ender of Days</b>. The bundle also includes fan-favorite <b>Miles, Golden Prodigy</b>.<br><br>	这套特典卡合集将为你的对局带来无穷乐趣。\n<br><br><size=28><align=center><smallcaps>包含的特典卡：</smallcaps></size><br><br><smallcaps><b>怪物：</b></smallcaps><br>守门人凯蒂斯<br>鼠王与巨鼠<br>末日终结者<br>紧缩恐惧<br><br><smallcaps><b>圣贤派系：</b></smallcaps><br>圣剑贤者维达<br>命运的阿斯卡拉<br>学徒贤者<br>黄金奇才迈尔斯<br><br><smallcaps><b>命约派系：</b></smallcaps><br>守路人<br>奥戈向导赛特拉<br>月之权杖<br><br><smallcaps><b>机械派系：</b></smallcaps><br>深潜无人机<br>多面体耀光<br>控制中枢<br><br><smallcaps><b>虚空派系：</b></smallcaps><br>虚空迷幻师<br>虚空之网<br>缚魂者<br><br><br><size=28><align=center><smallcaps>简介：</smallcaps></size><br><br>用<b>鼠王</b>让整个棋盘满是老鼠！操控<b>命运的阿斯卡拉</b>复制对手的英雄牌。打出<b>末日终结者</b>即刻结束比赛。合集还收录了玩家最爱的<b>黄金奇才迈尔斯</b>！\n<br><br>
E	The game ends when a certain amount of Honor has been earned, depending on the number of players.\n\n\t\n\n\n<align=center>\n2 Players = <sprite=77> Honor   3 Players = <sprite=78> Honor   4 Players = <sprite=79> Honor<br></align><br>When the final Honor point is earned, the game ends at the end of the current round (after the last player to start the game takes a turn).  Thus, each player will play the same number of turns during the course of the game and may still gain Honor even when the Honor pool is depleted.<br><br>\n\nCards in each player's deck are also worth Honor points, indicated by the number in the Honor symbol (<sprite=64>) in the bottom left corner of each card.  When the game is over, all Honor points from Heroes and Constructs in your deck and hand are added to the Honor you gained during the game.  The player with the most total Honor is the winner!<br><br>If multiple players have the same number of Honor Points, the last player to start wins (i.e., the starting player loses all ties, the second player loses to the third and fouth, etc.).<br><br>	当荣誉池耗尽一定数量时游戏结束，具体数值取决于玩家人数。\n\n\t\n\n<align=center>2 人局 = <sprite=77> 荣誉   3 人局 = <sprite=78> 荣誉   4 人局 = <sprite=79> 荣誉<br></align><br>当最后一点荣誉被拿走时，当前回合结束（即，后手玩家打完最后一回合后）才结束游戏。因此，每位玩家的回合数相同；即使荣誉池已耗尽，玩家在自己的回合仍可继续获取荣誉。<br><br>\n\n每位玩家牌组中的卡牌也会提供荣誉点数，显示在卡牌左下角的荣誉图标(<sprite=64>)里。游戏结束时，牌组与手牌中所有英雄及神器的荣誉点数全部计入总分；总分最高者获胜！<br><br>如多名玩家总分相同，后手玩家胜（即：先手玩家在所有平分中告负，第二位输给第三/四位，依此类推）。<br><br>
E	This bundle of promo cards will add a lot of excitement to your games.\n<br><br><align=center><smallcaps>Promo Cards Included:</smallcaps><br><br><smallcaps><b>Monsters:</b></smallcaps><br>Kythis, the Gatekeeper<br>Rat King & Giant Rat<br>Ender of Days<br>Constricting Horror<br><br><smallcaps><b>Enlightened Faction:</b></smallcaps><br>Vedah, Sage of Swords<br>Askara of Fortune<br>Journeyman Sage<br>Miles, Golen Prodigy<br><br><smallcaps><b>Lifebound Faction:</b></smallcaps><br>Pathwarden<br>Cetra, Guide of Ogo<br>Moon Staff<br><br><smallcaps><b>Mechana Faction:</b></smallcaps><br>Deep Drone<br>Hedron Flare<br>Control Room<br><br><smallcaps><b>Void Faction:</b></smallcaps><br>Void Mesmer<br>Nethersnare<br>Soul Collector<br><br><br><align=center><smallcaps>Description:</smallcaps><br><br>Use the <b>Rat King</b> to flood the board with rats! Copy other players' hero cards with the <b>Askara of Fortune</b>. End the game instantly with the <b>Ender of Days</b>. The bundle also includes fan-favorite <b>Miles, Golden Prodigy</b>.\n<br><br>	这套特典卡合集将为你的对局带来无穷乐趣。\n<br><br><size=28><align=center><smallcaps>包含的特典卡：</smallcaps></size><br><br><smallcaps><b>怪物：</b></smallcaps><br>守门人凯蒂斯<br>鼠王与巨鼠<br>末日终结者<br>紧缩恐惧<br><br><smallcaps><b>圣贤派系：</b></smallcaps><br>圣剑贤者维达<br>命运的阿斯卡拉<br>学徒贤者<br>黄金奇才迈尔斯<br><br><smallcaps><b>命约派系：</b></smallcaps><br>守路人<br>奥戈向导赛特拉<br>月之权杖<br><br><smallcaps><b>机械派系：</b></smallcaps><br>深潜无人机<br>多面体耀光<br>控制中枢<br><br><smallcaps><b>虚空派系：</b></smallcaps><br>虚空迷幻师<br>虚空之网<br>缚魂者<br><br><br><size=28><align=center><smallcaps>简介：</smallcaps></size><br><br>用<b>鼠王</b>让整个棋盘满是老鼠！操控<b>命运的阿斯卡拉</b>复制对手的英雄牌。打出<b>末日终结者</b>即刻结束比赛。合集还收录了玩家最爱的<b>黄金奇才迈尔斯</b>！\n<br><br>
E	This bundle of promo cards will add a lot of excitement to your games.<br><br><align=center><smallcaps>Promo Cards Included:</smallcaps><br><br><smallcaps><b>Monsters:</b></smallcaps><br>Kythis, the Gatekeeper<br>Rat King & Giant Rat<br>Ender of Days<br>Constricting Horror<br><br><smallcaps><b>Enlightened Faction:</b></smallcaps><br>Vedah, Sage of Swords<br>Askara of Fortune<br>Journeyman Sage<br>Miles, Golen Prodigy<br><br><smallcaps><b>Lifebound Faction:</b></smallcaps><br>Pathwarden<br>Cetra, Guide of Ogo<br>Moon Staff<br><br><smallcaps><b>Mechana Faction:</b></smallcaps><br>Deep Drone<br>Hedron Flare<br>Control Room<br><br><smallcaps><b>Void Faction:</b></smallcaps><br>Void Mesmer<br>Nethersnare<br>Soul Collector<br><br><br><align=center><smallcaps>Description:</smallcaps><br><br>Use the <b>Rat King</b> to flood the board with rats! Copy other players' hero cards with the <b>Askara of Fortune</b>. End the game instantly with the <b>Ender of Days</b>. The bundle also includes fan-favorite <b>Miles, Golden Prodigy</b>.<br><br>	这套特典卡合集将为你的对局带来无穷乐趣。\n<br><br><size=28><align=center><smallcaps>包含的特典卡：</smallcaps></size><br><br><smallcaps><b>怪物：</b></smallcaps><br>守门人凯蒂斯<br>鼠王与巨鼠<br>末日终结者<br>紧缩恐惧<br><br><smallcaps><b>圣贤派系：</b></smallcaps><br>圣剑贤者维达<br>命运的阿斯卡拉<br>学徒贤者<br>黄金奇才迈尔斯<br><br><smallcaps><b>命约派系：</b></smallcaps><br>守路人<br>奥戈向导赛特拉<br>月之权杖<br><br><smallcaps><b>机械派系：</b></smallcaps><br>深潜无人机<br>多面体耀光<br>控制中枢<br><br><smallcaps><b>虚空派系：</b></smallcaps><br>虚空迷幻师<br>虚空之网<br>缚魂者<br><br><br><size=28><align=center><smallcaps>简介：</smallcaps></size><br><br>用<b>鼠王</b>让整个棋盘满是老鼠！操控<b>命运的阿斯卡拉</b>复制对手的英雄牌。打出<b>末日终结者</b>即刻结束比赛。合集还收录了玩家最爱的<b>黄金奇才迈尔斯</b>！\n<br><br>
E	This bundle of promo cards has some of our wildest additions to Ascension.<align=center><smallcaps>Promo Cards Included:</smallcaps><smallcaps>Monsters:</smallcaps>Explosive SwarmTollmaster Ky'lekNova, Born of Chaos<smallcaps>Enlightened Faction:</smallcaps>Aether ChannelerAether CuratorDavid, Prophetic GuideEye of Potential<smallcaps>Lifebound Faction:</smallcaps>Spirit of the AncientsAetherspring WitchForrest, BeastwardenLunar Matriarch<smallcaps>Mechana Faction:</smallcaps>Temporal ExcavatorDestroyer's GateN.I.N.E.Tinkering Monk<smallcaps>Void Faction:</smallcaps>Eternal TormentorAether RitualistChaos RiderEthereal Hunteress<smallcaps>Common:</smallcaps>The Portal CardDefender of Vigil<align=center><smallcaps>Description:</smallcaps>Acquire portal cards, which can transform into random cards from any Ascension set. Fill the board with Explosive Swarm monsters. Add a seventh card to the Center Row with the Temporal Excavator. This bundle also includes the first and only Center Row Hero with no faction, the Defender of Vigil!	这套特典卡合集收录了我们为《创升纪元》设计过的一批最天马行空的新卡！<br><br><size=28><align=center><smallcaps>包含的特典卡：</smallcaps></size><br><br><smallcaps><b>怪物：</b></smallcaps><br>爆裂虫群<br>征收者凯莱克<br>诺娃·混沌所生<br><br><smallcaps><b>圣贤派系：</b></smallcaps><br>以太传灵师<br>以太策展人<br>先知大卫<br>潜能之眼<br><br><smallcaps><b>命约派系：</b></smallcaps><br>远古之灵<br>春生女巫<br>兽王福雷斯特<br>月祭主母<br><br><smallcaps><b>机械派系：</b></smallcaps><br>时空挖土机<br>毁灭者之门<br>N.I.N.E.<br>禅修修士<br><br><smallcaps><b>虚空派系：</b></smallcaps><br>永恒拷问者<br>以太祭师<br>混沌骑士<br>虚灵女猎手<br><br><smallcaps><b>公共：</b></smallcaps><br>传送门卡牌<br>祈夜守卫者<br><br><br><size=28><align=center><smallcaps>简介：</smallcaps></size><br><br>获得「传送门卡牌」，它们可以变形为任何《创升纪元》扩展中的任意卡牌。让<b>爆裂虫群</b>这种怪物充满整个中央牌列。使用<b>时空挖土机</b>为中央牌列增加第七张卡牌。本合集还收录了第一张也是唯一一张没有派系归属的中央牌列英雄：<b>祈夜守卫者</b>！\n<br><br>
E	\n\n<b><smallcaps><size=120%>Delirium</size></smallcaps></b>\n\n\n\n<smallcaps><color=#1C4E80C8>Ascension™ Game Engine Design\n\n</color></smallcaps>\n\nJustin Gary\n\n\n\n\n<smallcaps><color=#1C4E80C8>Ascension: Delirium™ Lead Design\n</color></smallcaps>\nGary Arant \n\n\n\n<smallcaps><color=#1C4E80C8>Design & Development Team\n\n</color></smallcaps>\n\nJustin Gary, Gary Arant, Jason Zila,\nMataio Wilson and Benjamin Lundquist \n\n\n\n<smallcaps><color=#1C4E80C8>Project Management Lead\n\n</color></smallcaps>\n\nGary Arant\n\n\n<smallcaps><color=#1C4E80C8>Creative Direction & Graphic Design\n\n</color></smallcaps>\n\nRyan O’Connor\n\n\n\n\n\n<smallcaps><color=#1C4E80C8>Graphic Design\n\n</color></smallcaps>\nPeter Wocken Design, Ryan O’Connor\n\n\n\n<smallcaps><color=#1C4E80C8>Card Art\n\n</color></smallcaps>\n\nEric Sabee, Aaron Nakahara, \nRod Mendez, Thiên Nguyên\n\n\n<smallcaps><color=#1C4E80C8>Creative Lead</color></smallcaps>\nGeorge Rockwell III\n\n\n<smallcaps><color=#1C4E80C8>Creative Team\n\n</color></smallcaps>\nGary Arant, Justin Gary, Mataio Wilson\n\n\n	\n\n<b><smallcaps><size=120%>神智迷乱</size></smallcaps></b>\n\n\n<smallcaps><color=#1C4E80C8>《创升纪元》游戏引擎设计\n\n</color></smallcaps>\n\nJustin Gary\n\n\n<smallcaps><color=#1C4E80C8>《创升纪元：神智迷乱》主设计\n</color></smallcaps>\nGary Arant \n\n\n<smallcaps><color=#1C4E80C8>设计与开发团队\n\n</color></smallcaps>\n\nJustin Gary, Gary Arant, Jason Zila,\nMata 
E	<b><smallcaps><size=120%>Delirium</size></smallcaps></b>\n\n\n\n<smallcaps><color=#1C4E80C8>Ascension™ Game Engine Design\n\n</color></smallcaps>\n\nJustin Gary\n\n\n\n\n<smallcaps><color=#1C4E80C8>Ascension: Delirium™ Lead Design\n</color></smallcaps>\nGary Arant \n\n\n\n<smallcaps><color=#1C4E80C8>Design & Development Team\n\n</color></smallcaps>\n\nJustin Gary, Gary Arant, Jason Zila,\nMataio Wilson and Benjamin Lundquist \n\n\n\n<smallcaps><color=#1C4E80C8>Project Management Lead\n\n</color></smallcaps>\n\nGary Arant\n\n\n<smallcaps><color=#1C4E80C8>Creative Direction & Graphic Design\n\n</color></smallcaps>\n\nRyan O’Connor\n\n\n\n\n\n<smallcaps><color=#1C4E80C8>Graphic Design\n\n</color></smallcaps>\nPeter Wocken Design, Ryan O’Connor\n\n\n\n<smallcaps><color=#1C4E80C8>Card Art\n\n</color></smallcaps>\n\nEric Sabee, Aaron Nakahara, \nRod Mendez, Thiên Nguyên\n\n\n<smallcaps><color=#1C4E80C8>Creative Lead</color></smallcaps>\nGeorge Rockwell III\n\n\n<smallcaps><color=#1C4E80C8>Creative Team\n\n</color></smallcaps>\nGary Arant, Justin Gary, Mataio Wilson	\n\n<b><smallcaps><size=120%>神智迷乱</size></smallcaps></b>\n\n\n<smallcaps><color=#1C4E80C8>《创升纪元》游戏引擎设计\n\n</color></smallcaps>\n\nJustin Gary\n\n\n<smallcaps><color=#1C4E80C8>《创升纪元：神智迷乱》主设计\n</color></smallcaps>\nGary Arant \n\n\n<smallcaps><color=#1C4E80C8>设计与开发团队\n\n</color></smallcaps>\n\nJustin Gary, Gary Arant, Jason Zila,\nMata 
E	\n\n<b><smallcaps>Delirium</smallcaps></b>\n\n\n\n<smallcaps><color=#1C4E80C8>Ascension™ Game Engine Design\n\n</color></smallcaps>\n\nJustin Gary\n\n\n\n\n<smallcaps><color=#1C4E80C8>Ascension: Delirium™ Lead Design\n</color></smallcaps>\nGary Arant \n\n\n\n<smallcaps><color=#1C4E80C8>Design & Development Team\n\n</color></smallcaps>\n\nJustin Gary, Gary Arant, Jason Zila,\nMataio Wilson and Benjamin Lundquist \n\n\n\n<smallcaps><color=#1C4E80C8>Project Management Lead\n\n</color></smallcaps>\n\nGary Arant\n\n\n<smallcaps><color=#1C4E80C8>Creative Direction & Graphic Design\n\n</color></smallcaps>\n\nRyan O’Connor\n\n\n\n\n\n<smallcaps><color=#1C4E80C8>Graphic Design\n\n</color></smallcaps>\nPeter Wocken Design, Ryan O’Connor\n\n\n\n<smallcaps><color=#1C4E80C8>Card Art\n\n</color></smallcaps>\n\nEric Sabee, Aaron Nakahara, \nRod Mendez, Thiên Nguyên\n\n\n<smallcaps><color=#1C4E80C8>Creative Lead</color></smallcaps>\nGeorge Rockwell III\n\n\n<smallcaps><color=#1C4E80C8>Creative Team\n\n</color></smallcaps>\nGary Arant, Justin Gary, Mataio Wilson\n\n\n	\n\n<b><smallcaps><size=120%>神智迷乱</size></smallcaps></b>\n\n\n<smallcaps><color=#1C4E80C8>《创升纪元》游戏引擎设计\n\n</color></smallcaps>\n\nJustin Gary\n\n\n<smallcaps><color=#1C4E80C8>《创升纪元：神智迷乱》主设计\n</color></smallcaps>\nGary Arant \n\n\n<smallcaps><color=#1C4E80C8>设计与开发团队\n\n</color></smallcaps>\n\nJustin Gary, Gary Arant, Jason Zila,\nMata 
E	<b><smallcaps>Delirium</smallcaps></b>\n\n\n\n<smallcaps><color=#1C4E80C8>Ascension™ Game Engine Design\n\n</color></smallcaps>\n\nJustin Gary\n\n\n\n\n<smallcaps><color=#1C4E80C8>Ascension: Delirium™ Lead Design\n</color></smallcaps>\nGary Arant \n\n\n\n<smallcaps><color=#1C4E80C8>Design & Development Team\n\n</color></smallcaps>\n\nJustin Gary, Gary Arant, Jason Zila,\nMataio Wilson and Benjamin Lundquist \n\n\n\n<smallcaps><color=#1C4E80C8>Project Management Lead\n\n</color></smallcaps>\n\nGary Arant\n\n\n<smallcaps><color=#1C4E80C8>Creative Direction & Graphic Design\n\n</color></smallcaps>\n\nRyan O’Connor\n\n\n\n\n\n<smallcaps><color=#1C4E80C8>Graphic Design\n\n</color></smallcaps>\nPeter Wocken Design, Ryan O’Connor\n\n\n\n<smallcaps><color=#1C4E80C8>Card Art\n\n</color></smallcaps>\n\nEric Sabee, Aaron Nakahara, \nRod Mendez, Thiên Nguyên\n\n\n<smallcaps><color=#1C4E80C8>Creative Lead</color></smallcaps>\nGeorge Rockwell III\n\n\n<smallcaps><color=#1C4E80C8>Creative Team\n\n</color></smallcaps>\nGary Arant, Justin Gary, Mataio Wilson	\n\n<b><smallcaps><size=120%>神智迷乱</size></smallcaps></b>\n\n\n<smallcaps><color=#1C4E80C8>《创升纪元》游戏引擎设计\n\n</color></smallcaps>\n\nJustin Gary\n\n\n<smallcaps><color=#1C4E80C8>《创升纪元：神智迷乱》主设计\n</color></smallcaps>\nGary Arant \n\n\n<smallcaps><color=#1C4E80C8>设计与开发团队\n\n</color></smallcaps>\n\nJustin Gary, Gary Arant, Jason Zila,\nMata 
E	<smallcaps><color=#1C4E80C8>Additional IP Development\n</color></smallcaps>\n\nJohn Fiorillo\n\n\nJustin Gary\n\n\nBrian Kibler\n\n\nRyan O’Connor\n\n\nMike Rosenberg\n\n\nEric Sabee\n\n\nGeordie Tait\n\n\nEric Tice\n\n\nGreg Wilson\n\n\n\n<smallcaps><color=#1C4E80C8>Flavor Text</color></smallcaps>\n\nJohn Fiorillo\n\n\nBrian Kibler\n\n\nGeordie Tait\n\n\nEric Tice\n\n\nGreg Wilson\n\n\n\n<smallcaps><color=#1C4E80C8>Project Management Lead</color></smallcaps>\n\nRob Dougherty\n\n\nIan Estrin\n\n\n\n<smallcaps><color=#1C4E80C8>Project Management Support\n</color></smallcaps>\n\nIan Estrin\n\n\n\n<smallcaps><color=#1C4E80C8>Secretary of Keeping it Real\n</color></smallcaps>\n\nJohn Fiorillo\n\n\n\n<smallcaps><color=#1C4E80C8>Minister of Propaganda</color>\n</smallcaps>\n\nBrian Kibler\n\n\n\n<smallcaps><color=#1C4E80C8>Editing\n</color></smallcaps>\n\nCate Gary\n\n\n\n<smallcaps><color=#1C4E80C8>Rulebook</color></smallcaps>\n\nGary Arant\n\n\nJohn Fiorillo\n\n\nJustin Gary\n\n\nBrian Kibler\n\n\nJeff Liu\n\n\nRyan O’Connor\n\n\nMike Rosenberg\n\n\nGeordie Tait\n\n\nEmily Zaehring\n\n\n	<smallcaps><color=#1C4E80C8>附加 IP 开发\n</color></smallcaps>\n\nJohn Fiorillo\n\nJustin Gary\n\nBrian Kibler\n\nRyan O'Connor\n\nMike Rosenberg\n\nEric Sabee\n\nGeordie Tait\n\nEric Tice\n\nGreg Wilson\n\n<smallcaps><color=#1C4E80C8>风味文本</color></smallcaps>\n\n
E	<smallcaps><color=#1C4E80C8>Additional IP Development\n</color></smallcaps>\n\nJohn Fiorillo\n\n\nJustin Gary\n\n\nBrian Kibler\n\n\nRyan O’Connor\n\n\nMike Rosenberg\n\n\nEric Sabee\n\n\nGeordie Tait\n\n\nEric Tice\n\n\nGreg Wilson\n\n\n\n<smallcaps><color=#1C4E80C8>Flavor Text</color></smallcaps>\n\nJohn Fiorillo\n\n\nBrian Kibler\n\n\nGeordie Tait\n\n\nEric Tice\n\n\nGreg Wilson\n\n\n\n<smallcaps><color=#1C4E80C8>Project Management Lead</color></smallcaps>\n\nRob Dougherty\n\n\nIan Estrin\n\n\n\n<smallcaps><color=#1C4E80C8>Project Management Support\n</color></smallcaps>\n\nIan Estrin\n\n\n\n<smallcaps><color=#1C4E80C8>Secretary of Keeping it Real\n</color></smallcaps>\n\nJohn Fiorillo\n\n\n\n<smallcaps><color=#1C4E80C8>Minister of Propaganda</color>\n</smallcaps>\n\nBrian Kibler\n\n\n\n<smallcaps><color=#1C4E80C8>Editing\n</color></smallcaps>\n\nCate Gary\n\n\n\n<smallcaps><color=#1C4E80C8>Rulebook</color></smallcaps>\n\nGary Arant\n\n\nJohn Fiorillo\n\n\nJustin Gary\n\n\nBrian Kibler\n\n\nJeff Liu\n\n\nRyan O’Connor\n\n\nMike Rosenberg\n\n\nGeordie Tait\n\n\nEmily Zaehring	<smallcaps><color=#1C4E80C8>附加 IP 开发\n</color></smallcaps>\n\nJohn Fiorillo\n\nJustin Gary\n\nBrian Kibler\n\nRyan O'Connor\n\nMike Rosenberg\n\nEric Sabee\n\nGeordie Tait\n\nEric Tice\n\nGreg Wilson\n\n<smallcaps><color=#1C4E80C8>风味文本</color></smallcaps>\n\n
E	The game ends when a certain amount of Honor has been earned, depending on the number of players. <align=center> 2 Players = Honor 3 Players = Honor 4 Players = Honor</align>When the final Honor point is earned, the game ends at the end of the current round (after the last player to start the game takes a turn). Thus, each player will play the same number of turns during the course of the game and may still gain Honor even when the Honor pool is depleted. Cards in each player's deck are also worth Honor points, indicated by the number in the Honor symbol () in the bottom left corner of each card. When the game is over, all Honor points from Heroes and Constructs in your deck and hand are added to the Honor you gained during the game. The player with the most total Honor is the winner!If multiple players have the same number of Honor Points, the last player to start wins (i.e., the starting player loses all ties, the second player loses to the third and fouth, etc.).	当荣誉池耗尽一定数量时游戏结束，具体数值取决于玩家人数。\n\n\t\n\n<align=center>2 人局 = <sprite=77> 荣誉   3 人局 = <sprite=78> 荣誉   4 人局 = <sprite=79> 荣誉<br></align><br>当最后一点荣誉被拿走时，当前回合结束（即，后手玩家打完最后一回合后）才结束游戏。因此，每位玩家的回合数相同；即使荣誉池已耗尽，玩家在自己的回合仍可继续获取荣誉。<br><br>\n\n每位玩家牌组中的卡牌也会提供荣誉点数，显示在卡牌左下角的荣誉图标(<sprite=64>)里。游戏结束时，牌组与手牌中所有英雄及神器的荣誉点数全部计入总分；总分最高者获胜！<br><br>如多名玩家总分相同，后手玩家胜（即：先手玩家在所有平分中告负，第二位输给第三/四位，依此类推）。<br><br>
E	<smallcaps>Ascension: Deck Building Game </smallcaps> <smallcaps>Ascension™ Game Design</smallcaps> Justin Gary <smallcaps>Rise of Vigil™ Lead Design </smallcaps> Justin Gary <smallcaps>Storm of Souls™ Lead Design</smallcaps> John Fiorillo <smallcaps>Lead Development </smallcaps> John Fiorillo Brian Kibler <smallcaps>Additional Game Design / Development </smallcaps> Gary Arant Dave Baumgartner Pete Baumgartner Rob Dougherty Kaile Dutton Ian Estrin Will Garner Darwin Kastle Brian Kibler Jeff Liu Ryan O’Connor Mike Rosenberg Matt Sperling Patrick Sullivan Steve Terry Jake Woods <smallcaps> Website and Marketing </smallcaps> Ryan O'Connor <smallcaps>Graphic Design Leads</smallcaps> Ryan O’Connor Geordie Tait <smallcaps>Card Art</smallcaps> Eric Sabee <smallcaps>IP Development Lead </smallcaps> Justin Gary <smallcaps>Creative Director/Storm of Souls IP Development Lead </smallcaps> Geordie Tait	<size=120%><smallcaps><b>创升纪元：\n牌组构筑游戏\n</b></smallcaps></size>\n\n\n<smallcaps><color=#1C4E80C8>《创升纪元》游戏设计</color></smallcaps>\n\nJustin Gary\n\n\n<smallcaps><color=#1C4E80C8>《祈夜崛起》主设计</color>\n</smallcaps>\n\nJustin Gary\n\n
E	This bundle of promo cards will add a lot of excitement to your games. <align=center><smallcaps>Promo Cards Included:</smallcaps><smallcaps>Monsters:</smallcaps>Kythis, the GatekeeperRat King & Giant RatEnder of DaysConstricting Horror<smallcaps>Enlightened Faction:</smallcaps>Vedah, Sage of SwordsAskara of FortuneJourneyman SageMiles, Golen Prodigy<smallcaps>Lifebound Faction:</smallcaps>PathwardenCetra, Guide of OgoMoon Staff<smallcaps>Mechana Faction:</smallcaps>Deep DroneHedron FlareControl Room<smallcaps>Void Faction:</smallcaps>Void MesmerNethersnareSoul Collector<align=center><smallcaps>Description:</smallcaps>Use the Rat King to flood the board with rats! Copy other players' hero cards with the Askara of Fortune. End the game instantly with the Ender of Days. The bundle also includes fan-favorite Miles, Golden Prodigy.	这套特典卡合集将为你的对局带来无穷乐趣。\n<br><br><size=28><align=center><smallcaps>包含的特典卡：</smallcaps></size><br><br><smallcaps><b>怪物：</b></smallcaps><br>守门人凯蒂斯<br>鼠王与巨鼠<br>末日终结者<br>紧缩恐惧<br><br><smallcaps><b>圣贤派系：</b></smallcaps><br>圣剑贤者维达<br>命运的阿斯卡拉<br>学徒贤者<br>黄金奇才迈尔斯<br><br><smallcaps><b>命约派系：</b></smallcaps><br>守路人<br>奥戈向导赛特拉<br>月之权杖<br><br><smallcaps><b>机械派系：</b></smallcaps><br>深潜无人机<br>多面体耀光<br>控制中枢<br><br><smallcaps><b>虚空派系：</b></smallcaps><br>虚空迷幻师<br>虚空之网<br>缚魂者<br><br><br><size=28><align=center><smallcaps>简介：</smallcaps></size><br><br>用<b>鼠王</b>让整个棋盘满是老鼠！操控<b>命运的阿斯卡拉</b>复制对手的英雄牌。打出<b>末日终结者</b>即刻结束比赛。合集还收录了玩家最爱的<b>黄金奇才迈尔斯</b>！\n<br><br>
E	This bundle of promo cards will add a lot of excitement to your games.<align=center><smallcaps>Promo Cards Included:</smallcaps><smallcaps>Monsters:</smallcaps>Kythis, the GatekeeperRat King & Giant RatEnder of DaysConstricting Horror<smallcaps>Enlightened Faction:</smallcaps>Vedah, Sage of SwordsAskara of FortuneJourneyman SageMiles, Golen Prodigy<smallcaps>Lifebound Faction:</smallcaps>PathwardenCetra, Guide of OgoMoon Staff<smallcaps>Mechana Faction:</smallcaps>Deep DroneHedron FlareControl Room<smallcaps>Void Faction:</smallcaps>Void MesmerNethersnareSoul Collector<align=center><smallcaps>Description:</smallcaps>Use the Rat King to flood the board with rats! Copy other players' hero cards with the Askara of Fortune. End the game instantly with the Ender of Days. The bundle also includes fan-favorite Miles, Golden Prodigy.	这套特典卡合集将为你的对局带来无穷乐趣。\n<br><br><size=28><align=center><smallcaps>包含的特典卡：</smallcaps></size><br><br><smallcaps><b>怪物：</b></smallcaps><br>守门人凯蒂斯<br>鼠王与巨鼠<br>末日终结者<br>紧缩恐惧<br><br><smallcaps><b>圣贤派系：</b></smallcaps><br>圣剑贤者维达<br>命运的阿斯卡拉<br>学徒贤者<br>黄金奇才迈尔斯<br><br><smallcaps><b>命约派系：</b></smallcaps><br>守路人<br>奥戈向导赛特拉<br>月之权杖<br><br><smallcaps><b>机械派系：</b></smallcaps><br>深潜无人机<br>多面体耀光<br>控制中枢<br><br><smallcaps><b>虚空派系：</b></smallcaps><br>虚空迷幻师<br>虚空之网<br>缚魂者<br><br><br><size=28><align=center><smallcaps>简介：</smallcaps></size><br><br>用<b>鼠王</b>让整个棋盘满是老鼠！操控<b>命运的阿斯卡拉</b>复制对手的英雄牌。打出<b>末日终结者</b>即刻结束比赛。合集还收录了玩家最爱的<b>黄金奇才迈尔斯</b>！\n<br><br>
E	Harness elemental magic and the power of ancient temples with this bundle!\n<br><br><size=28><align=center><smallcaps>Unique new cards per set:</smallcaps></size><br><br><b>Gift of the Elements:</b><br>55 cards<br><br><b>Valley of the Ancients:</b><br>51 cards<br><br><b>Delirium:</b><br>49 cards<br><br><br><size=28><align=center><smallcaps>Description:</smallcaps></size><br><br>Infest your opponent's deck with rampaging goblins, thin your deck faster than ever with <i>Empower</i>, and transform event cards into Ascension's most powerful Heroes.\n<br><br><b>Valley of the Ancients</b> pits you against each other as you vie for control over the <i>Temples of Life, Death,</i> and <i>Immortality</i>. Incredible bonuses are available to those who control them.\n<br><br>	驾驭元素之力，唤醒远古神庙的神秘能量——立即入手本组合包！\n<br><br><size=28><align=center><smallcaps>各扩展全新卡牌数：</smallcaps></size><br><br><b>元素的馈赠：</b><br>55 张<br><br><b>上古山谷：</b><br>51 张<br><br><b>谵妄：</b><br>49 张<br><br><br><size=28><align=center><smallcaps>简介：</smallcaps></size><br><br>让横行肆虐的哥布林寄生对手的牌组；借助<i>赋能（Empower）</i>比以往更迅捷地压缩你的牌组；还能把事件卡转化为《创升纪元》史上最强力的英雄们。\n<br><br><b>上古山谷</b>让玩家彼此对抗，争夺对<b>生命神庙</b>、<b>死亡神庙</b>与<b>不朽神庙</b>的控制权——掌控它们的人，将获得令人难以置信的奖励。\n<br><br>
E	Harness elemental magic and the power of ancient temples with this bundle!<br><br><size=28><align=center><smallcaps>Unique new cards per set:</smallcaps></size><br><br><b>Gift of the Elements:</b><br>55 cards<br><br><b>Valley of the Ancients:</b><br>51 cards<br><br><b>Delirium:</b><br>49 cards<br><br><br><size=28><align=center><smallcaps>Description:</smallcaps></size><br><br>Infest your opponent's deck with rampaging goblins, thin your deck faster than ever with <i>Empower</i>, and transform event cards into Ascension's most powerful Heroes.<br><br><b>Valley of the Ancients</b> pits you against each other as you vie for control over the <i>Temples of Life, Death,</i> and <i>Immortality</i>. Incredible bonuses are available to those who control them.<br><br>	驾驭元素之力，唤醒远古神庙的神秘能量——立即入手本组合包！\n<br><br><size=28><align=center><smallcaps>各扩展全新卡牌数：</smallcaps></size><br><br><b>元素的馈赠：</b><br>55 张<br><br><b>上古山谷：</b><br>51 张<br><br><b>谵妄：</b><br>49 张<br><br><br><size=28><align=center><smallcaps>简介：</smallcaps></size><br><br>让横行肆虐的哥布林寄生对手的牌组；借助<i>赋能（Empower）</i>比以往更迅捷地压缩你的牌组；还能把事件卡转化为《创升纪元》史上最强力的英雄们。\n<br><br><b>上古山谷</b>让玩家彼此对抗，争夺对<b>生命神庙</b>、<b>死亡神庙</b>与<b>不朽神庙</b>的控制权——掌控它们的人，将获得令人难以置信的奖励。\n<br><br>
E	Harness elemental magic and the power of ancient temples with this bundle!\n<br><br><align=center><smallcaps>Unique new cards per set:</smallcaps><br><br><b>Gift of the Elements:</b><br>55 cards<br><br><b>Valley of the Ancients:</b><br>51 cards<br><br><b>Delirium:</b><br>49 cards<br><br><br><align=center><smallcaps>Description:</smallcaps><br><br>Infest your opponent's deck with rampaging goblins, thin your deck faster than ever with <i>Empower</i>, and transform event cards into Ascension's most powerful Heroes.\n<br><br><b>Valley of the Ancients</b> pits you against each other as you vie for control over the <i>Temples of Life, Death,</i> and <i>Immortality</i>. Incredible bonuses are available to those who control them.\n<br><br>	驾驭元素之力，唤醒远古神庙的神秘能量——立即入手本组合包！\n<br><br><size=28><align=center><smallcaps>各扩展全新卡牌数：</smallcaps></size><br><br><b>元素的馈赠：</b><br>55 张<br><br><b>上古山谷：</b><br>51 张<br><br><b>谵妄：</b><br>49 张<br><br><br><size=28><align=center><smallcaps>简介：</smallcaps></size><br><br>让横行肆虐的哥布林寄生对手的牌组；借助<i>赋能（Empower）</i>比以往更迅捷地压缩你的牌组；还能把事件卡转化为《创升纪元》史上最强力的英雄们。\n<br><br><b>上古山谷</b>让玩家彼此对抗，争夺对<b>生命神庙</b>、<b>死亡神庙</b>与<b>不朽神庙</b>的控制权——掌控它们的人，将获得令人难以置信的奖励。\n<br><br>
E	Harness elemental magic and the power of ancient temples with this bundle!<br><br><align=center><smallcaps>Unique new cards per set:</smallcaps><br><br><b>Gift of the Elements:</b><br>55 cards<br><br><b>Valley of the Ancients:</b><br>51 cards<br><br><b>Delirium:</b><br>49 cards<br><br><br><align=center><smallcaps>Description:</smallcaps><br><br>Infest your opponent's deck with rampaging goblins, thin your deck faster than ever with <i>Empower</i>, and transform event cards into Ascension's most powerful Heroes.<br><br><b>Valley of the Ancients</b> pits you against each other as you vie for control over the <i>Temples of Life, Death,</i> and <i>Immortality</i>. Incredible bonuses are available to those who control them.<br><br>	驾驭元素之力，唤醒远古神庙的神秘能量——立即入手本组合包！\n<br><br><size=28><align=center><smallcaps>各扩展全新卡牌数：</smallcaps></size><br><br><b>元素的馈赠：</b><br>55 张<br><br><b>上古山谷：</b><br>51 张<br><br><b>谵妄：</b><br>49 张<br><br><br><size=28><align=center><smallcaps>简介：</smallcaps></size><br><br>让横行肆虐的哥布林寄生对手的牌组；借助<i>赋能（Empower）</i>比以往更迅捷地压缩你的牌组；还能把事件卡转化为《创升纪元》史上最强力的英雄们。\n<br><br><b>上古山谷</b>让玩家彼此对抗，争夺对<b>生命神庙</b>、<b>死亡神庙</b>与<b>不朽神庙</b>的控制权——掌控它们的人，将获得令人难以置信的奖励。\n<br><br>
E	<smallcaps>Delirium</smallcaps> <smallcaps>Ascension™ Game Engine Design </smallcaps> Justin Gary <smallcaps>Ascension: Delirium™ Lead Design </smallcaps> Gary Arant <smallcaps>Design & Development Team </smallcaps> Justin Gary, Gary Arant, Jason Zila, Mataio Wilson and Benjamin Lundquist <smallcaps>Project Management Lead </smallcaps> Gary Arant <smallcaps>Creative Direction & Graphic Design </smallcaps> Ryan O’Connor <smallcaps>Graphic Design </smallcaps> Peter Wocken Design, Ryan O’Connor <smallcaps>Card Art </smallcaps> Eric Sabee, Aaron Nakahara, Rod Mendez, Thiên Nguyên <smallcaps>Creative Lead</smallcaps> George Rockwell III <smallcaps>Creative Team </smallcaps> Gary Arant, Justin Gary, Mataio Wilson	\n\n<b><smallcaps><size=120%>神智迷乱</size></smallcaps></b>\n\n\n<smallcaps><color=#1C4E80C8>《创升纪元》游戏引擎设计\n\n</color></smallcaps>\n\nJustin Gary\n\n\n<smallcaps><color=#1C4E80C8>《创升纪元：神智迷乱》主设计\n</color></smallcaps>\nGary Arant \n\n\n<smallcaps><color=#1C4E80C8>设计与开发团队\n\n</color></smallcaps>\n\nJustin Gary, Gary Arant, Jason Zila,\nMata 
E	<smallcaps>Additional IP Development </smallcaps> John Fiorillo Justin Gary Brian Kibler Ryan O’Connor Mike Rosenberg Eric Sabee Geordie Tait Eric Tice Greg Wilson <smallcaps>Flavor Text</smallcaps> John Fiorillo Brian Kibler Geordie Tait Eric Tice Greg Wilson <smallcaps>Project Management Lead</smallcaps> Rob Dougherty Ian Estrin <smallcaps>Project Management Support </smallcaps> Ian Estrin <smallcaps>Secretary of Keeping it Real </smallcaps> John Fiorillo <smallcaps>Minister of Propaganda </smallcaps> Brian Kibler <smallcaps>Editing </smallcaps> Cate Gary <smallcaps>Rulebook</smallcaps> Gary Arant John Fiorillo Justin Gary Brian Kibler Jeff Liu Ryan O’Connor Mike Rosenberg Geordie Tait Emily Zaehring	<smallcaps><color=#1C4E80C8>附加 IP 开发\n</color></smallcaps>\n\nJohn Fiorillo\n\nJustin Gary\n\nBrian Kibler\n\nRyan O'Connor\n\nMike Rosenberg\n\nEric Sabee\n\nGeordie Tait\n\nEric Tice\n\nGreg Wilson\n\n<smallcaps><color=#1C4E80C8>风味文本</color></smallcaps>\n\n
E	<br><size=28><align=center><smallcaps>Promo Cards Included:</smallcaps></size><br><br><smallcaps><b>Monsters:</b></smallcaps><br>Puggageddon<br><br><smallcaps><b>Enlightened Faction:</b></smallcaps><br>Spire of the Wind<br><br><smallcaps><b>Lifebound Faction:</b></smallcaps><br>Seed of the World<br><br><smallcaps><b>Mechana Faction:</b></smallcaps><br>Chaotic Cannon<br><br><smallcaps><b>Void Faction:</b></smallcaps><br>The Aethermourne<br><br><size=28><align=center><smallcaps>Description:</smallcaps></size><br><br>Harness Spire of the Wind to turn discards into powerful draw, and Seed of the World to gain extra value from the Center Row—opening up new, powerful combo!\n<br><br>	<br><size=28><align=center><smallcaps>包含的特典卡：</smallcaps></size><br><br><smallcaps><b>怪物：</b></smallcaps><br>灭世浩劫·帕格<br><br><smallcaps><b>圣贤派系：</b></smallcaps><br>风之尖塔<br><br><smallcaps><b>命约派系：</b></smallcaps><br>世界之种<br><br><smallcaps><b>机械派系：</b></smallcaps><br>混沌重炮<br><br>
E	<size=28><align=center><smallcaps>Promo Cards Included:</smallcaps></size><br><br><smallcaps><b>Monsters:</b></smallcaps><br>Puggageddon<br><br><smallcaps><b>Enlightened Faction:</b></smallcaps><br>Spire of the Wind<br><br><smallcaps><b>Lifebound Faction:</b></smallcaps><br>Seed of the World<br><br><smallcaps><b>Mechana Faction:</b></smallcaps><br>Chaotic Cannon<br><br><smallcaps><b>Void Faction:</b></smallcaps><br>The Aethermourne<br><br><size=28><align=center><smallcaps>Description:</smallcaps></size><br><br>Harness Spire of the Wind to turn discards into powerful draw, and Seed of the World to gain extra value from the Center Row—opening up new, powerful combo!\n<br><br>	<size=28><align=center><smallcaps>包含的特典卡：</smallcaps></size><br><br><smallcaps><b>怪物：</b></smallcaps><br>灭世浩劫·帕格<br><br><smallcaps><b>圣贤派系：</b></smallcaps><br>风之尖塔<br><br><smallcaps><b>命约派系：</b></smallcaps><br>世界之种<br><br><smallcaps><b>机械派系：</b></smallcaps><br>混沌重炮<br><br>
E	This bundle has the two incredible stand alone sets from the third year of Ascension.<br><br><size=28><align=center><smallcaps>Unique new cards per set:</smallcaps></size><br><br><b>Rise of Vigil:</b><br>47 cards<br><br><b>Darkness Unleashed:</b><br>35 cards<br><br><br><size=28><align=center><smallcaps>Description:</smallcaps></size><br><br><b>Rise of Vigil</b> and <b>Darkness Unleashed</b> provide unparalleled excitement with <i>Energy Shards</i>. These Shards are a new card type called <i>Treasure</i>, that you get by acquiring and defeating cards on top of them. These Shards will power up your cards and even permanently transform your cards.<br><br>	本合集收录《创升纪元》第三年两款独立扩展。<br><br><size=28><align=center><smallcaps>各扩展全新卡牌数：</smallcaps></size><br><br><b>祈夜崛起：</b><br>47 张<br><br><b>黑暗释放：</b><br>35 张<br><br><br><size=28><align=center><smallcaps>简介：</smallcaps></size><br><br><b>祈夜崛起</b>与<b>黑暗释放</b>带来前所未有的刺激——全新卡牌类型「宝藏」：能量碎片。获取或击败叠在碎片上的卡牌即可得到碎片；碎片能强化甚至永久变形你的卡牌。<br><br>
E	<br><align=center><smallcaps>Promo Cards Included:</smallcaps><br><br><smallcaps><b>Monsters:</b></smallcaps><br>Puggageddon<br><br><smallcaps><b>Enlightened Faction:</b></smallcaps><br>Spire of the Wind<br><br><smallcaps><b>Lifebound Faction:</b></smallcaps><br>Seed of the World<br><br><smallcaps><b>Mechana Faction:</b></smallcaps><br>Chaotic Cannon<br><br><smallcaps><b>Void Faction:</b></smallcaps><br>The Aethermourne<br><br><align=center><smallcaps>Description:</smallcaps><br><br>Harness Spire of the Wind to turn discards into powerful draw, and Seed of the World to gain extra value from the Center Row—opening up new, powerful combo!\n<br><br>	<br><size=28><align=center><smallcaps>包含的特典卡：</smallcaps></size><br><br><smallcaps><b>怪物：</b></smallcaps><br>灭世浩劫·帕格<br><br><smallcaps><b>圣贤派系：</b></smallcaps><br>风之尖塔<br><br><smallcaps><b>命约派系：</b></smallcaps><br>世界之种<br><br><smallcaps><b>机械派系：</b></smallcaps><br>混沌重炮<br><br>
E	<align=center><smallcaps>Promo Cards Included:</smallcaps><br><br><smallcaps><b>Monsters:</b></smallcaps><br>Puggageddon<br><br><smallcaps><b>Enlightened Faction:</b></smallcaps><br>Spire of the Wind<br><br><smallcaps><b>Lifebound Faction:</b></smallcaps><br>Seed of the World<br><br><smallcaps><b>Mechana Faction:</b></smallcaps><br>Chaotic Cannon<br><br><smallcaps><b>Void Faction:</b></smallcaps><br>The Aethermourne<br><br><align=center><smallcaps>Description:</smallcaps><br><br>Harness Spire of the Wind to turn discards into powerful draw, and Seed of the World to gain extra value from the Center Row—opening up new, powerful combo!\n<br><br>	<size=28><align=center><smallcaps>包含的特典卡：</smallcaps></size><br><br><smallcaps><b>怪物：</b></smallcaps><br>灭世浩劫·帕格<br><br><smallcaps><b>圣贤派系：</b></smallcaps><br>风之尖塔<br><br><smallcaps><b>命约派系：</b></smallcaps><br>世界之种<br><br><smallcaps><b>机械派系：</b></smallcaps><br>混沌重炮<br><br>
E	<size=28><align=center><smallcaps>Promo Cards Included:</smallcaps></size><br><br><smallcaps><b>Monsters:</b></smallcaps><br>Puggageddon<br><br><smallcaps><b>Enlightened Faction:</b></smallcaps><br>Spire of the Wind<br><br><smallcaps><b>Lifebound Faction:</b></smallcaps><br>Seed of the World<br><br><smallcaps><b>Mechana Faction:</b></smallcaps><br>Chaotic Cannon<br><br><smallcaps><b>Void Faction:</b></smallcaps><br>The Aethermourne<br><br><size=28><align=center><smallcaps>Description:</smallcaps></size><br><br>Harness Spire of the Wind to turn discards into powerful draw, and Seed of the World to gain extra value from the Center Row	<br><size=28><align=center><smallcaps>包含的特典卡：</smallcaps></size><br><br><smallcaps><b>怪物：</b></smallcaps><br>巴哥末日<br><br><smallcaps><b>圣贤派系：</b></smallcaps><br>风之尖塔<br><br><smallcaps><b>命约派系：</b></smallcaps><br>世界之种<br><br><smallcaps><b>机械派系：</b></smallcaps><br>混沌重炮<br><br><smallcaps><b>虚空派系：</b></smallcaps><br>以太哀歌<br><br><size=28><align=center><smallcaps>简介：</smallcaps></size><br><br>运用「风之尖塔」把弃牌转化为强力抽牌，再以「世界之种」从中央牌列榨取额外收益——无数新奇的强力组合就此打开！\n<br><br>
E	This bundle has the two incredible stand alone sets from the third year of Ascension.<br><br><align=center><smallcaps>Unique new cards per set:</smallcaps><br><br><b>Rise of Vigil:</b><br>47 cards<br><br><b>Darkness Unleashed:</b><br>35 cards<br><br><br><align=center><smallcaps>Description:</smallcaps><br><br><b>Rise of Vigil</b> and <b>Darkness Unleashed</b> provide unparalleled excitement with <i>Energy Shards</i>. These Shards are a new card type called <i>Treasure</i>, that you get by acquiring and defeating cards on top of them. These Shards will power up your cards and even permanently transform your cards.<br><br>	本合集收录《创升纪元》第三年两款独立扩展。<br><br><size=28><align=center><smallcaps>各扩展全新卡牌数：</smallcaps></size><br><br><b>祈夜崛起：</b><br>47 张<br><br><b>黑暗释放：</b><br>35 张<br><br><br><size=28><align=center><smallcaps>简介：</smallcaps></size><br><br><b>祈夜崛起</b>与<b>黑暗释放</b>带来前所未有的刺激——全新卡牌类型「宝藏」：能量碎片。获取或击败叠在碎片上的卡牌即可得到碎片；碎片能强化甚至永久变形你的卡牌。<br><br>
E	Harness elemental magic and the power of ancient temples with this bundle! <align=center><smallcaps>Unique new cards per set:</smallcaps>Gift of the Elements:55 cardsValley of the Ancients:51 cardsDelirium:49 cards<align=center><smallcaps>Description:</smallcaps>Infest your opponent's deck with rampaging goblins, thin your deck faster than ever with Empower, and transform event cards into Ascension's most powerful Heroes. Valley of the Ancients pits you against each other as you vie for control over the Temples of Life, Death, and Immortality. Incredible bonuses are available to those who control them.	驾驭元素之力，唤醒远古神庙的神秘能量——立即入手本组合包！\n<br><br><size=28><align=center><smallcaps>各扩展全新卡牌数：</smallcaps></size><br><br><b>元素的馈赠：</b><br>55 张<br><br><b>上古山谷：</b><br>51 张<br><br><b>谵妄：</b><br>49 张<br><br><br><size=28><align=center><smallcaps>简介：</smallcaps></size><br><br>让横行肆虐的哥布林寄生对手的牌组；借助<i>赋能（Empower）</i>比以往更迅捷地压缩你的牌组；还能把事件卡转化为《创升纪元》史上最强力的英雄们。\n<br><br><b>上古山谷</b>让玩家彼此对抗，争夺对<b>生命神庙</b>、<b>死亡神庙</b>与<b>不朽神庙</b>的控制权——掌控它们的人，将获得令人难以置信的奖励。\n<br><br>
E	<align=center><smallcaps>Promo Cards Included:</smallcaps><br><br><smallcaps><b>Monsters:</b></smallcaps><br>Puggageddon<br><br><smallcaps><b>Enlightened Faction:</b></smallcaps><br>Spire of the Wind<br><br><smallcaps><b>Lifebound Faction:</b></smallcaps><br>Seed of the World<br><br><smallcaps><b>Mechana Faction:</b></smallcaps><br>Chaotic Cannon<br><br><smallcaps><b>Void Faction:</b></smallcaps><br>The Aethermourne<br><br><align=center><smallcaps>Description:</smallcaps><br><br>Harness Spire of the Wind to turn discards into powerful draw, and Seed of the World to gain extra value from the Center Row	<br><size=28><align=center><smallcaps>包含的特典卡：</smallcaps></size><br><br><smallcaps><b>怪物：</b></smallcaps><br>巴哥末日<br><br><smallcaps><b>圣贤派系：</b></smallcaps><br>风之尖塔<br><br><smallcaps><b>命约派系：</b></smallcaps><br>世界之种<br><br><smallcaps><b>机械派系：</b></smallcaps><br>混沌重炮<br><br><smallcaps><b>虚空派系：</b></smallcaps><br>以太哀歌<br><br><size=28><align=center><smallcaps>简介：</smallcaps></size><br><br>运用「风之尖塔」把弃牌转化为强力抽牌，再以「世界之种」从中央牌列榨取额外收益——无数新奇的强力组合就此打开！\n<br><br>
E	Harness elemental magic and the power of ancient temples with this bundle!<align=center><smallcaps>Unique new cards per set:</smallcaps>Gift of the Elements:55 cardsValley of the Ancients:51 cardsDelirium:49 cards<align=center><smallcaps>Description:</smallcaps>Infest your opponent's deck with rampaging goblins, thin your deck faster than ever with Empower, and transform event cards into Ascension's most powerful Heroes.Valley of the Ancients pits you against each other as you vie for control over the Temples of Life, Death, and Immortality. Incredible bonuses are available to those who control them.	驾驭元素之力，唤醒远古神庙的神秘能量——立即入手本组合包！\n<br><br><size=28><align=center><smallcaps>各扩展全新卡牌数：</smallcaps></size><br><br><b>元素的馈赠：</b><br>55 张<br><br><b>上古山谷：</b><br>51 张<br><br><b>谵妄：</b><br>49 张<br><br><br><size=28><align=center><smallcaps>简介：</smallcaps></size><br><br>让横行肆虐的哥布林寄生对手的牌组；借助<i>赋能（Empower）</i>比以往更迅捷地压缩你的牌组；还能把事件卡转化为《创升纪元》史上最强力的英雄们。\n<br><br><b>上古山谷</b>让玩家彼此对抗，争夺对<b>生命神庙</b>、<b>死亡神庙</b>与<b>不朽神庙</b>的控制权——掌控它们的人，将获得令人难以置信的奖励。\n<br><br>
E	Return to the world of Vigil as the Muses of Malevolence rise to bring ruin. Legendary Heroes from Ascension’s past have returned to guide you, granting their power to those who prove worthy.<br><br>Each card you acquire or defeat grants Renown with its factions, advancing you on the Legendary Track. As your Renown grows, unlock powerful Boons from Legendary Characters and, at the pinnacle of a faction’s track, gain Legendry status with the power to acquire or defeat one card from that faction for free each turn.<br><br><b><align=center>Includes 86 unique<br>new cards.	重返祈夜世界——「恶意缪斯」已然觉醒，毁灭将至。《创升纪元》历史上的传奇英雄们纷纷归来，引领你前行，并将他们的力量赐予那些能够证明自己的人。<br><br>每一张你获取或击败的卡牌都会为对应派系提供名望，推动你在「传奇轨道」上不断前进。随着名望的积累，你将解锁来自传奇角色的强力恩赐；当某一派系的名望达到顶峰，你将获得该派系的「传奇权柄」：每回合可免费获取或击败一张该派系卡牌。<br><br><b><align=center>包括 86 张全新<br>卡牌。
E	Return to the world of Vigil as the Muses of Malevolence rise to bring ruin. Legendary Heroes from Ascension’s past have returned to guide you, granting their power to those who prove worthy.<br><br>Each card you acquire or defeat grants Renown with its factions, advancing you on the Legendary Track. As your Renown grows, unlock powerful Boons from Legendary Characters and, at the pinnacle of a faction’s track, gain Legendry status with the power to acquire or defeat one card from that faction for free each turn.<br><br><b><align=center>Includes 86 unique new cards.	重返祈夜世界——「恶意缪斯」已然觉醒，毁灭将至。《创升纪元》历史上的传奇英雄们纷纷归来，引领你前行，并将他们的力量赐予那些能够证明自己的人。<br><br>每一张你获取或击败的卡牌都会为对应派系提供名望，推动你在「传奇轨道」上不断前进。随着名望的积累，你将解锁来自传奇角色的强力恩赐；当某一派系的名望达到顶峰，你将获得该派系的「传奇权柄」：每回合可免费获取或击败一张该派系卡牌。<br><br><b><align=center>包括 86 张全新卡牌。
E	Return to the world of Vigil as the Muses of Malevolence rise to bring ruin. Legendary Heroes from Ascension’s past have returned to guide you, granting their power to those who prove worthy.<br><br>Each card you acquire or defeat grants Renown with its factions, advancing you on the Legendary Track. As your Renown grows, unlock powerful Boons from Legendary Characters and, at the pinnacle of a faction’s track, gain Legendry status with the power to acquire or defeat one card from that faction for free each turn.<br><br><align=center>Includes 86 unique new cards.	重返祈夜世界——「恶意缪斯」已然觉醒，毁灭将至。《创升纪元》历史上的传奇英雄们纷纷归来，引领你前行，并将他们的力量赐予那些能够证明自己的人。<br><br>每一张你获取或击败的卡牌都会为对应派系提供名望，推动你在「传奇轨道」上不断前进。随着名望的积累，你将解锁来自传奇角色的强力恩赐；当某一派系的名望达到顶峰，你将获得该派系的「传奇权柄」：每回合可免费获取或击败一张该派系卡牌。<br><br><align=center>包括 86 张全新卡牌。
E	For millennia, the world of <b>Vigil</b> has been isolated and protected from other realms.  Now, the barrier between dimensions is failing, and <b>Samael, the Fallen God</b>, has returned with his army of Monsters from the beyond!\n\nYou are one of the few warriors capable of facing this threat and defending your world, but you cannot do it alone! You must summon powerful Heroes and Constructs to aid you in your battles.\n\nThe player who gains the most <b>Honor Points</b> will lead his army to defeat the <b>Fallen One</b> and earn the title of <b>Godslayer.	千百年来，<b>祈夜</b>世界一直与其他领域隔绝并受其庇护。如今，次元之间的屏障正在崩塌，<b>堕落之神萨麦尔</b>率领他的怪物大军从异界归来！
E	1. <indent=4%>Play cards from your hand to gain Runes, Power, and Honor.  Acquire Heroes and Constructs for future turns.  Defeat Monsters for Honor and rewards.\n\n</indent>\n\n2. <indent=4%>After you are done acquiring Heroes and Constructs and defeating Monsters, all cards in your hand are placed into your discard pile.\n\n</indent>\n\n3. <indent=4%>You are dealt five cards from your personal deck to replenish your hand.  If you run out of cards, your discard pile will automatically be shuffled and the cards will be moved to your personal deck.\n\n</indent>\n\n	1. <indent=4%>打出手牌以获得符文、战力与荣誉。获取英雄与神器用于后续回合。击败怪物获得荣誉与奖励。\n\n</indent>\n\n\n2. <indent=4%>当你完成获取英雄与神器、击败怪物等行动后，将手中剩余的所有卡牌放入弃牌堆。\n\n</indent>\n\n\n3. <indent=4%>从你的个人牌组中重新抓五张牌以补满手牌。如果牌组已空，弃牌堆会自动洗回牌组。\n\n</indent>\n\n\n
E	1. <indent=4%>Play cards from your hand to gain Runes, Power, and Honor.  Acquire Heroes and Constructs for future turns.  Defeat Monsters for Honor and rewards.\n\n</indent>\n\n2. <indent=4%>After you are done acquiring Heroes and Constructs and defeating Monsters, all cards in your hand are placed into your discard pile.\n\n</indent>\n\n3. <indent=4%>You are dealt five cards from your personal deck to replenish your hand.  If you run out of cards, your discard pile will automatically be shuffled and the cards will be moved to your personal deck.\n\n</indent>	1. <indent=4%>打出手牌以获得符文、战力与荣誉。获取英雄与神器用于后续回合。击败怪物获得荣誉与奖励。\n\n</indent>\n\n\n2. <indent=4%>当你完成获取英雄与神器、击败怪物等行动后，将手中剩余的所有卡牌放入弃牌堆。\n\n</indent>\n\n\n3. <indent=4%>从你的个人牌组中重新抓五张牌以补满手牌。如果牌组已空，弃牌堆会自动洗回牌组。\n\n</indent>\n\n\n
E	Return to the world of Vigil as the Muses of Malevolence rise to bring ruin. Legendary Heroes from Ascension’s past have returned to guide you, granting their power to those who prove worthy.Each card you acquire or defeat grants Renown with its factions, advancing you on the Legendary Track. As your Renown grows, unlock powerful Boons from Legendary Characters and, at the pinnacle of a faction’s track, gain Legendry status with the power to acquire or defeat one card from that faction for free each turn.<align=center>Includes 86 unique new cards.	重返祈夜世界——「恶意缪斯」已然觉醒，毁灭将至。《创升纪元》历史上的传奇英雄们纷纷归来，引领你前行，并将他们的力量赐予那些能够证明自己的人。<br><br>每一张你获取或击败的卡牌都会为对应派系提供名望，推动你在「传奇轨道」上不断前进。随着名望的积累，你将解锁来自传奇角色的强力恩赐；当某一派系的名望达到顶峰，你将获得该派系的「传奇权柄」：每回合可免费获取或击败一张该派系卡牌。<br><br><align=center>包括 86 张全新卡牌。
E	Return to the world of Vigil as the Muses of Malevolence rise to bring ruin. Legendary Heroes from Ascension’s past have returned to guide you, granting their power to those who prove worthy.Each card you acquire or defeat grants Renown with its factions, advancing you on the Legendary Track. As your Renown grows, unlock powerful Boons from Legendary Characters and, at the pinnacle of a faction’s track, gain Legendry status with the power to acquire or defeat one card from that faction for free each turn.<align=center>Includes 86 uniquenew cards.	重返祈夜世界——「恶意缪斯」已然觉醒，毁灭将至。《创升纪元》历史上的传奇英雄们纷纷归来，引领你前行，并将他们的力量赐予那些能够证明自己的人。<br><br>每一张你获取或击败的卡牌都会为对应派系提供名望，推动你在「传奇轨道」上不断前进。随着名望的积累，你将解锁来自传奇角色的强力恩赐；当某一派系的名望达到顶峰，你将获得该派系的「传奇权柄」：每回合可免费获取或击败一张该派系卡牌。<br><br><b><align=center>包括 86 张全新<br>卡牌。
E	\n<smallcaps><size=120%><b>Ascension: Deck Building Game</size></b></smallcaps>\n\n\n<smallcaps><color=#1C4E80C8>Lead Programmer\n</color></smallcaps>\nGary Weis\n\n\n\n<smallcaps><color=#1C4E80C8>Programmer</color>\n</smallcaps>\nMatthew Schock\n\n\n\n<smallcaps><color=#1C4E80C8>CCO/Art Director\n</color></smallcaps>\nJeff "Stecki" Garstecki\n\n\n\n<smallcaps><color=#1C4E80C8>Music and Sound Design</color>\n</smallcaps>\nAlexander Goodman\n\n\n\n<smallcaps><color=#1C4E80C8>QA Analysts\n</color></smallcaps>\n\nAlexander Goodman\n\n\nKyle Scarcia\n\nChase Balfour\n\n\n\n	\n<smallcaps><size=120%><b>创升纪元：牌组构筑游戏</b></size></smallcaps>\n\n<smallcaps><color=#1C4E80C8>主程序员\n</color></smallcaps>\nGary Weis\n\n<smallcaps><color=#1C4E80C8>程序员</color>\n</smallcaps>\nMatthew Schock\n\n<smallcaps><color=#1C4E80C8>首席创意官 / 美术总监\n</color></smallcaps>\nJeff "Stecki" Garstecki\n\n<smallcaps><color=#1C4E80C8>音乐与音效设
E	<smallcaps><size=120%><b>Ascension: Deck Building Game</size></b></smallcaps>\n\n\n<smallcaps><color=#1C4E80C8>Lead Programmer\n</color></smallcaps>\nGary Weis\n\n\n\n<smallcaps><color=#1C4E80C8>Programmer</color>\n</smallcaps>\nMatthew Schock\n\n\n\n<smallcaps><color=#1C4E80C8>CCO/Art Director\n</color></smallcaps>\nJeff "Stecki" Garstecki\n\n\n\n<smallcaps><color=#1C4E80C8>Music and Sound Design</color>\n</smallcaps>\nAlexander Goodman\n\n\n\n<smallcaps><color=#1C4E80C8>QA Analysts\n</color></smallcaps>\n\nAlexander Goodman\n\n\nKyle Scarcia\n\nChase Balfour	\n<smallcaps><size=120%><b>创升纪元：牌组构筑游戏</b></size></smallcaps>\n\n<smallcaps><color=#1C4E80C8>主程序员\n</color></smallcaps>\nGary Weis\n\n<smallcaps><color=#1C4E80C8>程序员</color>\n</smallcaps>\nMatthew Schock\n\n<smallcaps><color=#1C4E80C8>首席创意官 / 美术总监\n</color></smallcaps>\nJeff "Stecki" Garstecki\n\n<smallcaps><color=#1C4E80C8>音乐与音效设
E	<align=center><smallcaps>Promo Cards Included:</smallcaps><smallcaps>Monsters:</smallcaps>Puggageddon<smallcaps>Enlightened Faction:</smallcaps>Spire of the Wind<smallcaps>Lifebound Faction:</smallcaps>Seed of the World<smallcaps>Mechana Faction:</smallcaps>Chaotic Cannon<smallcaps>Void Faction:</smallcaps>The Aethermourne<align=center><smallcaps>Description:</smallcaps>Harness Spire of the Wind to turn discards into powerful draw, and Seed of the World to gain extra value from the Center Row—opening up new, powerful combo!	<br><size=28><align=center><smallcaps>包含的特典卡：</smallcaps></size><br><br><smallcaps><b>怪物：</b></smallcaps><br>灭世浩劫·帕格<br><br><smallcaps><b>圣贤派系：</b></smallcaps><br>风之尖塔<br><br><smallcaps><b>命约派系：</b></smallcaps><br>世界之种<br><br><smallcaps><b>机械派系：</b></smallcaps><br>混沌重炮<br><br>
E	For millennia, the world of Vigil has been isolated and protected from other realms. Now, the barrier between dimensions is failing, and Samael, the Fallen God, has returned with his army of Monsters from the beyond! You are one of the few warriors capable of facing this threat and defending your world, but you cannot do it alone! You must summon powerful Heroes and Constructs to aid you in your battles. The player who gains the most Honor Points will lead his army to defeat the Fallen One and earn the title of Godslayer.	千百年来，<b>祈夜</b>世界一直与其他领域隔绝并受其庇护。如今，次元之间的屏障正在崩塌，<b>堕落之神萨麦尔</b>率领他的怪物大军从异界归来！
E	This bundle has the two incredible stand alone sets from the third year of Ascension.<align=center><smallcaps>Unique new cards per set:</smallcaps>Rise of Vigil:47 cardsDarkness Unleashed:35 cards<align=center><smallcaps>Description:</smallcaps>Rise of Vigil and Darkness Unleashed provide unparalleled excitement with Energy Shards. These Shards are a new card type called Treasure, that you get by acquiring and defeating cards on top of them. These Shards will power up your cards and even permanently transform your cards.	本合集收录《创升纪元》第三年两款独立扩展。<br><br><size=28><align=center><smallcaps>各扩展全新卡牌数：</smallcaps></size><br><br><b>祈夜崛起：</b><br>47 张<br><br><b>黑暗释放：</b><br>35 张<br><br><br><size=28><align=center><smallcaps>简介：</smallcaps></size><br><br><b>祈夜崛起</b>与<b>黑暗释放</b>带来前所未有的刺激——全新卡牌类型「宝藏」：能量碎片。获取或击败叠在碎片上的卡牌即可得到碎片；碎片能强化甚至永久变形你的卡牌。<br><br>
E	\n<smallcaps><b>Ascension: Deck Building Game</b></smallcaps>\n\n\n<smallcaps><color=#1C4E80C8>Lead Programmer\n</color></smallcaps>\nGary Weis\n\n\n\n<smallcaps><color=#1C4E80C8>Programmer</color>\n</smallcaps>\nMatthew Schock\n\n\n\n<smallcaps><color=#1C4E80C8>CCO/Art Director\n</color></smallcaps>\nJeff "Stecki" Garstecki\n\n\n\n<smallcaps><color=#1C4E80C8>Music and Sound Design</color>\n</smallcaps>\nAlexander Goodman\n\n\n\n<smallcaps><color=#1C4E80C8>QA Analysts\n</color></smallcaps>\n\nAlexander Goodman\n\n\nKyle Scarcia\n\nChase Balfour\n\n\n\n	\n<smallcaps><size=120%><b>创升纪元：牌组构筑游戏</b></size></smallcaps>\n\n<smallcaps><color=#1C4E80C8>主程序员\n</color></smallcaps>\nGary Weis\n\n<smallcaps><color=#1C4E80C8>程序员</color>\n</smallcaps>\nMatthew Schock\n\n<smallcaps><color=#1C4E80C8>首席创意官 / 美术总监\n</color></smallcaps>\nJeff "Stecki" Garstecki\n\n<smallcaps><color=#1C4E80C8>音乐与音效设
E	<smallcaps><b>Ascension: Deck Building Game</b></smallcaps>\n\n\n<smallcaps><color=#1C4E80C8>Lead Programmer\n</color></smallcaps>\nGary Weis\n\n\n\n<smallcaps><color=#1C4E80C8>Programmer</color>\n</smallcaps>\nMatthew Schock\n\n\n\n<smallcaps><color=#1C4E80C8>CCO/Art Director\n</color></smallcaps>\nJeff "Stecki" Garstecki\n\n\n\n<smallcaps><color=#1C4E80C8>Music and Sound Design</color>\n</smallcaps>\nAlexander Goodman\n\n\n\n<smallcaps><color=#1C4E80C8>QA Analysts\n</color></smallcaps>\n\nAlexander Goodman\n\n\nKyle Scarcia\n\nChase Balfour	\n<smallcaps><size=120%><b>创升纪元：牌组构筑游戏</b></size></smallcaps>\n\n<smallcaps><color=#1C4E80C8>主程序员\n</color></smallcaps>\nGary Weis\n\n<smallcaps><color=#1C4E80C8>程序员</color>\n</smallcaps>\nMatthew Schock\n\n<smallcaps><color=#1C4E80C8>首席创意官 / 美术总监\n</color></smallcaps>\nJeff "Stecki" Garstecki\n\n<smallcaps><color=#1C4E80C8>音乐与音效设
E	<align=center><smallcaps>Promo Cards Included:</smallcaps><smallcaps>Monsters:</smallcaps>Puggageddon<smallcaps>Enlightened Faction:</smallcaps>Spire of the Wind<smallcaps>Lifebound Faction:</smallcaps>Seed of the World<smallcaps>Mechana Faction:</smallcaps>Chaotic Cannon<smallcaps>Void Faction:</smallcaps>The Aethermourne<align=center><smallcaps>Description:</smallcaps>Harness Spire of the Wind to turn discards into powerful draw, and Seed of the World to gain extra value from the Center Row	<br><size=28><align=center><smallcaps>包含的特典卡：</smallcaps></size><br><br><smallcaps><b>怪物：</b></smallcaps><br>巴哥末日<br><br><smallcaps><b>圣贤派系：</b></smallcaps><br>风之尖塔<br><br><smallcaps><b>命约派系：</b></smallcaps><br>世界之种<br><br><smallcaps><b>机械派系：</b></smallcaps><br>混沌重炮<br><br><smallcaps><b>虚空派系：</b></smallcaps><br>以太哀歌<br><br><size=28><align=center><smallcaps>简介：</smallcaps></size><br><br>运用「风之尖塔」把弃牌转化为强力抽牌，再以「世界之种」从中央牌列榨取额外收益——无数新奇的强力组合就此打开！\n<br><br>
E	1. Play cards from your hand to gain Runes, Power, and Honor. Acquire Heroes and Constructs for future turns. Defeat Monsters for Honor and rewards. 2. After you are done acquiring Heroes and Constructs and defeating Monsters, all cards in your hand are placed into your discard pile. 3. You are dealt five cards from your personal deck to replenish your hand. If you run out of cards, your discard pile will automatically be shuffled and the cards will be moved to your personal deck.	1. <indent=4%>打出手牌以获得符文、战力与荣誉。获取英雄与神器用于后续回合。击败怪物获得荣誉与奖励。\n\n</indent>\n\n\n2. <indent=4%>当你完成获取英雄与神器、击败怪物等行动后，将手中剩余的所有卡牌放入弃牌堆。\n\n</indent>\n\n\n3. <indent=4%>从你的个人牌组中重新抓五张牌以补满手牌。如果牌组已空，弃牌堆会自动洗回牌组。\n\n</indent>\n\n\n
E	<margin-right=16em>Event cards represent global effects that change the power structure of the world. When an Event flips from the Portal Deck, it is put into the Event Zone instead of the center row. The card is then replaced in the Center Row as normal.  There may be only one Event in the Event Zone at any given time. While an Event is there it is considered the current Event. Events alter the rules of the game, and the current Event’s game text applies to every player.\n\n	<margin-right=16em>事件卡代表足以改变世界力量格局的全球性效应。当事件卡从传送门牌堆翻出时，它被放入事件区而非直接进入中央牌列，原位置会按常规方式补一张新卡进入中央牌列。同一时间事件区内只能存在一个事件；当新事件触发时，它会替换旧事件，旧事件被放逐。任何替换、覆盖或移除事件的效果，都会在新事件进入事件区之前先移除当前事件。
E	<margin-right=16em>Event cards represent global effects that change the power structure of the world. When an Event flips from the Portal Deck, it is put into the Event Zone instead of the center row. The card is then replaced in the Center Row as normal.  There may be only one Event in the Event Zone at any given time. While an Event is there it is considered the current Event. Events alter the rules of the game, and the current Event’s game text applies to every player.	<margin-right=16em>事件卡代表足以改变世界力量格局的全球性效应。当事件卡从传送门牌堆翻出时，它被放入事件区而非直接进入中央牌列，原位置会按常规方式补一张新卡进入中央牌列。同一时间事件区内只能存在一个事件；当新事件触发时，它会替换旧事件，旧事件被放逐。任何替换、覆盖或移除事件的效果，都会在新事件进入事件区之前先移除当前事件。
E	<margin-right=16em>Event cards represent global effects that change the power structure of the world. When an Event flips from the Portal Deck, it is put into the Event Zone instead of the center row. The card is then replaced in the Center Row as normal. There may be only one Event in the Event Zone at any given time. While an Event is there it is considered the current Event. Events alter the rules of the game, and the current Event’s game text applies to every player.	<margin-right=16em>事件卡代表足以改变世界力量格局的全球性效应。当事件卡从传送门牌堆翻出时，它被放入事件区而非直接进入中央牌列，原位置会按常规方式补一张新卡进入中央牌列。同一时间事件区内只能存在一个事件；当新事件触发时，它会替换旧事件，旧事件被放逐。任何替换、覆盖或移除事件的效果，都会在新事件进入事件区之前先移除当前事件。
E	<margin-right=12em>The Fanatic is a new Always Available Monster in Storm of Souls. The Fanatic is a Trophy Monster with a variable reward based on the current Event called an Event Trophy. You may have no more than one Fanatic Trophy at any time. If you defeat a Fanatic while you already have a Trophy from one, you gain the Honor reward but do not get another Trophy.\n\nThe Fanatic is returned to the Always Available Zone when banished. It never goes to the Void.\n\n	<margin-right=12em>狂热者是《灵魂风暴》中的全新常驻怪物。它是战利品怪物，其「事件战利品」奖励随当前事件变化。你同时最多只能拥有一个狂热者战利品。若你已持有其战利品时再次击败狂热者，仍获得荣誉奖励，但不会
E	<margin-right=12em>The Fanatic is a new Always Available Monster in Storm of Souls. The Fanatic is a Trophy Monster with a variable reward based on the current Event called an Event Trophy. You may have no more than one Fanatic Trophy at any time. If you defeat a Fanatic while you already have a Trophy from one, you gain the Honor reward but do not get another Trophy.\n\nThe Fanatic is returned to the Always Available Zone when banished. It never goes to the Void.	<margin-right=12em>狂热者是《灵魂风暴》中的全新常驻怪物。它是战利品怪物，其「事件战利品」奖励随当前事件变化。你同时最多只能拥有一个狂热者战利品。若你已持有其战利品时再次击败狂热者，仍获得荣誉奖励，但不会
E	<margin-right=12em>The Fanatic is a new Always Available Monster in Storm of Souls. The Fanatic is a Trophy Monster with a variable reward based on the current Event called an Event Trophy. You may have no more than one Fanatic Trophy at any time. If you defeat a Fanatic while you already have a Trophy from one, you gain the Honor reward but do not get another Trophy. The Fanatic is returned to the Always Available Zone when banished. It never goes to the Void.	<margin-right=12em>狂热者是《灵魂风暴》中的全新常驻怪物。它是战利品怪物，其「事件战利品」奖励随当前事件变化。你同时最多只能拥有一个狂热者战利品。若你已持有其战利品时再次击败狂热者，仍获得荣誉奖励，但不会
E	Dark forces have taken over the Dreamscape. Team up with Pasythea, collect her legendary weapons, and return order to her world!<br><br>Use the Insight resources and Dreamborn cards to save the Dreamscape. Bind Monsters to your deck and use them in battle! Transform cards to incredible heroes and Constructs and acquire Pasythea! Pair Deliverance with Dreamscape and Delirium for an even more exciting game!<br><br><b><align=center>Includes 51 unique<br>new cards.	黑暗势力已占据梦境。与帕西希娅联手，收集她的传奇武器，重建秩序！<br><br>运用洞察资源与梦生卡牌拯救梦境。将怪物缚入你的牌组并投入战斗！把卡牌变形为强大的英雄与神器，并获取帕西希娅！将「救赎」与「梦境」「谵妄」组合游玩，体验更刺激的对局！<br><br><b><align=center>包括 51 张全新卡牌。
E	Dark forces have taken over the Dreamscape. Team up with Pasythea, collect her legendary weapons, and return order to her world!<br><br>Use the Insight resources and Dreamborn cards to save the Dreamscape. Bind Monsters to your deck and use them in battle! Transform cards to incredible heroes and Constructs and acquire Pasythea! Pair Deliverance with Dreamscape and Delirium for an even more exciting game!<br><br><b><align=center>Includes 51 unique new cards.	黑暗势力已占据梦境。与帕西希娅联手，收集她的传奇武器，重建秩序！<br><br>运用洞察资源与梦生卡牌拯救梦境。将怪物缚入你的牌组并投入战斗！把卡牌变形为强大的英雄与神器，并获取帕西希娅！将「救赎」与「梦境」「谵妄」组合游玩，体验更刺激的对局！<br><br><b><align=center>包括 51 张全新卡牌。
E	Dark forces have taken over the Dreamscape. Team up with Pasythea, collect her legendary weapons, and return order to her world!Use the Insight resources and Dreamborn cards to save the Dreamscape. Bind Monsters to your deck and use them in battle! Transform cards to incredible heroes and Constructs and acquire Pasythea! Pair Deliverance with Dreamscape and Delirium for an even more exciting game!<align=center>Includes 51 unique new cards.	黑暗势力已占据梦境。与帕西希娅联手，收集她的传奇武器，重建秩序！<br><br>运用洞察资源与梦生卡牌拯救梦境。将怪物缚入你的牌组并投入战斗！把卡牌变形为强大的英雄与神器，并获取帕西希娅！将「救赎」与「梦境」「谵妄」组合游玩，体验更刺激的对局！<br><br><b><align=center>包括 51 张全新卡牌。
E	Dark forces have taken over the Dreamscape. Team up with Pasythea, collect her legendary weapons, and return order to her world!Use the Insight resources and Dreamborn cards to save the Dreamscape. Bind Monsters to your deck and use them in battle! Transform cards to incredible heroes and Constructs and acquire Pasythea! Pair Deliverance with Dreamscape and Delirium for an even more exciting game!<align=center>Includes 51 uniquenew cards.	黑暗势力已占据梦境。与帕西希娅联手，收集她的传奇武器，重建秩序！<br><br>运用洞察资源与梦生卡牌拯救梦境。将怪物缚入你的牌组并投入战斗！把卡牌变形为强大的英雄与神器，并获取帕西希娅！将「救赎」与「梦境」「谵妄」组合游玩，体验更刺激的对局！<br><br><b><align=center>包括 51 张全新卡牌。
E	<margin-right=12em>Some Monsters in Storm of Souls have a new kind of reward called Trophy.  When you defeat a Trophy Monster, you gain the Honor portion of its reward immediately, and then instead of banishing the Monster it is placed into your Construct Tray.  At any time during your turn, you may banish a Trophy you control to gain the indicated effect. You can use a Trophy the turn you get it or save it for a future turn.\n\n	<margin-right=12em>《灵魂风暴》中的部分怪物新增了一种奖励类型，称为「战利品（Trophy）」。当你击败战利品怪物时，你立即先获取其中的荣誉部分；随后怪物不会被放逐，而是直接放入你的神器面板。在你回合的任意时刻，你可以把神器面板里的战利品卡放逐，以换取怪物卡右侧红色印刷的<color=#951719FF>战利品奖励</color>。
E	<margin-right=12em>Some Monsters in Storm of Souls have a new kind of reward called Trophy.  When you defeat a Trophy Monster, you gain the Honor portion of its reward immediately, and then instead of banishing the Monster it is placed into your Construct Tray.  At any time during your turn, you may banish a Trophy you control to gain the indicated effect. You can use a Trophy the turn you get it or save it for a future turn.	<margin-right=12em>《灵魂风暴》中的部分怪物新增了一种奖励类型，称为「战利品（Trophy）」。当你击败战利品怪物时，你立即先获取其中的荣誉部分；随后怪物不会被放逐，而是直接放入你的神器面板。在你回合的任意时刻，你可以把神器面板里的战利品卡放逐，以换取怪物卡右侧红色印刷的<color=#951719FF>战利品奖励</color>。
E	<margin-right=12em>Some Monsters in Storm of Souls have a new kind of reward called Trophy. When you defeat a Trophy Monster, you gain the Honor portion of its reward immediately, and then instead of banishing the Monster it is placed into your Construct Tray. At any time during your turn, you may banish a Trophy you control to gain the indicated effect. You can use a Trophy the turn you get it or save it for a future turn.	<margin-right=12em>《灵魂风暴》中的部分怪物新增了一种奖励类型，称为「战利品（Trophy）」。当你击败战利品怪物时，你立即先获取其中的荣誉部分；随后怪物不会被放逐，而是直接放入你的神器面板。在你回合的任意时刻，你可以把神器面板里的战利品卡放逐，以换取怪物卡右侧红色印刷的<color=#951719FF>战利品奖励</color>。
E	If you only have an Asmodee.net account that has been used to play Ascension in the past you will need to create a new Playdek account. If you wish to preserve your stats and in-game progress please use the same email from your Asmodee.net account for your new Playdek account. Online Friend's Lists will only be populated with Playdek accounts and Asmodee.net Friend’s Lists will no longer be available.	如果你之前只用 Asmodee.net 账号进行游戏，那么你需要创建一个全新的 Playdek 账号。若希望保留战绩与游戏内进度，请在注册新的 Playdek 账号时使用与 Asmodee.net 账号相同的邮箱。在线好友列表仅会显示 Playdek 平台账号，Asmodee.net 平台的好友列表将不再可用。
E	Vigil is overrun by the first winds of this coming storm of undeath. The call again rises for a hero to unite the realms against the many forces that seek to bury everything in despair. The cult must be put down. Samael's remnants must be destroyed before they encroach. The ghostly tide must be quelled, and the forces of all the worlds must form a coalition, before the reckoning arrives.	祈夜被这场亡灵风暴的第一波狂风所席卷。号召再次响起，呼唤一位英雄团结诸界，对抗所有企图将一切埋葬于绝望之中的势力。邪教必须被镇压。萨麦尔的残余势力必须在他们入侵之前被消灭。幽灵之潮必须被平息，所有世界的力量必须组成联盟，在清算到来之前。
E	The shadow of Deofol still looms over Vigil. Samael has fallen, but his actions have forever scarred the foundation of the realms. His surviving minions are scattered and hidden, plotting evil. Yet, even as the Vigil gathers itself against this remaining enemy, it is beset by a new darkness. Specters now haunt the people of the land, their arrival hinting at a greater threat.	德俄佛的阴影依旧笼罩着祈夜。萨麦尔虽已陨落，但他的所作所为在各域的根基上留下了永不磨灭的伤痕。他残存的爪牙四散藏匿，暗中谋划着邪恶的复兴。然而，就在祈夜重整旗鼓、清剿余孽之时，一股新的黑暗袭来——「邪神」从虚空中破界而出。于是「弑神编年史」后的新篇章就此开启，它名为：<b>灵魂风暴（Storm of Souls）</b>。
E	<smallcaps>Ascension: Deck Building Game</smallcaps> <smallcaps>Lead Programmer </smallcaps> Gary Weis <smallcaps>Programmer </smallcaps> Matthew Schock <smallcaps>CCO/Art Director </smallcaps> Jeff "Stecki" Garstecki <smallcaps>Music and Sound Design </smallcaps> Alexander Goodman <smallcaps>QA Analysts </smallcaps> Alexander Goodman Kyle Scarcia Chase Balfour	\n<smallcaps><size=120%><b>创升纪元：牌组构筑游戏</b></size></smallcaps>\n\n<smallcaps><color=#1C4E80C8>主程序员\n</color></smallcaps>\nGary Weis\n\n<smallcaps><color=#1C4E80C8>程序员</color>\n</smallcaps>\nMatthew Schock\n\n<smallcaps><color=#1C4E80C8>首席创意官 / 美术总监\n</color></smallcaps>\nJeff "Stecki" Garstecki\n\n<smallcaps><color=#1C4E80C8>音乐与音效设
E	Delirium brings players back into the Dreamscape, facing a twisted new reality.<br><br>Insight and Dreamborn cards are back, but with new powers to unlock with them.<br><br>Win Fate Auctions, Recur hero effects, and roll the amazing Delirium Die with your Insight to gain an edge against the other players!<br><br><b><align=center>Includes 49 unique new cards.	「谵妄」带你重返梦境，面对扭曲的新现实。<br><br>洞察与梦生卡牌再度登场，并解锁全新力量。<br><br>赢得天命竞拍、反复触发英雄效果，并用洞察投掷神奇的谵妄骰，抢占先机！<br><br><b><align=center>包括 49 张全新卡牌。
E	The children in the capital dream restlessly of an endless beast, outpouring from the clouds, large enough to cast a shadow over all the land. They describe a sky serpent that bellows in a million voices, an extinguisher of realms. Cultists and fanatics are again making sacrifice, foretelling that a reckoning will come. They call it the Storm of Souls.	首都的孩子们在不安的梦中梦见一只无尽的巨兽，从云层中涌出，巨大到足以在整个大地上投下阴影。他们描述了一条以百万之声咆哮的天之巨蛇，一个诸界的毁灭者。邪教徒与狂信者再次献祭，预言清算即将到来。他们称之为灵魂风暴。
E	Cards in each player's deck are also worth Honor points, indicated by the number in the Honor symbol (<sprite=64>) in the bottom left corner of each card.  When the game is over, all Honor points from Heroes and Constructs in your deck and hand are added to the Honor you gained during the game.  The player with the most total Honor is the winner!	玩家牌组中的卡牌同样提供荣誉点数，每张卡牌的数值标注在卡牌右下角。
E	My divinations relate a frightful tale- I have seen cosmic events of the darkest portent. There lately came to the yawning gate of death a divine spirit, wrathful and red, not to be mistaken for a mortal will. The Gatekeeper knelt and, with two hands, plucked it from the stream of souls, brushing stars from the pulsating force like so many burrs.	我的卜兆述说着一段可怖的故事——我目睹了充满黑暗征兆的宇宙异象。近日，在通往死亡的邃门之前，有一位赤红而怒的神魂，绝非凡人之魂所能混同。守门者屈膝跪下，双手将其从激流般的灵魂之河中一把拔出，拂去其上所沾的亡者残屑，以从未对任何生灵展现过的声音向它发话……
E	Cards in each player's deck are also worth Honor points, indicated by the number in the Honor symbol () in the bottom left corner of each card. When the game is over, all Honor points from Heroes and Constructs in your deck and hand are added to the Honor you gained during the game. The player with the most total Honor is the winner!	玩家牌组中的卡牌同样提供荣誉点数，每张卡牌的数值标注在卡牌右下角。
E	Delirium brings players back into the Dreamscape, facing a twisted new reality.Insight and Dreamborn cards are back, but with new powers to unlock with them.Win Fate Auctions, Recur hero effects, and roll the amazing Delirium Die with your Insight to gain an edge against the other players!<align=center>Includes 49 unique new cards.	「谵妄」带你重返梦境，面对扭曲的新现实。<br><br>洞察与梦生卡牌再度登场，并解锁全新力量。<br><br>赢得天命竞拍、反复触发英雄效果，并用洞察投掷神奇的谵妄骰，抢占先机！<br><br><b><align=center>包括 49 张全新卡牌。
E	<margin-right=12em>Some cards have effects when they enter the Center Row.  The effects of these cards occur immediately, including at the start of the game when the Center Row is first dealt.  These are called Fate Cards, and their effects are written in white text within a black textbox, labeled with the Fate keyword.\n\n	<margin-right=12em>\n部分卡牌在进入中央牌列时就会触发效果。它们的效果会立即结算——包括游戏开局中央牌列首次发牌时。这类卡牌称为「天命卡」（Fate Cards），其效果以白色文字写在黑色文本框中，并带有「天命（Fate）」字样。\n\n\n
E	<margin-right=12em>Some cards have effects when they enter the Center Row.  The effects of these cards occur immediately, including at the start of the game when the Center Row is first dealt.  These are called Fate Cards, and their effects are written in white text within a black textbox, labeled with the Fate keyword.	<margin-right=12em>\n部分卡牌在进入中央牌列时就会触发效果。它们的效果会立即结算——包括游戏开局中央牌列首次发牌时。这类卡牌称为「天命卡」（Fate Cards），其效果以白色文字写在黑色文本框中，并带有「天命（Fate）」字样。\n\n\n
E	This Hero counts as all factions.<br>Gain ${ICON_RUNE1}, ${ICON_POWER1} and ${ICON_HONOR1}. Draw a card.<br>${LABEL_MULTIUNITE} Gain ${ICON_RUNE1} for each Mechana Hero, ${ICON_POWER1} for each Void Hero, ${ICON_HONOR1} for each Lifebound Hero, and draw a card for each Enlightened Hero you play or have played this turn.	此英雄视为作为所有派系.<br>获得${ICON_RUNE1}, ${ICON_POWER1} 和 ${ICON_HONOR1}. 抽一张牌.<br>${LABEL_MULTIUNITE} 获得${ICON_RUNE1} 以每个机械英雄, ${ICON_POWER1} 以每个虚空英雄, ${ICON_HONOR1} 以每个命约英雄, 和抽一张牌以 每个圣贤英雄你 打出或 拥有打出过本回合.
E	<margin-right=12em>Some cards have effects when they enter the Center Row. The effects of these cards occur immediately, including at the start of the game when the Center Row is first dealt. These are called Fate Cards, and their effects are written in white text within a black textbox, labeled with the Fate keyword.	<margin-right=12em>\n部分卡牌在进入中央牌列时就会触发效果。它们的效果会立即结算——包括游戏开局中央牌列首次发牌时。这类卡牌称为「天命卡」（Fate Cards），其效果以白色文字写在黑色文本框中，并带有「天命（Fate）」字样。\n\n\n
E	This Hero counts as all factions.Gain ${ICON_RUNE1}, ${ICON_POWER1} and ${ICON_HONOR1}. Draw a card.${LABEL_MULTIUNITE} Gain ${ICON_RUNE1} for each Mechana Hero, ${ICON_POWER1} for each Void Hero, ${ICON_HONOR1} for each Lifebound Hero, and draw a card for each Enlightened Hero you play or have played this turn.	此英雄视为作为所有派系.<br>获得${ICON_RUNE1}, ${ICON_POWER1} 和 ${ICON_HONOR1}. 抽一张牌.<br>${LABEL_MULTIUNITE} 获得${ICON_RUNE1} 以每个机械英雄, ${ICON_POWER1} 以每个虚空英雄, ${ICON_HONOR1} 以每个命约英雄, 和抽一张牌以 每个圣贤英雄你 打出或 拥有打出过本回合.
E	Destroy is a new game term introduced in Storm of Souls. Destroy means to put into your discard pile from play and generally refers to Constructs.  Any effect from a previous Ascension set which put a Construct into the discard pile from play is  now considered to destroy that Construct. \n\n\n	「销毁（Destroy）」是《灵魂风暴》引入的新术语。销毁指「从场上置入你的弃牌堆」，一般针对神器而言。此前《创升纪元》其它扩展中所有「把神器从场上放入弃牌堆」的效果，现在统一视为销毁该神器。\n
E	This is a tutorial text block. This is a tutorial text block. This is a tutorial text block. This is a tutorial text block. This is a tutorial text block. This is a tutorial text block. This is a tutorial text block.\nThis is a tutorial text block. This is a tutorial text block. <sprite=32>	这是一段教学示例文本。这是一段教学示例文本。这是一段教学示例文本。这是一段教学示例文本。这是一段教学示例文本。这是一段教学示例文本。这是一段教学示例文本。\n这是一段教学示例文本。这是一段教学示例文本。 <sprite=32>
E	Unbanishable.<br>${LABEL_REWARD} Gain ${ICON_HONOR8}.  Place this face up in front of you.  For the rest of the game, when you defeat a Monster in the center row or the Void, you may acquire it.  Monsters in your deck are considered Heroes. When you play them, you gain their ${ICON_POWER}.	不可放逐。
E	A Playdek account is now required to connect and play Ascension online. An Asmodee.net account will no longer work for Ascension online play. Your Playdek password might be different from your Asmodee.net password. Please use the Forgot Login button to reset your Playdek account password.	现在需要 Playdek 账号才能连接并游玩《创升纪元》在线对局。Asmodee.net 账号已不再适用。你的 Playdek 密码可能与 Asmodee.net 密码不同。请使用「忘记登录信息」按钮重置 Playdek 账号密码。
E	The visitors from Arha say that the afterlife itself is in turmoil. Gatekeeper Kythis, who since Time's Dawn had admitted the damned to their final resting place, stands watch no more. Now, a restless and tormented mass of wills churns beneath all existence, welling up between the worlds.	来自阿尔哈的访客说，冥府本身正陷入动荡。自时间破晓以来一直将死者送往最终归宿的守门者凯提斯，已不再值守。如今，一团不安而饱受折磨的意志之潮在所有存在之下翻涌，在诸界之间沸腾。
E	Destroy is a new game term introduced in Storm of Souls. Destroy means to put into your discard pile from play and generally refers to Constructs.  Any effect from a previous Ascension set which put a Construct into the discard pile from play is  now considered to destroy that Construct.	「销毁（Destroy）」是《灵魂风暴》引入的新术语。销毁指「从场上置入你的弃牌堆」，一般针对神器而言。此前《创升纪元》其它扩展中所有「把神器从场上放入弃牌堆」的效果，现在统一视为销毁该神器。\n
E	Destroy is a new game term introduced in Storm of Souls. Destroy means to put into your discard pile from play and generally refers to Constructs. Any effect from a previous Ascension set which put a Construct into the discard pile from play is now considered to destroy that Construct.	「销毁（Destroy）」是《灵魂风暴》引入的新术语。销毁指「从场上置入你的弃牌堆」，一般针对神器而言。此前《创升纪元》其它扩展中所有「把神器从场上放入弃牌堆」的效果，现在统一视为销毁该神器。\n
E	Unbanishable.${LABEL_REWARD} Gain ${ICON_HONOR8}. Place this face up in front of you. For the rest of the game, when you defeat a Monster in the center row or the Void, you may acquire it. Monsters in your deck are considered Heroes. When you play them, you gain their ${ICON_POWER}.	不可放逐。
E	Reveal and banish the top card of the Center Deck. If its faction is:<br><b>Enlightened:</b> Draw two cards.<br><b>Lifebound:</b> Gain ${ICON_HONOR3}.<br><b>Mechana:</b> Gain ${ICON_RUNE2}.<br><b>Void:</b> Gain ${ICON_POWER2}.<br><b>No Faction:</b> Choose one of the effects above.	展示和 放逐顶部卡牌的 传送门牌库. 若其 派系为:<br><b>圣贤:</b> 抽两张牌.<br><b>生命:</b> 获得${ICON_HONOR3}.<br><b>机械:</b> 获得${ICON_RUNE2}.<br><b>虚空:</b> 获得${ICON_POWER2}.<br><b>无派系：</b> 选择一 的效果上方.
E	<margin-right=8em>\nYou need Runes to acquire Heroes and Constructs.  Runes come from Heroes played from your hand or from Constructs you have in play.  You may acquire any number of cards as long as you have enough Runes.  Cards that are eligible to be acquired will glow green.\n\n	<margin-right=8em>\n获取英雄与神器需要用到符文。符文的来源是你从手牌中打出的英雄，或是场上已经部署的神器。只要符文充足，你可以获取任意多张卡牌。符合获取条件的卡牌会发出绿色亮光。\n\n\n
E	<margin-right=8em>\nYou need Runes to acquire Heroes and Constructs.  Runes come from Heroes played from your hand or from Constructs you have in play.  You may acquire any number of cards as long as you have enough Runes.  Cards that are eligible to be acquired will glow green.	<margin-right=8em>\n获取英雄与神器需要用到符文。符文的来源是你从手牌中打出的英雄，或是场上已经部署的神器。只要符文充足，你可以获取任意多张卡牌。符合获取条件的卡牌会发出绿色亮光。\n\n\n
E	This is a tutorial text block. This is a tutorial text block. This is a tutorial text block. This is a tutorial text block. This is a tutorial text block. This is a tutorial text block. This is a tutorial text block. This is a tutorial text block. This is a tutorial text block.	这是一段教学示例文本。这是一段教学示例文本。这是一段教学示例文本。这是一段教学示例文本。这是一段教学示例文本。这是一段教学示例文本。这是一段教学示例文本。\n这是一段教学示例文本。这是一段教学示例文本。 <sprite=32>
E	<margin-right=8em> You need Runes to acquire Heroes and Constructs. Runes come from Heroes played from your hand or from Constructs you have in play. You may acquire any number of cards as long as you have enough Runes. Cards that are eligible to be acquired will glow green.	<margin-right=8em>\n获取英雄与神器需要用到符文。符文的来源是你从手牌中打出的英雄，或是场上已经部署的神器。只要符文充足，你可以获取任意多张卡牌。符合获取条件的卡牌会发出绿色亮光。\n\n\n
E	Now, the flames of war again decorate the horizon. Terror grips the frontier, so recently resettled, only to be submerged anew in the blood of mortals. With the Gatekeeper gone, the souls torn from the bodies of Vigil's defenders will know no respite unless all is set right.	如今，战火再度装点地平线。恐惧笼罩着边境，这片土地刚刚重归安定，却又将被凡人的鲜血淹没。随着守门者的离去，祈夜守卫者们身上被撕裂的灵魂将永无安宁之日，除非一切回归正轨。
E	Where is the Gatekeeper? It was Samael that freed Kythis of his duty. Now he is missing, a rebel godling hidden even from his creators, and not eager to return to his eternal task. In the skies, the constellations twist and turn, protesting his absence.	守门者何在？是萨麦尔将凯提斯从他的职责中解放。如今他失踪了，一位叛逆的小神魂，甚至藏匿于他的创造者都找不到的地方，且不愿回到他永恒的岗位。天空中，群星星座扭曲旋转，抗议他的缺席。
E	${LABEL_REWARD} Gain ${ICON_HONOR5}. Put a Monster from the void into a player's discard pile.<br>${LABEL_INFEST} When you defeat Eek Tribe Gremlin, you may put it into a player's discard pile.<br><i>(Monsters have no effect when played from hand.)</i>	${LABEL_REWARD} 获得${ICON_HONOR5}. 放置怪物从 虚空区置入玩家之弃牌堆.<br>${LABEL_INFEST} 当你 击败伊克部落小妖, 你可以将它放置置入玩家之弃牌堆.<br><i>(怪物拥有没有效果当 打出过从 手牌.)</i>
E	Once per turn, if there is no Monster under this, you may put a Monster from the center row under it. You may defeat Monsters under this as though they were in the center row. If this leaves play, put any monster under this on top of the center deck.	每回合一次，若此牌下没有怪物，你可以将中央牌列的一个怪物置于其下。 你可以击败怪物其下此 视为在中央牌列. 若此 离开打出, 放置任意怪物其下此 在顶部的 传送门牌库.
E	Pasythea, The Redeemer is a unique card to the Deliverance expansion set.<br> Any player may pay her <sprite=112> cost during their turn to acquire her straight into their hand.<br>Pasythea, The Redeemer does not count as a card in the center row.	救赎者帕西希娅是「救赎」扩展的独特卡牌。<br>任意玩家可在自己的回合支付其 <sprite=112> 费用，直接将其获取到手牌中。<br>救赎者帕西希娅不计入中央牌列的卡牌数量。
E	Chosen long ago by Logos to wield the Arhan god’s sight and wisdom, Dhartha has used it to aid the realms for generations. Small in stature, he proves that real power doesn’t come from standing over others, but by others kneeling before you.	许久之前，逻各斯便授予达萨使用亚哈众神的眼界与智慧，而达萨藉此济世代代相传。身形虽矮，他却印证了一个道理：真正的力量，从不来自凌驾于人，而来自人们甘愿为你俯首。
E	${LABEL_REWARD} Gain ${ICON_HONOR2} and draw two cards.<br>${LABEL_DREAMBIND} ${ICON_INSIGHT4}. (<i>When you defeat this, you may pay its Dreambind cost. If you do, put this in your discard pile. When you play this, gain its Reward.</i>)	${LABEL_REWARD} 获得${ICON_HONOR2} 和抽两张牌.<br>${LABEL_DREAMBIND} ${ICON_INSIGHT4}. (<i>当你 击败此, 你可以支付其 梦缚费用. 若你如此做，放置此 在你的弃牌堆. 当你 打出此, 获得其奖励.</i>)
E	${LABEL_REWARD} Gain ${ICON_HONOR5}. Put a Monster from the void into a player's discard pile.${LABEL_INFEST} When you defeat Eek Tribe Gremlin, you may put it into a player's discard pile.(Monsters have no effect when played from hand.)	${LABEL_REWARD} 获得${ICON_HONOR5}. 放置怪物从 虚空区置入玩家之弃牌堆.<br>${LABEL_INFEST} 当你 击败伊克部落小妖, 你可以将它放置置入玩家之弃牌堆.<br><i>(怪物拥有没有效果当 打出过从 手牌.)</i>
E	* New dual-cost Heroes and Constructs require players to use both resources to acquire them, but have incredible power!\n*As the balance between Light and Dark shifts, cards gain additional powers depending on whether it is Night or Day.	* 全新「双费用」英雄与神器需要同时花费两种资源才能获取，但效果极为强大！\n* 随着光暗天平的倾斜，卡牌会依「昼」或「夜」获得额外能力。
E	* New dual-cost Heroes and Constructs require players to use both resources to acquire them, but have incredible power! *As the balance between Light and Dark shifts, cards gain additional powers depending on whether it is Night or Day.	* 全新「双费用」英雄与神器需要同时花费两种资源才能获取，但效果极为强大！\n* 随着光暗天平的倾斜，卡牌会依「昼」或「夜」获得额外能力。
E	Many are enthralled by Nyx's dark whispers, but Sadranis is one of the few who have learned to utter them on their own.  What outsiders mistake for insanity, the wise will tell you is simply an unwavering focus on a much larger scheme.	无数人为尼克斯的黑暗低语所奴役，但萨德拉尼斯是少数学会仅凭自己便能念出那些话语的人。外人把他的举止当作疯狂，而智者则会告诉你：他不过是心无旁骛地瞄准了一盘更大的棋局。
E	Many are enthralled by Nyx's dark whispers, but Sadranis is one of the few who have learned to utter them on their own. What outsiders mistake for insanity, the wise will tell you is simply an unwavering focus on a much larger scheme.	无数人为尼克斯的黑暗低语所奴役，但萨德拉尼斯是少数学会仅凭自己便能念出那些话语的人。外人把他的举止当作疯狂，而智者则会告诉你：他不过是心无旁骛地瞄准了一盘更大的棋局。
E	Since the early days of Hedron, the Ferromancers have been charged with igniting the spark of life within their creations.  Kor taught the order that there was more than just life in the machines, there was also courage and purpose.	自棱堡（Hedron）创立之初，铁术士（Ferromancers）便担负着为造物注入生命火花的使命。科尔教导这一教团：机械之中所蕴藏的不只是生命，更是勇气，亦是使命。
E	For millennia, the world of <b>Vigil</b> has been isolated and protected from other realms.  Now, the barrier between dimensions is failing, and <b>Samael, the Fallen God</b>, has returned with his army of Monsters from the beyond!	千百年来，<b>祈夜</b>世界一直与其他领域隔绝并受其庇护。如今，次元之间的屏障正在崩塌，<b>堕落之神萨麦尔</b>率领他的怪物大军从异界归来！
E	Since the early days of Hedron, the Ferromancers have been charged with igniting the spark of life within their creations. Kor taught the order that there was more than just life in the machines, there was also courage and purpose.	自棱堡（Hedron）创立之初，铁术士（Ferromancers）便担负着为造物注入生命火花的使命。科尔教导这一教团：机械之中所蕴藏的不只是生命，更是勇气，亦是使命。
E	${LABEL_REWARD} Gain ${ICON_HONOR2} and draw two cards.${LABEL_DREAMBIND} ${ICON_INSIGHT4}. (When you defeat this, you may pay its Dreambind cost. If you do, put this in your discard pile. When you play this, gain its Reward.)	${LABEL_REWARD} 获得${ICON_HONOR2} 和抽两张牌.<br>${LABEL_DREAMBIND} ${ICON_INSIGHT4}. (<i>当你 击败此, 你可以支付其 梦缚费用. 若你如此做，放置此 在你的弃牌堆. 当你 打出此, 获得其奖励.</i>)
E	Acquire a Construct or gain ${ICON_RUNE3}.<br>When you play a Mechana Construct, you may return this from your discard pile to your hand. <i>(Card played this turn do not go to your discard pile until the end of the turn.)</i>	获取一个神器或 获得${ICON_RUNE3}.<br>当你 打出机械神器, 你可以将此牌返回从 你的弃牌堆以 你的手牌. <i>(卡牌打出过本回合不 进入以 你的弃牌堆直到结束时回合.)</i>
E	Pasythea, The Redeemer is a unique card to the Deliverance expansion set. Any player may pay her cost during their turn to acquire her straight into their hand.Pasythea, The Redeemer does not count as a card in the center row.	救赎者帕西希娅是「救赎」扩展的独特卡牌。<br>任意玩家可在自己的回合支付其 <sprite=112> 费用，直接将其获取到手牌中。<br>救赎者帕西希娅不计入中央牌列的卡牌数量。
E	Reveal and banish the top card of the Center Deck. If its faction is:Enlightened: Draw two cards.Lifebound: Gain ${ICON_HONOR3}.Mechana: Gain ${ICON_RUNE2}.Void: Gain ${ICON_POWER2}.No Faction: Choose one of the effects above.	展示和 放逐顶部卡牌的 传送门牌库. 若其 派系为:<br><b>圣贤:</b> 抽两张牌.<br><b>生命:</b> 获得${ICON_HONOR3}.<br><b>机械:</b> 获得${ICON_RUNE2}.<br><b>虚空:</b> 获得${ICON_POWER2}.<br><b>无派系：</b> 选择一 的效果上方.
E	It was Nairi who raised the Stone Circle, teaching the druids to commune with Cetre and her starchildren.  They look to her example as she moves through the forest, bringing peace to the harsh wilds.  A calm within the storm.	奈莉一手竖起了石柱阵，教导德鲁伊们如何与赛特尔及她的星眷沟通。当她穿行林间，为严酷的荒野带来和平之时，万物皆以她为表率。她正是风暴之中那一抹宁静。
E	Empower <i>(When you acquire this, you may banish a card you have played this turn.)</i><br>Defeat a Monster without paying its cost. If that Monster would go to the Void, you may put it into a player's discard pile instead.	赋力 <i>(当你 获取此, 你可以放逐一张卡牌你 拥有打出过本回合.)</i><br>击败一个怪物无需支付费用. 若该 怪物会 进入以 虚空区, 你可以将它放置置入玩家之弃牌堆改为.
E	Gain ${ICON_RUNE1}. Once this turn, when you acquire a Construct, put it directly into play.<br>You may pay ${ICON_INSIGHT1} to <b>Recur</b>. <i>(Gain the effect listed above an additional time. You may only Recur once.)</i>	获得${ICON_RUNE1}. 一次本回合, 当你 获取神器, 将其直接进入战场.<br>你可以支付 ${ICON_INSIGHT1} 以 <b>再次发生</b>. <i>(获得效果列出的上方额外的次. 你可以只再次发生一次.)</i>
E	Banish a Hero in your hand. If you do, acquire a Hero with ${ICON_HONOR} up to two more than that of the banished card and put it into your hand. <i>(Cards with no Honor value are considered to be worth ${ICON_HONOR0}.)</i>	放逐一个英雄在你的手牌中. 若你如此做，获取一个英雄以 ${ICON_HONOR} 至多两 超过该 的被放逐卡牌和 将它放置置入你的手牌. <i>(卡牌以 没有荣誉值 为视为以 是价值为 ${ICON_HONOR0}.)</i>
E	It was Nairi who raised the Stone Circle, teaching the druids to commune with Cetre and her starchildren. They look to her example as she moves through the forest, bringing peace to the harsh wilds. A calm within the storm.	奈莉一手竖起了石柱阵，教导德鲁伊们如何与赛特尔及她的星眷沟通。当她穿行林间，为严酷的荒野带来和平之时，万物皆以她为表率。她正是风暴之中那一抹宁静。
E	${LABEL_REWARD} Gain ${ICON_HONOR1}.<br>${LABEL_INFEST} When you defeat Nom Tribe Gremlin, you may put it into a player's discard pile.<br>When you play Nom Tribe Gremlin, you may put it into another player's discard pile.	${LABEL_REWARD} 获得${ICON_HONOR1}.<br>${LABEL_INFEST} 当你 击败诺姆部落小妖, 你可以将它放置置入玩家之弃牌堆.<br>当你 打出诺姆部落小妖, 你可以将它放置置入另一玩家之弃牌堆.
E	Banish a Hero in your hand. If you do, acquire a Hero with ${ICON_HONOR} up to two more than that of the banished card and put it into your hand. (Cards with no Honor value are considered to be worth ${ICON_HONOR0}.)	放逐一个英雄在你的手牌中. 若你如此做，获取一个英雄以 ${ICON_HONOR} 至多两 超过该 的被放逐卡牌和 将它放置置入你的手牌. <i>(卡牌以 没有荣誉值 为视为以 是价值为 ${ICON_HONOR0}.)</i>
E	For millennia, the world of Vigil has been isolated and protected from other realms. Now, the barrier between dimensions is failing, and Samael, the Fallen God, has returned with his army of Monsters from the beyond!	千百年来，<b>祈夜</b>世界一直与其他领域隔绝并受其庇护。如今，次元之间的屏障正在崩塌，<b>堕落之神萨麦尔</b>率领他的怪物大军从异界归来！
E	Gain ${ICON_RUNE1} and ${ICON_HONOR1}. Draw a card.<br>${LABEL_UNITE} Gain ${ICON_RUNE1} and ${ICON_HONOR1}. Draw a card.<br><i>(Gain this effect once if you play or have played another Lifebound Hero this turn.)</i>	获得${ICON_RUNE1} 和 ${ICON_HONOR1}. 抽一张牌.<br>${LABEL_UNITE} 获得${ICON_RUNE1} 和 ${ICON_HONOR1}. 抽一张牌.<br><i>(获得此效果一次若 你打出或 拥有打出过另一命约英雄本回合.)</i>
E	The game ends when a certain amount of Honor has been earned, depending on the number of players.\n\t\n\n\n<align=center>\n2 Players = <sprite=77> Honor     3 Players = <sprite=78> Honor     4 Players = <sprite=79> Honor\n\n	当荣誉池耗尽一定数量时游戏结束，具体数值取决于玩家人数。\n\n\t\n\n<align=center>2 人局 = <sprite=77> 荣誉   3 人局 = <sprite=78> 荣誉   4 人局 = <sprite=79> 荣誉<br></align><br>当最后一点荣誉被拿走时，当前回合结束（即，后手玩家打完最后一回合后）才结束游戏。因此，每位玩家的回合数相同；即使荣誉池已耗尽，玩家在自己的回合仍可继续获取荣誉。<br><br>\n\n每位玩家牌组中的卡牌也会提供荣誉点数，显示在卡牌左下角的荣誉图标(<sprite=64>)里。游戏结束时，牌组与手牌中所有英雄及神器的荣誉点数全部计入总分；总分最高者获胜！<br><br>如多名玩家总分相同，后手玩家胜（即：先手玩家在所有平分中告负，第二位输给第三/四位，依此类推）。<br><br>
E	Acquire a Construct or gain ${ICON_RUNE3}.When you play a Mechana Construct, you may return this from your discard pile to your hand. (Card played this turn do not go to your discard pile until the end of the turn.)	获取一个神器或 获得${ICON_RUNE3}.<br>当你 打出机械神器, 你可以将此牌返回从 你的弃牌堆以 你的手牌. <i>(卡牌打出过本回合不 进入以 你的弃牌堆直到结束时回合.)</i>
E	${LABEL_REWARD} Gain ${ICON_HONOR1}.${LABEL_INFEST} When you defeat Nom Tribe Gremlin, you may put it into a player's discard pile.When you play Nom Tribe Gremlin, you may put it into another player's discard pile.	${LABEL_REWARD} 获得${ICON_HONOR1}.<br>${LABEL_INFEST} 当你 击败诺姆部落小妖, 你可以将它放置置入玩家之弃牌堆.<br>当你 打出诺姆部落小妖, 你可以将它放置置入另一玩家之弃牌堆.
E	The game ends when a certain amount of Honor has been earned, depending on the number of players.\n\t\n\n\n<align=center>\n2 Players = <sprite=77> Honor     3 Players = <sprite=78> Honor     4 Players = <sprite=79> Honor	当荣誉池耗尽一定数量时游戏结束，具体数值取决于玩家人数。\n\n\t\n\n<align=center>2 人局 = <sprite=77> 荣誉   3 人局 = <sprite=78> 荣誉   4 人局 = <sprite=79> 荣誉<br></align><br>当最后一点荣誉被拿走时，当前回合结束（即，后手玩家打完最后一回合后）才结束游戏。因此，每位玩家的回合数相同；即使荣誉池已耗尽，玩家在自己的回合仍可继续获取荣誉。<br><br>\n\n每位玩家牌组中的卡牌也会提供荣誉点数，显示在卡牌左下角的荣誉图标(<sprite=64>)里。游戏结束时，牌组与手牌中所有英雄及神器的荣誉点数全部计入总分；总分最高者获胜！<br><br>如多名玩家总分相同，后手玩家胜（即：先手玩家在所有平分中告负，第二位输给第三/四位，依此类推）。<br><br>
E	Empower (When you acquire this, you may banish a card you have played this turn.)Defeat a Monster without paying its cost. If that Monster would go to the Void, you may put it into a player's discard pile instead.	赋力 <i>(当你 获取此, 你可以放逐一张卡牌你 拥有打出过本回合.)</i><br>击败一个怪物无需支付费用. 若该 怪物会 进入以 虚空区, 你可以将它放置置入玩家之弃牌堆改为.
E	If you have played three or more Lifebound Heroes this turn, you may acquire this without paying its cost.<br>Gain ${ICON_HONOR10}.<br>${LABEL_ONGOING} You are considered to have played a Lifebound Hero each turn.	若你打出过三 或更高命约英雄本回合, 你可以获取此 无需支付费用.<br>获得${ICON_HONOR10}.<br>${LABEL_ONGOING} 你为 视为以 拥有打出过命约英雄每回合.
E	If you have played two Enlightened Heroes with the same name this turn, you may acquire this without paying its cost.<br>${LABEL_ONGOING} Once per turn, you may copy the effect of a Hero you have played this turn.	若你打出过两 圣贤英雄以 同名本回合, 你可以获取此 无需支付费用.<br>${LABEL_ONGOING} 每回合一次，你可以复制效果的 英雄你 拥有打出过本回合.
E	3. <indent=4%>You are dealt five cards from your personal deck to replenish your hand.  If you run out of cards, your discard pile will automatically be shuffled and the cards will be moved to your personal deck.	3. 从个人牌堆抽五张牌补充手牌。若牌堆抽空，则洗弃牌堆形成新牌堆后继续抽牌。
E	Acquire a Hero or Construct with cost ${ICON_RUNE5} or less without paying its cost.<br>${LABEL_SERENITY} Put the acquired card in your hand. <i>(Gain this effect if there are no cards in your discard pile.)</i>	获取一个英雄或 神器以 费用 ${ICON_RUNE5} 或更低无需支付费用.<br>${LABEL_SERENITY} 放置所获取的卡牌在你的手牌中. <i>(获得此效果若 那里为 没有卡牌在你的弃牌堆.)</i>
E	Gain ${ICON_RUNE2}.<br>When you play a Mechana Construct, you may return this from your discard pile to your hand. <i>(Cards played during your turn do not go to your discard pile until the end of the turn.)</i>	获得${ICON_RUNE2}.<br>当你 打出机械神器, 你可以将此牌返回从 你的弃牌堆以 你的手牌. <i>(卡牌打出过在期间你的回合不 进入以 你的弃牌堆直到结束时回合.)</i>
E	If you have played two Enlightened Heroes with the same name this turn, you may acquire this without paying its cost.${LABEL_ONGOING} Once per turn, you may copy the effect of a Hero you have played this turn.	若你打出过两 圣贤英雄以 同名本回合, 你可以获取此 无需支付费用.<br>${LABEL_ONGOING} 每回合一次，你可以复制效果的 英雄你 拥有打出过本回合.
E	While this is in your hand, if you have played a Hero of every faction this turn, transform this into Vir, Ephemeral Guru.<br>Acquire a Hero in the center row without paying its cost and put it in your hand.	当此 为在你的手牌中, 若你 拥有打出过英雄的 每个派系本回合, 将此牌转化为维尔, 昙花古鲁.<br>获取一个英雄在中央牌列无需支付费用和 将它放置在你的手牌中.
E	Gain ${ICON_RUNE1}. Once this turn, when you acquire a Construct, put it directly into play.You may pay ${ICON_INSIGHT1} to Recur. (Gain the effect listed above an additional time. You may only Recur once.)	获得${ICON_RUNE1}. 一次本回合, 当你 获取神器, 将其直接进入战场.<br>你可以支付 ${ICON_INSIGHT1} 以 <b>再次发生</b>. <i>(获得效果列出的上方额外的次. 你可以只再次发生一次.)</i>
E	If you have played three or more Lifebound Heroes this turn, you may acquire this without paying its cost.Gain ${ICON_HONOR10}.${LABEL_ONGOING} You are considered to have played a Lifebound Hero each turn.	若你打出过三 或更高命约英雄本回合, 你可以获取此 无需支付费用.<br>获得${ICON_HONOR10}.<br>${LABEL_ONGOING} 你为 视为以 拥有打出过命约英雄每回合.
E	Empower <i>(When you acquire this, you may banish a card you have played this turn.)</i><br>When you acquire Brother Laias, put it into your hand if you have played a Mystic this turn.<br>Draw two cards.	赋力 <i>(当你 获取此, 你可以放逐一张卡牌你 拥有打出过本回合.)</i><br>当你 获取修士莱亚斯, 将它放置置入你的手牌若 你拥有打出过秘教士本回合.<br>抽两张牌.
E	While this is in your hand, if you have played a Hero of every faction this turn, transform this into Vir, Ephemeral Guru.Acquire a Hero in the center row without paying its cost and put it in your hand.	当此 为在你的手牌中, 若你 拥有打出过英雄的 每个派系本回合, 将此牌转化为维尔, 昙花古鲁.<br>获取一个英雄在中央牌列无需支付费用和 将它放置在你的手牌中.
E	Acquire a Hero without paying its cost and put it on top of your deck.<br>You may pay ${ICON_INSIGHT3} to <b>Recur</b>. <i>(Gain the effect listed above an additional time. You may only Recur once.)</i>	获取一个英雄无需支付费用和 将它放置放到你的牌库顶.<br>你可以支付 ${ICON_INSIGHT3} 以 <b>再次发生</b>. <i>(获得效果列出的上方额外的次. 你可以只再次发生一次.)</i>
E	Empower <i>(When you acquire this, you may banish a card you have played this turn.)</i><br>Gain ${ICON_RUNE2}. If you have more ${ICON_HONOR} than every other player, gain an additional ${ICON_RUNE1}.	赋力 <i>(当你 获取此, 你可以放逐一张卡牌你 拥有打出过本回合.)</i><br>获得${ICON_RUNE2}. 若你 拥有更多 ${ICON_HONOR} 于每个其他玩家, 获得额外的 ${ICON_RUNE1}.
E	Gain ${ICON_RUNE1} and ${ICON_HONOR1}. Draw a card.${LABEL_UNITE} Gain ${ICON_RUNE1} and ${ICON_HONOR1}. Draw a card.(Gain this effect once if you play or have played another Lifebound Hero this turn.)	获得${ICON_RUNE1} 和 ${ICON_HONOR1}. 抽一张牌.<br>${LABEL_UNITE} 获得${ICON_RUNE1} 和 ${ICON_HONOR1}. 抽一张牌.<br><i>(获得此效果一次若 你打出或 拥有打出过另一命约英雄本回合.)</i>
E	When a player acquires an Enlightened card, that player may draw a card.<br>${LABEL_EVENT_TROPHY} Banish a card in your hand. If you do, acquire a Mystic without paying its cost. Put it into your hand.	当玩家获取圣贤卡牌, 该玩家可以抽一张牌.<br>${LABEL_EVENT_TROPHY} 放逐一张卡牌在你的手牌中. 若你如此做，获取秘教士无需支付费用. 将它放置置入你的手牌.
E	3. You are dealt five cards from your personal deck to replenish your hand. If you run out of cards, your discard pile will automatically be shuffled and the cards will be moved to your personal deck.	3. 从个人牌堆抽五张牌补充手牌。若牌堆抽空，则洗弃牌堆形成新牌堆后继续抽牌。
E	Acquire a Hero or Construct with cost ${ICON_RUNE5} or less without paying its cost.${LABEL_SERENITY} Put the acquired card in your hand. (Gain this effect if there are no cards in your discard pile.)	获取一个英雄或 神器以 费用 ${ICON_RUNE5} 或更低无需支付费用.<br>${LABEL_SERENITY} 放置所获取的卡牌在你的手牌中. <i>(获得此效果若 那里为 没有卡牌在你的弃牌堆.)</i>
E	Empower <i>(When you acquire this, you may banish a card you have played this turn.)</i><br>Reveal the top card of your deck and put it in your hand. If it is a card with Empower, gain ${ICON_HONOR2}.	赋力 <i>(当你 获取此, 你可以放逐一张卡牌你 拥有打出过本回合.)</i><br>展示你牌库顶的卡牌和 将它放置在你的手牌中. 若它 为卡牌以 赋力, 获得${ICON_HONOR2}.
E	Gain ${ICON_RUNE2}.When you play a Mechana Construct, you may return this from your discard pile to your hand. (Cards played during your turn do not go to your discard pile until the end of the turn.)	获得${ICON_RUNE2}.<br>当你 打出机械神器, 你可以将此牌返回从 你的弃牌堆以 你的手牌. <i>(卡牌打出过在期间你的回合不 进入以 你的弃牌堆直到结束时回合.)</i>
E	While this is in the center row, you may acquire this without paying its cost if you have gained ${ICON_ENERGY7} or more this turn.<br>Defeat all Monsters in the center row without paying their costs.	当此 为在中央牌列, 你可以获取此 无需支付费用若 你拥有已获得 ${ICON_ENERGY7} 或更高本回合.<br>击败所有怪物在中央牌列无需支付费用.
E	<margin-right=8em>To defeat a Monster, you must have enough Power.  You may defeat any number of Monsters as long as you have enough Power.  Cards that are eligible to be defeated will glow red. \n\n\n\n	<margin-right=8em>要击败怪物，你必须拥有足够的战力。只要战力足够，你可以击败任意数量的怪物。</margin-right>
E	Empower <i>(When you acquire this, you may banish a card you have played this turn.)</i><br>Draw two cards.<br>Banish a card in your hand. If you banished a Monster this way, draw an additional card.	赋力 <i>(当你 获取此, 你可以放逐一张卡牌你 拥有打出过本回合.)</i><br>抽两张牌.<br>放逐一张卡牌在你的手牌中. 若你 被放逐怪物以此方式, 抽额外的卡牌.
E	This Hero counts as all factions.<br>Gain ${ICON_RUNE3}, ${ICON_POWER3}, and ${ICON_HONOR3}.<br>If you control Pasythea's Ward, you may acquire this without paying its cost and put it into your hand.	此英雄视为作为所有派系.<br>获得${ICON_RUNE3}, ${ICON_POWER3}, 和 ${ICON_HONOR3}.<br>若你控制的帕西提亚的守护, 你可以获取此 无需支付费用和 将它放置置入你的手牌.
E	Gain ${ICON_POWER1}. You may banish a card in your hand or discard pile.<br>You may pay ${ICON_INSIGHT2} to <b>Recur</b>. <i>(Gain the effect listed an additional time. You may only Recur once.)</i>	获得${ICON_POWER1}. 你可以放逐一张卡牌在你的手牌或弃牌堆.<br>你可以支付 ${ICON_INSIGHT2} 以 <b>再次发生</b>. <i>(获得效果列出的额外的次. 你可以只再次发生一次.)</i>
E	When a player acquires an Enlightened card, that player may draw a card.${LABEL_EVENT_TROPHY} Banish a card in your hand. If you do, acquire a Mystic without paying its cost. Put it into your hand.	当玩家获取圣贤卡牌, 该玩家可以抽一张牌.<br>${LABEL_EVENT_TROPHY} 放逐一张卡牌在你的手牌中. 若你如此做，获取秘教士无需支付费用. 将它放置置入你的手牌.
E	While this is in the center row, you may acquire this without paying its cost if you have gained ${ICON_ENERGY7} or more this turn.Defeat all Monsters in the center row without paying their costs.	当此 为在中央牌列, 你可以获取此 无需支付费用若 你拥有已获得 ${ICON_ENERGY7} 或更高本回合.<br>击败所有怪物在中央牌列无需支付费用.
E	While this is in your hand, if you have played another Enlightened Hero this turn, transform this into Scion of Oziah.<br>Defeat a Monster with cost ${ICON_POWER3} or less without paying its cost.	当此 为在你的手牌中, 若你 拥有打出过另一圣贤英雄本回合, 将此牌转化为后裔· 奥齐亚.<br>击败一个怪物以 费用 ${ICON_POWER3} 或更低无需支付费用.
E	${LABEL_REWARD} Gain ${ICON_HONOR2}.<br>${LABEL_INFEST} When you defeat Bam Tribe Gremlins, you may put it into a player's discard pile.<br><i>(Monsters have no effect when played from hand.)</i>	${LABEL_REWARD} 获得${ICON_HONOR2}.<br>${LABEL_INFEST} 当你 击败巴姆部落小妖们, 你可以将它放置置入玩家之弃牌堆.<br><i>(怪物拥有没有效果当 打出过从 手牌.)</i>
E	Banish a card in your hand and replace it with a Mystic or Heavy Infantry.<br>${LABEL_PLUNDER}This turn, if you acquire a card AND defeat a Monster, both in the center row, gain ${ICON_INSIGHT2}.	放逐一张卡牌在你的手牌中和 将它替换以 秘教士或 重装步兵.<br>${LABEL_PLUNDER}此回合, 若你 获取卡牌和 击败一个怪物, 两者在中央牌列, 获得${ICON_INSIGHT2}.
E	${LABEL_REWARD} Gain ${ICON_HONOR1}.<br>${LABEL_INFEST} When you defeat Yuk Tribe Gremlin, you may put it into a player's discard pile.<br><i>(Monsters have no effect when played from hand.)</i>	${LABEL_REWARD} 获得${ICON_HONOR1}.<br>${LABEL_INFEST} 当你 击败尤克部落小妖, 你可以将它放置置入玩家之弃牌堆.<br><i>(怪物拥有没有效果当 打出过从 手牌.)</i>
E	<margin-right=8em>To defeat a Monster, you must have enough Power.  You may defeat any number of Monsters as long as you have enough Power.  Cards that are eligible to be defeated will glow red.	<margin-right=8em>要击败怪物，你必须拥有足够的战力。只要战力足够，你可以击败任意数量的怪物。</margin-right>
E	Banish a card in the center row.<br>If it is replaced by a Monster, gain ${ICON_INSIGHT2}.<br>If it is replaced by a Hero, gain ${ICON_HONOR2}.<br>If it is replaced by a Construct, draw 2 cards.	放逐一张卡牌在中央牌列.<br>若它 为被替换被 怪物, 获得${ICON_INSIGHT2}.<br>若它 为被替换被 英雄, 获得${ICON_HONOR2}.<br>若它 为被替换被 神器, 抽 2 卡牌.
E	Draw a card.<br>Banish a card in the center row. Then you may banish a Yuk Tribe Outcast or Yuk Tribe Gremlin in your hand to acquire or defeat a card in the center row without paying its cost.	抽一张牌.<br>放逐一张卡牌在中央牌列. 然后你可以放逐尤克部落放逐者或 尤克部落小妖在你的手牌中以 获取或 击败卡牌在中央牌列无需支付费用.
E	${LABEL_REWARD} Gain ${ICON_HONOR2}. Put this into another player's discard pile. <br><br>When this is played from your hand, gain ${ICON_HONOR1} and put it into another player's discard pile.	${LABEL_REWARD} 获得${ICON_HONOR2}. 放置此 置入另一玩家之弃牌堆. <br><br>当此 为打出过从你的手牌, 获得${ICON_HONOR1} 和将它放置置入另一玩家之弃牌堆.
E	<margin-right=8em>To defeat a Monster, you must have enough Power. You may defeat any number of Monsters as long as you have enough Power. Cards that are eligible to be defeated will glow red.	<margin-right=8em>要击败怪物，你必须拥有足够的战力。只要战力足够，你可以击败任意数量的怪物。</margin-right>
E	If while walking you should find a lock of hair, tie one end around a finger and follow it deeper into the wood. It will lead you either to the queen, or to your doom -- whichever you deserve.	奈莉一手竖起了石柱阵，教导德鲁伊们如何与赛特尔及她的星眷沟通。当她穿行林间，为严酷的荒野带来和平之时，万物皆以她为表率。她正是风暴之中那一抹宁静。
E	Once per turn, you may put a card in your hand under this face up. If you do, draw a card.\n<br>When Dreamer's Glass leaves play or the game ends, put all cards under it into your discard pile.	每回合一次，你可以放置卡牌在你的手牌中其下此 面朝上. 若你如此做，抽一张牌.
E	While this is in your hand, if you have played another Enlightened Hero this turn, transform this into Scion of Oziah.Defeat a Monster with cost ${ICON_POWER3} or less without paying its cost.	当此 为在你的手牌中, 若你 拥有打出过另一圣贤英雄本回合, 将此牌转化为后裔· 奥齐亚.<br>击败一个怪物以 费用 ${ICON_POWER3} 或更低无需支付费用.
E	Banish a card in your hand and replace it with a Mystic or Heavy Infantry.${LABEL_PLUNDER}This turn, if you acquire a card AND defeat a Monster, both in the center row, gain ${ICON_INSIGHT2}.	放逐一张卡牌在你的手牌中和 将它替换以 秘教士或 重装步兵.<br>${LABEL_PLUNDER}此回合, 若你 获取卡牌和 击败一个怪物, 两者在中央牌列, 获得${ICON_INSIGHT2}.
E	This Hero counts as all factions.Gain ${ICON_RUNE3}, ${ICON_POWER3}, and ${ICON_HONOR3}.If you control Pasythea's Ward, you may acquire this without paying its cost and put it into your hand.	此英雄视为作为所有派系.<br>获得${ICON_RUNE3}, ${ICON_POWER3}, 和 ${ICON_HONOR3}.<br>若你控制的帕西提亚的守护, 你可以获取此 无需支付费用和 将它放置置入你的手牌.
E	Empower (When you acquire this, you may banish a card you have played this turn.)Gain ${ICON_RUNE2}. If you have more ${ICON_HONOR} than every other player, gain an additional ${ICON_RUNE1}.	赋力 <i>(当你 获取此, 你可以放逐一张卡牌你 拥有打出过本回合.)</i><br>获得${ICON_RUNE2}. 若你 拥有更多 ${ICON_HONOR} 于每个其他玩家, 获得额外的 ${ICON_RUNE1}.
E	Gain ${ICON_RUNE2} and ${ICON_POWER2}.<br>Gain ${ICON_RUNE1} for each Apprentice you play or have played this turn.<br>Gain ${ICON_POWER1} for each Militia you play or have played this turn.	获得${ICON_RUNE2} 和 ${ICON_POWER2}.<br>获得${ICON_RUNE1} 以每个学徒你 打出或 拥有打出过本回合.<br>获得${ICON_POWER1} 以每个民兵你 打出或 拥有打出过本回合.
E	You are one of the few warriors capable of facing this threat and defending your world, but you cannot do it alone! You must summon powerful Heroes and Constructs to aid you in your battles.	你是少数能够直面此威胁、守护你世界的战士之一，但你无法孤军奋战！你必须召唤强大的英雄与神器助你作战。
E	Draw a card.Banish a card in the center row. Then you may banish a Yuk Tribe Outcast or Yuk Tribe Gremlin in your hand to acquire or defeat a card in the center row without paying its cost.	抽一张牌.<br>放逐一张卡牌在中央牌列. 然后你可以放逐尤克部落放逐者或 尤克部落小妖在你的手牌中以 获取或 击败卡牌在中央牌列无需支付费用.
E	Empower (When you acquire this, you may banish a card you have played this turn.)Reveal the top card of your deck and put it in your hand. If it is a card with Empower, gain ${ICON_HONOR2}.	赋力 <i>(当你 获取此, 你可以放逐一张卡牌你 拥有打出过本回合.)</i><br>展示你牌库顶的卡牌和 将它放置在你的手牌中. 若它 为卡牌以 赋力, 获得${ICON_HONOR2}.
E	Empower <i>(When you acquire this, you may banish a card you have played this turn.)</i><br>Gain ${ICON_RUNE3}.<br>You are considered to control two additional Mechana Constructs this turn.	赋力 <i>(当你 获取此, 你可以放逐一张卡牌你 拥有打出过本回合.)</i><br>获得${ICON_RUNE3}.<br>你为 视为以 控制两 额外的机械神器本回合.
E	${LABEL_PHANTASM}While this is in the center row, you may pay ${ICON_INSIGHT9} to banish and play this.<br>Acquire a card in the center row without paying its cost and put it in your hand.	${LABEL_PHANTASM}当此 为在中央牌列, 你可以支付 ${ICON_INSIGHT9} 以放逐和 打出此.<br>获取一个卡牌在中央牌列无需支付费用和 将它放置在你的手牌中.
E	Empower (When you acquire this, you may banish a card you have played this turn.)When you acquire Brother Laias, put it into your hand if you have played a Mystic this turn.Draw two cards.	赋力 <i>(当你 获取此, 你可以放逐一张卡牌你 拥有打出过本回合.)</i><br>当你 获取修士莱亚斯, 将它放置置入你的手牌若 你拥有打出过秘教士本回合.<br>抽两张牌.
E	Once per turn, you may put a card in your hand under this face up. If you do, draw a card. When Dreamer's Glass leaves play or the game ends, put all cards under it into your discard pile.	每回合一次，你可以放置卡牌在你的手牌中其下此 面朝上. 若你如此做，抽一张牌.
E	When a player acquires a Mechana Construct, that player may put it directly into play.<br>${LABEL_EVENT_TROPHY} You pay ${ICON_RUNE2} less to acquire your next Mechana Construct this turn.	当玩家获取机械神器, 该玩家可以将其直接进入战场.<br>${LABEL_EVENT_TROPHY} 你支付 ${ICON_RUNE2} 更低以 获取你的下一机械神器本回合.
E	Gain ${ICON_POWER5} and an additional ${ICON_POWER1} for each Mechana Construct you control.<br>When you play a Mechana Construct, you may return this from your discard pile to your hand.	获得${ICON_POWER5} 和额外的 ${ICON_POWER1} 以每个机械神器你控制的.<br>当你 打出机械神器, 你可以将此牌返回从 你的弃牌堆以 你的手牌.
E	Gain ${ICON_RUNE1} and ${ICON_HONOR1}.<br>${LABEL_UNITE} Gain ${ICON_RUNE1} and ${ICON_HONOR1}. <i>(Gain this effect once if you play or have played another Lifebound Hero this turn.)</i>	获得${ICON_RUNE1} 和 ${ICON_HONOR1}.<br>${LABEL_UNITE} 获得${ICON_RUNE1} 和 ${ICON_HONOR1}. <i>(获得此效果一次若 你打出或 拥有打出过另一命约英雄本回合.)</i>
E	If multiple players have the same number of Honor Points, the last player to start wins (i.e., the starting player loses all ties, the second player loses to the third and fouth, etc.).	若多名玩家的荣誉点数相同，则最后达成该点数的玩家获胜（即结算时牌堆顶部最后一张的持有者）。
E	${LABEL_PHANTASM}While this is in the center row, you may pay ${ICON_INSIGHT9} to banish and play this.Acquire a card in the center row without paying its cost and put it in your hand.	${LABEL_PHANTASM}当此 为在中央牌列, 你可以支付 ${ICON_INSIGHT9} 以放逐和 打出此.<br>获取一个卡牌在中央牌列无需支付费用和 将它放置在你的手牌中.
E	${LABEL_REWARD} Gain ${ICON_HONOR2}. Put this into another player's discard pile. When this is played from your hand, gain ${ICON_HONOR1} and put it into another player's discard pile.	${LABEL_REWARD} 获得${ICON_HONOR2}. 放置此 置入另一玩家之弃牌堆. <br><br>当此 为打出过从你的手牌, 获得${ICON_HONOR1} 和将它放置置入另一玩家之弃牌堆.
E	Acquire a Hero without paying its cost and put it on top of your deck.You may pay ${ICON_INSIGHT3} to Recur. (Gain the effect listed above an additional time. You may only Recur once.)	获取一个英雄无需支付费用和 将它放置放到你的牌库顶.<br>你可以支付 ${ICON_INSIGHT3} 以 <b>再次发生</b>. <i>(获得效果列出的上方额外的次. 你可以只再次发生一次.)</i>
E	Empower (When you acquire this, you may banish a card you have played this turn.)Draw two cards.Banish a card in your hand. If you banished a Monster this way, draw an additional card.	赋力 <i>(当你 获取此, 你可以放逐一张卡牌你 拥有打出过本回合.)</i><br>抽两张牌.<br>放逐一张卡牌在你的手牌中. 若你 被放逐怪物以此方式, 抽额外的卡牌.
E	When a player acquires a Mechana Construct, that player may put it directly into play.${LABEL_EVENT_TROPHY} You pay ${ICON_RUNE2} less to acquire your next Mechana Construct this turn.	当玩家获取机械神器, 该玩家可以将其直接进入战场.<br>${LABEL_EVENT_TROPHY} 你支付 ${ICON_RUNE2} 更低以 获取你的下一机械神器本回合.
E	${LABEL_REWARD} Gain ${ICON_HONOR4}. Reveal cards from the center deck until you reveal a Hero. Acquire that Hero without paying its cost and banish each other card revealed this way.	${LABEL_REWARD} 获得${ICON_HONOR4}. 展示卡牌从中央牌库直到你 展示英雄. 获取该 英雄无需支付费用和 放逐每个其他卡牌已展示以此方式.
E	Gain ${ICON_POWER5} and an additional ${ICON_POWER1} for each Mechana Construct you control.When you play a Mechana Construct, you may return this from your discard pile to your hand.	获得${ICON_POWER5} 和额外的 ${ICON_POWER1} 以每个机械神器你控制的.<br>当你 打出机械神器, 你可以将此牌返回从 你的弃牌堆以 你的手牌.
E	${LABEL_REWARD} Gain ${ICON_HONOR3}. Each opponent destroys a Construct they control. You may pay ${ICON_INSIGHT1} to have each opponent destroy an additional Construct they control.	${LABEL_REWARD} 获得${ICON_HONOR3}. 每位对手摧毁神器其控制的. 你可以支付 ${ICON_INSIGHT1} 以拥有每位对手摧毁额外的神器其控制的.
E	Banish a card in the center row.If it is replaced by a Monster, gain ${ICON_INSIGHT2}.If it is replaced by a Hero, gain ${ICON_HONOR2}.If it is replaced by a Construct, draw 2 cards.	放逐一张卡牌在中央牌列.<br>若它 为被替换被 怪物, 获得${ICON_INSIGHT2}.<br>若它 为被替换被 英雄, 获得${ICON_HONOR2}.<br>若它 为被替换被 神器, 抽 2 卡牌.
E	Gain ${ICON_RUNE2} and ${ICON_POWER2}.Gain ${ICON_RUNE1} for each Apprentice you play or have played this turn.Gain ${ICON_POWER1} for each Militia you play or have played this turn.	获得${ICON_RUNE2} 和 ${ICON_POWER2}.<br>获得${ICON_RUNE1} 以每个学徒你 打出或 拥有打出过本回合.<br>获得${ICON_POWER1} 以每个民兵你 打出或 拥有打出过本回合.
E	While this is in your hand, if you have played another Void Hero this turn, transform this into Scion of Emri.<br>Gain ${ICON_POWER1}.<br>You may banish a card in your discard pile.	当此 为在你的手牌中, 若你 拥有打出过另一虚空英雄本回合, 将此牌转化为后裔· 艾姆瑞.<br>获得${ICON_POWER1}.<br>你可以放逐一张卡牌在你的弃牌堆.
E	${LABEL_REWARD} Gain ${ICON_HONOR2}.${LABEL_INFEST} When you defeat Bam Tribe Gremlins, you may put it into a player's discard pile.(Monsters have no effect when played from hand.)	${LABEL_REWARD} 获得${ICON_HONOR2}.<br>${LABEL_INFEST} 当你 击败巴姆部落小妖们, 你可以将它放置置入玩家之弃牌堆.<br><i>(怪物拥有没有效果当 打出过从 手牌.)</i>
E	${LABEL_REWARD} Gain ${ICON_HONOR6}.  Reveal the top three cards of the center deck. You may acquire or defeat a revealed card for free. Put the other revealed cards into the Void.	${LABEL_REWARD} 获得${ICON_HONOR6}. 展示顶部三 卡牌的 传送门牌库. 你可以获取或 击败已展示卡牌无需支付费用. 放置其他已展示卡牌置入虚空区.
E	Gain ${ICON_POWER1}. You may banish a card in your hand or discard pile.You may pay ${ICON_INSIGHT2} to Recur. (Gain the effect listed an additional time. You may only Recur once.)	获得${ICON_POWER1}. 你可以放逐一张卡牌在你的手牌或弃牌堆.<br>你可以支付 ${ICON_INSIGHT2} 以 <b>再次发生</b>. <i>(获得效果列出的额外的次. 你可以只再次发生一次.)</i>
E	Once per turn, when a player defeats a Monster in the center row, that player gains <sprite=65>.\n\n<color=#d8a6ffff>Event Trophy:</color> Banish a card in your hand or discard pile.	每回合一次：当玩家击败中央牌列中的一只怪物时，该玩家获得 <sprite=65>。\n\n<color=#d8a6ffff>事件战利品：</color>放逐你手牌或弃牌堆中的一张卡牌。
E	${LABEL_PHANTASM}While this is in the center row, you may pay ${ICON_INSIGHT2} to banish and play this.<br>Gain ${ICON_POWER1}. You may banish a card in your hand or discard pile.	${LABEL_PHANTASM}当此 为在中央牌列, 你可以支付 ${ICON_INSIGHT2} 以放逐和 打出此.<br>获得${ICON_POWER1}. 你可以放逐一张卡牌在你的手牌或弃牌堆.
E	${LABEL_REWARD} Gain ${ICON_HONOR1}.${LABEL_INFEST} When you defeat Yuk Tribe Gremlin, you may put it into a player's discard pile.(Monsters have no effect when played from hand.)	${LABEL_REWARD} 获得${ICON_HONOR1}.<br>${LABEL_INFEST} 当你 击败尤克部落小妖, 你可以将它放置置入玩家之弃牌堆.<br><i>(怪物拥有没有效果当 打出过从 手牌.)</i>
E	${LABEL_REWARD} Gain ${ICON_HONOR6}. Reveal the top three cards of the center deck. You may acquire or defeat a revealed card for free. Put the other revealed cards into the Void.	${LABEL_REWARD} 获得${ICON_HONOR6}. 展示顶部三 卡牌的 传送门牌库. 你可以获取或 击败已展示卡牌无需支付费用. 放置其他已展示卡牌置入虚空区.
E	Draw a card, then you may banish a card in the center row.<br>If you have played another Wandering Askara this turn, you may banish both cards to take another turn after this one.	抽一张牌, 然后你可以放逐一张卡牌在中央牌列.<br>若你打出过另一流浪阿斯卡拉本回合, 你可以放逐两者卡牌以 拿取另一回合在此之后.
E	If you have played a Dark Energy Shard this turn, you pay ${ICON_POWER2} less to defeat this.<br>${LABEL_REWARD} Transform this into Erabus, Son of Nyx and put it into your hand.	若你打出过黑暗能量碎片本回合, 你支付 ${ICON_POWER2} 更低以 击败此.<br>${LABEL_REWARD} 将此牌转化为埃拉布斯, 之子的 尼克斯和 将它放置置入你的手牌.
E	You may banish this or another card in your hand. If you do, gain a Soul Gem. If the current event is Void, you may banish a card in your discard pile to gain a Soul Gem instead.	你可以放逐此牌或 另一卡牌在你的手牌中. 若你如此做，获得灵魂宝石. 若当前事件为 虚空, 你可以放逐一张卡牌在你的弃牌堆以 获得灵魂宝石改为.
E	${LABEL_REWARD} Gain ${ICON_HONOR1}. You may shuffle your discard pile into your deck. <i>(Cards played this turn do not go to your discard pile until the end of the turn.)</i>	${LABEL_REWARD} 获得${ICON_HONOR1}. 你可以洗牌你的弃牌堆置入你的牌库. <i>(卡牌打出过本回合不 进入以 你的弃牌堆直到结束时回合.)</i>
E	${LABEL_REWARD} Gain ${ICON_HONOR4}. You may banish a card in your hand or discard pile. You may pay ${ICON_INSIGHT2} to banish an additional card in your hand or discard pile.	${LABEL_REWARD} 获得${ICON_HONOR4}. 你可以放逐一张卡牌在你的手牌或弃牌堆. 你可以支付 ${ICON_INSIGHT2} 以放逐额外的卡牌在你的手牌或弃牌堆.
E	Gain ${ICON_RUNE1} and ${ICON_HONOR1}.${LABEL_UNITE} Gain ${ICON_RUNE1} and ${ICON_HONOR1}. (Gain this effect once if you play or have played another Lifebound Hero this turn.)	获得${ICON_RUNE1} 和 ${ICON_HONOR1}.<br>${LABEL_UNITE} 获得${ICON_RUNE1} 和 ${ICON_HONOR1}. <i>(获得此效果一次若 你打出或 拥有打出过另一命约英雄本回合.)</i>
E	You already own one or more items contained in this bundle.\nIndividual items can be purchased from the "Purchase Separately" menu.\nAre you sure you wish to purchase the bundle?	你已拥有本合集中的一件或多件内容。\n单件商品可在「单独购买」中购买。
E	You already own one or more items contained in this bundle. Individual items can be purchased from the "Purchase Separately" menu. Are you sure you wish to purchase the bundle?	你已拥有本合集中的一件或多件内容。\n单件商品可在「单独购买」中购买。
E	${LABEL_PHANTASM}While this is in the center row, you may pay ${ICON_INSIGHT2} to banish and play this.Gain ${ICON_POWER1}. You may banish a card in your hand or discard pile.	${LABEL_PHANTASM}当此 为在中央牌列, 你可以支付 ${ICON_INSIGHT2} 以放逐和 打出此.<br>获得${ICON_POWER1}. 你可以放逐一张卡牌在你的手牌或弃牌堆.
E	${LABEL_REWARD} Gain ${ICON_HONOR4}. Each opponent reveals the top card of their deck and puts it into their discard pile. Choose a Hero revealed this way and copy its effect.	${LABEL_REWARD} 获得${ICON_HONOR4}. 每位对手展示顶部卡牌的 其牌库和 放置它 置入其弃牌堆. 选择一个英雄已展示以此方式和 复制其效果.
E	Draw a card, then you may banish a card in the center row.If you have played another Wandering Askara this turn, you may banish both cards to take another turn after this one.	抽一张牌, 然后你可以放逐一张卡牌在中央牌列.<br>若你打出过另一流浪阿斯卡拉本回合, 你可以放逐两者卡牌以 拿取另一回合在此之后.
E	Gain ${ICON_RUNE1}.  If the Current Event is Lifebound, gain an additional ${ICON_RUNE1}.<br>Once this turn, you may spend up to ${ICON_RUNE4} to gain that much ${ICON_HONOR}.	获得${ICON_RUNE1}. 若当前事件为 生命, 获得额外的 ${ICON_RUNE1}.<br>一次本回合, 你可以花费至多 ${ICON_RUNE4} 以获得该等量的 ${ICON_HONOR}.
E	Empower (When you acquire this, you may banish a card you have played this turn.)Gain ${ICON_RUNE3}.You are considered to control two additional Mechana Constructs this turn.	赋力 <i>(当你 获取此, 你可以放逐一张卡牌你 拥有打出过本回合.)</i><br>获得${ICON_RUNE3}.<br>你为 视为以 控制两 额外的机械神器本回合.
E	Empower <i>(When you acquire this, you may banish a card you have played this turn.)</i><br>Gain ${ICON_POWER3}.<br>If there is a Void card in your discard pile, draw a card.	赋力 <i>(当你 获取此, 你可以放逐一张卡牌你 拥有打出过本回合.)</i><br>获得${ICON_POWER3}.<br>若存在虚空卡牌在你的弃牌堆, 抽一张牌.
E	Gain ${ICON_POWER5}.<br>This turn, you may defeat Monsters in the Void as though they were in the center row. Put Monsters defeated this way on the bottom of the center deck.	获得${ICON_POWER5}.<br>此回合, 你可以击败怪物在 虚空区视为在中央牌列. 放置怪物被击败以此方式置于其底： 传送门牌库.
E	If you have played a Dark Energy Shard this turn, you pay ${ICON_POWER2} less to defeat this.${LABEL_REWARD} Transform this into Erabus, Son of Nyx and put it into your hand.	若你打出过黑暗能量碎片本回合, 你支付 ${ICON_POWER2} 更低以 击败此.<br>${LABEL_REWARD} 将此牌转化为埃拉布斯, 之子的 尼克斯和 将它放置置入你的手牌.
E	Monsters in the center row cost ${ICON_POWER1} less to defeat (to a minimum of ${ICON_POWER1}).<br>Pay ${ICON_RUNE8}: Transform this into Emri, Born of Battle and acquire it.	怪物在中央牌列费用 ${ICON_POWER1} 更低以 击败 (以最少的 ${ICON_POWER1}).<br>支付 ${ICON_RUNE8}: 将此牌转化为战生艾姆瑞和 获取它.
E	Gain ${ICON_HONOR3} and draw a card.<br>${LABEL_PLUNDER}Once per turn, if you acquire a card AND defeat a Monster, both in the center row, gain an additional ${ICON_HONOR3}.	获得${ICON_HONOR3} 和抽一张牌.<br>${LABEL_PLUNDER}每回合一次，若你 获取卡牌和 击败一个怪物, 两者在中央牌列, 获得额外的 ${ICON_HONOR3}.
E	While this is in your hand, if you have played another Void Hero this turn, transform this into Scion of Emri.Gain ${ICON_POWER1}.You may banish a card in your discard pile.	当此 为在你的手牌中, 若你 拥有打出过另一虚空英雄本回合, 将此牌转化为后裔· 艾姆瑞.<br>获得${ICON_POWER1}.<br>你可以放逐一张卡牌在你的弃牌堆.
E	Constructs in the center row cost ${ICON_RUNE1} less to acquire (to a minimum of ${ICON_RUNE1}).<br>Pay ${ICON_RUNE8}: Transform this into Forgemother Reysa and acquire it.	神器s在中央牌列费用 ${ICON_RUNE1} 更低以 获取 (以最少的 ${ICON_RUNE1}).<br>支付 ${ICON_RUNE8}: 将此牌转化为锻母雷萨和 获取它.
E	Heroes in the center row cost ${ICON_RUNE1} less to acquire (to a minimum of ${ICON_RUNE1}).<br>Pay ${ICON_RUNE8}: Transform this into Cetra, Celestial Body and acquire it.	英雄在中央牌列费用 ${ICON_RUNE1} 更低以 获取 (以最少的 ${ICON_RUNE1}).<br>支付 ${ICON_RUNE8}: 将此牌转化为天体塞特拉和 获取它.
E	Once per turn, choose a faction. When you acquire a card of that faction, if the next card to enter the center row is also that faction, acquire it without paying its cost.	每回合一次，选择派系. 当你 获取卡牌的 该派系, 若下一卡牌以 进入中央牌列为 也该 派系, 获取它 无需支付费用.
E	When you acquire this, ${LABEL_RALLY_LIFEBOUND}.<br>Gain ${ICON_RUNE2}.<br>You may spend ${ICON_RUNE} as though it was ${ICON_POWER} to defeat Lifebound Monsters this turn.	当你 获取此, ${LABEL_RALLY_LIFEBOUND}.<br>获得${ICON_RUNE2}.<br>你可以花费 ${ICON_RUNE} 视为 ${ICON_POWER} 以击败生命怪物本回合.
E	While this is in your hand, you may pay ${ICON_INSIGHT7} to transform it into Psyonic Paladin.<br>Defeat a Monster with cost ${ICON_POWER4} or less without paying its cost.	当此 为在你的手牌中, 你可以支付 ${ICON_INSIGHT7} 以转化它 置入心灵圣骑士.<br>击败一个怪物以 费用 ${ICON_POWER4} 或更低无需支付费用.
E	When you play this, gain ${ICON_INSIGHT1}.<br>${LABEL_SERENITY} Once per turn, gain ${ICON_INSIGHT1}. <i>(Gain this effect if there are no cards in your discard pile.)</i>	当你 打出此, 获得${ICON_INSIGHT1}.<br>${LABEL_SERENITY} 每回合一次，获得${ICON_INSIGHT1}. <i>(获得此效果若 那里为 没有卡牌在你的弃牌堆.)</i>
E	Gain ${ICON_POWER5}.This turn, you may defeat Monsters in the Void as though they were in the center row. Put Monsters defeated this way on the bottom of the center deck.	获得${ICON_POWER5}.<br>此回合, 你可以击败怪物在 虚空区视为在中央牌列. 放置怪物被击败以此方式置于其底： 传送门牌库.
E	Gain ${ICON_RUNE1}. If the Current Event is Lifebound, gain an additional ${ICON_RUNE1}.Once this turn, you may spend up to ${ICON_RUNE4} to gain that much ${ICON_HONOR}.	获得${ICON_RUNE1}. 若当前事件为 生命, 获得额外的 ${ICON_RUNE1}.<br>一次本回合, 你可以花费至多 ${ICON_RUNE4} 以获得该等量的 ${ICON_HONOR}.
E	Monsters in the center row cost ${ICON_POWER1} less to defeat (to a minimum of ${ICON_POWER1}).Pay ${ICON_RUNE8}: Transform this into Emri, Born of Battle and acquire it.	怪物在中央牌列费用 ${ICON_POWER1} 更低以 击败 (以最少的 ${ICON_POWER1}).<br>支付 ${ICON_RUNE8}: 将此牌转化为战生艾姆瑞和 获取它.
E	${LABEL_REWARD} Gain ${ICON_HONOR1}. You may shuffle your discard pile into your deck. (Cards played this turn do not go to your discard pile until the end of the turn.)	${LABEL_REWARD} 获得${ICON_HONOR1}. 你可以洗牌你的弃牌堆置入你的牌库. <i>(卡牌打出过本回合不 进入以 你的弃牌堆直到结束时回合.)</i>
E	Gain ${ICON_HONOR3} and draw a card.${LABEL_PLUNDER}Once per turn, if you acquire a card AND defeat a Monster, both in the center row, gain an additional ${ICON_HONOR3}.	获得${ICON_HONOR3} 和抽一张牌.<br>${LABEL_PLUNDER}每回合一次，若你 获取卡牌和 击败一个怪物, 两者在中央牌列, 获得额外的 ${ICON_HONOR3}.
E	Gain ${ICON_RUNE2}.<br>This turn, you may acquire Heroes in the center row by paying ${ICON_RUNE} equal to their ${ICON_HONOR} instead of paying their ${ICON_RUNE} cost.	获得${ICON_RUNE2}.<br>此回合, 你可以获取英雄在中央牌列被 支付 ${ICON_RUNE} 相等以 其 ${ICON_HONOR} 而非支付其 ${ICON_RUNE} 费用.
E	Once per turn, gain ${ICON_POWER1}.<br>Once per turn, you may pay ${ICON_RUNE1} to reveal the top card of your deck. Gain ${ICON_HONOR} equal to its ${ICON_HONOR} value.	每回合一次，获得${ICON_POWER1}.<br>每回合一次，你可以支付 ${ICON_RUNE1} 以展示你牌库顶的卡牌. 获得${ICON_HONOR} 相等以 其 ${ICON_HONOR} 值.
E	Constructs in the center row cost ${ICON_RUNE1} less to acquire (to a minimum of ${ICON_RUNE1}).Pay ${ICON_RUNE8}: Transform this into Forgemother Reysa and acquire it.	神器s在中央牌列费用 ${ICON_RUNE1} 更低以 获取 (以最少的 ${ICON_RUNE1}).<br>支付 ${ICON_RUNE8}: 将此牌转化为锻母雷萨和 获取它.
E	Heroes in the center row cost ${ICON_RUNE1} less to acquire (to a minimum of ${ICON_RUNE1}).Pay ${ICON_RUNE8}: Transform this into Cetra, Celestial Body and acquire it.	英雄在中央牌列费用 ${ICON_RUNE1} 更低以 获取 (以最少的 ${ICON_RUNE1}).<br>支付 ${ICON_RUNE8}: 将此牌转化为天体塞特拉和 获取它.
E	Once per turn, when a player defeats a Monster in the Center Row, that player gains ${ICON_HONOR1}.<br>${LABEL_EVENT_TROPHY} Banish a card in your hand or discard pile.	每回合一次，当玩家击败怪物在 中央牌列, 该玩家获得 ${ICON_HONOR1}.<br>${LABEL_EVENT_TROPHY} 放逐一张卡牌在你的手牌或弃牌堆.
E	While this is in your hand, you may pay ${ICON_INSIGHT7} to transform it into Psyonic Paladin.Defeat a Monster with cost ${ICON_POWER4} or less without paying its cost.	当此 为在你的手牌中, 你可以支付 ${ICON_INSIGHT7} 以转化它 置入心灵圣骑士.<br>击败一个怪物以 费用 ${ICON_POWER4} 或更低无需支付费用.
E	You may spend ${ICON_INSIGHT} as though it was ${ICON_RUNE} to acquire this.<br>Acquire or defeat any card in the center row or your Dreamscape without paying its cost.	你可以花费 ${ICON_INSIGHT} 视为 ${ICON_RUNE} 以获取此.<br>获取或 击败任意卡牌在中央牌列或 你的梦境无需支付费用.
E	Gain ${ICON_RUNE1}. Gain ${ICON_POWER1}. Gain ${ICON_HONOR1}. Draw a card.<br>${LABEL_UNITE} Gain ${ICON_RUNE1}. Gain ${ICON_POWER1}. Gain ${ICON_HONOR1}. Draw a card.	获得${ICON_RUNE1}. 获得${ICON_POWER1}. 获得${ICON_HONOR1}. 抽一张牌.<br>${LABEL_UNITE} 获得${ICON_RUNE1}. 获得${ICON_POWER1}. 获得${ICON_HONOR1}. 抽一张牌.
E	Once per turn, gain ${ICON_RUNE2}.<br>Once per turn, when you acquire a Hero in the center row, you may acquire a Hero of equal or lesser cost without paying its cost.	每回合一次，获得${ICON_RUNE2}.<br>每回合一次，当你 获取一个英雄在中央牌列, 你可以获取一个英雄的 相等或更低er费用无需支付费用.
E	Once per turn, you may put a Mechana Construct you control on top of the center deck. If you do, acquire a Mechana Construct in the center row and put it in your hand.	每回合一次，你可以放置机械神器你控制的在 顶部的 传送门牌库. 若你如此做，获取机械神器在中央牌列和 将它放置在你的手牌中.
E	Thus, Samael the Fallen was spared exile to Deofol—at the cost of leaving death's riverbank forever unwatched, the gate untended, and all wills condemned to purgatory.	于是，堕落的萨麦尔得以免于被流放至德俄佛——代价是死亡的河岸从此无人值守，邃门无人看守，所有灵魂皆被判处炼狱之苦。
E	"This soul is familiar," said the Gatekeeper. Then was heard a viper's voice, as if spoken from five mouths at once: It is because I created you. You must release me.	「这魂灵我甚是熟悉，」守门者说道。这时，一条蛇般的声音响起，仿佛从五个口中同时发出：「因为是我创造了你。你必须释放我。」
E	<smallcaps><size=120%><b>Administration\n</b></size></smallcaps>\n\n\n<smallcaps><color=#1C4E80C8>Chief Executive Officer, Playdek\n</color></smallcaps>\n\n\nJoel Goodman\n\n\n\n	<smallcaps><size=120%><b>管理层\n</b></size></smallcaps>\n\n\n<smallcaps><color=#1C4E80C8>Playdek 首席执行官\n</color></smallcaps>\n\n\nJoel Goodman\n
E	Empower <i>(When you acquire this, you may banish a card you have played this turn.)</i><br>Defeat a Monster with cost ${ICON_POWER5} or less without paying its cost.	赋力 <i>(当你 获取此, 你可以放逐一张卡牌你 拥有打出过本回合.)</i><br>击败一个怪物以 费用 ${ICON_POWER5} 或更低无需支付费用.
E	Gain ${ICON_POWER4}.  You may banish up to two cards from your hand or discard pile. Gain an additional ${ICON_POWER1} for each card banished from your hand this way.	获得${ICON_POWER4}. 你可以放逐至多两 卡牌从你的手牌或 弃牌堆. 获得额外的 ${ICON_POWER1} 以每个卡牌被放逐从你的手牌以此方式.
E	Gain ${ICON_POWER4}.<br>The next time you defeat a Monster in the center row this turn, you may acquire a Hero without paying its cost and put it on top of your deck.	获得${ICON_POWER4}.<br>下次你击败一个怪物在中央牌列本回合, 你可以获取一个英雄无需支付费用和 将它放置放到你的牌库顶.
E	The game ends when a certain amount of Honor has been earned, depending on the number of players. <align=center> 2 Players = Honor 3 Players = Honor 4 Players = Honor	当荣誉池耗尽一定数量时游戏结束，具体数值取决于玩家人数。\n\n\t\n\n<align=center>2 人局 = <sprite=77> 荣誉   3 人局 = <sprite=78> 荣誉   4 人局 = <sprite=79> 荣誉<br></align><br>当最后一点荣誉被拿走时，当前回合结束（即，后手玩家打完最后一回合后）才结束游戏。因此，每位玩家的回合数相同；即使荣誉池已耗尽，玩家在自己的回合仍可继续获取荣誉。<br><br>\n\n每位玩家牌组中的卡牌也会提供荣誉点数，显示在卡牌左下角的荣誉图标(<sprite=64>)里。游戏结束时，牌组与手牌中所有英雄及神器的荣誉点数全部计入总分；总分最高者获胜！<br><br>如多名玩家总分相同，后手玩家胜（即：先手玩家在所有平分中告负，第二位输给第三/四位，依此类推）。<br><br>
E	Banish a card in your hand and replace it with a Mystic or Heavy Infantry.<br>If you play or have played a Mystic and a Heavy Infantry this turn, gain ${ICON_DEATH}.	放逐一张卡牌在你的手牌中和 将它替换以 秘教士或 重装步兵.<br>若你 打出或 拥有打出过秘教士和 重装步兵本回合, 获得${ICON_DEATH}.
E	Choose one: Acquire a Contruct with cost ${ICON_RUNE5} or less without paying its cost, or defeat a Monster with cost ${ICON_POWER5} or less without paying its cost.	选择一项： 获取一个神器以 费用 ${ICON_RUNE5} 或更低无需支付费用, 或击败一个怪物以 费用 ${ICON_POWER5} 或更低无需支付费用.
E	Draw a card. You may banish a card from your hand. If you do, draw an additional card. If the current event is Void, you may also banish a card in your discard pile.	抽一张牌. 你可以放逐一张卡牌从你的手牌. 若你如此做，抽额外的卡牌. 若当前事件为 虚空, 你可以也放逐一张卡牌在你的弃牌堆.
E	Gain ${ICON_POWER4}. You may banish up to two cards from your hand or discard pile. Gain an additional ${ICON_POWER1} for each card banished from your hand this way.	获得${ICON_POWER4}. 你可以放逐至多两 卡牌从你的手牌或 弃牌堆. 获得额外的 ${ICON_POWER1} 以每个卡牌被放逐从你的手牌以此方式.
E	Gain ${ICON_RUNE2}.This turn, you may acquire Heroes in the center row by paying ${ICON_RUNE} equal to their ${ICON_HONOR} instead of paying their ${ICON_RUNE} cost.	获得${ICON_RUNE2}.<br>此回合, 你可以获取英雄在中央牌列被 支付 ${ICON_RUNE} 相等以 其 ${ICON_HONOR} 而非支付其 ${ICON_RUNE} 费用.
E	Once per turn, gain ${ICON_POWER1}.Once per turn, you may pay ${ICON_RUNE1} to reveal the top card of your deck. Gain ${ICON_HONOR} equal to its ${ICON_HONOR} value.	每回合一次，获得${ICON_POWER1}.<br>每回合一次，你可以支付 ${ICON_RUNE1} 以展示你牌库顶的卡牌. 获得${ICON_HONOR} 相等以 其 ${ICON_HONOR} 值.
E	<indent=4em><b>RUNES:</b> Runes are one of the two main resources in Ascension.  Runes are used to acquire Heroes and Constructs so you can add them to your deck.\n\n	<indent=4em><b>符文：</b>符文是《创升纪元》的两大核心资源之一。符文用于获取英雄与神器，将其加入你的牌组。
E	Gain ${ICON_RUNE2}.<br>Whenever you acquire a Hero or Treasure card from the center row this turn, gain ${ICON_HONOR1}. (Gain ${ICON_HONOR} for each card acquired.)	获得${ICON_RUNE2}.<br>每当你 获取一个英雄或 宝藏卡牌从中央牌列本回合, 获得${ICON_HONOR1}. (获得${ICON_HONOR} 以每个卡牌已获取.)
E	Once per turn, when a player defeats a Monster in the Center Row, that player gains ${ICON_HONOR1}.${LABEL_EVENT_TROPHY} Banish a card in your hand or discard pile.	每回合一次，当玩家击败怪物在 中央牌列, 该玩家获得 ${ICON_HONOR1}.<br>${LABEL_EVENT_TROPHY} 放逐一张卡牌在你的手牌或弃牌堆.
E	When you acquire this, ${LABEL_RALLY_LIFEBOUND}.Gain ${ICON_RUNE2}.You may spend ${ICON_RUNE} as though it was ${ICON_POWER} to defeat Lifebound Monsters this turn.	当你 获取此, ${LABEL_RALLY_LIFEBOUND}.<br>获得${ICON_RUNE2}.<br>你可以花费 ${ICON_RUNE} 视为 ${ICON_POWER} 以击败生命怪物本回合.
E	You may spend ${ICON_INSIGHT} as though it was ${ICON_RUNE} to acquire this.Acquire or defeat any card in the center row or your Dreamscape without paying its cost.	你可以花费 ${ICON_INSIGHT} 视为 ${ICON_RUNE} 以获取此.<br>获取或 击败任意卡牌在中央牌列或 你的梦境无需支付费用.
E	${LABEL_REWARD} Gain ${ICON_HONOR6}. You may banish up to four cards in your hand, deck, discard pile, and/or cards played this turn. If you do, shuffle your deck.	${LABEL_REWARD} 获得${ICON_HONOR6}. 你可以放逐至多四 卡牌在你的手牌中, 牌库, 弃牌堆, 和/或卡牌打出过本回合. 若你如此做，洗牌你的牌库.
E	Gain ${ICON_RUNE1}. Gain ${ICON_POWER1}. Gain ${ICON_HONOR1}. Draw a card.${LABEL_UNITE} Gain ${ICON_RUNE1}. Gain ${ICON_POWER1}. Gain ${ICON_HONOR1}. Draw a card.	获得${ICON_RUNE1}. 获得${ICON_POWER1}. 获得${ICON_HONOR1}. 抽一张牌.<br>${LABEL_UNITE} 获得${ICON_RUNE1}. 获得${ICON_POWER1}. 获得${ICON_HONOR1}. 抽一张牌.
E	Once per turn, gain ${ICON_RUNE2}.Once per turn, when you acquire a Hero in the center row, you may acquire a Hero of equal or lesser cost without paying its cost.	每回合一次，获得${ICON_RUNE2}.<br>每回合一次，当你 获取一个英雄在中央牌列, 你可以获取一个英雄的 相等或更低er费用无需支付费用.
E	${LABEL_REWARD} Gain ${ICON_HONOR2}. Each opponent must destroy a Construct they control. Draw a card for each opponent that did not destroy a Construct this way.	${LABEL_REWARD} 获得${ICON_HONOR2}. 每位对手须摧毁一个神器其控制的. 抽一张牌以 每位对手该 做了不 摧毁一个神器以此方式.
E	<indent=4em><b>RUNES:</b> Runes are one of the two main resources in Ascension.  Runes are used to acquire Heroes and Constructs so you can add them to your deck.	<indent=4em><b>符文：</b>符文是《创升纪元》的两大核心资源之一。符文用于获取英雄与神器，将其加入你的牌组。
E	<smallcaps><size=120%><b>Administration\n</b></size></smallcaps>\n\n\n<smallcaps><color=#1C4E80C8>Chief Executive Officer, Playdek\n</color></smallcaps>\n\n\nJoel Goodman	<smallcaps><size=120%><b>管理层\n</b></size></smallcaps>\n\n\n<smallcaps><color=#1C4E80C8>Playdek 首席执行官\n</color></smallcaps>\n\n\nJoel Goodman\n
E	Gain ${ICON_POWER4}.The next time you defeat a Monster in the center row this turn, you may acquire a Hero without paying its cost and put it on top of your deck.	获得${ICON_POWER4}.<br>下次你击败一个怪物在中央牌列本回合, 你可以获取一个英雄无需支付费用和 将它放置放到你的牌库顶.
E	When a player acquires a Lifebound Hero, that player may put it on top of their deck.<br>${LABEL_EVENT_TROPHY} Name a Hero. That Hero is also Lifebound this turn.	当玩家获取命约英雄, 该玩家可以将它放置在 顶部的 其牌库.<br>${LABEL_EVENT_TROPHY} 命名英雄. 该英雄为 也生命本回合.
E	You may spend ${ICON_POWER} in addition to ${ICON_RUNE} to acquire this.<br>You may spend ${ICON_POWER} in addition to ${ICON_RUNE} to acquire Mechana Constructs.	你可以花费 ${ICON_POWER} 此外还 ${ICON_RUNE} 以获取此.<br>你可以花费 ${ICON_POWER} 此外还 ${ICON_RUNE} 以获取机械神器.
E	1. <indent=4%>Play cards from your hand to gain Runes, Power, and Honor.  Acquire Heroes and Constructs for future turns.  Defeat Monsters for Honor and rewards.	1. 打出手中的卡牌以获取符文、战力和荣誉。获取英雄与神器，或将怪物击败放入弃牌堆。
E	Banish a card in your hand and replace it with a Mystic or Heavy Infantry.If you play or have played a Mystic and a Heavy Infantry this turn, gain ${ICON_DEATH}.	放逐一张卡牌在你的手牌中和 将它替换以 秘教士或 重装步兵.<br>若你 打出或 拥有打出过秘教士和 重装步兵本回合, 获得${ICON_DEATH}.
E	Choose one: Acquire a Hero with cost ${ICON_RUNE6} or less without paying its cost, or defeat a Monster with cost ${ICON_POWER6} or less without paying its cost.	选择一项： 获取一个英雄以 费用 ${ICON_RUNE6} 或更低无需支付费用, 或击败一个怪物以 费用 ${ICON_POWER6} 或更低无需支付费用.
E	Empower <i>(When you acquire this, you may banish a card you have played this turn.)</i><br>Gain ${ICON_RUNE2} and ${ICON_HONOR2}.<br>${LABEL_UNITE} Draw a card.	赋力 <i>(当你 获取此, 你可以放逐一张卡牌你 拥有打出过本回合.)</i><br>获得${ICON_RUNE2} 和 ${ICON_HONOR2}.<br>${LABEL_UNITE} 抽一张牌.
E	Draw a card, then banish a card in the center row. Then, if there is an Enlightened, Lifebound, Mechana, AND Void card in the center row, roll the Delirium Die.	抽一张牌, 然后放逐一张卡牌在中央牌列. 然后, 若存在圣贤, 生命, 机械, 和虚空卡牌在中央牌列, 掷谵妄骰.
E	Gain ${ICON_RUNE2}.Whenever you acquire a Hero or Treasure card from the center row this turn, gain ${ICON_HONOR1}. (Gain ${ICON_HONOR} for each card acquired.)	获得${ICON_RUNE2}.<br>每当你 获取一个英雄或 宝藏卡牌从中央牌列本回合, 获得${ICON_HONOR1}. (获得${ICON_HONOR} 以每个卡牌已获取.)
E	If all cards in the center row are ${ICON_DAY} cards, you may acquire this without paying its cost.<br>Acquire a card in the center row without paying its cost.	若所有卡牌在中央牌列为 ${ICON_DAY} 卡牌, 你可以获取此 无需支付费用.<br>获取一个卡牌在中央牌列无需支付费用.
E	Reveal the top card of your deck and put it into your hand. Repeat this effect until you reveal a card other than a Mystic, Heavy Infantry, or Enlightened card.	展示你牌库顶的卡牌和 将它放置置入你的手牌. 重复此效果直到你 展示卡牌其他于 秘教士, 重装步兵, 或圣贤卡牌.
E	When you play this, gain ${ICON_INSIGHT1}.${LABEL_SERENITY} Once per turn, gain ${ICON_INSIGHT1}. (Gain this effect if there are no cards in your discard pile.)	当你 打出此, 获得${ICON_INSIGHT1}.<br>${LABEL_SERENITY} 每回合一次，获得${ICON_INSIGHT1}. <i>(获得此效果若 那里为 没有卡牌在你的弃牌堆.)</i>
E	${LABEL_REWARD} Gain ${ICON_HONOR7}.<br>Choose a player and take all of their ${ICON_INSIGHT} and a random card from their hand.<br>Add that card to your hand.	${LABEL_REWARD} 获得${ICON_HONOR7}.<br>选择一名玩家和 拿取所有的 其 ${ICON_INSIGHT} 和随机卡牌从其手牌.<br>加入该卡牌以 你的手牌.
E	<indent=4em><b>HONOR:</b> Honor is the key to victory in Ascension.  Whoever earns the most Honor throughout the game wins and earns the title of Godslayer! \n\n	<indent=4em><b>荣誉：</b>荣誉是《创升纪元》通往胜利的钥匙。整场游戏中获得荣誉最多的玩家获胜，并取得「弑神者」的称号！
E	Empower (When you acquire this, you may banish a card you have played this turn.)Gain ${ICON_POWER3}.If there is a Void card in your discard pile, draw a card.	赋力 <i>(当你 获取此, 你可以放逐一张卡牌你 拥有打出过本回合.)</i><br>获得${ICON_POWER3}.<br>若存在虚空卡牌在你的弃牌堆, 抽一张牌.
E	All Constructs are also Mechana Constructs.<br>${LABEL_EVENT_TROPHY} When a Construct you control would be destroyed, you may prevent it from being destroyed.	万民神器s为也 机械神器.<br>${LABEL_EVENT_TROPHY} 当神器你控制的会 是摧毁ed, 你可以防止它 从被 摧毁ed.
E	Gain ${ICON_RUNE1} and ${ICON_INSIGHT1}.<br>${LABEL_UNITE} Draw a card. (<i>Gain this effect if you play or have played another Lifebound Hero this turn.</i>)	获得${ICON_RUNE1} 和 ${ICON_INSIGHT1}.<br>${LABEL_UNITE} 抽一张牌. (<i>获得此效果若 你打出或 拥有打出过另一命约英雄本回合.</i>)
E	Once per turn, discard the top card of your deck to gain ${ICON_POWER} equal to its ${ICON_HONOR} value.<br>If it is a Mechana Construct, put it in your hand.	每回合一次，弃掉你牌库顶的卡牌以 获得${ICON_POWER} 相等以 其 ${ICON_HONOR} 值.<br>若它 为机械神器, 将它放置在你的手牌中.
E	When a player acquires a Lifebound Hero, that player may put it on top of their deck.${LABEL_EVENT_TROPHY} Name a Hero. That Hero is also Lifebound this turn.	当玩家获取命约英雄, 该玩家可以将它放置在 顶部的 其牌库.<br>${LABEL_EVENT_TROPHY} 命名英雄. 该英雄为 也生命本回合.
E	While this is in your hand, if you have played another Lifebound Hero this turn, transform this into Scion of Cetra.<br>Gain ${ICON_RUNE1} and ${ICON_HONOR1}.	当此 为在你的手牌中, 若你 拥有打出过另一命约英雄本回合, 将此牌转化为后裔· 塞特拉.<br>获得${ICON_RUNE1} 和 ${ICON_HONOR1}.
E	You may spend ${ICON_POWER} in addition to ${ICON_RUNE} to acquire this.You may spend ${ICON_POWER} in addition to ${ICON_RUNE} to acquire Mechana Constructs.	你可以花费 ${ICON_POWER} 此外还 ${ICON_RUNE} 以获取此.<br>你可以花费 ${ICON_POWER} 此外还 ${ICON_RUNE} 以获取机械神器.
E	This costs ${ICON_POWER2} less to defeat if you control a Temple.<br>${LABEL_REWARD} Gain ${ICON_HONOR4}. You may banish a card in your hand or discard pile.	此费用为 ${ICON_POWER2} 更低以 击败若 你控制的神殿.<br>${LABEL_REWARD} 获得${ICON_HONOR4}. 你可以放逐一张卡牌在你的手牌或弃牌堆.
E	While this is in your hand, if you have played another Mechana Hero this turn, transform this into Scion of Euloth.<br>Gain ${ICON_RUNE1} and ${ICON_POWER1}.	当此 为在你的手牌中, 若你 拥有打出过另一机械英雄本回合, 将此牌转化为后裔· 尤洛斯.<br>获得${ICON_RUNE1} 和 ${ICON_POWER1}.
E	${LABEL_REWARD} Gain ${ICON_HONOR4}.<br>If you have played or acquired a Void card this turn, you may banish up to two cards from your hand or discard pile.	${LABEL_REWARD} 获得${ICON_HONOR4}.<br>若你打出过或 已获取虚空卡牌本回合, 你可以放逐至多两 卡牌从你的手牌或 弃牌堆.
E	${LABEL_REWARD} Gain ${ICON_HONOR5}. Each opponent discards a random card from their hand. You may choose a card discarded this way and put it in your hand.	${LABEL_REWARD} 获得${ICON_HONOR5}. 每位对手弃掉随机卡牌从其手牌. 你可以选择卡牌已弃掉以此方式和 将它放置在你的手牌中.
E	<indent=4em><b>HONOR:</b> Honor is the key to victory in Ascension.  Whoever earns the most Honor throughout the game wins and earns the title of Godslayer!	<indent=4em><b>荣誉：</b>荣誉是《创升纪元》通往胜利的钥匙。整场游戏中获得荣誉最多的玩家获胜，并取得「弑神者」的称号！
E	Empower <i>(When you acquire this, you may banish a card you have played this turn.)</i><br>Gain ${ICON_POWER4}.<br>If you control Ulan's Fist, draw a card.	赋力 <i>(当你 获取此, 你可以放逐一张卡牌你 拥有打出过本回合.)</i><br>获得${ICON_POWER4}.<br>若你控制的乌兰的拳, 抽一张牌.
E	Gain ${ICON_HONOR5}.<br>You may return ${ICON_HONOR} to the pool equal to the ${ICON_HONOR} of a Hero or Construct in the Center Row. If you do, acquire it.	获得${ICON_HONOR5}.<br>你可以返回 ${ICON_HONOR} 以池 相等以 ${ICON_HONOR} 的英雄或 神器在 中央牌列. 若你如此做，获取它.
E	If all cards in the center row are ${ICON_DAY} cards, you may acquire this without paying its cost.Acquire a card in the center row without paying its cost.	若所有卡牌在中央牌列为 ${ICON_DAY} 卡牌, 你可以获取此 无需支付费用.<br>获取一个卡牌在中央牌列无需支付费用.
E	You may treat Dream Constructs as though they are Mechana Constructs.<br>Once per turn, when you play a Mechana Construct (including this one), draw a card.	你可以视为梦神器s作为如同他们为 机械神器.<br>每回合一次，当你 打出机械神器 (包括此牌一), 抽一张牌.
E	Empower (When you acquire this, you may banish a card you have played this turn.)Defeat a Monster with cost ${ICON_POWER5} or less without paying its cost.	赋力 <i>(当你 获取此, 你可以放逐一张卡牌你 拥有打出过本回合.)</i><br>击败一个怪物以 费用 ${ICON_POWER5} 或更低无需支付费用.
E	Gain ${ICON_POWER1}.<br>You may banish a card in your hand or discard pile. Then, you may banish this to banish a second card in your hand or discard pile.	获得${ICON_POWER1}.<br>你可以放逐一张卡牌在你的手牌或弃牌堆. 然后, 你可以放逐此牌以 放逐第二卡牌在你的手牌或弃牌堆.
E	${LABEL_REWARD} Gain ${ICON_HONOR4}.  Each opponent either discards a card for each Construct they control or puts all Constructs into their discard pile.	${LABEL_REWARD} 获得${ICON_HONOR4}. 每位对手要么弃掉卡牌以 每个神器其控制的要么放置所有神器s置入其弃牌堆.
E	${LABEL_REWARD} Gain ${ICON_HONOR5}. Take a card at random from an opponent's hand and add that card to your hand.<br>${LABEL_DREAMBIND} ${ICON_INSIGHT7}.	${LABEL_REWARD} 获得${ICON_HONOR5}. 拿取一张卡牌随机从 对手之手牌和 将该卡牌加入以 你的手牌.<br>${LABEL_DREAMBIND} ${ICON_INSIGHT7}.
E	All Constructs are also Mechana Constructs.${LABEL_EVENT_TROPHY} When a Construct you control would be destroyed, you may prevent it from being destroyed.	万民神器s为也 机械神器.<br>${LABEL_EVENT_TROPHY} 当神器你控制的会 是摧毁ed, 你可以防止它 从被 摧毁ed.
E	Gain ${ICON_HONOR3}.<br>${LABEL_UNITE} Gain ${ICON_HONOR3}.<br><i>(Gain this effect once if you play or have played another Lifebound Hero this turn.)</i>	获得${ICON_HONOR3}.<br>${LABEL_UNITE} 获得${ICON_HONOR3}.<br><i>(获得此效果一次若 你打出或 拥有打出过另一命约英雄本回合.)</i>
E	Gain ${ICON_POWER2}.<br>Gain ${ICON_HONOR1} for each faction among Construct you control. <i>(Factions are Enlightened, Mechana, Lifebound, and Void.)</i>	获得${ICON_POWER2}.<br>获得${ICON_HONOR1} 以每个派系之中神器你控制的. <i>(派系为圣贤, 机械, 生命, 和虚空.)</i>
E	Once per turn, discard the top card of your deck to gain ${ICON_POWER} equal to its ${ICON_HONOR} value.If it is a Mechana Construct, put it in your hand.	每回合一次，弃掉你牌库顶的卡牌以 获得${ICON_POWER} 相等以 其 ${ICON_HONOR} 值.<br>若它 为机械神器, 将它放置在你的手牌中.
E	Once per turn, if you have played a Mystic or Heavy Infantry, draw a card.<br>Pay ${ICON_RUNE8}: Transform this into Dhartha, Eternal Seer and acquire it.	每回合一次，若你 拥有打出过秘教士或 重装步兵, 抽一张牌.<br>支付 ${ICON_RUNE8}: 将此牌转化为达萨, 永恒预言者和 获取它.
E	Once per turn, you may destroy a Mechana Construct you control to gain ${ICON_POWER1}. If the current Event is Mechana, gain an additional ${ICON_POWER1}.	每回合一次，你可以摧毁机械神器你控制的以 获得${ICON_POWER1}. 若当前事件为 机械, 获得额外的 ${ICON_POWER1}.
E	While this is in your hand, if you have played another Lifebound Hero this turn, transform this into Scion of Cetra.Gain ${ICON_RUNE1} and ${ICON_HONOR1}.	当此 为在你的手牌中, 若你 拥有打出过另一命约英雄本回合, 将此牌转化为后裔· 塞特拉.<br>获得${ICON_RUNE1} 和 ${ICON_HONOR1}.
E	${LABEL_REWARD} Gain ${ICON_HONOR4}. Each opponent either discards a card for each Construct they control or puts all Constructs into their discard pile.	${LABEL_REWARD} 获得${ICON_HONOR4}. 每位对手要么弃掉卡牌以 每个神器其控制的要么放置所有神器s置入其弃牌堆.
E	This costs ${ICON_POWER2} less to defeat if you control a Temple.${LABEL_REWARD} Gain ${ICON_HONOR4}. You may banish a card in your hand or discard pile.	此费用为 ${ICON_POWER2} 更低以 击败若 你控制的神殿.<br>${LABEL_REWARD} 获得${ICON_HONOR4}. 你可以放逐一张卡牌在你的手牌或弃牌堆.
E	While this is in your hand, if you have played another Mechana Hero this turn, transform this into Scion of Euloth.Gain ${ICON_RUNE1} and ${ICON_POWER1}.	当此 为在你的手牌中, 若你 拥有打出过另一机械英雄本回合, 将此牌转化为后裔· 尤洛斯.<br>获得${ICON_RUNE1} 和 ${ICON_POWER1}.
E	${LABEL_REWARD} Gain ${ICON_HONOR4}.If you have played or acquired a Void card this turn, you may banish up to two cards from your hand or discard pile.	${LABEL_REWARD} 获得${ICON_HONOR4}.<br>若你打出过或 已获取虚空卡牌本回合, 你可以放逐至多两 卡牌从你的手牌或 弃牌堆.
E	${LABEL_REWARD} Gain ${ICON_HONOR5}. Choose one: Destroy all even cost Constructs opponents control or destroy all odd cost Contructs opponents control.	${LABEL_REWARD} 获得${ICON_HONOR5}. 选择一项： 摧毁所有偶数费用神器s对手控制或 摧毁所有奇数费用神器s对手控制.
E	${LABEL_REWARD} Gain ${ICON_HONOR5}. Gain ${ICON_RENOWN1} of each faction. You may acquire or defeat any card in the Center Row without paying its cost.	${LABEL_REWARD} 获得${ICON_HONOR5}. 获得${ICON_RENOWN1} 的每个派系. 你可以获取或 击败任意卡牌在 中央牌列无需支付费用.
E	Gain ${ICON_HONOR3}.<br>You may pay ${ICON_INSIGHT3} to <b>Recur</b>. <i>(Gain the effect listed above an additional time. You may only Recur once.)</i>	获得${ICON_HONOR3}.<br>你可以支付 ${ICON_INSIGHT3} 以 <b>再次发生</b>. <i>(获得效果列出的上方额外的次. 你可以只再次发生一次.)</i>
E	Gain ${ICON_HONOR5}.You may return ${ICON_HONOR} to the pool equal to the ${ICON_HONOR} of a Hero or Construct in the Center Row. If you do, acquire it.	获得${ICON_HONOR5}.<br>你可以返回 ${ICON_HONOR} 以池 相等以 ${ICON_HONOR} 的英雄或 神器在 中央牌列. 若你如此做，获取它.
E	Once per turn, you may destroy a Mechana Construct you control to gain ${ICON_RUNE1}. If the current event is Mechana, gain an additional ${ICON_RUNE1}.	每回合一次，你可以摧毁机械神器你控制的以 获得${ICON_RUNE1}. 若当前事件为 机械, 获得额外的 ${ICON_RUNE1}.
E	You may treat Dream Constructs as though they are Mechana Constructs.Once per turn, when you play a Mechana Construct (including this one), draw a card.	你可以视为梦神器s作为如同他们为 机械神器.<br>每回合一次，当你 打出机械神器 (包括此牌一), 抽一张牌.
E	${LABEL_REWARD} Gain ${ICON_HONOR7}.Choose a player and take all of their ${ICON_INSIGHT} and a random card from their hand.Add that card to your hand.	${LABEL_REWARD} 获得${ICON_HONOR7}.<br>选择一名玩家和 拿取所有的 其 ${ICON_INSIGHT} 和随机卡牌从其手牌.<br>加入该卡牌以 你的手牌.
E	Gain ${ICON_HONOR2}.<br>${LABEL_MULTIUNITE} Gain ${ICON_HONOR1}. <i>(Gain this effect for each other Lifebound Hero you play or have played this turn.)	获得${ICON_HONOR2}.<br>${LABEL_MULTIUNITE} 获得${ICON_HONOR1}. <i>(获得此效果以 每个其他命约英雄你 打出或 拥有打出过本回合.)
E	Gain ${ICON_POWER1}.You may banish a card in your hand or discard pile. Then, you may banish this to banish a second card in your hand or discard pile.	获得${ICON_POWER1}.<br>你可以放逐一张卡牌在你的手牌或弃牌堆. 然后, 你可以放逐此牌以 放逐第二卡牌在你的手牌或弃牌堆.
E	Gain ${ICON_RUNE2}.<br>${LABEL_MULTIUNITE} Gain ${ICON_RUNE1}. <i>(Gain this effect for each other Mechana Hero you play or have played this turn.)</i>	获得${ICON_RUNE2}.<br>${LABEL_MULTIUNITE} 获得${ICON_RUNE1}. <i>(获得此效果以 每个其他机械英雄你 打出或 拥有打出过本回合.)</i>
E	${LABEL_REWARD} Gain ${ICON_HONOR5}. Take a card at random from an opponent's hand and add that card to your hand.${LABEL_DREAMBIND} ${ICON_INSIGHT7}.	${LABEL_REWARD} 获得${ICON_HONOR5}. 拿取一张卡牌随机从 对手之手牌和 将该卡牌加入以 你的手牌.<br>${LABEL_DREAMBIND} ${ICON_INSIGHT7}.
E	Banish a Hero in your hand.  If you do, acquire a Hero with ${ICON_HONOR} value up to one more than that of the banished card and put it in your hand.	放逐一个英雄在你的手牌中. 若你如此做，获取一个英雄以 ${ICON_HONOR} 值至多一 超过该 的被放逐卡牌和 将它放置在你的手牌中.
E	Each faction has a different play style and strategy. Heroes and Constructs belong to one of the four factions, and Monsters are a separate card type.	每个派系都有不同的玩法和策略。英雄与神器分属四大派系之一，而怪物则是独立的卡牌类型。
E	Gain ${ICON_POWER2}.<br>${LABEL_MULTIUNITE} Gain ${ICON_POWER1}. <i>(Gain this effect for each other Void Hero you play or have played this turn.)</i>	获得${ICON_POWER2}.<br>${LABEL_MULTIUNITE} 获得${ICON_POWER1}. <i>(获得此效果以 每个其他虚空英雄你 打出或 拥有打出过本回合.)</i>
E	Gain ${ICON_RUNE3}.<br>${LABEL_UNITE} Gain ${ICON_POWER3}. <i>(Gain this effect once if you play or have played another Lifebound Hero this turn.)</i>	获得${ICON_RUNE3}.<br>${LABEL_UNITE} 获得${ICON_POWER3}. <i>(获得此效果一次若 你打出或 拥有打出过另一命约英雄本回合.)</i>
E	Once per turn, if you have played a Mystic or Heavy Infantry, draw a card.Pay ${ICON_RUNE8}: Transform this into Dhartha, Eternal Seer and acquire it.	每回合一次，若你 拥有打出过秘教士或 重装步兵, 抽一张牌.<br>支付 ${ICON_RUNE8}: 将此牌转化为达萨, 永恒预言者和 获取它.
E	Once per turn, when you play a Mechana Construct (including this one), acquire or defeat a card with cost equal to or less than its ${ICON_RUNE} cost.	每回合一次，当你 打出机械神器 (包括此牌一), 获取或 击败卡牌以 费用相等以 或低于其 ${ICON_RUNE} 费用.
E	Purchase all the Ascension bundles for one low price!<br><br>Includes Bundle #1 through Bundle #5.  \n\nThat's 630 <b>unique</b> new cards to play with.	一次购入全部《创升纪元》捆绑包，超值优惠！<br><br>包含捆绑包 #1 至 #5。<br><br>共计 630 张<b>独特</b>新卡可供游玩。
E	Acquire a Hero that costs ${ICON_RUNE5} or less without paying its cost.  Put it on top of your deck. If the current Event is Lifebound, draw a card.	获取一个英雄费用为${ICON_RUNE5} 或更低无需支付费用. 将它放置放到你的牌库顶. 若当前事件为 生命, 抽一张牌.
E	Banish a Hero in your hand. If you do, acquire a Hero with ${ICON_HONOR} value up to one more than that of the banished card and put it in your hand.	放逐一个英雄在你的手牌中. 若你如此做，获取一个英雄以 ${ICON_HONOR} 值至多一 超过该 的被放逐卡牌和 将它放置在你的手牌中.
E	Copy the effect of a Hero played this turn.<br>You may pay ${ICON_INSIGHT3} to copy the chosen effect twice instead.<br>This effect cannot be copied.	复制本回合打出的一张英雄的效果。<br>你可以支付 ${ICON_INSIGHT3} 以复制所选效果两次改为.<br>此效果不能是 被复制.
E	Gain ${ICON_POWER3}.<br>You may defeat a Monster in the Void as though it were in the center row. If you do, put it on the bottom of the center deck.	获得${ICON_POWER3}.<br>你可以击败一个怪物在 虚空区视为在中央牌列. 若你如此做，将它放置置于其底： 传送门牌库.
E	1. Play cards from your hand to gain Runes, Power, and Honor. Acquire Heroes and Constructs for future turns. Defeat Monsters for Honor and rewards.	1. 打出手中的卡牌以获取符文、战力和荣誉。获取英雄与神器，或将怪物击败放入弃牌堆。
E	Acquire a Hero that costs ${ICON_RUNE5} or less without paying its cost. Put it on top of your deck. If the current Event is Lifebound, draw a card.	获取一个英雄费用为${ICON_RUNE5} 或更低无需支付费用. 将它放置放到你的牌库顶. 若当前事件为 生命, 抽一张牌.
E	Gain ${ICON_HONOR2}.<br>${LABEL_UNITE} Gain a Soul Gem. <i>(Gain this effect once if you play or have played another Lifebound Hero this turn.)</i>	获得${ICON_HONOR2}.<br>${LABEL_UNITE} 获得灵魂宝石. <i>(获得此效果一次若 你打出或 拥有打出过另一命约英雄本回合.)</i>
E	Gain ${ICON_RUNE1} and ${ICON_INSIGHT1}.${LABEL_UNITE} Draw a card. (Gain this effect if you play or have played another Lifebound Hero this turn.)	获得${ICON_RUNE1} 和 ${ICON_INSIGHT1}.<br>${LABEL_UNITE} 抽一张牌. (<i>获得此效果若 你打出或 拥有打出过另一命约英雄本回合.</i>)
E	${LABEL_REWARD} Gain ${ICON_HONOR4}.  Each opponent must put their highest cost Construct into their discard pile. (They choose in case of a tie).	${LABEL_REWARD} 获得${ICON_HONOR4}. 每位对手须放置其 最高费用神器置入其弃牌堆. (他们选择在 情况的 平局).
E	2. <indent=4%>After you are done acquiring Heroes and Constructs and defeating Monsters, all cards in your hand are placed into your discard pile.	2. 当你完成获取英雄、神器和击败怪物后，将场上所有剩余的卡牌放入弃牌堆。
E	Copy the effect of a Hero played this turn. If the Hero was Enlightened, copy that Hero's effect an additional time. This effect cannot be copied.	复制本回合打出的一张英雄的效果。 若英雄曾是圣贤, 复制该 英雄之效果额外的次. 此效果不能是 被复制.
E	Empower (When you acquire this, you may banish a card you have played this turn.)Gain ${ICON_RUNE2} and ${ICON_HONOR2}.${LABEL_UNITE} Draw a card.	赋力 <i>(当你 获取此, 你可以放逐一张卡牌你 拥有打出过本回合.)</i><br>获得${ICON_RUNE2} 和 ${ICON_HONOR2}.<br>${LABEL_UNITE} 抽一张牌.
E	Gain ${ICON_HONOR5}.<br>At the end of the game, Moken, the Huntmaster's ${ICON_HONOR} value is equal to the number of Treasure cards in your deck.	获得${ICON_HONOR5}.<br>At结束时游戏, 莫肯, 猎主之 ${ICON_HONOR} 值为 相等以 数量为宝藏卡牌在 你的牌库.
E	Gain ${ICON_RUNE2}.<br>Gain ${ICON_HONOR1} for each faction among Constructs you control. (Factions are Enlightened, Lifebound, Mechana and Void).	获得${ICON_RUNE2}.<br>获得${ICON_HONOR1} 以每个派系在你控制的神器之中. (派系为圣贤, 生命, 机械和 虚空).
E	You may pay ${ICON_INSIGHT15} to transform this into The Ironheart.<br>Once per turn, gain ${ICON_INSIGHT1} for each Mechana Construct you contol.	你可以支付 ${ICON_INSIGHT15} 以将此牌转化为铁之心.<br>每回合一次，获得${ICON_INSIGHT1} 以每个机械神器你 控制.
E	${LABEL_PHANTASM}While this is in the center row, you may pay ${ICON_INSIGHT2} to banish and play this.<br>Gain ${ICON_RUNE1} and ${ICON_POWER1}.	${LABEL_PHANTASM}当此 为在中央牌列, 你可以支付 ${ICON_INSIGHT2} 以放逐和 打出此.<br>获得${ICON_RUNE1} 和 ${ICON_POWER1}.
E	${LABEL_REWARD} Gain ${ICON_HONOR4}. Each opponent must put their highest cost Construct into their discard pile. (They choose in case of a tie).	${LABEL_REWARD} 获得${ICON_HONOR4}. 每位对手须放置其 最高费用神器置入其弃牌堆. (他们选择在 情况的 平局).
E	Gain ${ICON_POWER3}.You may defeat a Monster in the Void as though it were in the center row. If you do, put it on the bottom of the center deck.	获得${ICON_POWER3}.<br>你可以击败一个怪物在 虚空区视为在中央牌列. 若你如此做，将它放置置于其底： 传送门牌库.
E	Once per turn, you may banish a card in your hand. If you do, acquire a Mystic or Heavy Infantry without paying its cost and put it in your hand.	每回合一次，你可以放逐一张卡牌在你的手牌中. 若你如此做，获取秘教士或 重装步兵无需支付费用和 将它放置在你的手牌中.
E	When you acquire this, ${LABEL_RALLY_MECHANA}.<br>Gain ${ICON_RUNE2}.<br>If you control two or more Constructs, gain an additional ${ICON_RUNE1}.	当你 获取此, ${LABEL_RALLY_MECHANA}.<br>获得${ICON_RUNE2}.<br>若你控制的两 或更高神器s, 获得额外的 ${ICON_RUNE1}.
E	While this is in your hand, if you have gained ${ICON_HONOR3} or more this turn, transform this into Remus, Wild Emissary.<br>Gain ${ICON_RUNE3}.	当此 为在你的手牌中, 若你 拥有已获得 ${ICON_HONOR3} 或更高本回合, 将此牌转化为雷穆斯, 荒野使者.<br>获得${ICON_RUNE3}.
E	Draw a card.<br>You may pay ${ICON_INSIGHT1} to <b>Recur</b>. <i>(Gain the effect listed above an additional time. You may only Recur once.)</i>	抽一张牌.<br>你可以支付 ${ICON_INSIGHT1} 以 <b>再次发生</b>. <i>(获得效果列出的上方额外的次. 你可以只再次发生一次.)</i>
E	Gain ${ICON_HONOR2}.${LABEL_MULTIUNITE} Gain ${ICON_HONOR1}. (Gain this effect for each other Lifebound Hero you play or have played this turn.)	获得${ICON_HONOR2}.<br>${LABEL_MULTIUNITE} 获得${ICON_HONOR1}. <i>(获得此效果以 每个其他命约英雄你 打出或 拥有打出过本回合.)
E	Gain ${ICON_POWER2}.<br>${LABEL_ECHO} Gain an additional ${ICON_POWER2}. <i>(Gain this effect if there is a Void card in your discard pile.)</i>	获得${ICON_POWER2}.<br>${LABEL_ECHO} 获得额外的 ${ICON_POWER2}. <i>(获得此效果若 存在虚空卡牌在你的弃牌堆.)</i>
E	${LABEL_REWARD} Gain ${ICON_HONOR2}. Name a faction. Gain an additional ${ICON_HONOR1} for each Hero of that faction you have played this turn.	${LABEL_REWARD} 获得${ICON_HONOR2}. 命名派系. 获得额外的 ${ICON_HONOR1} 以每个英雄的 该派系你 拥有打出过本回合.
E	${LABEL_REWARD} Gain ${ICON_HONOR3}. Choose and destroy up to one Construct in play, or return a Construct from your discard pile to your hand.	${LABEL_REWARD} 获得${ICON_HONOR3}. 选择和 摧毁至多一 神器在 打出, 或返回神器从 你的弃牌堆以 你的手牌.
E	${LABEL_REWARD} Gain ${ICON_HONOR3}. Name a faction. Gain an additional ${ICON_HONOR2} for each Hero of that faction you have played this turn.	${LABEL_REWARD} 获得${ICON_HONOR3}. 命名派系. 获得额外的 ${ICON_HONOR2} 以每个英雄的 该派系你 拥有打出过本回合.
E	${LABEL_REWARD} Gain ${ICON_HONOR4}. For each opponent, you choose and destroy a Construct they control.<br>${LABEL_DREAMBIND} ${ICON_INSIGHT2}	${LABEL_REWARD} 获得${ICON_HONOR4}. 以每位对手, 你选择和 摧毁一个神器其控制的.<br>${LABEL_DREAMBIND} ${ICON_INSIGHT2}
E	Empower <i>(When you acquire this, you may banish a card you have played this turn.)</i><br>You may banish a card in your hand or discard pile.	赋力 <i>(当你 获取此, 你可以放逐一张卡牌你 拥有打出过本回合.)</i><br>你可以放逐一张卡牌在你的手牌或弃牌堆.
E	Gain ${ICON_HONOR3}.<br>${LABEL_UNITE} Draw a card. <i>(Gain this effect once if you play or have played another Lifebound Hero this turn.)</i>	获得${ICON_HONOR3}.<br>${LABEL_UNITE} 抽一张牌. <i>(获得此效果一次若 你打出或 拥有打出过另一命约英雄本回合.)</i>
E	Gain ${ICON_POWER2}.Gain ${ICON_HONOR1} for each faction among Construct you control. (Factions are Enlightened, Mechana, Lifebound, and Void.)	获得${ICON_POWER2}.<br>获得${ICON_HONOR1} 以每个派系之中神器你控制的. <i>(派系为圣贤, 机械, 生命, 和虚空.)</i>
E	Gain ${ICON_RUNE1}.<br>${LABEL_UNITE} Draw 2 cards. <i>(Gain this effect once if you play or have played another Lifebound Hero this turn.)</i>	获得${ICON_RUNE1}.<br>${LABEL_UNITE} 抽 2 卡牌. <i>(获得此效果一次若 你打出或 拥有打出过另一命约英雄本回合.)</i>
E	Gain ${ICON_RUNE2}.<br>You may defeat a Monster with ${ICON_POWER} cost less than or equal to the ${ICON_RUNE} cost of a Construct you control.	获得${ICON_RUNE2}.<br>你可以击败一个怪物以 ${ICON_POWER} 费用低于或 相等以 ${ICON_RUNE} 费用的 神器你控制的.
E	If you have never created a Playdek account, please click on the "Create Account" button and follow the process to create a new online account.	若你从未创建过 Playdek 账号，请点击「创建账号」按钮，并按流程注册新的在线账号。
E	Once per turn, when a player defeats a Monster in the center row, that player gains . Event Trophy: Banish a card in your hand or discard pile.	每回合一次：当玩家击败中央牌列中的一只怪物时，该玩家获得 <sprite=65>。\n\n<color=#d8a6ffff>事件战利品：</color>放逐你手牌或弃牌堆中的一张卡牌。
E	Gain ${ICON_HONOR5}.At the end of the game, Moken, the Huntmaster's ${ICON_HONOR} value is equal to the number of Treasure cards in your deck.	获得${ICON_HONOR5}.<br>At结束时游戏, 莫肯, 猎主之 ${ICON_HONOR} 值为 相等以 数量为宝藏卡牌在 你的牌库.
E	Gain ${ICON_RUNE1}.<br>${LABEL_UNITE} Draw a card. <i>(Gain this effect once if you play or have played another Lifebound Hero this turn.)</i>	获得${ICON_RUNE1}.<br>${LABEL_UNITE} 抽一张牌. <i>(获得此效果一次若 你打出或 拥有打出过另一命约英雄本回合.)</i>
E	Gain ${ICON_RUNE2}.Gain ${ICON_HONOR1} for each faction among Constructs you control. (Factions are Enlightened, Lifebound, Mechana and Void).	获得${ICON_RUNE2}.<br>获得${ICON_HONOR1} 以每个派系在你控制的神器之中. (派系为圣贤, 生命, 机械和 虚空).
E	RUNES: Runes are one of the two main resources in Ascension. Runes are used to acquire Heroes and Constructs so you can add them to your deck.	<indent=4em><b>符文：</b>符文是《创升纪元》的两大核心资源之一。符文用于获取英雄与神器，将其加入你的牌组。
E	When a player acquires a Void card, that player may banish a card in their hand or discard pile.<br>${LABEL_EVENT_TROPHY} Gain ${ICON_POWER1}.	当玩家获取虚空卡牌, 该玩家可以放逐一张卡牌在其手牌中或 弃牌堆.<br>${LABEL_EVENT_TROPHY} 获得${ICON_POWER1}.
E	You may pay ${ICON_INSIGHT15} to transform this into The Ironheart.Once per turn, gain ${ICON_INSIGHT1} for each Mechana Construct you contol.	你可以支付 ${ICON_INSIGHT15} 以将此牌转化为铁之心.<br>每回合一次，获得${ICON_INSIGHT1} 以每个机械神器你 控制.
E	${LABEL_PHANTASM}While this is in the center row, you may pay ${ICON_INSIGHT2} to banish and play this.Gain ${ICON_RUNE1} and ${ICON_POWER1}.	${LABEL_PHANTASM}当此 为在中央牌列, 你可以支付 ${ICON_INSIGHT2} 以放逐和 打出此.<br>获得${ICON_RUNE1} 和 ${ICON_POWER1}.
E	${LABEL_REWARD} Gain ${ICON_HONOR5}.  If an opponent has more than one Construct, that player must destroy all but one Construct he controls.	${LABEL_REWARD} 获得${ICON_HONOR5}. 若对手拥有超过一 神器, 该玩家须摧毁只留一个，其余神器其控制的.
E	Copy the effect of a Hero played this turn.You may pay ${ICON_INSIGHT3} to copy the chosen effect twice instead.This effect cannot be copied.	复制本回合打出的一张英雄的效果。<br>你可以支付 ${ICON_INSIGHT3} 以复制所选效果两次改为.<br>此效果不能是 被复制.
E	Empower (When you acquire this, you may banish a card you have played this turn.)Gain ${ICON_POWER4}.If you control Ulan's Fist, draw a card.	赋力 <i>(当你 获取此, 你可以放逐一张卡牌你 拥有打出过本回合.)</i><br>获得${ICON_POWER4}.<br>若你控制的乌兰的拳, 抽一张牌.
E	Once per turn, you may acquire a Hero or Construct with ${ICON_RUNE} cost less than or equal to the number of Mechana Constructs you control.	每回合一次，你可以获取一个英雄或 神器以 ${ICON_RUNE} 费用低于或 相等以 数量为机械神器你控制的.
E	While this is in your hand, if you have gained ${ICON_HONOR3} or more this turn, transform this into Remus, Wild Emissary.Gain ${ICON_RUNE3}.	当此 为在你的手牌中, 若你 拥有已获得 ${ICON_HONOR3} 或更高本回合, 将此牌转化为雷穆斯, 荒野使者.<br>获得${ICON_RUNE3}.
E	${LABEL_REWARD} Gain ${ICON_HONOR4}. Choose an opponent to discard a card at random from their hand.<br>${LABEL_DREAMBIND} ${ICON_INSIGHT4}.	${LABEL_REWARD} 获得${ICON_HONOR4}. 选择一名对手以 弃掉卡牌随机从其手牌.<br>${LABEL_DREAMBIND} ${ICON_INSIGHT4}.
E	${LABEL_REWARD} Gain ${ICON_HONOR5}. Each opponent reveals their hand. Gain an additional ${ICON_HONOR2} for each Monster revealed this way.	${LABEL_REWARD} 获得${ICON_HONOR5}. 每位对手展示其 手牌. 获得额外的 ${ICON_HONOR2} 以每个怪物已展示以此方式.
E	${LABEL_REWARD} Gain ${ICON_HONOR5}. If an opponent has more than one Construct, that player must destroy all but one Construct he controls.	${LABEL_REWARD} 获得${ICON_HONOR5}. 若对手拥有超过一 神器, 该玩家须摧毁只留一个，其余神器其控制的.
E	Gain ${ICON_RUNE2}.${LABEL_MULTIUNITE} Gain ${ICON_RUNE1}. (Gain this effect for each other Mechana Hero you play or have played this turn.)	获得${ICON_RUNE2}.<br>${LABEL_MULTIUNITE} 获得${ICON_RUNE1}. <i>(获得此效果以 每个其他机械英雄你 打出或 拥有打出过本回合.)</i>
E	If all cards in the center row are ${ICON_NIGHT} cards, you may defeat this without paying its cost.<br>${LABEL_REWARD} Gain ${ICON_HONOR5}.	若所有卡牌在中央牌列为 ${ICON_NIGHT} 卡牌, 你可以击败此 无需支付费用.<br>${LABEL_REWARD} 获得${ICON_HONOR5}.
E	Once per turn, if you control four or more Mechana Constructs, you may acquire or defeat any card in the center row without paying its cost.	每回合一次，若你控制的四 或更高机械神器, 你可以获取或 击败任意卡牌在中央牌列无需支付费用.
E	Reveal the top card of the center deck. Acquire or defeat it without paying its cost. If you acquire a Hero this way, put it into your hand.	展示传送门牌库顶的卡牌. 获取或 击败它 无需支付费用. 若你 获取一个英雄以此方式, 将它放置置入你的手牌.
E	${LABEL_REWARD} Gain ${ICON_HONOR3}. You pay ${ICON_RUNE3} less the next time you acquire a Construct this turn.<br>${LABEL_RALLY_MECHANA}.	${LABEL_REWARD} 获得${ICON_HONOR3}. 你支付 ${ICON_RUNE3} 更低下次你获取神器本回合.<br>${LABEL_RALLY_MECHANA}.
E	${LABEL_REWARD} Gain ${ICON_HONOR4}. For each opponent, you choose and destroy a Construct they control.${LABEL_DREAMBIND} ${ICON_INSIGHT2}	${LABEL_REWARD} 获得${ICON_HONOR4}. 以每位对手, 你选择和 摧毁一个神器其控制的.<br>${LABEL_DREAMBIND} ${ICON_INSIGHT2}
E	Defeat a Monster with cost ${ICON_POWER4} or less without paying its cost.<br>${LABEL_SERENITY} When you acquire this, put it in your hand.	击败一个怪物以 费用 ${ICON_POWER4} 或更低无需支付费用.<br>${LABEL_SERENITY} 当你 获取此, 将它放置在你的手牌中.
E	Gain ${ICON_HONOR3}.${LABEL_UNITE} Gain ${ICON_HONOR3}.(Gain this effect once if you play or have played another Lifebound Hero this turn.)	获得${ICON_HONOR3}.<br>${LABEL_UNITE} 获得${ICON_HONOR3}.<br><i>(获得此效果一次若 你打出或 拥有打出过另一命约英雄本回合.)</i>
E	Gain ${ICON_POWER2}.${LABEL_MULTIUNITE} Gain ${ICON_POWER1}. (Gain this effect for each other Void Hero you play or have played this turn.)	获得${ICON_POWER2}.<br>${LABEL_MULTIUNITE} 获得${ICON_POWER1}. <i>(获得此效果以 每个其他虚空英雄你 打出或 拥有打出过本回合.)</i>
E	Gain ${ICON_POWER2}.<br>The next time you defeat a Monster in the center row this turn, you may banish a card in your hand or discard pile.	获得${ICON_POWER2}.<br>下次你击败一个怪物在中央牌列本回合, 你可以放逐一张卡牌在你的手牌或弃牌堆.
E	Gain ${ICON_POWER3}.<br>The next time you defeat a Monster this turn, gain ${ICON_RUNE} equal to the defeated Monster's ${ICON_POWER} cost.	获得${ICON_POWER3}.<br>下次你击败一个怪物本回合, 获得${ICON_RUNE} 相等以 被击败怪物之 ${ICON_POWER} 费用.
E	Gain ${ICON_RUNE2}.You may defeat a Monster with ${ICON_POWER} cost less than or equal to the ${ICON_RUNE} cost of a Construct you control.	获得${ICON_RUNE2}.<br>你可以击败一个怪物以 ${ICON_POWER} 费用低于或 相等以 ${ICON_RUNE} 费用的 神器你控制的.
E	Gain ${ICON_RUNE3}.${LABEL_UNITE} Gain ${ICON_POWER3}. (Gain this effect once if you play or have played another Lifebound Hero this turn.)	获得${ICON_RUNE3}.<br>${LABEL_UNITE} 获得${ICON_POWER3}. <i>(获得此效果一次若 你打出或 拥有打出过另一命约英雄本回合.)</i>
E	Once per turn, when a player discards any number of cards, they may return one of them to their hand.<br>${LABEL_EVENT_TROPHY} Draw a card.	每回合一次，当玩家弃掉任意数量的 卡牌, 他们可以返回一 的它们以 其手牌.<br>${LABEL_EVENT_TROPHY} 抽一张牌.
E	If you have gained ${ICON_ENERGY4} or more this turn, you may defeat this without paying its cost.<br>${LABEL_REWARD} Gain ${ICON_HONOR4}.	若你 拥有已获得 ${ICON_ENERGY4} 或更高本回合, 你可以击败此 无需支付费用.<br>${LABEL_REWARD} 获得${ICON_HONOR4}.
E	This Construct counts as all factions.<br>When you play this, gain ${ICON_HONOR2}.<br>Pasythea costs you ${ICON_INSIGHT4} less to acquire.	此神器视为作为所有派系.<br>当你 打出此, 获得${ICON_HONOR2}.<br>帕西提亚费用为你 ${ICON_INSIGHT4} 更低以 获取.
E	This Construct counts as all factions.<br>When you play this, gain ${ICON_POWER2}.<br>Pasythea costs you ${ICON_INSIGHT4} less to acquire.	此神器视为作为所有派系.<br>当你 打出此, 获得${ICON_POWER2}.<br>帕西提亚费用为你 ${ICON_INSIGHT4} 更低以 获取.
E	When a player acquires a Void card, that player may banish a card in their hand or discard pile.${LABEL_EVENT_TROPHY} Gain ${ICON_POWER1}.	当玩家获取虚空卡牌, 该玩家可以放逐一张卡牌在其手牌中或 弃牌堆.<br>${LABEL_EVENT_TROPHY} 获得${ICON_POWER1}.
E	You may banish this or a card in your hand. If you do, acquire a Mystic or Heavy Infantry without paying its cost and put it in your hand.	你可以放逐此牌或 卡牌在你的手牌中. 若你如此做，获取秘教士或 重装步兵无需支付费用和 将它放置在你的手牌中.
E	${LABEL_REWARD} Gain ${ICON_HONOR5}. You may defeat a Monster in the center row with cost ${ICON_POWER5} or less without paying its cost.	${LABEL_REWARD} 获得${ICON_HONOR5}. 你可以击败一个怪物在中央牌列以 费用 ${ICON_POWER5} 或更低无需支付费用.
E	Gain ${ICON_POWER2}.<br>The next time you defeat a Monster in the center row this turn, you may acquire a Portal without paying its cost.	获得${ICON_POWER2}.<br>下次你击败一个怪物在中央牌列本回合, 你可以获取传送门无需支付费用.
E	This Construct counts as all factions.<br>When you play this, gain ${ICON_RUNE2}.<br>Pasythea costs you ${ICON_INSIGHT4} less to acquire.	此神器视为作为所有派系.<br>当你 打出此, 获得${ICON_RUNE2}.<br>帕西提亚费用为你 ${ICON_INSIGHT4} 更低以 获取.
E	When you acquire this, ${LABEL_RALLY_MECHANA}.Gain ${ICON_RUNE2}.If you control two or more Constructs, gain an additional ${ICON_RUNE1}.	当你 获取此, ${LABEL_RALLY_MECHANA}.<br>获得${ICON_RUNE2}.<br>若你控制的两 或更高神器s, 获得额外的 ${ICON_RUNE1}.
E	${LABEL_REWARD} Gain ${ICON_HONOR4}. Choose an opponent to discard a card at random from their hand.${LABEL_DREAMBIND} ${ICON_INSIGHT4}.	${LABEL_REWARD} 获得${ICON_HONOR4}. 选择一名对手以 弃掉卡牌随机从其手牌.<br>${LABEL_DREAMBIND} ${ICON_INSIGHT4}.
E	Draw a card, then banish a card in the Center Row. Then, gain ${ICON_RENOWN1} in each of the faction(s) that replaced the banished card.	抽一张牌, 然后放逐一张卡牌在 中央牌列. 然后, 获得${ICON_RENOWN1} 在每个的 派系(s) 该被替换被放逐卡牌.
E	Gain ${ICON_HONOR2}.${LABEL_UNITE} Gain a Soul Gem. (Gain this effect once if you play or have played another Lifebound Hero this turn.)	获得${ICON_HONOR2}.<br>${LABEL_UNITE} 获得灵魂宝石. <i>(获得此效果一次若 你打出或 拥有打出过另一命约英雄本回合.)</i>
E	HONOR: Honor is the key to victory in Ascension. Whoever earns the most Honor throughout the game wins and earns the title of Godslayer!	<indent=4em><b>荣誉：</b>荣誉是《创升纪元》通往胜利的钥匙。整场游戏中获得荣誉最多的玩家获胜，并取得「弑神者」的称号！
E	If all cards in the center row are ${ICON_NIGHT} cards, you may defeat this without paying its cost.${LABEL_REWARD} Gain ${ICON_HONOR5}.	若所有卡牌在中央牌列为 ${ICON_NIGHT} 卡牌, 你可以击败此 无需支付费用.<br>${LABEL_REWARD} 获得${ICON_HONOR5}.
E	Once per turn, you may reveal the top card of your deck and put it in your hand. If it is Enlightened or Lifebound, gain ${ICON_HONOR3}.	每回合一次，你可以展示你牌库顶的卡牌和 将它放置在你的手牌中. 若它 为圣贤或 生命, 获得${ICON_HONOR3}.
E	Reveal the top card of the center deck. Acquire or defeat that card without paying its cost.<br>${LABEL_MULTIUNITE} You may repeat this.	展示传送门牌库顶的卡牌. 获取或 击败该 卡牌无需支付费用.<br>${LABEL_MULTIUNITE} 你可以重复此.
E	The player who gains the most <b>Honor Points</b> will lead his army to defeat the <b>Fallen One</b> and earn the title of <b>Godslayer.	赢得最多<b>荣誉点数</b>的玩家将率领自己的军队击败<b>堕落者</b>，夺得<b>弑神者</b>的称号。
E	${LABEL_REWARD} Gain ${ICON_HONOR1}, then steal ${ICON_HONOR2} from an opponent with the most ${ICON_HONOR} if they have more than you.	${LABEL_REWARD} 获得${ICON_HONOR1}, 然后偷取 ${ICON_HONOR2} 从对手以 最多的 ${ICON_HONOR} 若其拥有超过你.
E	${LABEL_REWARD} Gain ${ICON_HONOR3}. You pay ${ICON_RUNE3} less the next time you acquire a Construct this turn.${LABEL_RALLY_MECHANA}.	${LABEL_REWARD} 获得${ICON_HONOR3}. 你支付 ${ICON_RUNE3} 更低下次你获取神器本回合.<br>${LABEL_RALLY_MECHANA}.
E	2. After you are done acquiring Heroes and Constructs and defeating Monsters, all cards in your hand are placed into your discard pile.	2. 当你完成获取英雄、神器和击败怪物后，将场上所有剩余的卡牌放入弃牌堆。
E	Defeat a Monster in the center row without paying its cost.  If it cost ${ICON_POWER7} or more, take an additional turn after this one.	击败一个怪物在中央牌列无需支付费用. 若它 费用 ${ICON_POWER7} 或更高, 拿取额外回合在此之后.
E	Defeat a Monster with cost ${ICON_POWER4} or less without paying its cost.${LABEL_SERENITY} When you acquire this, put it in your hand.	击败一个怪物以 费用 ${ICON_POWER4} 或更低无需支付费用.<br>${LABEL_SERENITY} 当你 获取此, 将它放置在你的手牌中.
E	Draw a card. Banish a card in the center row. If the next card to enter the center row is a Monster, defeat it without paying its cost.	抽一张牌. 放逐一张卡牌在中央牌列. 若下一卡牌以 进入中央牌列为 怪物, 击败它 无需支付费用.
E	FACTION\nThere are 4 different factions:\n<color=#4cbbeb>Enlightened\n<color=#7fc241>Lifebound\n<color=#b6b6b6>Mechana\n<color=#bb8bbe>Void\n	派系\n共有四大派系：\n<color=#4cbbeb>圣贤\n<color=#7fc241>命约\n<color=#b6b6b6>机械\n<color=#bb8bbe>虚空
E	Gain ${ICON_POWER2}.The next time you defeat a Monster in the center row this turn, you may banish a card in your hand or discard pile.	获得${ICON_POWER2}.<br>下次你击败一个怪物在中央牌列本回合, 你可以放逐一张卡牌在你的手牌或弃牌堆.
E	Gain ${ICON_POWER3}.<br>Put all cards from your deck into your discard pile, then return a Void card in your discard pile to your hand.	获得${ICON_POWER3}.<br>放置所有卡牌从 你的牌库置入你的弃牌堆, 然后返回虚空卡牌在你的弃牌堆以 你的手牌.
E	Gain ${ICON_POWER3}.The next time you defeat a Monster this turn, gain ${ICON_RUNE} equal to the defeated Monster's ${ICON_POWER} cost.	获得${ICON_POWER3}.<br>下次你击败一个怪物本回合, 获得${ICON_RUNE} 相等以 被击败怪物之 ${ICON_POWER} 费用.
E	Gain ${ICON_RUNE4}.<br>Each time you acquire a Hero from the center row this turn, gain ${ICON_HONOR} equal to its ${ICON_HONOR} value.	获得${ICON_RUNE4}.<br>每位次 你获取一个英雄从中央牌列本回合, 获得${ICON_HONOR} 相等以 其 ${ICON_HONOR} 值.
E	Once per turn, when a player discards any number of cards, they may return one of them to their hand.${LABEL_EVENT_TROPHY} Draw a card.	每回合一次，当玩家弃掉任意数量的 卡牌, 他们可以返回一 的它们以 其手牌.<br>${LABEL_EVENT_TROPHY} 抽一张牌.
E	Runes are one of the two main resources in Ascension. Runes are used to acquire Heroes and Constructs so you can add them to your deck.	符文是《创升纪元》的两大核心资源之一。符文用于获取英雄和神器，将它们加入你的牌库。
E	You can get a closer view of any card by double tapping it.  A single tap will then return it to the play field so you can resume play.	双击任意卡牌可查看大图。单击即可回到牌局继续游戏。
E	You can get a closer view of any card by right clicking it.  A left click will then return it to the play field so you can resume play.	右键点击任意卡牌可查看大图。左键点击即可回到牌局继续游戏。
E	Defeat a Monster in the center row without paying its cost. If it cost ${ICON_POWER7} or more, take an additional turn after this one.	击败一个怪物在中央牌列无需支付费用. 若它 费用 ${ICON_POWER7} 或更高, 拿取额外回合在此之后.
E	FACTION\nThere are 4 different factions:\n<color=#4cbbeb>Enlightened\n<color=#7fc241>Lifebound\n<color=#b6b6b6>Mechana\n<color=#bb8bbe>Void	派系\n共有四大派系：\n<color=#4cbbeb>圣贤\n<color=#7fc241>命约\n<color=#b6b6b6>机械\n<color=#bb8bbe>虚空
E	Gain ${ICON_HONOR3}.You may pay ${ICON_INSIGHT3} to Recur. (Gain the effect listed above an additional time. You may only Recur once.)	获得${ICON_HONOR3}.<br>你可以支付 ${ICON_INSIGHT3} 以 <b>再次发生</b>. <i>(获得效果列出的上方额外的次. 你可以只再次发生一次.)</i>
E	Gain ${ICON_POWER2}.<br>Put the top card of your deck into your discard pile, then you may banish a card in your hand or discard pile.	获得${ICON_POWER2}.<br>放置你牌库顶的卡牌置入你的弃牌堆, 然后你可以放逐一张卡牌在你的手牌或弃牌堆.
E	Gain ${ICON_POWER3}.<br>You may return a Void card in your discard pile to your hand.<br>You may pay ${ICON_INSIGHT3} to <b>Recur</b>.	获得${ICON_POWER3}.<br>你可以返回虚空卡牌在你的弃牌堆以 你的手牌.<br>你可以支付 ${ICON_INSIGHT3} 以 <b>再次发生</b>.
E	If you have gained ${ICON_ENERGY4} or more this turn, you may defeat this without paying its cost.${LABEL_REWARD} Gain ${ICON_HONOR4}.	若你 拥有已获得 ${ICON_ENERGY4} 或更高本回合, 你可以击败此 无需支付费用.<br>${LABEL_REWARD} 获得${ICON_HONOR4}.
E	Once per turn, when you play a Mechana Construct (including this one), you may return a Construct from your discard pile to your hand.	每回合一次，当你 打出机械神器 (包括此牌一), 你可以返回神器从 你的弃牌堆以 你的手牌.
E	Once per turn, you may pay up to ${ICON_RUNE5} to gain that much ${ICON_HONOR}.<br>When you play a Lifebound Hero, gain ${ICON_RUNE1}.	每回合一次，你可以支付至多 ${ICON_RUNE5} 以获得该等量的 ${ICON_HONOR}.<br>当你 打出命约英雄, 获得${ICON_RUNE1}.
E	While this is in your hand, if there are 8 or more Monsters in the Void, transform this into Emri, Demonsbane.<br>Gain ${ICON_POWER4}.	当此 为在你的手牌中, 若那里为 8 或更高怪物在 虚空区, 将此牌转化为恶魔克星艾姆瑞.<br>获得${ICON_POWER4}.
E	You can get a closer view of any card by double tapping it. A single tap will then return it to the play field so you can resume play.	双击任意卡牌可查看大图。单击即可回到牌局继续游戏。
E	You can get a closer view of any card by right clicking it. A left click will then return it to the play field so you can resume play.	右键点击任意卡牌可查看大图。左键点击即可回到牌局继续游戏。
E	You may banish a card from your hand. If you do, acquire a Mystic or Heavy Infantry without paying its cost and put it into your hand.	你可以放逐一张卡牌从你的手牌. 若你如此做，获取秘教士或 重装步兵无需支付费用和 将它放置置入你的手牌.
E	${LABEL_REWARD} Gain ${ICON_HONOR3}.<br>If you have played or acquired a Lifebound card this turn, gain an additional ${ICON_HONOR2}.	${LABEL_REWARD} 获得${ICON_HONOR3}.<br>若你打出过或 已获取生命卡牌本回合, 获得额外的 ${ICON_HONOR2}.
E	Gain ${ICON_POWER2}.${LABEL_ECHO} Gain an additional ${ICON_POWER2}. (Gain this effect if there is a Void card in your discard pile.)	获得${ICON_POWER2}.<br>${LABEL_ECHO} 获得额外的 ${ICON_POWER2}. <i>(获得此效果若 存在虚空卡牌在你的弃牌堆.)</i>
E	Gain ${ICON_POWER2}.The next time you defeat a Monster in the center row this turn, you may acquire a Portal without paying its cost.	获得${ICON_POWER2}.<br>下次你击败一个怪物在中央牌列本回合, 你可以获取传送门无需支付费用.
E	Gain ${ICON_RUNE2}.<br>The next time you acquire a Hero this turn, gain ${ICON_POWER} equal to the acquired Hero's ${ICON_RUNE} cost.	获得${ICON_RUNE2}.<br>下次你获取一个英雄本回合, 获得${ICON_POWER} 相等以 已获取英雄之 ${ICON_RUNE} 费用.
E	Once per turn, when you play a Mechana Construct (including this one), gain ${ICON_INSIGHT1} for each Mechana Construct your control.	每回合一次，当你 打出机械神器 (包括此牌一), 获得${ICON_INSIGHT1} 以每个机械神器你的控制.
E	When you defeat a Monster in the center row or play a Monster, you may put it directly into play and treat it as a Mechana Construct.	当你 击败一个怪物在中央牌列或 打出怪物, 你可以将其直接进入战场和 视为它作为机械神器.
E	While this is in your hand, you may pay ${ICON_INSIGHT6} to transform it into Lychan Beast.<br>Gain ${ICON_RUNE2} and ${ICON_POWER2}.	当此 为在你的手牌中, 你可以支付 ${ICON_INSIGHT6} 以转化它 置入狼化野兽.<br>获得${ICON_RUNE2} 和 ${ICON_POWER2}.
E	Empower (When you acquire this, you may banish a card you have played this turn.)You may banish a card in your hand or discard pile.	赋力 <i>(当你 获取此, 你可以放逐一张卡牌你 拥有打出过本回合.)</i><br>你可以放逐一张卡牌在你的手牌或弃牌堆.
E	Gain ${ICON_HONOR3}.${LABEL_UNITE} Draw a card. (Gain this effect once if you play or have played another Lifebound Hero this turn.)	获得${ICON_HONOR3}.<br>${LABEL_UNITE} 抽一张牌. <i>(获得此效果一次若 你打出或 拥有打出过另一命约英雄本回合.)</i>
E	Gain ${ICON_POWER2}.<br>${LABEL_ECHO} Gain ${ICON_INSIGHT2}. (<i>Gain this effect if there is a Void card in your discard pile.</i>)	获得${ICON_POWER2}.<br>${LABEL_ECHO} 获得${ICON_INSIGHT2}. (<i>获得此效果若 存在虚空卡牌在你的弃牌堆.</i>)
E	Gain ${ICON_RUNE1}.${LABEL_UNITE} Draw 2 cards. (Gain this effect once if you play or have played another Lifebound Hero this turn.)	获得${ICON_RUNE1}.<br>${LABEL_UNITE} 抽 2 卡牌. <i>(获得此效果一次若 你打出或 拥有打出过另一命约英雄本回合.)</i>
E	Purchase all the Ascension bundles for one low price!Includes Bundle #1 through Bundle #5. That's 630 unique new cards to play with.	一次购入全部《创升纪元》捆绑包，超值优惠！<br><br>包含捆绑包 #1 至 #5。<br><br>共计 630 张<b>独特</b>新卡可供游玩。
E	Reveal the top card of the center deck. Acquire or defeat that card without paying its cost.${LABEL_MULTIUNITE} You may repeat this.	展示传送门牌库顶的卡牌. 获取或 击败该 卡牌无需支付费用.<br>${LABEL_MULTIUNITE} 你可以重复此.
E	When you acquire this, ${LABEL_RALLY_ENLIGHTENED}.<br>Draw a card. If you have ${ICON_REPUTATION8} or more, draw an additional card.	当你 获取此, ${LABEL_RALLY_ENLIGHTENED}.<br>抽一张牌. 若你 拥有${ICON_REPUTATION8} 或更高, 抽额外的卡牌.
E	While this is in your hand, if you control two or more Constructs, transform this into Alset, Reactor Savant.<br>Gain ${ICON_RUNE3}.	当此 为在你的手牌中, 若你控制的两 或更高神器s, 将此牌转化为阿尔塞特, 反应堆学者.<br>获得${ICON_RUNE3}.
E	${LABEL_REWARD} Gain ${ICON_HONOR4}. Banish the top seven cards of the center deck. Put all Treasures banished this way under this.	${LABEL_REWARD} 获得${ICON_HONOR4}. 放逐顶部七张卡牌的 传送门牌库. 放置所有宝藏s被放逐以此方式其下此.
E	${LABEL_REWARD} Gain ${ICON_HONOR6}.<br>Choose up to three Trophy Monsters from the Void and put them into play under your control.	${LABEL_REWARD} 获得${ICON_HONOR6}.<br>选择至多三 战利品怪物从虚空区和 放置它们进入战场置于你的控制下.
E	<i>No, Kythis. You are bound no longer. Forbear my fate, Gatekeeper, and I shall absolve you of yours. It is still within my power.	「不，凯提斯。你已不再受约束。守门者，请免去我的宿命，我也将免去你的职责。这仍在我的权力之内。」
E	Draw a card.<br>${LABEL_PLUNDER}This turn, if you acquire a card AND defeat a Monster, both in the center row, gain ${ICON_HONOR3}.	抽一张牌.<br>${LABEL_PLUNDER}此回合, 若你 获取卡牌和 击败一个怪物, 两者在中央牌列, 获得${ICON_HONOR3}.
E	Draw a card.<br>Unite-Emissary: Gain ${ICON_HONOR2}. (Gain this effect once if you play or have played another Emissary this turn.)	抽一张牌.<br>联合-使者: 获得${ICON_HONOR2}. (获得此效果一次若 你打出或 拥有打出过另一使者本回合.)
E	Draw a card.<br>Unite-Emissary: Gain ${ICON_POWER2}. (Gain this effect once if you play or have played another Emissary this turn.)	抽一张牌.<br>联合-使者: 获得${ICON_POWER2}. (获得此效果一次若 你打出或 拥有打出过另一使者本回合.)
E	Gain ${ICON_POWER3}.Put all cards from your deck into your discard pile, then return a Void card in your discard pile to your hand.	获得${ICON_POWER3}.<br>放置所有卡牌从 你的牌库置入你的弃牌堆, 然后返回虚空卡牌在你的弃牌堆以 你的手牌.
E	Gain ${ICON_RUNE1}.${LABEL_UNITE} Draw a card. (Gain this effect once if you play or have played another Lifebound Hero this turn.)	获得${ICON_RUNE1}.<br>${LABEL_UNITE} 抽一张牌. <i>(获得此效果一次若 你打出或 拥有打出过另一命约英雄本回合.)</i>
E	Gain ${ICON_RUNE4}.Each time you acquire a Hero from the center row this turn, gain ${ICON_HONOR} equal to its ${ICON_HONOR} value.	获得${ICON_RUNE4}.<br>每位次 你获取一个英雄从中央牌列本回合, 获得${ICON_HONOR} 相等以 其 ${ICON_HONOR} 值.
E	Now, the barrier between dimensions is failing, and Samael, the Fallen God, has returned with his army of Monsters from the beyond!	如今，次元之间的屏障正在崩塌，堕落之神萨麦尔率领他的怪物大军从异界归来！
E	Once per turn, when you play a Mechana Construct (including this one), gain ${ICON_HONOR1} for each Mechana Construct your control.	每回合一次，当你 打出机械神器 (包括此牌一), 获得${ICON_HONOR1} 以每个机械神器你的控制.
E	Once per turn, when you play a Mechana Construct (including this one), gain ${ICON_POWER1} for each Mechana Construct your control.	每回合一次，当你 打出机械神器 (包括此牌一), 获得${ICON_POWER1} 以每个机械神器你的控制.
E	When you acquire this and it is Day, put it directly into play.<br>When you acquire a Mechana Construct, put it directly into play.	当你 获取此 和它 为昼, 将其直接进入战场.<br>当你 获取机械神器, 将其直接进入战场.
E	Draw a card.<br>Unite-Emissary: Gain ${ICON_RUNE2}. (Gain this effect once if you play or have played another Emissary this turn.)	抽一张牌.<br>联合-使者: 获得${ICON_RUNE2}. (获得此效果一次若 你打出或 拥有打出过另一使者本回合.)
E	Empower <i>(When you acquire this, you may banish a card you have played this turn.)</i><br>Gain ${ICON_RUNE1} and ${ICON_HONOR1}.	赋力 <i>(当你 获取此, 你可以放逐一张卡牌你 拥有打出过本回合.)</i><br>获得${ICON_RUNE1} 和 ${ICON_HONOR1}.
E	Empower <i>(When you acquire this, you may banish a card you have played this turn.)</i><br>Gain ${ICON_RUNE1} and ${ICON_POWER1}.	赋力 <i>(当你 获取此, 你可以放逐一张卡牌你 拥有打出过本回合.)</i><br>获得${ICON_RUNE1} 和 ${ICON_POWER1}.
E	Gain ${ICON_POWER2}.Put the top card of your deck into your discard pile, then you may banish a card in your hand or discard pile.	获得${ICON_POWER2}.<br>放置你牌库顶的卡牌置入你的弃牌堆, 然后你可以放逐一张卡牌在你的手牌或弃牌堆.
E	Once per turn, gain ${ICON_POWER1}.<br>Once per turn, when you play a Mechana Construct (including this one), gain ${ICON_POWER1}.	每回合一次，获得${ICON_POWER1}.<br>每回合一次，当你 打出机械神器 (包括此牌一), 获得${ICON_POWER1}.
E	Once per turn, when you play a Mechana Construct (including this one), gain ${ICON_RUNE1} for each Mechana Construct your control.	每回合一次，当你 打出机械神器 (包括此牌一), 获得${ICON_RUNE1} 以每个机械神器你的控制.
E	Once per turn, you may pay up to ${ICON_RUNE5} to gain that much ${ICON_HONOR}.When you play a Lifebound Hero, gain ${ICON_RUNE1}.	每回合一次，你可以支付至多 ${ICON_RUNE5} 以获得该等量的 ${ICON_HONOR}.<br>当你 打出命约英雄, 获得${ICON_RUNE1}.
E	This Construct counts as all factions.<br>When you play this, draw a card.<br>Pasythea costs you ${ICON_INSIGHT4} less to acquire.	此神器视为作为所有派系.<br>当你 打出此, 抽一张牌.<br>帕西提亚费用为你 ${ICON_INSIGHT4} 更低以 获取.
E	This Construct counts as all factions.When you play this, gain ${ICON_HONOR2}.Pasythea costs you ${ICON_INSIGHT4} less to acquire.	此神器视为作为所有派系.<br>当你 打出此, 获得${ICON_HONOR2}.<br>帕西提亚费用为你 ${ICON_INSIGHT4} 更低以 获取.
E	This Construct counts as all factions.When you play this, gain ${ICON_POWER2}.Pasythea costs you ${ICON_INSIGHT4} less to acquire.	此神器视为作为所有派系.<br>当你 打出此, 获得${ICON_POWER2}.<br>帕西提亚费用为你 ${ICON_INSIGHT4} 更低以 获取.
E	While this is in your hand, if there are 8 or more Monsters in the Void, transform this into Emri, Demonsbane.Gain ${ICON_POWER4}.	当此 为在你的手牌中, 若那里为 8 或更高怪物在 虚空区, 将此牌转化为恶魔克星艾姆瑞.<br>获得${ICON_POWER4}.
E	${LABEL_REWARD} Gain ${ICON_HONOR3}.If you have played or acquired a Lifebound card this turn, gain an additional ${ICON_HONOR2}.	${LABEL_REWARD} 获得${ICON_HONOR3}.<br>若你打出过或 已获取生命卡牌本回合, 获得额外的 ${ICON_HONOR2}.
E	${LABEL_REWARD} Gain ${ICON_HONOR5}. You may acquire a Hero or Construct with cost ${ICON_RUNE3} or less without paying its cost.	${LABEL_REWARD} 获得${ICON_HONOR5}. 你可以获取一个英雄或 神器以 费用 ${ICON_RUNE3} 或更低无需支付费用.
E	Gain ${ICON_POWER2}.<br>${LABEL_ECHO} Gain ${ICON_DEATH}. <i>(Gain this effect if there is a Void card in your discard pile.)</i>	获得${ICON_POWER2}.<br>${LABEL_ECHO} 获得${ICON_DEATH}. <i>(获得此效果若 存在虚空卡牌在你的弃牌堆.)</i>
E	Gain ${ICON_POWER2}.<br>${LABEL_ECHO} Gain ${ICON_RUNE3}. <i>(Gain this effect if there is a Void card in your discard pile.)</i>	获得${ICON_POWER2}.<br>${LABEL_ECHO} 获得${ICON_RUNE3}. <i>(获得此效果若 存在虚空卡牌在你的弃牌堆.)</i>
E	Gain ${ICON_RUNE2}.The next time you acquire a Hero this turn, gain ${ICON_POWER} equal to the acquired Hero's ${ICON_RUNE} cost.	获得${ICON_RUNE2}.<br>下次你获取一个英雄本回合, 获得${ICON_POWER} 相等以 已获取英雄之 ${ICON_RUNE} 费用.
E	Let a call echo across all of Vigil. The bickering that came in war's wake must end. A Godslayer must take up arms a second time.	让一声呼唤响彻祈夜全境。战争遗留的争执必须终结。弑神者必须再度拿起武器。
E	This Construct counts as all factions.When you play this, gain ${ICON_RUNE2}.Pasythea costs you ${ICON_INSIGHT4} less to acquire.	此神器视为作为所有派系.<br>当你 打出此, 获得${ICON_RUNE2}.<br>帕西提亚费用为你 ${ICON_INSIGHT4} 更低以 获取.
E	While this is in your hand, you may pay ${ICON_INSIGHT6} to transform it into Lychan Beast.Gain ${ICON_RUNE2} and ${ICON_POWER2}.	当此 为在你的手牌中, 你可以支付 ${ICON_INSIGHT6} 以转化它 置入狼化野兽.<br>获得${ICON_RUNE2} 和 ${ICON_POWER2}.
E	${LABEL_REWARD} Gain ${ICON_HONOR2}. You may banish a card in your hand or discard pile.<br>${LABEL_DREAMBIND} ${ICON_INSIGHT1}.	${LABEL_REWARD} 获得${ICON_HONOR2}. 你可以放逐一张卡牌在你的手牌或弃牌堆.<br>${LABEL_DREAMBIND} ${ICON_INSIGHT1}.
E	Gain ${ICON_RUNE3}. If you control two or more Constructs, gain ${ICON_POWER3}.<br>You may pay ${ICON_INSIGHT3} to <b>Recur</b>.	获得${ICON_RUNE3}. 若你控制的两 或更高神器s, 获得${ICON_POWER3}.<br>你可以支付 ${ICON_INSIGHT3} 以 <b>再次发生</b>.
E	Info blocky of Info\nInfo block of Info\nInfo block of Info block of Info\nInfo block of Info\nInfo block of Info\nInfo block of Info	信息
E	Info blocky of Info Info block of Info Info block of Info block of Info Info block of Info Info block of Info Info block of Info	信息
E	No, Kythis. You are bound no longer. Forbear my fate, Gatekeeper, and I shall absolve you of yours. It is still within my power.	「不，凯提斯。你已不再受约束。守门者，请免去我的宿命，我也将免去你的职责。这仍在我的权力之内。」
E	Once per turn, you may discard card from your hand to draw a card.<br>If it is a Mystic or Heavy Infantry, draw 2 cards instead.	每回合一次，你可以弃掉卡牌从你的手牌以 抽一张牌.<br>若它 为秘教士或 重装步兵, 抽 2 卡牌改为.
E	When this enters play, add a seventh card to the center row. When this leaves play, remove the seventh card from the center row.	当此牌进入战场时, 加入七张th卡牌以 中央牌列. 当此 离开打出, 移除七张th卡牌从中央牌列.
E	When you acquire this, ${LABEL_RALLY_ENLIGHTENED}.Draw a card. If you have ${ICON_REPUTATION8} or more, draw an additional card.	当你 获取此, ${LABEL_RALLY_ENLIGHTENED}.<br>抽一张牌. 若你 拥有${ICON_REPUTATION8} 或更高, 抽额外的卡牌.
E	While this is in your hand, if you control two or more Constructs, transform this into Alset, Reactor Savant.Gain ${ICON_RUNE3}.	当此 为在你的手牌中, 若你控制的两 或更高神器s, 将此牌转化为阿尔塞特, 反应堆学者.<br>获得${ICON_RUNE3}.
E	${LABEL_PHANTASM}While this is in the center row, you may pay ${ICON_INSIGHT4} to banish and play this.<br>Gain ${ICON_HONOR3}.	${LABEL_PHANTASM}当此 为在中央牌列, 你可以支付 ${ICON_INSIGHT4} 以放逐和 打出此.<br>获得${ICON_HONOR3}.
E	${LABEL_PHANTASM}While this is in the center row, you may pay ${ICON_INSIGHT4} to banish and play this.<br>Gain ${ICON_POWER3}.	${LABEL_PHANTASM}当此 为在中央牌列, 你可以支付 ${ICON_INSIGHT4} 以放逐和 打出此.<br>获得${ICON_POWER3}.
E	${LABEL_REWARD} Gain ${ICON_HONOR6}.Choose up to three Trophy Monsters from the Void and put them into play under your control.	${LABEL_REWARD} 获得${ICON_HONOR6}.<br>选择至多三 战利品怪物从虚空区和 放置它们进入战场置于你的控制下.
E	Draw a card.${LABEL_PLUNDER}This turn, if you acquire a card AND defeat a Monster, both in the center row, gain ${ICON_HONOR3}.	抽一张牌.<br>${LABEL_PLUNDER}此回合, 若你 获取卡牌和 击败一个怪物, 两者在中央牌列, 获得${ICON_HONOR3}.
E	Draw a card.Unite-Emissary: Gain ${ICON_HONOR2}. (Gain this effect once if you play or have played another Emissary this turn.)	抽一张牌.<br>联合-使者: 获得${ICON_HONOR2}. (获得此效果一次若 你打出或 拥有打出过另一使者本回合.)
E	Draw a card.Unite-Emissary: Gain ${ICON_POWER2}. (Gain this effect once if you play or have played another Emissary this turn.)	抽一张牌.<br>联合-使者: 获得${ICON_POWER2}. (获得此效果一次若 你打出或 拥有打出过另一使者本回合.)
E	Gain ${ICON_POWER4}.<br>Once per turn, when you defeat a Monster in the center row, take ${ICON_HONOR2} from each other player.	获得${ICON_POWER4}.<br>每回合一次，当你 击败一个怪物在中央牌列, 拿取${ICON_HONOR2} 从每个其他玩家.
E	When you acquire this and it is Day, put it directly into play.When you acquire a Mechana Construct, put it directly into play.	当你 获取此 和它 为昼, 将其直接进入战场.<br>当你 获取机械神器, 将其直接进入战场.
E	When you acquire this, if you have played a Lifebound Hero this turn, put this directly into your hand.<br>Gain ${ICON_HONOR3}.	当你 获取此, 若你 拥有打出过命约英雄本回合, 放置此 直接置入你的手牌.<br>获得${ICON_HONOR3}.
E	${LABEL_PHANTASM}While this is in the center row, you may pay ${ICON_INSIGHT6} to banish and play this.<br>Gain ${ICON_RUNE3}.	${LABEL_PHANTASM}当此 为在中央牌列, 你可以支付 ${ICON_INSIGHT6} 以放逐和 打出此.<br>获得${ICON_RUNE3}.
E	Draw a card.<br>${LABEL_SERENITY} Gain ${ICON_INSIGHT2}. (<i>Gain this effect if there are no cards in your discard pile.</i>)	抽一张牌.<br>${LABEL_SERENITY} 获得${ICON_INSIGHT2}. (<i>获得此效果若 那里为 没有卡牌在你的弃牌堆.</i>)
E	Draw a card.<br>Put the top card of your deck into your discard pile, then you may banish a card in your hand or discard pile.	抽一张牌.<br>放置你牌库顶的卡牌置入你的弃牌堆, 然后你可以放逐一张卡牌在你的手牌或弃牌堆.
E	Draw a card.Unite-Emissary: Gain ${ICON_RUNE2}. (Gain this effect once if you play or have played another Emissary this turn.)	抽一张牌.<br>联合-使者: 获得${ICON_RUNE2}. (获得此效果一次若 你打出或 拥有打出过另一使者本回合.)
E	Draw a card.You may pay ${ICON_INSIGHT1} to Recur. (Gain the effect listed above an additional time. You may only Recur once.)	抽一张牌.<br>你可以支付 ${ICON_INSIGHT1} 以 <b>再次发生</b>. <i>(获得效果列出的上方额外的次. 你可以只再次发生一次.)</i>
E	Once per turn, gain ${ICON_POWER1}.Once per turn, when you play a Mechana Construct (including this one), gain ${ICON_POWER1}.	每回合一次，获得${ICON_POWER1}.<br>每回合一次，当你 打出机械神器 (包括此牌一), 获得${ICON_POWER1}.
E	Once per turn, gain ${ICON_POWER2}.<br>Once per turn, if you have played Ulan, the Crusher, gain an additional ${ICON_POWER2}.	每回合一次，获得${ICON_POWER2}.<br>每回合一次，若你 拥有打出过乌兰, 粉碎者, 获得额外的 ${ICON_POWER2}.
E	${LABEL_REWARD} Gain ${ICON_HONOR2}. You may defeat a Monster in the center row named Hellfrost Imps without paying its cost.	${LABEL_REWARD} 获得${ICON_HONOR2}. 你可以击败一个怪物在中央牌列被命名为狱霜小恶魔无需支付费用.
E	${LABEL_REWARD} Gain ${ICON_HONOR3}.<br>When you defeat this, you may pay ${ICON_RUNE3} to gain an additional ${ICON_HONOR3}.	${LABEL_REWARD} 获得${ICON_HONOR3}.<br>当你 击败此, 你可以支付 ${ICON_RUNE3} 以获得额外的 ${ICON_HONOR3}.
E	<indent=4em><b>POWER:</b> Power is the second resource in Ascension.  Power is used to defeat Monsters and earn rewards. \n\n\n\n	<indent=4em><b>战力：</b>战力是《创升纪元》的第二资源。战力用于击败怪物并获得奖励。\n\n\n
E	Once per turn, gain ${ICON_RUNE1}.<br>${LABEL_UNITE} Once per turn, if you have played a Lifebound Hero, gain ${ICON_HONOR1}.	每回合一次，获得${ICON_RUNE1}.<br>${LABEL_UNITE} 每回合一次，若你 拥有打出过命约英雄, 获得${ICON_HONOR1}.
E	Once per turn, if you control four or more Mechana Constructs, you may acquire or defeat any card in the center row for free.	每回合一次，若你控制的四 或更高机械神器, 你可以获取或 击败任意卡牌在中央牌列无需支付费用.
E	"Memory and history are no concern of mine. This foul thing should never have existed.  Now, it will be as if it never did."	「记忆与历史与我无关。这污秽之物本不该存在。如今，它将如同从未存在过。」
E	"Yet, I am bound to send you on your way," the Gatekeeper replied.  "You wore a mortal skin. You must suffer a mortal fate."	「然而，我必须送你上路，」守门者回答。「你曾披上凡人之躯。你必须承受凡人之命。」
E	${LABEL_REWARD} Gain ${ICON_HONOR2}. You may banish a card in your hand or discard pile.${LABEL_DREAMBIND} ${ICON_INSIGHT1}.	${LABEL_REWARD} 获得${ICON_HONOR2}. 你可以放逐一张卡牌在你的手牌或弃牌堆.<br>${LABEL_DREAMBIND} ${ICON_INSIGHT1}.
E	${LABEL_REWARD} Gain ${ICON_HONOR6}. Take a card at random from each opponent's Dreamscape, and add them to your Dreamscape.	${LABEL_REWARD} 获得${ICON_HONOR6}. 拿取一张卡牌随机从 每位对手之梦境, 和将它们加入你的梦境.
E	Gain ${ICON_HONOR6}.<br>When you gain ${ICON_HONOR} from another card this turn, gain twice that much ${ICON_HONOR} instead.	获得${ICON_HONOR6}.<br>当你 获得${ICON_HONOR} 从另一卡牌本回合, 获得两次该 等量的 ${ICON_HONOR} 改为.
E	Gain ${ICON_POWER2}.<br>You may pay ${ICON_POWER1} less the next time you defeat a Monster with Treasure under it this turn.	获得${ICON_POWER2}.<br>你可以支付 ${ICON_POWER1} 更低下次你击败一个怪物以 宝藏其下它 本回合.
E	Once per turn, gain ${ICON_POWER1}.<br>The first time you defeat a Monster in the center row each turn, gain ${ICON_HONOR1}.	每回合一次，获得1战力。每回合你首次击败中央牌列中的怪物时，获得1荣誉。
E	Once per turn, gain ${ICON_RUNE2}.<br>Once per turn, you may acquire a Hero in the Void as though it were in the center row.	每回合一次，获得${ICON_RUNE2}.<br>每回合一次，你可以获取一个英雄在 虚空区视为在中央牌列.
E	Once per turn, you may discard card from your hand to draw a card.If it is a Mystic or Heavy Infantry, draw 2 cards instead.	每回合一次，你可以弃掉卡牌从你的手牌以 抽一张牌.<br>若它 为秘教士或 重装步兵, 抽 2 卡牌改为.
E	"Memory and history are no concern of mine. This foul thing should never have existed. Now, it will be as if it never did."	「记忆与历史与我无关。这污秽之物本不该存在。如今，它将如同从未存在过。」
E	"Yet, I am bound to send you on your way," the Gatekeeper replied. "You wore a mortal skin. You must suffer a mortal fate."	「然而，我必须送你上路，」守门者回答。「你曾披上凡人之躯。你必须承受凡人之命。」
E	${LABEL_PHANTASM}While this is in the center row, you may pay ${ICON_INSIGHT4} to banish and play this.Gain ${ICON_HONOR3}.	${LABEL_PHANTASM}当此 为在中央牌列, 你可以支付 ${ICON_INSIGHT4} 以放逐和 打出此.<br>获得${ICON_HONOR3}.
E	${LABEL_PHANTASM}While this is in the center row, you may pay ${ICON_INSIGHT4} to banish and play this.Gain ${ICON_POWER3}.	${LABEL_PHANTASM}当此 为在中央牌列, 你可以支付 ${ICON_INSIGHT4} 以放逐和 打出此.<br>获得${ICON_POWER3}.
E	${LABEL_REWARD} Gain ${ICON_HONOR3}. Each opponent with three or more Constructs in play destroys a construct they control.	${LABEL_REWARD} 获得${ICON_HONOR3}. 每位对手以 三或更高神器s在打出摧毁神器其控制的.
E	<b>Unbanishable</b>.<br>${LABEL_REWARD} Gain ${ICON_HONOR4}. You may acquire or defeat any card in the center row for free.	<b>不可放逐</b>.<br>${LABEL_REWARD} 获得${ICON_HONOR4}. 你可以获取或 击败任意卡牌在中央牌列无需支付费用.
E	Gain ${ICON_POWER4}.Once per turn, when you defeat a Monster in the center row, take ${ICON_HONOR2} from each other player.	获得${ICON_POWER4}.<br>每回合一次，当你 击败一个怪物在中央牌列, 拿取${ICON_HONOR2} 从每个其他玩家.
E	Once per turn, when you play a Mechana Construct (including this one), draw a card for each Mechana Construct your control.	每回合一次，当你 打出机械神器 (包括此牌一), 抽一张牌以 每个机械神器你的控制.
E	When this enters play, draw a card.<br>You may banish this and another Temporal Eye you control to take an additional turn.	当此牌进入战场时, 抽一张牌.<br>你可以放逐此牌和 另一时光之眼你控制的以 拿取额外回合.
E	When you acquire this, if you have played a Lifebound Hero this turn, put this directly into your hand.Gain ${ICON_HONOR3}.	当你 获取此, 若你 拥有打出过命约英雄本回合, 放置此 直接置入你的手牌.<br>获得${ICON_HONOR3}.
E	${LABEL_PHANTASM}While this is in the center row, you may pay ${ICON_INSIGHT5} to banish and play this.<br>Draw two cards.	${LABEL_PHANTASM}当此 为在中央牌列, 你可以支付 ${ICON_INSIGHT5} 以放逐和 打出此.<br>抽两张牌.
E	${LABEL_PHANTASM}While this is in the center row, you may pay ${ICON_INSIGHT6} to banish and play this.Gain ${ICON_RUNE3}.	${LABEL_PHANTASM}当此 为在中央牌列, 你可以支付 ${ICON_INSIGHT6} 以放逐和 打出此.<br>获得${ICON_RUNE3}.
E	${LABEL_UNITE} Once per turn, gain ${ICON_RUNE1}. <i>(Gain this effect if you have played a Lifebound Hero this turn.)</i>	${LABEL_UNITE} 每回合一次，获得${ICON_RUNE1}. <i>(获得此效果若 你拥有打出过命约英雄本回合.)</i>
E	Defeat a Monster in the center row or the void without paying its cost. Put that Monster on the bottom of the center deck.	击败一个怪物在中央牌列或 虚空区无需支付费用. 放置该 怪物置于其底： 传送门牌库.
E	Draw a card.<br>${LABEL_SERENITY} Gain ${ICON_LIFE}. <i>(Gain this effect if there are no cards in your discard pile.)</i>	抽一张牌.<br>${LABEL_SERENITY} 获得${ICON_LIFE}. <i>(获得此效果若 那里为 没有卡牌在你的弃牌堆.)</i>
E	Draw a card.Put the top card of your deck into your discard pile, then you may banish a card in your hand or discard pile.	抽一张牌.<br>放置你牌库顶的卡牌置入你的弃牌堆, 然后你可以放逐一张卡牌在你的手牌或弃牌堆.
E	Gain ${ICON_RUNE2}.<br>You may have each player gain ${ICON_HONOR} equal to the number of Mechana Constructs they control.	获得${ICON_RUNE2}.<br>你可以拥有每位玩家获得${ICON_HONOR} 相等以 数量为机械神器其控制的.
E	If you previously had a Playdek account or use one for our other games you may login with that account email and password.	若你此前已有 Playdek 账号，或在我们其他游戏中使用过该账号，可用同一邮箱与密码登录。
E	Once per turn, gain ${ICON_POWER2}.Once per turn, if you have played Ulan, the Crusher, gain an additional ${ICON_POWER2}.	每回合一次，获得${ICON_POWER2}.<br>每回合一次，若你 拥有打出过乌兰, 粉碎者, 获得额外的 ${ICON_POWER2}.
E	Once per turn, when you play a Mechana Construct (including this one), you may banish a card in your hand or discard pile.	每回合一次，当你 打出机械神器 (包括此牌一), 你可以放逐一张卡牌在你的手牌或弃牌堆.
E	Once per turn, when you play a Mechana or Lifebound Construct (including this one), gain ${ICON_RUNE1} and ${ICON_HONOR1}.	每回合一次，当你 打出机械或 生命神器 (包括此牌一), 获得${ICON_RUNE1} 和 ${ICON_HONOR1}.
E	This Construct counts as all factions.When you play this, draw a card.Pasythea costs you ${ICON_INSIGHT4} less to acquire.	此神器视为作为所有派系.<br>当你 打出此, 抽一张牌.<br>帕西提亚费用为你 ${ICON_INSIGHT4} 更低以 获取.
E	When you play a Monster, gain ${ICON_POWER2}.<br>Pay ${ICON_POWER8}: Transform this into Xeron, False Ally and acquire it.	当你 打出怪物, 获得${ICON_POWER2}.<br>支付 ${ICON_POWER8}: 将此牌转化为泽伦, 伪盟者和 获取它.
E	${LABEL_ECHO} Once per turn, gain ${ICON_POWER1}. <i>(Gain this effect if there is a Void card in your discard pile.)</i>	${LABEL_ECHO} 每回合一次，获得${ICON_POWER1}. <i>(获得此效果若 存在虚空卡牌在你的弃牌堆.)</i>
E	${LABEL_ECHO} Once per turn, gain ${ICON_POWER3}. <i>(Gain this effect if there is a Void card in your discard pile.)</i>	${LABEL_ECHO} 每回合一次，获得${ICON_POWER3}. <i>(获得此效果若 存在虚空卡牌在你的弃牌堆.)</i>
E	${LABEL_PLUNDER}Once per turn, if you acquire a card AND defeat a Monster, both in the center row, gain ${ICON_INSIGHT2}.	${LABEL_PLUNDER}每回合一次，若你 获取卡牌和 击败一个怪物, 两者在中央牌列, 获得${ICON_INSIGHT2}.
E	${LABEL_REWARD} Gain ${ICON_HONOR3}.When you defeat this, you may pay ${ICON_RUNE3} to gain an additional ${ICON_HONOR3}.	${LABEL_REWARD} 获得${ICON_HONOR3}.<br>当你 击败此, 你可以支付 ${ICON_RUNE3} 以获得额外的 ${ICON_HONOR3}.
E	${LABEL_REWARD} Gain ${ICON_HONOR5}. Each opponent puts all Constructs they control on top of their deck in random order.	${LABEL_REWARD} 获得${ICON_HONOR5}. 每位对手放置所有神器s其控制的在 顶部的 其牌库在 随机秩序.
E	At the end of the game, the Honor token pool empties and each player counts up their total Honor to determine the winner.	游戏结束时，荣誉点数池耗尽，每位玩家清点其荣誉总数以决定胜者。
E	Draw a card. You may banish a card in the center row. If the next card to enter the center row is a Treasure, acquire it.	抽一张牌. 你可以放逐一张卡牌在中央牌列. 若下一卡牌以 进入中央牌列为 宝藏, 获取它.
E	Gain ${ICON_POWER1}.<br>You may banish a card in your hand or discard pile. If you do, gain an additional ${ICON_POWER1}.	获得${ICON_POWER1}.<br>你可以放逐一张卡牌在你的手牌或弃牌堆. 若你如此做，获得额外的 ${ICON_POWER1}.
E	Gain ${ICON_POWER2}.${LABEL_ECHO} Gain ${ICON_INSIGHT2}. (Gain this effect if there is a Void card in your discard pile.)	获得${ICON_POWER2}.<br>${LABEL_ECHO} 获得${ICON_INSIGHT2}. (<i>获得此效果若 存在虚空卡牌在你的弃牌堆.</i>)
E	Once per turn, gain ${ICON_POWER1}.<br>Once per turn, when you defeat a Monster in the center row, gain ${ICON_INSIGHT1}.	每回合一次，获得${ICON_POWER1}.<br>每回合一次，当你 击败一个怪物在中央牌列, 获得${ICON_INSIGHT1}.
E	Once per turn, gain ${ICON_RUNE1}.${LABEL_UNITE} Once per turn, if you have played a Lifebound Hero, gain ${ICON_HONOR1}.	每回合一次，获得${ICON_RUNE1}.<br>${LABEL_UNITE} 每回合一次，若你 拥有打出过命约英雄, 获得${ICON_HONOR1}.
E	Once per turn, you may pay ${ICON_INSIGHT1} to gain ${ICON_RUNE3}. You may spend them only to acquire Mechana Constructs.	每回合一次，你可以支付 ${ICON_INSIGHT1} 以获得${ICON_RUNE3}. 你可以花费它们只 以获取机械神器.
E	<indent=4em><b>POWER:</b> Power is the second resource in Ascension.  Power is used to defeat Monsters and earn rewards.	<indent=4em><b>战力：</b>战力是《创升纪元》的第二资源。战力用于击败怪物并获得奖励。\n\n\n
E	Dhartha assured them, "Not all who look into the darkness look to serve it. Just as we wield light, he wields darkness."	无数人为尼克斯的黑暗低语所奴役，但萨德拉尼斯是少数学会仅凭自己便能念出那些话语的人。外人把他的举止当作疯狂，而智者则会告诉你：他不过是心无旁骛地瞄准了一盘更大的棋局。
E	Draw a card. Banish a card in the center row. If the next card to enter the center row is a Monster, defeat it for free.	抽一张牌. 放逐一张卡牌在中央牌列. 若下一卡牌以 进入中央牌列为 怪物, 击败它 无需支付费用.
E	Gain ${ICON_HONOR1}.<br>Draw a card.<br>If you have more ${ICON_HONOR} than every other player, draw an additional card.	获得${ICON_HONOR1}.<br>抽一张牌.<br>若你 拥有更多 ${ICON_HONOR} 于每个其他玩家, 抽额外的卡牌.
E	Gain ${ICON_HONOR6}.When you gain ${ICON_HONOR} from another card this turn, gain twice that much ${ICON_HONOR} instead.	获得${ICON_HONOR6}.<br>当你 获得${ICON_HONOR} 从另一卡牌本回合, 获得两次该 等量的 ${ICON_HONOR} 改为.
E	Gain ${ICON_POWER1}.<br>The next time you defeat a Monster in the center row or the Void this turn, gain ${ICON_HONOR2}.	获得${ICON_POWER1}.<br>下次你击败一个怪物在中央牌列或 虚空区本回合, 获得${ICON_HONOR2}.
E	Gain ${ICON_POWER2}.You may pay ${ICON_POWER1} less the next time you defeat a Monster with Treasure under it this turn.	获得${ICON_POWER2}.<br>你可以支付 ${ICON_POWER1} 更低下次你击败一个怪物以 宝藏其下它 本回合.
E	Name a card.  Reveal the top card of your deck and put it into your hand.  If it is the named card, gain ${ICON_HONOR3}.	命名卡牌. 展示你牌库顶的卡牌和 将它放置置入你的手牌. 若它 为被命名为卡牌, 获得${ICON_HONOR3}.
E	Once per turn, gain ${ICON_POWER1}.The first time you defeat a Monster in the center row each turn, gain ${ICON_HONOR1}.	每回合一次，获得1战力。每回合你首次击败中央牌列中的怪物时，获得1荣誉。
E	Once per turn, gain ${ICON_RUNE2}.Once per turn, you may acquire a Hero in the Void as though it were in the center row.	每回合一次，获得${ICON_RUNE2}.<br>每回合一次，你可以获取一个英雄在 虚空区视为在中央牌列.
E	${LABEL_PLUNDER}Once per turn, if you acquire a card AND defeat a Monster, both in the center row, gain ${ICON_HONOR3}.	${LABEL_PLUNDER}每回合一次，若你 获取卡牌和 击败一个怪物, 两者在中央牌列, 获得${ICON_HONOR3}.
E	${LABEL_REWARD} Gain ${ICON_HONOR4}.  Take a card at random from each opponent's hand and add those cards to your hand.	${LABEL_REWARD} 获得${ICON_HONOR4}. 拿取一张卡牌随机从 每位对手之手牌和 将那些卡牌加入以 你的手牌.
E	Banish a card in your hand. If you do, acquire a Mystic or Heavy Infantry without paying its cost. Add it to your hand.	放逐一张卡牌在你的手牌中. 若你如此做，获取秘教士或 重装步兵无需支付费用. 加入它以 你的手牌.
E	Defeat a Monster with ${ICON_POWER5} or less without paying its cost. If the current Event is Enlightened, draw a card.	击败一个怪物以 ${ICON_POWER5} 或更低无需支付费用. 若当前事件为 圣贤, 抽一张牌.
E	Draw a card.<br>Whenever you play a card of another faction this turn, draw a card. This only happens once per faction.	抽一张牌.<br>每当你 打出卡牌的 另一派系本回合, 抽一张牌. 每个派系仅触发一次.
E	Draw three cards, then discard two cards. You may return a Mystic AND a Heavy Infantry discarded this way to your hand.	抽三张牌, 然后弃掉两 卡牌. 你可以返回秘教士和 重装步兵已弃掉以此方式以 你的手牌.
E	Empower (When you acquire this, you may banish a card you have played this turn.)Gain ${ICON_RUNE1} and ${ICON_HONOR1}.	赋力 <i>(当你 获取此, 你可以放逐一张卡牌你 拥有打出过本回合.)</i><br>获得${ICON_RUNE1} 和 ${ICON_HONOR1}.
E	Empower (When you acquire this, you may banish a card you have played this turn.)Gain ${ICON_RUNE1} and ${ICON_POWER1}.	赋力 <i>(当你 获取此, 你可以放逐一张卡牌你 拥有打出过本回合.)</i><br>获得${ICON_RUNE1} 和 ${ICON_POWER1}.
E	Gain ${ICON_POWER1}.<br>You may pay ${ICON_POWER1} less the next time you defeat a Monster in the center row this turn.	获得${ICON_POWER1}.<br>你可以支付 ${ICON_POWER1} 更低下次你击败一个怪物在中央牌列本回合.
E	Gain ${ICON_POWER3}.You may return a Void card in your discard pile to your hand.You may pay ${ICON_INSIGHT3} to Recur.	获得${ICON_POWER3}.<br>你可以返回虚空卡牌在你的弃牌堆以 你的手牌.<br>你可以支付 ${ICON_INSIGHT3} 以 <b>再次发生</b>.
E	The player who gains the most Honor Points will lead his army to defeat the Fallen One and earn the title of Godslayer.	获得最多荣誉点数的玩家将率领军队击败堕神，并赢得弑神者的称号。
E	When this enters play, draw a card.You may banish this and another Temporal Eye you control to take an additional turn.	当此牌进入战场时, 抽一张牌.<br>你可以放逐此牌和 另一时光之眼你控制的以 拿取额外回合.
E	${LABEL_PHANTASM}While this is in the center row, you may pay ${ICON_INSIGHT5} to banish and play this.Draw two cards.	${LABEL_PHANTASM}当此 为在中央牌列, 你可以支付 ${ICON_INSIGHT5} 以放逐和 打出此.<br>抽两张牌.
E	${LABEL_REWARD} Gain ${ICON_HONOR4}. Take a card at random from each opponent's hand and add those cards to your hand.	${LABEL_REWARD} 获得${ICON_HONOR4}. 拿取一张卡牌随机从 每位对手之手牌和 将那些卡牌加入以 你的手牌.
E	<allcaps>Player's Hand:</allcaps>\nYour current cards that can be played this turn by dragging them to the Action Area.	<allcaps>你的手牌：</allcaps>\n你在本回合可以打出的卡牌；将牌拖入行动区即可打出。
E	<allcaps>Player's Hand:</allcaps> Your current cards that can be played this turn by dragging them to the Action Area.	<allcaps>你的手牌：</allcaps>\n你在本回合可以打出的卡牌；将牌拖入行动区即可打出。
E	Draw a card. If the Current event is Enlightened, draw an additional card.<br>You may banish a card in the center row.	抽一张牌. 若当前事件为 圣贤, 抽额外的卡牌.<br>你可以放逐一张卡牌在中央牌列.
E	Gain ${ICON_POWER2}.${LABEL_ECHO} Gain ${ICON_DEATH}. (Gain this effect if there is a Void card in your discard pile.)	获得${ICON_POWER2}.<br>${LABEL_ECHO} 获得${ICON_DEATH}. <i>(获得此效果若 存在虚空卡牌在你的弃牌堆.)</i>
E	Gain ${ICON_POWER2}.${LABEL_ECHO} Gain ${ICON_RUNE3}. (Gain this effect if there is a Void card in your discard pile.)	获得${ICON_POWER2}.<br>${LABEL_ECHO} 获得${ICON_RUNE3}. <i>(获得此效果若 存在虚空卡牌在你的弃牌堆.)</i>
E	Gain ${ICON_POWER3}.<br>The next time you defeat a Monster in the center row this turn, add a card to your Dreamscape.	获得${ICON_POWER3}.<br>下次你击败一个怪物在中央牌列本回合, 将一张卡牌加入你的梦境.
E	Gain ${ICON_RUNE2}.You may have each player gain ${ICON_HONOR} equal to the number of Mechana Constructs they control.	获得${ICON_RUNE2}.<br>你可以拥有每位玩家获得${ICON_HONOR} 相等以 数量为机械神器其控制的.
E	Name a card. Reveal the top card of your deck and put it into your hand. If it is the named card, gain ${ICON_HONOR3}.	命名卡牌. 展示你牌库顶的卡牌和 将它放置置入你的手牌. 若它 为被命名为卡牌, 获得${ICON_HONOR3}.
E	Once per turn, gain ${ICON_POWER1}.<br>Once per turn, when you defeat a Monster in the center row, gain ${ICON_RUNE1}.	每回合一次，获得${ICON_POWER1}.<br>每回合一次，当你 击败一个怪物在中央牌列, 获得${ICON_RUNE1}.
E	Once per turn, when you play a Mechana Construct (including this one) or if you control a Temple, gain ${ICON_HONOR1}.	每回合一次，当你 打出机械神器 (包括此牌一) 或若 你控制的神殿, 获得${ICON_HONOR1}.
E	Once per turn, when you play a Mechana Construct (including this one) or if you control a Temple, gain ${ICON_POWER2}.	每回合一次，当你 打出机械神器 (包括此牌一) 或若 你控制的神殿, 获得${ICON_POWER2}.
E	Share your gameplay analytics with Playdek to help improve Ascension? This can be changed anytime in the Options Menu.	向 Playdek 分享你的游戏分析数据以帮助改进《创升纪元》？此选项可随时在选项菜单中修改。
E	When you play a Monster, gain ${ICON_POWER2}.Pay ${ICON_POWER8}: Transform this into Xeron, False Ally and acquire it.	当你 打出怪物, 获得${ICON_POWER2}.<br>支付 ${ICON_POWER8}: 将此牌转化为泽伦, 伪盟者和 获取它.
E	${LABEL_REWARD} Gain ${ICON_HONOR5}.<br>If you have played or acquired an Enlightened card this turn, draw two cards.	${LABEL_REWARD} 获得${ICON_HONOR5}.<br>若你打出过或 已获取圣贤卡牌本回合, 抽两张牌.
E	Banish a card in the center row. Then you may acquire a card with cost ${ICON_RUNE3} or less without paying its cost.	放逐一张卡牌在中央牌列. 然后你可以获取卡牌以 费用 ${ICON_RUNE3} 或更低无需支付费用.
E	Choose one: acquire a Hero with cost ${ICON_RUNE5} or less without paying its cost; or add a card to your Dreamscape.	选择一项： 获取一个英雄以 费用 ${ICON_RUNE5} 或更低无需支付费用; 或将一张卡牌加入你的梦境.
E	Defeat a Monster with cost ${ICON_POWER4} or less without paying its cost.<br>${LABEL_MULTIUNITE} Repeat this effect.	击败一个怪物以 费用 ${ICON_POWER4} 或更低无需支付费用.<br>${LABEL_MULTIUNITE} 重复此效果.
E	Gain ${ICON_POWER1}.You may banish a card in your hand or discard pile. If you do, gain an additional ${ICON_POWER1}.	获得${ICON_POWER1}.<br>你可以放逐一张卡牌在你的手牌或弃牌堆. 若你如此做，获得额外的 ${ICON_POWER1}.
E	Gain ${ICON_POWER2}.<br>The next time you defeat a Monster this turn, you may acquire a Hero of equal or lesser cost.	获得${ICON_POWER2}.<br>下次你击败一个怪物本回合, 你可以获取一个英雄的 相等或更低er费用.
E	Gain ${ICON_RUNE3}. If you control two or more Constructs, gain ${ICON_POWER3}.You may pay ${ICON_INSIGHT3} to Recur.	获得${ICON_RUNE3}. 若你控制的两 或更高神器s, 获得${ICON_POWER3}.<br>你可以支付 ${ICON_INSIGHT3} 以 <b>再次发生</b>.
E	Gain ${ICON_RUNE4}.<br>Each time you acquire a Hero this turn, gain ${ICON_INSIGHT} equal to its ${ICON_HONOR} value.	获得${ICON_RUNE4}.<br>每位次 你获取一个英雄本回合, 获得${ICON_INSIGHT} 相等以 其 ${ICON_HONOR} 值.
E	Once per turn, gain ${ICON_POWER1}.Once per turn, when you defeat a Monster in the center row, gain ${ICON_INSIGHT1}.	每回合一次，获得${ICON_POWER1}.<br>每回合一次，当你 击败一个怪物在中央牌列, 获得${ICON_INSIGHT1}.
E	Once per turn, when you play a Mechana Construct (including this one) or if you control a Temple, gain ${ICON_RUNE1}.	每回合一次，当你 打出机械神器 (包括此牌一) 或若 你控制的神殿, 获得${ICON_RUNE1}.
E	Share your gameplay analytics with Playdek to help improve Ascension? This can be changed anytime in the Options Menu	向 Playdek 分享你的游戏分析数据以帮助改进《创升纪元》？此选项可随时在选项菜单中修改
E	${LABEL_REWARD} Gain ${ICON_HONOR3}. Take ${ICON_INSIGHT1} from an opponent.<br>${LABEL_DREAMBIND} ${ICON_INSIGHT3}.	${LABEL_REWARD} 获得${ICON_HONOR3}. 拿取${ICON_INSIGHT1} 从对手.<br>${LABEL_DREAMBIND} ${ICON_INSIGHT3}.
E	${LABEL_REWARD} Gain ${ICON_HONOR3}. You may acquire a Hero with cost ${ICON_RUNE5} or less without paying its cost.	${LABEL_REWARD} 获得${ICON_HONOR3}. 你可以获取一个英雄以 费用 ${ICON_RUNE5} 或更低无需支付费用.
E	${LABEL_REWARD} Gain ${ICON_HONOR4}.<br>If you have played or acquired a Mechana card this turn, gain ${ICON_RUNE2}.	${LABEL_REWARD} 获得${ICON_HONOR4}.<br>若你打出过或 已获取机械卡牌本回合, 获得${ICON_RUNE2}.
E	${LABEL_REWARD} Gain ${ICON_HONOR5}. Each opponent destroys a Construct they control for each Construct you control.	${LABEL_REWARD} 获得${ICON_HONOR5}. 每位对手摧毁神器其控制的以 每个神器你控制的.
E	${LABEL_REWARD} Gain ${ICON_HONOR5}. You may acquire a Hero with cost ${ICON_RUNE5} or less without paying its cost.	${LABEL_REWARD} 获得${ICON_HONOR5}. 你可以获取一个英雄以 费用 ${ICON_RUNE5} 或更低无需支付费用.
E	${LABEL_REWARD} Gain ${ICON_HONOR5}.<br>You may spend ${ICON_INSIGHT} as though it was ${ICON_POWER} to defeat this.	${LABEL_REWARD} 获得${ICON_HONOR5}.<br>你可以花费 ${ICON_INSIGHT} 视为 ${ICON_POWER} 以击败此.
E	Gain ${ICON_POWER1}.The next time you defeat a Monster in the center row or the Void this turn, gain ${ICON_HONOR2}.	获得${ICON_POWER1}.<br>下次你击败一个怪物在中央牌列或 虚空区本回合, 获得${ICON_HONOR2}.
E	Once per turn, if you have defeated a Monster in the center row, you may banish a card in your hand or discard pile.	每回合一次，若你 拥有被击败怪物在中央牌列, 你可以放逐一张卡牌在你的手牌或弃牌堆.
E	When you acquire this, you may acquire a Construct in the center row without paying its cost.<br>Gain ${ICON_RUNE4}.	当你 获取此, 你可以获取神器在中央牌列无需支付费用.<br>获得${ICON_RUNE4}.
E	${LABEL_SERENITY} Once per turn, draw a card. <i>(Gain this effect if there are no cards in your discard pile.)</i>	${LABEL_SERENITY} 每回合一次，抽一张牌. <i>(获得此效果若 那里为 没有卡牌在你的弃牌堆.)</i>
E	${LABEL_UNITE} Once per turn, gain ${ICON_RUNE1}. (Gain this effect if you have played a Lifebound Hero this turn.)	${LABEL_UNITE} 每回合一次，获得${ICON_RUNE1}. <i>(获得此效果若 你拥有打出过命约英雄本回合.)</i>
E	Draw a card.${LABEL_SERENITY} Gain ${ICON_INSIGHT2}. (Gain this effect if there are no cards in your discard pile.)	抽一张牌.<br>${LABEL_SERENITY} 获得${ICON_INSIGHT2}. (<i>获得此效果若 那里为 没有卡牌在你的弃牌堆.</i>)
E	Draw a card.<br>Gain ${ICON_HONOR1} for each Lifebound Hero you play or have played this turn (including this one).	抽一张牌.<br>获得${ICON_HONOR1} 以每个命约英雄你 打出或 拥有打出过本回合 (包括此牌一).
E	Draw a card.Whenever you play a card of another faction this turn, draw a card. This only happens once per faction.	抽一张牌.<br>每当你 打出卡牌的 另一派系本回合, 抽一张牌. 每个派系仅触发一次.
E	Gain ${ICON_POWER1}.You may pay ${ICON_POWER1} less the next time you defeat a Monster in the center row this turn.	获得${ICON_POWER1}.<br>你可以支付 ${ICON_POWER1} 更低下次你击败一个怪物在中央牌列本回合.
E	If you do not acquire or defeat a card during your turn, you may draw two additional cards at the end of your turn.	若你如此做，不获取或 击败卡牌在期间你的回合, 你可以抽两 额外的卡牌在 结束时你的回合.
E	Reveal the top card of your deck and put it into your hand. If it is Enlightened or Lifebound, gain ${ICON_HONOR3}.	展示你牌库顶的卡牌和 将它放置置入你的手牌. 若它 为圣贤或 生命, 获得${ICON_HONOR3}.
E	While this is in your hand, you may pay ${ICON_INSIGHT8} to transform it into Demon Master.<br>Gain ${ICON_POWER2}.	当此 为在你的手牌中, 你可以支付 ${ICON_INSIGHT8} 以转化它 置入恶魔大师.<br>获得${ICON_POWER2}.
E	You are one of the few warriors capable of facing this threat and defending your world, but you cannot do it alone!	你是少数能够直面此威胁、守护你世界的战士之一，但你无法孤军奋战！
E	${LABEL_ECHO} Once per turn, gain ${ICON_POWER1}. (Gain this effect if there is a Void card in your discard pile.)	${LABEL_ECHO} 每回合一次，获得${ICON_POWER1}. <i>(获得此效果若 存在虚空卡牌在你的弃牌堆.)</i>
E	${LABEL_ECHO} Once per turn, gain ${ICON_POWER3}. (Gain this effect if there is a Void card in your discard pile.)	${LABEL_ECHO} 每回合一次，获得${ICON_POWER3}. <i>(获得此效果若 存在虚空卡牌在你的弃牌堆.)</i>
E	Draw a card. If the Current event is Enlightened, draw an additional card.You may banish a card in the center row.	抽一张牌. 若当前事件为 圣贤, 抽额外的卡牌.<br>你可以放逐一张卡牌在中央牌列.
E	Gain ${ICON_POWER3}.The next time you defeat a Monster in the center row this turn, add a card to your Dreamscape.	获得${ICON_POWER3}.<br>下次你击败一个怪物在中央牌列本回合, 将一张卡牌加入你的梦境.
E	Once per turn, gain ${ICON_POWER1}.Once per turn, when you defeat a Monster in the center row, gain ${ICON_RUNE1}.	每回合一次，获得${ICON_POWER1}.<br>每回合一次，当你 击败一个怪物在中央牌列, 获得${ICON_RUNE1}.
E	You may discard Reclamax from play to acquire a Mechana Construct in the Void as though it were in the Center Row.	你可以弃掉回收机从战场以 获取机械神器在 虚空区视为在 中央牌列.
E	${LABEL_REWARD} Gain ${ICON_HONOR4}.  You may banish a card in the center row and/or a card in your discard pile.	${LABEL_REWARD} 获得${ICON_HONOR4}. 你可以放逐一张卡牌在中央牌列和/或卡牌在你的弃牌堆.
E	${LABEL_REWARD} Gain ${ICON_HONOR5}.If you have played or acquired an Enlightened card this turn, draw two cards.	${LABEL_REWARD} 获得${ICON_HONOR5}.<br>若你打出过或 已获取圣贤卡牌本回合, 抽两张牌.
E	Defeat a Monster with cost ${ICON_POWER4} or less without paying its cost.${LABEL_MULTIUNITE} Repeat this effect.	击败一个怪物以 费用 ${ICON_POWER4} 或更低无需支付费用.<br>${LABEL_MULTIUNITE} 重复此效果.
E	Gain ${ICON_POWER2}.The next time you defeat a Monster this turn, you may acquire a Hero of equal or lesser cost.	获得${ICON_POWER2}.<br>下次你击败一个怪物本回合, 你可以获取一个英雄的 相等或更低er费用.
E	Gain ${ICON_RUNE2}.<br>${LABEL_UNITE} At the end of the turn, put this in your hand instead of your discard pile.	获得${ICON_RUNE2}.<br>${LABEL_UNITE} At结束时回合, 放置此 在你的手牌中而非你的弃牌堆.
E	Gain ${ICON_RUNE2}.<br>${LABEL_UNITE} If you play or have played a Lifebound Hero this turn, gain ${ICON_POWER2}.	获得${ICON_RUNE2}.<br>${LABEL_UNITE} 若你 打出或 拥有打出过命约英雄本回合, 获得${ICON_POWER2}.
E	Gain ${ICON_RUNE2}.<br>The next time you acquire a Construct in the center row this turn, ${LABEL_RALLY_MECHANA}.	获得${ICON_RUNE2}.<br>下次你获取神器在中央牌列本回合, ${LABEL_RALLY_MECHANA}.
E	Gain ${ICON_RUNE4}.Each time you acquire a Hero this turn, gain ${ICON_INSIGHT} equal to its ${ICON_HONOR} value.	获得${ICON_RUNE4}.<br>每位次 你获取一个英雄本回合, 获得${ICON_INSIGHT} 相等以 其 ${ICON_HONOR} 值.
E	Monsters in the center row are Unbanishable.<br>${LABEL_EVENT_TROPHY} Discard a card. If you do, gain a Soul Gem.	中央牌列中的怪物不可被放逐。<br>${LABEL_EVENT_TROPHY} 弃一张牌。若你如此做，获得一枚灵魂宝石。
E	Once per turn, gain ${ICON_POWER1}.<br>When this enters play, you may banish a card in your hand or discard pile.	每回合一次，获得${ICON_POWER1}.<br>当此牌进入战场时, 你可以放逐一张卡牌在你的手牌或弃牌堆.
E	Once per turn, gain ${ICON_POWER2}.<br>When this enters play, you may banish a card in your hand or discard pile.	每回合一次，获得${ICON_POWER2}.<br>当此牌进入战场时, 你可以放逐一张卡牌在你的手牌或弃牌堆.
E	${LABEL_REWARD} Gain ${ICON_HONOR1}. Draw a card. Then, you may pay ${ICON_INSIGHT1} to draw an additional card.	${LABEL_REWARD} 获得${ICON_HONOR1}. 抽一张牌. 然后, 你可以支付 ${ICON_INSIGHT1} 以抽 额外的卡牌.
E	${LABEL_REWARD} Gain ${ICON_HONOR2}. You may banish a card in your hand or discard pile.<br>${LABEL_RALLY_VOID}.	${LABEL_REWARD} 获得${ICON_HONOR2}. 你可以放逐一张卡牌在你的手牌或弃牌堆.<br>${LABEL_RALLY_VOID}.
E	${LABEL_REWARD} Gain ${ICON_HONOR3}. Take ${ICON_INSIGHT1} from an opponent.${LABEL_DREAMBIND} ${ICON_INSIGHT3}.	${LABEL_REWARD} 获得${ICON_HONOR3}. 拿取${ICON_INSIGHT1} 从对手.<br>${LABEL_DREAMBIND} ${ICON_INSIGHT3}.
E	${LABEL_REWARD} Gain ${ICON_HONOR4}. You may banish a card in the center row and/or a card in your discard pile.	${LABEL_REWARD} 获得${ICON_HONOR4}. 你可以放逐一张卡牌在中央牌列和/或卡牌在你的弃牌堆.
E	${LABEL_REWARD} Gain ${ICON_HONOR4}.If you have played or acquired a Mechana card this turn, gain ${ICON_RUNE2}.	${LABEL_REWARD} 获得${ICON_HONOR4}.<br>若你打出过或 已获取机械卡牌本回合, 获得${ICON_RUNE2}.
E	${LABEL_REWARD} Gain ${ICON_HONOR5}.You may spend ${ICON_INSIGHT} as though it was ${ICON_POWER} to defeat this.	${LABEL_REWARD} 获得${ICON_HONOR5}.<br>你可以花费 ${ICON_INSIGHT} 视为 ${ICON_POWER} 以击败此.
E	Acquire a Hero that costs ${ICON_RUNE4} or less without paying its cost for free.  Place it on top of your deck.	获取一个英雄费用为${ICON_RUNE4} 或更低无需支付费用无需支付费用. 将它放到你的牌库顶.
E	Banish Sister of the Wind and a card in your hand. If you do, add a Mystic and/or a Heavy Infantry to your hand.	放逐姐妹的 风和 卡牌在你的手牌中. 若你如此做，加入秘教士和/或重装步兵以 你的手牌.
E	Gain ${ICON_HONOR1}.Draw a card.If you have more ${ICON_HONOR} than every other player, draw an additional card.	获得${ICON_HONOR1}.<br>抽一张牌.<br>若你 拥有更多 ${ICON_HONOR} 于每个其他玩家, 抽额外的卡牌.
E	Once per turn, gain ${ICON_RUNE1}.<br>The first time you play a Lifebound Hero each turn, gain ${ICON_INSIGHT1}.	每回合一次，获得${ICON_RUNE1}.<br>每回合你首次打出命约英雄时, 获得${ICON_INSIGHT1}.
E	Unbanishable.${LABEL_REWARD} Gain ${ICON_HONOR4}. You may acquire or defeat any card in the center row for free.	<b>不可放逐</b>.<br>${LABEL_REWARD} 获得${ICON_HONOR4}. 你可以获取或 击败任意卡牌在中央牌列无需支付费用.
E	When you acquire this, you may acquire a Construct in the center row without paying its cost.Gain ${ICON_RUNE4}.	当你 获取此, 你可以获取神器在中央牌列无需支付费用.<br>获得${ICON_RUNE4}.
E	Acquire a Hero that costs ${ICON_RUNE4} or less without paying its cost for free. Place it on top of your deck.	获取一个英雄费用为${ICON_RUNE4} 或更低无需支付费用无需支付费用. 将它放到你的牌库顶.
E	Acquire a Hero without paying its cost. Put it on top of your deck.<br>${LABEL_MULTIUNITE} You may repeat this.	获取一个英雄无需支付费用. 将它放置放到你的牌库顶.<br>${LABEL_MULTIUNITE} 你可以重复此.
E	Draw a card.${LABEL_SERENITY} Gain ${ICON_LIFE}. (Gain this effect if there are no cards in your discard pile.)	抽一张牌.<br>${LABEL_SERENITY} 获得${ICON_LIFE}. <i>(获得此效果若 那里为 没有卡牌在你的弃牌堆.)</i>
E	Draw a card.<br>Once this turn, when you acquire a Hero or Consruct from the center row, put it into your hand.	抽一张牌.<br>一次本回合, 当你 获取一个英雄或 神器从中央牌列, 将它放置置入你的手牌.
E	Draw a card.Gain ${ICON_HONOR1} for each Lifebound Hero you play or have played this turn (including this one).	抽一张牌.<br>获得${ICON_HONOR1} 以每个命约英雄你 打出或 拥有打出过本回合 (包括此牌一).
E	Gain ${ICON_POWER2}.<br>You may destroy a Construct you control.  If you do, gain an additional ${ICON_POWER2}.	获得${ICON_POWER2}.<br>你可以摧毁一个神器你控制的. 若你如此做，获得额外的 ${ICON_POWER2}.
E	Once per turn, when you play an Enlightened Construct or a Mechana Construct (including this one), draw a card.	每回合一次，当你 打出圣贤神器或 机械神器 (包括此牌一), 抽一张牌.
E	While this is in your hand, you may pay ${ICON_INSIGHT8} to transform it into Demon Master.Gain ${ICON_POWER2}.	当此 为在你的手牌中, 你可以支付 ${ICON_INSIGHT8} 以转化它 置入恶魔大师.<br>获得${ICON_POWER2}.
E	You may acquire a Hero or Construct from the Center Row without paying its cost and put it on top of your deck.	你可以获取一个英雄或 神器从 中央牌列无需支付费用和 将它放置放到你的牌库顶.
E	(The Cultist does not go to the void when defeated. You can defeat the Cultist any number of times each turn.)	（邪教徒被击败后不会进入虚空区。每回合可以任意次数击败邪教徒。）
E	Account is not yet activated. Please follow the account activation instructions that were sent to your e-mail.	账号尚未激活。请按发送到你邮箱的说明完成激活。
E	Gain ${ICON_RUNE2}.<br>Once this turn, you may acquire a Hero in the void as though it were in the center row.	获得${ICON_RUNE2}.<br>一次本回合, 你可以获取一个英雄在 虚空区视为在中央牌列.
E	Once per turn, when you acquire a Hero in the Center Row, gain ${ICON_HONOR} equal to its ${ICON_HONOR} value.	每回合一次，当你 获取一个英雄在 中央牌列, 获得${ICON_HONOR} 相等以 其 ${ICON_HONOR} 值.
E	Once per turn, when you play a Mechana Construct (including this one) or if you control a Temple, draw a card.	每回合一次，当你 打出机械神器 (包括此牌一) 或若 你控制的神殿, 抽一张牌.
E	${ICON_DEATH}: Gain control of the Temple of Immortality. You may banish a card in your hand or discard pile.	${ICON_DEATH}: 获得对以下的控制： 不朽神殿. 你可以放逐一张卡牌在你的手牌或弃牌堆.
E	${LABEL_REWARD} Gain ${ICON_HONOR7}. Acquire the top three cards of the Dream deck without paying their cost.	${LABEL_REWARD} 获得${ICON_HONOR7}. 获取顶部三 卡牌的 梦牌库无需支付其 费用.
E	Gain ${ICON_RUNE2}.${LABEL_UNITE} At the end of the turn, put this in your hand instead of your discard pile.	获得${ICON_RUNE2}.<br>${LABEL_UNITE} At结束时回合, 放置此 在你的手牌中而非你的弃牌堆.
E	Gain ${ICON_RUNE2}.${LABEL_UNITE} If you play or have played a Lifebound Hero this turn, gain ${ICON_POWER2}.	获得${ICON_RUNE2}.<br>${LABEL_UNITE} 若你 打出或 拥有打出过命约英雄本回合, 获得${ICON_POWER2}.
E	Gain ${ICON_RUNE2}.The next time you acquire a Construct in the center row this turn, ${LABEL_RALLY_MECHANA}.	获得${ICON_RUNE2}.<br>下次你获取神器在中央牌列本回合, ${LABEL_RALLY_MECHANA}.
E	Monsters in the center row are Unbanishable.${LABEL_EVENT_TROPHY} Discard a card. If you do, gain a Soul Gem.	中央牌列中的怪物不可被放逐。<br>${LABEL_EVENT_TROPHY} 弃一张牌。若你如此做，获得一枚灵魂宝石。
E	Once per turn, gain ${ICON_HONOR1} for each faction among Constructs you control. (This card has no faction.)	每回合一次，获得${ICON_HONOR1} 以每个派系在你控制的神器之中. (此卡牌具有没有派系.)
E	Once per turn, gain ${ICON_POWER1}.When this enters play, you may banish a card in your hand or discard pile.	每回合一次，获得${ICON_POWER1}.<br>当此牌进入战场时, 你可以放逐一张卡牌在你的手牌或弃牌堆.
E	Once per turn, gain ${ICON_POWER2}.When this enters play, you may banish a card in your hand or discard pile.	每回合一次，获得${ICON_POWER2}.<br>当此牌进入战场时, 你可以放逐一张卡牌在你的手牌或弃牌堆.
E	This costs ${ICON_POWER2} less to defeat for each Temple you control.<br>${LABEL_REWARD} Gain ${ICON_HONOR8}.	此费用为 ${ICON_POWER2} 更低以 击败以 每个神殿你控制的.<br>${LABEL_REWARD} 获得${ICON_HONOR8}.
E	${LABEL_REWARD} Gain ${ICON_HONOR2}. You may banish a card in your hand or discard pile.${LABEL_RALLY_VOID}.	${LABEL_REWARD} 获得${ICON_HONOR2}. 你可以放逐一张卡牌在你的手牌或弃牌堆.<br>${LABEL_RALLY_VOID}.
E	${LABEL_SERENITY} Once per turn, draw a card. (Gain this effect if there are no cards in your discard pile.)	${LABEL_SERENITY} 每回合一次，抽一张牌. <i>(获得此效果若 那里为 没有卡牌在你的弃牌堆.)</i>
E	<smallcaps>Administration </smallcaps> <smallcaps>Chief Executive Officer, Playdek </smallcaps> Joel Goodman	<smallcaps><size=120%><b>管理层\n</b></size></smallcaps>\n\n\n<smallcaps><color=#1C4E80C8>Playdek 首席执行官\n</color></smallcaps>\n\n\nJoel Goodman\n
E	Defeat a Monster with cost ${ICON_POWER4} or less without paying its cost, or add a card to your Dreamscape.	击败一个怪物以 费用 ${ICON_POWER4} 或更低无需支付费用, 或将一张卡牌加入你的梦境.
E	Gain ${ICON_POWER2}.<br>The next time you defeat a Monster in the center row this turn, ${LABEL_RALLY_VOID}.	获得${ICON_POWER2}.<br>下次你击败一个怪物在中央牌列本回合, ${LABEL_RALLY_VOID}.
E	Gain ${ICON_RUNE3}.<br>You may put a Monster from your hand or discard pile into an opponent's discard pile.	获得${ICON_RUNE3}.<br>你可以放置怪物从你的手牌或 弃牌堆置入对手之弃牌堆.
E	Once per turn, gain ${ICON_RUNE1}.The first time you play a Lifebound Hero each turn, gain ${ICON_INSIGHT1}.	每回合一次，获得${ICON_RUNE1}.<br>每回合你首次打出命约英雄时, 获得${ICON_INSIGHT1}.
E	Once per turn, when you acquire a Mechana card, gain ${ICON_HONOR} equal to that card's ${ICON_HONOR} value.	每回合一次，当你 获取机械卡牌, 获得${ICON_HONOR} 相等以 该卡牌之 ${ICON_HONOR} 值.
E	The Cultist does not go to the void when defeated. You can defeat the Cultist any number of times each turn.	邪教徒被击败后不会进入虚空区。每回合可以任意次数击败邪教徒。
E	${LABEL_REWARD} Gain ${ICON_HONOR5} and acquire or defeat the card underneath this without paying its cost.	${LABEL_REWARD} 获得${ICON_HONOR5} 和获取或 击败卡牌其下此 无需支付费用.
E	Acquire a Hero without paying its cost. Put it on top of your deck.${LABEL_MULTIUNITE} You may repeat this.	获取一个英雄无需支付费用. 将它放置放到你的牌库顶.<br>${LABEL_MULTIUNITE} 你可以重复此.
E	Acquire all Heroes in the center row without paying their costs. Put them on top of your deck in any order.	获取所有英雄在中央牌列无需支付费用. 放置它们放到你的牌库顶在 任意秩序.
E	Banish a card in your hand. If you do, acquire a Mystic or Heavy Infantry for free and add it to your hand.	放逐一张卡牌在你的手牌中. 若你如此做，获取秘教士或 重装步兵无需支付费用和 加入你的手牌.
E	Draw a card.Once this turn, when you acquire a Hero or Consruct from the center row, put it into your hand.	抽一张牌.<br>一次本回合, 当你 获取一个英雄或 神器从中央牌列, 将它放置置入你的手牌.
E	Gain ${ICON_POWER2}. The next time you defeat a Monster in the center row this turn, gain ${ICON_INSIGHT1}.	获得${ICON_POWER2}. 下次你击败一个怪物在中央牌列本回合, 获得${ICON_INSIGHT1}.
E	Gain ${ICON_POWER2}.<br>The next time you defeat a Monster in the center row this turn, gain ${ICON_RUNE2}.	获得${ICON_POWER2}.<br>下次你击败一个怪物在中央牌列本回合, 获得${ICON_RUNE2}.
E	Gain ${ICON_POWER3}.<br>The next time you defeat a Monster in the center row this turn, gain ${ICON_RUNE3}.	获得${ICON_POWER3}.<br>下次你击败一个怪物在中央牌列本回合, 获得${ICON_RUNE3}.
E	Gain ${ICON_RUNE5}.<br>Gain an additional ${ICON_RUNE2} for each Monster you play or have played this turn.	获得${ICON_RUNE5}.<br>获得额外的 ${ICON_RUNE2} 以每个怪物你 打出或 拥有打出过本回合.
E	Once per turn, defeat a Monster in the center row with cost ${ICON_POWER4} or less without paying its cost.	每回合一次，击败一个怪物在中央牌列以 费用 ${ICON_POWER4} 或更低无需支付费用.
E	Draw a card.<br>${LABEL_UNITE} If you play or have played a Lifebound Hero this turn, gain ${ICON_HONOR5}.	抽一张牌.<br>${LABEL_UNITE} 若你 打出或 拥有打出过命约英雄本回合, 获得${ICON_HONOR5}.
E	Gain ${ICON_POWER2}.<br>The next time you defeat a Monster in the center row this turn, gain ${ICON_LIFE}.	获得${ICON_POWER2}.<br>下次你击败一个怪物在中央牌列本回合, 获得${ICON_LIFE}.
E	Gain ${ICON_POWER2}.You may destroy a Construct you control. If you do, gain an additional ${ICON_POWER2}.	获得${ICON_POWER2}.<br>你可以摧毁一个神器你控制的. 若你如此做，获得额外的 ${ICON_POWER2}.
E	Gain ${ICON_RUNE2}.Once this turn, you may acquire a Hero in the void as though it were in the center row.	获得${ICON_RUNE2}.<br>一次本回合, 你可以获取一个英雄在 虚空区视为在中央牌列.
E	Once per turn, gain ${ICON_POWER1}.<br>You may destroy this to banish a card in your hand or discard pile.	每回合一次，获得${ICON_POWER1}.<br>你可以摧毁此 以放逐一张卡牌在你的手牌或弃牌堆.
E	Once per turn, when you acquire a Lifebound Hero or Mechana Construct, you may put it on top of your deck.	每回合一次，当你 获取命约英雄或 机械神器, 你可以将它放置放到你的牌库顶.
E	Once per turn, when you play a Mechana Construct (including this one), gain ${ICON_LIFE} or ${ICON_DEATH}.	每回合一次，当你 打出机械神器 (包括此牌一), 获得${ICON_LIFE} 或 ${ICON_DEATH}.
E	When you would gain ${ICON_HONOR} without defeating a Monster, gain twice that much ${ICON_HONOR} instead.	当你 会获得${ICON_HONOR} 没有击败怪物, 获得两次该 等量的 ${ICON_HONOR} 改为.
E	You may banish a card in your hand or discard pile. If you do, replace it with a Mystic or Heavy Infantry.	你可以放逐一张卡牌在你的手牌或弃牌堆. 若你如此做，将它替换以 秘教士或 重装步兵.
E	You may banish this to acquire a Mystic or Heavy Infantry without paying its cost.  Put it into your hand.	你可以放逐此牌以 获取秘教士或 重装步兵无需支付费用. 将它放置置入你的手牌.
E	Defeat a random Monster in the void without paying its costs and put it on the bottom of the center deck.	击败一个随机怪物在 虚空区无需支付费用s和将它放置置于其底： 传送门牌库.
E	Gain ${ICON_POWER2}.<br>You may banish a card in your hand. If you do, gain an additional ${ICON_POWER1}.	获得${ICON_POWER2}.<br>你可以放逐一张卡牌在你的手牌中. 若你如此做，获得额外的 ${ICON_POWER1}.
E	Gain ${ICON_RUNE2}.<br>If you control two or more Constructs, you may banish a card in your discard pile.	获得${ICON_RUNE2}.<br>若你控制的两 或更高神器s, 你可以放逐一张卡牌在你的弃牌堆.
E	Once per turn, gain ${ICON_POWER1}.<br>Once per turn, you may spend ${ICON_RUNE4} to gain ${ICON_HONOR3}.	每回合一次，获得${ICON_POWER1}.<br>每回合一次，你可以花费 ${ICON_RUNE4} 以获得${ICON_HONOR3}.
E	Once per turn, if you control three or more Mechana Constructs, you may Energize a Construct you control.	每回合一次，若你控制的三 或更高机械神器, 你可以充能神器你控制的.
E	Once per turn, you may banish a card in your discard pile and replace it with a Mystic or Heavy Infantry.	每回合一次，你可以放逐一张卡牌在你的弃牌堆和 将它替换以 秘教士或 重装步兵.
E	This costs ${ICON_POWER2} less to defeat for each Temple you control.${LABEL_REWARD} Gain ${ICON_HONOR8}.	此费用为 ${ICON_POWER2} 更低以 击败以 每个神殿你控制的.<br>${LABEL_REWARD} 获得${ICON_HONOR8}.
E	You may banish this to acquire a Mystic or Heavy Infantry without paying its cost. Put it into your hand.	你可以放逐此牌以 获取秘教士或 重装步兵无需支付费用. 将它放置置入你的手牌.
E	${LABEL_REWARD} Gain ${ICON_HONOR4}. For each opponent, you choose and destroy a Construct they control.	${LABEL_REWARD} 获得${ICON_HONOR4}. 以每位对手, 你选择和 摧毁一个神器其控制的.
E	${LABEL_REWARD} Gain ${ICON_HONOR6}. Acquire a Dreamborn card in the center row without paying its cost.	${LABEL_REWARD} 获得${ICON_HONOR6}. 获取一个梦生卡牌在中央牌列无需支付费用.
E	${LABEL_REWARD} Gain ${ICON_HONOR6}. Acquire or defeat a card in the center row without paying its cost.	${LABEL_REWARD} 获得${ICON_HONOR6}. 获取或 击败卡牌在中央牌列无需支付费用.
E	Choose one: Draw a card OR acquire any number of Constructs in the center row without paying their cost.	选择一项： 抽一张牌OR获取任意数量的 神器s在中央牌列无需支付其 费用.
E	Cultists and Fanatics have +1P and their rewards have +1H.<br>${LABEL_EVENT_TROPHY} Gain ${ICON_HONOR1}.	邪教徒和 狂信者拥有+1战力和 其奖励拥有+1荣誉.<br>${LABEL_EVENT_TROPHY} 获得${ICON_HONOR1}.
E	Empower <i>(When you acquire this, you may banish a card you have played this turn.)</i><br>Draw a card.	赋力 <i>(当你 获取此, 你可以放逐一张卡牌你 拥有打出过本回合.)</i><br>抽一张牌.
E	Gain ${ICON_HONOR5}.<br>Once this turn, you may pay up to ${ICON_RUNE5} to gain that much ${ICON_HONOR}.	获得${ICON_HONOR5}.<br>一次本回合, 你可以支付至多 ${ICON_RUNE5} 以获得该等量的 ${ICON_HONOR}.
E	Gain ${ICON_POWER2}.<br>If there is a Void card in your discard pile, gain an additional ${ICON_POWER1}.	获得${ICON_POWER2}.<br>若存在虚空卡牌在你的弃牌堆, 获得额外的 ${ICON_POWER1}.
E	Gain ${ICON_POWER2}.<br>The first time you defeat a Monster in the center row this turn, draw two cards.	获得${ICON_POWER2}.<br> 首先次 你击败一个怪物在中央牌列本回合, 抽两张牌.
E	Gain ${ICON_POWER2}.<br>You pay ${ICON_POWER1} less the next time you defeat a Trophy Monster this turn.	获得${ICON_POWER2}.<br>你支付 ${ICON_POWER1} 更低下次你击败战利品怪物本回合.
E	Gain ${ICON_POWER2}.The next time you defeat a Monster in the center row this turn, ${LABEL_RALLY_VOID}.	获得${ICON_POWER2}.<br>下次你击败一个怪物在中央牌列本回合, ${LABEL_RALLY_VOID}.
E	Gain ${ICON_POWER3}.<br>The next time you defeat a Monster in the center row this turn, gain a Soul Gem.	获得${ICON_POWER3}.<br>下次你击败一个怪物在中央牌列本回合, 获得灵魂宝石.
E	Gain ${ICON_RUNE2}.  Acquire a Pot of Gold from the End of the Rainbow or from another player's control.	获得${ICON_RUNE2}. 获取一个罐的 金从彩虹尽头或 从另一名玩家的控制.
E	Gain ${ICON_RUNE3}.You may put a Monster from your hand or discard pile into an opponent's discard pile.	获得${ICON_RUNE3}.<br>你可以放置怪物从你的手牌或 弃牌堆置入对手之弃牌堆.
E	Once per turn, if you have played two or more Lifebound cards (including this one), gain ${ICON_HONOR2}.	每回合一次，若你 拥有打出过两 或更高生命卡牌 (包括此牌一), 获得${ICON_HONOR2}.
E	Once per turn, if you play a Mechana Contruct (including this one) or if it is Day, gain ${ICON_POWER2}.	每回合一次，若你 打出机械神器 (包括此牌一) 或若 它为 昼, 获得${ICON_POWER2}.
E	${LABEL_REWARD} Gain ${ICON_HONOR4}. Each opponent must choose and destroy two Constructs they control.	${LABEL_REWARD} 获得${ICON_HONOR4}. 每位对手须选择和 摧毁两 神器s其控制的.
E	Gain ${ICON_POWER2}.<br>${LABEL_ECHO} If there is a Void card in your discard pile, gain ${ICON_RUNE3}.	获得${ICON_POWER2}.<br>${LABEL_ECHO} 若存在虚空卡牌在你的弃牌堆, 获得${ICON_RUNE3}.
E	Gain ${ICON_POWER2}.The next time you defeat a Monster in the center row this turn, gain ${ICON_RUNE2}.	获得${ICON_POWER2}.<br>下次你击败一个怪物在中央牌列本回合, 获得${ICON_RUNE2}.
E	Gain ${ICON_POWER3}.The next time you defeat a Monster in the center row this turn, gain ${ICON_RUNE3}.	获得${ICON_POWER3}.<br>下次你击败一个怪物在中央牌列本回合, 获得${ICON_RUNE3}.
E	Gain ${ICON_RUNE1}.<br>You may banish a card in your hand. If you do, gain an additional ${ICON_RUNE1}.	获得${ICON_RUNE1}.<br>你可以放逐一张卡牌在你的手牌中. 若你如此做，获得额外的 ${ICON_RUNE1}.
E	Gain ${ICON_RUNE2}. Acquire a Pot of Gold from the End of the Rainbow or from another player's control.	获得${ICON_RUNE2}. 获取一个罐的 金从彩虹尽头或 从另一名玩家的控制.
E	Gain ${ICON_RUNE5}.Gain an additional ${ICON_RUNE2} for each Monster you play or have played this turn.	获得${ICON_RUNE5}.<br>获得额外的 ${ICON_RUNE2} 以每个怪物你 打出或 拥有打出过本回合.
E	Once per turn, gain ${ICON_POWER1}.<br>Once per turn, if you have banished a card, gain ${ICON_HONOR1}.	每回合一次，获得${ICON_POWER1}.<br>每回合一次，若你 拥有被放逐卡牌, 获得${ICON_HONOR1}.
E	Once per turn, if you play a Mechana Contruct (including this one) or if it is Day, gain ${ICON_RUNE2}.	每回合一次，若你 打出机械神器 (包括此牌一) 或若 它为 昼, 获得${ICON_RUNE2}.
E	You may destroy this to pay ${ICON_RUNE2} less the next time you acquire a Mechana Construct this turn.	你可以摧毁此 以支付 ${ICON_RUNE2} 更低下次你获取机械神器本回合.
E	${LABEL_REWARD} Gain ${ICON_HONOR4}.  You may banish up to two cards in your hand and/or discard pile.	${LABEL_REWARD} 获得${ICON_HONOR4}. 你可以放逐至多两 卡牌在你的手牌中和/或弃牌堆.
E	${LABEL_REWARD} Gain ${ICON_HONOR6}. Acquire all Portals in the center row without paying their costs.	${LABEL_REWARD} 获得${ICON_HONOR6}. 获取所有传送门在中央牌列无需支付费用.
E	<allcaps>Construct Tray:</allcaps>\nPress to open your Construct Tray to view and play your Constructs.	<allcaps>神器面板：</allcaps>\n点击打开神器面板，查看并部署你的神器。
E	<allcaps>Construct Tray:</allcaps> Press to open your Construct Tray to view and play your Constructs.	<allcaps>神器面板：</allcaps>\n点击打开神器面板，查看并部署你的神器。
E	Acquire a Hero that costs ${ICON_RUNE3} or less without paying its cost. Place it on top of your deck.	获取一个英雄费用为${ICON_RUNE3} 或更低无需支付费用. 将它放到你的牌库顶.
E	Acquire or defeat any card in the center row.  (You do not have to pay ${ICON_RUNE} or ${ICON_POWER}).	获取或 击败任意卡牌在中央牌列. (你无需支付 ${ICON_RUNE} 或 ${ICON_POWER}).
E	Draw a card. If you play or have played a Mystic or Heavy Infantry this turn, draw an additional card.	抽一张牌. 若你 打出或 拥有打出过秘教士或 重装步兵本回合, 抽额外的卡牌.
E	Draw a card.${LABEL_UNITE} If you play or have played a Lifebound Hero this turn, gain ${ICON_HONOR5}.	抽一张牌.<br>${LABEL_UNITE} 若你 打出或 拥有打出过命约英雄本回合, 获得${ICON_HONOR5}.
E	Gain ${ICON_POWER2}.The next time you defeat a Monster in the center row this turn, gain ${ICON_LIFE}.	获得${ICON_POWER2}.<br>下次你击败一个怪物在中央牌列本回合, 获得${ICON_LIFE}.
E	Gain ${ICON_POWER3}.<br>Whenever you defeat a Monster in the center row this turn, gain ${ICON_RUNE2}.	获得${ICON_POWER3}.<br>每当你 击败一个怪物在中央牌列本回合, 获得${ICON_RUNE2}.
E	Gain ${ICON_RUNE1}.<br>Gain an additional ${ICON_RUNE1} for each faction among Constructs you control.	获得${ICON_RUNE1}.<br>获得额外的 ${ICON_RUNE1} 以每个派系在你控制的神器之中.
E	Gain ${ICON_RUNE1}.<br>You may pay ${ICON_RUNE1} less the next time you acquire a Construct this turn.	获得${ICON_RUNE1}.<br>你可以支付 ${ICON_RUNE1} 更低下次你获取神器本回合.
E	Gain ${ICON_RUNE2}. The next time you acquire a Hero in the center row this turn, gain ${ICON_POWER2}.	获得${ICON_RUNE2}. 下次你获取一个英雄在中央牌列本回合, 获得${ICON_POWER2}.
E	Gain ${ICON_RUNE3}.<br>The next time you acquire a Hero this turn, you may put it on top of your deck.	获得${ICON_RUNE3}.<br>下次你获取一个英雄本回合, 你可以将它放置放到你的牌库顶.
E	If you have played two or more Enlightened Heroes this turn, transform this into Mantra of True Sight.	若你打出过两 或更高圣贤英雄本回合, 将此牌转化为真言的 真正视界.
E	Once per turn, gain ${ICON_POWER1}.You may destroy this to banish a card in your hand or discard pile.	每回合一次，获得${ICON_POWER1}.<br>你可以摧毁此 以放逐一张卡牌在你的手牌或弃牌堆.
E	The first Hero played this turn is also a Lifebound Hero.<br>${LABEL_EVENT_TROPHY} Gain ${ICON_RUNE1}.	首先英雄打出过本回合为 也命约英雄.<br>${LABEL_EVENT_TROPHY} 获得${ICON_RUNE1}.
E	${LABEL_REWARD} Gain ${ICON_HONOR3}.  Each opponent must choose and destroy a Construct they control.	${LABEL_REWARD} 获得${ICON_HONOR3}. 每位对手须选择和 摧毁一个神器其控制的.
E	${LABEL_REWARD} Gain ${ICON_HONOR4}. You may banish up to two cards in your hand and/or discard pile.	${LABEL_REWARD} 获得${ICON_HONOR4}. 你可以放逐至多两 卡牌在你的手牌中和/或弃牌堆.
E	Acquire or defeat any card in the center row. (You do not have to pay ${ICON_RUNE} or ${ICON_POWER}).	获取或 击败任意卡牌在中央牌列. (你无需支付 ${ICON_RUNE} 或 ${ICON_POWER}).
E	Gain ${ICON_POWER2}.You may banish a card in your hand. If you do, gain an additional ${ICON_POWER1}.	获得${ICON_POWER2}.<br>你可以放逐一张卡牌在你的手牌中. 若你如此做，获得额外的 ${ICON_POWER1}.
E	Gain ${ICON_RUNE2}.If you control two or more Constructs, you may banish a card in your discard pile.	获得${ICON_RUNE2}.<br>若你控制的两 或更高神器s, 你可以放逐一张卡牌在你的弃牌堆.
E	Once per turn, gain ${ICON_POWER1}.Once per turn, you may spend ${ICON_RUNE4} to gain ${ICON_HONOR3}.	每回合一次，获得${ICON_POWER1}.<br>每回合一次，你可以花费 ${ICON_RUNE4} 以获得${ICON_HONOR3}.
E	Once per turn, gain ${ICON_POWER2}.  Gain an additional ${ICON_POWER2} if you control Penumbral Edge.	每回合一次，获得${ICON_POWER2}. 获得额外的 ${ICON_POWER2} 若你控制的半影刃锋.
E	Once per turn, if you have played two or more Mechana cards (including this one), gain ${ICON_RUNE2}.	每回合一次，若你 拥有打出过两 或更高机械卡牌 (包括此牌一), 获得${ICON_RUNE2}.
E	Once per turn, when you play a Mechana Construct (including this one), add a card to your Dreamscape.	每回合一次，当你 打出机械神器 (包括此牌一), 将一张卡牌加入你的梦境.
E	${LABEL_REWARD} Gain ${ICON_HONOR3}.  Each opponent destroys the lowest cost construct they control.	${LABEL_REWARD} 获得${ICON_HONOR3}. 每位对手摧毁最低费用神器其控制的.
E	${LABEL_REWARD} Gain ${ICON_HONOR3}. Each opponent must choose and destroy a Construct they control.	${LABEL_REWARD} 获得${ICON_HONOR3}. 每位对手须选择和 摧毁一个神器其控制的.
E	${LABEL_REWARD} Gain ${ICON_HONOR3}. You may banish a card in the center row with Treasure under it.	${LABEL_REWARD} 获得${ICON_HONOR3}. 你可以放逐一张卡牌在中央牌列以 宝藏其下它.
E	Cultists and Fanatics have +1P and their rewards have +1H.${LABEL_EVENT_TROPHY} Gain ${ICON_HONOR1}.	邪教徒和 狂信者拥有+1战力和 其奖励拥有+1荣誉.<br>${LABEL_EVENT_TROPHY} 获得${ICON_HONOR1}.
E	Draw a card.<br>Copy the effect of the next Hero you play this turn with cost ${ICON_RUNE3} or less.	抽一张牌.<br>复制效果的 下一英雄你 打出本回合以 费用 ${ICON_RUNE3} 或更低.
E	Draw a card.<br>You may pay ${ICON_RUNE1} less the next time you acquire a Dreamborn card this turn.	抽一张牌.<br>你可以支付 ${ICON_RUNE1} 更低下次你获取梦生卡牌本回合.
E	Each player reveals the top card of their deck. Choose a Hero revealed this way and copy its effect.	每位玩家展示顶部卡牌的 其牌库. 选择一个英雄已展示以此方式和 复制其效果.
E	Gain ${ICON_HONOR5}.Once this turn, you may pay up to ${ICON_RUNE5} to gain that much ${ICON_HONOR}.	获得${ICON_HONOR5}.<br>一次本回合, 你可以支付至多 ${ICON_RUNE5} 以获得该等量的 ${ICON_HONOR}.
E	Gain ${ICON_POWER2}.If there is a Void card in your discard pile, gain an additional ${ICON_POWER1}.	获得${ICON_POWER2}.<br>若存在虚空卡牌在你的弃牌堆, 获得额外的 ${ICON_POWER1}.
E	Gain ${ICON_POWER2}.The first time you defeat a Monster in the center row this turn, draw two cards.	获得${ICON_POWER2}.<br> 首先次 你击败一个怪物在中央牌列本回合, 抽两张牌.
E	Gain ${ICON_POWER2}.You pay ${ICON_POWER1} less the next time you defeat a Trophy Monster this turn.	获得${ICON_POWER2}.<br>你支付 ${ICON_POWER1} 更低下次你击败战利品怪物本回合.
E	Gain ${ICON_POWER3}.The next time you defeat a Monster in the center row this turn, gain a Soul Gem.	获得${ICON_POWER3}.<br>下次你击败一个怪物在中央牌列本回合, 获得灵魂宝石.
E	Gain ${ICON_RUNE2}.  The next time you acquire a Hero this turn, you may put it on top of your deck.	获得${ICON_RUNE2}. 下次你获取一个英雄本回合, 你可以将它放置放到你的牌库顶.
E	Gain ${ICON_RUNE2}.<br>The next time you acquire a Hero in the center row, ${LABEL_RALLY_LIFEBOUND}.	获得${ICON_RUNE2}.<br>下次你获取一个英雄在中央牌列, ${LABEL_RALLY_LIFEBOUND}.
E	Have at least one of each Mechana construct from Chronicle of the Godslayer in play at the same time	同时在场拥有《弑神编年史》中每一种机械神器至少一张
E	Once per turn, gain ${ICON_POWER2}. Gain an additional ${ICON_POWER2} if you control Penumbral Edge.	每回合一次，获得${ICON_POWER2}. 获得额外的 ${ICON_POWER2} 若你控制的半影刃锋.
E	Once per turn, gain ${ICON_POWER3}.<br>When you defeat a Monster in the center row, gain a Soul Gem.	每回合一次，获得${ICON_POWER3}.<br>当你 击败一个怪物在中央牌列, 获得灵魂宝石.
E	POWER: Power is the second resource in Ascension. Power is used to defeat Monsters and earn rewards.	<indent=4em><b>战力：</b>战力是《创升纪元》的第二资源。战力用于击败怪物并获得奖励。\n\n\n
E	You may destroy this to copy the effect of a Hero in the center row with cost ${ICON_RUNE5} or less.	你可以摧毁此 以复制效果的 英雄在中央牌列以 费用 ${ICON_RUNE5} 或更低.
E	${LABEL_REWARD} Gain ${ICON_HONOR3}. Each opponent destroys the lowest cost Construct they control.	${LABEL_REWARD} 获得${ICON_HONOR3}. 每位对手摧毁最低费用神器其控制的.
E	${LABEL_REWARD} Gain ${ICON_HONOR3}. Each opponent destroys the lowest cost construct they control.	${LABEL_REWARD} 获得${ICON_HONOR3}. 每位对手摧毁最低费用神器其控制的.
E	${LABEL_REWARD} Gain ${ICON_HONOR4}. You may banish up to two cards from your hand or discard pile.	${LABEL_REWARD} 获得${ICON_HONOR4}. 你可以放逐至多两 卡牌从你的手牌或 弃牌堆.
E	Gain ${ICON_POWER2}.${LABEL_ECHO} If there is a Void card in your discard pile, gain ${ICON_RUNE3}.	获得${ICON_POWER2}.<br>${LABEL_ECHO} 若存在虚空卡牌在你的弃牌堆, 获得${ICON_RUNE3}.
E	Gain ${ICON_RUNE1}.You may banish a card in your hand. If you do, gain an additional ${ICON_RUNE1}.	获得${ICON_RUNE1}.<br>你可以放逐一张卡牌在你的手牌中. 若你如此做，获得额外的 ${ICON_RUNE1}.
E	Gain ${ICON_RUNE2}. The next time you acquire a Hero this turn, you may put it on top of your deck.	获得${ICON_RUNE2}. 下次你获取一个英雄本回合, 你可以将它放置放到你的牌库顶.
E	Once per turn, gain ${ICON_POWER1}.Once per turn, if you have banished a card, gain ${ICON_HONOR1}.	每回合一次，获得${ICON_POWER1}.<br>每回合一次，若你 拥有被放逐卡牌, 获得${ICON_HONOR1}.
E	Once per turn, if you have played two or more Void cards (including this one), gain ${ICON_POWER2}.	每回合一次，若你 拥有打出过两 或更高虚空卡牌 (包括此牌一), 获得${ICON_POWER2}.
E	Once per turn, when you acquire a card from your Dreamscape, you may add a card to your Dreamscape.	每回合一次，当你 获取卡牌从 你的梦境, 你可以将一张卡牌加入你的梦境.
E	Once per turn, when you put a Mechana Construct into play (including this one), gain ${ICON_RUNE2}.	每回合一次，当你 放置机械神器进入战场 (包括此牌一), 获得${ICON_RUNE2}.
E	Reveal the top card of your deck and put it in your hand. If it is a Treasure, gain ${ICON_HONOR3}.	展示你牌库顶的卡牌和 将它放置在你的手牌中. 若它 为宝藏, 获得${ICON_HONOR3}.
E	When you play a Mystic, gain ${ICON_RUNE1}.<br>When you play a Heavy Infantry, gain ${ICON_POWER1}.	当你 打出秘教士, 获得${ICON_RUNE1}.<br>当你 打出重装步兵, 获得${ICON_POWER1}.
E	${LABEL_REWARD} Gain ${ICON_HONOR4}.  Each opponent must discard a card at random from their hand.	${LABEL_REWARD} 获得${ICON_HONOR4}. 每位对手须弃掉卡牌随机从其手牌.
E	${LABEL_REWARD} Gain ${ICON_HONOR5}.  You may choose a Hero in the center row and copy its effect.	${LABEL_REWARD} 获得${ICON_HONOR5}. 你可以选择英雄在中央牌列和 复制其效果.
E	<allcaps>Opponent Box:</allcaps>\nPress to expand each oppoent's box to view their cards in detail.	<allcaps>对手信息栏：</allcaps>\n点击展开每一位对手的信息栏详情，查看对方的具体卡牌。
E	<allcaps>Opponent Box:</allcaps> Press to expand each oppoent's box to view their cards in detail.	<allcaps>对手信息栏：</allcaps>\n点击展开每一位对手的信息栏详情，查看对方的具体卡牌。
E	Banish a card in your hand or discard pile. If you do, replace it with a Mystic or Heavy Infantry.	放逐一张卡牌在你的手牌或弃牌堆. 若你如此做，将它替换以 秘教士或 重装步兵.
E	Copy the effect of a Hero you have played this turn or a Monster Reward you have gained this turn.	复制效果的 英雄你 拥有打出过本回合或 怪物奖励你 拥有已获得本回合.
E	Draw a card. If you play or have played a Mystic or Heavy Infantry this turn, gain ${ICON_HONOR2}.	抽一张牌. 若你 打出或 拥有打出过秘教士或 重装步兵本回合, 获得${ICON_HONOR2}.
E	Draw a card. You may banish a card in your hand or discard pile. If you do, gain ${ICON_INSIGHT1}.	抽一张牌. 你可以放逐一张卡牌在你的手牌或弃牌堆. 若你如此做，获得${ICON_INSIGHT1}.
E	Draw two cards, then discard a card. If the discarded card is Enlightened, return it to your hand.	抽两张牌, 然后弃掉卡牌. 若已弃掉卡牌为 圣贤, 返回它 以你的手牌.
E	Draw two cards.  Each other player may draw a card.  Then you may banish a card in the center row.	抽两张牌. 每位其他玩家可以抽一张牌. 然后你可以放逐一张卡牌在中央牌列.
E	Gain ${ICON_POWER3}.<br>Gain an additional ${ICON_POWER1} for each Void card in your discard pile.	获得${ICON_POWER3}.<br>获得额外的 ${ICON_POWER1} 以每个虚空卡牌在你的弃牌堆.
E	Gain ${ICON_POWER3}.<br>If you have an Enlightened or Void card in your discard pile, draw a card.	获得${ICON_POWER3}.<br>若你 拥有圣贤或 虚空卡牌在你的弃牌堆, 抽一张牌.
E	Gain ${ICON_POWER3}.Whenever you defeat a Monster in the center row this turn, gain ${ICON_RUNE2}.	获得${ICON_POWER3}.<br>每当你 击败一个怪物在中央牌列本回合, 获得${ICON_RUNE2}.
E	Gain ${ICON_RUNE1}.Gain an additional ${ICON_RUNE1} for each faction among Constructs you control.	获得${ICON_RUNE1}.<br>获得额外的 ${ICON_RUNE1} 以每个派系在你控制的神器之中.
E	Gain ${ICON_RUNE1}.You may pay ${ICON_RUNE1} less the next time you acquire a Construct this turn.	获得${ICON_RUNE1}.<br>你可以支付 ${ICON_RUNE1} 更低下次你获取神器本回合.
E	Gain ${ICON_RUNE2}.<br>You pay ${ICON_RUNE1} less the next time you acquire a Construct this turn.	获得2符文。你本回合下一张获取的神器费用减少1符文。
E	Gain ${ICON_RUNE3}.The next time you acquire a Hero this turn, you may put it on top of your deck.	获得${ICON_RUNE3}.<br>下次你获取一个英雄本回合, 你可以将它放置放到你的牌库顶.
E	Once per turn, gain ${ICON_POWER2}.  Gain an additional ${ICON_POWER2} if you control Umbral Edge.	每回合一次，获得${ICON_POWER2}. 获得额外的 ${ICON_POWER2} 若你控制的暗影刃锋.
E	Once per turn, if you have played two or more Enlightened cards (including this one), draw a card.	每回合一次，若你 拥有打出过两 或更高圣贤卡牌 (包括此牌一), 抽一张牌.
E	Once per turn, when you play a Mechana or Enlightened Construct (including this one), draw a card.	每回合一次，当你 打出机械或 圣贤神器 (包括此牌一), 抽一张牌.
E	The first Hero played this turn is also a Lifebound Hero.${LABEL_EVENT_TROPHY} Gain ${ICON_RUNE1}.	首先英雄打出过本回合为 也命约英雄.<br>${LABEL_EVENT_TROPHY} 获得${ICON_RUNE1}.
E	When you play a Mechana Construct, if this is in your discard pile you may return it to your hand.	当你 打出机械神器, 若此 为在你的弃牌堆你可以返回它 以你的手牌.
E	${LABEL_REWARD} Gain ${ICON_HONOR4}. Each opponent must discard a card at random from their hand.	${LABEL_REWARD} 获得${ICON_HONOR4}. 每位对手须弃掉卡牌随机从其手牌.
E	${LABEL_REWARD} Gain ${ICON_HONOR5}. Acquire a card from your Dreamscape without paying its cost.	${LABEL_REWARD} 获得${ICON_HONOR5}. 获取一个卡牌从 你的梦境无需支付费用.
E	${LABEL_REWARD} Gain ${ICON_HONOR5}. You may choose a Hero in the center row and copy its effect.	${LABEL_REWARD} 获得${ICON_HONOR5}. 你可以选择英雄在中央牌列和 复制其效果.
E	Banish a card in your hand.  If you do, acquire a Mystic or Heavy Infantry.  Add it to your hand.	放逐一张卡牌在你的手牌中. 若你如此做，获取秘教士或 重装步兵. 加入它以 你的手牌.
E	Defeat a Monster in the Void without paying its cost and put it on the bottom of the center deck.	击败一个怪物在 虚空区无需支付费用和 将它放置置于其底： 传送门牌库.
E	Draw two cards. Each other player may draw a card.  Then you may banish a card in the center row.	抽两张牌. 每位其他玩家可以抽一张牌. 然后你可以放逐一张卡牌在中央牌列.
E	Gain ${ICON_POWER2}.<br>If you control two or more Constructs, gain an additional ${ICON_POWER2}.	获得${ICON_POWER2}.<br>若你控制的两 或更高神器s, 获得额外的 ${ICON_POWER2}.
E	Gain ${ICON_RUNE2}.<br>You may pay ${ICON_RUNE1} less the next time you acquire a Hero this turn.	获得${ICON_RUNE2}.<br>你可以支付 ${ICON_RUNE1} 更低下次你获取一个英雄本回合.
E	Gain ${ICON_RUNE3} or ${ICON_POWER3}. If you control three or more Constructs, gain both instead.	获得${ICON_RUNE3} 或 ${ICON_POWER3}. 若你控制的三 或更高神器s, 获得两者改为.
E	Once per turn, gain ${ICON_POWER2}. Gain an additional ${ICON_POWER2} if you control Umbral Edge.	每回合一次，获得${ICON_POWER2}. 获得额外的 ${ICON_POWER2} 若你控制的暗影刃锋.
E	The game ends when a certain amount of Honor has been earned, depending on the number of players.	当累计获得的荣誉达到某个阈值时游戏结束，阈值取决于玩家人数。
E	You may banish this to defeat a Monster with cost ${ICON_POWER5} or less without paying its cost.	你可以放逐此牌以 击败一个怪物以 费用 ${ICON_POWER5} 或更低无需支付费用.
E	Draw a card..<br>You may pay ${ICON_RUNE1} less the next time you acquire a Construct this turn.	抽一张牌。<br>你可以支付 ${ICON_RUNE1} 更低下次你获取神器本回合.
E	Draw a card.Copy the effect of the next Hero you play this turn with cost ${ICON_RUNE3} or less.	抽一张牌.<br>复制效果的 下一英雄你 打出本回合以 费用 ${ICON_RUNE3} 或更低.
E	Draw a card.You may pay ${ICON_RUNE1} less the next time you acquire a Dreamborn card this turn.	抽一张牌.<br>你可以支付 ${ICON_RUNE1} 更低下次你获取梦生卡牌本回合.
E	Draw two cards. Each other player may draw a card. Then you may banish a card in the center row.	抽两张牌. 每位其他玩家可以抽一张牌. 然后你可以放逐一张卡牌在中央牌列.
E	Gain ${ICON_HONOR3}.<br>If this is banished from anywhere during your turn, gain ${ICON_HONOR3}.	获得${ICON_HONOR3}.<br>若此 为被放逐从 任意处在期间你的回合, 获得${ICON_HONOR3}.
E	Gain ${ICON_POWER2}.<br>If this is banished from anywhere during your turn, gain ${ICON_POWER2}.	获得${ICON_POWER2}.<br>若此 为被放逐从 任意处在期间你的回合, 获得${ICON_POWER2}.
E	Gain ${ICON_POWER2}.<br>If this is banished from your hand or discard pile, gain ${ICON_HONOR3}.	获得${ICON_POWER2}.<br>若此 为被放逐从你的手牌或 弃牌堆, 获得${ICON_HONOR3}.
E	Gain ${ICON_POWER2}.<br>You may banish a card you have played this turn or in your discard pile.	获得${ICON_POWER2}.<br>你可以放逐一张卡牌你 拥有打出过本回合或 在你的弃牌堆.
E	Gain ${ICON_POWER3}.<br>${LABEL_ECHO} if there is a Void card in your discard pile, draw a card.	获得${ICON_POWER3}.<br>${LABEL_ECHO} 若存在虚空卡牌在你的弃牌堆, 抽一张牌.
E	Gain ${ICON_POWER5}. If there are 10 or more Monsters in the Void, gain ${ICON_POWER10} instead.	获得${ICON_POWER5}. 若那里为 10 或更高怪物在 虚空区, 获得${ICON_POWER10} 改为.
E	Gain ${ICON_RUNE1}.<br>You may pay ${ICON_RUNE1} less the next time you aquire a Hero this turn.	获得${ICON_RUNE1}.<br>你可以支付 ${ICON_RUNE1} 更低下次你获取英雄本回合.
E	Gain ${ICON_RUNE2}.<br>The next time you acquire a Lifebound card this turn, gain ${ICON_DEATH}.	获得${ICON_RUNE2}.<br>下次你获取生命卡牌本回合, 获得${ICON_DEATH}.
E	Gain ${ICON_RUNE2}.The next time you acquire a Hero in the center row, ${LABEL_RALLY_LIFEBOUND}.	获得${ICON_RUNE2}.<br>下次你获取一个英雄在中央牌列, ${LABEL_RALLY_LIFEBOUND}.
E	If you have played two or more Mechana Heroes this turn, transform this into Zero Point Reactor.	若你打出过两 或更高机械英雄本回合, 将此牌转化为零 点反应堆.
E	Once per turn, gain ${ICON_INSIGHT1} for each Mechana Contruct you control (including this one).	每回合一次，获得${ICON_INSIGHT1} 以每个机械神器你控制的 (包括此牌一).
E	Once per turn, gain ${ICON_POWER3}.When you defeat a Monster in the center row, gain a Soul Gem.	每回合一次，获得${ICON_POWER3}.<br>当你 击败一个怪物在中央牌列, 获得灵魂宝石.
E	Once per turn, if you play a Mechana Contruct (including this one) or if it is Day, draw a card.	每回合一次，若你 打出机械神器 (包括此牌一) 或若 它为 昼, 抽一张牌.
E	When you acquire a Mechana Construct, you may pay ${ICON_INSIGHT1} to put it directly into play.	当你 获取机械神器, 你可以支付 ${ICON_INSIGHT1} 以将其直接进入战场.
E	You may destroy this to defeat a Monster of cost ${ICON_POWER4} or less without paying its cost.	你可以摧毁此 以击败一个怪物的 费用 ${ICON_POWER4} 或更低无需支付费用.
E	${LABEL_REWARD} Gain ${ICON_HONOR6}. Each opponent destroys all but one Construct they control.	${LABEL_REWARD} 获得${ICON_HONOR6}. 每位对手摧毁只留一个，其余神器其控制的.
E	<allcaps>Discard Pile:</allcaps>\nPress to switch the view to view your opponent's discard pile.	<allcaps>弃牌堆：</allcaps>\n点击切换视角以查看对手的弃牌堆。
E	<allcaps>Discard Pile:</allcaps> Press to switch the view to view your opponent's discard pile.	<allcaps>弃牌堆：</allcaps>\n点击切换视角以查看对手的弃牌堆。
E	Banish a card in your hand. If you do, acquire a Mystic or Heavy Infantry. Add it to your hand.	放逐一张卡牌在你的手牌中. 若你如此做，获取秘教士或 重装步兵. 加入它以 你的手牌.
E	Choose one: Gain ${ICON_HONOR3}, or acquire a Portal in the center row without paying its cost.	选择一项： 获得${ICON_HONOR3}, 或获取传送门在中央牌列无需支付费用.
E	Defeat a monster with ${ICON_POWER3} or less.<br><i>(You do not have to pay ${ICON_POWER}.)</i>	击败一个怪物以 ${ICON_POWER3} 或更低.<br><i>(你无需支付 ${ICON_POWER}.)</i>
E	Gain ${ICON_POWER5}.<br>You may spend ${ICON_POWER} as though it was ${ICON_INSIGHT} this turn.	获得${ICON_POWER5}.<br>你可以花费 ${ICON_POWER} 视为 ${ICON_INSIGHT} 本回合.
E	Gain ${ICON_RUNE2}.<br>If this is banished from your hand or discard pile, gain ${ICON_HONOR5}.	获得${ICON_RUNE2}.<br>若此 为被放逐从你的手牌或 弃牌堆, 获得${ICON_HONOR5}.
E	Once per turn, when you play a Mechana Construct (including this one), you gain ${ICON_POWER3}.	每回合一次，当你 打出机械神器 (包括此牌一), 你获得${ICON_POWER3}.
E	Purchase both <b>Delirium</b> and <b>Deliverance</b> expansions together for a greater value!\n\n	捆绑购买 <b>谵妄</b> 与 <b>救赎</b> 扩展更超值！
E	When you play a Mystic, gain ${ICON_RUNE1}.When you play a Heavy Infantry, gain ${ICON_POWER1}.	当你 打出秘教士, 获得${ICON_RUNE1}.<br>当你 打出重装步兵, 获得${ICON_POWER1}.
E	You may pay ${ICON_RUNE1} less the next time you acquire a Construct this turn.<br>Draw a card.	你可以支付 ${ICON_RUNE1} 更低下次你获取神器本回合.<br>抽一张牌.
E	${LABEL_REWARD} Gain ${ICON_HONOR4}. Choose up to two cards in the center row and banish them.	${LABEL_REWARD} 获得${ICON_HONOR4}. 选择至多两 卡牌在中央牌列和 放逐它们.
E	<color=#951719FF><B>Trophy:</B></color> You may banish this to gain the current Trophy Effect.	<color=#951719FF><B>战利品:</B></color> 你可以放逐此牌以 获得当前战利品效果.
E	<smallcaps><size=120%>O</size></smallcaps>ffline<smallcaps><size=120%>G</size></smallcaps>ames	离线对局
E	A remnant of something long since forgotten, their appearance in Vigil is shrouded in mystery.	被遗忘之物的残响，它们在祈夜的现身笼罩着谜团。
E	Gain ${ICON_POWER3}.Gain an additional ${ICON_POWER1} for each Void card in your discard pile.	获得${ICON_POWER3}.<br>获得额外的 ${ICON_POWER1} 以每个虚空卡牌在你的弃牌堆.
E	Gain ${ICON_POWER3}.If you have an Enlightened or Void card in your discard pile, draw a card.	获得${ICON_POWER3}.<br>若你 拥有圣贤或 虚空卡牌在你的弃牌堆, 抽一张牌.
E	Gain ${ICON_RUNE2}.<br>If this is banished from anywhere during your turn, gain ${ICON_RUNE2}.	获得${ICON_RUNE2}.<br>若此 为被放逐从 任意处在期间你的回合, 获得${ICON_RUNE2}.
E	Gain ${ICON_RUNE2}.You pay ${ICON_RUNE1} less the next time you acquire a Construct this turn.	获得2符文。你本回合下一张获取的神器费用减少1符文。
E	<smallcaps><size=120%>K</size></smallcaps>ey<smallcaps><size=120%>B</size></smallcaps>indings	按键绑定
E	Empower (When you acquire this, you may banish a card you have played this turn.)Draw a card.	赋力 <i>(当你 获取此, 你可以放逐一张卡牌你 拥有打出过本回合.)</i><br>抽一张牌.
E	Gain ${ICON_POWER2}.If you control two or more Constructs, gain an additional ${ICON_POWER2}.	获得${ICON_POWER2}.<br>若你控制的两 或更高神器s, 获得额外的 ${ICON_POWER2}.
E	Gain ${ICON_RUNE2} and ${ICON_POWER2}.<br>If you control two or more Constructs, draw a card.	获得${ICON_RUNE2} 和 ${ICON_POWER2}.<br>若你控制的两 或更高神器s, 抽一张牌.
E	Gain ${ICON_RUNE2}.<br>You pay ${ICON_RUNE1} less the next time you acquire a Hero this turn.	获得${ICON_RUNE2}.<br>你支付 ${ICON_RUNE1} 更低下次你获取一个英雄本回合.
E	Gain ${ICON_RUNE2}.You may pay ${ICON_RUNE1} less the next time you acquire a Hero this turn.	获得${ICON_RUNE2}.<br>你可以支付 ${ICON_RUNE1} 更低下次你获取一个英雄本回合.
E	If you have played two or more Lifebound Heroes this turn, transform this into Verdant Crown.	若你打出过两 或更高命约英雄本回合, 将此牌转化为翠绿冠冕.
E	If you have played two or more Void Heroes this turn, transform this into Clutch of Darkness.	若你打出过两 或更高虚空英雄本回合, 将此牌转化为黑暗之握.
E	Once per turn, when you acquire a Hero in the center row, you may put it on top of your deck.	每回合一次，当你 获取一个英雄在中央牌列, 你可以将它放置放到你的牌库顶.
E	Once per turn, when you play a Mechana Construct (including this one), gain ${ICON_INSIGHT1}.	每回合一次，当你 打出机械神器 (包括此牌一), 获得${ICON_INSIGHT1}.
E	Once per turn, you may destroy another one of your Mechana Constructs to gain ${ICON_POWER3}.	每回合一次，你可以摧毁另一一 的你的机械神器以 获得${ICON_POWER3}.
E	Power is the second resource in Ascension. Power is used to defeat Monsters and earn rewards.	战力是《创升纪元》的第二大资源。战力用于击败怪物并获得奖励。
E	Purchase both <b>Delirium</b> and <b>Deliverance</b> expansions together for a greater value!	捆绑购买 <b>谵妄</b> 与 <b>救赎</b> 扩展更超值！
E	<allcaps>Center Row:</allcaps>\nThis Center Row contains the cards you can acquire or defeat.	<allcaps>中央牌列：</allcaps>\n显示当前可获取或可击败的卡牌。
E	<allcaps>Center Row:</allcaps> This Center Row contains the cards you can acquire or defeat.	<allcaps>中央牌列：</allcaps>\n显示当前可获取或可击败的卡牌。
E	<color=#fdc60eff>Fate:</color> When this enters the center row, each player may draw a card.	<color=#fdc60eff>天命：</color> 当此牌进入中央牌列时, 每位玩家可以抽一张牌.
E	Acquire a Hero without paying its cost. Gain ${ICON_HONOR} equal to its ${ICON_HONOR} value.	获取一个英雄无需支付费用. 获得${ICON_HONOR} 相等以 其 ${ICON_HONOR} 值.
E	Draw a card..You may pay ${ICON_RUNE1} less the next time you acquire a Construct this turn.	抽一张牌。<br>你可以支付 ${ICON_RUNE1} 更低下次你获取神器本回合.
E	Gain ${ICON_HONOR3}.If this is banished from anywhere during your turn, gain ${ICON_HONOR3}.	获得${ICON_HONOR3}.<br>若此 为被放逐从 任意处在期间你的回合, 获得${ICON_HONOR3}.
E	Gain ${ICON_POWER2}.If this is banished from anywhere during your turn, gain ${ICON_POWER2}.	获得${ICON_POWER2}.<br>若此 为被放逐从 任意处在期间你的回合, 获得${ICON_POWER2}.
E	Gain ${ICON_POWER2}.If this is banished from your hand or discard pile, gain ${ICON_HONOR3}.	获得${ICON_POWER2}.<br>若此 为被放逐从你的手牌或 弃牌堆, 获得${ICON_HONOR3}.
E	Gain ${ICON_POWER2}.You may banish a card you have played this turn or in your discard pile.	获得${ICON_POWER2}.<br>你可以放逐一张卡牌你 拥有打出过本回合或 在你的弃牌堆.
E	Gain ${ICON_POWER3}.${LABEL_ECHO} if there is a Void card in your discard pile, draw a card.	获得${ICON_POWER3}.<br>${LABEL_ECHO} 若存在虚空卡牌在你的弃牌堆, 抽一张牌.
E	Gain ${ICON_POWER3}.<br>You may spend ${ICON_RUNE} as though it was ${ICON_POWER} this turn.	获得${ICON_POWER3}.<br>你可以花费 ${ICON_RUNE} 视为 ${ICON_POWER} 本回合.
E	Gain ${ICON_POWER6}.<br>You may banish any number of cards in your hand and/or discard pile.	获得${ICON_POWER6}.<br>你可以放逐任意数量的 卡牌在你的手牌中和/或弃牌堆.
E	Gain ${ICON_RUNE1}.You may pay ${ICON_RUNE1} less the next time you aquire a Hero this turn.	获得${ICON_RUNE1}.<br>你可以支付 ${ICON_RUNE1} 更低下次你获取英雄本回合.
E	Gain ${ICON_RUNE2}. You may put the next Construct you acquire this turn directly into play.	获得${ICON_RUNE2}. 你可以放置下一神器你 获取本回合直接进入战场.
E	Gain ${ICON_RUNE2}.<br>If you play or have played a Sureshot Tracker this turn, draw a card.	获得${ICON_RUNE2}.<br>若你 打出或 拥有打出过神射追踪者本回合, 抽一张牌.
E	Gain ${ICON_RUNE2}.The next time you acquire a Lifebound card this turn, gain ${ICON_DEATH}.	获得${ICON_RUNE2}.<br>下次你获取生命卡牌本回合, 获得${ICON_DEATH}.
E	Once per turn, when you play a Mechana Construct (including this one), gain ${ICON_ENERGY1}.	每回合一次，当你 打出机械神器 (包括此牌一), 获得${ICON_ENERGY1}.
E	Once per turn, you may destroy another one of your Mechana Constructs to gain ${ICON_RUNE2}.	每回合一次，你可以摧毁另一一 的你的机械神器以 获得${ICON_RUNE2}.
E	There are no available Games at this time.<br>Use the Create Game Menu to create a new game.	目前没有可加入的对局。<br>请使用“创建对局”菜单开一局新游戏。
E	Gain ${ICON_POWER2}.<br>Gain ${ICON_ENERGY1} for each faction among Constructs you control.	获得${ICON_POWER2}.<br>获得${ICON_ENERGY1} 以每个派系在你控制的神器之中.
E	Gain ${ICON_POWER5}.You may spend ${ICON_POWER} as though it was ${ICON_INSIGHT} this turn.	获得${ICON_POWER5}.<br>你可以花费 ${ICON_POWER} 视为 ${ICON_INSIGHT} 本回合.
E	Gain ${ICON_RUNE2}.<br>You may spend ${ICON_RUNE} as though it was ${ICON_POWER} this turn.	获得${ICON_RUNE2}.<br>你可以花费 ${ICON_RUNE} 视为 ${ICON_POWER} 本回合.
E	Gain ${ICON_RUNE2}.If this is banished from your hand or discard pile, gain ${ICON_HONOR5}.	获得${ICON_RUNE2}.<br>若此 为被放逐从你的手牌或 弃牌堆, 获得${ICON_HONOR5}.
E	Gain ${ICON_RUNE3}.<br>You may spend ${ICON_RUNE} as though it was ${ICON_POWER} this turn.	获得${ICON_RUNE3}.<br>你可以花费 ${ICON_RUNE} 视为 ${ICON_POWER} 本回合.
E	Gain ${ICON_RUNE4}.<br>You may put any Constructs you acquire this turn directly into play.	获得${ICON_RUNE4}.<br>你可以放置任意神器s你获取本回合直接进入战场.
E	Once per turn, when you acquire another Mechana Construct, you may put it directly in play.	每回合一次，当你 获取另一机械神器, 你可以将它放置直接在 打出.
E	Once per turn, when you play a Mechana Construct (including this one), gain ${ICON_HONOR1}.	每回合一次，当你 打出机械神器 (包括此牌一), 获得${ICON_HONOR1}.
E	Once per turn, when you play a Mechana Construct (including this one), gain ${ICON_POWER2}.	每回合一次，当你 打出机械神器 (包括此牌一), 获得${ICON_POWER2}.
E	You may banish this to acquire a Mystic or Heavy Infantry for free and add it to your hand.	你可以放逐此牌以 获取秘教士或 重装步兵无需支付费用和 加入你的手牌.
E	You may pay ${ICON_RUNE1} less the next time you acquire a Construct this turn.Draw a card.	你可以支付 ${ICON_RUNE1} 更低下次你获取神器本回合.<br>抽一张牌.
E	${LABEL_REWARD} Gain ${ICON_HONOR2}. You may banish a card from your hand or discard pile.	${LABEL_REWARD} 获得${ICON_HONOR2}. 你可以放逐一张卡牌从你的手牌或 弃牌堆.
E	Acquire all Heroes in the center row without paying their costs and put them in your hand.	获取所有英雄在中央牌列无需支付费用和 放置它们在你的手牌中.
E	Gain ${ICON_POWER2}.<br>Gain ${ICON_HONOR1} for each faction among Constructs you control.	获得${ICON_POWER2}.<br>获得${ICON_HONOR1} 以每个派系在你控制的神器之中.
E	Gain ${ICON_POWER2}.<br>If you play or have played a Flare Tracker this turn, draw a card.	获得${ICON_POWER2}.<br>若你 打出或 拥有打出过闪光追踪者本回合, 抽一张牌.
E	Gain ${ICON_RUNE2}.If this is banished from anywhere during your turn, gain ${ICON_RUNE2}.	获得${ICON_RUNE2}.<br>若此 为被放逐从 任意处在期间你的回合, 获得${ICON_RUNE2}.
E	Have one of each trophy monster in play at the same time while playing with Storm of Souls	使用《灵魂风暴》时同时在场拥有每种战利品怪物各一
E	Once per turn, when you play a Mechana Construct (including this one), gain ${ICON_RUNE1}.	每回合一次，当你 打出机械神器 (包括此牌一), 获得${ICON_RUNE1}.
E	Once per turn, when you play a Mechana Construct (including this one), gain ${ICON_RUNE3}.	每回合一次，当你 打出机械神器 (包括此牌一), 获得${ICON_RUNE3}.
E	Once per turn, you may put a Mechana Construct from your discard pile on top of your deck.	每回合一次，你可以放置机械神器从 你的弃牌堆放到你的牌库顶.
E	Whenever you acquire or defeat an Enlightened card from the center row, gain <sprite=129>.	每当你从中央牌列获取或击败一张圣贤卡牌时，获得 <sprite=129>。
E	${LABEL_REWARD} Gain ${ICON_HONOR4}. You may banish up to two cards in your discard pile.	${LABEL_REWARD} 获得${ICON_HONOR4}. 你可以放逐至多两 卡牌在你的弃牌堆.
E	<allcaps>Global Honor Pool:</allcaps>\nHonor Points for the game are drawn from this pool.	<allcaps>全局荣誉池：</allcaps>\n本局使用的荣誉点数来源于此处。
E	<allcaps>Global Honor Pool:</allcaps> Honor Points for the game are drawn from this pool.	<allcaps>全局荣誉池：</allcaps>\n本局使用的荣誉点数来源于此处。
E	<allcaps>Play All:</allcaps>\nplaces all of the cards from your hand into the Action Area.	<allcaps>全部打出：</allcaps>\n将你手牌中的所有卡牌一次性放入行动区。
E	<allcaps>Play All:</allcaps> places all of the cards from your hand into the Action Area.	<allcaps>全部打出：</allcaps>\n将你手牌中的所有卡牌一次性放入行动区。
E	Banish a card in the center row.   If you banish a monster this way, gain ${ICON_HONOR3}.	放逐一张卡牌在中央牌列. 若你 放逐怪物以此方式, 获得${ICON_HONOR3}.
E	Draw a card.<br>You may banish a card in the center row, then ${LABEL_RALLY_ENLIGHTENED}.	抽一张牌.<br>你可以放逐一张卡牌在中央牌列, 然后 ${LABEL_RALLY_ENLIGHTENED}.
E	Gain ${ICON_RUNE2} and ${ICON_POWER2}.If you control two or more Constructs, draw a card.	获得${ICON_RUNE2} 和 ${ICON_POWER2}.<br>若你控制的两 或更高神器s, 抽一张牌.
E	Gain ${ICON_RUNE2}.You pay ${ICON_RUNE1} less the next time you acquire a Hero this turn.	获得${ICON_RUNE2}.<br>你支付 ${ICON_RUNE1} 更低下次你获取一个英雄本回合.
E	Whenever you acquire or defeat an Enlightened card in the center row, Rally: Enlightened.	每当你 获取或 击败圣贤卡牌在中央牌列, 集结: 圣贤.
E	${LABEL_REWARD} Gain ${ICON_HONOR1}. You may banish a card in your hand or discard pile.	${LABEL_REWARD} 获得${ICON_HONOR1}. 你可以放逐一张卡牌在你的手牌或弃牌堆.
E	${LABEL_REWARD} Gain ${ICON_HONOR3}. You may banish a card in your hand or discard pile.	${LABEL_REWARD} 获得${ICON_HONOR3}. 你可以放逐一张卡牌在你的手牌或弃牌堆.
E	${LABEL_REWARD} Gain ${ICON_HONOR5}. Each opponent destroys all Constructs they control.	${LABEL_REWARD} 获得${ICON_HONOR5}. 每位对手摧毁所有神器s其控制的.
E	${LABEL_REWARD} Gain ${ICON_HONOR5}. You may banish a card in your hand or discard pile.	${LABEL_REWARD} 获得${ICON_HONOR5}. 你可以放逐一张卡牌在你的手牌或弃牌堆.
E	Draw a card.<br>You may put the next Construct you acquire this turn directly into play.	抽一张牌.<br>你可以放置下一神器你 获取本回合直接进入战场.
E	Gain ${ICON_POWER3}.You may spend ${ICON_RUNE} as though it was ${ICON_POWER} this turn.	获得${ICON_POWER3}.<br>你可以花费 ${ICON_RUNE} 视为 ${ICON_POWER} 本回合.
E	Gain ${ICON_POWER6}.You may banish any number of cards in your hand and/or discard pile.	获得${ICON_POWER6}.<br>你可以放逐任意数量的 卡牌在你的手牌中和/或弃牌堆.
E	Gain ${ICON_RUNE2}.<br>If you've played a Lifebound Hero this turn, gain ${ICON_POWER2}.	获得${ICON_RUNE2}.<br>若你打出过命约英雄本回合, 获得${ICON_POWER2}.
E	Gain ${ICON_RUNE2}.If you play or have played a Sureshot Tracker this turn, draw a card.	获得${ICON_RUNE2}.<br>若你 打出或 拥有打出过神射追踪者本回合, 抽一张牌.
E	Gain ${ICON_RUNE4}.<br>When you acquire a Construct this turn, you may put it into play.	获得${ICON_RUNE4}.<br>当你 获取神器本回合, 你可以将它放置进入战场.
E	Look at the top card of your deck.  You may put it into your discard pile.  Draw a card.	查看你牌库顶的卡牌. 你可以将它放置置入你的弃牌堆. 抽一张牌.
E	Once per turn, gain ${ICON_RUNE1}.  You may spend it only to acquire Mechana Constructs.	每回合一次，获得${ICON_RUNE1}. 你只能用它来获取机械神器。
E	Once per turn, gain ${ICON_RUNE2}.  You may spend it only to acquire Mechana Constructs.	每回合一次，获得2符文。你只能用它来获取机械神器。
E	Once per turn, you may acquire a Mechana Hero in the center row without paying its cost.	每回合一次，你可以获取机械英雄在中央牌列无需支付费用.
E	The final resource is Honor. The player with the most Honor at the end of the game wins.	最后一种资源是荣誉。游戏结束时荣誉最多的玩家获胜。
E	There are no available Games at this time.Use the Create Game Menu to create a new game.	目前没有可加入的对局。<br>请使用“创建对局”菜单开一局新游戏。
E	Banish a card in the center row. If you banish a monster this way, gain ${ICON_HONOR3}.	放逐一张卡牌在中央牌列. 若你 放逐怪物以此方式, 获得${ICON_HONOR3}.
E	Gain ${ICON_POWER2}.Gain ${ICON_ENERGY1} for each faction among Constructs you control.	获得${ICON_POWER2}.<br>获得${ICON_ENERGY1} 以每个派系在你控制的神器之中.
E	Gain ${ICON_POWER3}.<br>${LABEL_MULTIUNITE} You may banish a card in your discard pile.	获得${ICON_POWER3}.<br>${LABEL_MULTIUNITE} 你可以放逐一张卡牌在你的弃牌堆.
E	Gain ${ICON_POWER3}.<br>You may return a Void card from your discard pile to your hand.	获得${ICON_POWER3}.<br>你可以返回虚空卡牌从 你的弃牌堆以 你的手牌.
E	Gain ${ICON_RUNE2}.<br>Put the next construct you acquire this turn directly into play.	获得${ICON_RUNE2}.<br>放置下一神器你 获取本回合直接进入战场.
E	Gain ${ICON_RUNE2}.You may spend ${ICON_RUNE} as though it was ${ICON_POWER} this turn.	获得${ICON_RUNE2}.<br>你可以花费 ${ICON_RUNE} 视为 ${ICON_POWER} 本回合.
E	Gain ${ICON_RUNE3}.You may spend ${ICON_RUNE} as though it was ${ICON_POWER} this turn.	获得${ICON_RUNE3}.<br>你可以花费 ${ICON_RUNE} 视为 ${ICON_POWER} 本回合.
E	Gain ${ICON_RUNE4}.You may put any Constructs you acquire this turn directly into play.	获得${ICON_RUNE4}.<br>你可以放置任意神器s你获取本回合直接进入战场.
E	Once per turn, gain ${ICON_RUNE1}. You may spend it only to acquire Mechana Constructs.	每回合一次，获得${ICON_RUNE1}. 你只能用它来获取机械神器。
E	Once per turn, gain ${ICON_RUNE2}. You may spend it only to acquire Mechana Constructs.	每回合一次，获得2符文。你只能用它来获取机械神器。
E	Once per turn, when you play a Mechana Construct (including this one), gain a Soul Gem.	每回合一次，当你 打出机械神器 (包括此牌一), 获得灵魂宝石.
E	Whenever you acquire or defeat a Lifebound card from the center row, gain <sprite=129>.	每当你从中央牌列获取或击败一张命约卡牌时，获得 <sprite=129>。
E	Win a game with only two factions in your deck while playing with only Realms Unraveled	仅使用《领域解开》且牌组只有两个派系时赢得一局
E	${LABEL_REWARD} Gain ${ICON_HONOR6}. Add a Dreambind Monster in the Void to your hand.	${LABEL_REWARD} 获得${ICON_HONOR6}. 加入梦缚怪物在 虚空区以 你的手牌.
E	<allcaps>Constructs:</allcaps>\nPress to switch the view to your opponent's Constructs.	<allcaps>神器场：</allcaps>\n点击切换视角以查看对手场上的神器。
E	<allcaps>Constructs:</allcaps> Press to switch the view to your opponent's Constructs.	<allcaps>神器场：</allcaps>\n点击切换视角以查看对手场上的神器。
E	Banish a card in your hand. If you do, add a Mystic AND a Heavy Infantry to your hand.	放逐一张卡牌在你的手牌中. 若你如此做，加入秘教士和 重装步兵以 你的手牌.
E	Gain ${ICON_POWER2}.Gain ${ICON_HONOR1} for each faction among Constructs you control.	获得${ICON_POWER2}.<br>获得${ICON_HONOR1} 以每个派系在你控制的神器之中.
E	Gain ${ICON_POWER2}.If you play or have played a Flare Tracker this turn, draw a card.	获得${ICON_POWER2}.<br>若你 打出或 拥有打出过闪光追踪者本回合, 抽一张牌.
E	Gain ${ICON_POWER3}.<br>You may put a Monster from the Void on top of the center deck.	获得${ICON_POWER3}.<br>你可以放置怪物从虚空区在 顶部的 传送门牌库.
E	Gain ${ICON_RUNE1}.<br>You may return a Construct from your discard pile to your hand.	获得${ICON_RUNE1}.<br>你可以返回神器从 你的弃牌堆以 你的手牌.
E	Look at the top card of your deck. You may put it into your discard pile. Draw a card.	查看你牌库顶的卡牌. 你可以将它放置置入你的弃牌堆. 抽一张牌.
E	Multi-Unite Adayu the Serene with at least one card from each faction on a single turn	同一回合以多重联合打出宁静阿达尤，且包含每个派系至少一张牌
E	Once per turn, gain ${ICON_POWER1} for each Transformed Mechana Construct you control.	每回合一次，获得${ICON_POWER1} 以每个已转化机械神器你控制的.
E	Once per turn, if you control four or more Mechana Constructs, you may draw two cards.	每回合一次，若你控制的四 或更高机械神器, 你可以抽两张牌.
E	Reveal the top card of the center deck.  Draw it or defeat it without paying its cost.	展示传送门牌库顶的卡牌. 抽起它或击败它无需支付费用.
E	${LABEL_REWARD} Gain ${ICON_HONOR3}. You may banish a card that was adjacent to this.	${LABEL_REWARD} 获得${ICON_HONOR3}. 你可以放逐一张卡牌该 曾是相邻以 此.
E	${LABEL_REWARD} Gain ${ICON_HONOR5}. Choose and destroy up to two Constructs in play.	${LABEL_REWARD} 获得${ICON_HONOR5}. 选择和 摧毁至多两 神器s在打出.
E	<allcaps>End Turn:</allcaps>\nPress this to end your turn and pass to the next player.	<allcaps>结束回合：</allcaps>\n点击结束当前回合，将行动权交给下一位玩家。
E	<allcaps>End Turn:</allcaps> Press this to end your turn and pass to the next player.	<allcaps>结束回合：</allcaps>\n点击结束当前回合，将行动权交给下一位玩家。
E	Add a card to your Dreamscape.<br>You may banish a card in your hand or discard pile.	将一张卡牌加入你的梦境.<br>你可以放逐一张卡牌在你的手牌或弃牌堆.
E	Draw a card.You may banish a card in the center row, then ${LABEL_RALLY_ENLIGHTENED}.	抽一张牌.<br>你可以放逐一张卡牌在中央牌列, 然后 ${LABEL_RALLY_ENLIGHTENED}.
E	Draw three cards, then put two cards from your hand on top of your deck in any order.	抽三张牌, 然后放置两 卡牌从你的手牌放到你的牌库顶在 任意秩序.
E	Gain ${ICON_HONOR1}. Draw a card.<br>${LABEL_UNITE} Gain ${ICON_HONOR1}. Draw a card.	获得${ICON_HONOR1}. 抽一张牌.<br>${LABEL_UNITE} 获得${ICON_HONOR1}. 抽一张牌.
E	Once per turn, gain ${ICON_HONOR1} for each Transformed Mechana Construct you contol.	每回合一次，获得${ICON_HONOR1} 以每个已转化机械神器你 控制.
E	Once per turn, gain ${ICON_RUNE1} for each Transformed Mechana Construct you control.	每回合一次，获得${ICON_RUNE1} 以每个已转化机械神器你控制的.
E	Once per turn, if you have defeated a Monster in the center row, gain ${ICON_HONOR2}.	每回合一次，若你 拥有被击败怪物在中央牌列, 获得${ICON_HONOR2}.
E	Once per turn, if you have defeated a Monster in the center row, you may draw a card.	每回合一次，若你 拥有被击败怪物在中央牌列, 你可以抽一张牌.
E	RARITY & SET ICON\nEach <sprite=146> represents a copy of the card in the center deck.	<b>稀有度与扩展图标说明</b>\n每个 <sprite=146> 代表中央牌组中本卡的一个副本。
E	Reveal the top card of the center deck. Draw it or defeat it without paying its cost.	展示传送门牌库顶的卡牌. 抽起它或击败它无需支付费用.
E	Whenever you acquire or defeat a Mechana card from the center row, gain <sprite=129>.	每当你从中央牌列获取或击败一张机械卡牌时，获得 <sprite=129>。
E	You may spend ${ICON_POWER} as ${ICON_RUNE} to acquire this.<br>Gain ${ICON_HONOR10}.	你可以花费 ${ICON_POWER} 作为 ${ICON_RUNE} 以获取此.<br>获得${ICON_HONOR10}.
E	${LABEL_REWARD} Gain ${ICON_HONOR4}. Gain ${ICON_POWER7}.<br>${LABEL_RALLY_MONSTER}.	${LABEL_REWARD} 获得${ICON_HONOR4}. 获得${ICON_POWER7}.<br>${LABEL_RALLY_MONSTER}.
E	Acquire a Hero or Construct with cost ${ICON_RUNE5} or less without paying its cost.	获取一个英雄或 神器以 费用 ${ICON_RUNE5} 或更低无需支付费用.
E	Defeat a monster with ${ICON_POWER3} or less.(You do not have to pay ${ICON_POWER}.)	击败一个怪物以 ${ICON_POWER3} 或更低.<br><i>(你无需支付 ${ICON_POWER}.)</i>
E	Draw a card.<br>The next time you acquire a Construct this turn, gain ${ICON_DEATH}.	抽一张牌.<br>下次你获取神器本回合, 获得${ICON_DEATH}.
E	Draw a card.You may put the next Construct you acquire this turn directly into play.	抽一张牌.<br>你可以放置下一神器你 获取本回合直接进入战场.
E	For millennia, the world of Vigil has been isolated and protected from other realms.	千百年来，祈夜世界一直与其他领域隔绝并受其庇护。
E	Gain ${ICON_POWER4}.<br>This turn, you may pay ${ICON_INSIGHT0} for Dreambind costs.	获得${ICON_POWER4}.<br>此回合, 你可以支付 ${ICON_INSIGHT0} 以梦缚费用为.
E	Gain ${ICON_RUNE2}.<br>You may treat all Constructs as Mechana Constructs this turn.	获得${ICON_RUNE2}.<br>你可以将所有神器s作为机械神器本回合.
E	Gain ${ICON_RUNE2}.If you've played a Lifebound Hero this turn, gain ${ICON_POWER2}.	获得${ICON_RUNE2}.<br>若你打出过命约英雄本回合, 获得${ICON_POWER2}.
E	Gain ${ICON_RUNE4}.When you acquire a Construct this turn, you may put it into play.	获得${ICON_RUNE4}.<br>当你 获取神器本回合, 你可以将它放置进入战场.
E	Once per turn, gain ${ICON_POWER} equal to the number of Monsters in the Center Row.	每回合一次，获得${ICON_POWER} 相等以 数量为怪物在 中央牌列.
E	Once per turn, if you control three or more Mechana Constructs, you may draw a card.	每回合一次，若你控制的三 或更高机械神器, 你可以抽一张牌.
E	This turn you may defeat Monsters in the void as though they were in the center row.	此回合你可以击败怪物在 虚空区视为在中央牌列.
E	Whenever you acquire or defeat a Lifebound card in the center row, Rally: Lifebound.	每当你 获取或 击败生命卡牌在中央牌列, 集结: 生命.
E	Acquire or defeat any Enlightened card from the Center Row without paying its cost.	获取或 击败任意圣贤卡牌从 中央牌列无需支付费用.
E	Draw 2 cards.<br>Gain ${ICON_HONOR1} for each faction among Constructs you control.	抽 2 卡牌.<br>获得${ICON_HONOR1} 以每个派系在你控制的神器之中.
E	Draw a card.<br>If this is banished from anywhere during your turn, draw two cards.	抽一张牌.<br>若此 为被放逐从 任意处在期间你的回合, 抽两张牌.
E	Gain ${ICON_POWER3}.${LABEL_MULTIUNITE} You may banish a card in your discard pile.	获得${ICON_POWER3}.<br>${LABEL_MULTIUNITE} 你可以放逐一张卡牌在你的弃牌堆.
E	Gain ${ICON_POWER3}.You may return a Void card from your discard pile to your hand.	获得${ICON_POWER3}.<br>你可以返回虚空卡牌从 你的弃牌堆以 你的手牌.
E	Gain ${ICON_RUNE2}.Put the next construct you acquire this turn directly into play.	获得${ICON_RUNE2}.<br>放置下一神器你 获取本回合直接进入战场.
E	Once per turn, gain ${ICON_POWER1}.<br>You may destroy this to gain ${ICON_POWER1}.	每回合一次，获得${ICON_POWER1}.<br>你可以摧毁此 以获得${ICON_POWER1}.
E	Once per turn, if you control five or more Mechana Constructs, gain ${ICON_HONOR5}.	每回合一次，若你控制的五 或更高机械神器, 获得${ICON_HONOR5}.
E	Once per turn, if you control three or more Mechana Constructs, gain ${ICON_RUNE2}.	每回合一次，若你控制的三 或更高机械神器, 获得${ICON_RUNE2}.
E	Once per turn, if you have played a Lifebound Hero or Monster, gain ${ICON_HONOR2}.	每回合一次，若你 拥有打出过命约英雄或 怪物, 获得${ICON_HONOR2}.
E	Once per turn, when you acquire a Mechana Construct, you may put it into your hand.	每回合一次，当你 获取机械神器, 你可以将它放置置入你的手牌.
E	Once per turn, when you play a Mechana Construct (including this one), draw a card.	每回合一次，当你 打出机械神器 (包括此牌一), 抽一张牌.
E	Once per turn, you may banish a card in your hand.  If you do, gain ${ICON_POWER1}.	每回合一次，你可以放逐一张卡牌在你的手牌中. 若你如此做，获得${ICON_POWER1}.
E	Once per turn, you may draw a card if you control three or more Mechana Constructs.	每回合一次，你可以抽一张牌若 你控制的三 或更高机械神器.
E	Once per turn, you pay ${ICON_RUNE2} less to acquire a card with Treasure under it.	每回合一次，你支付 ${ICON_RUNE2} 更低以 获取卡牌以 宝藏其下它.
E	Take all three Temples from your opponent(s) on the final turn of the game and win.	在终局回合夺走对手全部三座神庙并获胜。
E	<allcaps>Center Row Draw Pile:</allcaps>\nThe Center Row cards are drawn from here.	<allcaps>中央牌列牌堆：</allcaps>\n中央牌列的卡牌从这里补充。
E	<allcaps>Center Row Draw Pile:</allcaps> The Center Row cards are drawn from here.	<allcaps>中央牌列牌堆：</allcaps>\n中央牌列的卡牌从这里补充。
E	Gain ${ICON_POWER3}.You may put a Monster from the Void on top of the center deck.	获得${ICON_POWER3}.<br>你可以放置怪物从虚空区在 顶部的 传送门牌库.
E	Gain ${ICON_RUNE1}.You may return a Construct from your discard pile to your hand.	获得${ICON_RUNE1}.<br>你可以返回神器从 你的弃牌堆以 你的手牌.
E	Gain ${ICON_RUNE2}.<br>If you control two or more Constructs, gain ${ICON_HONOR2}.	获得${ICON_RUNE2}.<br>若你控制的两 或更高神器s, 获得${ICON_HONOR2}.
E	Gain ${ICON_RUNE2}.<br>You may destroy a Construct you control to gain a Soul Gem.	获得${ICON_RUNE2}.<br>你可以摧毁一个神器你控制的以 获得灵魂宝石.
E	Have one of each Return of the Fallen Monster in your deck while Samael is in play	萨麦尔在场时牌组中拥有《堕天归来》每种怪物各一
E	Once per turn, if you control two or more Mechana Constructs, gain ${ICON_POWER2}.	每回合一次，若你控制的两 或更高机械神器, 获得${ICON_POWER2}.
E	Once per turn, if you have played a Mystic or Heavy Infantry, you may draw a card.	每回合一次，若你 拥有打出过秘教士或 重装步兵, 你可以抽一张牌.
E	Once per turn, you may banish a card in your hand. If you do, gain ${ICON_POWER1}.	每回合一次，你可以放逐一张卡牌在你的手牌中. 若你如此做，获得${ICON_POWER1}.
E	Take all three Temples from your opponent(s) on the final turn of the game and win	在终局回合夺走对手全部三座神庙并获胜
E	When you play this, draw a card.  When you play a Leprechaun, gain ${ICON_HONOR1}.	当你 打出此, 抽一张牌. 当你 打出小矮妖, 获得${ICON_HONOR1}.
E	Whenever you acquire or defeat a Void card from the center row, gain <sprite=129>.	每当你从中央牌列获取或击败一张虚空卡牌时，获得 <sprite=129>。
E	Acquire or defeat any Lifebound card from the Center Row without paying its cost.	获取或 击败任意生命卡牌从 中央牌列无需支付费用.
E	Add a card to your Dreamscape.You may banish a card in your hand or discard pile.	将一张卡牌加入你的梦境.<br>你可以放逐一张卡牌在你的手牌或弃牌堆.
E	Gain ${ICON_HONOR1}. Draw a card.${LABEL_UNITE} Gain ${ICON_HONOR1}. Draw a card.	获得${ICON_HONOR1}. 抽一张牌.<br>${LABEL_UNITE} 获得${ICON_HONOR1}. 抽一张牌.
E	Gain ${ICON_RUNE2}.<br>${LABEL_UNITE} You may banish a card you played this turn.	获得${ICON_RUNE2}.<br>${LABEL_UNITE} 你可以放逐一张卡牌你 打出过本回合.
E	Once per turn, you may return another Mechana Construct you control to your hand.	每回合一次，你可以返回另一机械神器你控制的以 你的手牌.
E	When you play this, draw a card. When you play a Leprechaun, gain ${ICON_HONOR1}.	当你 打出此, 抽一张牌. 当你 打出小矮妖, 获得${ICON_HONOR1}.
E	You may spend ${ICON_POWER} as ${ICON_RUNE} to acquire this.Gain ${ICON_HONOR10}.	你可以花费 ${ICON_POWER} 作为 ${ICON_RUNE} 以获取此.<br>获得${ICON_HONOR10}.
E	${LABEL_REWARD} Gain ${ICON_HONOR2}. Draw a card.<br>${LABEL_RALLY_ENLIGHTENED}.	${LABEL_REWARD} 获得${ICON_HONOR2}. 抽一张牌.<br>${LABEL_RALLY_ENLIGHTENED}.
E	${LABEL_REWARD} Gain ${ICON_HONOR4}. Gain ${ICON_POWER7}.${LABEL_RALLY_MONSTER}.	${LABEL_REWARD} 获得${ICON_HONOR4}. 获得${ICON_POWER7}.<br>${LABEL_RALLY_MONSTER}.
E	<allcaps>Discard Pile:</allcaps>\nPress to view the cards you've recently played.	<allcaps>弃牌堆：</allcaps>\n点击查看你刚刚打出过的卡牌。
E	<allcaps>Discard Pile:</allcaps> Press to view the cards you've recently played.	<allcaps>弃牌堆：</allcaps>\n点击查看你刚刚打出过的卡牌。
E	An update is available.<br>Please download the latest<br>version to play online.	有可用更新。<br>请下载最新版本后再进行在线游戏。
E	Draw a card.The next time you acquire a Construct this turn, gain ${ICON_DEATH}.	抽一张牌.<br>下次你获取神器本回合, 获得${ICON_DEATH}.
E	Draw two cards, then discard a card. You may banish a card in your discard pile.	抽两张牌, 然后弃掉卡牌. 你可以放逐一张卡牌在你的弃牌堆.
E	Gain ${ICON_POWER4}. You may pay ${ICON_INSIGHT1} to gain ${ICON_RUNE4} instead.	获得${ICON_POWER4}. 你可以支付 ${ICON_INSIGHT1} 以获得${ICON_RUNE4} 改为.
E	Gain ${ICON_POWER4}.This turn, you may pay ${ICON_INSIGHT0} for Dreambind costs.	获得${ICON_POWER4}.<br>此回合, 你可以支付 ${ICON_INSIGHT0} 以梦缚费用为.
E	Gain ${ICON_RUNE2}.<br>If you control two or more Constructs, gain ${ICON_LIFE}.	获得${ICON_RUNE2}.<br>若你控制的两 或更高神器s, 获得${ICON_LIFE}.
E	Gain ${ICON_RUNE2}.You may treat all Constructs as Mechana Constructs this turn.	获得${ICON_RUNE2}.<br>你可以将所有神器s作为机械神器本回合.
E	If you control three or more Mechana Constructs, you may treat your turn as Day.	若你控制的三 或更高机械神器, 你可以视为你的回合作为昼.
E	Once per turn, if you have gained ${ICON_INSIGHT2} or more, gain ${ICON_POWER2}.	每回合一次，若你 拥有已获得 ${ICON_INSIGHT2} 或更高, 获得${ICON_POWER2}.
E	Once per turn, if you have played a Mystic and a Heavy Infantry, draw two cards.	每回合一次，若你 拥有打出过秘教士和 重装步兵, 抽两张牌.
E	There are four factions in Ascension: Enlightened, Lifebound, Mechana, and Void.	《创升纪元》共有四大派系：圣贤、命约、机械和虚空。
E	Whenever you acquire or defeat a Mechana card in the center row, Rally: Mechana.	每当你 获取或 击败机械卡牌在中央牌列, 集结: 机械.
E	Acquire or defeat any Mechana card from the Center Row without paying its cost.	获取或 击败任意机械卡牌从 中央牌列无需支付费用.
E	Draw 2 cards.Gain ${ICON_HONOR1} for each faction among Constructs you control.	抽 2 卡牌.<br>获得${ICON_HONOR1} 以每个派系在你控制的神器之中.
E	Draw a card.<br>If you control two or more Constructs, draw an additional card.	抽一张牌.<br>若你控制的两 或更高神器s, 抽额外的卡牌.
E	Draw a card.If this is banished from anywhere during your turn, draw two cards.	抽一张牌.<br>若此 为被放逐从 任意处在期间你的回合, 抽两张牌.
E	Draw two cards.<br>You may banish up to two cards in your hand or discard pile.	抽两张牌.<br>你可以放逐至多两 卡牌在你的手牌或弃牌堆.
E	Once per turn, gain ${ICON_POWER1}.You may destroy this to gain ${ICON_POWER1}.	每回合一次，获得${ICON_POWER1}.<br>你可以摧毁此 以获得${ICON_POWER1}.
E	Once this turn, you may return a Construct from your discard pile to your hand.	一次本回合, 你可以返回神器从 你的弃牌堆以 你的手牌.
E	Play 5 Lifebound heroes in a single turn while playing with only Storm of Souls	仅使用《灵魂风暴》时单回合打出 5 名命约英雄
E	Purchase both Delirium and Deliverance expansions together for a greater value!	捆绑购买 <b>谵妄</b> 与 <b>救赎</b> 扩展更超值！
E	${LABEL_REWARD} Gain ${ICON_HONOR2}.  You may banish a card in the center row.	${LABEL_REWARD} 获得${ICON_HONOR2}. 你可以放逐一张卡牌在中央牌列.
E	${LABEL_REWARD} Gain ${ICON_HONOR4}. Take ${ICON_INSIGHT1} from each opponent.	${LABEL_REWARD} 获得${ICON_HONOR4}. 拿取${ICON_INSIGHT1} 从每位对手.
E	${LABEL_REWARD} Gain ${ICON_HONOR5}. Take ${ICON_INSIGHT2} from each opponent.	${LABEL_REWARD} 获得${ICON_HONOR5}. 拿取${ICON_INSIGHT2} 从每位对手.
E	Gain ${ICON_POWER4}.<br>If you control two or more Constructs, draw two cards.	获得${ICON_POWER4}.<br>若你控制的两 或更高神器s, 抽两张牌.
E	Gain ${ICON_RUNE1} and an additional ${ICON_RUNE1} if you control a Construct.	获得${ICON_RUNE1} 和额外的 ${ICON_RUNE1} 若你控制的神器.
E	Gain ${ICON_RUNE2}.If you control two or more Constructs, gain ${ICON_HONOR2}.	获得${ICON_RUNE2}.<br>若你控制的两 或更高神器s, 获得${ICON_HONOR2}.
E	Gain ${ICON_RUNE2}.You may destroy a Construct you control to gain a Soul Gem.	获得${ICON_RUNE2}.<br>你可以摧毁一个神器你控制的以 获得灵魂宝石.
E	Once this turn, you may put a Hero from your discard pile on top of your deck.	一次本回合, 你可以放置英雄从 你的弃牌堆放到你的牌库顶.
E	Using only Deliveraance, finish a game with only Dreambind cards in your deck.	仅使用《拯救》，以牌组全为梦缚牌结束一局。
E	Whenever you acquire or defeat an Enlightened card from the center row, gain .	每当你从中央牌列获取或击败一张圣贤卡牌时，获得 <sprite=129>。
E	${LABEL_REWARD} Gain ${ICON_HONOR1}. You may banish a card in the center row.	${LABEL_REWARD} 获得${ICON_HONOR1}. 你可以放逐一张卡牌在中央牌列.
E	${LABEL_REWARD} Gain ${ICON_HONOR2}. You may banish a card in the center row.	${LABEL_REWARD} 获得${ICON_HONOR2}. 你可以放逐一张卡牌在中央牌列.
E	<allcaps>Online Indicator:</allcaps>\nUsed to show an opponent's online status	<allcaps>在线标识：</allcaps>\n用于显示对手当前是否在线。
E	<allcaps>Online Indicator:</allcaps> Used to show an opponent's online status	<allcaps>在线标识：</allcaps>\n用于显示对手当前是否在线。
E	Acquire two Dream Vision cards without paying their cost during a single game	单局内免费获取两张梦境幻象牌
E	Gain ${ICON_INSIGHT1}.<br>You may banish a card in your hand or discard pile.	获得${ICON_INSIGHT1}.<br>你可以放逐一张卡牌在你的手牌或弃牌堆.
E	Gain ${ICON_INSIGHT2}.<br>You may banish a card in your hand or discard pile.	获得${ICON_INSIGHT2}.<br>你可以放逐一张卡牌在你的手牌或弃牌堆.
E	Gain ${ICON_RUNE1} and ${ICON_POWER1} for each Mechana Construct you control.	获得${ICON_RUNE1} 和 ${ICON_POWER1} 以每个机械神器你控制的.
E	Gain ${ICON_RUNE2} and ${ICON_POWER2}.<br>${LABEL_UNITE} Gain ${ICON_HONOR2}.	获得${ICON_RUNE2} 和 ${ICON_POWER2}.<br>${LABEL_UNITE} 获得${ICON_HONOR2}.
E	Gain ${ICON_RUNE2}.${LABEL_UNITE} You may banish a card you played this turn.	获得${ICON_RUNE2}.<br>${LABEL_UNITE} 你可以放逐一张卡牌你 打出过本回合.
E	Once per turn, gain ${ICON_HONOR1}.<br><br>${LABEL_UNITE} Gain ${ICON_RUNE1}.	每回合一次，获得${ICON_HONOR1}.<br><br>${LABEL_UNITE} 获得${ICON_RUNE1}.
E	Once per turn, you may transform a Mechana Construct without paying its cost.	每回合一次，你可以转化机械神器无需支付费用.
E	Using only Deliverance, finish a game with only Dreambind cards in your deck.	仅使用《拯救》，以牌组全为梦缚牌结束一局。
E	Using only Valley of the Ancients, draw your entire deck using Jubilant Monk.	仅使用《上古山谷》，用欢庆僧侣抽完整个牌库。
E	When you acquire this, you may put it on top of your deck.<br>Draw two cards.	当你 获取此, 你可以将它放置放到你的牌库顶.<br>抽两张牌.
E	${ICON_LIFE}: Gain control of the Temple of Immortality. Gain ${ICON_RUNE2}.	${ICON_LIFE}: 获得对以下的控制： 不朽神殿. 获得${ICON_RUNE2}.
E	${LABEL_REWARD} Gain ${ICON_HONOR2}. Draw a card.${LABEL_RALLY_ENLIGHTENED}.	${LABEL_REWARD} 获得${ICON_HONOR2}. 抽一张牌.<br>${LABEL_RALLY_ENLIGHTENED}.
E	Acquire or defeat any Void card from the Center Row without paying its cost.	获取或 击败任意虚空卡牌从 中央牌列无需支付费用.
E	Find them standing on the edge of the abyss,<br>just beyond the jagged city.	在锯齿般的城市之外，<br>它们立于深渊边缘。
E	Gain ${ICON_ENERGY1}.<br>You may banish a card in your hand or discard pile.	获得${ICON_ENERGY1}.<br>你可以放逐一张卡牌在你的手牌或弃牌堆.
E	Gain ${ICON_ENERGY2}.<br>You may banish a card in your hand or discard pile.	获得${ICON_ENERGY2}.<br>你可以放逐一张卡牌在你的手牌或弃牌堆.
E	Gain ${ICON_POWER2}.<br>If you control 2 or more Constructs,<br>draw a card.	获得${ICON_POWER2}.<br>若你控制的 2 或更高神器s,<br>抽一张牌.
E	Gain ${ICON_POWER2}.<br>You may return a Construct you control to your hand.	获得${ICON_POWER2}.<br>你可以返回神器你控制的以 你的手牌.
E	Gain ${ICON_RUNE2}.If you control two or more Constructs, gain ${ICON_LIFE}.	获得${ICON_RUNE2}.<br>若你控制的两 或更高神器s, 获得${ICON_LIFE}.
E	Infest your opponent's deck with all of the Bam, Yuk, and Nom Tribe Gremlins	用全部砰、恶、啃部落的哥布林寄生对手牌组
E	Once per turn, when you acquire a Mechana card, you may put it in your hand.	每回合一次，当你 获取机械卡牌, 你可以将它放置在你的手牌中.
E	Play Dark Monk, Psionic Monk, and Monk of the Stone Circle in the same turn.	同一回合打出暗僧、灵能僧与石环僧侣。
E	Using only Deliverance, finish a game with only Dreambind cards in your deck	仅使用《拯救》，以牌组全为梦缚牌结束一局
E	Using only Valley of the Ancients, draw your entire deck using Jubilant Monk	仅使用《上古山谷》，用欢庆僧侣抽完整个牌库
E	Copy the effect of a Hero played this turn with cost ${ICON_RUNE3} or less.	复制效果的 英雄打出过本回合以 费用 ${ICON_RUNE3} 或更低.
E	Defeat a Monster that costs ${ICON_POWER4} or less without paying its cost.	击败一个怪物费用为${ICON_POWER4} 或更低无需支付费用.
E	Draw a card.<br>Name a faction. This Hero counts as that faction this turn.	抽一张牌.<br>命名派系. 此英雄视为作为该 派系本回合.
E	Draw a card.If you control two or more Constructs, draw an additional card.	抽一张牌.<br>若你控制的两 或更高神器s, 抽额外的卡牌.
E	Draw two cards.You may banish up to two cards in your hand or discard pile.	抽两张牌.<br>你可以放逐至多两 卡牌在你的手牌或弃牌堆.
E	Gain ${ICON_POWER2}.<br>You may banish a card in your hand or discard pile.	获得2战力。你可以放逐一张手牌或弃牌堆中的卡牌。
E	Gain ${ICON_POWER3}.<br>You may banish a card in your hand or discard pile.	获得${ICON_POWER3}.<br>你可以放逐一张卡牌在你的手牌或弃牌堆.
E	Gain ${ICON_POWER4}.<br>You may banish a card in your hand or discard pile.	获得${ICON_POWER4}.<br>你可以放逐一张卡牌在你的手牌或弃牌堆.
E	Gain ${ICON_RUNE1}.<br>You may pay ${ICON_INSIGHT1} to gain ${ICON_HONOR3}.	获得${ICON_RUNE1}.<br>你可以支付 ${ICON_INSIGHT1} 以获得${ICON_HONOR3}.
E	Once per turn, gain ${ICON_ENERGY1} for each Mechana Construct you control.	每回合一次，获得${ICON_ENERGY1} 以每个机械神器你控制的.
E	Once per turn, when you acquire a Hero, you may put it on top of your deck.	每回合一次，当你 获取一个英雄, 你可以将它放置放到你的牌库顶.
E	Play Dark Monk, Psionic Monk, and Monk of the Stone Circle in the same turn	同一回合打出暗僧、灵能僧与石环僧侣
E	TOTAL crew - 23<br>10 wheelmen, 12 operators,1 certified barrel technician 	编制 23 人<br>10 名驾驶员，12 名操作员，1 名持证炮管技师
E	Whenever you acquire or defeat a Lifebound card from the center row, gain .	每当你从中央牌列获取或击败一张命约卡牌时，获得 <sprite=129>。
E	You may pay ${ICON_INSIGHT5} to transform this into Emma's Teletransmitter.	你可以支付 ${ICON_INSIGHT5} 以将此牌转化为艾玛的远传器.
E	Acquire 7 Heroes in a single turn while playing with only Realms Unraveled	仅使用《领域解开》时单回合获取 7 名英雄
E	Defeat a Monster with cost ${ICON_POWER4} or less without paying its cost.	击败一个怪物以 费用 ${ICON_POWER4} 或更低无需支付费用.
E	Defeat a Monster with cost ${ICON_POWER5} or less without paying its cost.	击败一个怪物以 费用 ${ICON_POWER5} 或更低无需支付费用.
E	FACTION There are 4 different factions: Enlightened Lifebound Mechana Void	派系\n共有四大派系：\n<color=#4cbbeb>圣贤\n<color=#7fc241>命约\n<color=#b6b6b6>机械\n<color=#bb8bbe>虚空
E	For any questions or issues please contact us at support@playdekgames.com.	如有任何问题，请联系 support@playdekgames.com。
E	Gain ${ICON_POWER4}.If you control two or more Constructs, draw two cards.	获得${ICON_POWER4}.<br>若你控制的两 或更高神器s, 抽两张牌.
E	Gain ${ICON_RUNE1}.<br>You may banish a card in your hand or discard pile.	获得${ICON_RUNE1}.<br>你可以放逐一张卡牌在你的手牌或弃牌堆.
E	Gain ${ICON_RUNE2}.<br>You may banish a card in your hand or discard pile.	获得${ICON_RUNE2}.<br>你可以放逐一张卡牌在你的手牌或弃牌堆.
E	Once per turn, gain ${ICON_POWER1} for each Mechana Construct you control.	每回合一次，你每控制一个机械神器，获得1战力。
E	Once per turn, you may discard two cards.  If you do, gain ${ICON_HONOR3}.	每回合一次，你可以弃掉两 卡牌. 若你如此做，获得${ICON_HONOR3}.
E	TOTAL crew - 23<br>10 wheelmen, 12 operators,1 certified barrel technician	编制 23 人<br>10 名驾驶员，12 名操作员，1 名持证炮管技师
E	Whenever you acquire or defeat a Void card in the center row, Rally: Void.	每当你 获取或 击败虚空卡牌在中央牌列, 集结: 虚空.
E	You must summon powerful Heroes and Constructs to aid you in your battles.	你必须召集强大的英雄与神器，助你投入战斗。
E	${LABEL_REWARD} Gain ${ICON_HONOR4}. Gain ${ICON_LIFE} and ${ICON_DEATH}.	${LABEL_REWARD} 获得${ICON_HONOR4}. 获得${ICON_LIFE} 和 ${ICON_DEATH}.
E	${LABEL_REWARD} Gain ${ICON_HONOR4}. Gain ${ICON_RENOWN1} in any faction.	${LABEL_REWARD} 获得${ICON_HONOR4}. 获得${ICON_RENOWN1} 在任意派系.
E	${LABEL_REWARD} Gain ${ICON_HONOR5}. Gain ${ICON_RENOWN2} in any faction.	${LABEL_REWARD} 获得${ICON_HONOR5}. 获得${ICON_RENOWN2} 在任意派系.
E	<color=#951719FF>Trophy:</color> You may banish this to gain <sprite=33>.	<color=#951719FF>战利品：</color>你可以放逐此卡以获得 <sprite=33>。
E	Acquire a Hero with cost ${ICON_RUNE3} or less and put it into your hand.	获取一个英雄以 费用 ${ICON_RUNE3} 或更低和 将它放置置入你的手牌.
E	Aquire 7 Heroes in a single turn while playing with only Realms Unraveled	仅使用《领域解开》时单回合获取 7 名英雄
E	Copy the effect of a Hero played this turn. This effect cannot be copied.	复制本回合打出的一张英雄的效果。 此效果不能是 被复制.
E	Defeat a Monster in the Center Row with Emri's Sting and Emri, Demonsbane	用艾姆瑞之刺与屠魔者艾姆瑞击败中央牌列怪物
E	Defeat a Monster that has ${ICON_POWER4} or less without paying its cost.	击败一个怪物该 具有${ICON_POWER4} 或更低无需支付费用.
E	Defeat a Monster that has ${ICON_POWER6} or less without paying its cost.	击败一个战力值不高于6的怪物。
E	Gain ${ICON_INSIGHT1}.You may banish a card in your hand or discard pile.	获得${ICON_INSIGHT1}.<br>你可以放逐一张卡牌在你的手牌或弃牌堆.
E	Gain ${ICON_INSIGHT2}.You may banish a card in your hand or discard pile.	获得${ICON_INSIGHT2}.<br>你可以放逐一张卡牌在你的手牌或弃牌堆.
E	Gain ${ICON_POWER2}. You may return a Construct you control to your hand.	获得${ICON_POWER2}. 你可以返回神器你控制的以 你的手牌.
E	Gain ${ICON_RUNE2} and ${ICON_POWER2}.${LABEL_UNITE} Gain ${ICON_HONOR2}.	获得${ICON_RUNE2} 和 ${ICON_POWER2}.<br>${LABEL_UNITE} 获得${ICON_HONOR2}.
E	Once per turn, you may discard two cards. If you do, gain ${ICON_HONOR3}.	每回合一次，你可以弃掉两 卡牌. 若你如此做，获得${ICON_HONOR3}.
E	When you acquire this, you may put it on top of your deck.Draw two cards.	当你 获取此, 你可以将它放置放到你的牌库顶.<br>抽两张牌.
E	Whenever you acquire or defeat a Mechana card from the center row, gain .	每当你从中央牌列获取或击败一张机械卡牌时，获得 <sprite=129>。
E	${LABEL_REWARD} Gain ${ICON_HONOR6}.  Each opponent must discard a card.	${LABEL_REWARD} 获得${ICON_HONOR6}. 每位对手须弃掉卡牌.
E	${LABEL_REWARD} Transform this into Borderland Mercenary and acquire it.	${LABEL_REWARD} 将此牌转化为边地佣兵和 获取它.
E	An update is available.Please download the latestversion to play online.	有可用更新。<br>请下载最新版本后再进行在线游戏。
E	Find them standing on the edge of the abyss,just beyond the jagged city.	在锯齿般的城市之外，<br>它们立于深渊边缘。
E	Gain ${ICON_ENERGY1}.You may banish a card in your hand or discard pile.	获得${ICON_ENERGY1}.<br>你可以放逐一张卡牌在你的手牌或弃牌堆.
E	Gain ${ICON_ENERGY2}.You may banish a card in your hand or discard pile.	获得${ICON_ENERGY2}.<br>你可以放逐一张卡牌在你的手牌或弃牌堆.
E	Gain ${ICON_POWER1}. You may banish a card in your hand or discard pile.	获得${ICON_POWER1}. 你可以放逐一张卡牌在你的手牌或弃牌堆.
E	Gain ${ICON_POWER2}.<br>Draw a card if you control 2 or more Constructs.	获得${ICON_POWER2}.<br>抽一张牌若 你控制的 2 或更高神器s.
E	Gain ${ICON_POWER2}.You may return a Construct you control to your hand.	获得${ICON_POWER2}.<br>你可以返回神器你控制的以 你的手牌.
E	Gain ${ICON_POWER5}. You may banish a card in your hand or discard pile.	获得${ICON_POWER5}. 你可以放逐一张卡牌在你的手牌或弃牌堆.
E	Gain ${ICON_RUNE2}. If you control a Transformed Construct, draw a card.	获得${ICON_RUNE2}. 若你控制的已转化神器, 抽一张牌.
E	Once per turn, you may spend ${ICON_RUNE4} to double your ${ICON_POWER}.	每回合一次，你可以花费 ${ICON_RUNE4} 以双倍你的 ${ICON_POWER}.
E	RARITY & SET ICON Each represents a copy of the card in the center deck.	<b>稀有度与扩展图标说明</b>\n每个 <sprite=146> 代表中央牌组中本卡的一个副本。
E	Take 5 turns in a row while playing with only Chronicle of the Godslayer	仅使用《弑神编年史》时连续进行 5 个回合
E	Use the Recur effect found on all cards with a Recur effect in Delirium.	使用《谵妄》中所有带循环效果之牌的循环效果。
E	You may banish this Construct to take an additional turn after this one.	放逐此神器，然后在本回合后再进行一个额外回合。
E	${LABEL_REWARD} Gain ${ICON_HONOR6}. Each opponent must discard a card.	${LABEL_REWARD} 获得${ICON_HONOR6}. 每位对手须弃掉卡牌.
E	Acquire a Hero with cost ${ICON_RUNE4} or less without paying its cost.	获取一个英雄以 费用 ${ICON_RUNE4} 或更低无需支付费用.
E	Acquire all five of the Transformed Events/Heroes across multiple games	跨越多局获取全部五张转化后的事件/英雄
E	After a certain amount of time, this transforms into something awesome!	经过一段时间后，此牌会转化成某种很厉害的东西！
E	Draw a card. You may banish a card in your hand to gain ${ICON_POWER2}.	抽一张牌. 你可以放逐一张卡牌在你的手牌中以 获得${ICON_POWER2}.
E	Draw a card.<br>${LABEL_UNITE} You may banish a card in the center row.	抽一张牌.<br>${LABEL_UNITE} 你可以放逐一张卡牌在中央牌列.
E	Draw a card.Name a faction. This Hero counts as that faction this turn.	抽一张牌.<br>命名派系. 此英雄视为作为该 派系本回合.
E	Gain ${ICON_POWER2}.You may banish a card in your hand or discard pile.	获得2战力。你可以放逐一张手牌或弃牌堆中的卡牌。
E	Gain ${ICON_POWER3}.You may banish a card in your hand or discard pile.	获得${ICON_POWER3}.<br>你可以放逐一张卡牌在你的手牌或弃牌堆.
E	Gain ${ICON_POWER4}.You may banish a card in your hand or discard pile.	获得${ICON_POWER4}.<br>你可以放逐一张卡牌在你的手牌或弃牌堆.
E	Gain ${ICON_RUNE1}.You may pay ${ICON_INSIGHT1} to gain ${ICON_HONOR3}.	获得${ICON_RUNE1}.<br>你可以支付 ${ICON_INSIGHT1} 以获得${ICON_HONOR3}.
E	Use the Recur effect found on all cards with a Recur effect in Delirium	使用《谵妄》中所有带循环效果之牌的循环效果
E	Win a game with no Infest cards in your deck using Gift of the Elements	使用《元素的馈赠》且牌组中无寄生牌的情况下赢得一局
E	You may pay ${ICON_RUNE1} less to acquire Constructs in the center row.	你可以支付 ${ICON_RUNE1} 更低以 获取神器s在中央牌列.
E	${LABEL_REWARD} Gain ${ICON_HONOR5}. Add two cards to your Dreamscape.	${LABEL_REWARD} 获得${ICON_HONOR5}. 加入两卡牌以 你的梦境.
E	<allcaps>Player's Runes:</allcaps>\nPlayer's Rune count for their turn.	<allcaps>你的符文：</allcaps>\n本回合你拥有的符文数。
E	<allcaps>Player's Runes:</allcaps> Player's Rune count for their turn.	<allcaps>你的符文：</allcaps>\n本回合你拥有的符文数。
E	Acquire a Hero without paying its cost.  Place it on top of your deck.	获取一个英雄无需支付费用. 将它放到你的牌库顶.
E	Gain ${ICON_RUNE1}.You may banish a card in your hand or discard pile.	获得${ICON_RUNE1}.<br>你可以放逐一张卡牌在你的手牌或弃牌堆.
E	Gain ${ICON_RUNE2}.You may banish a card in your hand or discard pile.	获得${ICON_RUNE2}.<br>你可以放逐一张卡牌在你的手牌或弃牌堆.
E	Once per turn, gain ${ICON_RUNE3}, ${ICON_POWER3}, and ${ICON_HONOR3}.	每回合一次，获得${ICON_RUNE3}, ${ICON_POWER3}, 和 ${ICON_HONOR3}.
E	Once per turn, when you acquire a Hero, you may put it into your hand.	每回合一次，当你 获取一个英雄, 你可以将它放置置入你的手牌.
E	Sign up to get the latest information and special deals direct to you.	订阅即可获取最新资讯与优惠，直接发到你的邮箱。
E	TOTAL crew - 2310 wheelmen, 12 operators,1 certified barrel technician	编制 23 人<br>10 名驾驶员，12 名操作员，1 名持证炮管技师
E	Whenever you acquire or defeat a Void card from the center row, gain .	每当你从中央牌列获取或击败一张虚空卡牌时，获得 <sprite=129>。
E	You may banish this to acquire all of the Treasures in the center row.	你可以放逐此牌以 获取所有的 宝藏s在中央牌列.
E	You may pay ${ICON_INSIGHT5} to transform this into Emma's Voidcycler.	你可以支付 ${ICON_INSIGHT5} 以将此牌转化为艾玛的虚空循环器.
E	Acquire a Hero without paying its cost. Place it on top of your deck.	获取一个英雄无需支付费用. 将它放到你的牌库顶.
E	Defeat Aranyx, the Glutton and Xeron, Lord of Deofol on the same turn	同一回合击败贪食者阿兰克斯与德俄佛之主塞伦
E	Once per turn, gain ${ICON_HONOR1}.${LABEL_UNITE} Gain ${ICON_RUNE1}.	每回合一次，获得${ICON_HONOR1}.<br><br>${LABEL_UNITE} 获得${ICON_RUNE1}.
E	Play Deadeye Assassin with 10 or more Void cards in your discard pile	弃牌堆有 10 张或更多虚空牌时打出神射手刺客
E	Play Hedron Cannon, Plasma Cannon, and Canon Templar on the same turn	同一回合打出多面体加农炮、等离子加农炮与加农圣堂武士
E	You may pay ${ICON_INSIGHT5} to transform this into Emma's Mechannon.	你可以支付 ${ICON_INSIGHT5} 以将此牌转化为艾玛的机加农.
E	You must accept the Terms of Use Agreement before creating an account	创建账号前必须同意使用条款
E	${LABEL_REWARD} Transform this into Adayu the Serene and acquire it.	${LABEL_REWARD} 将此牌转化为阿达尤宁静和 获取它.
E	<allcaps>Hand:</allcaps>\nHow many cards are in your opponent's hand.	<allcaps>对手手牌：</allcaps>\n显示对手当前持有多少张手牌。
E	<allcaps>Hand:</allcaps> How many cards are in your opponent's hand.	<allcaps>对手手牌：</allcaps>\n显示对手当前持有多少张手牌。
E	A player may have no more than one Fanatic Trophy in play at a time.	玩家可以拥有没有超过一 狂信者战利品在 打出在 次.
E	Acquire Hedron Cannon after defeating Avatar of the Fallen that turn	在击败堕天化身的同一回合获取多面体加农炮
E	Gain ${ICON_POWER2}.Draw a card if you control 2 or more Constructs.	获得${ICON_POWER2}.<br>抽一张牌若 你控制的 2 或更高神器s.
E	Gain ${ICON_POWER2}.If you control 2 or more Constructs,draw a card.	获得${ICON_POWER2}.<br>若你控制的 2 或更高神器s,<br>抽一张牌.
E	Gain ${ICON_RUNE1}, ${ICON_HONOR1}, ${ICON_POWER1}, and draw a card.	获得${ICON_RUNE1}, ${ICON_HONOR1}, ${ICON_POWER1}, 和抽一张牌.
E	Once per turn, when you acquire a Mechana card, gain ${ICON_HONOR1}.	每回合一次，当你 获取机械卡牌, 获得${ICON_HONOR1}.
E	Once per turn, when you acquire a Mechana card, gain ${ICON_POWER2}.	每回合一次，当你 获取机械卡牌, 获得${ICON_POWER2}.
E	Play "Naka, Emri's Chosen" and "Emri, Soulstealer" on the same turn.	同一回合打出「艾姆瑞选民娜卡」与「窃魂者艾姆瑞」。
E	This turn you may spend ${ICON_RUNE} as though it was ${ICON_POWER}.	此回合你可以花费 ${ICON_RUNE} 视为 ${ICON_POWER}.
E	Using Dhartha, Mechamonk, draw seven or more cards in a single turn.	用机械僧达尔塔单回合抽七张或更多牌。
E	"Because exhaust vent maintenance wasn't already dangerous enough."	「就因为排风口维护还不够危险。」
E	${LABEL_REWARD} Gain ${ICON_HONOR3}. Add a card to your Dreamscape.	${LABEL_REWARD} 获得${ICON_HONOR3}. 将一张卡牌加入你的梦境.
E	Acquire all Constructs in the center row without paying their cost.	获取所有神器s在中央牌列无需支付其 费用.
E	Defeat a monster of ${ICON_POWER4} or less without paying its cost.	击败一个怪物的 ${ICON_POWER4} 或更低无需支付费用.
E	Draw a card.${LABEL_UNITE} You may banish a card in the center row.	抽一张牌.<br>${LABEL_UNITE} 你可以放逐一张卡牌在中央牌列.
E	Draw a card.<br>You may banish a card in your hand or discard pile.	抽一张牌.<br>你可以放逐一张卡牌在你的手牌或弃牌堆.
E	Fate: When this enters the center row, each player may draw a card.	<color=#fdc60eff>天命：</color> 当此牌进入中央牌列时, 每位玩家可以抽一张牌.
E	Gain ${ICON_HONOR3}.<br>You may banish a card in your discard pile.	获得${ICON_HONOR3}.<br>你可以放逐一张卡牌在你的弃牌堆.
E	Gain ${ICON_POWER3}.<br>You may banish a card in your discard pile.	获得${ICON_POWER3}.<br>你可以放逐一张卡牌在你的弃牌堆.
E	OBJECT RETRieveD.  UNKNOWNLIFE FORMs Detected. REquestinstructions.	物体已回收。侦测到未知生命体。请求指示。
E	Play "Naka, Emri's Chosen" and "Emri, Soulstealer" on the same turn	同一回合打出「艾姆瑞选民娜卡」与「窃魂者艾姆瑞」
E	Using Dhartha, Mechamonk, draw seven or more cards in a single turn	用机械僧达尔塔单回合抽七张或更多牌
E	When you acquire this, ${LABEL_RALLY_VOID}.<br>Gain ${ICON_POWER2}.	当你 获取此, ${LABEL_RALLY_VOID}.<br>获得${ICON_POWER2}.
E	<allcaps>Menu:</allcaps>\nOpens a menu with a list of game options.	<allcaps>菜单：</allcaps>\n打开菜单，列出可进行的游戏操作。
E	<allcaps>Menu:</allcaps> Opens a menu with a list of game options.	<allcaps>菜单：</allcaps>\n打开菜单，列出可进行的游戏操作。
E	Are you sure you want to spend 5 Insight to roll the Delirium Die?	确定要花费 5 点洞察来投掷骰子吗？
E	Defeat Avatar of the Fallen and Samael the Fallen in the same turn	同一回合击败堕天化身与堕天萨麦尔
E	Have Moken the Huntsmaster in your deck with at least 10 treasures	牌组中有猎手莫肯且至少拥有 10 件宝藏
E	OBJECT RETRieveD. UNKNOWNLIFE FORMs Detected. REquestinstructions.	物体已回收。侦测到未知生命体。请求指示。
E	<allcaps>Player's Power:</allcaps>\nPlayer's Power for their turn.	<allcaps>你的战力：</allcaps>\n本回合你拥有的战力值。
E	<allcaps>Player's Power:</allcaps> Player's Power for their turn.	<allcaps>你的战力：</allcaps>\n本回合你拥有的战力值。
E	Acquire a Hero without paying its cost and put it into your hand.	获取一个英雄无需支付费用和 将它放置置入你的手牌.
E	Draw three cards, then discard two cards or one Enlightened card.	抽三张牌, 然后弃掉两 卡牌或 一圣贤卡牌.
E	When you defeat a Monster in the center row, gain ${ICON_HONOR2}.	当你 击败一个怪物在中央牌列, 获得${ICON_HONOR2}.
E	Level 6 - clarity.<br>level 7 - epiphany.<br>level 8 - martyrdom	第六层——澄明。<br>第七层——顿悟。<br>第八层——殉道。
E	No saved games found.\nSelect "Create Game"\nto start a new game.\n	暂无保存的对局。\n选择「创建对局」\n开始新游戏。\n
E	Acquire the top card of the Dream deck without paying its cost.	获取顶部卡牌的 梦牌库无需支付费用.
E	Draw a card.You may banish a card in your hand or discard pile.	抽一张牌.<br>你可以放逐一张卡牌在你的手牌或弃牌堆.
E	Gain ${ICON_HONOR3}.You may banish a card in your discard pile.	获得${ICON_HONOR3}.<br>你可以放逐一张卡牌在你的弃牌堆.
E	Gain ${ICON_POWER3}.You may banish a card in your discard pile.	获得${ICON_POWER3}.<br>你可以放逐一张卡牌在你的弃牌堆.
E	Gain ${ICON_RUNE2}.<br>You may banish a card in the center row.	获得${ICON_RUNE2}.<br>你可以放逐一张卡牌在中央牌列.
E	No saved games found.\nSelect "Create Game"\nto start a new game.	暂无保存的对局。\n选择「创建对局」\n开始新游戏。\n
E	No saved games found. Select "Create Game" to start a new game.	暂无保存的对局。\n选择「创建对局」\n开始新游戏。\n
E	Once per turn, when you acquire a Mechana card, draw two cards.	每回合一次，当你 获取机械卡牌, 抽两张牌.
E	When you acquire this, ${LABEL_RALLY_VOID}.Gain ${ICON_POWER2}.	当你 获取此, ${LABEL_RALLY_VOID}.<br>获得${ICON_POWER2}.
E	Win a game where the only cards you've acquired are Night cards	仅获取夜间牌的情况下赢得一局
E	Trophy: You may banish this to gain the current Trophy Effect.	<color=#951719FF><B>战利品:</B></color> 你可以放逐此牌以 获得当前战利品效果.
E	You are considered to control an additional Mechana Construct.	你为 视为以 控制额外的机械神器.
E	COST\nThe amount of Power you must spend to acquire this card.	费用\n获取此牌所需花费的战力。
E	COST\nThe number of Runes you must spend to acquire this card.	COST\n 数量的 符文你 须花费以获取此牌.
E	COST The amount of Power you must spend to acquire this card.	费用\n获取此牌所需花费的战力。
E	COST The number of Runes you must spend to acquire this card.	COST\n 数量的 符文你 须花费以获取此牌.
E	Once per turn, you may pay <sprite=34>  to gain <sprite=129>.	每回合一次：你可以支付 <sprite=34>，以获得 <sprite=129>。
E	Take 5 turns in a row while playing with Return of the Fallen	使用《堕天归来》时连续进行 5 个回合
E	Win a game where the only cards you've acquired are Day cards	仅获取日间牌的情况下赢得一局
E	You may treat all Constructs as though they are all factions.	你可以将所有神器s作为如同他们为 所有派系.
E	<allcaps>Event Zone:</allcaps>\nShows the current Event card.	<allcaps>事件区：</allcaps>\n显示当前的事件卡牌。
E	<allcaps>Event Zone:</allcaps> Shows the current Event card.	<allcaps>事件区：</allcaps>\n显示当前的事件卡牌。
E	Gain ${ICON_RUNE2}.<br>${LABEL_UNITE} Gain ${ICON_INSIGHT2}.	获得${ICON_RUNE2}.<br>${LABEL_UNITE} 获得${ICON_INSIGHT2}.
E	Have Umbral edge and Penumbral Edge in play at the same time	同时在场拥有暗影刃与半影刃
E	${LABEL_REWARD} Gain ${ICON_HONOR3}. Gain ${ICON_INSIGHT2}.	${LABEL_REWARD} 获得${ICON_HONOR3}. 获得${ICON_INSIGHT2}.
E	${LABEL_REWARD} Gain ${ICON_HONOR3}. Roll the Delirium Die.	${LABEL_REWARD} 获得${ICON_HONOR3}. 掷谵妄骰。
E	Acquire a Mystic or Heavy Infantry without paying its cost.	获取一个秘教士或 重装步兵无需支付费用.
E	All opponents have forfeited!\nClaim victory & end the game?	所有对手均已弃权！\n是否宣布胜利并结束对局？
E	All opponents have forfeited! Claim victory & end the game?	所有对手均已弃权！\n是否宣布胜利并结束对局？
E	Defeat a Monster in the center row without paying its cost.	击败一个怪物在中央牌列无需支付费用.
E	Defeat a Monster with cost ${ICON_POWER6} or less for free.	击败一个怪物以 费用 ${ICON_POWER6} 或更低无需支付费用.
E	Gain ${ICON_POWER2}.<br>${LABEL_UNITE} Gain ${ICON_HONOR1}.	获得${ICON_POWER2}.<br>${LABEL_UNITE} 获得${ICON_HONOR1}.
E	Gain ${ICON_RUNE2}.You may banish a card in the center row.	获得${ICON_RUNE2}.<br>你可以放逐一张卡牌在中央牌列.
E	Once this turn, you may banish a card you played this turn.	一次本回合, 你可以放逐一张卡牌你 打出过本回合.
E	Would you like to remove this player from your friend list?	要从好友列表中移除这名玩家吗？
E	You may banish a card in your discard pile.<br>Draw a card.	你可以放逐一张卡牌在你的弃牌堆.<br>抽一张牌.
E	${LABEL_REWARD} Gain ${ICON_HONOR5} and ${ICON_INSIGHT10}.	${LABEL_REWARD} 获得${ICON_HONOR5} 和 ${ICON_INSIGHT10}.
E	<smallcaps>O</smallcaps>ffline<smallcaps>G</smallcaps>ames	离线对局
E	Acquire or defeat every card in Chronicle of the Godslayer	获取或击败《弑神编年史》中的每张牌
E	Are you sure you want to acquire that to the discard pile?	确定要将其获取到弃牌堆吗？
E	Defeat a Monster that has ${ICON_POWER4} or less for free.	击败一个怪物该 具有${ICON_POWER4} 或更低无需支付费用.
E	Defeat a Monster that has ${ICON_POWER6} or less for free.	击败一个怪物该 具有${ICON_POWER6} 或更低无需支付费用.
E	Gain ${ICON_HONOR2}.<br>${LABEL_UNITE} Gain ${ICON_RUNE2}.	获得${ICON_HONOR2}.<br>${LABEL_UNITE} 获得${ICON_RUNE2}.
E	Gain ${ICON_POWER2}.<br>${LABEL_UNITE} Gain ${ICON_RUNE3}.	获得${ICON_POWER2}.<br>${LABEL_UNITE} 获得${ICON_RUNE3}.
E	${LABEL_REWARD} Gain ${ICON_HONOR1} and ${ICON_INSIGHT1}.	${LABEL_REWARD} 获得${ICON_HONOR1} 和 ${ICON_INSIGHT1}.
E	${LABEL_REWARD} Gain ${ICON_HONOR2} and ${ICON_INSIGHT1}.	${LABEL_REWARD} 获得${ICON_HONOR2} 和 ${ICON_INSIGHT1}.
E	${LABEL_REWARD} Gain ${ICON_HONOR2}.  Gain ${ICON_RUNE2}.	${LABEL_REWARD} 获得${ICON_HONOR2}. 获得${ICON_RUNE2}.
E	${LABEL_REWARD} Gain ${ICON_HONOR4} and ${ICON_INSIGHT3}.	${LABEL_REWARD} 获得${ICON_HONOR4} 和 ${ICON_INSIGHT3}.
E	${LABEL_REWARD} Gain ${ICON_HONOR5} and ${ICON_INSIGHT5}.	${LABEL_REWARD} 获得${ICON_HONOR5} 和 ${ICON_INSIGHT5}.
E	<allcaps>Void:</allcaps>\nDefeated monsters are sent here.	<allcaps>虚空：</allcaps>\n被击败的怪物会被送到这里。
E	<allcaps>Void:</allcaps> Defeated monsters are sent here.	<allcaps>虚空：</allcaps>\n被击败的怪物会被送到这里。
E	<smallcaps>K</smallcaps>ey<smallcaps>B</smallcaps>indings	按键绑定
E	Acquire a Hero in the center row without paying its cost.	获取一个英雄在中央牌列无需支付费用.
E	Activate the Phantasm effect five times in a single game.	单局发动幻影效果五次。
E	Are you sure you want to delete this Quick Match request?	确定要删除此快速匹配请求吗？
E	Creating this Quick Match failed.<br>Too many games open.	创建快速匹配失败。<br>打开的对局过多。
E	Gain ${ICON_HONOR3}.<br>${LABEL_UNITE} Gain ${ICON_LIFE}.	获得${ICON_HONOR3}.<br>${LABEL_UNITE} 获得${ICON_LIFE}.
E	Gain ${ICON_RUNE1}, ${ICON_HONOR1}, and ${ICON_INSIGHT1}.	获得${ICON_RUNE1}, ${ICON_HONOR1}, 和 ${ICON_INSIGHT1}.
E	Press the avatar to invite Friends from your Friends List	点击头像，从好友列表邀请好友。
E	You must be logged<br>in to Game Center<br>to play online	必须登录<br>Game Center<br>才能进行在线游戏
E	"PLAYER NAME" HAS NOT LOGGED INTO THE ASCENSION SERVERS.	「玩家姓名」尚未登录《创升纪元》服务器。
E	"Player Name" has not logged into the Ascension servers.	「玩家姓名」尚未登录《创升纪元》服务器。
E	"player Name" Has Not Logged Into The Ascension Servers.	「玩家姓名」尚未登录《创升纪元》服务器。
E	"player name" has not logged into the ascension servers.	「玩家姓名」尚未登录《创升纪元》服务器。
E	${LABEL_REWARD} Gain ${ICON_HONOR2}. Gain ${ICON_RUNE2}.	${LABEL_REWARD} 获得${ICON_HONOR2}. 获得${ICON_RUNE2}.
E	${LABEL_REWARD} Gain ${ICON_HONOR3}. Gain ${ICON_DEATH}.	${LABEL_REWARD} 获得${ICON_HONOR3}. 获得${ICON_DEATH}.
E	${LABEL_REWARD} Gain ${ICON_HONOR4}. Gain ${ICON_RUNE5}.	${LABEL_REWARD} 获得${ICON_HONOR4}. 获得${ICON_RUNE5}.
E	<size=104>D</size><space=-.05em>ogs of W<space=-.05em>ar	犬W<space=-.05em>ar
E	<size=104>D</size><space=-.2em>ruids of the Stone Circle	石环德鲁伊
E	<size=104>S</size><space=-.05em>cryer of the Lidless Eye	无目之眼占卜者
E	<size=104>S</size>hade of the Black W<space=-.075em>atch	黑卫之影
E	Activate the Phantasm effect five times in a single game	单局发动幻影效果五次
E	Activate the Plunder effect five times in a single game.	单局发动掠夺效果五次。
E	Gain ${ICON_RUNE2}.${LABEL_UNITE} Gain ${ICON_INSIGHT2}.	获得${ICON_RUNE2}.<br>${LABEL_UNITE} 获得${ICON_INSIGHT2}.
E	Level 6 - clarity.level 7 - epiphany.level 8 - martyrdom	第六层——澄明。<br>第七层——顿悟。<br>第八层——殉道。
E	Once this turn, gain ${ICON_RENOWN1} in another faction.	一次本回合, 获得${ICON_RENOWN1} 在另一派系.
E	Play Flare Tracker and Sureshot Tracker in the same turn	同一回合打出闪光追踪者与必中追踪者
E	Your timer has expired!<br>You have forfeited this game.	计时已耗尽！<br>你已输掉这局游戏。
E	${LABEL_REWARD} Gain ${ICON_HONOR3}. Gain ${ICON_LIFE}.	${LABEL_REWARD} 获得${ICON_HONOR3}. 获得${ICON_LIFE}.
E	${LABEL_REWARD} Gain ${ICON_HONOR5}.<br>Draw two cards.	${LABEL_REWARD} 获得${ICON_HONOR5}.<br>抽两张牌.
E	<size=104>T</size><space=-.2em>eletransmitter Blueprint	远传器蓝图
E	<size=104>T</size><space=-.3em>errus, Paragon of Strife	特鲁斯·争斗典范
E	<size=104>V</size><space=-.4em>eya, Handmaiden of Logos	维雅·逻各斯侍女
E	Activate the Plunder effect five times in a single game	单局发动掠夺效果五次
E	Draw a card.<br>Gain ${ICON_RENOWN1}, then banish this.	抽一张牌.<br>获得${ICON_RENOWN1}, 然后放逐此牌.
E	Gain ${ICON_POWER2}.${LABEL_UNITE} Gain ${ICON_HONOR1}.	获得${ICON_POWER2}.<br>${LABEL_UNITE} 获得${ICON_HONOR1}.
E	Gain ${ICON_RUNE2}, ${ICON_POWER2}, and ${ICON_HONOR2}.	获得${ICON_RUNE2}, ${ICON_POWER2}, 和 ${ICON_HONOR2}.
E	You may banish a card in your discard pile.Draw a card.	你可以放逐一张卡牌在你的弃牌堆.<br>抽一张牌.
E	${LABEL_REWARD} Gain ${ICON_HONOR1} and ${ICON_RUNE1}.	${LABEL_REWARD} 获得${ICON_HONOR1} 和 ${ICON_RUNE1}.
E	${LABEL_REWARD} Gain ${ICON_HONOR2} and ${ICON_RUNE1}.	${LABEL_REWARD} 获得${ICON_HONOR2} 和 ${ICON_RUNE1}.
E	${LABEL_REWARD} Gain ${ICON_HONOR2} and ${ICON_RUNE3}.	${LABEL_REWARD} 获得${ICON_HONOR2} 和 ${ICON_RUNE3}.
E	${LABEL_REWARD} Gain ${ICON_HONOR3} and ${ICON_RUNE3}.	${LABEL_REWARD} 获得${ICON_HONOR3} 和 ${ICON_RUNE3}.
E	${LABEL_REWARD} Gain ${ICON_HONOR4}. Draw three cards.	${LABEL_REWARD} 获得${ICON_HONOR4}. 抽三张牌.
E	<size=104>B</size><space=-.05em>elthar, Soul Collector	贝尔萨·集魂者
E	<size=104>D</size><space=-.15em>ream Chamber Disciples	梦室门徒们
E	Draw a card.  You may banish a card in the center row.	抽一张牌。然后你可以放逐中央牌列中的一张卡牌。
E	Draw a card.<br>Gain ${ICON_HONOR3}, then banish this.	抽一张牌.<br>获得${ICON_HONOR3}, 然后放逐此牌.
E	Draw a card.<br>Gain ${ICON_POWER2}, then banish this.	抽一张牌.<br>获得${ICON_POWER2}, 然后放逐此牌.
E	Gain ${ICON_HONOR2}.${LABEL_UNITE} Gain ${ICON_RUNE2}.	获得${ICON_HONOR2}.<br>${LABEL_UNITE} 获得${ICON_RUNE2}.
E	Gain ${ICON_HONOR5}.<br>Add a card to your Dreamscape.	获得${ICON_HONOR5}.<br>将一张卡牌加入你的梦境.
E	Gain ${ICON_POWER2}.${LABEL_UNITE} Gain ${ICON_RUNE3}.	获得${ICON_POWER2}.<br>${LABEL_UNITE} 获得${ICON_RUNE3}.
E	Gain ${ICON_RUNE1} and ${ICON_HONOR1}.<br>Draw a card.	获得${ICON_RUNE1} 和 ${ICON_HONOR1}.<br>抽一张牌.
E	Multi-Unite the same card three times in a single turn	同一回合对同一张牌多重联合三次
E	Roll the Delirium Die using the Dream Dealer's effect.	用梦境发牌人的效果掷谵妄骰。
E	Would you like to add this player to your friend list?	要将这名玩家加入好友列表吗？
E	${LABEL_REWARD} Gain ${ICON_HONOR5}.  Draw two cards.	${LABEL_REWARD} 获得${ICON_HONOR5}. 抽两张牌.
E	<size=104>T</size><space=-.3em>oric, Devoted Disciple	托里克·虔诚门徒
E	<size=104>Y</size><space=-.15em>olocryx, the Guardian	约洛克瑞克斯·守卫
E	<smallcaps><size=120%>A</size></smallcaps>chievements	成就
E	An account with this e-mail address is already in use	该邮箱已被使用
E	Creating this Quick Match failed.Too many games open.	创建快速匹配失败。<br>打开的对局过多。
E	Draw a card. You may banish a card in the center row.	抽一张牌。然后你可以放逐中央牌列中的一张卡牌。
E	Draw a card.<br>Gain ${ICON_RUNE1}, then banish this.	抽一张牌.<br>获得${ICON_RUNE1}, 然后放逐此牌.
E	Each player discards their hand and draws five cards.	每位玩家弃掉其 手牌和 抽五 卡牌.
E	Gain ${ICON_HONOR3}.${LABEL_UNITE} Gain ${ICON_LIFE}.	获得${ICON_HONOR3}.<br>${LABEL_UNITE} 获得${ICON_LIFE}.
E	Gain 20 Honor in a single turn with Jakeb, Cobra King	用眼镜蛇王杰克布单回合获得 20 荣誉
E	Once per turn, gain ${ICON_RUNE1} and ${ICON_POWER1}.	每回合一次，获得${ICON_RUNE1} 和 ${ICON_POWER1}.
E	PURCHASE ALL THE ASCENSION BUNDLES FOR ONE LOW PRICE!	以超划算的价格一次购买全部《创升纪元》合集！
E	Purchase All The Ascension Bundles For One Low Price!	以超划算的价格一次购买全部《创升纪元》合集！
E	Purchase all the Ascension bundles for one low price!	以超划算的价格一次购买全部《创升纪元》合集！
E	Reach Legendary Status with all Legendary Characters.	使所有传奇角色达到传奇地位。
E	Roll the Delirium Die using the Dream Dealer's effect	用梦境发牌人的效果掷谵妄骰
E	purchase all the ascension bundles for one low price!	以超划算的价格一次购买全部《创升纪元》合集！
E	${LABEL_REWARD} Gain ${ICON_HONOR2}. Draw two cards.	${LABEL_REWARD} 获得${ICON_HONOR2}. 抽两张牌.
E	${LABEL_REWARD} Gain ${ICON_HONOR5}. Draw two cards.	${LABEL_REWARD} 获得${ICON_HONOR5}. 抽两张牌.
E	<size=104>D</size><space=-.15em>endris the Gladewyrm	登德里斯林间巨虫
E	<size=104>P</size><space=-.4em>asythea, The Redeemed	帕西提亚·救赎者
E	<size=104>T</size><space=-.2em>reasures of the Study	宝藏书房
E	<size=104>V</size><space=-.3em>oid Amathyst Defender	虚空紫晶防御者
E	Acquire or defeat every card in Return of the Fallen	获取或击败《堕天归来》中的每张牌
E	Gain ${ICON_POWER2}.<br>${LABEL_UNITE}  Draw a card.	获得${ICON_POWER2}.<br>${LABEL_UNITE} 抽一张牌.
E	Please check your email for your account information	请查收邮件以获取账号信息
E	Reach Legendary Status with all Legendary Characters	使所有传奇角色达到传奇地位
E	WOULD YOU LIKE TO DELETE\nTHIS FRIEND FROM YOUR LIST?	确定要将此好友从你的好友列表中删除吗？
E	WOULD YOU LIKE TO DELETE THIS FRIEND FROM YOUR LIST?	确定要将此好友从你的好友列表中删除吗？
E	Would You Like To Delete This Friend From Your List?	确定要将此好友从你的好友列表中删除吗？
E	Would you like to delete\nthis friend from your list?	确定要将此好友从你的好友列表中删除吗？
E	Would you like to delete this friend from your list?	确定要将此好友从你的好友列表中删除吗？
E	Your timer has expired!You have forfeited this game.	计时已耗尽！<br>你已输掉这局游戏。
E	would you like to delete\nthis friend from your list?	确定要将此好友从你的好友列表中删除吗？
E	would you like to delete this friend from your list?	确定要将此好友从你的好友列表中删除吗？
E	${LABEL_REWARD} Gain ${ICON_HONOR5}.Draw two cards.	${LABEL_REWARD} 获得${ICON_HONOR5}.<br>抽两张牌.
E	<size=104>D</size><space=-.05em>hartha, the Eternal	达萨·永恒
E	<size=104>G</size><space=-.05em>em-Eater Leprechaun	噬晶小矮妖
E	<size=104>O</size><space=-.1em>ziah, Judge of Logos	逻各斯审判者奥齐亚
E	<size=104>T</size><space=-.2em>ablet of Time's Dawn	时晓石板
E	<size=104>T</size><space=-.2em>ablet of the Dreamer	石板梦者
E	<size=104>T</size><space=-.2em>emple of Immortality	不朽神殿
E	<size=104>T</size><space=-.2em>yranyx, the Pillager	泰兰尼克斯·劫掠者
E	Draw a card.<br>${LABEL_UNITE} Gain ${ICON_HONOR5}.	抽一张牌.<br>${LABEL_UNITE} 获得${ICON_HONOR5}.
E	Draw a card.<br>${LABEL_UNITE} Gain ${ICON_POWER4}.	抽一张牌.<br>${LABEL_UNITE} 获得${ICON_POWER4}.
E	Draw a card.Gain ${ICON_RENOWN1}, then banish this.	抽一张牌.<br>获得${ICON_RENOWN1}, 然后放逐此牌.
E	Gain 5 Honor or more from the reveal of Beast Staff	从揭示野兽之杖获得 5 点或更多荣誉
E	Gain a DAY bonus and a NIGHT bonus in the same turn	同一回合获得日间与夜间加成
E	Roll three 6s on the Delirium Die in a single game.	单局在谵妄骰上掷出三次 6。
E	You may treat all Constructs as Mechana Constructs.	你可以将所有神器视为机械神器。
E	${LABEL_REWARD} Gain ${ICON_HONOR2}.  Draw a card.	${LABEL_REWARD} 获得${ICON_HONOR2}. 抽一张牌.
E	<size=104>F</size><space=-.15em>oundation Burrower	根基钻地者
E	<size=104>F</size><space=-.1em>lourishing Druidess	繁盛女德鲁伊
E	<size=104>N</size><space=-.05em>ightmare Harvester	梦魇收割者
E	<size=104>P</size><space=-.2em>.R.I.M.E. Directive	P.R.I.M.E.指令
E	<size=104>V</size><space=-.15em>ir, Ascetic Master	维尔·苦行僧大师
E	<size=104>V</size><space=-.15em>ir, Ephemeral Guru	维尔·昙花古鲁
E	<size=104>V</size><space=-.2em>oidcycler Blueprint	虚空循环器蓝图
E	Banish up to 5 cards in your hand or discard pile.	放逐至多 5 卡牌在你的手牌或弃牌堆.
E	Draw a card.Gain ${ICON_HONOR3}, then banish this.	抽一张牌.<br>获得${ICON_HONOR3}, 然后放逐此牌.
E	Draw a card.Gain ${ICON_POWER2}, then banish this.	抽一张牌.<br>获得${ICON_POWER2}, 然后放逐此牌.
E	Gain ${ICON_HONOR5}.Add a card to your Dreamscape.	获得${ICON_HONOR5}.<br>将一张卡牌加入你的梦境.
E	Gain ${ICON_RUNE1} and ${ICON_HONOR1}.Draw a card.	获得${ICON_RUNE1} 和 ${ICON_HONOR1}.<br>抽一张牌.
E	Gain ${ICON_RUNE2}.<br>${LABEL_UNITE} Draw a card.	获得${ICON_RUNE2}.<br>${LABEL_UNITE} 抽一张牌.
E	Return Yolocryx from the discard pile to your hand	将尤洛克瑞克斯从弃牌堆返回手牌
E	Roll three 6s on the Delirium Die in a single game	单局在谵妄骰上掷出三次 6
E	${LABEL_REWARD} Gain ${ICON_HONOR1}. Draw a card.	${LABEL_REWARD} 获得${ICON_HONOR1}. 抽一张牌.
E	${LABEL_REWARD} Gain ${ICON_HONOR2}. Draw a card.	${LABEL_REWARD} 获得${ICON_HONOR2}. 抽一张牌.
E	<size=104>D</size><space=-.15em>eathsworn Warrior	誓死战士
E	<size=104>D</size><space=-.1em>reamscarred Hunter	梦痕猎手
E	<size=104>F</size><space=-.1em>leeting Hope Djinn	飞逝希望灯神
E	<size=104>F</size><space=-.1em>orgotten Scripture	遗忘经文
E	<size=104>J</size><space=-.1em>akeb, Cobra Shaman	杰克布·眼镜蛇萨满
E	<size=104>J</size><space=-.1em>ourneyman Outrider	旅者先驱骑手
E	<size=104>N</size><space=-.1em>aka, Emri's Chosen	纳卡·艾姆瑞的天选者
E	<size=104>P</size><space=-.2em>asythea's Scimitar	帕西提亚的弯刀
E	<size=104>P</size><space=-.2em>asythea, the Aegis	帕西提亚·神盾
E	<size=104>V</size><space=-.2em>erdagris, the Wild	维达格里斯·荒野
E	<size=104>Y</size><space=-.15em>olothian Monolith	约洛斯巨石
E	Account Created.<br>Enter your Password to Login.	账号已创建。<br>请输入密码登录。
E	Acquire Pasythea, the Aegis using Pasythea's Ward	用帕茜西亚的守护获取神盾帕茜西亚
E	Are you sure you want to withdraw from this game?	确定要退出这局游戏吗？
E	Draw a card.Gain ${ICON_RUNE1}, then banish this.	抽一张牌.<br>获得${ICON_RUNE1}, 然后放逐此牌.
E	EFFECT\nWhat the card does when played or in play.	效果\n此牌打出或在场上时的作用。
E	EFFECT What the card does when played or in play.	效果\n此牌打出或在场上时的作用。
E	Tell me what you see, not what you think you see.	许久之前，逻各斯便授予达萨使用亚哈众神的眼界与智慧，而达萨藉此济世代代相传。身形虽矮，他却印证了一个道理：真正的力量，从不来自凌驾于人，而来自人们甘愿为你俯首。
E	The Password and Confirmation fields do not match	密码与确认密码不一致
E	You must be loggedin to Game Centerto play online	必须登录<br>Game Center<br>才能进行在线游戏
E	<size=104>D</size><space=-.05em>reamshaper Jesse	塑梦者杰西
E	<size=104>D</size><space=-.075em>eathbound Druid	缚死德鲁伊
E	<size=104>D</size><space=-.1em>arktome Librarian	暗典图书管理员
E	<size=104>D</size><space=-.1em>reamwillow Druids	梦柳德鲁伊
E	<size=104>F</size><space=-.1em>orgemaster's Suit	锻主的套装
E	<size=104>J</size><space=-.05em>akeb, Cobra King	杰克布·眼镜蛇王
E	<size=104>N</size><space=-.05em>airi, Wild Queen	奈莉·荒野女王
E	<size=104>N</size><space=-.1em>airi, Henge Queen	环石女王奈莉
E	<size=104>N</size><space=-.1em>ightmare Sentinel	梦魇哨卫
E	<size=104>P</size><space=-.05em>illar of Resolve	柱决意
E	<size=104>P</size><space=-.2em>asythea's Cutlass	帕西提亚的弯刀
E	<size=104>P</size><space=-.2em>athfinder's Totem	探路者的图腾
E	<size=104>P</size><space=-.2em>syonic Apprentice	心灵学徒
E	<size=104>T</size><space=-.1em>he All-Seeing Eye	全视之眼
E	<size=104>T</size><space=-.2em>echnological Leap	科技跃进
E	<size=104>T</size><space=-.2em>emple of the Wind	风之神殿
E	<size=104>V</size><space=-.2em>oidforged Paladin	虚空锻圣骑士
E	<size=104>V</size><space=-.2em>oidsworn Champion	誓虚冠军
E	<size=104>W</size><space=-.1em>ildfire Elemental	野火元素
E	<size=104>W</size><space=-.2em>atchmaker's Altar	制表师祭坛
E	<smallcaps><size=120%>G</size></smallcaps>allery	图鉴
E	<smallcaps><size=120%>O</size></smallcaps>ptions	选项
E	Defeat five monsters in a single turn with Oziah	用奥齐亚单回合击败五个怪物
E	Gain more than 20 Honor by playing a single card	打出单张牌获得超过 20 荣誉
E	Transform all of the cards in Darkness Unleashed	转化《暗影之战》中的所有可转化牌
E	Trigger both Serenity and Echo on the same turn.	同一回合触发宁静与回响。
E	<size=104>A</size><space=-.05em>vatar of Aiyana	化身·艾雅娜
E	<size=104>D</size><space=-.1em>ark Energy Shard	黑暗能量碎片
E	<size=104>D</size><space=-.1em>eathdealer Noble	死神贵族
E	<size=104>D</size><space=-.1em>eranged Aspirant	发狂追求者
E	<size=104>F</size><space=-.1em>oresight Monacle	预见单片镜
E	<size=104>F</size><space=-.1em>orgemother Reysa	锻母雷萨
E	<size=104>H</size><space=-.05em>edron Berserker	多面体狂战
E	<size=104>H</size><space=-.1em>earthglow Clique	炉辉小圈子
E	<size=104>H</size><space=-.1em>edron Pyromaniac	多面体纵火狂
E	<size=104>N</size><space=-.05em>yxian Ritualist	尼克斯祭仪师
E	<size=104>P</size><space=-.15em>rospector Scout	探矿者斥候
E	<size=104>P</size><space=-.2em>asythea's Katana	帕西提亚的刀
E	<size=104>T</size><space=-.15em>emple Librarian	神殿图书管理员
E	<size=104>T</size><space=-.15em>hieving Gryphon	偷窃狮鹫
E	<size=104>T</size><space=-.2em>ectonic Thrasher	地壳鞭笞者
E	<size=104>T</size><space=-.2em>errorizing Fiend	威吓邪魔
E	<size=104>T</size><space=-.2em>orment Legionary	折磨军团兵
E	<size=104>V</size><space=-.15em>oidrift Stalker	虚空裂隙潜行者
E	<size=104>V</size><space=-.2em>aultbreaker Wurm	破库巨虫
E	<size=104>V</size><space=-.2em>erdant Elemental	翠绿元素
E	<size=104>V</size><space=-.2em>erdant Hatchling	翠绿幼体
E	<size=104>W</size><space=-.1em>hirlwind Ascetic	旋风苦行僧
E	<size=104>W</size><space=-.2em>orkshop Gargoyle	工坊石像鬼
E	<size=104>Y</size><space=-.1em>ur, Eye of Chaos	尤尔·之眼混沌
E	Draw a card.${LABEL_UNITE} Gain ${ICON_HONOR5}.	抽一张牌.<br>${LABEL_UNITE} 获得${ICON_HONOR5}.
E	Draw a card.${LABEL_UNITE} Gain ${ICON_POWER4}.	抽一张牌.<br>${LABEL_UNITE} 获得${ICON_POWER4}.
E	Gain ${ICON_POWER2}.${LABEL_UNITE} Draw a card.	获得${ICON_POWER2}.<br>${LABEL_UNITE} 抽一张牌.
E	Trigger both Serenity and Echo on the same turn	同一回合触发宁静与回响
E	You can invite a friend\nby pressing their name.	点击好友名字即可邀请。
E	You can invite a friend by pressing their name.	点击好友名字即可邀请。
E	<size=104>C</size><space=-.05em>etra's Respite	塞特拉的喘息
E	<size=104>C</size><space=-.1em>rystalline Monk	水晶僧侣
E	<size=104>D</size><space=-.05em>elirium Pixies	谵妄小仙
E	<size=104>D</size><space=-.1em>eadeye Assassin	死眼刺客
E	<size=104>D</size><space=-.1em>eluge Elemental	洪水元素
E	<size=104>F</size><space=-.1em>aerie Commander	仙灵指挥官
E	<size=104>H</size><space=-.05em>oarding Tyrant	囤积暴君
E	<size=104>N</size><space=-.05em>eophyte Mentor	新入门者导师
E	<size=104>N</size><space=-.1em>airi's Blessing	奈莉的祝福
E	<size=104>P</size><space=-.1em>atient Assassin	耐心刺客
E	<size=104>P</size><space=-.1em>remonition Bell	预感钟
E	<size=104>P</size><space=-.1em>rotean Sea Slug	多变海蛞蝓
E	<size=104>T</size><space=-.15em>emplar Outpost	圣殿武士前哨
E	<size=104>T</size><space=-.15em>horned Charger	棘刺冲锋者
E	<size=104>T</size><space=-.1em>he Dragon's Eye	龙之眼
E	<size=104>T</size><space=-.1em>he Grand Design	宏伟设计
E	<size=104>T</size><space=-.1em>hicket Familiar	灌木丛使魔
E	<size=104>T</size><space=-.2em>emple of Heroes	英雄神殿
E	<size=104>T</size><space=-.2em>oric, Ascendant	托里克·飞升者
E	<size=104>U</size><space=-.05em>ndaunted Scout	无畏斥候
E	<size=104>U</size><space=-.1em>nbound Emissary	解缚使者
E	<size=104>U</size><space=-.1em>nspeakable Doom	不可名状末日
E	<size=104>V</size><space=-.15em>aliant Ascetic	勇毅苦行僧
E	<size=104>V</size><space=-.15em>enom Priestess	毒液女祭司
E	<size=104>V</size><space=-.1em>yrak, the First	维拉卡·初代
E	<size=104>W</size><space=-.15em>ailing Spectre	哀嚎幽灵
E	<size=104>W</size><space=-.2em>andering Askara	流浪阿斯卡拉
E	<size=104>W</size><space=-.2em>atchtower Golem	瞭望塔魔像
E	<size=104>Y</size><space=-.1em>ggdrasil Canopy	世界树树冠
E	Acquire five or more treasure in the same turn	同一回合获取五件或更多宝藏
E	Acquire or defeat every card in Storm of Souls	获取或击败《灵魂风暴》中的每张牌
E	Defeat Adayu the Tormented using Canon Templar	用加农圣堂武士击败受折磨的阿达尤
E	Destroy all Constructs your opponents control.	摧毁所有神器s你的对手控制.
E	Gain ${ICON_RUNE2}.${LABEL_UNITE} Draw a card.	获得${ICON_RUNE2}.<br>${LABEL_UNITE} 抽一张牌.
E	Win a game as a result of P.R.I.M.E. Directive	因 P.R.I.M.E. 指令赢得一局
E	Win the game with the effect of Ahra Emissary.	用阿哈特使的效果赢得游戏。
E	You have been Disconnected<br> from the Server	你已断开<br>与服务器的连接
E	\n\n\n\n\n\n\n\n\n\n\n\n\nThank you for playing.\n\n\n\n\n\n\n\n\n\n	感谢游玩。
E	\nDefeat a Monster that has <sprite=4>or less.	击败一只战力 ≤ <sprite=4> 的怪物。
E	<size=104>D</size><space=-.05em>elirium Nymph	谵妄宁芙
E	<size=104>D</size><space=-.05em>eluding Djinn	欺瞒灯神
E	<size=104>D</size><space=-.1em>andelion Witch	蒲公英女巫
E	<size=104>D</size><space=-.1em>aybreak Askara	破晓阿斯卡拉
E	<size=104>F</size><space=-.1em>atality Blades	致命双刃
E	<size=104>H</size><space=-.05em>oarding Whelp	囤积幼龙
E	<size=104>I</size><space=-.1em>nferna Templar	炼狱圣殿武士
E	<size=104>N</size><space=-.05em>octurnal Seer	夜行预言者
E	<size=104>P</size><space=-.1em>asythea's Mace	帕西提亚的锤矛
E	<size=104>P</size><space=-.1em>syonic Paladin	心灵圣骑士
E	<size=104>T</size><space=-.15em>ome of Erabus	典籍埃拉布斯
E	<size=104>T</size><space=-.15em>ormented Soul	受折磨的灵魂
E	<size=104>T</size><space=-.15em>wilight Scout	暮光斥候
E	<size=104>T</size><space=-.15em>wofold Askara	双重阿斯卡拉
E	<size=104>T</size><space=-.1em>imestream Seer	时流预言者
E	<size=104>T</size><space=-.1em>reasure Hunter	宝藏猎手
E	<size=104>T</size><space=-.2em>emplar Dragoon	圣殿武士龙骑兵
E	<size=104>T</size><space=-.2em>emplar General	圣殿武士将军
E	<size=104>T</size><space=-.2em>emple Guardian	神殿守卫
E	<size=104>T</size><space=-.2em>emple of Death	死亡神殿
E	<size=104>V</size><space=-.1em>igil's Resolve	祈夜的决意
E	<size=104>V</size><space=-.2em>erdant Chanter	翠绿咏者
E	<size=104>W</size><space=-.1em>ater Elemental	水元素
E	<size=104>W</size><space=-.2em>artorn Arbiter	战创仲裁者
E	<size=104>Y</size><space=-.1em>ggdrasil Staff	世界树法杖
E	Account Created.Enter your Password to Login.	账号已创建。<br>请输入密码登录。
E	Are you sure you want to delete this profile?	确定要删除此档案吗？
E	Defeat Xeron, Duke of Lies in a 4 player game	在四人局中击败谎言之公爵塞伦
E	Monsters? You Don't Need No Stinkin' Monsters	怪物？才不需要那些臭怪物
E	Successfully rally one time with each faction	每个派系成功集结一次
E	Unable to join.<br>Lost connection to server.	无法加入。<br>与服务器的连接已断开。
E	Win a game with 5 or fewer cards in your deck	牌组不超过 5 张时赢得一局
E	Win the game with the effect of Ahra Emissary	用阿哈特使的效果赢得游戏
E	You may banish this to roll the Delirium Die.	你可以放逐此牌以 掷谵妄骰.
E	<size=104>D</size><space=-.05em>eath's Widow	死亡寡妇
E	<size=104>D</size><space=-.05em>eviant Fiend	畸变邪魔
E	<size=104>D</size><space=-.1em>ark Gladiator	黑暗角斗士
E	<size=104>H</size><space=-.05em>ectic Scribe	忙乱书记
E	<size=104>P</size><space=-.1em>enumbral Edge	半影刃锋
E	<size=104>P</size><space=-.1em>rocessing Hub	处理枢纽
E	<size=104>P</size><space=-.1em>rototype CH32	原型CH32
E	<size=104>T</size><space=-.15em>est of Faith	试炼信仰
E	<size=104>T</size><space=-.1em>ree of Bounty	树丰饶
E	<size=104>T</size><space=-.2em>emple of Life	生命神殿
E	<size=104>W</size><space=-.1em>ildcall Staff	野性呼唤法杖
E	<size=104>W</size><space=-.1em>ildgear Druid	野性齿轮德鲁伊
E	<size=104>W</size><space=-.1em>ildgear Sower	野性齿轮播种者
E	Add a Mystic or Heavy Infantry to your hand.	加入秘教士或 重装步兵以 你的手牌.
E	Copy the effect of a Hero in the center row.	复制效果的 英雄在中央牌列.
E	Defeat a Monster that has <sprite=4>or less.	击败一只战力 ≤ <sprite=4> 的怪物。
E	Defeat five Hellfrost Imps on a single turn.	单回合击败五只狱霜小鬼。
E	Draw two cards.  Banish a card in your hand.	抽两张牌。然后放逐你手牌中的一张卡牌。
E	REWARD\nWhat this monster does when defeated.	奖励\n击败此怪物时获得的效果。
E	REWARD What this monster does when defeated.	奖励\n击败此怪物时获得的效果。
E	Sharpen the mind, and the sword will follow.	磨砺心智，剑自随之。
E	Unable to create.<br>Too many games created.	无法创建。<br>已创建的对局过多。
E	<size=104>A</size>scetic of the Lidless Eye	无目之眼苦行僧
E	<size=104>D</size><space=-.05em>emon Slayer	恶魔杀手
E	<size=104>D</size>ruids of the Stone Circle	石环德鲁伊
E	<size=104>F</size><space=-.1em>ettered Soul	枷锁灵魂
E	<size=104>F</size><space=-.1em>oundry Hound	铸造厂猎犬
E	<size=104>P</size><space=-.1em>olaris Demon	北极星恶魔
E	<size=104>P</size><space=-.1em>roject Alpha	阿尔法计划
E	<size=104>P</size><space=-.1em>syche Askara	心灵阿斯卡拉
E	<size=104>T</size><space=-.15em>emporal Eye	时光之眼
E	<size=104>T</size><space=-.15em>ower Askara	高塔阿斯卡拉
E	<size=104>T</size><space=-.1em>rinket Harpy	饰品鹰身女妖
E	<size=104>T</size><space=-.1em>rophy Hunter	战利品猎手
E	<size=104>V</size><space=-.15em>ault Sphinx	宝库狮身人面
E	<size=104>V</size><space=-.15em>oid Avenger	虚空复仇者
E	<size=104>V</size><space=-.15em>oid Militia	虚空民兵
E	<size=104>V</size><space=-.1em>erdant Crown	翠绿冠冕
E	<size=104>V</size><space=-.1em>oid Initiate	虚空新兵
E	<size=104>V</size><space=-.2em>oid Initiate	虚空新兵
E	<size=104>W</size><space=-.15em>olf Acolyte	狼侍僧
E	<size=104>W</size><space=-.1em>ildbark Mail	野树皮甲胄
E	<size=50>Legendary Boon: Enlightened</size>	传奇恩赐：圣贤
E	Are you sure you want to forfeit this game?	确定要放弃这局游戏吗？
E	Chronicle of the Godslayer 10th Anniversary	弑神编年史十周年
E	Copy the effect of a Hero played this turn.	复制本回合打出的一张英雄的效果。
E	Defeat five Hellfrost Imps on a single turn	单回合击败五只狱霜小鬼
E	Discard a card.  If you do, draw two cards.	弃一张牌。若你如此做，抽两张牌。
E	Draw two cards. Banish a card in your hand.	抽两张牌。然后放逐你手牌中的一张卡牌。
E	FLAVOR TEXT\nFlavor text has no game effect.	风味文本\n风味文本不影响规则。
E	FLAVOR TEXT Flavor text has no game effect.	风味文本\n风味文本不影响规则。
E	Sharpen the mind and the sword will follow.	磨砺心智，剑锋自至。
E	Win 10 games in a row against other players	对其他玩家连续赢得 10 局
E	<size=104>D</size><space=-.05em>eathfinder	寻死者
E	<size=104>D</size><space=-.05em>eathseeker	寻死者
E	<size=104>D</size><space=-.05em>reamkiller	弑梦者
E	<size=104>F</size><space=-.1em>ear Wielder	恐惧持有者
E	<size=104>N</size><space=-.05em>othing Man	虚无之人
E	<size=104>P</size><space=-.1em>ollen Pixie	花粉小仙
E	<size=104>P</size><space=-.1em>uppetmaster	傀儡师
E	<size=104>T</size><space=-.1em>ruth Seeker	真理追寻者
E	<size=104>V</size><space=-.15em>andal Soul	破坏灵魂
E	<size=104>V</size><space=-.1em>oidthirster	渴虚者
E	<size=104>W</size><space=-.1em>eapon 303-V	武器303-V
E	An unheeded raven begets a thousand crows.	被忽视的渡鸦，会招来千只乌鸦。
E	Discard a card. If you do, draw two cards.	弃一张牌。若你如此做，抽两张牌。
E	HAS NOT LOGGED INTO THE ASCENSION SERVERS.	尚未登录《创升纪元》服务器。
E	Has Not Logged Into The Ascension Servers.	尚未登录《创升纪元》服务器。
E	Play Mechaphoenix three times in one turn.	一回合打出机械凤凰三次。
E	Transform all of the cards in Deliverance.	转化《拯救》中的所有可转化牌。
E	Use a Boon from every faction in one turn.	一回合使用每个派系的恩赐。
E	You have been Disconnected from the Server	你已断开<br>与服务器的连接
E	has not logged into the Ascension servers.	尚未登录《创升纪元》服务器。
E	has not logged into the ascension servers.	尚未登录《创升纪元》服务器。
E	<size=104>A</size>rbiter of the Precipice	悬崖仲裁者
E	<size=104>C</size>etra, Benefactor of All	万民之恩塞特拉
E	<size=104>C</size>ult of the False Circle	邪教虚假环
E	<size=104>D</size><space=-.05em>arkwalker	暗行者
E	<size=104>D</size><space=-.05em>emon Pups	恶魔幼崽
E	<size=104>D</size>hartha, Master of Sight	达萨·大师视界
E	<size=104>M</size>onk of the Stone Circle	僧侣石环
E	<size=104>N</size><space=-.05em>ook Hound	角落猎犬
E	<size=104>P</size><space=-.1em>ack Leader	兽群首领
E	<size=104>P</size><space=-.1em>ortabillet	便携弹
E	<size=104>T</size><space=-.1em>idestalker	潮潜者
E	<size=104>V</size><space=-.15em>oidfeeder	饲虚者
E	<size=104>V</size><space=-.1em>oidspeaker	虚空语者
E	<size=104>W</size><space=-.1em>olf Shaman	狼萨满
E	<size=54>Legendary Boon: Lifebound</size>	传奇恩赐：生命
E	Acquire all Dreamborn cards in Dreamscape	获取梦境中所有梦生牌
E	Based on the Game Designed by Justin Gary	基于 Justin Gary 设计的桌游
E	Defeat a Monster without paying its cost.	击败一个怪物无需支付费用.
E	Gain ${ICON_POWER2} and ${ICON_INSIGHT1}.	获得${ICON_POWER2} 和 ${ICON_INSIGHT1}.
E	Play Mechaphoenix three times in one turn	一回合打出机械凤凰三次
E	Transform all of the cards in Deliverance	转化《拯救》中的所有可转化牌
E	Unable to join.<br>Game no longer exists.	无法加入。<br>对局已不存在。
E	Unable to join.Lost connection to server.	无法加入。<br>与服务器的连接已断开。
E	Use a Boon from every faction in one turn	一回合使用每个派系的恩赐
E	You have no completed Games at this time.	你目前没有已完成的对局。
E	hedron core temperature mustbe maintained	必须维持多面体核心温度
E	<size=104>E</size>mri, One with the Void	与虚空合一的艾姆瑞
E	<size=104>M</size>onk of the Lidless Eye	无目之眼僧侣
E	<size=104>S</size>adranis, Dark Emissary	黑暗使者萨德拉尼斯
E	<size=104>S</size>eer of the Forked Path	歧路预言者
E	<size=104>V</size><space=-.1em>ault Lich	宝库巫妖
E	<size=104>V</size><space=-.1em>ineweaver	织藤者
E	<size=104>W</size><space=-.1em>icked End	邪终结
E	<size=104>W</size><space=-.1em>recklamax	回收残机
E	Acquire Pasythea, The Redeemed for free.	免费获取救赎者帕茜西亚。
E	Gain ${ICON_POWER3} and ${ICON_ENERGY3}.	获得${ICON_POWER3} 和 ${ICON_ENERGY3}.
E	Gain ${ICON_RUNE2} and ${ICON_INSIGHT1}.	获得${ICON_RUNE2} 和 ${ICON_INSIGHT1}.
E	HONOR\nHow much Honor this card is worth.	荣誉\n此牌可提供多少荣誉。
E	HONOR How much Honor this card is worth.	荣誉\n此牌可提供多少荣誉。
E	She sees all. She loves all. She is all.	奈莉一手竖起了石柱阵，教导德鲁伊们如何与赛特尔及她的星眷沟通。当她穿行林间，为严酷的荒野带来和平之时，万物皆以她为表率。她正是风暴之中那一抹宁静。
E	Take an extra turn with Wandering Askara	用流浪阿斯卡拉获得额外回合
E	Unable to create.Too many games created.	无法创建。<br>已创建的对局过多。
E	Win 10 games without killing the Cultist	不击杀邪教徒的情况下赢得 10 局
E	<size=104>C</size>etra, Matron of Stars	星辰主母塞特拉
E	<size=104>C</size>etra, Weaver of Stars	织星者塞特拉
E	<size=104>C</size>orrection of Creation	校正造物
E	<size=104>D</size>avid, Prophetic Guide	大卫·预言向导
E	<size=104>E</size>mma's Teletransmitter	艾玛的远传器
E	<size=104>K</size>ythis, the Gatekeeper	守门人凯西斯
E	<size=104>L</size>andis' Potions & Pies	兰迪斯的药剂与馅饼
E	<size=104>S</size>pirit of the Ancients	上古之灵
E	<size=104>T</size><space=-.1em>uskrider	牙骑手
E	<size=104>V</size><space=-.1em>oidrager	虚空狂怒者
E	<size=104>W</size><space=-.1em>arpdruid	扭曲德鲁伊
E	<size=104>W</size><space=-.1em>arprogue	扭曲游荡者
E	<size=54>Legendary Boon: Mechana</size>	传奇恩赐：机械
E	A profile with this name already exists	已存在同名档案
E	Acquire Pasythea, The Redeemed for free	免费获取救赎者帕茜西亚
E	All opponents have forfeited.  You win!	所有对手均已认输。你赢了！
E	Are you sure you want to end your turn?	确定要结束你的回合吗？
E	Are you sure you want to exit the game?	确定要退出游戏吗？
E	Defeat all 5 Growmites in the same game	同一局击败全部 5 只增生螨
E	Draw two cards, then discard two cards.	抽两张牌, 然后弃掉两 卡牌.
E	Gain ${ICON_RUNE2} and ${ICON_ENERGY2}.	获得${ICON_RUNE2} 和 ${ICON_ENERGY2}.
E	Shade of the Black W<space=-.075em>atch	黑卫之影
E	Shards compatible. Adaptation underway.	碎片兼容。适应进行中。
E	There is no deadlier poison than pride.	没有比骄傲更致命的毒药。
E	Win two Fate Auctions on a single turn.	同一回合赢得两次天命拍卖。
E	<size=104>A</size>lset, Reactor Savant	阿尔塞特·反应堆学者
E	<size=104>C</size>aaro, Desert Breaker	卡罗·沙漠破碎者
E	<size=104>C</size>etra, Celestial Body	天体塞特拉
E	<size=104>D</size>hartha, Dream Master	达萨·梦大师
E	<size=104>D</size>hartha, Eternal Seer	达萨·永恒预言者
E	<size=104>F</size><space=-.05em>anatic	狂信者
E	<size=104>F</size><space=-.05em>en Maw	沼巨口
E	<size=104>K</size>ythis, Rebel Godling	凯西斯·反叛神子
E	<size=104>M</size>iles, Golden Prodigy	黄金神童迈尔斯
E	<size=104>M</size>oken, the Huntmaster	莫肯·猎主
E	<size=104>N</size><space=-.05em>emesis	宿敌
E	<size=104>P</size><space=-.1em>rodigal	浪子
E	<size=104>R</size>akar, Corrupt Askara	拉卡尔·腐化阿斯卡拉
E	<size=104>R</size>emnant of the Fallen	残响·堕落者
E	<size=104>S</size>adranis, Dark Savant	萨德拉尼斯·黑暗学者
E	<size=104>T</size><space=-10>erminites	终末蚁
E	<size=104>T</size>ablet of the Templar	石板圣殿武士
E	<size=104>V</size>edah, Sage of Swords	剑贤维达
E	<size=104>W</size><space=-.1em>ereboar	野猪人
E	<size=104>X</size>eron, Lord of Deofol	泽伦·迪奥福尔之主
E	Absolute corruption powers absolutely.	绝对的腐化带来绝对的力量。
E	Acquire all Vision cards in Dreamscape	获取梦境中所有幻象牌
E	All opponents have forfeited. You win!	所有对手均已认输。你赢了！
E	All opponents have forfeited. You win!	所有对手均已认输。你赢了！
E	Gain ${ICON_HONOR5}, then banish this.	获得${ICON_HONOR5}, 然后放逐此牌.
E	Gain ${ICON_INSIGHT1} and draw a card.	获得${ICON_INSIGHT1} 和抽一张牌.
E	Gain ${ICON_INSIGHT1}.<br>Draw a card.	获得${ICON_INSIGHT1}.<br>抽一张牌.
E	Gain ${ICON_INSIGHT3}.<br>Draw a card.	获得${ICON_INSIGHT3}.<br>抽一张牌.
E	Gain ${ICON_POWER4}, then banish this.	获得${ICON_POWER4}, 然后放逐此牌.
E	Gain ${ICON_RUNE1} and ${ICON_HONOR1}.	获得${ICON_RUNE1} 和 ${ICON_HONOR1}.
E	Gain ${ICON_RUNE1} and ${ICON_POWER1}.	获得${ICON_RUNE1} 和 ${ICON_POWER1}.
E	Gain ${ICON_RUNE2} and ${ICON_HONOR1}.	获得${ICON_RUNE2} 和 ${ICON_HONOR1}.
E	Gain ${ICON_RUNE2} and ${ICON_HONOR2}.	获得${ICON_RUNE2} 和 ${ICON_HONOR2}.
E	Gain ${ICON_RUNE2} and ${ICON_POWER2}.	获得${ICON_RUNE2} 和 ${ICON_POWER2}.
E	Gain ${ICON_RUNE3} and ${ICON_POWER3}.	获得${ICON_RUNE3} 和 ${ICON_POWER3}.
E	Sometimes, the curious become the mad.	有时，好奇会变成疯狂。
E	Use Wicked End to defeat Ender of Days	用邪恶终焉击败末日终结者
E	Win two Fate Auctions on a single turn	同一回合赢得两次天命拍卖
E	You have no active Games at this time.	你目前没有进行中的对局。
E	<size=104>A</size>aron, the Godslayer	亚伦·弑神者
E	<size=104>A</size>ir Support Squadron	空中支援中队
E	<size=104>A</size>vatar of the Fallen	堕落者化身
E	<size=104>A</size>zerax, Nyx's Chosen	阿泽拉克斯·尼克斯的天选者
E	<size=104>B</size>lack Watch Exemplar	黑卫典范
E	<size=104>B</size>orderland Mercenary	边地佣兵
E	<size=104>E</size>mri, Born of Battle	战生艾姆瑞
E	<size=104>F</size>orrest, Beastwarden	福雷斯特·兽卫
E	<size=104>G</size>uardian of Sadranis	守卫萨德拉尼斯
E	<size=104>I</size>lliya the Demonborn	伊利亚魔生
E	<size=104>I</size>nitiate's Gauntlets	新兵的护手
E	<size=104>I</size>sla, Serene Prodigy	伊斯拉·宁静神童
E	<size=104>K</size>an'zir, the Ravager	坎齐尔·毁灭者
E	<size=104>K</size>or, the Ferromancer	铁术师科尔
E	<size=104>L</size>oa, Sleeping Dragon	洛阿·沉睡龙
E	<size=104>M</size>antra of True Sight	真言真正视界
E	<size=104>N</size>ilia, The Shattered	尼莉亚·破碎
E	<size=104>R</size>andall, Umbral Sage	兰德尔·暗影贤者
E	<size=104>R</size>emus, Pack Guardian	雷穆斯·兽群守卫
E	<size=104>R</size>emus, Wild Emissary	雷穆斯·荒野使者
E	<size=104>S</size>hepherd of the Lost	牧者迷失
E	<size=104>S</size>urya, Light's Sword	苏尔亚·光明的剑
E	<size=104>W</size><space=-.1em>ebclaw	网爪
E	Acquire Dream Machine with P.R.I.M.E.	用 P.R.I.M.E. 获取梦境机器
E	Drag a profile tab to the player slot	将档案标签拖到玩家栏位
E	Gain ${ICON_ENERGY3}.<br>Draw a card.	获得${ICON_ENERGY3}.<br>抽一张牌.
E	Gain ${ICON_RUNE1} or ${ICON_POWER1}.	获得${ICON_RUNE1} 或 ${ICON_POWER1}.
E	Gain ${ICON_RUNE2} or ${ICON_HONOR2}.	获得${ICON_RUNE2} 或 ${ICON_HONOR2}.
E	Gain ${ICON_RUNE3}, then banish this.	获得${ICON_RUNE3}, 然后放逐此牌.
E	Loss acceptable. Continue operations.	损失可接受。继续作业。
E	Once per turn, gain ${ICON_INSIGHT1}.	每回合一次，获得${ICON_INSIGHT1}.
E	Shards detected. excavation underway.	侦测到碎片。挖掘进行中。
E	Successfully added "{0}" as a friend.	已成功添加好友“{0}”。
E	Successfully added "{0}" as a friend.	已成功添加好友“{0}”。
E	Trophy: You may banish this to gain .	<color=#951719FF>战利品：</color>你可以放逐此卡以获得 <sprite=33>。
E	Unable to join.Game no longer exists.	无法加入。<br>对局已不存在。
E	Whoa. Whoa. Whoa. What are you doing?	喂。喂。喂。你在干什么？
E	Win a game with each of the Champions	使用每位冠军各赢得一局
E	${LABEL_REWARD} Gain ${ICON_HONOR1}.	${LABEL_REWARD} 获得${ICON_HONOR1}.
E	${LABEL_REWARD} Gain ${ICON_HONOR2}.	${LABEL_REWARD} 获得${ICON_HONOR2}.
E	${LABEL_REWARD} Gain ${ICON_HONOR3}.	${LABEL_REWARD} 获得${ICON_HONOR3}.
E	${LABEL_REWARD} Gain ${ICON_HONOR4}.	${LABEL_REWARD} 获得${ICON_HONOR4}.
E	${LABEL_REWARD} Gain ${ICON_HONOR5}.	${LABEL_REWARD} 获得${ICON_HONOR5}.
E	${LABEL_REWARD} Gain ${ICON_HONOR6}.	${LABEL_REWARD} 获得${ICON_HONOR6}.
E	${LABEL_REWARD} Gain ${ICON_HONOR8}.	${LABEL_REWARD} 获得${ICON_HONOR8}.
E	<size=104>A</size>dam, Builder Adept	亚当·建造者能手
E	<size=104>A</size>lset, Monk Prodigy	阿尔塞特·僧侣神童
E	<size=104>A</size>ranyx, the Glutton	阿兰尼克斯·贪食者
E	<size=104>A</size>rbiter of the Lost	仲裁者迷失
E	<size=104>A</size>salas, the Impaler	阿萨拉斯·穿刺者
E	<size=104>A</size>skara of Judgement	审判阿斯卡拉
E	<size=104>B</size>azu, Duke of Scorn	轻蔑公爵巴祖
E	<size=104>B</size>orderland Nihilist	边地虚无者
E	<size=104>C</size>etra, Guide of Ogo	奥戈向导塞特拉
E	<size=104>C</size>onstricting Horror	绞杀恐魔
E	<size=104>E</size>lemental Projector	元素投射器
E	<size=104>E</size>nlightened Remnant	圣贤残响
E	<size=104>E</size>phemeral Ritualist	昙花祭仪师
E	<size=104>G</size>lover, Dream Titan	格洛弗·梦泰坦
E	<size=104>G</size>uide of Lost Souls	迷途灵魂向导
E	<size=104>H</size>oniskrot Chieftain	霍尼斯克洛特酋长
E	<size=104>I</size>nnovative Aspirant	创新追求者
E	<size=104>I</size>ronheart Blueprint	铁之心蓝图
E	<size=104>L</size>ight of False Hope	光虚假希望
E	<size=104>M</size>atron of Discovery	发现主母
E	<size=104>M</size>echannon Blueprint	机加农蓝图
E	<size=104>M</size>istake of Creation	造物之误
E	<size=104>M</size>use of Malevolence	缪斯恶意
E	<size=104>N</size>ova, Born of Chaos	诺娃·混沌所生
E	<size=104>N</size>yxian Spiritcaster	尼克斯魂咏者
E	<size=104>R</size>aj, Psionic Master	灵能大师拉吉
E	<size=104>R</size>ocket Courier X-99	火箭信使X-99
E	<size=104>S</size>ecluded Laboratory	隐秘实验室
E	<size=104>S</size>hardfinder Compass	寻晶者罗盘
E	<size=104>S</size>onny, Lightwielder	桑尼·持光者
E	<size=104>S</size>ower of Discontent	播种者不满
E	<size=104>S</size>tarved Abomination	饥馑憎恶
E	<size=104>S</size>tone Blade Templar	石刃圣殿武士
E	<size=104>X</size>eron, Duke of Lies	谎言之公爵泽伦
E	<size=141%>V</size><space=-.15em>oid	虚空
E	<size=64>Legendary Boon: Void</size>	传奇恩赐：虚空
E	Draw two cards, then discard a card.	抽两张牌, 然后弃掉卡牌.
E	Gain ${ICON_HONOR1}.<br>Draw a card.	获得${ICON_HONOR1}.<br>抽一张牌.
E	Gain ${ICON_HONOR2}.<br>Draw a card.	获得${ICON_HONOR2}.<br>抽一张牌.
E	Gain ${ICON_POWER1}.<br>Draw a card.	获得1战力。抽一张牌。
E	Once per turn, gain ${ICON_ENERGY1}.	每回合一次，获得${ICON_ENERGY1}.
E	Once per turn, you may pay to gain .	每回合一次：你可以支付 <sprite=34>，以获得 <sprite=129>。
E	Once this turn, gain ${ICON_HONOR2}.	一次本回合, 获得${ICON_HONOR2}.
E	Once this turn, gain ${ICON_POWER2}.	一次本回合, 获得${ICON_POWER2}.
E	Would you like to play the Tutorial?	要进行教程吗？
E	<size=104>A</size>iyana's Messenger	艾雅娜的信使
E	<size=104>A</size>klys, the Scourge	阿克里斯·灾祸
E	<size=104>A</size>nimus of the Wild	魂魄荒野
E	<size=104>A</size>ura of the Askara	灵光阿斯卡拉
E	<size=104>B</size>eacon of the Lost	信标迷失
E	<size=104>B</size>lackwatch Dreamer	黑卫梦者
E	<size=104>B</size>ringer of Despair	带来者绝望
E	<size=104>C</size>hronicle of Vigil	祈夜编年史
E	<size=104>C</size>lockwork Familiar	发条使魔
E	<size=104>C</size>lutch of Darkness	黑暗之握
E	<size=104>D</size>hartha, Mechamonk	达萨·机械僧
E	<size=104>D</size>isciple of Euloth	之徒·尤洛斯
E	<size=104>D</size>reamscape Diviner	梦境占卜者
E	<size=104>E</size>lan, Soul Marshal	埃兰·灵魂元帅
E	<size=104>E</size>mri, Lightbringer	携光者艾姆瑞
E	<size=104>E</size>mri, Shadowslayer	斩影者艾姆瑞
E	<size=104>E</size>phemeral Inventor	昙花发明家
E	<size=104>E</size>rabus, Son of Nyx	埃拉布斯·之子尼克斯
E	<size=104>E</size>rabus, the Exiled	埃拉布斯·流放者
E	<size=104>F</size>ist of the Dragon	拳龙
E	<size=104>H</size>edron Link Device	多面体连接装置
E	<size=104>H</size>urras, Sea's Fury	胡拉斯·海之狂怒
E	<size=104>K</size>een-eyed Aspirant	锐眼追求者
E	<size=104>K</size>iri, Meadow Witch	基莉·草地女巫
E	<size=104>L</size>ifebound Initiate	生命新兵
E	<size=104>N</size>ilus, the Despair	尼卢斯·绝望
E	<size=104>O</size>ras, the Redeemer	奥拉斯·救赎者
E	<size=104>O</size>therworldly Guide	异界向导
E	<size=104>O</size>ziah the Peerless	无双的奥齐亚
E	<size=104>R</size>aiyna, Riftwalker	蕾娜·裂隙行者
E	<size=104>R</size>eckless Excavator	鲁莽挖掘机
E	<size=104>R</size>ejected Prototype	废弃原型
E	<size=104>S</size>ablespark Sisters	黑火花姐妹
E	<size=104>S</size>abre, the Moonlit	军刀·月下
E	<size=104>S</size>alvagemaster Mila	打捞大师米拉
E	<size=104>S</size>amael's Trickster	萨麦尔的诡术师
E	<size=104>S</size>ister of the Wind	姐妹风
E	<size=104>S</size>piteful Gladiator	怨毒角斗士
E	<size=104>S</size>tone Circle Elder	石环长老
E	<size=104>S</size>yril, Runic Alpha	符文首领西里尔
E	<size=104>T</size>emporal Excavator	时光发掘者
E	<size=104>U</size>lu, Askara Prince	乌鲁·阿斯卡拉王子
E	<size=104>Z</size>ero Point Reactor	零点反应堆
E	<smallcaps>A</smallcaps>chievements	成就
E	Banish all cards in the center row.	放逐所有卡牌在中央牌列.
E	Defeat Samael the Fallen with Adayu	用阿达尤击败堕天萨麦尔
E	Gain ${ICON_RUNE1}.<br>Draw a card.	获得${ICON_RUNE1}.<br>抽一张牌.
E	Once per turn, gain ${ICON_HONOR1}.	每回合一次，获得${ICON_HONOR1}.
E	Once per turn, gain ${ICON_HONOR2}.	每回合一次，获得${ICON_HONOR2}.
E	Once per turn, gain ${ICON_POWER1}.	每回合一次，获得${ICON_POWER1}.
E	Once per turn, gain ${ICON_POWER2}.	每回合一次，获得${ICON_POWER2}.
E	Once per turn, gain ${ICON_POWER3}.	每回合一次，获得3战力。
E	Once per turn, you may draw a card.	每回合一次，你可以抽一张牌.
E	Once this turn, gain ${ICON_RUNE2}.	一次本回合, 获得${ICON_RUNE2}.
E	Please enter a valid E-mail address	请输入有效的电子邮箱地址
E	Please play a card or end your turn	请打出一张牌或结束回合
E	Repairs complete. Unit operational.	维修完毕。机组可投入运作。
E	Subscribe to Stone Blade Newsletter	订阅 Stone Blade 通讯
E	Tap opponent  to view their profile	点击对手以查看其档案
E	<size=104>A</size>dayu, the Chosen	天选者阿达尤
E	<size=104>A</size>skara of Fortune	幸运阿斯卡拉
E	<size=104>A</size>uspicious Askara	吉兆阿斯卡拉
E	<size=104>A</size>zurite Channeler	蓝铜引导者
E	<size=104>B</size>rainstorm Sentry	头脑风暴哨兵
E	<size=104>B</size>ramble Elemental	荆棘元素
E	<size=104>C</size>ognition Courier	认知信使
E	<size=104>C</size>orite Mechanadon	刚玉机械兽
E	<size=104>D</size>efender of Vigil	防御者祈夜
E	<size=104>D</size>efense Generator	防御发生器
E	<size=104>D</size>hartha's Retreat	达萨的隐修处
E	<size=104>D</size>isciple of Cetra	之徒·塞特拉
E	<size=104>D</size>isciple of Oziah	之徒·奥齐亚
E	<size=104>E</size>mma's Voidcycler	艾玛的虚空循环器
E	<size=104>E</size>mri, Soulstealer	窃魂者艾姆瑞
E	<size=104>E</size>mri, the Unmaker	解构者艾姆瑞
E	<size=104>E</size>ternal Tormentor	永恒折磨者
E	<size=104>E</size>thereal Huntress	空灵女猎手
E	<size=104>E</size>xcavation Sentry	发掘哨兵
E	<size=104>G</size>emcatcher Spirit	捕晶者精魂
E	<size=104>G</size>reen Spritelings	绿小精灵
E	<size=104>H</size>edron Watchtower	多面体瞭望塔
E	<size=104>H</size>ellstring Blades	狱弦双刃
E	<size=104>H</size>urricane Warlock	飓风术士
E	<size=104>I</size>sha, the Pursuer	伊莎·追猎者
E	<size=104>K</size>eeper of Secrets	看守秘密
E	<size=104>K</size>or, Worldbreaker	科尔·碎界者
E	<size=104>K</size>or, the Ironmind	科尔·铁心
E	<size=104>L</size>eotan's Familiar	莱奥坦的使魔
E	<size=104>L</size>ifebound Remnant	生命残响
E	<size=104>L</size>oa, Dream Dragon	洛阿·梦龙
E	<size=104>L</size>oamspeaker Druid	沃土语者德鲁伊
E	<size=104>M</size>antra of Renewal	真言更新
E	<size=104>M</size>oment of Clarity	片刻澄明
E	<size=104>M</size>utated Scavenger	突变拾荒者
E	<size=104>O</size>blivion Blossoms	湮灭花
E	<size=104>O</size>rder of the Gear	秩序齿轮
E	<size=104>P</size>athseeker Sensei	寻路者导师
E	<size=104>R</size>aka, Dreamtender	拉卡·守梦者
E	<size=104>R</size>eplication Drone	复制无人机
E	<size=104>R</size>iftgate Conjuror	裂隙门咒术师
E	<size=104>R</size>iftwatch Outpost	裂隙守望前哨
E	<size=104>R</size>unic Lycanthrope	符文狼化人
E	<size=104>R</size>ūt, Oaken Master	橡木大师鲁特
E	<size=104>S</size>amael the Fallen	堕落之神萨麦尔
E	<size=104>S</size>crapbot Scrapper	废料机拆解者
E	<size=104>S</size>eed of the World	种子世界
E	<size=104>S</size>eer of Days Past	预言者往日过去
E	<size=104>S</size>hade of Sadranis	暗影萨德拉尼斯
E	<size=104>S</size>hadowridge Scout	影脊斥候
E	<size=104>S</size>iegemaster's Ram	攻城主的攻城槌
E	<size=104>S</size>nowstrider Lycan	踏雪者狼化人
E	<size=104>S</size>ower of Betrayal	播种者背叛
E	<size=104>S</size>pire of the Wind	尖塔风
E	<size=104>S</size>talk the Shadows	潜行暗影
E	<size=104>S</size>tarcaller Leotan	唤星者莱奥坦
E	<size=104>S</size>tarlight Sanctum	星光圣所
E	<size=104>S</size>unstreak Courier	日迹信使
E	<size=104>T</size>ectonic Thrasher	地壳鞭笞者
E	<size=104>T</size>he Chrome Circle	铬环
E	<size=104>T</size>he Great Eclipse	大日食
E	<size=104>T</size>ollmaster Ky'lek	税吏凯莱克
E	<size=104>U</size>lan, the Crusher	乌兰·粉碎者
E	<size=104>W</size>orkshop Gargoyle	工坊石像鬼
E	<size=104>X</size>eron, False Ally	泽伦·伪盟者
E	<size=104>Æ</size>therspring Witch	以太泉女巫
E	<size=141%>M</size>mmmmrrrggllhhl!	嗯嗯嗯咕噜咕噜！
E	Acquire Oziah for free with Energy	用能量免费获取奥齐亚
E	Defeat a Monster that has or less.	击败一只战力 ≤ <sprite=4> 的怪物。
E	Defeat and Energize Herald of Doom	击败并充能末日先驱
E	Gain ${ICON_ENERGY1}. Draw a card.	获得${ICON_ENERGY1}. 抽一张牌.
E	Gain ${ICON_INSIGHT1}.Draw a card.	获得${ICON_INSIGHT1}.<br>抽一张牌.
E	Gain ${ICON_INSIGHT3}.Draw a card.	获得${ICON_INSIGHT3}.<br>抽一张牌.
E	Once per turn, gain ${ICON_RUNE2}.	每回合一次，获得${ICON_RUNE2}.
E	Tap opponent to view their profile	点击对手以查看其档案
E	Unable to create.<br>Unknown error	无法创建。<br>未知错误
E	%s gains %d honor tokens from %s\n	%s从%s获得%d点荣誉\n
E	<size=104>A</size>dayu the Serene	阿达尤宁静
E	<size=104>A</size>rbiter's Censer	仲裁者香炉
E	<size=104>B</size>erserker Frenzy	狂战狂乱
E	<size=104>B</size>urrower Mark II	钻地机II型
E	<size=104>C</size>all of Darkness	黑暗呼唤
E	<size=104>C</size>anopy Sanctuary	树冠圣所
E	<size=104>C</size>aretaker Zahral	看护者扎拉尔
E	<size=104>C</size>austic Conjurer	腐蚀咒术师
E	<size=104>C</size>harging Chamber	充能室
E	<size=104>C</size>heerful Consort	欢快伴侣
E	<size=104>C</size>lockwork Sentry	发条哨兵
E	<size=104>C</size>lockwork Shield	发条盾
E	<size=104>D</size>eluxe Capacitor	豪华电容
E	<size=104>D</size>estroyer's Gate	毁灭者之门
E	<size=104>D</size>isciple of Emri	之徒·艾姆瑞
E	<size=104>D</size>reamscape Dryad	梦境树灵
E	<size=104>E</size>arthmender Pura	愈地者普拉
E	<size=104>E</size>missary of Dawn	使者黎明
E	<size=104>E</size>mma's Mechannon	艾玛的机加农
E	<size=104>E</size>mri, Demonsbane	恶魔克星艾姆瑞
E	<size=104>E</size>mri, Soulslayer	斩魂者艾姆瑞
E	<size=104>E</size>ngulfing Kraken	吞噬克拉肯
E	<size=104>E</size>verbloom Clique	永绽小圈子
E	<size=104>E</size>vvy, Ogo's Gift	艾薇·奥戈的馈赠
E	<size=104>E</size>ye of Potential	潜能之眼
E	<size=104>F</size>irestorm Effigy	火暴偶像
E	<size=104>G</size>arden Attendant	园丁侍从
E	<size=104>G</size>reat-Omen Raven	大兆乌鸦
E	<size=104>I</size>ronheart Engine	铁之心引擎
E	<size=104>L</size>ibrary Familiar	图书馆使魔
E	<size=104>L</size>ieutenant Duros	副官杜洛斯
E	<size=104>L</size>uro, the Hunter	卢罗·猎手
E	<size=104>M</size>adness' Embrace	疯狂之拥
E	<size=104>M</size>aniacal Crusher	狂乱粉碎者
E	<size=104>M</size>ap of the Stars	星图
E	<size=104>M</size>arrowWyrm Rider	髓虫骑手
E	<size=104>M</size>echana Initiate	机械新兵
E	<size=104>N</size>ightmare Delver	梦魇深掘者
E	<size=104>N</size>yxian Corruptor	尼克斯腐蚀者
E	<size=104>O</size>ziah's Familiar	奥齐亚的使魔
E	<size=104>R</size>adiant Aspirant	辉耀追求者
E	<size=104>R</size>eality Sculptor	现实塑造者
E	<size=104>R</size>iftwalker's Axe	裂隙行者的斧
E	<size=104>R</size>ise of the Cult	邪教崛起
E	<size=104>S</size>crabbling Squad	翻捡小队
E	<size=104>S</size>hadow Elemental	暗影元素
E	<size=104>S</size>hardwing Beetle	晶翼甲虫
E	<size=104>S</size>hrine Attendant	神龛侍从
E	<size=104>S</size>ilenced Prophet	噤声先知
E	<size=104>S</size>napdragon Witch	金鱼草女巫
E	<size=104>S</size>oulsnare Hunter	魂阱猎手
E	<size=104>S</size>pire of Insight	尖塔洞察
E	<size=104>S</size>tatic Elemental	静电元素
E	<size=104>S</size>tone Artificers	石神器师
E	<size=104>S</size>tormsmith Anvil	风暴匠铁砧
E	<size=104>T</size>he Aethermourne	以太哀歌
E	<size=104>T</size>urtler Merchant	龟商商人
E	<size=104>Z</size>is, Dreamreaper	齐斯·刈梦者
E	Acquire Dhartha, Master of Sight.	获取达萨, 大师的 视界.
E	Ascension: A Deck Empowering Game	创升纪元：赋能构筑
E	Creating this Quick Match failed.	创建快速匹配失败。
E	Gain ${ICON_ENERGY3}.Draw a card.	获得${ICON_ENERGY3}.<br>抽一张牌.
E	Gain ${ICON_POWER1}. Draw a card.	获得${ICON_POWER1}. 抽一张牌.
E	Multi-United and it feels so good	多重联合，感觉真好
E	Unable to join.<br>Unknown error.	无法加入。<br>未知错误。
E	Unmagnify Card & Close Card Trays	缩小并关闭卡列表
E	Win a game against another player	对另一名玩家赢得一局
E	%s gains %d honor tokens from %s	%s从%s获得%d点荣誉\n
E	<br>Gain ${ICON_HONOR4}.<br><br>	<br>获得${ICON_HONOR4}.<br><br>
E	<size=104>A</size>kam, the Genie	阿卡姆·灯神
E	<size=104>A</size>lluring Shaman	魅惑萨满
E	<size=104>A</size>nointed Askara	涂油阿斯卡拉
E	<size=104>A</size>rbiter Circlet	仲裁者头环
E	<size=104>A</size>rbiter of Fate	仲裁者天命
E	<size=104>A</size>skara of Souls	灵魂阿斯卡拉
E	<size=104>A</size>utobuilder 5.0	自动建造机5.0
E	<size=104>B</size>ringer of Hope	带来者希望
E	<size=104>B</size>urial Guardian	埋葬守卫
E	<size=104>C</size>ackling Jackal	狂笑豺狼
E	<size=104>C</size>laws of Deoful	爪迪奥福尔
E	<size=104>C</size>lockwork Blade	发条刃
E	<size=104>C</size>ombustion Idol	燃烧偶像
E	<size=104>C</size>onversion Port	转化端口
E	<size=104>C</size>orrosive Widow	腐蚀寡妇
E	<size=104>C</size>osmic Protocol	宇宙协议
E	<size=104>D</size>eceitful Ghoul	欺诈食尸鬼
E	<size=104>D</size>elirium Pixies	谵妄小仙
E	<size=104>D</size>imension Diver	维度潜者
E	<size=104>D</size>reamer's Glass	梦者琉璃
E	<size=104>D</size>riller Mark IV	钻机型号IV
E	<size=104>E</size>lemental Adept	元素能手
E	<size=104>E</size>mma's Workshop	艾玛的工坊
E	<size=104>E</size>ndbringer Jora	终末使者乔拉
E	<size=104>E</size>phemeral Druid	昙花德鲁伊
E	<size=104>E</size>verbloom Witch	永绽女巫
E	<size=104>E</size>xcavator Pilot	挖掘机驾驶员
E	<size=104>E</size>xplosive Swarm	爆裂虫群
E	<size=104>F</size>lanking Askara	侧击阿斯卡拉
E	<size=104>F</size>orest Emissary	森林使者
E	<size=104>G</size>enesis Capsule	创世舱
E	<size=104>G</size>nome Repairbot	侏儒修理机
E	<size=104>H</size>oarding Tyrant	<size=104>H</size>oarding暴君
E	<size=104>J</size>ourneyman Sage	旅者贤者
E	<size=104>K</size>-YL3 Repairbot	K-YL3修理机
E	<size=104>L</size>egion of Aklys	军团阿克里斯
E	<size=104>L</size>unar Matriarch	月女族长
E	<size=104>M</size>echana Remnant	机械残响
E	<size=104>M</size>echannihilator	机歼灭者
E	<size=104>M</size>oonveil Clique	月纱小圈子
E	<size=104>M</size>use of Rebirth	缪斯重生
E	<size=104>N</size>aka, Shadeborn	纳卡·影生
E	<size=104>O</size>verhaul Cleric	大修神职者
E	<size=104>P</size>lanar Aperture	位面孔径
E	<size=104>R</size>iftdrake Rider	裂隙龙兽骑手
E	<size=104>R</size>unic Honiskrot	符文霍尼斯克洛特
E	<size=104>S</size>cion of Euloth	后裔·尤洛斯
E	<size=104>S</size>crap Scrabbler	废料翻捡者
E	<size=104>S</size>hade Converter	暗影转化者
E	<size=104>S</size>hade's Bargain	暗影交易
E	<size=104>S</size>kyrocket Drone	冲天无人机
E	<size=104>S</size>pirit Merchant	精魂商人
E	<size=104>S</size>urge Protector	浪涌保护者
E	<size=104>T</size>he Dreamscrape	刮梦者
E	<size=104>U</size>nchained Fates	挣脱的命运
E	<size=104>U</size>pgrade Foundry	升级铸造厂
E	<size=104>Z</size>inta's Bracers	辛塔的护腕
E	<size=104>Æ</size>ther Channeler	以太引导者
E	<size=104>Æ</size>ther Ritualist	以太祭仪师
E	<size=141%>A</size>dministration	管理层
E	Acquiring Heroes and Constructs:	获取英雄与神器：
E	Chief Executive Officer, Playdek	Playdek 首席执行官
E	Do you want to delete this game?	要删除此对局吗？
E	Gain ${ICON_HONOR1}.Draw a card.	获得${ICON_HONOR1}.<br>抽一张牌.
E	Gain ${ICON_HONOR2}.Draw a card.	获得${ICON_HONOR2}.<br>抽一张牌.
E	Gain ${ICON_POWER1}.Draw a card.	获得1战力。抽一张牌。
E	Gain a Soul Gem.<br>Draw a card.	获得灵魂宝石.<br>抽一张牌.
E	INFO BLOCK OF INFO BLOCK OF INFO	信息区块的信息区块（调试占位符）
E	Includes 51 unique<br>new cards.	包含 51 张全新<br>卡牌。
E	Info Block Of Info Block Of Info	信息区块的信息区块（调试占位符）
E	Info block of Info block of Info	信息区块的信息区块（调试占位符）
E	Loading rulebook,\nplease wait...	正在加载规则书，\n请稍候…
E	Loading rulebook, please wait...	正在加载规则书，\n请稍候…
E	Name contains invalid characters	名称包含无效字符
E	Unable to join.<br>Game is full.	无法加入。<br>对局已满。
E	info block of info block of info	信息区块的信息区块（调试占位符）
E	%d honor tokens remain in pool\n	荣誉池剩余%d点\n
E	<size=104>A</size>cidic Crawler	酸性爬行者
E	<size=104>A</size>ether Warrior	以太战士
E	<size=104>A</size>rha Historian	亚哈史官
E	<size=104>A</size>rha Sanctuary	亚哈圣所
E	<size=104>A</size>shes to Ashes	灰烬归于灰烬
E	<size=104>A</size>skara of Fate	命运阿斯卡拉
E	<size=104>B</size>rother Marius	修士马里乌斯
E	<size=104>C</size>avern Creeper	洞穴爬行者
E	<size=104>C</size>haotic Cannon	混沌加农
E	<size=104>C</size>lockwork Helm	发条盔
E	<size=104>C</size>orrupted Sage	腐化贤者
E	<size=104>D</size>eranged Dirge	发狂挽歌
E	<size=104>D</size>imension Monk	维度僧侣
E	<size=104>D</size>read Conjurer	恐惧咒术师
E	<size=104>D</size>ruid's Wreath	德鲁伊花环
E	<size=104>E</size>mberwing Moth	烬翼蛾
E	<size=104>E</size>mma Ironheart	艾玛铁之心
E	<size=104>E</size>phemeral Monk	昙花僧侣
E	<size=104>E</size>ternal Askara	永恒阿斯卡拉
E	<size=104>E</size>xhaust Lurker	废气潜伏者
E	<size=104>E</size>ye of Destiny	命运之眼
E	<size=104>H</size>eavy Infantry	重装步兵
E	<size=104>H</size>edron Dredger	多面体挖掘者
E	<size=104>H</size>ellfrost Imps	狱霜小恶魔
E	<size=104>H</size>erald of Doom	先驱末日
E	<size=104>HS</size>edron Rising	多面体崛起
E	<size=104>I</size>nquarry Hydra	采石九头蛇
E	<size=104>I</size>ron Elemental	铁元素
E	<size=104>L</size>ifebound Muse	生命缪斯
E	<size=104>L</size>unar Guardian	月守卫
E	<size=104>M</size>ammoth Beetle	巨甲虫
E	<size=104>M</size>aster Dhartha	达萨大师
E	<size=104>M</size>echa Emissary	机甲使者
E	<size=104>M</size>ushroom Druid	蘑菇德鲁伊
E	<size=104>N</size>ightmarauders	梦魇掠夺者
E	<size=104>O</size>bfusca Spirit	朦胧精魂
E	<size=104>P</size>rocessing Hub	处理枢纽
E	<size=104>P</size>sychic Amulet	心灵护符
E	<size=104>R</size>avenous Gorph	贪婪戈尔夫
E	<size=104>R</size>eactor Shrine	反应堆神龛
E	<size=104>S</size>adistic Giant	虐杀巨人
E	<size=104>S</size>cavenger Ants	拾荒者蚁群
E	<size=104>S</size>cion of Cetra	后裔·塞特拉
E	<size=104>S</size>cion of Oziah	后裔·奥齐亚
E	<size=104>S</size>earing Askara	灼热阿斯卡拉
E	<size=104>S</size>erene Ascetic	宁静苦行僧
E	<size=104>S</size>hadow Arbiter	暗影仲裁者
E	<size=104>S</size>hadow Stalker	暗影潜行者
E	<size=104>S</size>irewood Elder	父木长老
E	<size=104>S</size>oul Collector	集魂者
E	<size=104>T</size>he Iron Seven	钢铁七人
E	<size=104>T</size>inkering Monk	摆弄僧侣
E	<size=104>W</size>ild Riftdrake	荒野裂隙龙兽
E	<size=141%>A</size>nnouncements	公告
E	<size=141%>I</size>llustrations	插画
E	<size=141%>N</size>otifications	通知
E	Ascension: Gift of the Elements	创升纪元：元素的馈赠
E	Defeat 1000 center row Monsters	击败 1000 个中央牌列怪物
E	Draw 2 cards, then banish this.	抽 2 卡牌, 然后放逐此牌.
E	Gain ${ICON_RUNE1}.Draw a card.	获得${ICON_RUNE1}.<br>抽一张牌.
E	Loading rulebook,\nplease wait。.	正在加载规则书，\n请稍候…
E	Loading rulebook, please wait。.	正在加载规则书，\n请稍候…
E	Unable to connect to the server	无法连接到服务器
E	%d honor tokens remain in pool	荣誉池剩余%d点\n
E	<size=104>A</size>losyan Guide	阿洛西亚向导
E	<size=104>A</size>rha Emissary	亚哈使者
E	<size=104>A</size>rha Initiate	亚哈新兵
E	<size=104>A</size>skaran Armor	阿斯卡拉甲
E	<size=104>B</size>eacon Shaman	信标萨满
E	<size=104>B</size>last Goggles	爆破护目镜
E	<size=104>B</size>rother Laias	修士莱亚斯
E	<size=104>C</size>avern Horror	洞穴恐魔
E	<size=104>D</size>ivine Askara	神圣阿斯卡拉
E	<size=104>D</size>ream Machine	梦机器
E	<size=104>E</size>lder Skeptic	长老怀疑者
E	<size=104>E</size>nder of Days	终日者
E	<size=104>E</size>ntrophantasm	熵幻象
E	<size=104>F</size>lytrap Fairy	捕蝇草妖精
E	<size=104>F</size>lytrap Staff	捕蝇草法杖
E	<size=104>F</size>lytrap Witch	捕蝇草女巫
E	<size=104>H</size>edron Cannon	多面体加农
E	<size=104>I</size>D34 Detector	ID34探测器
E	<size=104>I</size>ku's Minions	伊库的爪牙
E	<size=104>J</size>ubilant Monk	欢庆僧侣
E	<size=104>L</size>oam Summoner	沃土召唤师
E	<size=104>L</size>unar Embrace	月拥抱
E	<size=104>L</size>ychan Ranger	狼化游侠
E	<size=104>M</size>orbid Hammer	病态锤
E	<size=104>M</size>ordant Widow	蚀骨寡妇
E	<size=104>M</size>ountain Seer	山预言者
E	<size=104>M</size>ycelial Mage	菌丝法师
E	<size=104>N</size>ihil Chemist	虚无药剂师
E	<size=104>O</size>go Demontrap	奥戈捕魔阱
E	<size=104>O</size>minous Augur	不祥占兆者
E	<size=104>P</size>lasma Cannon	等离子加农
E	<size=104>P</size>lunder Devil	掠夺恶魔
E	<size=104>Q</size>adim Stalker	卡迪姆潜行者
E	<size=104>R</size>aging Ursine	暴怒熊
E	<size=104>R</size>escuebot 505	救援机505
E	<size=104>S</size>cion of Emri	后裔·艾姆瑞
E	<size=104>S</size>crap Flinger	废料投掷者
E	<size=104>S</size>erpent Siren	巨蛇海妖
E	<size=104>S</size>hade Feather	暗影羽
E	<size=104>S</size>hadow Mender	暗影修复者
E	<size=104>S</size>hield Bearer	盾持有者
E	<size=104>S</size>oul Assassin	灵魂刺客
E	<size=104>S</size>ouls Unbound	灵魂解缚
E	<size=104>S</size>park Sprayer	火花喷射器
E	<size=104>S</size>ynapse Spire	突触尖塔
E	<size=104>T</size>he Ironheart	铁之心
E	<size=104>V</size>oid Emissary	虚空使者
E	<size=104>Æ</size>ther Curator	以太策展者
E	<size=141%>A</size>chievements	成就
E	<size=141%>D</size>escription:	简介：
E	<size=141%>I</size>ntroduction	简介
E	<size=141%>R</size>ulebookASCL	史诗传奇规则书
E	<size=141%>R</size>ulebookDLRM	谵妄规则书
E	<size=141%>U</size>NBANISHABLE	不可放逐
E	<size=141%>U</size>nbanishable	不可放逐
E	<size=141%>u</size>nbanishable	不可放逐
E	<smallcaps>G</smallcaps>allery	图鉴
E	<smallcaps>O</smallcaps>ptions	选项
E	Acquire 1000 center row Heroes	获取 1000 张中央牌列英雄
E	Acquire Sadranis, Dark Savant.	获取萨德拉尼斯, 黑暗学者.
E	Collateral damage: acceptable.	附带损害：可接受。
E	Creating a Quick Match game...	正在创建快速匹配对局...
E	Don't Feed Them After Midnight	午夜后别喂它们
E	HAVE VALID ASMODEE.NET ACCOUNT	我有可用的 Asmodee.net 账号
E	Have Valid Asmodee.net Account	我有可用的 Asmodee.net 账号
E	LOADING RULEBOOK, PLEASE WAIT.	正在加载规则书，请稍候…
E	Loading Rulebook, Please Wait.	正在加载规则书，请稍候…
E	Loading rulebook, please wait.	正在加载规则书，请稍候…
E	STONE BLADE NEWSLETTER SIGN-UP	订阅 Stone Blade 通讯
E	Stone Blade Newsletter Sign-Up	订阅 Stone Blade 通讯
E	Stone Blade Newsletter Sign-up	订阅 Stone Blade 通讯
E	Unable to create.Unknown error	无法创建。<br>未知错误
E	You May Convert Runes To Honor	你可以将符文转化为荣誉
E	have valid asmodee.net account	我有可用的 Asmodee.net 账号
E	loading rulebook, please wait.	正在加载规则书，请稍候…
E	<color=#d8a6ffff>Event - Void	<color=#d8a6ffff>事件 - 虚空
E	<size=104>A</size>egis Knight	神盾骑士
E	<size=104>A</size>ncient Stag	上古鹿
E	<size=104>A</size>nnihilation	歼灭
E	<size=104>A</size>rha Recruit	亚哈新兵
E	<size=104>A</size>rha Templar	<size=104></size>rha圣殿武士
E	<size=104>A</size>ustere Sage	严苛贤者
E	<size=104>A</size>vatar Golem	化身魔像
E	<size=104>B</size>attery Monk	电池僧侣
E	<size=104>B</size>razer Drone	铜匠无人机
E	<size=104>C</size>ell Block E	牢房E区
E	<size=104>C</size>haos Cannon	混沌加农
E	<size=104>C</size>onduit Monk	导管僧侣
E	<size=104>C</size>ontrol Room	控制室
E	<size=104>C</size>ontrolsmith	控术匠
E	<size=104>D</size>emon Hunter	恶魔猎手
E	<size=104>D</size>emon Master	恶魔大师
E	<size=104>D</size>ream Anchor	梦锚
E	<size=104>D</size>ream Dealer	梦交易者
E	<size=104>D</size>ream Tyrant	梦境暴君
E	<size=104>E</size>arth Tyrant	大地暴君
E	<size=104>E</size>mri's Sting	艾姆瑞的毒刺
E	<size=104>E</size>nergy Shard	能量碎片
E	<size=104>H</size>edron Flare	多面体闪耀
E	<size=104>H</size>ulking Crab	庞大蟹
E	<size=104>K</size>orpse Maker	尸科尔制造者
E	<size=104>L</size>agoon Troll	潟湖巨魔
E	<size=104>L</size>ychan Beast	狼化野兽
E	<size=104>M</size>arsh Ranger	沼泽游侠
E	<size=104>M</size>echaphoenix	机凤凰
E	<size=104>N</size>ihil Bomber	虚无投弹者
E	<size=104>N</size>oxious Soul	毒害灵魂
E	<size=104>O</size>ak of Souls	橡灵魂
E	<size=104>O</size>go War Tree	奥戈战争树
E	<size=104>P</size>iercing Eye	贯穿之眼
E	<size=104>P</size>ortal Ninja	传送门忍者
E	<size=104>P</size>sionic Monk	灵能僧侣
E	<size=104>R</size>eactor Monk	反应堆僧侣
E	<size=104>R</size>everie Muse	幻想缪斯
E	<size=104>R</size>ing of Life	生命之环
E	<size=104>R</size>iver Reaper	河收割者
E	<size=104>R</size>ust Gremlin	锈小妖
E	<size=104>S</size>alvage Yard	打捞场
E	<size=104>S</size>hade Askara	暗影阿斯卡拉
E	<size=104>S</size>hadowcaster	影咏者
E	<size=104>S</size>nake Shaman	蛇萨满
E	<size=104>S</size>ocket Altar	嵌口祭坛
E	<size=104>S</size>olar Sentry	日哨兵
E	<size=104>S</size>pider Witch	蜘蛛女巫
E	<size=104>S</size>tone Circle	石环
E	<size=104>S</size>ynchronizer	同步者
E	<size=104>V</size>oid Remnant	虚空残响
E	<size=104>Z</size>eta Arsenal	泽塔武库
E	<size=141%>D</size>eliverance	救赎
E	<size=141%>D</size>evelopment	开发
E	<size=141%>D</size>raaaaaaaw!	抽——牌！
E	<size=141%>E</size>nlightened	圣贤
E	<size=141%>M</size>ULTI-UNITE	多重联合
E	<size=141%>M</size>ulti-Unite	多重联合
E	<size=141%>P</size>laytesting	试玩
E	<size=141%>P</size>uggageddon	巴哥末日
E	<size=141%>R</size>esolutions	分辨率
E	<size=141%>R</size>ulebookDLV	救赎规则书
E	<size=141%>m</size>ulti-unite	多重联合
E	Change resolution to {0}x{1}?	要将分辨率改为 {0}x{1} 吗？
E	Dirty deeds, done dirt cheap.	脏活累活，价格便宜。
E	Don't show this warning again	不再显示此警告
E	Enter your Email or User Name	请输入邮箱或用户名
E	Includes 35 unique new cards.	包含 35 张全新卡牌。
E	Includes 43 unique new cards.	包含 43 张全新卡牌。
E	Includes 47 unique new cards.	包含 47 张全新卡牌。
E	Includes 49 unique new cards.	包含 49 张全新卡牌。
E	Includes 51 unique new cards.	包含 51 张全新卡牌。
E	Includes 53 unique new cards.	包含 53 张全新卡牌。
E	Includes 55 unique new cards.	包含 55 张全新卡牌。
E	Includes 72 unique new cards.	包含 72 张全新卡牌。
E	Includes 76 unique new cards.	包含 76 张全新卡牌。
E	LOADING CARDS, PLEASE WAIT...	正在加载卡牌，请稍候…
E	LOADING RULEBOOK, PLEASE WAIT	正在加载规则书，请稍候…
E	Loading Cards, Please Wait...	正在加载卡牌，请稍候…
E	Loading Cards, please wait...	正在加载卡牌，请稍候…
E	Loading Rulebook, Please Wait	正在加载规则书，请稍候…
E	Loading cards, please wait...	正在加载卡牌，请稍候…
E	Loading rulebook, please wait	正在加载规则书，请稍候…
E	Unable to join.Unknown error.	无法加入。<br>未知错误。
E	loading cards, please wait...	正在加载卡牌，请稍候…
E	loading rulebook, please wait	正在加载规则书，请稍候…
E	<size=104>A</size>rha Medium	亚哈灵媒
E	<size=104>A</size>rha Mentor	亚哈导师
E	<size=104>A</size>rha Rising	亚哈崛起
E	<size=104>A</size>rha Sensei	亚哈导师
E	<size=104>B</size>east Staff	野兽法杖
E	<size=104>B</size>ombcrafter	炸弹匠
E	<size=104>C</size>anopic Jar	卡诺皮克罐
E	<size=104>C</size>haos Rider	混沌骑手
E	<size=104>D</size>ream Eater	梦吞噬者
E	<size=104>D</size>ream Guide	梦向导
E	<size=104>D</size>ream Stone	梦石
E	<size=104>D</size>ream Titan	梦泰坦
E	<size=104>D</size>reamseeker	寻梦者
E	<size=104>D</size>reamwalker	梦行者
E	<size=104>D</size>reamwillow	梦柳
E	<size=104>E</size>nergy Monk	能量僧侣
E	<size=104>G</size>rave Golem	坟墓魔像
E	<size=104>G</size>rease Monk	油污僧侣
E	<size=104>H</size>oney Siren	蜜海妖
E	<size=104>I</size>lluminator	照明者
E	<size=104>L</size>otus Siren	莲花海妖
E	<size=104>M</size>agnet Monk	磁僧侣
E	<size=104>M</size>aster Vaya	大师瓦娅
E	<size=104>M</size>echa Cetra	机甲塞特拉
E	<size=104>M</size>osaic Horn	镶嵌号角
E	<size=104>N</size>ethersnare	冥界陷阱
E	<size=104>N</size>ihilmancer	虚无法师
E	<size=104>O</size>go Courier	奥戈信使
E	<size=104>P</size>ot of Gold	金罐
E	<size=104>P</size>uggageddon	巴哥末日
E	<size=104>R</size>aven Siren	乌鸦海妖
E	<size=104>R</size>ecyclicrab	循环蟹
E	<size=104>S</size>erpentcall	唤蛇
E	<size=104>S</size>hade Viper	暗影毒蛇
E	<size=104>S</size>hadow Star	暗影之星
E	<size=104>S</size>pike Vixen	尖刺雌狐
E	<size=104>S</size>teelweaver	织钢者
E	<size=104>T</size>idestalker	潮潜者
E	<size=104>U</size>lan's Fist	乌兰的拳
E	<size=104>U</size>mbral Edge	暗影刃锋
E	<size=104>V</size>oid Mesmer	虚空催眠师
E	<size=104>V</size>oid Rising	虚空崛起
E	<size=104>V</size>oidspeaker	虚空语者
E	<size=104>W</size>ind Tyrant	风之暴君
E	<size=141%>A</size>pprentice	学徒
E	<size=141%>C</size>ollection	收藏
E	<size=141%>C</size>onstructs	神器s
E	<size=141%>D</size>reamscape	梦境
E	<size=141%>E</size>XPANSIONS	扩展
E	<size=141%>E</size>xpansions	扩展
E	<size=141%>F</size>ullscreen	全屏
E	<size=141%>L</size>oading...	加载中...
E	<size=141%>P</size>ortuguese	葡萄牙语
E	<size=141%>R</size>esolution	分辨率
E	<size=141%>R</size>esources:	资源：
E	<size=141%>R</size>ightArrow	→ 方向键右
E	<size=141%>R</size>ulebookDC	冠军黎明规则书
E	<size=141%>R</size>ulebookDS	梦境规则书
E	<size=141%>R</size>ulebookDU	黑暗释放规则书
E	<size=141%>R</size>ulebookGE	元素的馈赠规则书
E	<size=141%>R</size>ulebookRU	领域解开规则书
E	<size=141%>R</size>ulebookRV	祈夜崛起规则书
E	<size=141%>R</size>ulebookVA	上古山谷规则书
E	<size=141%>R</size>ulebookWA	暗影之战规则书
E	<size=141%>V</size>anquisher	征服者
E	<size=141%>e</size>xpansions	扩展
E	<size=141%>r</size>eputation	声望
E	CONFIRMATION POPUP TEXT HERE	确认弹窗占位文本
E	Confirmation Popup Text Here	确认弹窗占位文本
E	Gain a Soul Gem.Draw a card.	获得灵魂宝石.<br>抽一张牌.
E	Includes 51 uniquenew cards.	包含 51 张全新<br>卡牌。
E	LOADING CARDS PLEASE WAIT...	正在加载卡牌，请稍候…
E	Loading Cards Please Wait...	正在加载卡牌，请稍候…
E	Loading cards please wait...	正在加载卡牌，请稍候…
E	Once this turn, draw a card.	一次本回合, 抽一张牌.
E	Successfully removed friend.	已移除好友。
E	They're magically delicious.	它们有种魔法般的美味。
E	Unable to join.Game is full.	无法加入。<br>对局已满。
E	confirmation popup text here	确认弹窗占位文本
E	loading cards please wait...	正在加载卡牌，请稍候…
E	%s now has %d honor tokens\n	%s现在拥有%d点荣誉\n
E	<size=104>A</size>pprentice	学徒
E	<size=104>B</size>lack Hole	黑洞
E	<size=104>B</size>lind Seer	盲预言者
E	<size=104>D</size>eep Drone	深潜无人机
E	<size=104>F</size>allen Fae	堕落者仙灵
E	<size=104>L</size>andtalker	大地说书人
E	<size=104>L</size>eprechaun	小矮妖
E	<size=104>L</size>unar Stag	月鹿
E	<size=104>L</size>ycan Fang	狼化人牙
E	<size=104>M</size>oon Staff	月杖
E	<size=104>O</size>go Rising	奥戈崛起
E	<size=104>O</size>rb of Nyx	宝珠尼克斯
E	<size=104>P</size>athwarden	巡路者
E	<size=104>P</size>hasefiend	相位邪魔
E	<size=104>R</size>epurposer	再造者
E	<size=104>R</size>ootscryer	根卜者
E	<size=104>S</size>acred Pot	神圣罐
E	<size=104>S</size>ea Tyrant	海中暴君
E	<size=104>S</size>napdragon	金鱼草
E	<size=104>S</size>ordid Asp	污秽蝮蛇
E	<size=104>S</size>oulshaper	塑魂者
E	<size=141%>A</size>nalytics	分析
E	<size=141%>A</size>scension	创升纪元
E	<size=141%>C</size>ompleted	已完成
E	<size=141%>C</size>onstruct	神器
E	<size=141%>D</size>REAMBIND	梦缚
E	<size=141%>D</size>REAMBORN	梦生
E	<size=141%>D</size>reambind	梦缚
E	<size=141%>D</size>reamborn	梦生
E	<size=141%>E</size>XPANSION	扩展
E	<size=141%>E</size>xpansion	扩展
E	<size=141%>F</size>ACTIONS:	派系：
E	<size=141%>G</size>odslayer	弑神者
E	<size=141%>L</size>EGENDARY	传奇
E	<size=141%>L</size>anguages	语言
E	<size=141%>L</size>eftArrow	← 方向键左
E	<size=141%>L</size>egendary	传奇
E	<size=141%>L</size>ifebound	命约
E	<size=141%>M</size>onkopoly	僧侣垄断
E	<size=141%>O</size>PPONENTS	对手
E	<size=141%>O</size>pponents	对手
E	<size=141%>P</size>ASSWORD:	密码：
E	<size=141%>P</size>URCHASE:	购买：
E	<size=141%>P</size>assword:	密码：
E	<size=141%>P</size>urchase:	购买：
E	<size=141%>P</size>urchased	已购买
E	<size=141%>R</size>ESOURCES	资源
E	<size=141%>R</size>ecruiter	征募官
E	<size=141%>T</size>RANSFORM	转化
E	<size=141%>T</size>ransform	转化
E	<size=141%>T</size>utorials	教程
E	<size=141%>U</size>NLIMITED	不限时
E	<size=141%>U</size>SERNAME:	用户名：
E	<size=141%>U</size>nlimited	不限时
E	<size=141%>U</size>sername:	用户名：
E	<size=141%>W</size>ednesday	星期三
E	<size=141%>d</size>reambind	梦缚
E	<size=141%>d</size>reamborn	梦生
E	<size=141%>e</size>xpansion	扩展
E	<size=141%>l</size>egendary	传奇
E	<size=141%>o</size>pponents	对手
E	<size=141%>p</size>assword:	密码：
E	<size=141%>p</size>urchase:	购买：
E	<size=141%>t</size>ransform	转化
E	<size=141%>u</size>nlimited	不限时
E	<size=141%>u</size>sername:	用户名：
E	Chronicles of the Godslayer	《弑神编年史》
E	Failed to Connect to Server	连接服务器失败
E	Kill the Cultist 1000 times	击杀邪教徒 1000 次
E	Legendary Boon: Enlightened	传奇恩赐：圣贤
E	None faster, none deadlier.	无人更快，无人更致命。
E	Removing "{0}" as a friend.	正在移除好友“{0}”。
E	Scroll Magnified Card Right	放大卡右翻
E	Serenity Now Now Now Now...	立刻立刻立刻平静……
E	You must provide a password	必须设置密码
E	{0} is already your friend.	{0} 已经是你的好友。
E	%s gains %d power from %s\n	%s从%s获得%d点战力\n
E	%s gains %d runes from %s\n	%s从%s获得%d点符文\n
E	%s now has %d honor tokens	%s现在拥有%d点荣誉\n
E	<size=104>A</size>bolisher	废除者
E	<size=104>A</size>rmistice	停战
E	<size=104>B</size>leaktoad	荒蟾
E	<size=104>D</size>ark Monk	黑暗僧侣
E	<size=104>D</size>readmage	恐惧法师
E	<size=104>D</size>readmare	惧马
E	<size=104>D</size>ream Lab	梦实验室
E	<size=104>E</size>verbloom	永绽
E	<size=104>G</size>iant Rat	巨鼠
E	<size=104>G</size>rowmites	增生螨
E	<size=104>L</size>ionheart	狮心
E	<size=104>N</size>ilhammer	虚无锤
E	<size=104>S</size>park Bug	火花虫
E	<size=104>S</size>tarchild	星之子
E	<size=141%>A</size>ssassin	刺客
E	<size=141%>B</size>EGINNER	入门
E	<size=141%>B</size>eginner	入门
E	<size=141%>C</size>HAMPION	冠军
E	<size=141%>C</size>ONTINUE	继续
E	<size=141%>C</size>hampion	冠军
E	<size=141%>C</size>ontinue	继续
E	<size=141%>D</size>elirium	谵妄
E	<size=141%>D</size>estroy:	摧毁:
E	<size=141%>E</size>ND\nTURN	结束回合
E	<size=141%>E</size>NERGIZE	充能
E	<size=141%>E</size>lements	元素
E	<size=141%>E</size>nd\nTurn	结束回合
E	<size=141%>E</size>nergize	充能
E	<size=141%>F</size>anatic:	狂信者:
E	<size=141%>F</size>eatures	特性
E	<size=141%>F</size>orfeits	认输次数
E	<size=141%>J</size>apanese	日语
E	<size=141%>J</size>ubilee!	欢庆！
E	<size=141%>L</size>ANGUAGE	语言
E	<size=141%>L</size>anguage	语言
E	<size=141%>M</size>onsters	怪物
E	<size=141%>O</size>NGOING:	持续：
E	<size=141%>O</size>PPONENT	对手
E	<size=141%>O</size>ngoing:	持续：
E	<size=141%>O</size>pponent	对手
E	<size=141%>P</size>ASSWORD	密码
E	<size=141%>P</size>HANTASM	幻象
E	<size=141%>P</size>assword	密码
E	<size=141%>P</size>hantasm	幻象
E	<size=141%>P</size>roducer	制作人
E	<size=141%>P</size>rofiles	档案
E	<size=141%>P</size>urchase	购买
E	<size=141%>R</size>ULEBOOK	规则书
E	<size=141%>R</size>ulebook	规则书
E	<size=141%>S</size>ERENITY	宁静
E	<size=141%>S</size>ETTINGS	设置
E	<size=141%>S</size>adranis	萨德拉尼斯
E	<size=141%>S</size>aturday	星期六
E	<size=141%>S</size>erenity	宁静
E	<size=141%>S</size>ettings	设置
E	<size=141%>S</size>hackled	被缚
E	<size=141%>T</size>UTORIAL	教程
E	<size=141%>T</size>emples:	神庙：
E	<size=141%>T</size>hursday	星期四
E	<size=141%>T</size>reasure	宝藏
E	<size=141%>T</size>utorial	教程
E	<size=141%>U</size>SERNAME	用户名
E	<size=141%>U</size>sername	用户名
E	<size=141%>V</size>ersion:	版本：
E	<size=141%>W</size>indowed	窗口
E	<size=141%>W</size>ithdraw	退出对局
E	<size=141%>b</size>eginner	入门
E	<size=141%>c</size>hampion	冠军
E	<size=141%>c</size>ontinue	继续
E	<size=141%>e</size>nergize	充能
E	<size=141%>l</size>anguage	语言
E	<size=141%>o</size>ngoing:	持续：
E	<size=141%>o</size>pponent	对手
E	<size=141%>p</size>assword	密码
E	<size=141%>p</size>hantasm	幻象
E	<size=141%>r</size>ulebook	规则书
E	<size=141%>s</size>erenity	宁静
E	<size=141%>s</size>ettings	设置
E	<size=141%>t</size>utorial	教程
E	<size=141%>u</size>sername	用户名
E	Acquire Kor, the Ironmind.	获取科尔, 铁心.
E	Acquire Nairi, Wild Queen.	获取奈莉, 荒野女王.
E	Ascetic of the Lidless Eye	无目之眼苦行僧
E	Chronicle of the Godslayer	弑神编年史
E	Druids of the Stone Circle	石环德鲁伊
E	Gain 10 energy in one turn	一回合获得 10 点能量
E	Going Once, Going Twice...	一次出价，两次出价……
E	HAVE VALID PLAYDEK ACCOUNT	我有可用的 Playdek 账号
E	Have Valid Playdek Account	我有可用的 Playdek 账号
E	I Guess It Just Froze Over	看来这里结冰了
E	Loading cards, please wait	正在加载卡牌，请稍候
E	Piper at the Gates of Dawn	黎明门前的吹笛人
E	Play 5 Soul Gems in 1 turn	一回合打出 5 枚灵魂宝石
E	Scroll Magnified Card Left	放大卡左翻
E	Successfully Created Game!	对局创建成功！
E	have valid playdek account	我有可用的 Playdek 账号
E	%s discards %s from play\n	%s从战场弃掉%s\n
E	%s gains %d honor tokens\n	%s获得%d点荣誉\n
E	%s gains %d power from %s	%s从%s获得%d点战力\n
E	%s gains %d runes from %s	%s从%s获得%d点符文\n
E	%s loses %d honor tokens\n	%s失去%d点荣誉\n
E	<size=104>G</size>earseer	齿轮预言者
E	<size=104>I</size>nvokist	祈唤师
E	<size=104>M</size>inotaur	牛头人
E	<size=104>M</size>uramasa	村正
E	<size=104>O</size>mnicron	全时者
E	<size=104>R</size>at King	鼠王
E	<size=104>R</size>eclamax	回收机
E	<size=104>R</size>iftclaw	裂隙爪
E	<size=141%>A</size>UCTION	竞拍
E	<size=141%>A</size>cquire	获取
E	<size=141%>A</size>uction	竞拍
E	<size=141%>B</size>UNDLES	合集
E	<size=141%>B</size>uilder	建造者
E	<size=141%>B</size>undles	合集
E	<size=141%>C</size>HINESE	中文
E	<size=141%>C</size>ONFIRM	确认
E	<size=141%>C</size>hinese	中文
E	<size=141%>C</size>onfirm	确认
E	<size=141%>C</size>ontrol	控制
E	<size=141%>C</size>redits	制作人员
E	<size=141%>C</size>ultist	邪教徒
E	<size=141%>D</size>ISCARD	弃牌
E	<size=141%>D</size>ISMISS	关闭
E	<size=141%>D</size>estroy	摧毁
E	<size=141%>D</size>etails	详情
E	<size=141%>D</size>hartha	达萨
E	<size=141%>D</size>iscard	弃牌
E	<size=141%>D</size>ismiss	关闭
E	<size=141%>E</size>MPOWER	赋力
E	<size=141%>E</size>NGLISH	英语
E	<size=141%>E</size>mpower	赋力
E	<size=141%>E</size>nglish	英语
E	<size=141%>F</size>RIENDS	好友
E	<size=141%>F</size>anatic	狂信者
E	<size=141%>F</size>orfeit	认输
E	<size=141%>F</size>reebee	白嫖
E	<size=141%>F</size>riends	好友
E	<size=141%>G</size>allery	图鉴
E	<size=141%>I</size>nsight	洞察
E	<size=141%>I</size>nvited	已邀请
E	<size=141%>I</size>talian	意大利语
E	<size=141%>L</size>egends	史诗传奇
E	<size=141%>L</size>oading	加载中
E	<size=141%>M</size>echana	机械
E	<size=141%>M</size>ilitia	民兵
E	<size=141%>M</size>inutes	分钟
E	<size=141%>M</size>onster	怪物
E	<size=141%>O</size>FFLINE	离线
E	<size=141%>O</size>NGOING	持续
E	<size=141%>O</size>PTIONS	选项
E	<size=141%>O</size>ffline	离线
E	<size=141%>O</size>ngoing	持续
E	<size=141%>O</size>ptions	选项
E	<size=141%>P</size>LUNDER	掠夺
E	<size=141%>P</size>ROFILE	个人
E	<size=141%>P</size>lunder	掠夺
E	<size=141%>P</size>rofile	个人
E	<size=141%>R</size>EWARD:	奖励：
E	<size=141%>R</size>ematch	再来一局
E	<size=141%>R</size>eplace	替换
E	<size=141%>R</size>eward:	奖励：
E	<size=141%>R</size>ussian	俄语
E	<size=141%>S</size>econds	秒
E	<size=141%>S</size>huffle	洗牌
E	<size=141%>S</size>panish	西班牙语
E	<size=141%>T</size>ROPHY:	战利品：
E	<size=141%>T</size>rophy:	战利品：
E	<size=141%>T</size>uesday	星期二
E	<size=141%>V</size>erify:	验证：
E	<size=141%>W</size>aiting	等待中
E	<size=141%>W</size>arning	警告
E	<size=141%>a</size>uction	竞拍
E	<size=141%>b</size>undles	合集
E	<size=141%>c</size>hinese	中文
E	<size=141%>c</size>onfirm	确认
E	<size=141%>d</size>iscard	弃牌
E	<size=141%>d</size>ismiss	关闭
E	<size=141%>e</size>mpower	赋力
E	<size=141%>e</size>nglish	英语
E	<size=141%>f</size>riends	好友
E	<size=141%>o</size>ffline	离线
E	<size=141%>o</size>ngoing	持续
E	<size=141%>o</size>ptions	选项
E	<size=141%>p</size>lunder	掠夺
E	<size=141%>p</size>rofile	个人
E	<size=141%>r</size>eward:	奖励：
E	<size=141%>t</size>rophy:	战利品：
E	A Complete Transformation	完全转化
E	Adding "{0}" as a friend.	正在将“{0}”加为好友。
E	Adding "{0}" as a friend.	正在将“{0}”加为好友。
E	Additional IP Development	附加 IP 开发
E	Always count the shadows.	永远要数清影子。
E	Check your password again	请再次确认密码
E	Dogs of W<space=-.05em>ar	犬W<space=-.05em>ar
E	Legendary Boon: Lifebound	传奇恩赐：生命
E	Open/Close Construct Tray	打开/关闭神器栏
E	Open/Close Dreamborn List	打开/关闭梦生列表
E	Purchase all for 99.99.99	全部购买 99.99
E	Scryer of the Lidless Eye	无目之眼占卜者
E	Searching for Games . . .	正在搜索对局 . . .
E	Successfully Joined Game!	已成功加入对局！
E	Teletransmitter Blueprint	远传器蓝图
E	Terrus, Paragon of Strife	特鲁斯·争斗典范
E	Unique new cards per set:	每款扩展的全新卡牌数：
E	Use each of the Soul Gems	使用每一种灵魂宝石
E	Veya, Handmaiden of Logos	维雅·逻各斯侍女
E	%s discards %s from play	%s从战场弃掉%s\n
E	%s gains %d honor tokens	%s获得%d点荣誉\n
E	%s loses %d honor tokens	%s失去%d点荣誉\n
E	<size=104>C</size>og Maw	齿轮巨口
E	<size=104>C</size>ultist	邪教徒
E	<size=104>G</size>ranger	农夫
E	<size=104>M</size>ilitia	民兵
E	<size=104>O</size>xipede	牛蜈
E	<size=141%>A</size>VATAR	头像
E	<size=141%>A</size>ccept	接受
E	<size=141%>A</size>vatar	头像
E	<size=141%>B</size>UNDLE	合集
E	<size=141%>B</size>anish	放逐
E	<size=141%>B</size>undle	合集
E	<size=141%>C</size>ANCEL	取消
E	<size=141%>C</size>OMMIT	确认
E	<size=141%>C</size>ancel	取消
E	<size=141%>C</size>hoose	选择
E	<size=141%>C</size>ommit	确认
E	<size=141%>C</size>ommon	普通
E	<size=141%>D</size>EFEND	防御
E	<size=141%>D</size>ELETE	删除
E	<size=141%>D</size>efeat	击败
E	<size=141%>D</size>efend	防御
E	<size=141%>D</size>elete	删除
E	<size=141%>D</size>esign	设计
E	<size=141%>E</size>MAIL:	邮箱：
E	<size=141%>E</size>XPERT	专家
E	<size=141%>E</size>mail:	邮箱：
E	<size=141%>E</size>nergy	能量
E	<size=141%>E</size>scape	Esc 键
E	<size=141%>E</size>xpert	专家
E	<size=141%>F</size>RIEND	好友
E	<size=141%>F</size>inish	完成
E	<size=141%>F</size>rench	法语
E	<size=141%>F</size>riday	星期五
E	<size=141%>F</size>riend	好友
E	<size=141%>G</size>erman	德语
E	<size=141%>H</size>ONOR:	荣誉：
E	<size=141%>H</size>edron	多面体
E	<size=141%>H</size>eroes	英雄
E	<size=141%>I</size>NFEST	感染
E	<size=141%>I</size>nfest	感染
E	<size=141%>I</size>nvite	邀请
E	<size=141%>L</size>OGOUT	登出
E	<size=141%>L</size>ocked	已锁定
E	<size=141%>L</size>ogout	登出
E	<size=141%>M</size>edium	中
E	<size=141%>M</size>inute	分钟
E	<size=141%>M</size>onday	星期一
E	<size=141%>M</size>ystic	秘教士
E	<size=141%>N</size>IGHT:	夜：
E	<size=141%>N</size>ORMAL	普通
E	<size=141%>N</size>ight:	夜：
E	<size=141%>N</size>ormal	普通
E	<size=141%>O</size>NLINE	在线
E	<size=141%>O</size>nline	在线
E	<size=141%>P</size>LAYER	玩家
E	<size=141%>P</size>OWER:	战力：
E	<size=141%>P</size>ROMOS	特典
E	<size=141%>P</size>layer	玩家
E	<size=141%>P</size>ortal	传送门
E	<size=141%>P</size>romo1	特典 1
E	<size=141%>P</size>romo2	特典 2
E	<size=141%>P</size>romo3	特典 3
E	<size=141%>P</size>romo4	特典 4
E	<size=141%>P</size>romo5	特典 5
E	<size=141%>P</size>romo6	特典 6
E	<size=141%>P</size>romo7	特典 7
E	<size=141%>P</size>romos	特典
E	<size=141%>R</size>EVEAL	展示
E	<size=141%>R</size>EWARD	奖励
E	<size=141%>R</size>UNES:	符文：
E	<size=141%>R</size>ating	评分
E	<size=141%>R</size>eject	拒绝
E	<size=141%>R</size>enown	声望
E	<size=141%>R</size>esume	继续游戏
E	<size=141%>R</size>eveal	展示
E	<size=141%>R</size>eward	奖励
E	<size=141%>S</size>ELECT	选择
E	<size=141%>S</size>amael	萨麦尔
E	<size=141%>S</size>econd	秒
E	<size=141%>S</size>elect	选择
E	<size=141%>S</size>unday	星期日
E	<size=141%>T</size>ARGET	指定
E	<size=141%>T</size>ROPHY	战利品
E	<size=141%>T</size>arget	指定
E	<size=141%>T</size>emple	神殿
E	<size=141%>T</size>rophy	战利品
E	<size=141%>a</size>vatar	头像
E	<size=141%>b</size>undle	合集
E	<size=141%>c</size>ancel	取消
E	<size=141%>c</size>ommit	确认
E	<size=141%>d</size>efend	防御
E	<size=141%>d</size>elete	删除
E	<size=141%>e</size>mail:	邮箱：
E	<size=141%>e</size>xpert	专家
E	<size=141%>f</size>riend	好友
E	<size=141%>i</size>nfest	感染
E	<size=141%>l</size>ogout	登出
E	<size=141%>n</size>ight:	夜：
E	<size=141%>n</size>ormal	普通
E	<size=141%>o</size>nline	在线
E	<size=141%>p</size>layer	玩家
E	<size=141%>p</size>romos	特典
E	<size=141%>r</size>eveal	展示
E	<size=141%>r</size>eward	奖励
E	<size=141%>s</size>elect	选择
E	<size=141%>t</size>arget	指定
E	<size=141%>t</size>rophy	战利品
E	Account creation failed.	账号创建失败。
E	Arbiter of the Precipice	悬崖仲裁者
E	Cetra, Benefactor of All	万民之恩塞特拉
E	Cult of the False Circle	邪教虚假环
E	Dhartha, Master of Sight	达萨·大师视界
E	ENLIGHTENED DREAM VISION	圣贤梦境视域
E	Enlightened Dream Vision	圣贤梦境视域
E	Gain <sprite=0> instead.	改为获得<sprite=0>。
E	HAVE ASMODEE.NET ACCOUNT	我有 Asmodee.net 账号
E	Have Asmodee.net Account	我有 Asmodee.net 账号
E	Monk of the Stone Circle	僧侣石环
E	P.R.I.M.E.'d for Victory	P.R.I.M.E. 制胜
E	PLAYDEK ACCOUNT REQUIRED	需要 Playdek 账号
E	Play All Cards From Hand	打出全部手牌
E	Playdek Account Required	需要 Playdek 账号
E	Recycle. Rebuild. Reuse.	回收。重建。再利用。
E	Retrieving Profile . . .	正在读取档案 . . .
E	SELECT EXPANSIONS/PROMOS	选择扩展/特典
E	Select Expansions/Promos	选择扩展/特典
E	Select Expansions/promos	选择扩展/特典
E	Shade of the Black Watch	黑卫之影
E	This is the flavor part.	此处为风味文本。
E	Username already in use.	用户名已被使用。
E	enlightened dream vision	圣贤梦境视域
E	have asmodee.net account	我有 Asmodee.net 账号
E	initiate transformation.	启动转化。
E	playdek account required	需要 Playdek 账号
E	select expansions/promos	选择扩展/特典
E	<size=104>K</size>arion	卡里昂
E	<size=104>M</size>ephit	恶臭精
E	<size=104>M</size>ystic	秘教士
E	<size=141%>C</size>LOSE	关闭
E	<size=141%>C</size>etra	塞特拉
E	<size=141%>C</size>lose	关闭
E	<size=141%>D</size>eath	死亡
E	<size=141%>E</size>MAIL	邮箱
E	<size=141%>E</size>mail	邮箱
E	<size=141%>E</size>mpty	空
E	<size=141%>E</size>rror	错误
E	<size=141%>E</size>vent	事件
E	<size=141%>F</size>ATE:	天命：
E	<size=141%>F</size>ate:	天命：
E	<size=141%>H</size>onor	荣誉
E	<size=141%>H</size>ours	小时
E	<size=141%>H</size>uman	人类
E	<size=141%>L</size>OBBY	大厅
E	<size=141%>L</size>OGIN	登录
E	<size=141%>L</size>obby	大厅
E	<size=141%>L</size>ogin	登录
E	<size=141%>L</size>ogos	逻各斯
E	<size=141%>M</size>USIC	音乐
E	<size=141%>M</size>usic	音乐
E	<size=141%>N</size>AME:	姓名：
E	<size=141%>N</size>IGHT	夜
E	<size=141%>N</size>airi	奈莉
E	<size=141%>N</size>ame:	姓名：
E	<size=141%>N</size>ight	夜
E	<size=141%>N</size>ope.	不行。
E	<size=141%>O</size>WNED	已拥有
E	<size=141%>O</size>wned	已拥有
E	<size=141%>P</size>ause	暂停
E	<size=141%>P</size>ower	战力
E	<size=141%>P</size>romo	推广卡
E	<size=141%>R</size>ALLY	集结
E	<size=141%>R</size>ally	集结
E	<size=141%>R</size>ound	回合
E	<size=141%>R</size>unes	符文
E	<size=141%>S</size>TART	开始
E	<size=141%>S</size>etup	设置
E	<size=141%>S</size>pace	空格键
E	<size=141%>S</size>pend	花费
E	<size=141%>S</size>tart	开始
E	<size=141%>T</size>heme	主题
E	<size=141%>T</size>hurs	四
E	<size=141%>U</size>NITE	联合
E	<size=141%>U</size>nite	联合
E	<size=141%>V</size>igil	祈夜
E	<size=141%>X</size>eron	泽伦
E	<size=141%>Y</size>oink	抢过来
E	<size=141%>c</size>lose	关闭
E	<size=141%>e</size>mail	邮箱
E	<size=141%>f</size>ate:	天命：
E	<size=141%>l</size>obby	大厅
E	<size=141%>l</size>ogin	登录
E	<size=141%>m</size>usic	音乐
E	<size=141%>n</size>ame:	姓名：
E	<size=141%>n</size>ight	夜
E	<size=141%>o</size>wned	已拥有
E	<size=141%>r</size>ally	集结
E	<size=141%>s</size>tart	开始
E	<size=141%>u</size>nite	联合
E	Belthar, Soul Collector	贝尔萨·集魂者
E	Double Tap to Continue…	双击继续…
E	Dream Chamber Disciples	梦室门徒们
E	Emri, One with the Void	与虚空合一的艾姆瑞
E	Legendary Boon: Mechana	传奇恩赐：机械
E	Monk of the Lidless Eye	无目之眼僧侣
E	More than meets the Eye	不止所见
E	NETWORK CONNECTION LOST	网络连接已断开
E	Network Connection Lost	网络连接已断开
E	Open/Close Discard Pile	打开/关闭弃牌堆
E	Open/Close Renown Track	打开/关闭名望轨道
E	Please enter a Username	请输入用户名
E	Sadranis, Dark Emissary	黑暗使者萨德拉尼斯
E	Seer of the Forked Path	歧路预言者
E	Toric, Devoted Disciple	托里克·虔诚门徒
E	WITHOUT PAYING ITS COST	无需支付费用
E	Without Paying Its Cost	无需支付费用
E	network connection lost	网络连接已断开
E	positively electrifying	确实令人电击。
E	without paying its cost	无需支付费用
E	<size=141%>A</size>rha	亚哈
E	<size=141%>B</size>ACK	返回
E	<size=141%>B</size>ack	返回
E	<size=141%>C</size>HAT	聊天
E	<size=141%>C</size>OPY	复制
E	<size=141%>C</size>hat	聊天
E	<size=141%>C</size>opy	复制
E	<size=141%>C</size>otG	弑神编
E	<size=141%>D</size>AY:	昼：
E	<size=141%>D</size>LRM	谵妄
E	<size=141%>D</size>ONE	完成
E	<size=141%>D</size>ay:	昼：
E	<size=141%>D</size>ays	天
E	<size=141%>D</size>eck	牌库
E	<size=141%>D</size>one	完成
E	<size=141%>D</size>raw	抽
E	<size=141%>E</size>ASY	简单
E	<size=141%>E</size>CHO	回响
E	<size=141%>E</size>VEN	偶数
E	<size=141%>E</size>XIT	退出
E	<size=141%>E</size>asy	简单
E	<size=141%>E</size>cho	回响
E	<size=141%>E</size>mri	艾姆瑞
E	<size=141%>E</size>ven	偶数
E	<size=141%>E</size>xit	退出
E	<size=141%>F</size>ATE	天命
E	<size=141%>F</size>ast	快
E	<size=141%>F</size>ate	天命
E	<size=141%>G</size>IVE	给予
E	<size=141%>G</size>ain	获得
E	<size=141%>G</size>ame	对局
E	<size=141%>G</size>ive	给予
E	<size=141%>G</size>otE	元素馈赠
E	<size=141%>H</size>ARD	困难
E	<size=141%>H</size>and	手牌
E	<size=141%>H</size>ard	困难
E	<size=141%>H</size>ero	英雄
E	<size=141%>H</size>our	小时
E	<size=141%>J</size>oin	加入
E	<size=141%>L</size>ife	生命
E	<size=141%>L</size>ose	失去
E	<size=141%>M</size>ENU	菜单
E	<size=141%>M</size>enu	菜单
E	<size=141%>N</size>AME	姓名
E	<size=141%>N</size>ONE	无
E	<size=141%>N</size>aka	纳卡
E	<size=141%>N</size>ame	姓名
E	<size=141%>N</size>one	无
E	<size=141%>P</size>ASS	跳过
E	<size=141%>P</size>LAY	打出
E	<size=141%>P</size>ass	跳过
E	<size=141%>P</size>lay	打出
E	<size=141%>R</size>otF	邪神归来
E	<size=141%>R</size>une	符文
E	<size=141%>S</size>low	慢
E	<size=141%>T</size>URN	回合
E	<size=141%>T</size>ues	二
E	<size=141%>T</size>urn	回合
E	<size=141%>U</size>NDO	撤销
E	<size=141%>U</size>ndo	撤销
E	<size=141%>V</size>OID	虚空
E	<size=141%>V</size>iew	查看
E	<size=141%>V</size>oid	虚空
E	<size=141%>V</size>otA	上古山谷
E	<size=141%>b</size>ack	返回
E	<size=141%>c</size>hat	聊天
E	<size=141%>c</size>opy	复制
E	<size=141%>d</size>ay:	昼：
E	<size=141%>d</size>one	完成
E	<size=141%>e</size>asy	简单
E	<size=141%>e</size>cho	回响
E	<size=141%>e</size>ven	偶数
E	<size=141%>e</size>xit	退出
E	<size=141%>f</size>ate	天命
E	<size=141%>g</size>ive	给予
E	<size=141%>h</size>ard	困难
E	<size=141%>m</size>enu	菜单
E	<size=141%>n</size>ame	姓名
E	<size=141%>n</size>one	无
E	<size=141%>p</size>ass	跳过
E	<size=141%>p</size>lay	打出
E	<size=141%>t</size>urn	回合
E	<size=141%>u</size>ndo	撤销
E	<size=141%>应</size>用商店	商店
E	A Legend Among Legends	传奇中的传奇
E	Cetra, Matron of Stars	星辰主母塞特拉
E	Cetra, Weaver of Stars	织星者塞特拉
E	Confirm Revealed Cards	确认已展示的卡牌
E	Correction of Creation	校正造物
E	David, Prophetic Guide	大卫·预言向导
E	Emma's Teletransmitter	艾玛的远传器
E	Enlightened Constructs	圣贤神器
E	Gain ${ICON_INSIGHT2}.	获得${ICON_INSIGHT2}.
E	Gain 9001 honor points	获得 9001 点荣誉
E	Glutton For Punishment	自讨苦吃
E	Greedy Treasure Hunter	贪婪寻宝人
E	Have Everything - RotF	全集——堕天归来
E	Have Everything – RotF	全集——堕天归来
E	Hold To Show Transform	按住显示变形
E	Kythis, the Gatekeeper	守门人凯西斯
E	Landis' Potions & Pies	兰迪斯的药剂与馅饼
E	Passwords do not match	两次输入的密码不一致
E	Pasythea, The Redeemed	帕西提亚·救赎者
E	PlayerName Player Name	玩家名
E	Roll the Delirium Die.	掷谵妄骰。
E	STONE BLADE NEWSLETTER	Stone Blade 通讯
E	Spirit of the Ancients	上古之灵
E	Terms of Use Agreement	使用条款
E	Thank you for playing.	感谢游玩。
E	Treasures of the Study	宝藏书房
E	Valley of the Ancients	上古山谷
E	Void Amathyst Defender	虚空紫晶防御者
E	Yolocryx, the Guardian	约洛克瑞克斯·守卫
E	You Must End Your Turn	你必须结束回合
E	<size=141%>A</size>LL	全部
E	<size=141%>A</size>ll	全部
E	<size=141%>B</size>ID	竞拍
E	<size=141%>B</size>UY	获取
E	<size=141%>B</size>id	竞拍
E	<size=141%>B</size>uy	获取
E	<size=141%>D</size>AY	昼
E	<size=141%>D</size>LV	救赎
E	<size=141%>D</size>ay	昼
E	<size=141%>D</size>oC	冠军黎明
E	<size=141%>F</size>AQ	常见问题
E	<size=141%>F</size>aq	常见问题
E	<size=141%>F</size>ri	五
E	<size=141%>H</size>rs	时
E	<size=141%>K</size>or	科尔
E	<size=141%>L</size>GS	史诗传奇
E	<size=141%>L</size>OG	记录
E	<size=141%>L</size>og	记录
E	<size=141%>M</size>in	分
E	<size=141%>M</size>on	一
E	<size=141%>N</size>ew	新建
E	<size=141%>O</size>DD	奇数
E	<size=141%>O</size>dd	奇数
E	<size=141%>O</size>ff	关闭
E	<size=141%>O</size>go	奥戈
E	<size=141%>P</size>ay	支付
E	<size=141%>R</size>oV	祈夜崛起
E	<size=141%>S</size>at	六
E	<size=141%>S</size>ec	秒
E	<size=141%>S</size>oS	灵魂风暴
E	<size=141%>S</size>un	日
E	<size=141%>U</size>SE	使用
E	<size=141%>U</size>lu	乌鲁
E	<size=141%>U</size>se	使用
E	<size=141%>W</size>ed	三
E	<size=141%>W</size>oS	暗影之战
E	<size=141%>X</size>II	12
E	<size=141%>X</size>ii	12
E	<size=141%>Y</size>ES	是
E	<size=141%>Y</size>es	是
E	<size=141%>a</size>ll	全部
E	<size=141%>b</size>id	竞拍
E	<size=141%>b</size>uy	获取
E	<size=141%>d</size>ay	昼
E	<size=141%>f</size>aq	常见问题
E	<size=141%>o</size>dd	奇数
E	<size=141%>u</size>se	使用
E	<size=141%>x</size>ii	12
E	<size=141%>y</size>es	是
E	<size=141%>内</size>购店	商店
E	Alset, Reactor Savant	阿尔塞特·反应堆学者
E	Android Notifications	Android 通知
E	Caaro, Desert Breaker	卡罗·沙漠破碎者
E	Cetra, Celestial Body	天体塞特拉
E	Champion Of Champions	冠军中的冠军
E	Dendris the Gladewyrm	登德里斯林间巨虫
E	Dhartha, Dream Master	达萨·梦大师
E	Dhartha, Eternal Seer	达萨·永恒预言者
E	Enlightened Construct	圣贤神器
E	Enlightened Soul Gems	圣贤灵魂宝石
E	Enlightened Treasures	圣贤宝藏
E	Enter Name for Player	请输入玩家名称
E	Gain 1 Honor instead.	改为获得 1 荣誉。
E	Gain 2 Honor instead.	改为获得 2 荣誉。
E	Gain 3 Honor instead.	改为获得 3 荣誉。
E	Have Everything - CoG	全集——弑神编年史
E	Have Everything - SoS	全集——灵魂风暴
E	Have Everything – CoG	全集——弑神编年史
E	Have Everything – SoS	全集——灵魂风暴
E	Keep this resolution?	保留此分辨率？
E	Kythis, Rebel Godling	凯西斯·反叛神子
E	Miles, Golden Prodigy	黄金神童迈尔斯
E	Moken, the Huntmaster	莫肯·猎主
E	Oziah, Judge of Logos	逻各斯审判者奥齐亚
E	PURCHASEABLE IN STEAM	可在 Steam 购买
E	PURCHASEABLE ON STEAM	可在 Steam 购买
E	Press the new key for	请按下新的按键：
E	Promo Cards Included:	包含的特典卡：
E	Purchaseable In Steam	可在 Steam 购买
E	Purchaseable On Steam	可在 Steam 购买
E	Purchaseable in Steam	可在 Steam 购买
E	Purchaseable on Steam	可在 Steam 购买
E	Rakar, Corrupt Askara	拉卡尔·腐化阿斯卡拉
E	Remnant of the Fallen	残响·堕落者
E	Reward: Gain 1 Honor.	奖励：获得1荣誉。
E	STONEBLADE NEWSLETTER	StoneBlade 通讯
E	Sadranis, Dark Savant	萨德拉尼斯·黑暗学者
E	StoneBlade Newsletter	StoneBlade 通讯
E	Stoneblade Newsletter	StoneBlade 通讯
E	Tablet of Time's Dawn	时晓石板
E	Tablet of the Dreamer	石板梦者
E	Tablet of the Templar	石板圣殿武士
E	Temple of Immortality	不朽神殿
E	The Tall Man Approves	高个子批准了
E	Tyranyx, the Pillager	泰兰尼克斯·劫掠者
E	User "{0}" not found.	未找到用户“{0}”。
E	User "{0}" not found.	未找到用户“{0}”。
E	Vault of the Ancients	上古宝库
E	Vedah, Sage of Swords	剑贤维达
E	Win 10 games in a row	连续赢得 10 局
E	Xeron, Lord of Deofol	泽伦·迪奥福尔之主
E	You May End Your Turn	你可以结束回合
E	purchaseable in steam	可在 Steam 购买
E	purchaseable on steam	可在 Steam 购买
E	stoneblade newsletter	StoneBlade 通讯
E	<size=141%>D</size>S	梦境
E	<size=141%>D</size>U	黑暗释放
E	<size=141%>H</size>R	时
E	<size=141%>I</size>H	不朽英雄
E	<size=141%>N</size>O	否
E	<size=141%>N</size>o	否
E	<size=141%>O</size>K	好
E	<size=141%>O</size>R	或
E	<size=141%>O</size>k	好
E	<size=141%>O</size>n	开启
E	<size=141%>O</size>r	或
E	<size=141%>R</size>U	领域解开
E	<size=141%>n</size>o	否
E	<size=141%>o</size>k	好
E	<size=141%>o</size>r	或
E	Aaron, the Godslayer	亚伦·弑神者
E	Air Support Squadron	空中支援中队
E	Avatar of the Fallen	堕落者化身
E	Azerax, Nyx's Chosen	阿泽拉克斯·尼克斯的天选者
E	Black Watch Exemplar	黑卫典范
E	Boon: Master Dhartha	恩赐：达萨大师
E	Borderland Mercenary	边地佣兵
E	Center Row Draw Pile	中央牌库
E	Choose Life or Death	选择生命或死亡
E	Choose Rune or Power	选择符文或战力
E	Clean Bill of Health	健康证明
E	Commit Your Decision	确认你的决定
E	Confirmation Pop-ups	确认弹窗
E	Connecting to Server	正在连接服务器
E	Current Highest Bid:	当前最高出价：
E	DOWNLOADABLE CONTENT	可下载内容
E	Deliverance Rulebook	救赎规则书
E	Dhartha, the Eternal	达萨·永恒
E	Downloadable Content	可下载内容
E	ENLIGHTENED CHAMPION	圣贤勇士
E	Emri, Born of Battle	战生艾姆瑞
E	Enlightened Champion	圣贤勇士
E	Enlightened Soul Gem	圣贤灵魂宝石
E	Enlightened Treasure	圣贤宝藏
E	Flourishing Druidess	繁盛女德鲁伊
E	Forrest, Beastwarden	福雷斯特·兽卫
E	Gain ${ICON_HONOR3}.	获得${ICON_HONOR3}.
E	Gain ${ICON_HONOR4}.	获得${ICON_HONOR4}.
E	Gain ${ICON_HONOR5}.	获得${ICON_HONOR5}.
E	Gain ${ICON_POWER1}.	获得1战力。
E	Gain ${ICON_POWER2}.	获得2战力。
E	Gain ${ICON_POWER3}.	获得3战力。
E	Gain ${ICON_POWER4}.	获得4战力。
E	Gem-Eater Leprechaun	噬晶小矮妖
E	Gift of the Elements	元素的馈赠
E	Guardian of Sadranis	守卫萨德拉尼斯
E	HAVE PLAYDEK ACCOUNT	我有 Playdek 账号
E	Have Playdek Account	我有 Playdek 账号
E	Illiya the Demonborn	伊利亚魔生
E	Initiate's Gauntlets	新兵的护手
E	Isla, Serene Prodigy	伊斯拉·宁静神童
E	Kan'zir, the Ravager	坎齐尔·毁灭者
E	Kor, the Ferromancer	铁术师科尔
E	Legendary Boon: Void	传奇恩赐：虚空
E	Lifebound Constructs	命约神器
E	Loa, Sleeping Dragon	洛阿·沉睡龙
E	Mantra of True Sight	真言真正视界
E	NOTIFICATION OPTIONS	通知偏好
E	Nilia, The Shattered	尼莉亚·破碎
E	Notification Options	通知偏好
E	Open/Close Deck List	打开/关闭牌库列表
E	Open/Close Void List	打开/关闭虚空列表
E	P.R.I.M.E. Directive	P.R.I.M.E.指令
E	Play 1000 Constructs	打出 1000 张神器
E	Randall, Umbral Sage	兰德尔·暗影贤者
E	Remus, Pack Guardian	雷穆斯·兽群守卫
E	Remus, Wild Emissary	雷穆斯·荒野使者
E	Return of the Fallen	邪神归来
E	Shepherd of the Lost	牧者迷失
E	Show/Hide Pause Menu	显示/隐藏暂停菜单
E	Surya, Light's Sword	苏尔亚·光明的剑
E	Voidcycler Blueprint	虚空循环器蓝图
E	downloadable content	可下载内容
E	enlightened champion	圣贤勇士
E	have playdek account	我有 Playdek 账号
E	notification options	通知偏好
E	Adam, Builder Adept	亚当·建造者能手
E	Add Computer Player	添加电脑玩家
E	Alset, Monk Prodigy	阿尔塞特·僧侣神童
E	Aranyx, the Glutton	阿兰尼克斯·贪食者
E	Arbiter of the Lost	仲裁者迷失
E	Asalas, the Impaler	阿萨拉斯·穿刺者
E	Askara of Judgement	审判阿斯卡拉
E	Bazu, Duke of Scorn	轻蔑公爵巴祖
E	Borderland Nihilist	边地虚无者
E	CREATE OFFLINE GAME	创建离线对局
E	Cetra, Guide of Ogo	奥戈向导塞特拉
E	Constricting Horror	绞杀恐魔
E	Create Offline Game	创建离线对局
E	Creating Account...	正在创建账号...
E	Creating Game . . .	正在创建对局 . . .
E	Defeat as Construct	击败作为神器
E	Defeating Monsters:	击败怪物：
E	Don't mind if Adayu	阿达尤不介意
E	Dreamscarred Hunter	梦痕猎手
E	ENTER USERNAME HERE	在此输入用户名
E	Elemental Projector	元素投射器
E	Email Notifications	邮件通知
E	Enlightened Monster	圣贤怪物
E	Enlightened Portals	圣贤传送门
E	Enlightened Remnant	圣贤残响
E	Enlightened Temples	圣贤神殿
E	Enter Username Here	在此输入用户名
E	Enter username here	在此输入用户名
E	Ephemeral Ritualist	昙花祭仪师
E	Fleeting Hope Djinn	飞逝希望灯神
E	Forgotten Scripture	遗忘经文
E	Foundation Burrower	根基钻地者
E	Gain ${ICON_RUNE1}.	获得${ICON_RUNE1}.
E	Gain ${ICON_RUNE2}.	获得${ICON_RUNE2}.
E	Gain ${ICON_RUNE3}.	获得${ICON_RUNE3}.
E	Gain Honor instead.	改为获得荣誉。
E	Glover, Dream Titan	格洛弗·梦泰坦
E	Guide of Lost Souls	迷途灵魂向导
E	Honiskrot Chieftain	霍尼斯克洛特酋长
E	INFO BLOCKY OF INFO	信息区块（调试占位符）
E	Info Blocky Of Info	信息区块（调试占位符）
E	Info blocky of Info	信息区块（调试占位符）
E	Innovative Aspirant	创新追求者
E	Ironheart Blueprint	铁之心蓝图
E	Jakeb, Cobra Shaman	杰克布·眼镜蛇萨满
E	Journeyman Outrider	旅者先驱骑手
E	Lifebound Construct	命约神器
E	Lifebound Soul Gems	命约灵魂宝石
E	Lifebound Treasures	命约宝藏
E	Light of False Hope	光虚假希望
E	Matron of Discovery	发现主母
E	Mechannon Blueprint	机加农蓝图
E	Mistake of Creation	造物之误
E	Muse of Malevolence	缪斯恶意
E	Naka, Emri's Chosen	纳卡·艾姆瑞的天选者
E	Nightmare Harvester	梦魇收割者
E	Nova, Born of Chaos	诺娃·混沌所生
E	Nyxian Spiritcaster	尼克斯魂咏者
E	Offline Create Game	离线创建对局
E	PURCHASE SEPARATELY	单独购买
E	Pasythea's Scimitar	帕西提亚的弯刀
E	Pasythea, the Aegis	帕西提亚·神盾
E	Please enter a name	请输入名称
E	Purchase Separately	单独购买
E	Quick Match Request	快速匹配请求
E	REQUIRED EXPANSIONS	所需扩展
E	Raj, Psionic Master	灵能大师拉吉
E	Required Expansions	所需扩展
E	Rocket Courier X-99	火箭信使X-99
E	Secluded Laboratory	隐秘实验室
E	Shardfinder Compass	寻晶者罗盘
E	Sonny, Lightwielder	桑尼·持光者
E	Sower of Discontent	播种者不满
E	Starved Abomination	饥馑憎恶
E	Stone Blade Templar	石刃圣殿武士
E	TRADITIONAL CHINESE	繁体中文
E	They're everywhere!	它们无处不在！
E	Three Cannon Salute	三炮敬礼
E	Traditional Chinese	繁体中文
E	Verdagris, the Wild	维达格里斯·荒野
E	Vir, Ascetic Master	维尔·苦行僧大师
E	Vir, Ephemeral Guru	维尔·昙花古鲁
E	Waiting for Players	等待玩家
E	Xeron, Duke of Lies	谎言之公爵泽伦
E	create offline game	创建离线对局
E	enter username here	在此输入用户名
E	info blocky of info	信息区块（调试占位符）
E	purchase separately	单独购买
E	required expansions	所需扩展
E	traditional chinese	繁体中文
E	%s gains %d power\n	%s获得%d点战力\n
E	%s gains %d runes\n	%s获得%d点符文\n
E	Aetherspring Witch	以太泉女巫
E	Aiyana's Messenger	艾雅娜的信使
E	Aklys, the Scourge	阿克里斯·灾祸
E	All Day, All Night	整日整夜
E	Animus of the Wild	魂魄荒野
E	Assistant Producer	助理制作人
E	Associate Producer	副制作人
E	Aura of the Askara	灵光阿斯卡拉
E	Beacon of the Lost	信标迷失
E	Blackwatch Dreamer	黑卫梦者
E	Bringer of Despair	带来者绝望
E	Chronicle of Vigil	祈夜编年史
E	Clockwork Familiar	发条使魔
E	Clutch of Darkness	黑暗之握
E	Confirmation Pause	确认暂停
E	Create New Account	创建新账号
E	Darkness Unleashed	黑暗释放
E	Darktome Librarian	暗典图书管理员
E	Deathsworn Warrior	誓死战士
E	Delete Matchmaking	删除匹配
E	Dhartha, Mechamonk	达萨·机械僧
E	Disciple of Euloth	之徒·尤洛斯
E	Dreamscape Diviner	梦境占卜者
E	Dreamwillow Druids	梦柳德鲁伊
E	Elan, Soul Marshal	埃兰·灵魂元帅
E	Emri, Lightbringer	携光者艾姆瑞
E	Emri, Shadowslayer	斩影者艾姆瑞
E	Enlightened Events	圣贤事件
E	Enlightened Legend	圣贤传奇
E	Enlightened Portal	圣贤传送门
E	Enlightened Temple	圣贤神殿
E	Ephemeral Inventor	昙花发明家
E	Erabus, Son of Nyx	埃拉布斯·之子尼克斯
E	Erabus, the Exiled	埃拉布斯·流放者
E	Executive Producer	执行制作人
E	Fist of the Dragon	拳龙
E	Forgemaster's Suit	锻主的套装
E	Gameplay Analytics	游戏分析
E	Hedron Link Device	多面体连接装置
E	Hurras, Sea's Fury	胡拉斯·海之狂怒
E	INFO BLOCK OF INFO	信息区块（调试占位符）
E	Info Block Of Info	信息区块（调试占位符）
E	Info block of Info	信息区块（调试占位符）
E	Joining Game . . .	正在加入对局 . . .
E	Keen-eyed Aspirant	锐眼追求者
E	Kiri, Meadow Witch	基莉·草地女巫
E	LIFEBOUND CHAMPION	命约勇士
E	Lifebound Champion	命约勇士
E	Lifebound Initiate	生命新兵
E	Lifebound Soul Gem	命约灵魂宝石
E	Lifebound Treasure	命约宝藏
E	Livin' on the Edge	刀锋边缘
E	MECHANA DREAM HERO	机械梦英雄
E	Mechana Constructs	机械神器
E	Mechana Dream Hero	机械梦英雄
E	Monster Constructs	怪物神器
E	NETWORK CONNECTION	网络连接
E	Nairi, Henge Queen	环石女王奈莉
E	Network Connection	网络连接
E	Nightmare Sentinel	梦魇哨卫
E	Nilus, the Despair	尼卢斯·绝望
E	No Cards\nAvailable	暂无卡牌
E	No Cards Available	暂无卡牌
E	No Games Available	暂无可用对局
E	Not a valid target	不是有效目标
E	Online Create Game	在线创建对局
E	Oras, the Redeemer	奥拉斯·救赎者
E	Otherworldly Guide	异界向导
E	Oziah the Peerless	无双的奥齐亚
E	PROFILE & SETTINGS	个人与设置
E	Pasythea's Cutlass	帕西提亚的弯刀
E	Pathfinder's Totem	探路者的图腾
E	Playdek Newsletter	Playdek 通讯
E	Profile & Settings	个人与设置
E	Psyonic Apprentice	心灵学徒
E	RALLY: ENLIGHTENED	集结：圣贤
E	Raiyna, Riftwalker	蕾娜·裂隙行者
E	Rally: Enlightened	集结：圣贤
E	Reckless Excavator	鲁莽挖掘机
E	Rejected Prototype	废弃原型
E	SIMPLIFIED CHINESE	简体中文
E	Sablespark Sisters	黑火花姐妹
E	Sabre, the Moonlit	军刀·月下
E	Salvagemaster Mila	打捞大师米拉
E	Samael's Trickster	萨麦尔的诡术师
E	Select your avatar	选择头像
E	Simplified Chinese	简体中文
E	Sister of the Wind	姐妹风
E	Spiteful Gladiator	怨毒角斗士
E	Stone Circle Elder	石环长老
E	Syril, Runic Alpha	符文首领西里尔
E	Technological Leap	科技跃进
E	Temple of the Wind	风之神殿
E	Temporal Excavator	时光发掘者
E	The All-Seeing Eye	全视之眼
E	The Fifth Elements	第五元素
E	Ulu, Askara Prince	乌鲁·阿斯卡拉王子
E	Voidforged Paladin	虚空锻圣骑士
E	Voidsworn Champion	誓虚冠军
E	Waiting for Player	等待玩家
E	Watchmaker's Altar	制表师祭坛
E	Wildfire Elemental	野火元素
E	Yolothian Monolith	约洛斯巨石
E	Zero Point Reactor	零点反应堆
E	info block of info	信息区块（调试占位符）
E	lifebound champion	命约勇士
E	mechana dream hero	机械梦英雄
E	network connection	网络连接
E	profile & settings	个人与设置
E	rally: enlightened	集结：圣贤
E	simplified chinese	简体中文
E	%s gains %d power	%s获得%d点战力\n
E	%s gains %d runes	%s获得%d点符文\n
E	Adayu, the Chosen	天选者阿达尤
E	Additional Design	附加设计
E	Askara of Fortune	幸运阿斯卡拉
E	Auspicious Askara	吉兆阿斯卡拉
E	Azurite Channeler	蓝铜引导者
E	Brainstorm Sentry	头脑风暴哨兵
E	Bramble Elemental	荆棘元素
E	COLLECTION BUNDLE	收藏合集
E	Cognition Courier	认知信使
E	Collection Bundle	收藏合集
E	Common Constructs	普通神器
E	Corite Mechanadon	刚玉机械兽
E	Dark Energy Shard	黑暗能量碎片
E	Dawn of Champions	冠军黎明
E	Death is eternal.	死亡为eternal.
E	Deathdealer Noble	死神贵族
E	Deckbuilding Game	牌组构筑游戏
E	Defender of Vigil	祈夜守卫者
E	Defense Generator	防御发生器
E	Delirium Rulebook	谵妄规则书
E	Deranged Aspirant	发狂追求者
E	Dhartha's Retreat	达萨的隐修处
E	Disciple of Cetra	之徒·塞特拉
E	Disciple of Oziah	之徒·奥齐亚
E	Double word score	双倍单词得分
E	Drag below to add	拖到下方添加
E	Draw three cards.	抽三张牌.
E	Dreamshaper Jesse	塑梦者杰西
E	Emma's Voidcycler	艾玛的虚空循环器
E	Emri, Soulstealer	窃魂者艾姆瑞
E	Emri, the Unmaker	解构者艾姆瑞
E	Enlightened Event	圣贤事件
E	Enlightened Heros	圣贤英雄
E	Eternal Tormentor	永恒折磨者
E	Ethereal Huntress	空灵女猎手
E	Excavation Sentry	发掘哨兵
E	Follow The Leader	跟着领袖
E	Foresight Monacle	预见单片镜
E	Forgemother Reysa	锻母雷萨
E	Gemcatcher Spirit	捕晶者精魂
E	Green Spritelings	绿小精灵
E	Hearthglow Clique	炉辉小圈子
E	Hedron Pyromaniac	多面体纵火狂
E	Hedron Watchtower	多面体瞭望塔
E	Hellstring Blades	狱弦双刃
E	Herald of Winning	胜利先驱
E	Hold To Show Hero	按住显示英雄
E	Hurricane Warlock	飓风术士
E	Isha, the Pursuer	伊莎·追猎者
E	Jakeb, Cobra King	杰克布·眼镜蛇王
E	Keeper of Secrets	看守秘密
E	Kor, Worldbreaker	科尔·碎界者
E	Kor, the Ironmind	科尔·铁心
E	Leotan's Familiar	莱奥坦的使魔
E	Life finds a way.	生命finds方式.
E	Lifebound Monster	命约怪物
E	Lifebound Portals	命约传送门
E	Lifebound Remnant	生命残响
E	Lifebound Temples	命约神殿
E	Loa, Dream Dragon	洛阿·梦龙
E	Loamspeaker Druid	沃土语者德鲁伊
E	Mantra of Renewal	真言更新
E	Mechana Construct	机械神器
E	Mechana Soul Gems	机械灵魂宝石
E	Mechana Treasures	机械宝藏
E	Messenger Mandate	信使使命
E	Moment of Clarity	片刻澄明
E	Monster Construct	怪物神器
E	Monster Soul Gems	怪物灵魂宝石
E	Monster Treasures	怪物宝藏
E	Mutated Scavenger	突变拾荒者
E	Nairi, Wild Queen	奈莉·荒野女王
E	Needed to defeat:	击败所需：
E	No Account at All	完全没有账号
E	Nope, nope, nope.	不行，不行，不行。
E	Oblivion Blossoms	湮灭花
E	Offline Game List	离线对局列表
E	Order of the Gear	秩序齿轮
E	Pasythea's Katana	帕西提亚的刀
E	Pathseeker Sensei	寻路者导师
E	Pillar of Resolve	柱决意
E	Press to continue	点击继续
E	Raka, Dreamtender	拉卡·守梦者
E	Rating Difference	评分差
E	Remember Password	记住密码
E	Replication Drone	复制无人机
E	Restore Purchases	恢复购买
E	Riftgate Conjuror	裂隙门咒术师
E	Riftwatch Outpost	裂隙守望前哨
E	Runic Lycanthrope	符文狼化人
E	Rūt, Oaken Master	橡木大师鲁特
E	Samael the Fallen	堕落之神萨麦尔
E	Scrapbot Scrapper	废料机拆解者
E	Seed of the World	种子世界
E	Seer of Days Past	预言者往日过去
E	Shade of Sadranis	暗影萨德拉尼斯
E	Shadowridge Scout	影脊斥候
E	Siegemaster's Ram	攻城主的攻城槌
E	Snowstrider Lycan	踏雪者狼化人
E	Software Engineer	软件工程师
E	Sower of Betrayal	播种者背叛
E	Spire of the Wind	尖塔风
E	Stalk the Shadows	潜行暗影
E	Starcaller Leotan	唤星者莱奥坦
E	Starlight Sanctum	星光圣所
E	Sunstreak Courier	日迹信使
E	Tectonic Thrasher	地壳鞭笞者
E	Terrorizing Fiend	威吓邪魔
E	The Chrome Circle	铬环
E	The Great Eclipse	大日食
E	Tollmaster Ky'lek	税吏凯莱克
E	Torment Legionary	折磨军团兵
E	Ulan, the Crusher	乌兰·粉碎者
E	Unable to create.	无法创建。
E	VOID DREAM VISION	虚空梦境视域
E	Vaultbreaker Wurm	破库巨虫
E	Verdant Elemental	翠绿元素
E	Verdant Hatchling	翠绿幼体
E	Void Dream Vision	虚空梦境视域
E	Waiting for Start	等待开始
E	Waiting on Player	等待玩家
E	Whirlwind Ascetic	旋风苦行僧
E	Workshop Gargoyle	工坊石像鬼
E	Xeron, False Ally	泽伦·伪盟者
E	You must be Aaron	你一定是亚伦
E	Yur, Eye of Chaos	尤尔·之眼混沌
E	collection bundle	收藏合集
E	iOS Notifications	iOS 通知
E	void dream vision	虚空梦境视域
E	10th Anniversary	十周年
E	Adayu the Serene	阿达尤宁静
E	Add Human Player	添加人类玩家
E	Aether Channeler	以太引导者
E	Aether Ritualist	以太祭仪师
E	Always Available	始终可用
E	Always available	始终可用
E	Arbiter's Censer	仲裁者香炉
E	Avatar of Aiyana	化身·艾雅娜
E	Berserker Frenzy	狂战狂乱
E	Boon: P.R.I.M.E.	恩赐：P.R.I.M.E.
E	Burrower Mark II	钻地机II型
E	Call of Darkness	黑暗呼唤
E	Canopy Sanctuary	树冠圣所
E	Caretaker Zahral	看护者扎拉尔
E	Caustic Conjurer	腐蚀咒术师
E	Charging Chamber	充能室
E	Cheerful Consort	欢快伴侣
E	Clockwork Sentry	发条哨兵
E	Clockwork Shield	发条盾
E	Cobra King Midas	眼镜蛇王迈达斯
E	Common Construct	普通神器
E	Common Soul Gems	普通灵魂宝石
E	Common Treasures	普通宝藏
E	Confirm Password	确认密码
E	Crystalline Monk	水晶僧侣
E	Deadeye Assassin	死眼刺客
E	Deathbound Druid	缚死德鲁伊
E	Delete Your Game	删除你的对局
E	Deluge Elemental	洪水元素
E	Deluxe Capacitor	豪华电容
E	Destroyer's Gate	毁灭者之门
E	Devil's Triangle	魔鬼三角
E	Disciple of Emri	之徒·艾姆瑞
E	Draw four cards.	抽四 卡牌.
E	Dreamscape Dryad	梦境树灵
E	ENTER EMAIL HERE	在此输入邮箱
E	EXPANSION BUNDLE	扩展合集
E	Earthmender Pura	愈地者普拉
E	Emissary of Dawn	使者黎明
E	Emma's Mechannon	艾玛的机加农
E	Emri, Demonsbane	恶魔克星艾姆瑞
E	Emri, Soulslayer	斩魂者艾姆瑞
E	Engulfing Kraken	吞噬克拉肯
E	Enlightened Hero	圣贤英雄
E	Enter Email Here	在此输入邮箱
E	Enter email here	在此输入邮箱
E	Everbloom Clique	永绽小圈子
E	Evvy, Ogo's Gift	艾薇·奥戈的馈赠
E	Expansion Bundle	扩展合集
E	Eye of Potential	潜能之眼
E	Faerie Commander	仙灵指挥官
E	Firestorm Effigy	火暴偶像
E	Gain a Soul Gem.	获得灵魂宝石.
E	Garden Attendant	园丁侍从
E	Great-Omen Raven	大兆乌鸦
E	Hedron Berserker	多面体狂战
E	INFESTED MONSTER	感染怪物
E	Infested Monster	感染怪物
E	Invalid Password	密码无效
E	Ironheart Engine	铁之心引擎
E	Library Familiar	图书馆使魔
E	Lieutenant Duros	副官杜洛斯
E	Lifebound Events	命约事件
E	Lifebound Legend	生命传奇
E	Lifebound Portal	命约传送门
E	Lifebound Temple	命约神殿
E	Living The Dream	活在梦里
E	Luro, the Hunter	卢罗·猎手
E	MECHANA CHAMPION	机械勇士
E	Madness' Embrace	疯狂之拥
E	Maniacal Crusher	狂乱粉碎者
E	Map of the Stars	星图
E	MarrowWyrm Rider	髓虫骑手
E	Mechana Champion	机械勇士
E	Mechana Initiate	机械新兵
E	Mechana Soul Gem	机械灵魂宝石
E	Mechana Treasure	机械宝藏
E	Mmmmmrrrggllhhl!	嗯嗯嗯咕噜咕噜！
E	Monster Soul Gem	怪物灵魂宝石
E	Monster Treasure	怪物宝藏
E	Nairi's Blessing	奈莉的祝福
E	Nightmare Delver	梦魇深掘者
E	No Card Selected	未选择卡牌
E	Nyxian Corruptor	尼克斯腐蚀者
E	Nyxian Ritualist	尼克斯祭仪师
E	Online Game List	在线对局列表
E	Ouch That Stings	好痛
E	Oziah's Familiar	奥齐亚的使魔
E	Patient Assassin	耐心刺客
E	Player Draw Pile	玩家牌库
E	Premonition Bell	预感钟
E	Prospector Scout	探矿者斥候
E	Protean Sea Slug	多变海蛞蝓
E	RALLY: LIFEBOUND	集结：命约
E	Radiant Aspirant	辉耀追求者
E	Rally: Lifebound	集结：命约
E	Reality Sculptor	现实塑造者
E	Realms Unraveled	领域解开
E	Restore Defaults	恢复默认
E	Reward: Gain 1H.	奖励：获得1荣誉。
E	Riftwalker's Axe	裂隙行者的斧
E	Rise of the Cult	邪教崛起
E	Scrabbling Squad	翻捡小队
E	Shadow Elemental	暗影元素
E	Shardwing Beetle	晶翼甲虫
E	Shrine Attendant	神龛侍从
E	Silenced Prophet	噤声先知
E	Snapdragon Witch	金鱼草女巫
E	Soulsnare Hunter	魂阱猎手
E	Spire of Insight	尖塔洞察
E	Static Elemental	静电元素
E	Stone Artificers	石神器师
E	Stormsmith Anvil	风暴匠铁砧
E	Temple Librarian	神殿图书管理员
E	Temple of Heroes	英雄神殿
E	The Aethermourne	以太哀歌
E	The Dragon's Eye	龙之眼
E	The Grand Design	宏伟设计
E	Thicket Familiar	灌木丛使魔
E	Thieving Gryphon	偷窃狮鹫
E	Toric, Ascendant	托里克·飞升者
E	Turtler Merchant	龟商商人
E	Unbound Emissary	解缚使者
E	Unspeakable Doom	不可名状末日
E	Voidrift Stalker	虚空裂隙潜行者
E	Vyrak, the First	维拉卡·初代
E	Wandering Askara	流浪阿斯卡拉
E	Watchtower Golem	瞭望塔魔像
E	Yggdrasil Canopy	世界树树冠
E	You've got mail!	你有新邮件！
E	Zis, Dreamreaper	齐斯·刈梦者
E	enter email here	在此输入邮箱
E	expansion bundle	扩展合集
E	infested monster	感染怪物
E	mechana champion	机械勇士
E	rally: lifebound	集结：命约
E	Akam, the Genie	阿卡姆·灯神
E	Alluring Shaman	魅惑萨满
E	Animation Speed	动画速度
E	Anointed Askara	涂油阿斯卡拉
E	Arbiter Circlet	仲裁者头环
E	Arbiter of Fate	仲裁者天命
E	Askara of Souls	灵魂阿斯卡拉
E	Autobuilder 5.0	自动建造机5.0
E	Bringer of Hope	带来者希望
E	Burial Guardian	埋葬守卫
E	CULTIST SCREAMS	邪教徒惨叫
E	Cackling Jackal	狂笑豺狼
E	Cetra's Respite	塞特拉的喘息
E	Claws of Deoful	爪迪奥福尔
E	Clear Purchases	清除购买
E	Clockwork Blade	发条刃
E	Combustion Idol	燃烧偶像
E	Common Soul Gem	普通灵魂宝石
E	Common Treasure	普通宝藏
E	Conversion Port	转化端口
E	Corrosive Widow	腐蚀寡妇
E	Cosmic Protocol	宇宙协议
E	Cultist Screams	邪教徒惨叫
E	DISABLE CHINESE	关闭中文
E	DREAM CONSTRUCT	梦铸神器
E	Dandelion Witch	蒲公英女巫
E	Daybreak Askara	破晓阿斯卡拉
E	Deceitful Ghoul	欺诈食尸鬼
E	Delirium Pixies	谵妄小仙
E	Dimension Diver	维度潜者
E	Disable Chinese	关闭中文
E	Draw two cards.	抽两张牌。
E	Dream Construct	梦铸神器
E	Dreamer's Glass	梦者琉璃
E	Driller Mark IV	钻机型号IV
E	Elemental Adept	元素能手
E	Emma's Workshop	艾玛的工坊
E	Endbringer Jora	终末使者乔拉
E	Energizer Bunny	劲量兔
E	Ephemeral Druid	昙花德鲁伊
E	Event - Monster	事件 - 怪物
E	Everbloom Witch	永绽女巫
E	Excavator Pilot	挖掘机驾驶员
E	Explosive Swarm	爆裂虫群
E	Fatality Blades	致命双刃
E	First Beat Down	首次痛击
E	Flanking Askara	侧击阿斯卡拉
E	Forest Emissary	森林使者
E	Gain ★ instead.	改为获得★。
E	Genesis Capsule	创世舱
E	Gnome Repairbot	侏儒修理机
E	Hoarding Tyrant	囤积暴君
E	Immortal Heroes	不朽英雄
E	Inferna Templar	炼狱圣殿武士
E	Journeyman Sage	旅者贤者
E	K-YL3 Repairbot	K-YL3修理机
E	LEGENDARY BOONS	传奇恩赐
E	Legendary Boons	传奇恩赐
E	Legion of Aklys	军团阿克里斯
E	Lifebound Event	命约事件
E	Lifebound Heros	命约英雄
E	Loading... %d%%	加载中... %d%%
E	Lucky Godslayer	幸运的弑神者
E	Lunar Matriarch	月女族长
E	Master Assassin	刺客大师
E	Mechana Monster	机械怪物
E	Mechana Portals	机械传送门
E	Mechana Remnant	机械残响
E	Mechana Temples	机械神殿
E	Mechannihilator	机歼灭者
E	Monster Portals	怪物传送门
E	Monster Temples	怪物神殿
E	Moonveil Clique	月纱小圈子
E	Muse of Rebirth	缪斯重生
E	Naka, Shadeborn	纳卡·影生
E	Neophyte Mentor	新入门者导师
E	Overhaul Cleric	大修神职者
E	Pasythea's Mace	帕西提亚的锤矛
E	Planar Aperture	位面孔径
E	PlayerName Name	名称
E	Power Card Deck	战力牌堆
E	Psyonic Paladin	心灵圣骑士
E	Return to Lobby	返回大厅
E	Reward: 1 Honor	奖励：1荣誉
E	Riftdrake Rider	裂隙龙兽骑手
E	Runic Honiskrot	符文霍尼斯克洛特
E	Scion of Euloth	后裔·尤洛斯
E	Scrap Scrabbler	废料翻捡者
E	Select Language	选择语言
E	Send Login Info	发送登录信息
E	Senior Producer	高级制作人
E	Shade Converter	暗影转化者
E	Shade's Bargain	暗影交易
E	Share Analytics	分享分析数据
E	Skyrocket Drone	冲天无人机
E	Spirit Merchant	精魂商人
E	Surge Protector	浪涌保护者
E	TRANSFORM EVENT	转化事件
E	TROPHY MONSTERS	战利品怪物
E	Tap to Continue	点击继续
E	Templar Dragoon	圣殿武士龙骑兵
E	Templar General	圣殿武士将军
E	Templar Outpost	圣殿武士前哨
E	Temple Guardian	神殿守卫
E	Temple of Death	死亡神殿
E	The Dreamscrape	刮梦者
E	Theme Selection	主题选择
E	Thorned Charger	棘刺冲锋者
E	Timestream Seer	时流预言者
E	Transform Event	转化事件
E	Treasure Hunter	宝藏猎手
E	Trophy Monsters	战利品怪物
E	Unchained Fates	挣脱的命运
E	Undaunted Scout	无畏斥候
E	United We Stand	联合则立
E	Upgrade Foundry	升级铸造厂
E	Valiant Ascetic	勇毅苦行僧
E	Venom Priestess	毒液女祭司
E	Verdant Chanter	翠绿咏者
E	Vigil's Resolve	祈夜的决意
E	Void Constructs	虚空神器
E	Wailing Spectre	哀嚎幽灵
E	Wartorn Arbiter	战创仲裁者
E	Water Elemental	水元素
E	Yggdrasil Staff	世界树法杖
E	Zinta's Bracers	辛塔的护腕
E	cultist screams	邪教徒惨叫
E	disable chinese	关闭中文
E	dream construct	梦铸神器
E	legendary boons	传奇恩赐
E	transform event	转化事件
E	trophy monsters	战利品怪物
E	%s defeats %s\n	%s击败了%s\n
E	Account error.	账号出错。
E	Acidic Crawler	酸性爬行者
E	Administration	管理层
E	Aether Curator	以太策展者
E	Aether Warrior	以太战士
E	Ambient Volume	环境音量
E	Arha Historian	亚哈史官
E	Arha Sanctuary	亚哈圣所
E	Ashes to Ashes	灰烬归于灰烬
E	Askara of Fate	命运阿斯卡拉
E	Brother Marius	修士马里乌斯
E	CREATE ACCOUNT	创建账号
E	Cavern Creeper	洞穴爬行者
E	Chaotic Cannon	混沌加农
E	Clockwork Helm	发条盔
E	Common Monster	普通怪物
E	Common Portals	普通传送门
E	Common Temples	普通神殿
E	Confirm Change	确认更改
E	Corrupted Sage	腐化贤者
E	Create Account	创建账号
E	Dark Gladiator	黑暗角斗士
E	Delirium Nymph	谵妄宁芙
E	Deluding Djinn	欺瞒灯神
E	Deranged Dirge	发狂挽歌
E	Dimension Monk	维度僧侣
E	Dread Conjurer	恐惧咒术师
E	Druid's Wreath	德鲁伊花环
E	ENABLE CHINESE	启用中文
E	Emberwing Moth	烬翼蛾
E	Emma Ironheart	艾玛铁之心
E	Enable Chinese	启用中文
E	Enter Password	输入密码
E	Enter Username	输入用户名
E	Ephemeral Monk	昙花僧侣
E	Eternal Askara	永恒阿斯卡拉
E	Exhaust Lurker	废气潜伏者
E	Eye of Destiny	命运之眼
E	First Beatdown	首次痛击
E	Four Of Swords	四剑
E	Friend Request	好友请求
E	Game Completed	对局结束
E	Get Over Here!	过来！
E	God Of Plunder	掠夺之神
E	Graphic Design	平面设计
E	Heavy Infantry	重装步兵
E	Hedron Dredger	多面体挖掘者
E	Hellfrost Imps	狱霜小恶魔
E	Herald of Doom	先驱末日
E	Hero - Monster	英雄 - 怪物
E	Hoarding Whelp	囤积幼龙
E	Inquarry Hydra	采石九头蛇
E	Iron Elemental	铁元素
E	LEGENDARY BOON	传奇恩赐
E	Legendary Boon	传奇恩赐
E	Lifebound Hero	命约英雄
E	Lifebound Muse	生命缪斯
E	Lunar Guardian	月守卫
E	Mammoth Beetle	巨甲虫
E	Master Dhartha	达萨大师
E	Mecha Emissary	机甲使者
E	Mechana Events	机械事件
E	Mechana Legend	机械传奇
E	Mechana Portal	机械传送门
E	Mechana Temple	机械神殿
E	Monster Events	怪物事件
E	Monster Portal	怪物传送门
E	Monster Temple	怪物神殿
E	Mushroom Druid	蘑菇德鲁伊
E	Nightmarauders	梦魇掠夺者
E	No Player Data	无玩家数据
E	No active game	没有进行中的对局
E	Nocturnal Seer	夜行预言者
E	ONGOING TROPHY	持续战利品
E	OPPONENT BIDS:	对手竞拍：
E	Obfusca Spirit	朦胧精魂
E	Offline Games 	离线对局
E	Offline Record	离线战绩
E	Ongoing Trophy	持续战利品
E	Opponent Bids:	对手竞拍：
E	Opponent Stats	对手统计
E	PLAY YOUR TURN	请出牌
E	Penumbral Edge	半影刃锋
E	Play Your Turn	请出牌
E	Please wait...	请稍候...
E	Privacy Policy	隐私政策
E	Processing Hub	处理枢纽
E	Prototype CH32	原型CH32
E	Psychic Amulet	心灵护符
E	RALLY: MECHANA	集结：机械
E	RALLY: MONSTER	集结：怪物
E	Rally: Mechana	集结：机械
E	Rally: Monster	集结：怪物
E	Ravenous Gorph	贪婪戈尔夫
E	Reactor Shrine	反应堆神龛
E	Ready to Start	准备开始
E	Remove Profile	删除档案
E	Rune Card Deck	符文牌堆
E	Sadistic Giant	虐杀巨人
E	Scavenger Ants	拾荒者蚁群
E	Scion of Cetra	后裔·塞特拉
E	Scion of Oziah	后裔·奥齐亚
E	Searing Askara	灼热阿斯卡拉
E	Serene Ascetic	宁静苦行僧
E	Shadow Arbiter	暗影仲裁者
E	Shadow Stalker	暗影潜行者
E	Sirewood Elder	父木长老
E	Soul Collector	集魂者
E	Special Thanks	特别感谢
E	Storm of Souls	灵魂风暴
E	TROPHY MONSTER	战利品怪物
E	Temple of Life	生命神殿
E	The Iron Seven	钢铁七人
E	Tinkering Monk	摆弄僧侣
E	Tome of Erabus	典籍埃拉布斯
E	Tormented Soul	受折磨的灵魂
E	Treasure Trove	金银满仓
E	Tree of Bounty	树丰饶
E	Trophy Monster	战利品怪物
E	Twilight Scout	暮光斥候
E	Twofold Askara	双重阿斯卡拉
E	Viewing Player	正在查看玩家
E	Void Construct	虚空神器
E	Void Soul Gems	虚空灵魂宝石
E	Void Treasures	虚空宝藏
E	War of Shadows	暗影之战
E	Wild Riftdrake	荒野裂隙龙兽
E	Wildcall Staff	野性呼唤法杖
E	Wildgear Druid	野性齿轮德鲁伊
E	Wildgear Sower	野性齿轮播种者
E	Yay, visitors!	太好了，有客人！
E	create account	创建账号
E	enable chinese	启用中文
E	legendary boon	传奇恩赐
E	ongoing trophy	持续战利品
E	opponent bids:	对手竞拍：
E	play your turn	请出牌
E	rally: mechana	集结：机械
E	rally: monster	集结：怪物
E	trophy monster	战利品怪物
E	"Show off..."	「爱现……」
E	%s defeats %s	%s击败了%s\n
E	(UNAVAILABLE)	（不可用）
E	(Unavailable)	（不可用）
E	(unavailable)	（不可用）
E	AI Difficulty	AI 难度
E	Accept Invite	接受邀请
E	Achievements 	成就
E	Alosyan Guide	阿洛西亚向导
E	Announcements	公告
E	Arha Emissary	亚哈使者
E	Arha Initiate	亚哈新兵
E	Art Direction	美术指导
E	Askaran Armor	阿斯卡拉甲
E	Beacon Shaman	信标萨满
E	Beastly Staff	野兽之杖
E	Big Badaboom.	大爆炸。
E	Blast Goggles	爆破护目镜
E	Brother Laias	修士莱亚斯
E	CLAIM VICTORY	宣告胜利
E	Catch 'em all	全都要
E	Cavern Horror	洞穴恐魔
E	Claim Victory	宣告胜利
E	Common Events	普通事件
E	Common Portal	普通传送门
E	Common Temple	普通神殿
E	Cult Friendly	邪教友善
E	Current Games	当前对局
E	Death's Widow	死亡寡妇
E	Delete Friend	删除好友
E	Deviant Fiend	畸变邪魔
E	Divine Askara	神圣阿斯卡拉
E	Dream Machine	梦机器
E	Elder Skeptic	长老怀疑者
E	End Your Turn	结束回合
E	Ender of Days	终日者
E	Enter text...	请输入文字...
E	Entrophantasm	熵幻象
E	Fettered Soul	枷锁灵魂
E	Flytrap Fairy	捕蝇草妖精
E	Flytrap Staff	捕蝇草法杖
E	Flytrap Witch	捕蝇草女巫
E	Forgot Login?	忘记登录信息？
E	Foundry Hound	铸造厂猎犬
E	Gain instead.	改为获得<sprite=0>。
E	Hectic Scribe	忙乱书记
E	Hedron Cannon	多面体加农
E	Hedron Rising	多面体崛起
E	Hunting Party	狩猎小队
E	ID34 Detector	ID34探测器
E	Iku's Minions	伊库的爪牙
E	Illustrations	插画
E	Invalid Email	邮箱无效
E	Invite Friend	邀请好友
E	Jubilant Monk	欢庆僧侣
E	Key Bindings 	按键绑定
E	Knock, knock!	敲敲！
E	Lead Engineer	首席工程师
E	Lead Producer	首席制作人
E	Loading Cards	正在加载卡牌
E	Loam Summoner	沃土召唤师
E	Losses Versus	对战负场
E	Lunar Embrace	月拥抱
E	Lychan Ranger	狼化游侠
E	Mechana Event	机械事件
E	Mechana Heros	机械英雄
E	Monster Event	怪物事件
E	Monster Heros	怪物英雄
E	Morbid Hammer	病态锤
E	Mordant Widow	蚀骨寡妇
E	Mountain Seer	山预言者
E	Mycelial Mage	菌丝法师
E	NOW AVAILABLE	现已推出
E	Nihil Chemist	虚无药剂师
E	Notifications	通知
E	Now Available	现已推出
E	OFFLINE GAMES	离线对局
E	ONCE PER TURN	每回合一次
E	OPPONENT AREA	对手区域
E	Offline Games	离线对局
E	Offline Lobby	离线大厅
E	Ogo Demontrap	奥戈捕魔阱
E	Ominous Augur	不祥占兆者
E	Once Per Turn	每回合一次
E	Once per turn	每回合一次
E	Online Record	在线战绩
E	Opponent Area	对手区域
E	Plasma Cannon	等离子加农
E	Plunder Devil	掠夺恶魔
E	Polaris Demon	北极星恶魔
E	Project Alpha	阿尔法计划
E	Promo Pack #1	特典包 1
E	Promo Pack #2	特典包 2
E	Promo Pack #3	特典包 3
E	Promo Pack #4	特典包 4
E	Promo Pack #5	特典包 5
E	Promo Pack #6	特典包 6
E	Promo Pack #7	特典包 7
E	Psyche Askara	心灵阿斯卡拉
E	Put into play	进入战场
E	Qadim Stalker	卡迪姆潜行者
E	ROLL RESULTS:	掷骰结果：
E	Raging Ursine	暴怒熊
E	Remote Player	远程玩家
E	Remove Friend	删除好友
E	Request Match	请求对局
E	Rescuebot 505	救援机505
E	Rise of Vigil	祈夜崛起
E	Roll Results:	掷骰结果：
E	SOUL COUNTERS	灵魂指示物
E	SOUND EFFECTS	音效
E	Safe travels!	一路平安！
E	Scion of Emri	后裔·艾姆瑞
E	Scrap Flinger	废料投掷者
E	Serpent Siren	巨蛇海妖
E	Shade Feather	暗影羽
E	Shadow Mender	暗影修复者
E	Shield Bearer	盾持有者
E	Soul Assassin	灵魂刺客
E	Soul Counters	灵魂指示物
E	Soul counters	灵魂指示物
E	Souls Unbound	灵魂解缚
E	Sound Effects	音效
E	Spark Sprayer	火花喷射器
E	Synapse Spire	突触尖塔
E	Test of Faith	试炼信仰
E	The Ironheart	铁之心
E	Thrice Reborn	三次重生
E	Time Traveler	时间旅行者
E	Trinket Harpy	饰品鹰身女妖
E	Trophy Hunter	战利品猎手
E	VOID CHAMPION	虚空勇士
E	Verdant Crown	翠绿冠冕
E	Void Champion	虚空勇士
E	Void Emissary	虚空使者
E	Void Initiate	虚空新兵
E	Void Soul Gem	虚空灵魂宝石
E	Void Treasure	虚空宝藏
E	WISH COUNTERS	愿望指示物
E	Wildbark Mail	野树皮甲胄
E	Win 100 games	赢得 100 局
E	Windowed Mode	窗口模式
E	Wish Counters	愿望指示物
E	Wish counters	愿望指示物
E	claim victory	宣告胜利
E	now available	现已推出
E	offline games	离线对局
E	once per turn	每回合一次
E	opponent area	对手区域
E	put into play	进入战场
E	roll results:	掷骰结果：
E	soul counters	灵魂指示物
E	sound effects	音效
E	void champion	虚空勇士
E	wish counters	愿望指示物
E	<sprite=100>	奖励：获得1荣誉。抽一张牌。
E	<sprite=101>	海中暴君
E	<sprite=102>	奖励：获得5荣誉。每位对手须选择一张其控制的神器，将其余神器置入弃牌堆。
E	<sprite=103>	造物之误
E	<sprite=104>	奖励：获得4荣誉。你可以放逐中央牌列和/或你弃牌堆中的一张卡牌。
E	<sprite=105>	萨麦尔的诡术师
E	<sprite=112>	奖励：获得1荣誉。获得1符文。
E	<sprite=113>	双重阿斯卡拉
E	<sprite=114>	复制本回合打出的一张英雄的效果。
E	<sprite=116>	腐蚀寡妇
E	<sprite=117>	奖励：获得3荣誉。每位对手须将其控制的一张神器置入弃牌堆。
E	<sprite=118>	达萨大师
E	<sprite=119>	抽三张牌。
E	<sprite=120>	许久之前，逻各斯便授予达萨使用亚哈众神的眼界与智慧，而达萨藉此济世代代相传。身形虽矮，他却印证了一个道理：真正的力量，从不来自凌驾于人，而来自人们甘愿为你俯首。
E	<sprite=121>	亚哈圣殿武士
E	<sprite=122>	击败一个战力值不高于4的怪物。
E	<sprite=125>	钻地机II型
E	<sprite=136>	每回合你首次将机械神器进入战场时（包括此牌），抽一张牌。
E	<sprite=142>	学徒
E	<sprite=161>	获得1符文。
E	<sprite=162>	世界树法杖
E	<sprite=172>	每回合一次，获得1战力。若你本回合打出过命约英雄，获得2荣誉。
E	<sprite=174>	渴虚者
E	ADD A FRIEND	添加好友
E	AI Player 10	AI 玩家 10
E	AI Player 11	AI 玩家 11
E	AI Player 12	AI 玩家 12
E	AI Player 13	AI 玩家 13
E	AI Player 14	AI 玩家 14
E	AI Player 15	AI 玩家 15
E	AI Player 16	AI 玩家 16
E	AI Player 17	AI 玩家 17
E	AI Player 18	AI 玩家 18
E	AI Player 19	AI 玩家 19
E	AI Player 20	AI 玩家 20
E	Achievements	成就
E	Add A Friend	添加好友
E	Add a Friend	添加好友
E	Aegis Knight	神盾骑士
E	Ancient Stag	上古鹿
E	Annihilation	歼灭
E	Arha Recruit	亚哈新兵
E	Arha Templar	<size=104></size>rha圣殿武士
E	Audio Levels	音量
E	Austere Sage	严苛贤者
E	Avatar Golem	化身魔像
E	Battery Monk	电池僧侣
E	Boon Balloon	恩赐气球
E	Brazer Drone	铜匠无人机
E	CARD GALLERY	卡牌图鉴
E	Canon Cannon	加农圣炮
E	Card Gallery	卡牌图鉴
E	Cell Block E	牢房E区
E	Chaos Cannon	混沌加农
E	Clear Invite	清除邀请
E	Common Event	普通事件
E	Common Heros	普通英雄
E	Conduit Monk	导管僧侣
E	Control Room	控制室
E	Controlsmith	控术匠
E	DELIRIUM DIE	谵妄骰
E	DREAM VISION	梦境视域
E	Deal With It	认了吧
E	Delirium Die	谵妄骰
E	Demon Hunter	恶魔猎手
E	Demon Master	恶魔大师
E	Demon Slayer	恶魔杀手
E	Description:	简介：
E	Discard Pile	弃牌堆
E	Discard Zone	弃牌区
E	Draw a card.	抽一张牌。
E	Dream Anchor	梦锚
E	Dream Dealer	梦交易者
E	Dream Tyrant	梦境暴君
E	Dream Vision	梦境视域
E	EVENT TROPHY	事件战利品
E	Earth Tyrant	大地暴君
E	Emri's Sting	艾姆瑞的毒刺
E	Energy Shard	能量碎片
E	Event - Hero	事件 - 英雄
E	Event - Void	<color=#d8a6ffff>事件 - 虚空
E	Event Cards:	事件卡牌:
E	Event Trophy	事件战利品
E	Expire Timer	超时计时
E	FORGOT LOGIN	忘记登录信息
E	Fear Wielder	恐惧持有者
E	Forgot Login	忘记登录信息
E	Friends List	好友列表
E	Hedron Flare	多面体闪耀
E	Help Enabled	启用帮助
E	Honor Points	荣誉点数
E	Honor tokens	荣誉点数
E	Hulking Crab	庞大蟹
E	IN-APP STORE	商店
E	In Progress:	进行中：
E	In-App Store	商店
E	In-app Store	商店
E	Introduction	简介
E	KEEP PLAYING	继续对局
E	Keep Playing	继续对局
E	Key Bindings	按键绑定
E	Korpse Maker	尸科尔制造者
E	Lagoon Troll	潟湖巨魔
E	Login failed	登录失败
E	Lychan Beast	狼化野兽
E	Magnify Card	放大卡牌
E	Marsh Ranger	沼泽游侠
E	Mechana Hero	机械英雄
E	Mechaphoenix	机凤凰
E	Monster Hero	怪物英雄
E	Monster Mash	怪物狂欢
E	Music Volume	音乐音量
E	Nihil Bomber	虚无投弹者
E	Noxious Soul	毒害灵魂
E	Oak of Souls	橡灵魂
E	Ogo War Tree	奥戈战争树
E	Online Games	在线对局
E	Online Lobby	在线大厅
E	Online Login	在线登录
E	Piercing Eye	贯穿之眼
E	Play Offline	离线游戏
E	Pollen Pixie	花粉小仙
E	Portal Ninja	传送门忍者
E	Promo Pack 1	特典包 1
E	Promo Pack 2	特典包 2
E	Promo Pack 3	特典包 3
E	Promo Pack 4	特典包 4
E	Promo Pack 5	特典包 5
E	Promo Pack 6	特典包 6
E	Promo Pack 7	特典包 7
E	Psionic Monk	灵能僧侣
E	Puppetmaster	傀儡师
E	RENOWN TRACK	名望轨道
E	Reactor Monk	反应堆僧侣
E	Renown Track	名望轨道
E	Reverie Muse	幻想缪斯
E	Ring of Life	生命之环
E	River Reaper	河收割者
E	RulebookASCL	史诗传奇规则书
E	RulebookDLRM	谵妄规则书
E	Rust Gremlin	锈小妖
E	SOUL COUNTER	灵魂指示物
E	Salvage Yard	打捞场
E	Serenity Now	立刻平静
E	Shade Askara	暗影阿斯卡拉
E	Shadowcaster	影咏者
E	Snake Shaman	蛇萨满
E	Socket Altar	嵌口祭坛
E	Solar Sentry	日哨兵
E	Soul Counter	灵魂指示物
E	Soul Sisters	灵魂姐妹
E	Soul counter	灵魂指示物
E	Sound Volume	音效音量
E	Spider Witch	蜘蛛女巫
E	Stay Focused	保持专注
E	Stone Circle	石环
E	Synchronizer	同步者
E	Temporal Eye	时光之眼
E	Terms of Use	使用条款
E	The Benjamin	本杰明
E	Time Machine	时间机器
E	Tower Askara	高塔阿斯卡拉
E	Truth Seeker	真理追寻者
E	UNBANISHABLE	不可放逐
E	Unbanishable	不可放逐
E	Vault Sphinx	宝库狮身人面
E	Void Avenger	虚空复仇者
E	Void Militia	虚空民兵
E	Void Monster	虚空怪物
E	Void Portals	虚空传送门
E	Void Remnant	虚空残响
E	Void Temples	虚空神殿
E	Voidthirster	渴虚者
E	WISH COUNTER	愿望指示物
E	Weapon 303-V	武器303-V
E	Wish Counter	愿望指示物
E	Wish counter	愿望指示物
E	Wolf Acolyte	狼侍僧
E	Zeta Arsenal	泽塔武库
E	add a friend	添加好友
E	card gallery	卡牌图鉴
E	delirium die	谵妄骰
E	dream vision	梦境视域
E	event trophy	事件战利品
E	forgot login	忘记登录信息
E	honor points	荣誉点数
E	in-app store	商店
E	keep playing	继续对局
E	renown track	名望轨道
E	soul counter	灵魂指示物
E	unbanishable	不可放逐
E	wish counter	愿望指示物
E	<sprite=33>	机械新兵
E	<sprite=34>	获得1符文或1战力。
E	<sprite=36>	命约新兵
E	<sprite=37>	获得1符文和1荣誉。
E	<sprite=39>	符文狼化人
E	<sprite=40>	获得2符文。若你本回合打出过命约英雄，获得2战力。
E	<sprite=64>	秘教士
E	<sprite=65>	获得2符文。
E	<sprite=66>	化身魔像
E	<sprite=67>	获得2战力。你每控制一种神器，获得1荣誉。
E	<sprite=68>	邪教徒
E	<sprite=69>	奖励：获得1荣誉。
E	<sprite=71>	暗影之星
E	<sprite=72>	每回合一次，获得1战力。
E	<sprite=74>	风之暴君
E	<sprite=75>	奖励：获得3荣誉。获得3符文。
E	<sprite=96>	全视之眼
E	<sprite=97>	每回合一次，你可以抽一张牌。
E	<sprite=99>	受折磨的灵魂
E	AI Opponent	AI 对手
E	AI Player 1	AI 玩家 1
E	AI Player 2	AI 玩家 2
E	AI Player 3	AI 玩家 3
E	AI Player 4	AI 玩家 4
E	AI Player 5	AI 玩家 5
E	AI Player 6	AI 玩家 6
E	AI Player 7	AI 玩家 7
E	AI Player 8	AI 玩家 8
E	AI Player 9	AI 玩家 9
E	Add Profile	添加档案
E	Arha Medium	亚哈灵媒
E	Arha Mentor	亚哈导师
E	Arha Rising	亚哈崛起
E	Arha Sensei	亚哈导师
E	Beast Staff	野兽法杖
E	Bombcrafter	炸弹匠
E	Boon: Cetra	恩赐：塞特拉
E	Boon: Nairi	恩赐：奈莉
E	COMING SOON	即将推出
E	CREATE GAME	创建对局
E	Canopic Jar	卡诺皮克罐
E	Center Deck	中央牌库
E	Chaos Rider	混沌骑手
E	Coming Soon	即将推出
E	Common Hero	普通英雄
E	Create Game	创建对局
E	Cult Killer	邪教杀手
E	Deathfinder	寻死者
E	Deathseeker	寻死者
E	Delete Game	删除对局
E	Deliverance	救赎
E	Development	开发
E	Dogs of War	犬W<space=-.05em>ar
E	Draaaaaaaw!	抽——牌！
E	Dream Eater	梦吞噬者
E	Dream Guide	梦向导
E	Dream Stone	梦石
E	Dream Titan	梦泰坦
E	Dreamkiller	弑梦者
E	Dreamseeker	寻梦者
E	Dreamwalker	梦行者
E	Dreamwillow	梦柳
E	Energy Monk	能量僧侣
E	Enlightened	圣贤
E	Enter Email	输入邮箱
E	FATE CARDS:	天命卡：
E	Fate Cards:	天命卡牌:
E	Game Design	游戏设计
E	Game Paused	游戏已暂停
E	Grave Golem	坟墓魔像
E	Grease Monk	油污僧侣
E	Honey Siren	蜜海妖
E	Honor Pool:	荣誉池：
E	Honor token	荣誉点数
E	Illuminator	照明者
E	In Progress	进行中
E	Lotus Siren	莲花海妖
E	MULTI-UNITE	多重联合
E	Magnet Monk	磁僧侣
E	Master Vaya	大师瓦娅
E	Mecha Cetra	机甲塞特拉
E	Mosaic Horn	镶嵌号角
E	Multi-Unite	多重联合
E	Nethersnare	冥界陷阱
E	Nihilmancer	虚无法师
E	Nothing Man	虚无之人
E	Ogo Courier	奥戈信使
E	On Your Way	初出茅庐
E	Over 9000!!	超过九千！！
E	PLAYER AREA	玩家区域
E	PLAYER NAME	玩家姓名
E	Pack Leader	兽群首领
E	Pasythea Go	帕茜西亚出发
E	Play Online	在线游戏
E	Play Order:	行动顺序:
E	Player Area	玩家区域
E	Player Name	玩家姓名
E	Playtesting	试玩
E	Portabillet	便携弹
E	Portal Deck	传送门牌库
E	Pot of Gold	金罐
E	Produced by	制作
E	Promo Cards	特典卡
E	Puggageddon	巴哥末日
E	Quick Match	快速匹配
E	RALLY: VOID	集结：虚空
E	Rally: Void	集结：虚空
E	Raven Siren	乌鸦海妖
E	Recyclicrab	循环蟹
E	Resolutions	分辨率
E	Resume Game	继续游戏
E	RulebookDLV	救赎规则书
E	Serpentcall	唤蛇
E	Shade Viper	暗影毒蛇
E	Shadow Star	暗影之星
E	Spike Vixen	尖刺雌狐
E	Steelweaver	织钢者
E	Tidestalker	潮潜者
E	Trophy Room	战利品室
E	Ulan's Fist	乌兰的拳
E	Umbral Edge	暗影刃锋
E	Vandal Soul	破坏灵魂
E	Void Events	虚空事件
E	Void Legend	虚空传奇
E	Void Mesmer	虚空催眠师
E	Void Portal	虚空传送门
E	Void Rising	虚空崛起
E	Void Temple	虚空神殿
E	Voidspeaker	虚空语者
E	Wicked Game	邪恶游戏
E	Win a game.	赢得一局。
E	Wind Tyrant	风之暴君
E	Wins Versus	对战胜场
E	Wolf Shaman	狼萨满
E	coming soon	即将推出
E	create game	创建对局
E	multi-unite	多重联合
E	player area	玩家区域
E	player name	玩家姓名
E	rally: void	集结：虚空
E	2 Players:	2 名玩家：
E	3 Players:	3 名玩家：
E	30 MINUTES	30 分钟
E	30 Minutes	30 分钟
E	30 minutes	30 分钟
E	4 Players:	4 名玩家：
E	<sprite=0>	大地说书人
E	<sprite=1>	获得3符文。
E	<sprite=5>	金鱼草
E	<sprite=6>	每回合一次，获得1符文。每回合你首次打出命约英雄时，获得1荣誉。
E	<sprite=8>	织星者塞特拉
E	<sprite=9>	获取任意一个英雄。将其放到你的牌库顶。
E	Add Friend	添加好友
E	Any Rating	任意评分
E	Apprentice	学徒
E	Black Hole	黑洞
E	Blind Seer	盲预言者
E	Boon: Emri	恩赐：艾姆瑞
E	Boon: Naka	恩赐：纳卡
E	Born Again	重生
E	Center Row	中央牌列
E	Collection	收藏
E	Constructs	神器s
E	Darkwalker	暗行者
E	Deep Drone	深潜无人机
E	Demon Pups	恶魔幼崽
E	Dreamscape	梦境
E	EXPANSIONS	扩展
E	Expansions	扩展
E	Fallen Fae	堕落者仙灵
E	Fullscreen	全屏
E	Game Speed	游戏速度
E	Game Stats	对局统计
E	Game Timer	对局计时
E	Honor Pool	荣誉池
E	Hot Streak	连胜热潮
E	Landtalker	大地说书人
E	Leprechaun	小矮妖
E	Loading...	加载中...
E	Lobby Chat	大厅聊天
E	Lunar Stag	月鹿
E	Lycan Fang	狼化人牙
E	Moon Staff	月杖
E	More Games	更多游戏
E	Nook Hound	角落猎犬
E	OPEN GAMES	开放对局
E	Ogo Rising	奥戈崛起
E	On the Web	访问网站
E	Open Games	开放对局
E	Orb of Nyx	宝珠尼克斯
E	PROMO PACK	特典包
E	Pathwarden	巡路者
E	Phasefiend	相位邪魔
E	Portuguese	葡萄牙语
E	Promo Card	特典卡
E	Promo Pack	特典包
E	Repurposer	再造者
E	Resolution	分辨率
E	Resources:	资源：
E	RightArrow	→ 方向键右
E	Rootscryer	根卜者
E	RulebookDC	冠军黎明规则书
E	RulebookDS	梦境规则书
E	RulebookDU	黑暗释放规则书
E	RulebookGE	元素的馈赠规则书
E	RulebookRU	领域解开规则书
E	RulebookRV	祈夜崛起规则书
E	RulebookVA	上古山谷规则书
E	RulebookWA	暗影之战规则书
E	Sacred Pot	神圣罐
E	Sea Tyrant	海中暴君
E	Snapdragon	金鱼草
E	Sordid Asp	污秽蝮蛇
E	Soulshaper	塑魂者
E	Start Game	开始对局
E	Start Menu	开始菜单
E	Terminites	终末蚁
E	Timer: Any	计时：任意
E	User Name:	用户名：
E	VERIFY PW:	确认密码：
E	Vanquisher	征服者
E	Vault Lich	宝库巫妖
E	Verify PW:	确认密码：
E	Verify Pw:	确认密码：
E	View Cards	查看卡牌
E	Vineweaver	织藤者
E	Void Event	虚空事件
E	Void Heros	虚空英雄
E	Voidfeeder	饲虚者
E	What's New	新增内容
E	Wicked End	邪终结
E	Win a game	赢得一局
E	Wrecklamax	回收残机
E	Yolo Twice	再浪一次
E	expansions	扩展
E	open games	开放对局
E	promo pack	特典包
E	reputation	声望
E	verify pw:	确认密码：
E	2 Players	2 名玩家
E	3 Players	3 名玩家
E	4 Players	4 名玩家
E	AI PLAYER	AI 玩家
E	AI Player	AI 玩家
E	APP STORE	商店
E	Abolisher	废除者
E	Ai Player	AI 玩家
E	All Games	全部对局
E	Analytics	分析
E	App Store	商店
E	Armistice	停战
E	Ascension	创升纪元
E	Auto Play	自动出牌
E	Bleaktoad	荒蟾
E	Boon: Kor	恩赐：科尔
E	Boon: Ulu	恩赐：乌鲁
E	Completed	已完成
E	Construct	神器
E	DREAMBIND	梦缚
E	DREAMBORN	梦生
E	Dark Monk	黑暗僧侣
E	Draw Deck	抽牌堆
E	Dreadmage	恐惧法师
E	Dreadmare	惧马
E	Dream Big	敢于梦想
E	Dream Lab	梦实验室
E	Dreambind	梦缚
E	Dreamborn	梦生
E	EXPANSION	扩展
E	Everbloom	永绽
E	Expansion	扩展
E	FACTIONS:	派系：
E	Find Game	查找对局
E	Game Chat	对局聊天
E	Game End:	终局：
E	Game List	对局列表
E	Game Type	对局类型
E	Giant Rat	巨鼠
E	Godslayer	弑神者
E	Growmites	增生螨
E	INFO LINE	信息栏
E	Info Line	信息栏
E	Join Game	加入对局
E	LEGENDARY	传奇
E	Languages	语言
E	LeftArrow	← 方向键左
E	Legendary	传奇
E	Lifebound	命约
E	Lionheart	狮心
E	MAIN MENU	主菜单
E	Main Menu	主菜单
E	Monkopoly	僧侣垄断
E	NEXT GAME	下一局
E	Next Game	下一局
E	Night Owl	夜猫子
E	Nilhammer	虚无锤
E	OPPONENTS	对手
E	Opponents	对手
E	PASSWORD:	密码：
E	PURCHASE:	购买：
E	Password:	密码：
E	Play Area	战场
E	Play Card	出牌
E	Player 10	玩家 10
E	Player 11	玩家 11
E	Player 12	玩家 12
E	Player 13	玩家 13
E	Player 14	玩家 14
E	Player 15	玩家 15
E	Player 16	玩家 16
E	Player 17	玩家 17
E	Player 18	玩家 18
E	Player 19	玩家 19
E	Player 20	玩家 20
E	Purchase:	购买：
E	Purchased	已购买
E	RESOURCES	资源
E	Recruiter	征募官
E	See Cards	See卡牌
E	Soul Fire	灵魂之火
E	Spark Bug	火花虫
E	Starchild	星之子
E	TRANSFORM	转化
E	Transform	转化
E	Tuskrider	牙骑手
E	Tutorials	教程
E	UNLIMITED	不限时
E	USERNAME:	用户名：
E	Unlimited	不限时
E	Username:	用户名：
E	VERIFY PW	确认密码
E	Verify PW	确认密码
E	Verify Pw	确认密码
E	View Game	观看对局
E	Void Hero	虚空英雄
E	Voidrager	虚空狂怒者
E	Warpdruid	扭曲德鲁伊
E	Warprogue	扭曲游荡者
E	Wednesday	星期三
E	Your Bid:	你的Bid:
E	ai player	AI 玩家
E	app store	商店
E	dreambind	梦缚
E	dreamborn	梦生
E	expansion	扩展
E	info line	信息栏
E	legendary	传奇
E	main menu	主菜单
E	next game	下一局
E	opponents	对手
E	password:	密码：
E	purchase:	购买：
E	transform	转化
E	unlimited	不限时
E	username:	用户名：
E	verify pw	确认密码
E	(Closed)	(已关闭)
E	1-7 DAYS	1–7 天
E	1-7 Days	1–7 天
E	1-7 days	1–7 天
E	14+ Days	14+ 往日
E	Assassin	刺客
E	BEGINNER	入门
E	BF Sword	大剑
E	Beginner	入门
E	CHAMPION	冠军
E	CONTINUE	继续
E	Champion	冠军
E	Continue	继续
E	Delirium	谵妄
E	Destroy:	摧毁:
E	Dream On	继续做梦
E	END\nTURN	结束回合
E	END TURN	结束回合
E	ENERGIZE	充能
E	Elements	元素
E	End\nTurn	结束回合
E	End Game	结束对局
E	End Turn	结束回合
E	Energize	充能
E	Fanatic:	狂信者:
E	Features	特性
E	Forfeits	认输次数
E	Gallery 	图鉴
E	Game Log	对局记录
E	Gearseer	齿轮预言者
E	Invokist	祈唤师
E	Japanese	日语
E	Jubilee!	欢庆！
E	LANGUAGE	语言
E	Language	语言
E	Minotaur	牛头人
E	Monsters	怪物
E	Muramasa	村正
E	ONGOING:	持续：
E	OPPONENT	对手
E	Omnicron	全时者
E	Ongoing:	持续：
E	Opponent	对手
E	Options 	选项
E	PASSWORD	密码
E	PHANTASM	幻象
E	PLAY ALL	全部打出
E	PLAYER 1	玩家 1
E	PLAYER 2	玩家 2
E	PLAYER 3	玩家 3
E	PLAYER 4	玩家 4
E	Password	密码
E	Phantasm	幻象
E	Play All	全部打出
E	Player 1	玩家 1
E	Player 2	玩家 2
E	Player 3	玩家 3
E	Player 4	玩家 4
E	Player 5	玩家 5
E	Player 6	玩家 6
E	Player 7	玩家 7
E	Player 8	玩家 8
E	Player 9	玩家 9
E	Prodigal	浪子
E	Producer	制作人
E	Profiles	档案
E	Purchase	购买
E	RENOWN 1	名望 1
E	RENOWN 2	名望 2
E	RENOWN 3	名望 3
E	RENOWN 4	名望 4
E	RENOWN 5	名望 5
E	RULEBOOK	规则书
E	Rally On	集结起来
E	Rat King	鼠王
E	Reclamax	回收机
E	Renown 1	名望 1
E	Renown 2	名望 2
E	Renown 3	名望 3
E	Renown 4	名望 4
E	Renown 5	名望 5
E	Riftclaw	裂隙爪
E	Round 10	第 10 回合
E	Round 11	第 11 回合
E	Round 12	第 12 回合
E	Round 13	第 13 回合
E	Round 14	第 14 回合
E	Round 15	第 15 回合
E	Round 16	第 16 回合
E	Round 17	第 17 回合
E	Round 18	第 18 回合
E	Round 19	第 19 回合
E	Round 20	第 20 回合
E	Rulebook	规则书
E	SERENITY	宁静
E	SETTINGS	设置
E	Sadranis	萨德拉尼斯
E	Saturday	星期六
E	Serenity	宁静
E	Settings	设置
E	Shackled	被缚
E	Soul Gem	灵魂宝石
E	TOP AREA	顶部区域
E	TUTORIAL	教程
E	Tag Team	双打
E	Temples:	神庙：
E	Thursday	星期四
E	Top Area	顶部区域
E	Treasure	宝藏
E	Tutorial	教程
E	USERNAME	用户名
E	Username	用户名
E	Version:	版本：
E	Weapon X	武器 X
E	Wereboar	野猪人
E	Windowed	窗口
E	Withdraw	退出对局
E	beginner	入门
E	champion	冠军
E	continue	继续
E	end turn	结束回合
E	energize	充能
E	language	语言
E	ongoing:	持续：
E	opponent	对手
E	password	密码
E	phantasm	幻象
E	play all	全部打出
E	player 1	玩家 1
E	player 2	玩家 2
E	player 3	玩家 3
E	player 4	玩家 4
E	renown 1	名望 1
E	renown 2	名望 2
E	renown 3	名望 3
E	renown 4	名望 4
E	renown 5	名望 5
E	rulebook	规则书
E	serenity	宁静
E	settings	设置
E	the Void	虚空区
E	the void	虚空区
E	top area	顶部区域
E	tutorial	教程
E	username	用户名
E	28 Days	28 往日
E	< 1 DAY	< 1 天
E	< 1 Day	< 1 天
E	< 1 day	< 1 天
E	AUCTION	竞拍
E	Acquire	获取
E	Auction	竞拍
E	BUNDLES	合集
E	Builder	建造者
E	Bundles	合集
E	CHINESE	中文
E	CONFIRM	确认
E	Chinese	中文
E	Cog Maw	齿轮巨口
E	Confirm	确认
E	Control	控制
E	Create 	创建
E	Credits	制作人员
E	Cultist	邪教徒
E	DISCARD	弃牌
E	DISMISS	关闭
E	Deja Vu	似曾相识
E	Destroy	摧毁
E	Details	详情
E	Dhartha	达萨
E	Discard	弃牌
E	Dismiss	关闭
E	EMPOWER	赋力
E	ENGLISH	英语
E	Empower	赋力
E	English	英语
E	FRIENDS	好友
E	Fanatic	狂信者
E	Fen Maw	沼巨口
E	Forfeit	认输
E	Freebee	白嫖
E	Friends	好友
E	Gallery	图鉴
E	Granger	农夫
E	I Agree	我同意
E	Insight	洞察
E	Invited	已邀请
E	Italian	意大利语
E	L Mouse	鼠标左键
E	LOG OUT	登出
E	Legends	史诗传奇
E	Loading	加载中
E	Log Out	登出
E	Look at	查看
E	Mechana	机械
E	Militia	民兵
E	Minutes	分钟
E	Monster	怪物
E	Nemesis	宿敌
E	OFFLINE	离线
E	ONGOING	持续
E	OPT OUT	退出
E	OPTIONS	选项
E	Offline	离线
E	Ongoing	持续
E	Opt Out	退出
E	Options	选项
E	Oxipede	牛蜈
E	PLUNDER	掠夺
E	PROFILE	个人
E	Plunder	掠夺
E	Profile	个人
E	R Mouse	鼠标右键
E	REWARD:	奖励：
E	Rematch	再来一局
E	Replace	替换
E	Reward:	奖励：
E	Round 1	第 1 回合
E	Round 2	第 2 回合
E	Round 3	第 3 回合
E	Round 4	第 4 回合
E	Round 5	第 5 回合
E	Round 6	第 6 回合
E	Round 7	第 7 回合
E	Round 8	第 8 回合
E	Round 9	第 9 回合
E	Russian	俄语
E	SIGN UP	注册
E	Seconds	秒
E	Shuffle	洗牌
E	Sign Up	注册
E	Spanish	西班牙语
E	TROPHY:	战利品：
E	Trophy:	战利品：
E	Tuesday	星期二
E	Verify:	验证：
E	Waiting	等待中
E	Warning	警告
E	Webclaw	网爪
E	auction	竞拍
E	bundles	合集
E	chinese	中文
E	confirm	确认
E	discard	弃牌
E	dismiss	关闭
E	empower	赋力
E	english	英语
E	friends	好友
E	in play	战场
E	log out	登出
E	offline	离线
E	ongoing	持续
E	opt out	退出
E	options	选项
E	plunder	掠夺
E	profile	个人
E	reward:	奖励：
E	sign up	注册
E	trophy:	战利品：
E	(OPEN)	（开放）
E	(Open)	（开放）
E	(open)	（开放）
E	AVATAR	头像
E	Accept	接受
E	Avatar	头像
E	BUNDLE	合集
E	Banish	放逐
E	Bundle	合集
E	CANCEL	取消
E	COMMIT	确认
E	Cancel	取消
E	Choose	选择
E	Commit	确认
E	Common	普通
E	Create	创建
E	DEFEND	防御
E	DELETE	删除
E	Defeat	击败
E	Defend	防御
E	Delete	删除
E	Design	设计
E	EMAIL:	邮箱：
E	EXPERT	专家
E	Email:	邮箱：
E	Energy	能量
E	Escape	Esc 键
E	Expert	专家
E	FRIEND	好友
E	Finish	完成
E	French	法语
E	Friday	星期五
E	Friend	好友
E	German	德语
E	HONOR:	荣誉：
E	Hedron	多面体
E	Heroes	英雄
E	INFEST	感染
E	Infest	感染
E	Invite	邀请
E	Karion	卡里昂
E	LOG IN	登录
E	LOGOUT	登出
E	Locked	已锁定
E	Log In	登录
E	Log in	登录
E	Logout	登出
E	Medium	中
E	Mephit	恶臭精
E	Minute	分钟
E	Monday	星期一
E	Mystic	秘教士
E	NIGHT:	夜：
E	NORMAL	普通
E	Night:	夜：
E	Normal	普通
E	ONLINE	在线
E	OPT IN	加入
E	Online	在线
E	Opt In	加入
E	PLAYER	玩家
E	POWER:	战力：
E	PROMOS	特典
E	Player	玩家
E	Portal	传送门
E	Promo1	特典 1
E	Promo2	特典 2
E	Promo3	特典 3
E	Promo4	特典 4
E	Promo5	特典 5
E	Promo6	特典 6
E	Promo7	特典 7
E	Promos	特典
E	REVEAL	展示
E	REWARD	奖励
E	RUNES:	符文：
E	Rating	评分
E	Reject	拒绝
E	Renown	声望
E	Resume	继续游戏
E	Reveal	展示
E	Reward	奖励
E	SELECT	选择
E	Samael	萨麦尔
E	Second	秒
E	Select	选择
E	Sunday	星期日
E	TARGET	指定
E	TROPHY	战利品
E	Target	指定
E	Temple	神殿
E	Trophy	战利品
E	avatar	头像
E	bundle	合集
E	cancel	取消
E	commit	确认
E	defend	防御
E	delete	删除
E	email:	邮箱：
E	expert	专家
E	friend	好友
E	infest	感染
E	log in	登录
E	logout	登出
E	night:	夜：
E	normal	普通
E	online	在线
E	opt in	加入
E	player	玩家
E	promos	特典
E	reveal	展示
E	reward	奖励
E	select	选择
E	target	指定
E	trophy	战利品
E	CLOSE	关闭
E	Cetra	塞特拉
E	Close	关闭
E	Death	死亡
E	EMAIL	邮箱
E	Email	邮箱
E	Empty	空
E	Error	错误
E	Event	事件
E	FATE:	天命：
E	Fate:	天命：
E	Honor	荣誉
E	Hours	小时
E	Human	人类
E	LOBBY	大厅
E	LOGIN	登录
E	Lobby	大厅
E	Login	登录
E	Logos	逻各斯
E	MUSIC	音乐
E	Music	音乐
E	NAME:	姓名：
E	NIGHT	夜
E	Nairi	奈莉
E	Name:	姓名：
E	Night	夜
E	Nope.	不行。
E	OWNED	已拥有
E	Owned	已拥有
E	Pause	暂停
E	Power	战力
E	Promo	推广卡
E	RALLY	集结
E	Rally	集结
E	Round	回合
E	Runes	符文
E	START	开始
E	Setup	设置
E	Space	空格键
E	Spend	花费
E	Start	开始
E	Theme	主题
E	Thurs	四
E	UNITE	联合
E	Unite	联合
E	Vigil	祈夜
E	Xeron	泽伦
E	Yoink	抢过来
E	close	关闭
E	email	邮箱
E	fate:	天命：
E	lobby	大厅
E	login	登录
E	music	音乐
E	name:	姓名：
E	night	夜
E	owned	已拥有
E	rally	集结
E	start	开始
E	unite	联合
E	10th	十周年
E	Arha	亚哈
E	BACK	返回
E	Back	返回
E	CHAT	聊天
E	COPY	复制
E	Chat	聊天
E	Copy	复制
E	CotG	弑神编
E	DAY:	昼：
E	DLRM	谵妄
E	DONE	完成
E	Day:	昼：
E	Deck	牌库
E	Done	完成
E	Draw	抽
E	EASY	简单
E	ECHO	回响
E	EVEN	偶数
E	EXIT	退出
E	Easy	简单
E	Echo	回响
E	Even	偶数
E	Exit	退出
E	FATE	天命
E	Fast	快
E	Fate	天命
E	GIVE	给予
E	Gain	获得
E	Give	给予
E	GotE	元素馈赠
E	HARD	困难
E	Hand	手牌
E	Hard	困难
E	Hero	英雄
E	Life	生命
E	Lose	失去
E	MENU	菜单
E	Menu	菜单
E	NAME	姓名
E	NONE	无
E	Name	姓名
E	None	无
E	PASS	跳过
E	PLAY	打出
E	Pass	跳过
E	Play	打出
E	RotF	邪神归来
E	Rune	符文
E	Slow	慢
E	TURN	回合
E	Turn	回合
E	UNDO	撤销
E	Undo	撤销
E	VOID	虚空
E	Void	虚空
E	VotA	上古山谷
E	back	返回
E	chat	聊天
E	copy	复制
E	day:	昼：
E	done	完成
E	easy	简单
E	echo	回响
E	even	偶数
E	exit	退出
E	fate	天命
E	give	给予
E	hard	困难
E	menu	菜单
E	name	姓名
E	none	无
E	pass	跳过
E	play	打出
E	turn	回合
E	undo	撤销
E	应用商店	商店
E	ALL	全部
E	All	全部
E	BID	竞拍
E	BUY	获取
E	Bid	竞拍
E	Buy	获取
E	DAY	昼
E	DLV	救赎
E	Day	昼
E	DoC	冠军黎明
E	FAQ	常见问题
E	Faq	常见问题
E	Kor	科尔
E	LGS	史诗传奇
E	LOG	记录
E	Log	记录
E	ODD	奇数
E	Odd	奇数
E	Off	关闭
E	Ogo	奥戈
E	Pay	支付
E	RoV	祈夜崛起
E	SoS	灵魂风暴
E	USE	使用
E	Use	使用
E	WoS	暗影之战
E	XII	12
E	Xii	12
E	YES	是
E	Yes	是
E	all	全部
E	bid	竞拍
E	buy	获取
E	day	昼
E	faq	常见问题
E	odd	奇数
E	use	使用
E	xii	12
E	yes	是
E	内购店	商店
E	DS	梦境
E	DU	黑暗释放
E	IH	不朽英雄
E	NO	否
E	No	否
E	OK	好
E	OR	或
E	Ok	好
E	On	开启
E	Or	或
E	RU	领域解开
E	no	否
E	ok	好
E	or	或
