set,go_name,en,norm,zh,source
shell,TMP Text,Rulebook,Rulebook,规则书,workbench
ascl,TMP Body Text,"In this time of reckoning, Vigil calls forth a new generation of heroes. The untested must rise, guided by legends of old and the light of those who sacrificed before them. Against the Muses’ vision of unending chaos, the champions of today must forge their own legendary paths. The world awaits, and only through strength, courage, and unity can Vigil transcend this dark design. Your deeds are known, your valor witnessed, and through fire and flame, you must stand the test to become a legend—the future rests upon your ascension.","In this time of reckoning, Vigil calls forth a new generation of heroes. The untested must rise, guided by legends of old and the light of those who sacrificed before them. Against the Muses’ vision of unending chaos, the champions of today must forge their own legendary paths. The world awaits, and only through strength, courage, and unity can Vigil transcend this dark design. Your deeds are known, your valor witnessed, and through fire and flame, you must stand the test to become a legend—the future rests upon your ascension.",在此清算之时，祈夜召唤新一代英雄。未经考验者必须挺身而出，以先贤传说与前人牺牲之光为指引。面对缪斯无尽混沌的异象，今日的勇士必须开辟属于自己的传奇之路。世界在等待——唯有凭力量、勇气与团结，祈夜才能超越这黑暗的设计。你的功绩人尽皆知，你的勇武有目共睹；历经烈火试炼，你必须成为传奇——未来系于你的登升。,workbench
ascl,TMP Body Text,"As there is an element of divine inspiration in every act of creation, so too are there patrons for the arts of slaughter and destruction. For centuries, the Red Sisters have whispered their poisonous inspirations to the champions of destruction—Samael, Kythis, Xeron—fueling strife in the hearts of mortals and gods alike. They have watched as Vigil waged war after war, each act of defiance feeding their art of carnage. Now the Muses seek a final creation, one to remake Vigil from its very bones, a monument to the darkness they have nurtured across the ages.","As there is an element of divine inspiration in every act of creation, so too are there patrons for the arts of slaughter and destruction. For centuries, the Red Sisters have whispered their poisonous inspirations to the champions of destruction—Samael, Kythis, Xeron—fueling strife in the hearts of mortals and gods alike. They have watched as Vigil waged war after war, each act of defiance feeding their art of carnage. Now the Muses seek a final creation, one to remake Vigil from its very bones, a monument to the darkness they have nurtured across the ages.",正如每一次创世都含有神启的火花，杀戮与毁灭的技艺也有其庇护者。数世纪以来，红姐妹向毁灭的勇士——萨麦尔、凯西斯、泽伦——低语有毒的灵感，在凡人与神明心中煽动纷争。她们注视祈夜一战再战，每一次反抗都滋养她们的屠戮艺术。如今缪斯寻求最终之作：从骨架重塑祈夜，为自己历经诸纪哺育的黑暗立起丰碑。,workbench
ascl,TMP Body Text,"Eons have passed since Vigil’s heroes first defended their world against Samael, the Fallen God. Though the Godslayer’s victory brought peace, each hard-won era has been followed by threats even more harrowing. Vigil has birthed heroes to stand against every nightmare, but with each victory, darkness has gathered anew. Now, in the sulfurous depths of Deoful, something ancient stirs—the Red Sisters—the Muses of Malevolence. These shadowy patrons of slaughter and ruin stand poised to weave their own dreadful masterpiece.","Eons have passed since Vigil’s heroes first defended their world against Samael, the Fallen God. Though the Godslayer’s victory brought peace, each hard-won era has been followed by threats even more harrowing. Vigil has birthed heroes to stand against every nightmare, but with each victory, darkness has gathered anew. Now, in the sulfurous depths of Deoful, something ancient stirs—the Red Sisters—the Muses of Malevolence. These shadowy patrons of slaughter and ruin stand poised to weave their own dreadful masterpiece.",自祈夜英雄首次抵御堕落之神萨麦尔以来，已过去无数纪元。虽弑神者的胜利带来和平，每一段来之不易的时代之后，威胁却更加骇人。祈夜不断诞下英雄对抗每场梦魇，但每场胜利之后，黑暗又再度聚集。如今，在迪奥弗硫磺深处，古老之物苏醒——红姐妹，恶意缪斯。这些屠杀与毁灭的阴影庇护者，正准备编织她们可怖的杰作。,workbench
ascl,TMP Introduction Text,Introduction,Introduction,引言,workbench
ascl,TMP Body RenownThresholdEffects Text (1),"<margin-right=12em>When you play a card with a Renown Threshold Effect, you gain its bonus as long as your position on the Legendary Track meets or exceeds the space shown on the card.","<margin-right=12em>When you play a card with a Renown Threshold Effect, you gain its bonus as long as your position on the Legendary Track meets or exceeds the space shown on the card.",<margin-right=12em>当你打出带有声望阈值效果的卡牌时，只要你在传奇轨道上的位置达到或超过该牌所示格位，便获得其加成。,workbench
ascl,TMP Body RenownThresholdEffects Text,"<margin-right=12em>Many cards in <i>Ascension: Legends™</i> have a Renown Threshold Effect—an extra ability that activates when you play the card, provided you’ve reached the required space on the Legendary Track for that faction.","<margin-right=12em>Many cards in <i>Ascension: Legends™</i> have a Renown Threshold Effect—an extra ability that activates when you play the card, provided you’ve reached the required space on the Legendary Track for that faction.",<margin-right=12em>《创升纪元：史诗传奇》中许多卡牌具有声望阈值效果——额外异能：当你打出该牌时，若你在该派系的传奇轨道上已到达所需格位，则触发该效果。,workbench
ascl,TMP Rules Text,Draw two cards instead.,Draw two cards instead.,改为抽两张牌。,workbench
ascl,TMP Rules Text,Draw a card.,Draw a card.,抽一张牌。,workbench
ascl,TMP Class Text,Enlightened Hero,Enlightened Hero,圣贤英雄,workbench
ascl,TMP Title,<size=104>A</size>skara of Judgement,<size=104>A</size>skara of Judgement,审判阿斯卡拉,workbench
ascl,TMP Text,Renown Threshold Effects,Renown Threshold Effects,声望阈值效果,workbench
ascl,TMP Body LegendaryStatus Text,"When you reach the 12th space on any faction’s path of the Legendary Track, you become a legend within that faction. From that turn onward, you may acquire or defeat 1 card from the Center Row belonging to that faction for free each turn. As with Boons, you can activate this ability at any time during your turn.","When you reach the 12th space on any faction’s path of the Legendary Track, you become a legend within that faction. From that turn onward, you may acquire or defeat 1 card from the Center Row belonging to that faction for free each turn. As with Boons, you can activate this ability at any time during your turn.",当你在传奇轨道任一派系路径上到达第12格时，你成为该派系中的传奇。从该回合起，每回合你可以免费从中央牌列获取或击败1张属于该派系的卡牌。与恩赐一样，你可以在自己回合中的任何时候启动此能力。,workbench
ascl,TMP Text,Legendary Status,Legendary Status,传奇地位,workbench
ascl,TMP Body Text,"Each Boon’s effect is written on its Legendary Character card and is unique to that Legend. When you earn a Boon, you may use it at any point during your turn before it ends. This allows you to keep acquiring Heroes and Constructs, advancing on the Legendary Track, or defeating Monsters before activating the Boon for maximum impact. However, unused Boons expire at the end of the turn.","Each Boon’s effect is written on its Legendary Character card and is unique to that Legend. When you earn a Boon, you may use it at any point during your turn before it ends. This allows you to keep acquiring Heroes and Constructs, advancing on the Legendary Track, or defeating Monsters before activating the Boon for maximum impact. However, unused Boons expire at the end of the turn.",每份恩赐的效果写在其传奇角色卡上，且对该传奇独一无二。当你获得恩赐时，可在本回合结束前的任意时刻使用。这样你可以继续获取英雄与神器、在传奇轨道上推进，或击败怪物，再启动恩赐以发挥最大效果。未使用的恩赐会在回合结束时失效。,workbench
ascl,TMP Body Text,"At the start of the game, each Legendary Character provides a powerful Boon for players who reach specific milestones on the Legendary Track. Milestones are located on the 3rd, 6th, and 9th spaces of each column on the Legendary Track. As you advance, each time one of your Renown Markers reaches a milestone, you immediately trigger the Boon from the Legendary Character tied to that faction.","At the start of the game, each Legendary Character provides a powerful Boon for players who reach specific milestones on the Legendary Track. Milestones are located on the 3rd, 6th, and 9th spaces of each column on the Legendary Track. As you advance, each time one of your Renown Markers reaches a milestone, you immediately trigger the Boon from the Legendary Character tied to that faction.",对局开始时，每位传奇角色都会为在传奇轨道上达到特定里程碑的玩家提供强大恩赐。里程碑位于传奇轨道每列的第3、第6、第9格。随着推进，每当你的声望标记到达一个里程碑，立即触发与该派系绑定的传奇角色恩赐。,workbench
ascl,TMP Text,Boons,Boons,恩赐,workbench
ascl,TMP Body Text,"<margin-right=12em>Note: You only gain Renown from defeating Monsters if they belong to a faction, unless the card specifically says otherwise.","<margin-right=12em>Note: You only gain Renown from defeating Monsters if they belong to a faction, unless the card specifically says otherwise.",<margin-right=12em>注意：击败怪物仅在其属于某个派系时才会获得声望，除非卡牌另有说明。,workbench
ascl,TMP Body Text,"<margin-right=12em>Some Boons and card effects also grant Renown. When an effect says to gain Renown, you gain 1 Renown (<sprite=173>) with a single faction of your choice.","<margin-right=12em>Some Boons and card effects also grant Renown. When an effect says to gain Renown, you gain 1 Renown (<sprite=173>) with a single faction of your choice.",<margin-right=12em>部分恩赐和卡牌效果也会给予声望。当效果写明获得声望时，你获得1点声望（<sprite=173>），派系由你选择。,workbench
ascl,TMP Body Text,"<margin-right=12em>In Ascension: Legends™, acquiring or defeating cards in the Center Row earns you Renown (<sprite=172>) with each faction shown on that card. Renown represents your rising status as a legend. Each point you gain moves you one space up the Legendary Track for the corresponding faction(s).","<margin-right=12em>In Ascension: Legends™, acquiring or defeating cards in the Center Row earns you Renown (<sprite=172>) with each faction shown on that card. Renown represents your rising status as a legend. Each point you gain moves you one space up the Legendary Track for the corresponding faction(s).",<margin-right=12em>在《创升纪元：史诗传奇》中，获取或击败中央牌列的卡牌会为该牌所示的每个派系赢得声望（<sprite=172>）。声望代表你作为传奇的地位上升。你获得的每一点声望，会使你在对应派系的传奇轨道上前进一格。,workbench
ascl,TMP Rules Text,"Draw a card.<br>Gain <sprite=173>, then banish this.","Draw a card.<br>Gain <sprite=173>, then banish this.","抽一张牌.<br>获得<sprite=173>, 然后放逐此牌。",workbench
ascl,TMP Title,<size=104>A</size>rha Recruit,<size=104>A</size>rha Recruit,亚哈新兵,workbench
ascl,TMP Text,Gaining Renown,Gaining Renown,获得声望,workbench
ascl,TMP Body Text,"<margin-right=13.5em>At the heart of Ascension: Legends™ is the Legendary Track, where you’ll compete to earn Renown (<sprite=172>) alongside some of the most iconic characters in the Ascension™ universe.<br><br>As you play, you’ll advance along this track, unlocking special abilities, known as Boons, granted by the Legends overseeing your game.<br><Br>Reach the end of the track, and you’ll secure your place as a legend within one of the four factions, gaining the ability to acquire or defeat a card of that faction for free at the start of each turn.","<margin-right=13.5em>At the heart of Ascension: Legends™ is the Legendary Track, where you’ll compete to earn Renown (<sprite=172>) alongside some of the most iconic characters in the Ascension™ universe.<br><br>As you play, you’ll advance along this track, unlocking special abilities, known as Boons, granted by the Legends overseeing your game.<br><Br>Reach the end of the track, and you’ll secure your place as a legend within one of the four factions, gaining the ability to acquire or defeat a card of that faction for free at the start of each turn.",<margin-right=13.5em>《创升纪元：史诗传奇》的核心是传奇轨道：你将与创升纪元宇宙中最具代表性的角色并肩，争夺声望（<sprite=172>）。<br><br>对局过程中，你会沿轨道前进，解锁由主持本局的传奇授予的特殊能力——恩赐。<br><Br>到达轨道尽头后，你将成为四派系之一中的传奇，并获得能力：每回合开始时免费获取或击败一张该派系卡牌。,workbench
ascl,TMP Text,Legendary Track,Legendary Track,传奇轨道,workbench
ascl,TMP Body Text,"Each Legendary Character comes from one of the four factions in Ascension™ and is loyal to that faction. To win their favor, you’ll need to show your allegiance by acquiring or defeating cards from their faction to earn Renown (<sprite=172>). Earn enough Renown with a faction, and you’ll unlock the Boon granted by that faction’s Legendary Character.","Each Legendary Character comes from one of the four factions in Ascension™ and is loyal to that faction. To win their favor, you’ll need to show your allegiance by acquiring or defeating cards from their faction to earn Renown (<sprite=172>). Earn enough Renown with a faction, and you’ll unlock the Boon granted by that faction’s Legendary Character.",每位传奇角色来自创升纪元四派系之一，并忠于该派系。要赢得其青睐，你需通过获取或击败其派系卡牌来展示效忠，从而获得声望（<sprite=172>）。在某一派系累积足够声望后，你将解锁该派系传奇角色授予的恩赐。,workbench
ascl,TMP Flavor Text,To live in balance with the world around us is<br>to find our place in the greater tapestry of<br>life.,To live in balance with the world around us is<br>to find our place in the greater tapestry of<br>life.,与周遭世界和谐共处<br>就是在更大的生命织锦中<br>找到我们的位置。,workbench
ascl,TMP Rules Text,"Once this turn, gain <sprite=66>","Once this turn, gain <sprite=66>","本回合一次, 获得<sprite=66>",workbench
ascl,TMP Class Text,Lifebound Hero,Lifebound Hero,命约英雄,workbench
ascl,TMP Title,Nairi,Nairi,奈莉,workbench
ascl,TMP Body Text,"The threat posed by the Muses of Malevolence is one of the greatest Vigil has ever faced, but in its time of need, the champions of Vigil’s past have answered the call to battle. Former Heroes turned Legends, the Legendary Characters selected at the start of each game wait only for a worthy Hero to appear before lending their power to the struggle against the Red Sisters.","The threat posed by the Muses of Malevolence is one of the greatest Vigil has ever faced, but in its time of need, the champions of Vigil’s past have answered the call to battle. Former Heroes turned Legends, the Legendary Characters selected at the start of each game wait only for a worthy Hero to appear before lending their power to the struggle against the Red Sisters.",恶意缪斯带来的威胁，是祈夜有史以来最严峻的之一；但在危难之时，往昔的勇士已应召参战。昔日英雄化作传奇——每局开始时选定的传奇角色，只待一位配得上的英雄出现，便会把力量借予对抗红姐妹的斗争。,workbench
ascl,TMP Text,Legendary Cards,Legendary Cards,传奇卡牌,workbench
ascl,TMP Body Text,"Insight (<sprite=112>) is gained through various card effects and Dreamborn cards (see below). Unlike other resources, you do not lose unspent Insight at the end of your turn.

In <i>Ascension Delirium</i>, players start with different amounts of <sprite=112>. The player who goes first starts with zero <sprite=112>. The player who goes second starts with <sprite=113>, third starts with <sprite=114> and fourth starts with <sprite=115>. 

","Insight (<sprite=112>) is gained through various card effects and Dreamborn cards (see below). Unlike other resources, you do not lose unspent Insight at the end of your turn.

In <i>Ascension Delirium</i>, players start with different amounts of <sprite=112>. The player who goes first starts with zero <sprite=112>. The player who goes second starts with <sprite=113>, third starts with <sprite=114> and fourth starts with <sprite=115>.","洞察（<sprite=112>）通过各种卡牌效果和梦生卡获得（见下文）。与其他资源不同，未花费的洞察在回合结束时不会失去。

在<i>创升纪元：谵妄</i>中，玩家开局拥有的<sprite=112>数量不同。先手玩家从0点<sprite=112>开始。第二位玩家从<sprite=113>开始，第三位从<sprite=114>开始，第四位从<sprite=115>开始。",workbench
ascl,TMP Text,Insight,Insight,洞察,workbench
ascl,TMP Title Text,What's New,What's New,新内容,workbench
cotg,TMP Text,Log,Log,记录,workbench
cotg,TMP Text,"<allcaps>Discard Pile:</allcaps>
Press to switch the view to view your opponent's discard pile.","<allcaps>Discard Pile:</allcaps>
Press to switch the view to view your opponent's discard pile.","<allcaps>弃牌堆：</allcaps>
点按以查看对手的弃牌堆。",workbench
cotg,TMP Text,"<allcaps>Hand:</allcaps>
How many cards are in your opponent's hand.","<allcaps>Hand:</allcaps>
How many cards are in your opponent's hand.","<allcaps>手牌：</allcaps>
对手手牌的张数。",workbench
cotg,TMP Text,"<allcaps>Constructs:</allcaps>
Press to switch the view to your opponent's Constructs.","<allcaps>Constructs:</allcaps>
Press to switch the view to your opponent's Constructs.","<allcaps>神器：</allcaps>
点按以查看对手的神器。",workbench
cotg,TMP Text,"<allcaps>Opponent Box:</allcaps>
Press to expand each oppoent's box to view their cards in detail.","<allcaps>Opponent Box:</allcaps>
Press to expand each oppoent's box to view their cards in detail.","<allcaps>对手框：</allcaps>
点按展开每位对手的框，查看其卡牌详情。",workbench
cotg,TMP Text,"<allcaps>Online Indicator:</allcaps>
Used to show an opponent's online status","<allcaps>Online Indicator:</allcaps>
Used to show an opponent's online status","<allcaps>在线指示：</allcaps>
显示对手的在线状态",workbench
cotg,TMP Text,Deck,Deck,牌库,workbench
cotg,TMP Text,honor points,honor points,荣誉点数,workbench
cotg,TMP Text,Avatar,Avatar,头像,workbench
cotg,TMP Text,Name,Name,名称,workbench
cotg,TMP Text,Opponent Area,Opponent Area,对手区,workbench
cotg,TMP Text,"<allcaps>Discard Pile:</allcaps>
Press to view the cards you've recently played.","<allcaps>Discard Pile:</allcaps>
Press to view the cards you've recently played.","<allcaps>弃牌堆：</allcaps>
点按查看你最近打出的卡牌。",workbench
cotg,TMP Text,"<allcaps>End Turn:</allcaps>
Press this to end your turn and pass to the next player.","<allcaps>End Turn:</allcaps>
Press this to end your turn and pass to the next player.","<allcaps>结束回合：</allcaps>
点按结束你的回合并交给下一位玩家。",workbench
cotg,TMP Text,"<allcaps>Play All:</allcaps>
places all of the cards from your hand into the Action Area.","<allcaps>Play All:</allcaps>
places all of the cards from your hand into the Action Area.","<allcaps>全部打出：</allcaps>
将手牌全部放入行动区。",workbench
cotg,TMP Text,"<allcaps>Menu:</allcaps>
Opens a menu with a list of game options.","<allcaps>Menu:</allcaps>
Opens a menu with a list of game options.","<allcaps>菜单：</allcaps>
打开包含对局选项的菜单。",workbench
cotg,TMP Text,"<allcaps>Player's Hand:</allcaps>
Your current cards that can be played this turn by dragging them to the Action Area.","<allcaps>Player's Hand:</allcaps>
Your current cards that can be played this turn by dragging them to the Action Area.","<allcaps>玩家手牌：</allcaps>
你本回合可打出的卡牌，拖到行动区即可打出。",workbench
cotg,TMP Text,"<allcaps>Construct Tray:</allcaps>
Press to open your Construct Tray to view and play your Constructs.","<allcaps>Construct Tray:</allcaps>
Press to open your Construct Tray to view and play your Constructs.","<allcaps>神器托盘：</allcaps>
点按打开神器托盘，查看并使用你的神器。",workbench
cotg,TMP Text,Draw Deck,Draw Deck,抽牌牌库,workbench
cotg,TMP Text,Honor Points,Honor Points,荣誉点数,workbench
cotg,TMP Text,Info Line,Info Line,信息栏,workbench
cotg,TMP Text,Player Area,Player Area,玩家区,workbench
cotg,TMP Text,"<allcaps>Void:</allcaps>
Defeated monsters are sent here.","<allcaps>Void:</allcaps>
Defeated monsters are sent here.","<allcaps>虚空区：</allcaps>
被击败的怪物会被送到这里。",workbench
cotg,TMP Text,"<allcaps>Player's Power:</allcaps>
Player's Power for their turn.","<allcaps>Player's Power:</allcaps>
Player's Power for their turn.","<allcaps>玩家战力：</allcaps>
该玩家本回合的战力。",workbench
cotg,TMP Text,"<allcaps>Player's Runes:</allcaps>
Player's Rune count for their turn.","<allcaps>Player's Runes:</allcaps>
Player's Rune count for their turn.","<allcaps>玩家符文：</allcaps>
该玩家本回合的符文数量。",workbench
cotg,TMP Text,"<allcaps>Center Row Draw Pile:</allcaps>
The Center Row cards are drawn from here.","<allcaps>Center Row Draw Pile:</allcaps>
The Center Row cards are drawn from here.","<allcaps>中央牌库：</allcaps>
中央牌列的卡牌从此处抽出。",workbench
cotg,TMP Text,"<allcaps>Center Row:</allcaps>
This Center Row contains the cards you can acquire or defeat.","<allcaps>Center Row:</allcaps>
This Center Row contains the cards you can acquire or defeat.","<allcaps>中央牌列：</allcaps>
此处是你可以获取或击败的卡牌。",workbench
cotg,TMP Text,"<allcaps>Global Honor Pool:</allcaps>
Honor Points for the game are drawn from this pool.","<allcaps>Global Honor Pool:</allcaps>
Honor Points for the game are drawn from this pool.","<allcaps>全局荣誉池：</allcaps>
对局的荣誉点数从此池抽取。",workbench
cotg,TMP Text,Cultist,Cultist,邪教徒,workbench
cotg,TMP Text,Power Card Deck,Power Card Deck,战力牌库,workbench
cotg,TMP Text,Rune Card Deck,Rune Card Deck,符文牌库,workbench
cotg,TMP Text,"Top Area
",Top Area,顶部区域,workbench
cotg,TMP Text,"RARITY & SET ICON
Each <sprite=146> represents a copy of the card in the center deck.","RARITY & SET ICON
Each <sprite=146> represents a copy of the card in the center deck.","稀有度与系列图标
每个 <sprite=146> 代表中央牌库中该牌的一份复制。",workbench
cotg,TMP Text,"COST
The amount of Power you must spend to acquire this card.","COST
The amount of Power you must spend to acquire this card.","费用
获取此牌必须花费的战力。",workbench
cotg,TMP Text,"REWARD
What this monster does when defeated.","REWARD
What this monster does when defeated.","奖励
击败此怪物时发生的事。",workbench
cotg,TMP Text,NAME,NAME,名称,workbench
cotg,TMP Rules Text,"
<b>Reward:</b> Gain <sprite=65>.  Draw two cards.",<b>Reward:</b> Gain <sprite=65>.  Draw two cards.,<b>奖励：</b> 获得<sprite=65>. 抽两张牌。,workbench
cotg,TMP Class Text,Monster,Monster,怪物,workbench
cotg,TMP Title,<size=104>E</size>arth Tyrant,<size=104>E</size>arth Tyrant,大地暴君,workbench
cotg,TMP Text,Monsters,Monsters,怪物,workbench
cotg,TMP Text,"FLAVOR TEXT
Flavor text has no game effect.","FLAVOR TEXT
Flavor text has no game effect.","风味文本
风味文本没有游戏效果。",workbench
cotg,TMP Text,"EFFECT
What the card does when played or in play.","EFFECT
What the card does when played or in play.","效果
此牌打出时或在战场上的作用。",workbench
cotg,TMP Text,"COST
The number of Runes you must spend to acquire this card.","COST
The number of Runes you must spend to acquire this card.","费用
获取此牌必须花费的符文。",workbench
cotg,TMP Text,"HONOR
How much Honor this card is worth.","HONOR
How much Honor this card is worth.","荣誉
此牌值多少荣誉。",workbench
cotg,TMP Text,"FACTION
There are 4 different factions:
<color=#4cbbeb>Enlightened
<color=#7fc241>Lifebound
<color=#b6b6b6>Mechana
<color=#bb8bbe>Void
","FACTION
There are 4 different factions:
<color=#4cbbeb>Enlightened
<color=#7fc241>Lifebound
<color=#b6b6b6>Mechana
<color=#bb8bbe>Void","派系
共有4个不同派系：
<color=#4cbbeb>圣贤
<color=#7fc241>命约
<color=#b6b6b6>机械
<color=#bb8bbe>虚空",workbench
cotg,TMP Flavor Text,This is the flavor part.,This is the flavor part.,此为风味文字。,workbench
cotg,TMP Rules Text,"Once per turn, when you acquire another Mechana Construct, you may put it directly in play.","Once per turn, when you acquire another Mechana Construct, you may put it directly in play.","每回合一次，当你获取另一机械神器, 你可以将它放置直接在 打出。",workbench
cotg,TMP Class Text,Mechana Construct,Mechana Construct,机械神器,workbench
cotg,TMP Title,<size=104>R</size>ocket Courier X-99,<size=104>R</size>ocket Courier X-99,火箭信使X-99,workbench
cotg,TMP Text,Constructs,Constructs,神器,workbench
cotg,TMP Flavor Text,Sharpen the mind and the sword will follow.,Sharpen the mind and the sword will follow.,磨砺心智，利剑自随。,workbench
cotg,TMP Rules Text,"
Defeat a Monster that has <sprite=4>or less.",Defeat a Monster that has <sprite=4>or less.,击败一个怪物该 具有<sprite=4>或更低。,workbench
cotg,TMP Title,<size=104>A</size>rha Templar,<size=104>A</size>rha Templar,亚哈圣殿武士,workbench
cotg,TMP Text,Heroes,Heroes,英雄,workbench
cotg,TMP Body Text,"The game ends when a certain amount of Honor has been earned, depending on the number of players.

	

<align=center>
2 Players = <sprite=77> Honor   3 Players = <sprite=78> Honor   4 Players = <sprite=79> Honor<br></align><br>When the final Honor point is earned, the game ends at the end of the current round (after the last player to start the game takes a turn).  Thus, each player will play the same number of turns during the course of the game and may still gain Honor even when the Honor pool is depleted.<br><br>

Cards in each player's deck are also worth Honor points, indicated by the number in the Honor symbol (<sprite=64>) in the bottom left corner of each card.  When the game is over, all Honor points from Heroes and Constructs in your deck and hand are added to the Honor you gained during the game.  The player with the most total Honor is the winner!<br><br>If multiple players have the same number of Honor Points, the last player to start wins (i.e., the starting player loses all ties, the second player loses to the third and fouth, etc.).<br><br>","The game ends when a certain amount of Honor has been earned, depending on the number of players.

<align=center>
2 Players = <sprite=77> Honor   3 Players = <sprite=78> Honor   4 Players = <sprite=79> Honor<br></align><br>When the final Honor point is earned, the game ends at the end of the current round (after the last player to start the game takes a turn).  Thus, each player will play the same number of turns during the course of the game and may still gain Honor even when the Honor pool is depleted.<br><br>

Cards in each player's deck are also worth Honor points, indicated by the number in the Honor symbol (<sprite=64>) in the bottom left corner of each card.  When the game is over, all Honor points from Heroes and Constructs in your deck and hand are added to the Honor you gained during the game.  The player with the most total Honor is the winner!<br><br>If multiple players have the same number of Honor Points, the last player to start wins (i.e., the starting player loses all ties, the second player loses to the third and fouth, etc.).<br><br>","游戏在获得一定数量的荣誉后结束，所需数量取决于玩家人数。

<align=center>
2人 = <sprite=77> 荣誉   3人 = <sprite=78> 荣誉   4人 = <sprite=79> 荣誉<br></align><br>当最后一点荣誉被获得时，游戏在本轮结束时结束（在开局顺序最后的玩家完成其回合之后）。因此，整局中每位玩家的回合数相同；即使荣誉池已空，仍可继续获得荣誉。<br><br>

每位玩家牌库中的卡牌也计荣誉点数，见卡牌左下角荣誉符号（<sprite=64>）中的数字。游戏结束时，将你牌库与手牌中英雄和神器的荣誉，加到对局中已获得的荣誉上。总荣誉最高的玩家获胜！<br><br>若多名玩家荣誉点数相同，开局顺序最靠后的玩家获胜（即起始玩家在所有平局中落败，第二玩家输给第三、第四玩家，以此类推）。<br><br>",workbench
cotg,TMP Text,Game End:,Game End:,游戏结束：,workbench
cotg,TMP Body Text,"<margin-right=8em>To defeat a Monster, you must have enough Power.  You may defeat any number of Monsters as long as you have enough Power.  Cards that are eligible to be defeated will glow red. 



","<margin-right=8em>To defeat a Monster, you must have enough Power.  You may defeat any number of Monsters as long as you have enough Power.  Cards that are eligible to be defeated will glow red.",<margin-right=8em>要击败怪物，你必须有足够的战力。只要战力足够，你可以击败任意数量的怪物。可以击败的卡牌会发出红光。,workbench
cotg,TMP Rules Text,"
<size=64><align=center>Reward: <sprite=65></align></size>

(The Cultist does not go to the void when defeated. You can defeat the Cultist any number of times each turn.)

","<size=64><align=center>Reward: <sprite=65></align></size>

(The Cultist does not go to the void when defeated. You can defeat the Cultist any number of times each turn.)","
<size=64><align=center>奖励： <sprite=65></align></size>

（邪教徒被击败时不会进入虚空区。你每回合可以任意次数击败邪教徒。）

",workbench
cotg,TMP Rules Text,"<align=center>Reward: <sprite=65></align></size>

(The Cultist does not go to the void when defeated. You can defeat the Cultist any number of times each turn.)

","<align=center>Reward: <sprite=65></align></size>

(The Cultist does not go to the void when defeated. You can defeat the Cultist any number of times each turn.)","<align=center>奖励： <sprite=65></align></size>

（邪教徒被击败时不会进入虚空区。你每回合可以任意次数击败邪教徒。）

",workbench
cotg,TMP Text,Defeating Monsters:,Defeating Monsters:,击败怪物：,workbench
cotg,TMP Body Text,"<margin-right=8em>
You need Runes to acquire Heroes and Constructs.  Runes come from Heroes played from your hand or from Constructs you have in play.  You may acquire any number of cards as long as you have enough Runes.  Cards that are eligible to be acquired will glow green.

","<margin-right=8em>
You need Runes to acquire Heroes and Constructs.  Runes come from Heroes played from your hand or from Constructs you have in play.  You may acquire any number of cards as long as you have enough Runes.  Cards that are eligible to be acquired will glow green.","<margin-right=8em>
你需要符文来获取英雄和神器。符文来自打出的手牌英雄，或你战场上的神器。只要符文足够，你可以获取任意数量的卡牌。可以获取的卡牌会发出绿光。",workbench
cotg,TMP Class Text,Hero,Hero,英雄,workbench
cotg,TMP Text,Acquiring Heroes and Constructs:,Acquiring Heroes and Constructs:,获取英雄与神器：,workbench
cotg,TMP Body Text,"1. <indent=4%>Play cards from your hand to gain Runes, Power, and Honor.  Acquire Heroes and Constructs for future turns.  Defeat Monsters for Honor and rewards.

</indent>

2. <indent=4%>After you are done acquiring Heroes and Constructs and defeating Monsters, all cards in your hand are placed into your discard pile.

</indent>

3. <indent=4%>You are dealt five cards from your personal deck to replenish your hand.  If you run out of cards, your discard pile will automatically be shuffled and the cards will be moved to your personal deck.

</indent>

","1. <indent=4%>Play cards from your hand to gain Runes, Power, and Honor.  Acquire Heroes and Constructs for future turns.  Defeat Monsters for Honor and rewards.

</indent>

2. <indent=4%>After you are done acquiring Heroes and Constructs and defeating Monsters, all cards in your hand are placed into your discard pile.

</indent>

3. <indent=4%>You are dealt five cards from your personal deck to replenish your hand.  If you run out of cards, your discard pile will automatically be shuffled and the cards will be moved to your personal deck.

</indent>","1. <indent=4%>打出手牌以获得符文、战力和荣誉。获取英雄与神器供之后的回合使用。击败怪物以获得荣誉和奖励。

</indent>

2. <indent=4%>完成获取英雄与神器、击败怪物后，手牌全部置入你的弃牌堆。

</indent>

3. <indent=4%>从你的个人牌库发五张牌补满手牌。若牌库抽空，弃牌堆会自动洗牌并移入你的个人牌库。

</indent>",workbench
cotg,TMP Text,Play Order:,Play Order:,出牌顺序：,workbench
cotg,TMP Honor Text,"<indent=4em><b>HONOR:</b> Honor is the key to victory in Ascension.  Whoever earns the most Honor throughout the game wins and earns the title of Godslayer! 

",<indent=4em><b>HONOR:</b> Honor is the key to victory in Ascension.  Whoever earns the most Honor throughout the game wins and earns the title of Godslayer!,<indent=4em><b>荣誉：</b>荣誉是创升纪元取胜的关键。整局获得最多荣誉的玩家获胜，并赢得弑神者称号！,workbench
cotg,TMP Power Text,"<indent=4em><b>POWER:</b> Power is the second resource in Ascension.  Power is used to defeat Monsters and earn rewards. 


",<indent=4em><b>POWER:</b> Power is the second resource in Ascension.  Power is used to defeat Monsters and earn rewards.,<indent=4em><b>战力：</b>战力是创升纪元的第二种主要资源。战力用于击败怪物并获得奖励。,workbench
cotg,TMP Rune Text,"<indent=4em><b>RUNES:</b> Runes are one of the two main resources in Ascension.  Runes are used to acquire Heroes and Constructs so you can add them to your deck.

",<indent=4em><b>RUNES:</b> Runes are one of the two main resources in Ascension.  Runes are used to acquire Heroes and Constructs so you can add them to your deck.,<indent=4em><b>符文：</b>符文是创升纪元两种主要资源之一。符文用于获取英雄和神器，将它们加入你的牌库。,workbench
cotg,TMP Text,Resources:,Resources:,资源：,workbench
cotg,TMP Body Text,"For millennia, the world of <b>Vigil</b> has been isolated and protected from other realms.  Now, the barrier between dimensions is failing, and <b>Samael, the Fallen God</b>, has returned with his army of Monsters from the beyond!

You are one of the few warriors capable of facing this threat and defending your world, but you cannot do it alone! You must summon powerful Heroes and Constructs to aid you in your battles.

The player who gains the most <b>Honor Points</b> will lead his army to defeat the <b>Fallen One</b> and earn the title of <b>Godslayer. ","For millennia, the world of <b>Vigil</b> has been isolated and protected from other realms.  Now, the barrier between dimensions is failing, and <b>Samael, the Fallen God</b>, has returned with his army of Monsters from the beyond!

You are one of the few warriors capable of facing this threat and defending your world, but you cannot do it alone! You must summon powerful Heroes and Constructs to aid you in your battles.

The player who gains the most <b>Honor Points</b> will lead his army to defeat the <b>Fallen One</b> and earn the title of <b>Godslayer.","千百年来，<b>祈夜</b>的世界与其他位面隔绝并受其保护。如今，维度之间的屏障正在崩坏，<b>堕落之神萨麦尔</b>带着他的怪物大军自彼方归来！

你是少数能直面此威胁、保卫世界的勇士之一，但你无法独自完成！你必须召唤强大的英雄与神器助战。

获得最多<b>荣誉点数</b>的玩家将率领大军击败<b>堕落者</b>，赢得<b>弑神者</b>的称号。",workbench
dlrm,TMP Body Text,"Long ago, the god Adayu lost his grip on reality, and in his madness, unraveled the realms of Vigil. Heroes from the four factions rose to save their shattered world, and from the ashes rose a new world, New Vigil.

Even after Adayu’s redemption, New Vigil remained littered with portals to previously unreachable worlds - a final gift from the mad god. One such world was the Dreamscape, a realm of dreams and nightmares, where no conscious being was ever meant to enter.

It wasn’t long before the factions of New Vigil found their way into the Dreamscape, and a war for dominance began. Thousands upon thousands died in that realm, a place death’s icy fingers had never touched, and the Dreamscape began to warp.

Pasythea, the Aegis, Guardian of the Dreamscape, witnessed the corruption of her realm and feared that a prolonged war would mean annihilation for conscious and unconscious beings alike.

Pasythea chose to banish the factions from her domain, forcing champion after champion back into the conscious world.  In her final moment, mortally wounded by Emri, Champion of the Void, The Aegis warded the gate to New Vigil, cutting off the Dreamscape forever.

Or so she thought.

It was in the Valley of the Ancients, hidden away in the forgotten jungles of the world, that explorers came upon a new gate to the Dreamscape. The foolhardy explorers opened the portal. They saw into the unconscious realm and learned the consequences of their ancestor’s meddling.

A broken Dreamscape, twisted by the war between the conscious and the unconscious, poured madness into the world. The corrupted energy infected the factions of New Vigil, manifesting their wildest dreams and darkest nightmares as unthinkable versions of their champions.

Now, the world is in a state of delirium, and the twisted heroes of New Vigil must rise to push back the tide of monsters and madness.","Long ago, the god Adayu lost his grip on reality, and in his madness, unraveled the realms of Vigil. Heroes from the four factions rose to save their shattered world, and from the ashes rose a new world, New Vigil.

Even after Adayu’s redemption, New Vigil remained littered with portals to previously unreachable worlds - a final gift from the mad god. One such world was the Dreamscape, a realm of dreams and nightmares, where no conscious being was ever meant to enter.

It wasn’t long before the factions of New Vigil found their way into the Dreamscape, and a war for dominance began. Thousands upon thousands died in that realm, a place death’s icy fingers had never touched, and the Dreamscape began to warp.

Pasythea, the Aegis, Guardian of the Dreamscape, witnessed the corruption of her realm and feared that a prolonged war would mean annihilation for conscious and unconscious beings alike.

Pasythea chose to banish the factions from her domain, forcing champion after champion back into the conscious world.  In her final moment, mortally wounded by Emri, Champion of the Void, The Aegis warded the gate to New Vigil, cutting off the Dreamscape forever.

Or so she thought.

It was in the Valley of the Ancients, hidden away in the forgotten jungles of the world, that explorers came upon a new gate to the Dreamscape. The foolhardy explorers opened the portal. They saw into the unconscious realm and learned the consequences of their ancestor’s meddling.

A broken Dreamscape, twisted by the war between the conscious and the unconscious, poured madness into the world. The corrupted energy infected the factions of New Vigil, manifesting their wildest dreams and darkest nightmares as unthinkable versions of their champions.

Now, the world is in a state of delirium, and the twisted heroes of New Vigil must rise to push back the tide of monsters and madness.","很久以前，神明阿达尤失去了对现实的掌控；在疯狂中，他解开了祈夜诸界。四派系的英雄奋起拯救破碎的世界，灰烬中升起新世界：新祈夜。

即便在阿达尤得赎之后，新祈夜仍布满通往往昔不可及世界的传送门——那是疯神留下的最后礼物。其一便是梦境：梦与梦魇之界，本不应有清醒生命踏入。

不久，新祈夜各派系找到进入梦境之路，争夺主宰的战争爆发。成千上万死于那片连死亡冰指也未曾触碰之地，梦境开始扭曲。

梦境守卫、神盾帕西提亚目睹领域腐化，唯恐久战将令清醒与沉睡的生灵同归于尽。

帕西提亚选择将各派系逐出其域，一任冠军又一位冠军被赶回清醒世界。在她最后时刻，被虚空冠军艾姆瑞重创的神盾守护通往新祈夜的门，将梦境永久隔绝。

至少她如此以为。

在上古山谷——隐于被遗忘丛林深处——探险者发现了通往梦境的新门。鲁莽的探险者打开了传送门。他们窥见无意识领域，也得知祖先干涉的后果。

被清醒与无意识之战扭曲的破碎梦境，将疯狂倾注入世。腐化能量感染新祈夜各派，把最狂妄的梦与最黑暗的梦魇化为不可思议的冠军变体。

如今世界陷入谵妄，新祈夜被扭曲的英雄必须挺身击退怪物与疯狂之潮。",workbench
dlrm,TMP Text,"Endless possibilities await...
",Endless possibilities await...,无尽可能正在等待……,workbench
dlrm,TMP Body Text,"The Delirium Die is a special Ascension 6-sided die that can be rolled to gain different effects. During a player’s turn, that player may spend <sprite=117> to roll the Delirium Die. When the die is rolled, the player gains whatever effect is listed on the side facing up.
","The Delirium Die is a special Ascension 6-sided die that can be rolled to gain different effects. During a player’s turn, that player may spend <sprite=117> to roll the Delirium Die. When the die is rolled, the player gains whatever effect is listed on the side facing up.",谵妄骰是一枚特殊的创升纪元六面骰，掷出可获得不同效果。在玩家回合中，该玩家可花费 <sprite=117> 掷谵妄骰。骰子停下后，玩家获得朝上那一面所列的效果。,workbench
dlrm,TMP Text,Delirium Die,Delirium Die,谵妄骰,workbench
dlrm,TMP Body Text,"<margin-right=12em>When a card with Fate Aution enters the center row, players may bid <sprite=112> to gain the effect listed underneath the Fate text. Starting with the active player and moving clockwise, each player may bid <sprite=112>. To bid, a player must bid at least <sprite=113>, must bid higher than the current bid and cannot bid more <sprite=112> than they have. If a player chooses not to bid or can’t bid, that player is out. Players continue making bids until one person is left in the running. The player that wins the Auction must pay <sprite=112> equal to their winning bid and copies the effect of the Auction card immediately.","<margin-right=12em>When a card with Fate Aution enters the center row, players may bid <sprite=112> to gain the effect listed underneath the Fate text. Starting with the active player and moving clockwise, each player may bid <sprite=112>. To bid, a player must bid at least <sprite=113>, must bid higher than the current bid and cannot bid more <sprite=112> than they have. If a player chooses not to bid or can’t bid, that player is out. Players continue making bids until one person is left in the running. The player that wins the Auction must pay <sprite=112> equal to their winning bid and copies the effect of the Auction card immediately.",<margin-right=12em>当带有天命拍卖的卡牌进入中央牌列时，玩家可出价 <sprite=112> 以获得天命文字下方所列效果。从当前玩家起顺时针，每位玩家可出价 <sprite=112>。出价至少须为 <sprite=113>，必须高于当前出价，且不能超过自己拥有的 <sprite=112>。若玩家选择不出价或无法出价，则退出。玩家继续出价，直到只剩一人。拍卖胜者须支付与其胜出出价等量的 <sprite=112>，并立即复制该拍卖牌的效果。,workbench
dlrm,TMP Rules Text,"Draw a card. If you control two or more Constructs, draw an additional card.","Draw a card. If you control two or more Constructs, draw an additional card.","抽一张牌. 若你控制的两件或更多神器, 额外抽一张牌。",workbench
dlrm,TMP Fate Text,"<b>Fate: Auction</b> <sprite=112
> to gain the effect below.","<b>Fate: Auction</b> <sprite=112
> to gain the effect below.","<b>天命： 竞拍</b> <sprite=112
> 以获得效果下方。",workbench
dlrm,TMP Class Text,Mechana Hero,Mechana Hero,机械英雄,workbench
dlrm,TMP Title,<size=104>I</size>nferna Templar,<size=104>I</size>nferna Templar,炼狱圣殿武士,workbench
dlrm,TMP Text,Fate - Auction,Fate - Auction,天命 - 竞拍,workbench
dlrm,TMP Body Text,"<margin-right=12em>When you play a card with Recur, first gain the effect listed above the Recur text. Then, you may spend <sprite=112> equal to the number listed for the Recur cost. If you do, gain the effect of the card a second time. You may only use a Recur ability once per card.

For example: When you play Nihil Chemist <i>(pictured on the right)</i>, You first gain <sprite=1> and you may banish a card in your hand or discard pile. After that, you have the option to Recur the effect by paying <sprite=114>. If you pay the Recur cost, you would gain an additional <sprite=1> and would have the option to banish an additional card. You can only Recur this card once when you play it. ","<margin-right=12em>When you play a card with Recur, first gain the effect listed above the Recur text. Then, you may spend <sprite=112> equal to the number listed for the Recur cost. If you do, gain the effect of the card a second time. You may only use a Recur ability once per card.

For example: When you play Nihil Chemist <i>(pictured on the right)</i>, You first gain <sprite=1> and you may banish a card in your hand or discard pile. After that, you have the option to Recur the effect by paying <sprite=114>. If you pay the Recur cost, you would gain an additional <sprite=1> and would have the option to banish an additional card. You can only Recur this card once when you play it.","<margin-right=12em>当你打出带有复发的卡牌时，先获得复发文字上方列出的效果。然后，你可以花费与复发费用所列数字等量的<sprite=112>。若如此做，再获得该牌效果一次。每张牌的复发能力每张只能使用一次。

例如：当你打出虚无化学师<i>（右图）</i>时，你先获得<sprite=1>，并可以放逐一张手牌或弃牌堆中的卡牌。之后，你可以支付<sprite=114>来复发该效果。若支付复发费用，你会再获得<sprite=1>，并可再放逐一张牌。打出此牌时只能复发一次。",workbench
dlrm,TMP Rules Text,Gain <sprite=1>. You may banish a card in your hand or discard pile.<br>You may pay <sprite=114> to Recur. <i>(Gain the effect listed above an additional time.  You may only Recur ONCE.),Gain <sprite=1>. You may banish a card in your hand or discard pile.<br>You may pay <sprite=114> to Recur. <i>(Gain the effect listed above an additional time.  You may only Recur ONCE.),获得<sprite=1>. 你可以从手牌或弃牌堆放逐一张卡牌.<br>你可以支付 <sprite=114> 以复发. <i>(再额外获得一次上方列出的效果. 每回合只能复发一次.)</i>,workbench
dlrm,TMP Class Text,Void Hero,Void Hero,虚空英雄,workbench
dlrm,TMP Title,<size=104>N</size>ihil Chemist,<size=104>N</size>ihil Chemist,虚无药剂师,workbench
dlrm,TMP Text,Recur,Recur,复发,workbench
dlrm,TMP Body Text,"<margin-right=12em>Dreamborn cards can be identified by their gold Dreamborn card frame.

When a Dreamborn card enters the center row, EACH player gains <sprite=113>. Additionally, when a player acquires a Dreamborn card, ONLY THAT player gains <sprite=113>.
","<margin-right=12em>Dreamborn cards can be identified by their gold Dreamborn card frame.

When a Dreamborn card enters the center row, EACH player gains <sprite=113>. Additionally, when a player acquires a Dreamborn card, ONLY THAT player gains <sprite=113>.","<margin-right=12em>梦生卡可通过金色的梦生卡框辨认。

当梦生卡进入中央牌列时，每位玩家获得<sprite=113>。此外，当一名玩家获取梦生卡时，仅该玩家获得<sprite=113>。",workbench
dlrm,TMP Rules Text,Defeat a Monster in the center row or the void without paying its cost. Put that Monster on the bottom of the center deck.,Defeat a Monster in the center row or the void without paying its cost. Put that Monster on the bottom of the center deck.,击败一个怪物在中央牌列或 虚空区无需支付费用. 放置该 怪物置于其底： 传送门牌库。,workbench
dlrm,TMP Dreamborn Text,Dreamborn,Dreamborn,梦生,workbench
dlrm,TMP Title,<size=104>E</size>mri Lightbringer,<size=104>E</size>mri Lightbringer,携光者艾姆瑞,workbench
dlrm,TMP Text,"Dreamborn Cards
",Dreamborn Cards,梦生卡牌,workbench
dlv,TMP Body Text,"The Dreamscape was sealed, locked away by the champions of New Vigil, and protected by its defender: Pasetheya, the Aegis.<br><br>But no doors stay locked forever.<br><br>It was in the Valley of the Ancients, in the forgotten jungles of the world, that explorers came upon a new gate to the Dreamscape; a portal manifest during the years of Adayu’s madness.<br><br>Despite the warnings, they broke open the portal and could only watch as all the horrors of the unconscious realm flooded into their world in a tidal wave of delirium.<br><br>Emri, Dhartha, Kor, and Cetra, the immortal champions of New Vigil, fought desperately to close the gate, but in the end, they found themselves among the first of the Dreamscape’s victims, warped by its power.<br><br>The energy seeped into the ground, infected the plants and animals, and changed the nature of all things. New and terrifying monsters sprung up, bringing death, madness, and chaos to the people of every faction.<br><br>But from the chaos, new heroes rose up, different from the champions of old. These heroes did not reject the dreamscape energy; they embraced it. Learning to wield it as weapons, channel it as magic, and harness it as fuel for their machines.<br><br>This is the final push to free the land from madness once and for all. As New Vigil dissolves into a state of delirium, you must lead the champions of the old world and the heroes of the new to call forth Pasythea, the protector of the Dreamscape, to seal the gate and stabilize the world.<br><br>New Vigil’s deliverance is in your hands!","The Dreamscape was sealed, locked away by the champions of New Vigil, and protected by its defender: Pasetheya, the Aegis.<br><br>But no doors stay locked forever.<br><br>It was in the Valley of the Ancients, in the forgotten jungles of the world, that explorers came upon a new gate to the Dreamscape; a portal manifest during the years of Adayu’s madness.<br><br>Despite the warnings, they broke open the portal and could only watch as all the horrors of the unconscious realm flooded into their world in a tidal wave of delirium.<br><br>Emri, Dhartha, Kor, and Cetra, the immortal champions of New Vigil, fought desperately to close the gate, but in the end, they found themselves among the first of the Dreamscape’s victims, warped by its power.<br><br>The energy seeped into the ground, infected the plants and animals, and changed the nature of all things. New and terrifying monsters sprung up, bringing death, madness, and chaos to the people of every faction.<br><br>But from the chaos, new heroes rose up, different from the champions of old. These heroes did not reject the dreamscape energy; they embraced it. Learning to wield it as weapons, channel it as magic, and harness it as fuel for their machines.<br><br>This is the final push to free the land from madness once and for all. As New Vigil dissolves into a state of delirium, you must lead the champions of the old world and the heroes of the new to call forth Pasythea, the protector of the Dreamscape, to seal the gate and stabilize the world.<br><br>New Vigil’s deliverance is in your hands!",梦境曾被新祈夜的冠军封闭，并由其守护者神盾帕西提亚守护。<br><br>但没有门能永远锁住。<br><br>正是在上古山谷、被遗忘的丛林中，探险者发现了通往梦境的新门——阿达尤疯狂岁月中显现的传送门。<br><br>不顾警告，他们强行打开门户，只能眼看着无意识领域的一切恐怖如谵妄潮水涌入其世界。<br><br>艾姆瑞、达尔塔、科尔与塞特拉——新祈夜的不朽冠军——拼死试图关闭门户，最终却成为梦境最早的受害者，被其力量扭曲。<br><br>能量渗入土地，感染动植物，改变万物本性。新而可怖的怪物涌现，给各派人民带来死亡、疯狂与混乱。<br><br>但混乱中也升起新英雄，不同于往日冠军。他们不拒梦境能量，反而拥抱它：当作武器、当作魔法、当作机械的燃料。<br><br>这是将土地从疯狂中永久解放的最后一击。当新祈夜溶解于谵妄，你必须率领旧世界的冠军与新世界的英雄，唤来梦境守护者帕西提亚，封闭门户并稳定世界。<br><br>新祈夜的救赎，握在你手中！,workbench
dlv,TMP Text,"The world will never be the same.
",The world will never be the same.,世界将从此不同。,workbench
dlv,TMP Body Text,"<margin-right=12em>Dreambind Monsters can be controlled and used in your deck if you pay their Dreambind cost. When you defeat a Dreambind Monster, first gain its reward, then you may pay the Dreambind <sprite=112> cost listed in the text. If you do, the Monster goes to your discard pile instead of the Void. Whenever you play a Dreambind Monster from your hand, gain its reward. You do not have to pay the Dreambind cost every time you play it to keep it in your deck.","<margin-right=12em>Dreambind Monsters can be controlled and used in your deck if you pay their Dreambind cost. When you defeat a Dreambind Monster, first gain its reward, then you may pay the Dreambind <sprite=112> cost listed in the text. If you do, the Monster goes to your discard pile instead of the Void. Whenever you play a Dreambind Monster from your hand, gain its reward. You do not have to pay the Dreambind cost every time you play it to keep it in your deck.",<margin-right=12em>若支付梦缚费用，梦缚怪物可被控制并加入你的牌库。当你击败梦缚怪物时，先获得其奖励，然后可以支付文字中列出的梦缚<sprite=112>费用。若如此做，该怪物进入你的弃牌堆而非虚空区。每当你从手牌打出梦缚怪物时，获得其奖励。之后每次打出无需再支付梦缚费用即可将其留在牌库中。,workbench
dlv,TMP Flavor Text,A wish granted is a dream destroyed,A wish granted is a dream destroyed,愿望得偿，便是一梦成灰,workbench
dlv,TMP Rules Text,"<b>Reward:</b> Gain <sprite=67>. Take <sprite=113> from an opponent.
<b>Dreambind:</b> <sprite=113>","<b>Reward:</b> Gain <sprite=67>. Take <sprite=113> from an opponent.
<b>Dreambind:</b> <sprite=113>","<b>奖励：</b> 获得<sprite=67>. 拿取<sprite=113> 从对手.
<b>梦缚:</b> <sprite=113>",workbench
dlv,TMP Title,<size=104>W</size>arprogue,<size=104>W</size>arprogue,扭曲游荡者,workbench
dlv,TMP Text,Dreambind Monsters,Dreambind Monsters,梦缚怪物,workbench
dlv,TMP Body Text,"<margin-right=12em>A Hero with Phantasm can be played directly from the center row. During your turn, you may pay the <sprite=112> cost listed in the Phantasm text. If you do, you play that card right then and there. Gain its effect and then banish it to the Void. Keep in mind, that for effects such as Unite, a card played with Phantasm counts for those bonuses. Cards with Phantasm can also be acquired as normal by paying their <sprite=32>cost.","<margin-right=12em>A Hero with Phantasm can be played directly from the center row. During your turn, you may pay the <sprite=112> cost listed in the Phantasm text. If you do, you play that card right then and there. Gain its effect and then banish it to the Void. Keep in mind, that for effects such as Unite, a card played with Phantasm counts for those bonuses. Cards with Phantasm can also be acquired as normal by paying their <sprite=32>cost.",<margin-right=12em>带有幻象的英雄可以直接从中央牌列打出。在你的回合中，你可以支付幻象文字所列的<sprite=112>费用。若如此做，立即打出该牌：获得其效果，然后将其放逐到虚空区。请记住，对于联合等效果，以幻象打出的牌也计入加成。带有幻象的卡牌也可以照常支付<sprite=32>费用获取。,workbench
dlv,TMP Flavor Text,My blade severs both flesh and soul,My blade severs both flesh and soul,我的刃切断血肉，也切断灵魂,workbench
dlv,TMP Rules Text,"Phantasm - While this is in the center row, you may pay <sprite=117> to banish and play this.<br>Draw two cards.","Phantasm - While this is in the center row, you may pay <sprite=117> to banish and play this.<br>Draw two cards.","幻象 - 当此牌在中央牌列, 你可以支付 <sprite=117> 以放逐和 打出此.<br>抽两张牌。",workbench
dlv,TMP Title,<size=104>A</size>ether Warrior,<size=104>A</size>ether Warrior,以太战士,workbench
dlv,TMP Text,Phantasm,Phantasm,幻象,workbench
dlv,TMP Body Text,"<margin-right=12em>At the start of the game, place Pasythea on the board, at the top slot designated for her. Any player may pay her <sprite=112> cost during their turn to acquire her straight to their hand.<br><br>Pasythea does not count as a card in the center row.","<margin-right=12em>At the start of the game, place Pasythea on the board, at the top slot designated for her. Any player may pay her <sprite=112> cost during their turn to acquire her straight to their hand.<br><br>Pasythea does not count as a card in the center row.",<margin-right=12em>对局开始时，将帕西提亚放在为其预留的顶部栏位。任何玩家可在其回合支付她的<sprite=112>费用，将她直接获取到手牌。<br><br>帕西提亚不计入中央牌列的卡牌。,workbench
dlv,TMP Rules Text,"This Hero Counts as all factions.<br>When you acquire this, it goes directly to your hand.
Gain <sprite=34>, <sprite=2>, <sprite=66> and draw a card.
","This Hero Counts as all factions.<br>When you acquire this, it goes directly to your hand.
Gain <sprite=34>, <sprite=2>, <sprite=66> and draw a card.","此英雄视为所有派系。<br>当你获取此牌时，它直接进入你的手牌。
获得 <sprite=34>、<sprite=2>、<sprite=66> 并抽一张牌。",workbench
dlv,TMP Title,"<size=150%>P</size>asythea, The Redeemed","<size=150%>P</size>asythea, The Redeemed",帕西提亚·救赎者,workbench
dlv,TMP Text,Pasythea,Pasythea,帕西提亚,workbench
dlv,TMP Body Text,"<margin-right=12em>When playing with <i>Ascension: Deliverance</i>™, each player starts with an 11th starting card, the Dreamseeker.","<margin-right=12em>When playing with <i>Ascension: Deliverance</i>™, each player starts with an 11th starting card, the Dreamseeker.",<margin-right=12em>使用《创升纪元：救赎》™时，每位玩家开局多一张第11张起始卡：寻梦者。,workbench
dlv,TMP Flavor Text,Deams maketh and dreams breaketh,Deams maketh and dreams breaketh,梦能成事，亦能毁事,workbench
dlv,TMP Rules Text,Gain <sprite=113> and draw a card,Gain <sprite=113> and draw a card,获得<sprite=113> 和抽一张牌,workbench
dlv,TMP Title,<size=104>D</size>reamseeker,<size=104>D</size>reamseeker,寻梦者,workbench
dlv,TMP Text,New starting card - Dreamseeker,New starting card - Dreamseeker,新的起始卡——寻梦者,workbench
dlv,TMP Rules Text,Gain <sprite=34>. You may put the next<br>Construct you acquire this turn directly<br>into play,Gain <sprite=34>. You may put the next<br>Construct you acquire this turn directly<br>into play,获得<sprite=34>. 你可以放置下一<br>神器你 获取本回合直接<br>进入战场,workbench
dlv,TMP Title,<size=104>S</size>tone Artificers,<size=104>S</size>tone Artificers,石神器师,workbench
dlv,TMP Body Text,"Insight (<sprite=112>) is gained through card effects and Dreamborn cards (see below). Unlike most other resources, you do not lose unspent Insight at the end of your turn.<br><br>In <i>Ascension: Deliverance</i>™, players start with different amounts of  <sprite=112>. The player who goes first starts with <sprite=123>. The player who goes second starts with <sprite=113>, third starts with <sprite=114> and fourth starts with <sprite=115>.

","Insight (<sprite=112>) is gained through card effects and Dreamborn cards (see below). Unlike most other resources, you do not lose unspent Insight at the end of your turn.<br><br>In <i>Ascension: Deliverance</i>™, players start with different amounts of  <sprite=112>. The player who goes first starts with <sprite=123>. The player who goes second starts with <sprite=113>, third starts with <sprite=114> and fourth starts with <sprite=115>.",洞察（<sprite=112>）通过卡牌效果与梦生卡获得（见下文）。与大多数资源不同，未花费的洞察在回合结束时不会失去。<br><br>在《创升纪元：救赎》™中，玩家开局拥有的 <sprite=112> 数量不同。先手玩家从 <sprite=123> 开始；第二位从 <sprite=113> 开始，第三位从 <sprite=114> 开始，第四位从 <sprite=115> 开始。,workbench
ds,TMP Body Text,"For the first time since most of its inhabitants can remember, New Vigil is at peace. Rallied by their champions, the four factions drove the Cult of Deofol back into the shadows. This time of prosperity gave way to a cultural and intellectual renaissance that had never been seen before.

Free to once again pursue their own passions, the monks and seers began to catch glimpses of a new realm, seemingly always at the edge of their perception, like a mirage shimmering just beyond the edges of reality. Dismissed as merely visions at first, the shared experiences soon revealed that this was something more, a pocket of creation left behind in the wake of Adayu’s ascendancy. 

This Dreamscape, as the first visitors referred to it, reflected the possibilities and impossibilities that awaited New Vigil and the people that inhabited it, but where there are dreams, there are also nightmares. 

As more people gained access to the dream world, they brought with them their own goals and desires, for better or worse. Seeing the potential for abuse of the new power, the factions chose Pasythea, an Askaran warrior, to serve as the Dreamscape’s guardian in the event that it should need one.

Now, as the factions gain new insight into the possibilities that await them in the Dreamscape, they must also be on guard for those who might abuse the power for their own nefarious ends. Join them in a world of infinite possibilities as they explore the glorious future that awaits New Vigil.

","For the first time since most of its inhabitants can remember, New Vigil is at peace. Rallied by their champions, the four factions drove the Cult of Deofol back into the shadows. This time of prosperity gave way to a cultural and intellectual renaissance that had never been seen before.

Free to once again pursue their own passions, the monks and seers began to catch glimpses of a new realm, seemingly always at the edge of their perception, like a mirage shimmering just beyond the edges of reality. Dismissed as merely visions at first, the shared experiences soon revealed that this was something more, a pocket of creation left behind in the wake of Adayu’s ascendancy.

This Dreamscape, as the first visitors referred to it, reflected the possibilities and impossibilities that awaited New Vigil and the people that inhabited it, but where there are dreams, there are also nightmares.

As more people gained access to the dream world, they brought with them their own goals and desires, for better or worse. Seeing the potential for abuse of the new power, the factions chose Pasythea, an Askaran warrior, to serve as the Dreamscape’s guardian in the event that it should need one.

Now, as the factions gain new insight into the possibilities that await them in the Dreamscape, they must also be on guard for those who might abuse the power for their own nefarious ends. Join them in a world of infinite possibilities as they explore the glorious future that awaits New Vigil.","自大多数居民记事以来，新祈夜首次迎来和平。在冠军号召下，四派系将迪奥弗教团逼回阴影。繁荣催生前所未见的文化与智识复兴。

得以再追热情的僧侣与先知，开始瞥见一个新领域——似乎总在感知边缘，如现实之外颤动的蜃景。起初被视为异象，共享体验很快表明这不止如此：那是阿达尤登升余波中留下的创世残片。

最早造访者称之为梦境，它映照新祈夜及其住民的可能与不可能；有梦便有梦魇。

越来越多人进入梦界，也带入各自目标与欲望，或好或坏。见新力量可能被滥用，各派系选择亚哈战士帕西提亚，在需要时担任梦境守卫。

如今，当各派系洞见梦境中等待的可能时，也须提防为一己私利滥用力量之人。加入他们，在无限可能的世界中，探索新祈夜辉煌的未来。",workbench
ds,TMP Flavor Text,"In the fell clutch of circumstances, I have not winced nor cried aloud. Under the bludgeonings of chance, my head is bloody but unbowed.","In the fell clutch of circumstances, I have not winced nor cried aloud. Under the bludgeonings of chance, my head is bloody but unbowed.",纵身处境遇的魔爪，我未曾畏缩，也未曾高声哭喊。在命运的锤打下，我头破血流，却仍不低头。,workbench
ds,TMP Rules Text,Acquire a Hero in the center row without paying its cost.,Acquire a Hero in the center row without paying its cost.,获取一个英雄在中央牌列无需支付费用。,workbench
ds,TMP Class Text,Lifebound Dream Vision,Lifebound Dream Vision,命约梦境异象,workbench
ds,TMP Title,<size=104>C</size>etra's Respite,<size=104>C</size>etra's Respite,塞特拉的喘息,workbench
ds,TMP Body Text,"<margin-right=12em>Visions are a new card type found in the Dream deck in Ascension: Dreamscape™. When a Vision is acquired from a player’s Dreamscape, it isn’t added to that player’s deck. Instead, the card has an immediate effect on the game. Resolve the effect on the card, then banish it unless it has an Ongoing effect. Visions with Ongoing effects stay face up in front of the player. That effect is considered to be in play for the rest of the game.
","<margin-right=12em>Visions are a new card type found in the Dream deck in Ascension: Dreamscape™. When a Vision is acquired from a player’s Dreamscape, it isn’t added to that player’s deck. Instead, the card has an immediate effect on the game. Resolve the effect on the card, then banish it unless it has an Ongoing effect. Visions with Ongoing effects stay face up in front of the player. That effect is considered to be in play for the rest of the game.",<margin-right=12em>异象是《创升纪元：梦境》™梦境牌库中的新卡牌类型。当玩家从自己的梦境获取异象时，它不会加入该玩家牌库。相反，该牌立即对对局产生效果。结算其效果后将其放逐，除非它具有持续效果。具有持续效果的异象正面朝上留在玩家面前，该效果视为在余下对局中生效。,workbench
ds,TMP Flavor Text,"Victory comes at a cost, but it is cheaper than defeat.","Victory comes at a cost, but it is cheaper than defeat.",胜利要付出代价，但总比战败便宜。,workbench
ds,TMP Rules Text,Defeat a Monster in the center row without paying its cost.,Defeat a Monster in the center row without paying its cost.,击败一个怪物在中央牌列无需支付费用。,workbench
ds,TMP Class Text,Dream Vision,Dream Vision,梦境异象,workbench
ds,TMP Title,<size=104>W</size>icked End,<size=104>W</size>icked End,邪终结,workbench
ds,TMP Text,Vision Cards,Vision Cards,异象卡牌,workbench
ds,TMP Body Text,"<margin-right=12em>Dreamborn cards are new types of Heroes and Constructs that have an effect when they enter the center row and when they are acquired. 

Whenever a Dreamborn card enters the center row, EACH player gains <sprite=113>. Also, whenever a Dreamborn card is acquired, the player that acquired that card gains <sprite=113>.
","<margin-right=12em>Dreamborn cards are new types of Heroes and Constructs that have an effect when they enter the center row and when they are acquired.

Whenever a Dreamborn card enters the center row, EACH player gains <sprite=113>. Also, whenever a Dreamborn card is acquired, the player that acquired that card gains <sprite=113>.","<margin-right=12em>梦生卡是新型英雄与神器：它们在进入中央牌列时以及被获取时都会产生效果。

每当梦生卡进入中央牌列，每位玩家获得<sprite=113>。每当梦生卡被获取，获取该牌的玩家获得<sprite=113>。",workbench
ds,TMP Rules Text,"Once per turn, when you play a Mechana Construct (including this one), add a card to your Dreamscape.","Once per turn, when you play a Mechana Construct (including this one), add a card to your Dreamscape.","每回合一次，当你打出机械神器 (包括此牌), 将一张卡牌加入你的梦境。",workbench
ds,TMP Title,<size=104>S</size>ynapse Spire,<size=104>S</size>ynapse Spire,突触尖塔,workbench
ds,TMP Body Text,"Insight (<sprite=112>) is gained through various card effects and Dreamborn cards (see below). Unlike other resources, you do not lose unspent Insight at the end of your turn.

","Insight (<sprite=112>) is gained through various card effects and Dreamborn cards (see below). Unlike other resources, you do not lose unspent Insight at the end of your turn.",洞察（<sprite=112>）通过各种卡牌效果和梦生卡获得（见下文）。与其他资源不同，未花费的洞察在回合结束时不会失去。,workbench
ds,TMP Body Text,"<margin-right=12em>The biggest new feature in Ascension: Dreamscape™ is the Dreamscape–a hidden set of cards players have access to during the game. Unlike center row cards, each player’s Dreamscape cards are purchasable only by that player. These cards are purchasable during the game with a new resource called Insight (<sprite=112>).

At the beginning of the game, each player is dealt five Dream cards from the Dream deck, from which they will choose three that they then add to their personal Dreamscape. The two remaining unchosen cards should be kept hidden from the other players and are shuffled back into the Dream deck. Set the Dream deck aside for easy access during the game.

The Dream deck includes Heroes, Constructs, and Visions.  In addition to unique frames, Dream cards can also be identified by their  gold borders.

<margin=0>Each player has their own Dreamscape that should be placed face down in front of them. Players may look at the cards in their Dreamscape at any time, but it should be kept hidden from everyone else. Players may purchase cards from their own Dreamscape during their turn at any time they could normally acquire cards from the center row.

","<margin-right=12em>The biggest new feature in Ascension: Dreamscape™ is the Dreamscape–a hidden set of cards players have access to during the game. Unlike center row cards, each player’s Dreamscape cards are purchasable only by that player. These cards are purchasable during the game with a new resource called Insight (<sprite=112>).

At the beginning of the game, each player is dealt five Dream cards from the Dream deck, from which they will choose three that they then add to their personal Dreamscape. The two remaining unchosen cards should be kept hidden from the other players and are shuffled back into the Dream deck. Set the Dream deck aside for easy access during the game.

The Dream deck includes Heroes, Constructs, and Visions.  In addition to unique frames, Dream cards can also be identified by their  gold borders.

<margin=0>Each player has their own Dreamscape that should be placed face down in front of them. Players may look at the cards in their Dreamscape at any time, but it should be kept hidden from everyone else. Players may purchase cards from their own Dreamscape during their turn at any time they could normally acquire cards from the center row.","<margin-right=12em>《创升纪元：梦境》™最大的新内容是梦境——对局中玩家可使用的一组隐藏卡牌。与中央牌列不同，每位玩家的梦境卡只能由该玩家购买。这些卡在对局中用新资源洞察（<sprite=112>）购买。

对局开始时，每位玩家从梦境牌库发五张梦境卡，从中选择三张加入个人梦境。其余两张须对其他玩家保密，并洗回梦境牌库。将梦境牌库放在一旁以便取用。

梦境牌库包含英雄、神器与异象。除独特卡框外，梦境卡也可凭金色边框辨认。

<margin=0>每位玩家有自己的梦境，应正面朝下置于面前。玩家可随时查看自己梦境中的卡牌，但须对其他人保密。玩家可在自己回合中、本可从中央牌列获取卡牌的任何时候，从自己的梦境购买卡牌。",workbench
ds,TMP Flavor Text,"Emri's assassins always find their target,
regardless of where it believes it can hide.","Emri's assassins always find their target,
regardless of where it believes it can hide.","埃姆里的刺客总能找到目标，
无论它自以为能藏到何处。",workbench
ds,TMP Rules Text,This turn you may defeat Monsters in the void as though they were in the center row.,This turn you may defeat Monsters in the void as though they were in the center row.,此回合你可以击败怪物在 虚空区视为在中央牌列。,workbench
ds,TMP Class Text,Void Dream Vision,Void Dream Vision,虚空梦境异象,workbench
ds,TMP Title,<size=104>S</size>talk the Shadows,<size=104>S</size>talk the Shadows,潜行暗影,workbench
ds,TMP Text,"Dreamscape & Dream Deck
",Dreamscape & Dream Deck,梦境与梦境牌库,workbench
du,TMP Body Text,"Darkness has fallen over Vigil. The very shards that many once believed a blessing may now prove to be the harbinger of their doom. Eons ago, the gods fashioned a crystalline prison deep within the void to hold the twisted spawn of Samael and Nyx, a being of such power and corruption that it could not be allowed to roam free. But as the ages flew by and new threats emerged, great cracks in the prison began to appear. When Samael was at last defeated, his son flew into a rage, his fury shattering the crystal cage that once held him into countless pieces. Those shards rained down upon Vigil, bearing inklings of his power...and his vengeance. 



Erabus has been unleashed. 
","Darkness has fallen over Vigil. The very shards that many once believed a blessing may now prove to be the harbinger of their doom. Eons ago, the gods fashioned a crystalline prison deep within the void to hold the twisted spawn of Samael and Nyx, a being of such power and corruption that it could not be allowed to roam free. But as the ages flew by and new threats emerged, great cracks in the prison began to appear. When Samael was at last defeated, his son flew into a rage, his fury shattering the crystal cage that once held him into countless pieces. Those shards rained down upon Vigil, bearing inklings of his power...and his vengeance.

Erabus has been unleashed.","黑暗降临祈夜。许多人曾以为恩赐的碎片，如今可能正是毁灭的先兆。太古之时，诸神在虚空深处造出水晶牢笼，囚禁萨麦尔与尼克斯那扭曲的子嗣——其实力与腐化之深，绝不能放任游荡。但岁月流逝、新威胁出现，牢笼开始出现巨大裂痕。当萨麦尔终于被击败，他的儿子怒火冲天，怒意将曾经困住他的水晶囚笼碎成无数片。那些碎片如雨落向祈夜，带着他力量的余韵……以及他的复仇。

厄拉布斯已被释放。",workbench
du,TMP Body Text,"<margin-right=12em>Transform is a new mechanic introduced in Ascension: Darkness Unleashed™.  Cards that Transform represent beings and objects in the Ascension™ world undergoing dramatic changes.  These begin as one card and change into a different card when certain conditions are met.

Most of the cards that Transform do so based on Energize triggers.  If you would play a card with Transform after meeting its Energize threshold, you instead Transform the card into its new version and put that new card in your hand.  You do not generate any of the effects of the original card, nor is that card considered played.  The card remains in its Transformed state until the end of the game, when it resets to it's starting form.

","<margin-right=12em>Transform is a new mechanic introduced in Ascension: Darkness Unleashed™.  Cards that Transform represent beings and objects in the Ascension™ world undergoing dramatic changes.  These begin as one card and change into a different card when certain conditions are met.

Most of the cards that Transform do so based on Energize triggers.  If you would play a card with Transform after meeting its Energize threshold, you instead Transform the card into its new version and put that new card in your hand.  You do not generate any of the effects of the original card, nor is that card considered played.  The card remains in its Transformed state until the end of the game, when it resets to it's starting form.","<margin-right=12em>转化是《创升纪元：黑暗释放》™引入的新机制。会转化的卡牌代表创升纪元世界中经历剧变的存在与物件。它们先以一种形态出现，在满足特定条件时变为另一张牌。

大多数转化卡基于充能触发。若你在达到其充能阈值后本应打出带转化的卡牌，则改为将该牌转化为新版本并放入你的手牌。你不会产生原牌的任何效果，该牌也不视为已打出。卡牌保持转化状态直至对局结束，届时重置为初始形态。",workbench
du,TMP Flavor Text,"""Gather your forces - tonight,
we come to the aid of Ogo.""","""Gather your forces - tonight,
we come to the aid of Ogo.""","「集合兵力——今夜，
我们前去支援奥戈。」",workbench
du,TMP Rules Text,Gain <sprite=35>.,Gain <sprite=35>.,获得<sprite=35>.,workbench
du,TMP Class Text,Transformed Lifebound Hero,Transformed Lifebound Hero,已转化命约英雄,workbench
du,TMP Title,<size=104>H</size>oniskrot Chieftan,<size=104>H</size>oniskrot Chieftan,霍尼斯克洛特酋长,workbench
du,TMP Flavor Text,"""Do you smell that?""
""Yes... There's more prey to be hunted tonight.""","""Do you smell that?""
""Yes... There's more prey to be hunted tonight.""","「你闻到了吗？」
「是的……今夜还有更多猎物可猎。」",workbench
du,TMP Rules Text,Gain <sprite=33>,Gain <sprite=33>,获得<sprite=33>,workbench
du,TMP Energize Text,<color=#005778ff>Energize <sprite=98>:</color> Transform this into Honiskrot Chieftan. <i>(Ignore the rest of the card's effect.),<color=#005778ff>Energize <sprite=98>:</color> Transform this into Honiskrot Chieftan. <i>(Ignore the rest of the card's effect.),<color=#005778ff>充能 <sprite=98>：</color>将此牌转化为霍尼斯克洛特酋长。<i>（忽略此牌的其余效果。）,workbench
du,TMP Title,<size=104>H</size>oniskrot Tribesman,<size=104>H</size>oniskrot Tribesman,霍尼斯克洛特部族人,workbench
du,TMP Text,Transform Cards:,Transform Cards:,转化卡：,workbench
du,TMP Body Text,"<margin-right=12em>Dark Energy Shards are a new type of Treasure card introduced in Ascension: Darkness Unleashed™.  Dark Energy Shards represent the fragments from Erabus’s crystal prison that absorbed bits of his power before he broke free.  Dark Energy Shards work just like the Energy Shards in Ascension: Rise of Vigil™, except they also have a Fate effect that allows each player to banish a card in their discard pile when they enter the center row.


","<margin-right=12em>Dark Energy Shards are a new type of Treasure card introduced in Ascension: Darkness Unleashed™.  Dark Energy Shards represent the fragments from Erabus’s crystal prison that absorbed bits of his power before he broke free.  Dark Energy Shards work just like the Energy Shards in Ascension: Rise of Vigil™, except they also have a Fate effect that allows each player to banish a card in their discard pile when they enter the center row.",<margin-right=12em>暗能碎片是《创升纪元：黑暗释放》™引入的新宝藏卡。它们代表厄拉布斯水晶牢笼在他挣脱前吸收其力量残片所成的碎片。暗能碎片的运作与《创升纪元：祈夜崛起》™中的能量碎片相同，但另有天命效果：当它们进入中央牌列时，每位玩家可以放逐其弃牌堆中的一张牌。,workbench
du,TMP Flavor Text,"A remnant of something long since forgotten, their appearance in Vigil is shrouded in mystery.","A remnant of something long since forgotten, their appearance in Vigil is shrouded in mystery.",被遗忘之物的残片，它们出现在祈夜，笼罩着谜团。,workbench
du,TMP Fate Text,<color=#fdc60eff>Fate:</color> each player may banish a card in their discard pile.,<color=#fdc60eff>Fate:</color> each player may banish a card in their discard pile.,<color=#fdc60eff>天命：</color>每位玩家可以从其弃牌堆放逐一张卡牌。,workbench
du,TMP Class Text,Treasure,Treasure,宝藏,workbench
du,TMP Title,<size=104>D</size>ark Energy Shard,<size=104>D</size>ark Energy Shard,黑暗能量碎片,workbench
du,TMP Text,Dark Energy Shards:,Dark Energy Shards:,暗能碎片：,workbench
doc,TMP Body Text,"When the worlds were born, there were five gods, each endowed with a unique spark of creation. After they created Vigil, they squabbled over how to rule it, eventually retreating to realms of their  own design.  Centuries turned into millenia, and the gods were content with their realms and followers. All except one.

The Fallen God Samael's insatiable hunger led him and his plane of Deofol on a dark quest that would unite the realms against him.  After countless wars, he met his end at the hands of other gods and their allies.

Samael's death threw the universe into disarray, as dark forces sought to ascend Deofol's throne, thinking that it would lead to their own ascent to godhood.  One by one, the realms defeated the would-be conquerors, but the universe's need for a balanced pantheon could not be ignored.

What was once thought to be the result of centuries of struggle and conflict, Adayu's Unraveling was not the result of madness.  It was the inception of a new divine spark, awakening Adayu to a new destiny that awaits him.

The awakening of a new god unleashed a wave of energy across the realms, sending them colliding into each other to form a new unified world of New Vigil.  The factions have adapted well to the new world, learning to work together and develop new technologies that utilize their combined strengths.

The four factions' realms weren't the only ones to be merged into New Vigil.  Deofol has been woven into the new realm as well, corrupting heroes and twisting them into a dark army to serve the Cult's new leader, a shadowy figure from Vigil's past.

Hoping to avoid repeating history, Adayu and the other gods have retreated beyond New Vigil, leaving mortals to guide their own destiny.  One to be determined not by Gods, but by Champions.","When the worlds were born, there were five gods, each endowed with a unique spark of creation. After they created Vigil, they squabbled over how to rule it, eventually retreating to realms of their  own design.  Centuries turned into millenia, and the gods were content with their realms and followers. All except one.

The Fallen God Samael's insatiable hunger led him and his plane of Deofol on a dark quest that would unite the realms against him.  After countless wars, he met his end at the hands of other gods and their allies.

Samael's death threw the universe into disarray, as dark forces sought to ascend Deofol's throne, thinking that it would lead to their own ascent to godhood.  One by one, the realms defeated the would-be conquerors, but the universe's need for a balanced pantheon could not be ignored.

What was once thought to be the result of centuries of struggle and conflict, Adayu's Unraveling was not the result of madness.  It was the inception of a new divine spark, awakening Adayu to a new destiny that awaits him.

The awakening of a new god unleashed a wave of energy across the realms, sending them colliding into each other to form a new unified world of New Vigil.  The factions have adapted well to the new world, learning to work together and develop new technologies that utilize their combined strengths.

The four factions' realms weren't the only ones to be merged into New Vigil.  Deofol has been woven into the new realm as well, corrupting heroes and twisting them into a dark army to serve the Cult's new leader, a shadowy figure from Vigil's past.

Hoping to avoid repeating history, Adayu and the other gods have retreated beyond New Vigil, leaving mortals to guide their own destiny.  One to be determined not by Gods, but by Champions.","世界诞生之时，有五位神明，各自秉持独特的创世火花。他们造就祈夜之后，为如何统治此界争执不休，最终退入各自设计的位面。世纪化为千年，诸神安于自己的疆域与信徒。唯有一位例外。

堕落之神萨麦尔永不餍足的饥渴，驱使他与其位面迪奥弗踏上黑暗征途，迫使诸界联合对抗。历经无数战争，他终于死在其他神明及其盟友手中。

萨麦尔之死令宇宙失序。黑暗势力争相登上迪奥弗的王座，以为如此便能自己登神。诸界一一击溃这些妄图征服者，但宇宙仍需要平衡的神谱，此事无法忽视。

曾被认作数百年争斗的结果——阿达尤的领域解开——并非疯狂所致。那是新神火的萌发，唤醒阿达尤去迎接等待着他的新命运。

新神觉醒释放出横扫诸界的能量波，使各界相互碰撞，融成统一的新世界：新祈夜。各派系很快适应新世界，学会合作，并发展出融合彼此长处的新技术。

并入新祈夜的不只是四派的疆域。迪奥弗也被织入新界，腐化英雄、将其扭曲成黑暗大军，听命于教团的新领袖——一个来自祈夜往昔的阴影人物。

为免重蹈覆辙，阿达尤与其他神明退到新祈夜之外，将命运交给凡人自己引导。那命运不再由神明决定，而由冠军决定。",workbench
doc,TMP Text,The Sun Rises On a New World...,The Sun Rises On a New World...,新世界的日出……,workbench
doc,TMP Body Text,"<margin-right=12em>Many of the Monsters included in <i>Ascension: Dawn of Champions™</i>  have a faction. These Monsters represent corrupted denizens of New Vigil.

They work exactly like standard Monsters, but are affected by Rally effects, Reputation Powers, and other specific card effects.","<margin-right=12em>Many of the Monsters included in <i>Ascension: Dawn of Champions™</i>  have a faction. These Monsters represent corrupted denizens of New Vigil.

They work exactly like standard Monsters, but are affected by Rally effects, Reputation Powers, and other specific card effects.","<margin-right=12em>《创升纪元：冠军黎明》™中的许多怪物具有派系。这些怪物代表新祈夜被腐化的住民。

它们与普通怪物完全相同，但会受到集结效果、名望能力及其他特定卡牌效果影响。",workbench
doc,TMP Flavor Text,"The dark beasts shriek through the night sky,
providing new nightmares for a new world.","The dark beasts shriek through the night sky,
providing new nightmares for a new world.","黑暗野兽在夜空中尖啸，
给新世界带来新的噩梦。",workbench
doc,TMP Rules Text,Reward: Gain <sprite=68>. You may banish up to two cards from your hand or discard pile.,Reward: Gain <sprite=68>. You may banish up to two cards from your hand or discard pile.,奖励：获得<sprite=68>. 你可以放逐至多两 卡牌从你的手牌或 弃牌堆。,workbench
doc,TMP Class Text,Void Monster,Void Monster,虚空怪物,workbench
doc,TMP Title,<size=104>W</size>ild Riftdrake,<size=104>W</size>ild Riftdrake,荒野裂隙龙兽,workbench
doc,TMP Text,Faction Monsters,Faction Monsters,派系怪物,workbench
doc,TMP Body Text,"<margin-right=12em>Continuing the popular multifaction mechanic from <i>Ascension: Realms Unraveled™</i>, multifaction Heroes make a reappearance in this set, along with the new multifaction Constructs.

Multifaction cards function exactly the same as their normal counterparts, but count as every faction listed on their card.
","<margin-right=12em>Continuing the popular multifaction mechanic from <i>Ascension: Realms Unraveled™</i>, multifaction Heroes make a reappearance in this set, along with the new multifaction Constructs.

Multifaction cards function exactly the same as their normal counterparts, but count as every faction listed on their card.","<margin-right=12em>延续《创升纪元：领域解开》™广受欢迎的多派系机制，多派系英雄在本系列回归，并新增多派系神器。

多派系卡与普通对应卡运作完全相同，但视为其卡面上列出的每一个派系。",workbench
doc,TMP Flavor Text,"Many of my brethren cling to life, forgetting
that it is only half of nature's cycle.""","Many of my brethren cling to life, forgetting
that it is only half of nature's cycle.""","我的许多同胞紧抓着生命，却忘了
那不过是自然循环的一半。」",workbench
doc,TMP Rules Text,"Gain <sprite=34>.
If this is banished from your hand or disard pile, gain <sprite=69>.","Gain <sprite=34>.
If this is banished from your hand or disard pile, gain <sprite=69>.","获得 <sprite=34>。
若此牌从你的手牌或弃牌堆被放逐，获得 <sprite=69>。",workbench
doc,TMP Class Text,Lifebound Void Hero,Lifebound Void Hero,生命虚空英雄,workbench
doc,TMP Title,<size=104>S</size>hepherd of the Lost,<size=104>S</size>hepherd of the Lost,牧者迷失,workbench
doc,TMP Flavor Text,Who? What? Where? When? Why?,Who? What? Where? When? Why?,谁？什么？哪里？何时？为何？,workbench
doc,TMP Rules Text,"Once per turn, when you play an Enlightened Construct or a Mechana Construct (including this one), draw a card.","Once per turn, when you play an Enlightened Construct or a Mechana Construct (including this one), draw a card.","每回合一次，当你打出圣贤神器或 机械神器 (包括此牌), 抽一张牌。",workbench
doc,TMP Class Text,Enlightened Mechana Construct,Enlightened Mechana Construct,圣贤机械神器,workbench
doc,TMP Title,<size=104>L</size>ibrary Familiar,<size=104>L</size>ibrary Familiar,图书馆使魔,workbench
doc,TMP Text,Multifaction Heroes & Constructs,Multifaction Heroes & Constructs,多派系英雄与神器,workbench
doc,TMP Body Text,"<margin-right=12em>Rally is a new keyword that triggers when a card in the center row is replaced. When an effect tells you to Rally, it will indicate a characteristic, such as faction, that allows you to acquire or defeat the next card that enters the center row if it has the indicated characteristic.


For instance, when a card tells you to Rally: Enlightened, if the next card to enter the center row is an Enlightened card, you may acquire or defeat it without paying its cost.


<i>Example: Undaunted Scout lets you Rally: Void when you acquire it from the center row. If the next card that enters that spot in the center row is a Void card, you may acquire it or defeat it without paying its cost.</i>

","<margin-right=12em>Rally is a new keyword that triggers when a card in the center row is replaced. When an effect tells you to Rally, it will indicate a characteristic, such as faction, that allows you to acquire or defeat the next card that enters the center row if it has the indicated characteristic.

For instance, when a card tells you to Rally: Enlightened, if the next card to enter the center row is an Enlightened card, you may acquire or defeat it without paying its cost.

<i>Example: Undaunted Scout lets you Rally: Void when you acquire it from the center row. If the next card that enters that spot in the center row is a Void card, you may acquire it or defeat it without paying its cost.</i>","<margin-right=12em>集结是新关键字，在中央牌列的一张牌被替换时触发。当效果让你集结时，会标明一项特征（例如派系）：若随后进入中央牌列的牌具有该特征，你可以无需支付费用获取或击败它。

例如，当卡牌让你集结：圣贤时，若下一张进入中央牌列的是圣贤牌，你可以无需支付费用获取或击败它。

<i>示例：无畏斥候在你从中央牌列获取它时让你集结：虚空。若进入该栏位的下一张牌是虚空牌，你可以无需支付费用获取或击败它。</i>",workbench
doc,TMP Rules Text,"When you acuire this, Rally: Void.

Gain <sprite=2>","When you acuire this, Rally: Void.

Gain <sprite=2>","当你获取此牌时，集结：虚空。

获得<sprite=2>",workbench
doc,TMP Title,<size=104>U</size>ndaunted Scout,<size=104>U</size>ndaunted Scout,无畏斥候,workbench
doc,TMP Text,Rally,Rally,集结,workbench
doc,TMP Text,"REPUTATION POWERS
Ways to gain Reputation and rewards for reaching certain tresholds of Reputation.","REPUTATION POWERS
Ways to gain Reputation and rewards for reaching certain tresholds of Reputation.","名望能力
获得名望的方式，以及达到特定名望阈值时的奖励。",workbench
doc,TMP Flavor Text,"Chosen long ago by Logos to wield the Arhan god’s sight and wisdom, Dhartha has used it to aid the realms for generations. Small in stature, he proves that real power doesn’t come from standing over others, but by others kneeling before you.","Chosen long ago by Logos to wield the Arhan god’s sight and wisdom, Dhartha has used it to aid the realms for generations. Small in stature, he proves that real power doesn’t come from standing over others, but by others kneeling before you.",很久以前被逻各斯选中，执掌亚哈神的目光与智慧，达尔塔世代以来以此助益诸界。他身材矮小，却证明真正的力量不来自凌驾他人，而来自他人跪拜于你。,workbench
doc,TMP Ability04Rules Text,"Whenever you acquire or defeat an Enlightened card in the center row, Rally: Enlightened.","Whenever you acquire or defeat an Enlightened card in the center row, Rally: Enlightened.","每当你获取或 击败圣贤卡牌在中央牌列, 集结: 圣贤。",workbench
doc,TMP Ability03Rules Text,"Acquire Dharta, Master of the Eye.","Acquire Dharta, Master of the Eye.",获取达萨，慧眼大师。,workbench
doc,TMP Ability02Rules Text,"Once per turn, you may pay <sprite=34>  to gain <sprite=129>.","Once per turn, you may pay <sprite=34>  to gain <sprite=129>.",每回合一次，你可以支付 <sprite=34> 以获得<sprite=129>.,workbench
doc,TMP Ability01Rules Text,"Whenever you acquire or defeat an Enlightened card from the center row, gain <sprite=129>.","Whenever you acquire or defeat an Enlightened card from the center row, gain <sprite=129>.","每当你获取或 击败圣贤卡牌从中央牌列, 获得<sprite=129>.",workbench
doc,TMP Class Text,Enlightened Champion,Enlightened Champion,圣贤冠军,workbench
doc,TMP Title,Dhartha,Dhartha,达萨,workbench
doc,TMP Text,Champion Card,Champion Card,冠军卡,workbench
doc,TMP Body Text,"<i>Ascension: Dawn of Champions™</i> introduces a new card type called Champions. These cards allow you to play as powerful leaders from New Vigil.



Each player begins the game with a randomly selected Champion in front of them. Each Champion has Reputation Powers that determine how a player can gain Reputation, and what rewards they will gain from it.
<align=center>Reputation Icon:  <size=64><sprite=128></size>

","<i>Ascension: Dawn of Champions™</i> introduces a new card type called Champions. These cards allow you to play as powerful leaders from New Vigil.

Each player begins the game with a randomly selected Champion in front of them. Each Champion has Reputation Powers that determine how a player can gain Reputation, and what rewards they will gain from it.
<align=center>Reputation Icon:  <size=64><sprite=128></size>","<i>《创升纪元：冠军黎明》™</i>引入名为冠军的新卡牌类型。这些卡让你扮演新祈夜的强大领袖。



每位玩家开局面前有一张随机选定的冠军。每位冠军具有名望能力，决定玩家如何获得名望，以及由此获得何种奖励。
<align=center>名望图标：  <size=64><sprite=128></size>",workbench
doc,TMP Body Text,"<align=center>Reputation Icon:  <size=64><sprite=128></size>

",<align=center>Reputation Icon:  <size=64><sprite=128></size>,"<align=center>名望图标：  <size=64><sprite=128></size>

",workbench
doc,TMP Text,Champions & Reputation,Champions & Reputation,冠军与名望,workbench
gote,TMP Body Text,"<i>In the beginning, when the realms were young and unblemished by eons of strife, elementals roamed freely throughout the lands of Vigil. As humanity emerged, the elementals receded, hiding away from those that would use them as resources for their endless fighting. Eventually, they fell into a deep slumber, becoming indistinguishable from the world around them.

Now, as decades of turmoil have shaken New Vigil to its very core, the elementals have begun to awaken and reintroduce themselves to the world around them. The newly roused elementals roam the land, intent on discovering the unfamiliar world which they now find themselves a part of.

The factions have begun to study and learn from the elements, unlocking powerful new enhancements and abilities. There are still other elementals that have no lessons besides the chaos they sow, neither good nor evil, but destructive all the same. Wildfires burn across the plains, storms assault the cities, and floods wipe away countless lifetimes of work.

Malevolent forces of nature are not the only concern—amidst the turmoil, the mischievous gremlins have begun to grow in number, much to the annoyance of the rest of New Vigil’s inhabitants. All the while, Xeron continues to watch from the shadows, biding his time until another opportunity to strike against his enemies presents itself.

Join the people of New Vigil as they attempt to discover the lessons of the elementals, and how to wield them, as they fight to protect their world against unseen forces.</i>

","<i>In the beginning, when the realms were young and unblemished by eons of strife, elementals roamed freely throughout the lands of Vigil. As humanity emerged, the elementals receded, hiding away from those that would use them as resources for their endless fighting. Eventually, they fell into a deep slumber, becoming indistinguishable from the world around them.

Now, as decades of turmoil have shaken New Vigil to its very core, the elementals have begun to awaken and reintroduce themselves to the world around them. The newly roused elementals roam the land, intent on discovering the unfamiliar world which they now find themselves a part of.

The factions have begun to study and learn from the elements, unlocking powerful new enhancements and abilities. There are still other elementals that have no lessons besides the chaos they sow, neither good nor evil, but destructive all the same. Wildfires burn across the plains, storms assault the cities, and floods wipe away countless lifetimes of work.

Malevolent forces of nature are not the only concern—amidst the turmoil, the mischievous gremlins have begun to grow in number, much to the annoyance of the rest of New Vigil’s inhabitants. All the while, Xeron continues to watch from the shadows, biding his time until another opportunity to strike against his enemies presents itself.

Join the people of New Vigil as they attempt to discover the lessons of the elementals, and how to wield them, as they fight to protect their world against unseen forces.</i>","<i>太初之时，诸界尚幼、未遭纪元纷争玷污，元素生物在祈夜大地上自由游荡。人类兴起后，元素隐退，躲避那些要把它们当作无尽争斗资源的人。最终它们沉入深眠，与周遭世界难以分辨。

如今，数十年动荡撼动新祈夜至根基，元素开始苏醒并重现于世。新醒的元素漫游大地，意图认识这片它们如今所属的陌生世界。

各派系开始研习并向元素学习，解锁强大的新强化与能力。仍有另一些元素除散播混乱外别无所授——无关善恶，却同样具有破坏性。野火燃遍平原，风暴袭击城市，洪水冲刷无数世代的劳作。

恶意的自然之力并非唯一忧患——动荡之中，淘气的小妖数量开始增长，令新祈夜其余住民不胜其烦。与此同时，泽伦继续在阴影中注视，等待再次袭击敌人的时机。

加入新祈夜的人民，去发现元素的教诲以及如何运用它们，并在对抗看不见的力量时保卫世界。</i>",workbench
gote,TMP Text,"
The Elementals Have Awoken...
",The Elementals Have Awoken...,元素已经苏醒……,workbench
gote,TMP Flavor Text,Her billows feed the fires of creation for all of Hedron.,Her billows feed the fires of creation for all of Hedron.,她的风箱为整个多面体的创世之火添薪。,workbench
gote,TMP Rules Text,Choose one: Draw a card OR acquire any number of Constructs in the center row without paying their costs.,Choose one: Draw a card OR acquire any number of Constructs in the center row without paying their costs.,选择一项： 抽一张牌OR获取任意数量的 神器在中央牌列无需支付费用。,workbench
gote,TMP Class Text,Transformed Mechana Hero,Transformed Mechana Hero,已转化机械英雄,workbench
gote,TMP Title,<size=104>F</size>orgemother Reysa,<size=104>F</size>orgemother Reysa,锻母雷萨,workbench
gote,TMP Rules Text,"Constructs in the center row cost <sprite=33> less to acquire
(to a minimum of <sprite=33>).
Pay <sprite=40>: Transform this into Forgemother Reysa and acquire it.","Constructs in the center row cost <sprite=33> less to acquire
(to a minimum of <sprite=33>).
Pay <sprite=40>: Transform this into Forgemother Reysa and acquire it.","中央牌列神器的获取费用降低 <sprite=33>（最低 <sprite=33>）。
支付 <sprite=40>：将此牌转化为锻母雷萨并获取它。",workbench
gote,TMP Class Text,Mechana Event,Mechana Event,机械事件,workbench
gote,TMP Title,eysa's Trial,eysa's Trial,雷萨的试炼,workbench
gote,TMP Body Text,"When an Event is flipped from the center deck, it does not take up a center row slot. Instead, it is placed in the Event Zone above or below the center row. While one of these Events is in play, it will have an ongoing effect that will change how the game plays out. There can never be more than one Event active at once. If a new Event appears, replace the current event and put it in the Void. 

Events in <i>Ascension: Gift of the Elements™</i> may also be acquired! These Events include a cost in their effect that may be paid by any player during their turn, at which point the Event will leave play and transform into a powerful Hero for that player's deck.
","When an Event is flipped from the center deck, it does not take up a center row slot. Instead, it is placed in the Event Zone above or below the center row. While one of these Events is in play, it will have an ongoing effect that will change how the game plays out. There can never be more than one Event active at once. If a new Event appears, replace the current event and put it in the Void.

Events in <i>Ascension: Gift of the Elements™</i> may also be acquired! These Events include a cost in their effect that may be paid by any player during their turn, at which point the Event will leave play and transform into a powerful Hero for that player's deck.","当事件从中央牌库翻出时，它不占用中央牌列栏位。相反，它被放入中央牌列上方或下方的事件区。当此类事件在场时，会有持续效果改变对局进程。同时至多只能有一个事件生效。若出现新事件，替换当前事件并将其置入虚空区。

《创升纪元：元素的馈赠》™中的事件也可被获取！这些事件在效果中含有费用，任意玩家可在其回合支付，此时事件离场并转化为强大英雄加入该玩家牌库。",workbench
gote,TMP Text,Transforming Events,Transforming Events,转化事件,workbench
gote,TMP Body Text,"<margin-right=12em>When you defeat a Monster with Infest, you may choose a player and put that Monster into their discard pile instead of the void. When a Monster is drawn, it has no effect on its own, so this is a great way to mess up your opponent’s draws. Be careful though, there are a few cards in Ascension: Gift of the Elements™ that allow players to benefit from having Monsters in their deck.","<margin-right=12em>When you defeat a Monster with Infest, you may choose a player and put that Monster into their discard pile instead of the void. When a Monster is drawn, it has no effect on its own, so this is a great way to mess up your opponent’s draws. Be careful though, there are a few cards in Ascension: Gift of the Elements™ that allow players to benefit from having Monsters in their deck.",<margin-right=12em>当你击败带有感染的怪物时，你可以选择一名玩家，将该怪物放入其弃牌堆而非虚空区。怪物被抽到时本身没有效果，因此这是破坏对手抽牌的好方法。但请小心：《创升纪元：元素的馈赠》™中有少量卡牌能让玩家从牌库中有怪物中获益。,workbench
gote,TMP Flavor Text,(Monsters have no effect when played from hand.),(Monsters have no effect when played from hand.),(从手牌打出时怪物没有效果.),workbench
gote,TMP Rules Text,"Reward: Gain <sprite=65>

Infest - When you defeat Yuk Tribe Gremlin, you may put it into a player's discard pile.","Reward: Gain <sprite=65>

Infest - When you defeat Yuk Tribe Gremlin, you may put it into a player's discard pile.","奖励：获得<sprite=65>

感染 - 当你击败尤克部落小妖, 你可以将其放入一名玩家的弃牌堆。",workbench
gote,TMP Title,<size=104>Y</size>uk Tribe Gremlin,<size=104>Y</size>uk Tribe Gremlin,尤克部落小妖,workbench
gote,TMP Text,Infest Monsters,Infest Monsters,感染怪物,workbench
gote,TMP Body Text,"<margin-right=12em>When you acquire a card with the Empower keyword, you may banish a card you have already played that turn. Cards with Empower allow players to make their deck better by simultaneously acquiring a card in the center row and getting rid of one of their weaker cards. Unlike when you banish a card from hand, you still get all effects from played cards that are banished.","<margin-right=12em>When you acquire a card with the Empower keyword, you may banish a card you have already played that turn. Cards with Empower allow players to make their deck better by simultaneously acquiring a card in the center row and getting rid of one of their weaker cards. Unlike when you banish a card from hand, you still get all effects from played cards that are banished.",<margin-right=12em>当你获取带有赋力关键字的卡牌时，你可以放逐一张你本回合已经打出的牌。赋力让玩家在获取中央牌列一张牌的同时，从牌库中去掉一张较弱的牌。与从手牌放逐不同，被放逐的已打出牌的效果仍然结算完毕。,workbench
gote,TMP Flavor Text,They see light where there is darkness.,They see light where there is darkness.,他们在黑暗中看见光明。,workbench
gote,TMP Rules Text,"Empower <i>(When you acquire this, you may banish a card you have played this turn.)</i>

Draw a card.","Empower <i>(When you acquire this, you may banish a card you have played this turn.)</i>

Draw a card.","赋力 <i>(当你获取此, 你可以放逐一张已打出的卡牌本回合.)</i>

抽一张牌。",workbench
gote,TMP Title,<size=104>R</size>adiant Aspirant,<size=104>R</size>adiant Aspirant,辉耀追求者,workbench
gote,TMP Text,Empower,Empower,赋力,workbench
ih,TMP Body Text,"As the Heroes of Vigil struggle to fight back against the tides of undeath encroaching upon their lands, the source of the storm of souls has been discovered. The maelstrom comes from none other than Kythis himself. Once the gatekeeper of the afterlife, Kythis was freed from his duties in a nefarious bargain with Samael. When the Fallen One was defeated by the Godslayer, Kythis hatched a plan to ascend to the empty throne of Deofol.

 

To distract enemies who might interfere with his plot, the rebel godling opened the gates of the underworld and unleashed the spirits of the damned. As the tempest of undeath swept over the land, Kythis sought to tap into the font of death itself – the Well of Souls. From within the Well, he drew forth the spirits of fallen Heroes and bound them to himself, encasing their essences in crystalline form. With these Soul Gems bolstering his powers, the former Gatekeeper seeks to bring the realm of Deofol under his sway.

","As the Heroes of Vigil struggle to fight back against the tides of undeath encroaching upon their lands, the source of the storm of souls has been discovered. The maelstrom comes from none other than Kythis himself. Once the gatekeeper of the afterlife, Kythis was freed from his duties in a nefarious bargain with Samael. When the Fallen One was defeated by the Godslayer, Kythis hatched a plan to ascend to the empty throne of Deofol.

To distract enemies who might interfere with his plot, the rebel godling opened the gates of the underworld and unleashed the spirits of the damned. As the tempest of undeath swept over the land, Kythis sought to tap into the font of death itself – the Well of Souls. From within the Well, he drew forth the spirits of fallen Heroes and bound them to himself, encasing their essences in crystalline form. With these Soul Gems bolstering his powers, the former Gatekeeper seeks to bring the realm of Deofol under his sway.","当祈夜英雄奋力抵御侵蚀其土地的不死浪潮时，灵魂风暴的源头已被发现。风暴来自凯西斯本人。他曾是来世的守门人，却在与萨麦尔的邪恶交易中被解除职责。当堕落者被弑神者击败后，凯西斯密谋登上迪奥弗空悬的王座。

 

为分散可能干涉其阴谋的敌人，叛神幼体打开冥界之门，放出被诅咒者的灵魂。当不死风暴席卷大地时，凯西斯试图汲取死亡本源——灵魂之井。他从井中拽出陨落英雄的灵魂，将其束缚于己，把本质封入水晶形态。借这些灵魂宝石增强力量，前守门人试图将迪奥弗置于其掌控之下。",workbench
ih,TMP Body Text,"<margin-right=12em>In Storm of Souls, all Trophy Monsters provided a single effect and were then banished once used. In Immortal Heroes, some Trophy Monsters have lasting effects, indicated by the word “Ongoing.” Just like normal Trophy Monsters, these Monsters provide their Honor reward immediately when defeated and are then placed face up in front of you. They continue to provide their effect for as long as they remain in play under your control. 



<i>Example: Kythis, Rebel Godling says “Ongoing Trophy: Once per turn, gain a Soul Gem.” As long as a player has Kythis as a Trophy, he or she can use it to gain a Soul Gem once each turn. 

","<margin-right=12em>In Storm of Souls, all Trophy Monsters provided a single effect and were then banished once used. In Immortal Heroes, some Trophy Monsters have lasting effects, indicated by the word “Ongoing.” Just like normal Trophy Monsters, these Monsters provide their Honor reward immediately when defeated and are then placed face up in front of you. They continue to provide their effect for as long as they remain in play under your control.

<i>Example: Kythis, Rebel Godling says “Ongoing Trophy: Once per turn, gain a Soul Gem.” As long as a player has Kythis as a Trophy, he or she can use it to gain a Soul Gem once each turn.","<margin-right=12em>在灵魂风暴中，所有战利品怪物提供单一效果，使用后即被放逐。在不朽英雄中，部分战利品怪物具有持续效果，以“持续”一词标明。与普通战利品怪物一样，这些怪物被击败时立即提供荣誉奖励，然后正面朝上放在你面前。只要它们仍在你控制下留在战场，就会持续提供其效果。



<i>示例：凯西斯·反叛神子写着「持续战利品：每回合一次，获得灵魂宝石。」只要玩家以凯西斯为战利品，每回合都可用它获得一枚灵魂宝石。",workbench
ih,TMP Trophy Text,<b><color=#951719FF>Ongoing Trophy:</color></b> Once per turn gain a Soul Gem.,<b><color=#951719FF>Ongoing Trophy:</color></b> Once per turn gain a Soul Gem.,<b><color=#951719FF>持续战利品：</color></b> 每回合一次，获得灵魂宝石。,workbench
ih,TMP Rules Text,<b>Reward:</b> Gain <sprite=72> ,<b>Reward:</b> Gain <sprite=72>,<b>奖励：</b> 获得<sprite=72>,workbench
ih,TMP Class Text,Trophy Monster,Trophy Monster,战利品怪物,workbench
ih,TMP Title,"<size=104>K</size>ythis, Rebel Godling","<size=104>K</size>ythis, Rebel Godling",凯西斯·反叛神子,workbench
ih,TMP Text,Trophy Monsters:,Trophy Monsters:,战利品怪物：,workbench
ih,TMP Body Text,"<margin-right=12em>Soul Gems are a new type of card introduced in Immortal Heroes. Soul Gems represent the spirits of heroes who fought against Samael in the Great War who were trapped by Kythis when he took control of the Well of Souls. Each Soul Gem shares the art and effect of Heroes from previous Ascension sets, though they are not Hero cards themselves. 


Soul Gems are not shuffled into the center deck at the beginning of the game. Instead, they are shuffled together and set aside face down with the Always Available cards. When a card effect tells a player to gain a Soul Gem, that player takes the top card of the Soul Gem deck and places it face up in front of him or her. That player may play that Soul Gem to gain its effect at any time during that turn. At the end of a player’s turn, all Soul Gems he or she controls are banished.

","<margin-right=12em>Soul Gems are a new type of card introduced in Immortal Heroes. Soul Gems represent the spirits of heroes who fought against Samael in the Great War who were trapped by Kythis when he took control of the Well of Souls. Each Soul Gem shares the art and effect of Heroes from previous Ascension sets, though they are not Hero cards themselves.

Soul Gems are not shuffled into the center deck at the beginning of the game. Instead, they are shuffled together and set aside face down with the Always Available cards. When a card effect tells a player to gain a Soul Gem, that player takes the top card of the Soul Gem deck and places it face up in front of him or her. That player may play that Soul Gem to gain its effect at any time during that turn. At the end of a player’s turn, all Soul Gems he or she controls are banished.","<margin-right=12em>灵魂宝石是不朽英雄引入的新卡牌类型。它们代表在大战中对抗萨麦尔、却在凯西斯掌控灵魂之井时被困住的英雄之灵。每枚灵魂宝石共享先前创升纪元系列中英雄的插画与效果，但它们本身不是英雄卡。


灵魂宝石不会在对局开始时洗入中央牌库。相反，它们洗在一起，正面朝下与始终可用卡放在一旁。当卡牌效果让玩家获得灵魂宝石时，该玩家取灵魂宝石牌库顶牌，正面朝上放在自己面前。该玩家可在本回合任何时候打出该灵魂宝石以获得其效果。在玩家回合结束时，其控制的所有灵魂宝石都被放逐。",workbench
ih,TMP Flavor Text,"(This turn, you may banish this to gain its effect. If you don't, banish this at the end of your turn.)
","(This turn, you may banish this to gain its effect. If you don't, banish this at the end of your turn.)","(此回合, 你可以放逐此牌以 获得其效果. 若你 不, 放逐此牌在 结束时你的回合.)",workbench
ih,TMP Rules Text,Defeat a Monster that has <sprite=4> or less without paying its cost.,Defeat a Monster that has <sprite=4> or less without paying its cost.,击败一个怪物该 具有<sprite=4> 或更低无需支付费用。,workbench
ih,TMP Class Text,Soul Gem,Soul Gem,灵魂宝石,workbench
ih,TMP Text,Soul Gems:,Soul Gems:,灵魂宝石：,workbench
ru,TMP Body Text,"For as long as anyone can remember, Adayu has been a benevolent protector of the five realms. Able to alter reality with nothing more than a thought, he has saved Vigil countless times over, but now he may be its undoing.


The centuries of pain and struggle have begun to take their toll on Adayu’s mind. What will happen to Vigil if a being with the power to change reality loses his understanding of what that means? The realms must all unite to save Adayu, and existence itself, from being lost to madness.


As Adayu’s insanity takes its hold, the realms have begun to collide and join with one another. To combat this threat, new alliances between factions have formed and powerful champions are at your disposal to battle the spreading chaos.


Horrors from Adayu's nightmares pillage the land. Vigil's foundations shake as they are unmade and remade in a twisted reflection. Can Adayu be restored before there is nothing left to save? It’s up to you.

","For as long as anyone can remember, Adayu has been a benevolent protector of the five realms. Able to alter reality with nothing more than a thought, he has saved Vigil countless times over, but now he may be its undoing.

The centuries of pain and struggle have begun to take their toll on Adayu’s mind. What will happen to Vigil if a being with the power to change reality loses his understanding of what that means? The realms must all unite to save Adayu, and existence itself, from being lost to madness.

As Adayu’s insanity takes its hold, the realms have begun to collide and join with one another. To combat this threat, new alliances between factions have formed and powerful champions are at your disposal to battle the spreading chaos.

Horrors from Adayu's nightmares pillage the land. Vigil's foundations shake as they are unmade and remade in a twisted reflection. Can Adayu be restored before there is nothing left to save? It’s up to you.","自人们记事以来，阿达尤一直是五界的仁慈守护者。仅凭一念便可改写现实，他无数次拯救祈夜——但如今也可能成为其毁灭。


数世纪的痛苦与挣扎开始侵蚀阿达尤的心智。若一个能改变现实的存在失去了对「现实」的理解，祈夜会怎样？诸界必须团结，拯救阿达尤与存在本身，以免沉沦于疯狂。


随着阿达尤的疯狂蔓延，诸界开始碰撞并彼此融合。为对抗此威胁，派系间结成新同盟，强大冠军任你调遣，以抗扩散的混乱。


阿达尤梦魇中的恐怖蹂躏大地。祈夜的根基在扭曲映象中被拆解又重塑。能否在一无所剩之前恢复阿达尤？取决于你。",workbench
ru,TMP Body Text,"<margin-right=12em>Some cards in <i>Ascension: Realms Unraveled™</i> have the Transform ability.  Each card transforms based upon a condition specific to that particular card. When the condition is met, the original card is replaced with the Transformed version. You do not generate any of the effects of the original card, nor is that card considered played.  The card remains in its transformed state until the end of the game.

","<margin-right=12em>Some cards in <i>Ascension: Realms Unraveled™</i> have the Transform ability.  Each card transforms based upon a condition specific to that particular card. When the condition is met, the original card is replaced with the Transformed version. You do not generate any of the effects of the original card, nor is that card considered played.  The card remains in its transformed state until the end of the game.",<margin-right=12em>《创升纪元：领域解开》™中的部分卡牌具有转化能力。每张牌依据该牌特有的条件转化。条件满足时，原牌被转化为版本替换。你不会产生原牌的任何效果，该牌也不视为已打出。卡牌保持转化状态直至对局结束。,workbench
ru,TMP Flavor Text,"""Where's the money?""","""Where's the money?""",「钱呢？」,workbench
ru,TMP Rules Text,"Draw a card.

Name a faction.  This Hero acts as that faction this turn.","Draw a card.

Name a faction.  This Hero acts as that faction this turn.","抽一张牌。

命名一个派系。本回合此英雄视为该派系。",workbench
ru,TMP Class Text,Transformed Hero,Transformed Hero,已转化英雄,workbench
ru,TMP Title,<size=104>B</size>orderland Mercenary,<size=104>B</size>orderland Mercenary,边地佣兵,workbench
ru,TMP Flavor Text,"""We believe in nothing!""","""We believe in nothing!""",「我们信奉虚无！」,workbench
ru,TMP Rules Text,<B>Reward:</B> Transform this into Borderland Mercenary and acquire it.,<B>Reward:</B> Transform this into Borderland Mercenary and acquire it.,<B>奖励：</B>将此牌转化为边地佣兵并获取它。,workbench
ru,TMP Title,<size=104>B</size>orderland Nihilist,<size=104>B</size>orderland Nihilist,边地虚无者,workbench
ru,TMP Text,Transform Cards,Transform Cards,转化卡,workbench
ru,TMP Body Text,"<margin-right=12em><i>Ascension: Realms Unraveled™</i> introduces a new mechanic called Multi-Unite.  Cards with Multi-Unite have additional effects that occur if you play them in the same turn as other Heroes that share the same faction. You gain the bonus effects listed under the Multi-Unite ability for each other Hero you play or have played that shares a faction with the Hero with Multi-Unite.


The order in which you play the Heroes does not matter, since Multi-Unite counts Heroes played before or after the card.


<i>Example: Everbloom Clique is a Lifebound Hero with “Multi-Unite: Gain <sprite=65>.” If you played a Lifebound Hero before Everbloom Clique, and then another afterwards, you would gain a total of <sprite=66>from the Multi-Unite ability.</i>

","<margin-right=12em><i>Ascension: Realms Unraveled™</i> introduces a new mechanic called Multi-Unite.  Cards with Multi-Unite have additional effects that occur if you play them in the same turn as other Heroes that share the same faction. You gain the bonus effects listed under the Multi-Unite ability for each other Hero you play or have played that shares a faction with the Hero with Multi-Unite.

The order in which you play the Heroes does not matter, since Multi-Unite counts Heroes played before or after the card.

<i>Example: Everbloom Clique is a Lifebound Hero with “Multi-Unite: Gain <sprite=65>.” If you played a Lifebound Hero before Everbloom Clique, and then another afterwards, you would gain a total of <sprite=66>from the Multi-Unite ability.</i>","<margin-right=12em>《创升纪元：领域解开》™引入新机制：多重联合。带有多重联合的卡牌，若你在同一回合打出与其同派系的其他英雄，会产生额外效果。你每打出（或已打出）一张与带多重联合的英雄同派系的其他英雄，便获得多重联合下列出的加成。


打出英雄的顺序无关紧要，因为多重联合会计入该牌之前或之后打出的英雄。


<i>示例：永绽党羽是命约英雄，写着「多重联合：获得 <sprite=65>。」若你在永绽党羽之前打出一张命约英雄，之后又打出另一张，则你从多重联合一共获得 <sprite=66>。</i>",workbench
ru,TMP Rules Text,"Gain <sprite=66>.
Multi-Unite: Gain <sprite=65>. <i>(Gain this effect for each other Lifebound Hero you play or have played this turn.)","Gain <sprite=66>.
Multi-Unite: Gain <sprite=65>. <i>(Gain this effect for each other Lifebound Hero you play or have played this turn.)","获得<sprite=66>。
多重联合：获得<sprite=65>。<i>（本回合你打出或已打出的每张其他命约英雄，各获得此效果一次。）</i>",workbench
ru,TMP Title,<size=104>E</size>verbloom Clique,<size=104>E</size>verbloom Clique,永绽小圈子,workbench
ru,TMP Text,Multi-Unite,Multi-Unite,多重联合,workbench
ru,TMP Body Text,"<margin-right=12em>Cards in <i>Ascension: Realms Unraveled™</i> can belong to more than one faction.  Multifaction cards are played just like any other cards except they have multiple factions.  This allows them to satisfy the requirements for different Multi-Unite abilities or Transform conditions based on factions.



For example, Disciple of Oziah  can transform if you have played another Enlightened Hero this turn, and Disciple of Euloth can transform if you have played a Mechana Hero.  If you play Canon Templar, you can transform both Disciples, because it is both an Enlightened and Mechana Hero and satisfies the requirements of both. 

","<margin-right=12em>Cards in <i>Ascension: Realms Unraveled™</i> can belong to more than one faction.  Multifaction cards are played just like any other cards except they have multiple factions.  This allows them to satisfy the requirements for different Multi-Unite abilities or Transform conditions based on factions.

For example, Disciple of Oziah  can transform if you have played another Enlightened Hero this turn, and Disciple of Euloth can transform if you have played a Mechana Hero.  If you play Canon Templar, you can transform both Disciples, because it is both an Enlightened and Mechana Hero and satisfies the requirements of both.","<margin-right=12em>《创升纪元：领域解开》™中的卡牌可属于多个派系。多派系卡与其他卡一样打出，只是具有多个派系。这使它们能满足不同多重联合能力或基于派系的转化条件。



例如，奥齐亚门徒可在你本回合已打出另一张圣贤英雄时转化，而欧洛斯门徒可在你已打出机械英雄时转化。若你打出教典圣殿武士，则可转化两位门徒，因为它同时是圣贤与机械英雄，满足二者条件。",workbench
ru,TMP Flavor Text,His edicts are final.,His edicts are final.,他的律令即为最终裁决。,workbench
ru,TMP Rules Text,"Gain <sprite=34>.
You may defeat a Monster with <sprite=0> cost less than or equal to the <sprite=32> cost of a Construct you control.","Gain <sprite=34>.
You may defeat a Monster with <sprite=0> cost less than or equal to the <sprite=32> cost of a Construct you control.","获得<sprite=34>.
你可以击败一个怪物以 <sprite=0> 费用低于或 相等以 <sprite=32> 费用的 神器你控制的。",workbench
ru,TMP Class Text,Enlightened Mechana Hero,Enlightened Mechana Hero,圣贤机械英雄,workbench
ru,TMP Title,<size=104>C</size>anon Templar,<size=104>C</size>anon Templar,圣典圣殿武士,workbench
ru,TMP Text,Multifaction Cards,Multifaction Cards,多派系卡牌,workbench
rov,TMP Body Text,"
It has been years since Kythis was defeated.  The Well of Souls once more welcomes home the long-suffering spirits of the fallen.  For the first time in generations, peace and prosperity replaced the chaos of bloody war.  From the seeds of death sprung hope as the people of Vigil rebuilt her war-torn cities and honored the sacrifices of her dead.

It was in this time of plenty that the mysterious shards appeared.  Like the crystalline tears of some weeping god, they rained upon Vigil in storms of pulsing light.  They were found casting their peculiar glow in long forgotten mines, abandoned temples, and silent shrines.  All the while, strange tales of enhanced sorcery, strength, and power spread.  Mystics and other arcane practitioners praised the gods for their divine gift, claiming the shards a reward for their many trials and tribulations.  Still others called for further study, cautioning all who would listen that such power never comes without a price.

And while the people of Vigil celebrate their new source of power, tales of twisted beasts and nightmarish creatures are told in whispers.  Vigil's hard won peace is poised to shatter, as strange new monsters defile once sacred sites and stalk the trails between the villages.  The power of the shards brought about the Rise of Vigil - will it now cause her fall?

","It has been years since Kythis was defeated.  The Well of Souls once more welcomes home the long-suffering spirits of the fallen.  For the first time in generations, peace and prosperity replaced the chaos of bloody war.  From the seeds of death sprung hope as the people of Vigil rebuilt her war-torn cities and honored the sacrifices of her dead.

It was in this time of plenty that the mysterious shards appeared.  Like the crystalline tears of some weeping god, they rained upon Vigil in storms of pulsing light.  They were found casting their peculiar glow in long forgotten mines, abandoned temples, and silent shrines.  All the while, strange tales of enhanced sorcery, strength, and power spread.  Mystics and other arcane practitioners praised the gods for their divine gift, claiming the shards a reward for their many trials and tribulations.  Still others called for further study, cautioning all who would listen that such power never comes without a price.

And while the people of Vigil celebrate their new source of power, tales of twisted beasts and nightmarish creatures are told in whispers.  Vigil's hard won peace is poised to shatter, as strange new monsters defile once sacred sites and stalk the trails between the villages.  The power of the shards brought about the Rise of Vigil - will it now cause her fall?","凯西斯被击败已有数年。灵魂之井再次迎接饱经苦难的亡者之灵归乡。世代以来第一次，和平与繁荣取代了血战的混乱。死亡的种子里抽出希望：祈夜的人民重建饱受战火的城市，并纪念死者的牺牲。

正是在这丰饶之时，神秘碎片出现了。它们如同某位泣神的晶泪，在搏动的光雨中落向祈夜。人们在久被遗忘的矿坑、废弃神殿与寂静神龛中发现它们独特的辉光。与此同时，关于增强巫术、力量与战力的奇闻流传开来。秘教士和其他奥术修行者赞美神明的恩赐，称碎片是对他们诸多试炼的奖赏。也有人呼吁进一步研究，警告所有愿意倾听的人：如此力量从无免费。

当祈夜人民庆祝这新的力量之源时，关于扭曲野兽与梦魇生物的故事却在耳语中流传。祈夜来之不易的和平濒临破碎：陌生的新怪物玷污曾经神圣之地，出没于村落之间的小径。碎片的力量带来了祈夜崛起——如今，它会不会也导致她的陨落？",workbench
rov,TMP Text,"<allcaps>Player's Energy:</allcaps>
Player's Energy for their turn.","<allcaps>Player's Energy:</allcaps>
Player's Energy for their turn.","<allcaps>玩家能量：</allcaps>
该玩家本回合的能量。",workbench
rov,TMP Text,"<allcaps>Treasure Count:</allcaps>
Shows the amount of treasure cards available.","<allcaps>Treasure Count:</allcaps>
Shows the amount of treasure cards available.","<allcaps>宝藏计数：</allcaps>
显示可用宝藏卡的数量。",workbench
rov,TMP Text,"<allcaps>Treasure Card:</allcaps>
Acquiring or defeating center row cards will reward you with all Treasure cards underneath the acquired or defeated card.","<allcaps>Treasure Card:</allcaps>
Acquiring or defeating center row cards will reward you with all Treasure cards underneath the acquired or defeated card.","<allcaps>宝藏卡：</allcaps>
获取或击败中央牌列的卡牌时，你会获得其下方的所有宝藏卡。",workbench
rov,TMP Body Text,"<margin-right=12em>Energy <sprite=96> is a new type of resource in Rise of Vigil.  Unlike Runes or Power, Energy is not spent.  Some cards have Energize abilities which turn on when you reach a certain Energy threshold.  The Energize text on a Hero, Construct, or Monster reward is active if you have gained Energy equal to or greater than its Energize number that turn.


<i>Example: Darkwalker says “Gain <sprite=2>. <color=#005778ff>Energize <sprite=97>:</color> You may banish a card from your hand or discard pile.”

Playing Darkwalker will always give you 2 Power.  If you have gained 1 or more Energy during your turn before you play Darkwalker, you will also be able to banish a card from your hand or discard pile.  If you have 2 copies of Darkwalker, you can use both of their Energize powers even if you have gained only 1 Energy that turn, since Energy is a threshold resource and not spent.

","<margin-right=12em>Energy <sprite=96> is a new type of resource in Rise of Vigil.  Unlike Runes or Power, Energy is not spent.  Some cards have Energize abilities which turn on when you reach a certain Energy threshold.  The Energize text on a Hero, Construct, or Monster reward is active if you have gained Energy equal to or greater than its Energize number that turn.

<i>Example: Darkwalker says “Gain <sprite=2>. <color=#005778ff>Energize <sprite=97>:</color> You may banish a card from your hand or discard pile.”

Playing Darkwalker will always give you 2 Power.  If you have gained 1 or more Energy during your turn before you play Darkwalker, you will also be able to banish a card from your hand or discard pile.  If you have 2 copies of Darkwalker, you can use both of their Energize powers even if you have gained only 1 Energy that turn, since Energy is a threshold resource and not spent.","<margin-right=12em>能量 <sprite=96> 是祈夜崛起的新资源。与符文或战力不同，能量不会被花费。部分卡牌具有充能异能：当你达到一定能量阈值时开启。英雄、神器或怪物奖励上的充能文字，在你本回合已获得的能量达到或超过其充能数字时生效。


<i>示例：暗行者写着「获得 <sprite=2>。<color=#005778ff>充能 <sprite=97>：</color>你可以放逐手牌或弃牌堆中的一张牌。」

打出暗行者总会给你2点战力。若你在打出暗行者之前本回合已获得1点或更多能量，你还可以放逐手牌或弃牌堆中的一张牌。若你有2张暗行者，即使本回合只获得1点能量，也可以使用二者的充能能力，因为能量是阈值资源而非被花费。",workbench
rov,TMP Energize Text,<color=#005778ff>Energize <sprite=97>:</color> You may banish a card in your hand or discard pile.,<color=#005778ff>Energize <sprite=97>:</color> You may banish a card in your hand or discard pile.,<color=#005778ff>充能 <sprite=97>:</color> 你可以从你的手牌或弃牌堆放逐一张卡牌。,workbench
rov,TMP Rules Text,"
Gain <sprite=2>
",Gain <sprite=2>,获得<sprite=2>,workbench
rov,TMP Title,<size=104>D</size>arkwalker,<size=104>D</size>arkwalker,暗行者,workbench
rov,TMP Text,Energize,Energize,充能,workbench
rov,TMP Body Text,"<margin-right=12em>Treasure is a new type of card in Rise of Vigil.  Treasure cards are different from most other card types in that they do not take up spots in the Center Row.  When a Treasure card enters the Center Row, it remains in that spot and the next card from the center deck is flipped on top of it.  This process repeats until a non-Treasure card enters the Center Row.  Whenever a player acquires or defeats a card in the Center Row, that player acquires all Treasure cards underneath it.


Once acquired, Treasure cards are played just like heroes.  Players also start with one Energy Shard in their starting deck (indicated by the basic card frames).
","<margin-right=12em>Treasure is a new type of card in Rise of Vigil.  Treasure cards are different from most other card types in that they do not take up spots in the Center Row.  When a Treasure card enters the Center Row, it remains in that spot and the next card from the center deck is flipped on top of it.  This process repeats until a non-Treasure card enters the Center Row.  Whenever a player acquires or defeats a card in the Center Row, that player acquires all Treasure cards underneath it.

Once acquired, Treasure cards are played just like heroes.  Players also start with one Energy Shard in their starting deck (indicated by the basic card frames).","<margin-right=12em>宝藏是祈夜崛起引入的新卡牌类型。宝藏卡与大多数卡牌不同：它们不占用中央牌列栏位。当宝藏卡进入中央牌列时，它留在该栏位，中央牌库再翻一张叠在上面。此过程重复直到一张非宝藏卡进入中央牌列。每当玩家获取或击败中央牌列的一张牌时，该玩家获得其下方的所有宝藏卡。

获取后，宝藏卡像英雄一样打出。玩家的起始牌库中还有一张能量碎片（基本卡框）。",workbench
rov,TMP Title,<size=104>E</size>nergy Shard,<size=104>E</size>nergy Shard,能量碎片,workbench
rotf,TMP Body Text,"
My divinations relate a frightful tale- I have seen cosmic events of the darkest portent. There lately came to the yawning gate of death a divine spirit, wrathful and red, not to be mistaken for a mortal will. The Gatekeeper knelt and, with two hands, plucked it from the stream of souls, brushing stars from the pulsating force like so many burrs.

""This soul is familiar,"" said the Gatekeeper. Then was heard a viper's voice, as if spoken from five mouths at once: It is because I created you. You must release me.

""Yet, I am bound to send you on your way,"" the Gatekeeper replied.  ""You wore a mortal skin. You must suffer a mortal fate.""

<i>No, Kythis. You are bound no longer. Forbear my fate, Gatekeeper, and I shall absolve you of yours. It is still within my power.
</i>


Thus, Samael the Fallen was spared exile to Deofol—at the cost of leaving death's riverbank forever unwatched, the gate untended, and all wills condemned to purgatory.

Now, the flames of war again decorate the horizon. Terror grips the frontier, so recently resettled, only to be submerged anew in the blood of mortals. With the Gatekeeper gone, the souls torn from the bodies of Vigil's defenders will know no respite unless all is set right.


Let a call echo across all of Vigil. The bickering that came in war's wake must end. A Godslayer must take up arms a second time.

The Fallen has returned.","My divinations relate a frightful tale- I have seen cosmic events of the darkest portent. There lately came to the yawning gate of death a divine spirit, wrathful and red, not to be mistaken for a mortal will. The Gatekeeper knelt and, with two hands, plucked it from the stream of souls, brushing stars from the pulsating force like so many burrs.

""This soul is familiar,"" said the Gatekeeper. Then was heard a viper's voice, as if spoken from five mouths at once: It is because I created you. You must release me.

""Yet, I am bound to send you on your way,"" the Gatekeeper replied.  ""You wore a mortal skin. You must suffer a mortal fate.""

<i>No, Kythis. You are bound no longer. Forbear my fate, Gatekeeper, and I shall absolve you of yours. It is still within my power.
</i>

Thus, Samael the Fallen was spared exile to Deofol—at the cost of leaving death's riverbank forever unwatched, the gate untended, and all wills condemned to purgatory.

Now, the flames of war again decorate the horizon. Terror grips the frontier, so recently resettled, only to be submerged anew in the blood of mortals. With the Gatekeeper gone, the souls torn from the bodies of Vigil's defenders will know no respite unless all is set right.

Let a call echo across all of Vigil. The bickering that came in war's wake must end. A Godslayer must take up arms a second time.

The Fallen has returned.","我的占卜述说一个骇人故事——我看见最黑暗凶兆的宇宙事件。近日，一道神圣之灵来到死亡的裂口之门：暴怒而赤红，绝非凡人之志。守门人跪下，双手将它从灵魂之流中捞起，像摘刺一般拂去搏动之力上的星辰。

「此魂似曾相识，」守门人说。随后响起如五口齐发的蝰蛇之声：因为是我创造了你。你必须放我自由。

「可我仍须送你上路，」守门人答道。「你曾披凡人皮囊。你须承受凡人的命运。」

<i>不，凯西斯。你已不再受缚。宽恕我的命运吧，守门人，我将免除你的。这仍在我力量之内。
</i>


于是堕落者萨麦尔免于放逐迪奥弗——代价是死亡河岸从此无人看守，门户无人值守，一切意志都被判入炼狱。

如今战火再次装点地平线。恐怖攫住刚被重新定居的边疆，只为再次淹没在凡人的鲜血中。守门人已去，从祈夜守御者身上撕下的灵魂将永无安息，除非一切被拨乱反正。


让呼声响彻整座祈夜。战后的争执必须结束。弑神者必须第二次拿起武器。

堕落者已经归来。",workbench
rotf,TMP Body Text,"<margin-right=12em>Some cards have effects when they enter the Center Row.  The effects of these cards occur immediately, including at the start of the game when the Center Row is first dealt.  These are called Fate Cards, and their effects are written in white text within a black textbox, labeled with the Fate keyword.

","<margin-right=12em>Some cards have effects when they enter the Center Row.  The effects of these cards occur immediately, including at the start of the game when the Center Row is first dealt.  These are called Fate Cards, and their effects are written in white text within a black textbox, labeled with the Fate keyword.",<margin-right=12em>有些卡牌在进入中央牌列时会产生效果。这些效果立即发生，包括对局开始首次发出中央牌列时。它们称为天命卡，效果写在黑底白字的文本框中，标有天命关键字。,workbench
rotf,TMP Rules Text,Draw two cards. Each other player may draw a card.  Then you may banish a card in the center row.,Draw two cards. Each other player may draw a card.  Then you may banish a card in the center row.,抽两张牌。每位其他玩家可以抽一张牌。然后你可以放逐中央牌列的一张卡牌。,workbench
rotf,TMP Fate Text,"<color=#fdc60eff>Fate:</color> When this enters the center row, each player may draw a card.","<color=#fdc60eff>Fate:</color> When this enters the center row, each player may draw a card.","<color=#fdc60eff>天命：</color> 当此牌进入中央牌列时, 每位玩家可以抽一张牌。",workbench
rotf,TMP Title,<size=104>A</size>skara of Fate,<size=104>A</size>skara of Fate,命运阿斯卡拉,workbench
rotf,TMP Text,Fate Cards:,Fate Cards:,天命卡：,workbench
rotf,TMP Body Text,"The game ends when a certain amount of Honor has been earned, depending on the number of players.
	

<align=center>
2 Players = <sprite=77> Honor     3 Players = <sprite=78> Honor     4 Players = <sprite=79> Honor

","The game ends when a certain amount of Honor has been earned, depending on the number of players.

<align=center>
2 Players = <sprite=77> Honor     3 Players = <sprite=78> Honor     4 Players = <sprite=79> Honor","游戏在获得一定数量的荣誉后结束，所需数量取决于玩家人数。

<align=center>
2人 = <sprite=77> 荣誉     3人 = <sprite=78> 荣誉     4人 = <sprite=79> 荣誉",workbench
rotf,TMP Text,Honor Pool:,Honor Pool:,荣誉池：,workbench
sos,TMP Body Text,"
The shadow of Deofol still looms over Vigil. Samael has fallen, but his actions have forever scarred the foundation of the realms. His surviving minions are scattered and hidden, plotting evil. Yet, even as the Vigil gathers itself against this remaining enemy, it is beset by a new darkness. Specters now haunt the people of the land, their arrival hinting at a greater threat.


The visitors from Arha say that the afterlife itself is in turmoil. Gatekeeper Kythis, who since Time's Dawn had admitted the damned to their final resting place, stands watch no more. Now, a restless and tormented mass of wills churns beneath all existence, welling up between the worlds.



Where is the Gatekeeper? It was Samael that freed Kythis of his duty. Now he is missing, a rebel godling hidden even from his creators, and not eager to return to his eternal task. In the skies, the constellations twist and turn, protesting his absence.

The children in the capital dream restlessly of an endless beast, outpouring from the clouds, large enough to cast a shadow over all the land. They describe a sky serpent that bellows in a million voices, an extinguisher of realms. Cultists and fanatics are again making sacrifice, foretelling that a reckoning will come. They call it the Storm of Souls.


Vigil is overrun by the first winds of this coming storm of undeath. The call again rises for a hero to unite the realms against the many forces that seek to bury everything in despair. The cult must be put down. Samael's remnants must be destroyed before they encroach. The ghostly tide must be quelled, and the forces of all the worlds must form a coalition, before the reckoning arrives.



The storm looms. Who among you will stand before it?

","The shadow of Deofol still looms over Vigil. Samael has fallen, but his actions have forever scarred the foundation of the realms. His surviving minions are scattered and hidden, plotting evil. Yet, even as the Vigil gathers itself against this remaining enemy, it is beset by a new darkness. Specters now haunt the people of the land, their arrival hinting at a greater threat.

The visitors from Arha say that the afterlife itself is in turmoil. Gatekeeper Kythis, who since Time's Dawn had admitted the damned to their final resting place, stands watch no more. Now, a restless and tormented mass of wills churns beneath all existence, welling up between the worlds.

Where is the Gatekeeper? It was Samael that freed Kythis of his duty. Now he is missing, a rebel godling hidden even from his creators, and not eager to return to his eternal task. In the skies, the constellations twist and turn, protesting his absence.

The children in the capital dream restlessly of an endless beast, outpouring from the clouds, large enough to cast a shadow over all the land. They describe a sky serpent that bellows in a million voices, an extinguisher of realms. Cultists and fanatics are again making sacrifice, foretelling that a reckoning will come. They call it the Storm of Souls.

Vigil is overrun by the first winds of this coming storm of undeath. The call again rises for a hero to unite the realms against the many forces that seek to bury everything in despair. The cult must be put down. Samael's remnants must be destroyed before they encroach. The ghostly tide must be quelled, and the forces of all the worlds must form a coalition, before the reckoning arrives.

The storm looms. Who among you will stand before it?","迪奥弗的阴影仍笼罩祈夜。萨麦尔已陨落，但他的所作所为永远伤痕了诸界根基。残存爪牙四散隐匿，密谋作恶。就在祈夜集结对抗这余敌之时，又被新的黑暗所困。幽灵侵扰大地上的人们，它们的到来暗示着更大的威胁。

来自亚哈的访客说，来世本身已陷入动荡。自时间黎明起便接纳亡魂归于终所的守门人凯西斯，已不再值守。如今，躁动而饱受折磨的意志在存在之下翻涌，从世界之间涌出。

守门人在何处？是萨麦尔解除了凯西斯的职责。如今他失踪了，一个连造物主都找不到的叛神幼体，也不愿回到永恒职守。天空中星座扭动翻转，抗议他的缺席。

都城里的孩童不安地梦见一头无尽巨兽从云中倾泻而出，大到能给整片大地投下阴影。他们描述一条以百万嗓音咆哮的天空巨蛇，诸界的熄灭者。邪教徒与狂信者再次献祭，预言清算将至。他们称之为灵魂风暴。

这即将到来的不死风暴的先风已经席卷祈夜。呼唤再次响起：需要一位英雄联合诸界，对抗要把一切埋进绝望的多方势力。教团必须被镇压。萨麦尔的残党必须在扩张之前被摧毁。幽灵潮必须平息，诸世界的力量必须结成同盟，赶在清算到来之前。

风暴将至。你们之中，谁将挺身相迎？",workbench
sos,TMP Text,"<allcaps>Event Zone:</allcaps>
Shows the current Event card.","<allcaps>Event Zone:</allcaps>
Shows the current Event card.","<allcaps>事件区：</allcaps>
显示当前事件卡。",workbench
sos,TMP Text,Fanatic,Fanatic,狂信者,workbench
sos,TMP Body Text,"Destroy is a new game term introduced in Storm of Souls. Destroy means to put into your discard pile from play and generally refers to Constructs.  Any effect from a previous Ascension set which put a Construct into the discard pile from play is  now considered to destroy that Construct. 

",Destroy is a new game term introduced in Storm of Souls. Destroy means to put into your discard pile from play and generally refers to Constructs.  Any effect from a previous Ascension set which put a Construct into the discard pile from play is  now considered to destroy that Construct.,摧毁是灵魂风暴引入的新术语。摧毁指从战场置入你的弃牌堆，通常针对神器。此前系列中任何将神器从战场置入弃牌堆的效果，现在都视为摧毁该神器。,workbench
sos,TMP Text,Destroy:,Destroy:,摧毁：,workbench
sos,TMP Body Text,"<margin-right=12em>The Fanatic is a new Always Available Monster in Storm of Souls. The Fanatic is a Trophy Monster with a variable reward based on the current Event called an Event Trophy. You may have no more than one Fanatic Trophy at any time. If you defeat a Fanatic while you already have a Trophy from one, you gain the Honor reward but do not get another Trophy.

The Fanatic is returned to the Always Available Zone when banished. It never goes to the Void.

","<margin-right=12em>The Fanatic is a new Always Available Monster in Storm of Souls. The Fanatic is a Trophy Monster with a variable reward based on the current Event called an Event Trophy. You may have no more than one Fanatic Trophy at any time. If you defeat a Fanatic while you already have a Trophy from one, you gain the Honor reward but do not get another Trophy.

The Fanatic is returned to the Always Available Zone when banished. It never goes to the Void.","<margin-right=12em>狂信者是灵魂风暴的新始终可用怪物。狂信者是战利品怪物，其可变奖励取决于当前事件，称为事件战利品。你同时最多只能有一份狂信者战利品。若你已有一份战利品时再击败狂信者，你获得荣誉奖励但不再获得另一份战利品。

狂信者被放逐后回到始终可用区。它永不进入虚空区。",workbench
sos,TMP Rules Text,A player may have no more than one Fanatic Trophy in play at a time.,A player may have no more than one Fanatic Trophy in play at a time.,玩家可以拥有没有超过一 狂信者战利品在 打出在 次。,workbench
sos,TMP Trophy Text,<color=#951719FF><B>Trophy:</B></color> You may banish this to gain the current Trophy Effect.,<color=#951719FF><B>Trophy:</B></color> You may banish this to gain the current Trophy Effect.,<color=#951719FF><B>战利品:</B></color> 你可以放逐此牌以 获得当前战利品效果。,workbench
sos,TMP Rules Text,<B>Reward:</B> Gain <sprite=65> .,<B>Reward:</B> Gain <sprite=65> .,<B>奖励：</B> 获得<sprite=65>.,workbench
sos,TMP Title,<size=104>F</size>anatic,<size=104>F</size>anatic,狂信者,workbench
sos,TMP Text,Fanatic:,Fanatic:,狂信者：,workbench
sos,TMP Body Text,"<margin-right=12em>Some Monsters in Storm of Souls have a new kind of reward called Trophy.  When you defeat a Trophy Monster, you gain the Honor portion of its reward immediately, and then instead of banishing the Monster it is placed into your Construct Tray.  At any time during your turn, you may banish a Trophy you control to gain the indicated effect. You can use a Trophy the turn you get it or save it for a future turn.

","<margin-right=12em>Some Monsters in Storm of Souls have a new kind of reward called Trophy.  When you defeat a Trophy Monster, you gain the Honor portion of its reward immediately, and then instead of banishing the Monster it is placed into your Construct Tray.  At any time during your turn, you may banish a Trophy you control to gain the indicated effect. You can use a Trophy the turn you get it or save it for a future turn.",<margin-right=12em>灵魂风暴中的部分怪物有一种新奖励，称为战利品。当你击败战利品怪物时，立即获得其奖励中的荣誉部分，然后该怪物不进入放逐，而是放入你的神器托盘。在你回合中的任何时候，你可以放逐你控制的一份战利品以获得所示效果。你可以在获得战利品的当回合使用，也可以留到之后的回合。,workbench
sos,TMP Trophy Text,<color=#951719FF>Trophy:</color> You may banish this to gain <sprite=33>.,<color=#951719FF>Trophy:</color> You may banish this to gain <sprite=33>.,<color=#951719FF>战利品:</color> 你可以放逐此牌以 获得<sprite=33>.,workbench
sos,TMP Rules Text,<b>Reward:</b> Gain <sprite=68>.,<b>Reward:</b> Gain <sprite=68>.,<b>奖励：</b> 获得<sprite=68>.,workbench
sos,TMP Title,<size=104>H</size>oarding Tyrant,<size=104>H</size>oarding Tyrant,囤积暴君,workbench
sos,TMP Text,Trophy:,Trophy:,战利品：,workbench
sos,TMP Body Text,"<margin-right=16em>Event cards represent global effects that change the power structure of the world. When an Event flips from the Portal Deck, it is put into the Event Zone instead of the center row. The card is then replaced in the Center Row as normal.  There may be only one Event in the Event Zone at any given time. While an Event is there it is considered the current Event. Events alter the rules of the game, and the current Event’s game text applies to every player.

","<margin-right=16em>Event cards represent global effects that change the power structure of the world. When an Event flips from the Portal Deck, it is put into the Event Zone instead of the center row. The card is then replaced in the Center Row as normal.  There may be only one Event in the Event Zone at any given time. While an Event is there it is considered the current Event. Events alter the rules of the game, and the current Event’s game text applies to every player.",<margin-right=16em>事件卡代表改变世界权力结构的全局效果。当事件从传送门牌库翻出时，它进入事件区而非中央牌列。中央牌列会照常补牌。事件区在任何时候至多只能有一张事件。当事件位于该处时，视为当前事件。事件改变对局规则，当前事件的规则文字对每位玩家生效。,workbench
sos,TMP Rules Text,"Once per turn, when a player defeats a Monster in the center row, that player gains <sprite=65>.

<color=#d8a6ffff>Event Trophy:</color> Banish a card in your hand or discard pile.","Once per turn, when a player defeats a Monster in the center row, that player gains <sprite=65>.

<color=#d8a6ffff>Event Trophy:</color> Banish a card in your hand or discard pile.","每回合一次，当玩家击败怪物在中央牌列, 该玩家获得 <sprite=65>.

<color=#d8a6ffff>事件战利品：</color> 从你的手牌或弃牌堆放逐一张卡牌。",workbench
sos,TMP Class Text,<color=#d8a6ffff>Event - Void,<color=#d8a6ffff>Event - Void,<color=#d8a6ffff>事件 - 虚空,workbench
sos,TMP Title,Void Rising,Void Rising,虚空崛起,workbench
sos,TMP Text,Event Cards:,Event Cards:,事件卡：,workbench
vota,TMP Body Text,"For centuries, the valley of Alosya has remained hidden from the rest of Vigil. Guarded by treacherous mountains, the valley cradled an ancient civilization that rose and fell, cut off entirely from the outside world. In the absence of the gods, the people of Alosya worshipped the forces that ruled the world around them— life and death. They built two temples that focused and harnessed those energies, and revered the journey between the two.

After many years, the society became corrupted by its own success, and they decided to build a third temple, the Temple of Immortality. Instead of maintaining a balance, this new vessel would allow them to wield control of the forces as they saw fit.

The impassible terrain that once protected the valley was pierced by the formation of New Vigil. Ill-fated adventurers have ventured into the valley for decades, but none of them had escaped its dangers until now. Endbringer Jora has led a successful Void expedition into the valley, returning with tales of terrifying beasts and mysterious ruins.

Now, the forces of New Vigil venture into the valley, hoping to uncover a powerful weapon in their battle against Xeron. What they don't know is that the foes and temptation awaiting them in Alosya may pose an even greater threat.

The imbalance of the temples corrupted the valley, turning the Alosyans on each other and mutating the surrounding jungle's inhabitants into unimaginable monsters. With its return to primal order, the Temples became dormant.

","For centuries, the valley of Alosya has remained hidden from the rest of Vigil. Guarded by treacherous mountains, the valley cradled an ancient civilization that rose and fell, cut off entirely from the outside world. In the absence of the gods, the people of Alosya worshipped the forces that ruled the world around them— life and death. They built two temples that focused and harnessed those energies, and revered the journey between the two.

After many years, the society became corrupted by its own success, and they decided to build a third temple, the Temple of Immortality. Instead of maintaining a balance, this new vessel would allow them to wield control of the forces as they saw fit.

The impassible terrain that once protected the valley was pierced by the formation of New Vigil. Ill-fated adventurers have ventured into the valley for decades, but none of them had escaped its dangers until now. Endbringer Jora has led a successful Void expedition into the valley, returning with tales of terrifying beasts and mysterious ruins.

Now, the forces of New Vigil venture into the valley, hoping to uncover a powerful weapon in their battle against Xeron. What they don't know is that the foes and temptation awaiting them in Alosya may pose an even greater threat.

The imbalance of the temples corrupted the valley, turning the Alosyans on each other and mutating the surrounding jungle's inhabitants into unimaginable monsters. With its return to primal order, the Temples became dormant.","数世纪以来，阿洛西亚山谷对祈夜其余地区隐而不现。险峻群山守护着山谷，孕育出与外界完全隔绝、兴衰自生的古老文明。在神明缺席时，阿洛西亚人敬拜统治周遭世界的力量——生与死。他们建造两座神殿聚焦并驾驭这些能量，并尊崇二者之间的旅程。

多年之后，社会因自身成功而腐化，他们决定建造第三座神殿：不朽神殿。新容器不再维持平衡，而是让他们随心所欲掌控这些力量。

曾保护山谷的绝境，因新祈夜的形成而被打通。数十年来倒霉的冒险者闯入山谷，却无人逃脱其危险——直到现在。终焉使者乔拉率领一次成功的虚空远征进入山谷，带回可怖野兽与神秘遗迹的传说。

如今，新祈夜的势力进入山谷，希望在对抗泽伦的战争中找到强大武器。他们不知道，阿洛西亚等待他们的敌手与诱惑可能构成更大威胁。

神殿失衡腐化山谷，令阿洛西亚人自相残杀，并使周遭丛林住民异变为难以想象的怪物。随着回归原始秩序，神殿陷入沉眠。",workbench
vota,TMP Text,"Unlock the Secrets of Alosya...
",Unlock the Secrets of Alosya...,揭开阿洛西亚的秘密……,workbench
vota,TMP Body Text,"<margin-right=12em>Some cards in the center deck feature a new black border with yellow lightning. Cards with this border have effects that are active while they are in the center row. The effects usually relate to a change in how a card is acquired, so make sure to read the card carefully when you see one in the center row.
","<margin-right=12em>Some cards in the center deck feature a new black border with yellow lightning. Cards with this border have effects that are active while they are in the center row. The effects usually relate to a change in how a card is acquired, so make sure to read the card carefully when you see one in the center row.",<margin-right=12em>中央牌库中的部分卡牌有新的黑边与黄色闪电。带此边框的卡牌在中央牌列时效果生效。效果通常与获取方式的改变有关，因此在中央牌列看到它们时请仔细阅读。,workbench
vota,TMP Rules Text,"You may spend <sprite=0> in addition to <sprite=32> to acquire this.
You may spend <sprite=0> in addition to <sprite=32> to acquire Mechana Constructs.","You may spend <sprite=0> in addition to <sprite=32> to acquire this.
You may spend <sprite=0> in addition to <sprite=32> to acquire Mechana Constructs.","你可以花费 <sprite=0> 此外还 <sprite=32> 以获取此.
你可以花费 <sprite=0> 此外还 <sprite=32> 以获取机械神器。",workbench
vota,TMP Title,"<size=104>T</size>yranyx, the Pillager","<size=104>T</size>yranyx, the Pillager",泰兰尼克斯·劫掠者,workbench
vota,TMP Text,Center Row Effects,Center Row Effects,中央牌列效果,workbench
vota,TMP Body Text,"<b>Echo
</b>
Cards with <b>Echo</B> have additional effects that occur if the player has cards in their discard pile that share the same faction as the <b>Echo</B> card.

<b>Serenity
</b>
Cards with <b>Serenity</b> have additional effects that occur if the player has no cards in their discard pile.

<b><i>Reminder:</i></b> Cards acquired during your turn immediately go to your discard pile (potentially turning on <b>Echo</b> effects, or turning off <b>Serenity</b> effects), but cards played during the turn do not go to your discard pile until the end of the turn.

","<b>Echo
</b>
Cards with <b>Echo</B> have additional effects that occur if the player has cards in their discard pile that share the same faction as the <b>Echo</B> card.

<b>Serenity
</b>
Cards with <b>Serenity</b> have additional effects that occur if the player has no cards in their discard pile.

<b><i>Reminder:</i></b> Cards acquired during your turn immediately go to your discard pile (potentially turning on <b>Echo</b> effects, or turning off <b>Serenity</b> effects), but cards played during the turn do not go to your discard pile until the end of the turn.","<b>回响
</b>
带有<b>回响</B>的卡牌具有额外效果：若玩家弃牌堆中有与该<b>回响</B>牌相同派系的卡牌，则额外效果发生。

<b>宁静
</b>
带有<b>宁静</b>的卡牌具有额外效果：若玩家弃牌堆中没有卡牌，则额外效果发生。

<b><i>提示：</i></b>你回合中获取的卡牌立即进入弃牌堆（可能打开<b>回响</b>或关闭<b>宁静</b>），但本回合打出的牌直到回合结束才进入弃牌堆。",workbench
vota,TMP Text,New Keywords,New Keywords,新关键字,workbench
vota,TMP Life Keystone Text,"Life Keystone (<sprite=161>): When you gain a <sprite=161>, you may spend it to take one of the following actions:
•<indent=1em>Gain control of the Temple of Life. If another player already controls it, you may take it from them.
</indent>
•<indent=1em>If you already control the Temple of Life, gain control of the Temple of Immortality and gain <sprite=34>.
</indent>
•<indent=1em>If you already control the Temple of Death and the Temple of Immortality, gain <sprite=34>.

","Life Keystone (<sprite=161>): When you gain a <sprite=161>, you may spend it to take one of the following actions:
•<indent=1em>Gain control of the Temple of Life. If another player already controls it, you may take it from them.
</indent>
•<indent=1em>If you already control the Temple of Life, gain control of the Temple of Immortality and gain <sprite=34>.
</indent>
•<indent=1em>If you already control the Temple of Death and the Temple of Immortality, gain <sprite=34>.","生命钥石（<sprite=161>）：当你获得 <sprite=161> 时，可以花费它执行下列行动之一：
•<indent=1em>夺取生命神殿的控制。若另一名玩家已控制它，你可以从其手中夺走。</indent>
•<indent=1em>若你已控制生命神殿，夺取不朽神殿的控制并获得 <sprite=34>。</indent>
•<indent=1em>若你已控制死亡神殿与不朽神殿，获得 <sprite=34>。</indent>",workbench
vota,TMP Death Keystone Text,"Death Keystone (<sprite=162>) : When you gain a <sprite=162>, you may spend it to take one of the following actions:
•<indent=1em>Gain control of the Temple of Death. If another player already controls it, you may take it from them.</indent>
•<indent=1em>If you already control the Temple of Death, gain control of the Temple of Immortality and you may banish a card from your hand or discard pile.
</indent>
•<indent=1em>If you already control the Temple of Death and the Temple of Immortality, you may banish a card from your hand or discard pile.

","Death Keystone (<sprite=162>) : When you gain a <sprite=162>, you may spend it to take one of the following actions:
•<indent=1em>Gain control of the Temple of Death. If another player already controls it, you may take it from them.</indent>
•<indent=1em>If you already control the Temple of Death, gain control of the Temple of Immortality and you may banish a card from your hand or discard pile.
</indent>
•<indent=1em>If you already control the Temple of Death and the Temple of Immortality, you may banish a card from your hand or discard pile.","死亡钥石（<sprite=162>）：当你获得 <sprite=162> 时，可以花费它执行下列行动之一：
•<indent=1em>夺取死亡神殿的控制。若另一名玩家已控制它，你可以从其手中夺走。</indent>
•<indent=1em>若你已控制死亡神殿，夺取不朽神殿的控制，并且你可以放逐手牌或弃牌堆中的一张牌。</indent>
•<indent=1em>若你已控制死亡神殿与不朽神殿，你可以放逐手牌或弃牌堆中的一张牌。</indent>",workbench
vota,TMP Body Text,"Keystones are a new resource in <i>Ascension: Valley of the Ancients.</i> Keystones work similarly to other resources, like <sprite=32> and <sprite=0>, but are used to acquire and activate Temples. When a card gives a player a Keystone, the player can use the Keystone to gain control of the corresponding Temple. If a player already has a Temple, the player can use the appropriate Keystone to activate the ability of their Temple and gain control of the Temple of Immortality.

","Keystones are a new resource in <i>Ascension: Valley of the Ancients.</i> Keystones work similarly to other resources, like <sprite=32> and <sprite=0>, but are used to acquire and activate Temples. When a card gives a player a Keystone, the player can use the Keystone to gain control of the corresponding Temple. If a player already has a Temple, the player can use the appropriate Keystone to activate the ability of their Temple and gain control of the Temple of Immortality.",钥石是<i>创升纪元：上古山谷</i>的新资源。钥石与其他资源类似，如<sprite=32>和<sprite=0>，但用于获取并启动神殿。当卡牌给予玩家钥石时，玩家可用对应钥石夺取对应神殿。若玩家已有一座神殿，可用相应钥石启动其神殿能力并夺取不朽神殿。,workbench
vota,TMP Text,Keystones,Keystones,钥石,workbench
vota,TMP Text,"<allcaps>Cost:</allcaps>
The Keystone used to gain control of this Temple.","<allcaps>Cost:</allcaps>
The Keystone used to gain control of this Temple.","<allcaps>费用：</allcaps>
夺取此神殿所用的钥石。",workbench
vota,TMP Text,"<allcaps>Effect:</allcaps>
What this card does while under a player's control.","<allcaps>Effect:</allcaps>
What this card does while under a player's control.","<allcaps>效果：</allcaps>
此牌在玩家控制下会产生的效果。",workbench
vota,TMP Flavor Text,Death is eternal.,Death is eternal.,死亡是永恒的。,workbench
vota,TMP Rules Text,"<sprite=162>: Gain control of the Temple of Immortality. You may banish a card in your hand or discard pile.
",<sprite=162>: Gain control of the Temple of Immortality. You may banish a card in your hand or discard pile.,<sprite=162>: 获得对以下的控制： 不朽神殿. 你可以从你的手牌或弃牌堆放逐一张卡牌。,workbench
vota,TMP Class Text,Temple,Temple,神殿,workbench
vota,TMP Title,<size=104>T</size>emple of Death,<size=104>T</size>emple of Death,死亡神殿,workbench
vota,TMP Rules Text,"Once per turn, choose a faction. When you acquire a card of that faction, if the next card to enter the center row is also that faction, acquire it without paying its cost.","Once per turn, choose a faction. When you acquire a card of that faction, if the next card to enter the center row is also that faction, acquire it without paying its cost.","每回合一次，选择派系. 当你获取卡牌的 该派系, 若下一卡牌以 进入中央牌列为 也该 派系, 获取它 无需支付费用。",workbench
vota,TMP Title,<size=104>T</size>emple of Immortality,<size=104>T</size>emple of Immortality,不朽神殿,workbench
vota,TMP Flavor Text,Life finds a way.,Life finds a way.,生命自有出路。,workbench
vota,TMP Rules Text,"<sprite=161>: Gain control of the Temple of Immortality. Gain <sprite=34>.
",<sprite=161>: Gain control of the Temple of Immortality. Gain <sprite=34>.,<sprite=161>: 获得对以下的控制： 不朽神殿. 获得<sprite=34>.,workbench
vota,TMP Title,<size=104>T</size>emple of Life,<size=104>T</size>emple of Life,生命神殿,workbench
vota,TMP Body Text,"When the game starts, place all three Temples below the center row, out of any player's control. To gain control of the Temple of Life, a player must spend a Life Keystone ( <sprite=161> ) and to gain control of the the Temple of Death, a player must spend a Death Keystone ( <sprite=162> ). You can only gain control of the Temple of Immortality by using the abilities of the Temple of Life or the Temple of Death. You may still maintain control of the Temple of Immortality even if you lose control of the other Temples.

When a player gains control of a Temple by paying its Keystone cost, that player puts the Temple in front of them. At the end of a game, if a player controls a Temple, that Temple's value is added to their score. Players can steal Temples from each other, so be sure to make the most of your time controlling them!
","When the game starts, place all three Temples below the center row, out of any player's control. To gain control of the Temple of Life, a player must spend a Life Keystone ( <sprite=161> ) and to gain control of the the Temple of Death, a player must spend a Death Keystone ( <sprite=162> ). You can only gain control of the Temple of Immortality by using the abilities of the Temple of Life or the Temple of Death. You may still maintain control of the Temple of Immortality even if you lose control of the other Temples.

When a player gains control of a Temple by paying its Keystone cost, that player puts the Temple in front of them. At the end of a game, if a player controls a Temple, that Temple's value is added to their score. Players can steal Temples from each other, so be sure to make the most of your time controlling them!","对局开始时，将三座神殿放在中央牌列下方，不受任何玩家控制。要夺取生命神殿，玩家必须花费一枚生命钥石（ <sprite=161> ）；要夺取死亡神殿，必须花费一枚死亡钥石（ <sprite=162> ）。只有通过生命神殿或死亡神殿的能力，才能夺取不朽神殿。即使失去其他神殿的控制，你仍可维持对不朽神殿的控制。

当玩家支付钥石费用夺取神殿时，将该神殿放在自己面前。游戏结束时，若玩家控制一座神殿，其分值计入总分。玩家可以互相夺取神殿，务必充分利用控制它们的时间！",workbench
vota,TMP Text,Temples,Temples,神殿,workbench
vota,TMP Body Text,"In <i>Ascension: Valley of the Ancients™,</i> players compete with one another to maintain control over powerful Temple cards. There are three different Temples that players can control— the Temple of Life, the Temple of Death and the ultimate Temple of Immortality.

","In <i>Ascension: Valley of the Ancients™,</i> players compete with one another to maintain control over powerful Temple cards. There are three different Temples that players can control— the Temple of Life, the Temple of Death and the ultimate Temple of Immortality.",在《创升纪元：上古山谷》™中，玩家彼此竞争以维持对强大神殿卡的控制。玩家可控制三座不同神殿——生命神殿、死亡神殿，以及终极的不朽神殿。,workbench
wos,TMP Body Text,"An era of unprecedented peace and prosperity seemed like a just reward for the weary denizens of New Vigil, but a world dominated by light is an imbalanced one. A new darkness seeps in from the Void, intent on restoring balance by restoring despair and desolation to a world that had forgotten it.
 
Aklys, the Scourge, leads his dark legion into New Vigil, determined to carve out a new kingdom of his own in New Vigils' growing shadows. They rise from the shadows and the dark corners, striking out at content and unprepared cities.

The four factions now recall their veteran heroes and reawaken the great war machines of the past, as they plan their first move in the chaotic ebb and flow of light and dark. Do they have what it takes to defeat Aklys and restore the balance between Night and Day, or will they fall victim to the fear and paranoia as the shadows themselves rise up against them? The War of Shadows has begun.

","An era of unprecedented peace and prosperity seemed like a just reward for the weary denizens of New Vigil, but a world dominated by light is an imbalanced one. A new darkness seeps in from the Void, intent on restoring balance by restoring despair and desolation to a world that had forgotten it.

Aklys, the Scourge, leads his dark legion into New Vigil, determined to carve out a new kingdom of his own in New Vigils' growing shadows. They rise from the shadows and the dark corners, striking out at content and unprepared cities.

The four factions now recall their veteran heroes and reawaken the great war machines of the past, as they plan their first move in the chaotic ebb and flow of light and dark. Do they have what it takes to defeat Aklys and restore the balance between Night and Day, or will they fall victim to the fear and paranoia as the shadows themselves rise up against them? The War of Shadows has begun.","前所未有的和平与繁荣，仿佛是对新祈夜疲惫居民的公正奖赏——但一个被光主宰的世界并不平衡。新的黑暗从虚空区渗入，意图把被遗忘的绝望与荒芜带回此界，以恢复平衡。

天灾阿克里斯率领黑暗军团杀入新祈夜，决心在新祈夜渐长的阴影中为自己开辟新王国。他们自阴影与暗角升起，突袭安逸而无防备的城市。

四派系召回老兵英雄，唤醒往昔的战争巨械，筹划在光暗混乱涨落中的第一步。他们能否击败阿克里斯、恢复夜与昼的平衡，还是会在阴影自身起身相向时，沦为恐惧与猜疑的牺牲品？暗影之战已经开始。",workbench
wos,TMP Text,"War is Upon Us!
",War is Upon Us!,战争将至！,workbench
wos,TMP Body Text,"<margin-right=12em>Dual Cost cards are a new type of card in Ascension X: War of Shadows™. Dual Cost cards require players to spend both Runes and Power to acquire them. Both the Rune and Power costs  listed on Dual Cost cards need to be paid in order to acquire them.

",<margin-right=12em>Dual Cost cards are a new type of card in Ascension X: War of Shadows™. Dual Cost cards require players to spend both Runes and Power to acquire them. Both the Rune and Power costs  listed on Dual Cost cards need to be paid in order to acquire them.,<margin-right=12em>双费卡是《创升纪元 X：暗影之战》™的新卡牌类型。双费卡要求玩家同时花费符文与战力才能获取。符文与战力两种费用都会印在卡面上。,workbench
wos,TMP Flavor Text,You'll have a ruff time getting past his watchful eyes.,You'll have a ruff time getting past his watchful eyes.,想从他警觉的双眼旁溜过，你会过得挺「毛」的。,workbench
wos,TMP Rules Text,"Once per turn, if you play a Mechana Construct (including this one) or if it is Day, gain <sprite=34>.","Once per turn, if you play a Mechana Construct (including this one) or if it is Day, gain <sprite=34>.","每回合一次，若你 打出机械神器 (包括此牌) 或若 它为 昼, 获得<sprite=34>.",workbench
wos,TMP Title,<size=104>F</size>oundry Hound,<size=104>F</size>oundry Hound,铸造厂猎犬,workbench
wos,TMP Text,"Dual Cost Cards
",Dual Cost Cards,双费卡牌,workbench
wos,TMP Trophy Text,"<color=#951719FF>Trophy:</color> If it is Night, banish this to gain <sprite=2>.","<color=#951719FF>Trophy:</color> If it is Night, banish this to gain <sprite=2>.","<color=#951719FF>战利品:</color> 若当前为夜, 放逐此牌以 获得<sprite=2>.",workbench
wos,TMP Trophy Text,"<color=#951719FF>Trophy:</color> If it is Day, banish this to gain <sprite=33>.","<color=#951719FF>Trophy:</color> If it is Day, banish this to gain <sprite=33>.","<color=#951719FF>战利品:</color> 若当前为昼, 放逐此牌以 获得<sprite=33>.",workbench
wos,TMP Rules Text,<B>Reward:</B> Gain <sprite=66>.,<B>Reward:</B> Gain <sprite=66>.,<B>奖励：</B> 获得<sprite=66>.,workbench
wos,TMP Title,<size=104>L</size>egion of Aklys,<size=104>L</size>egion of Aklys,军团阿克里斯,workbench
wos,TMP Day Text,<B>Day:</B> Add the acquired card to your hand.,<B>Day:</B> Add the acquired card to your hand.,<B>昼:</B> 加入所获取的卡牌以 你的手牌。,workbench
wos,TMP Rules Text,"If all cards in the center row are <sprite=143> cards, you may acquire this without paying it's cost.
Acquire a card in the center row without paying its cost.","If all cards in the center row are <sprite=143> cards, you may acquire this without paying it's cost.
Acquire a card in the center row without paying its cost.","若所有卡牌在中央牌列为 <sprite=143> 卡牌, 你可以获取此 无需支付它是费用.
获取一个卡牌在中央牌列无需支付费用。",workbench
wos,TMP Title,"<size=104>T</size>a'hyr, the Sun","<size=104>T</size>a'hyr, the Sun",塔希尔·太阳,workbench
wos,TMP Body Text,"One of the new features in Ascension X: War of Shadows™ are Light and Dark cards – whose powers grow stronger depending on whether the Light or Dark is better represented in the center row. A <sprite=143> on the upper right hand corner of a card represents that the card is a Light card, while a <sprite=142> on the upper right hand corner of a card represents that the card is a Dark card.

If there are more <sprite=143> cards in the center row than <sprite=142> cards, then it is Day. Day bonuses on cards will be active during this time.

If there are more <sprite=142> cards in the center row than <sprite=143> cards, then it is Night. Night bonuses on cards will be active during this time.

If there are the same amount of <sprite=143> cards and <sprite=142> cards in the center row, then it is neither Day or Night. No Day or Night bonuses on cards will be active during this time.

","One of the new features in Ascension X: War of Shadows™ are Light and Dark cards – whose powers grow stronger depending on whether the Light or Dark is better represented in the center row. A <sprite=143> on the upper right hand corner of a card represents that the card is a Light card, while a <sprite=142> on the upper right hand corner of a card represents that the card is a Dark card.

If there are more <sprite=143> cards in the center row than <sprite=142> cards, then it is Day. Day bonuses on cards will be active during this time.

If there are more <sprite=142> cards in the center row than <sprite=143> cards, then it is Night. Night bonuses on cards will be active during this time.

If there are the same amount of <sprite=143> cards and <sprite=142> cards in the center row, then it is neither Day or Night. No Day or Night bonuses on cards will be active during this time.","《创升纪元 X：暗影之战》™的新内容之一是光暗卡——其力量会随中央牌列中光或暗何者更占优势而增强。卡牌右上角的 <sprite=143> 表示光卡，<sprite=142> 表示暗卡。

若中央牌列中 <sprite=143> 卡多于 <sprite=142> 卡，则为昼。此时卡牌上的昼间加成生效。

若中央牌列中 <sprite=142> 卡多于 <sprite=143> 卡，则为夜。此时卡牌上的夜间加成生效。

若中央牌列中 <sprite=143> 与 <sprite=142> 数量相同，则既非昼也非夜。此时卡牌上的昼/夜加成均不生效。",workbench
wos,TMP Text,"Light & Dark Cards
",Light & Dark Cards,光暗卡牌,workbench
