# kind	src	zh
K	CARDNAME_AARONTHEGODSLAYER	亚伦·弑神者
K	CARDNAME_ABOLISHER	废除者
K	CARDNAME_ABOLISHERETER	废除者
K	CARDNAME_ACIDICCRAWLER	酸性爬行者
K	CARDNAME_ADAMBUILDERADEPT	亚当·建造者能手
K	CARDNAME_ADAYUTHEOMNIPOTENT	天选者阿达尤
K	CARDNAME_ADAYUTHESERENE	阿达尤宁静
K	CARDNAME_ADAYUTHETORMENTED	阿达尤受折磨
K	CARDNAME_AEGISKNIGHT	神盾骑士
K	CARDNAME_AETHERCHANNELER	以太引导者
K	CARDNAME_AETHERCURATOR	以太策展者
K	CARDNAME_AETHERRITUALIST	以太祭仪师
K	CARDNAME_AETHERSPRINGWITCH	以太泉女巫
K	CARDNAME_AETHERWARRIOR	以太战士
K	CARDNAME_AIRSUPPORTSQUADRON	空中支援中队
K	CARDNAME_AIYANASMESSENGER	艾雅娜的信使
K	CARDNAME_AIYANASMESSENGERETER	艾雅娜的信使
K	CARDNAME_AKAMTHEGENIE	阿卡姆·灯神
K	CARDNAME_AKLYSTHESCOURGE	阿克里斯·灾祸
K	CARDNAME_ALLURINGSHAMAN	魅惑萨满
K	CARDNAME_ALOSYANGUIDE	阿洛西亚向导
K	CARDNAME_ALSETMONKPRODIGY	阿尔塞特·僧侣神童
K	CARDNAME_ALSETREACTORSAVANT	阿尔塞特·反应堆学者
K	CARDNAME_ANCIENTSTAG	上古鹿
K	CARDNAME_ANIMUSOFTHEWILD	魂魄荒野
K	CARDNAME_ANIMUSOFTHEWILDETER	魂魄荒野
K	CARDNAME_ANNIHILATION	歼灭
K	CARDNAME_ANOINTEDASKARA	涂油阿斯卡拉
K	CARDNAME_APPRENTICE	学徒
K	CARDNAME_APPRENTICE10TH	学徒
K	CARDNAME_APPRENTICEROV	学徒
K	CARDNAME_APPRENTICERU	学徒
K	CARDNAME_APPRENTICESOS	学徒
K	CARDNAME_ARANYXTHEGLUTTON	阿兰尼克斯·贪食者
K	CARDNAME_ARBITERCIRCLET	仲裁者头环
K	CARDNAME_ARBITEROFFATE	仲裁者天命
K	CARDNAME_ARBITEROFTHELOST	仲裁者迷失
K	CARDNAME_ARBITEROFTHEPRECIPICE	悬崖仲裁者
K	CARDNAME_ARBITEROFTHEPRECIPICE10TH	悬崖仲裁者
K	CARDNAME_ARBITERSCENSER	仲裁者香炉
K	CARDNAME_ARHAEMISSARY	亚哈使者
K	CARDNAME_ARHAHISTORIAN	亚哈史官
K	CARDNAME_ARHAINITIATE	亚哈新兵
K	CARDNAME_ARHAINITIATE10TH	亚哈新兵
K	CARDNAME_ARHAMEDIUM	亚哈灵媒
K	CARDNAME_ARHAMEDIUMETER	亚哈灵媒
K	CARDNAME_ARHAMENTOR	亚哈导师
K	CARDNAME_ARHARECRUIT	亚哈新兵
K	CARDNAME_ARHARISING	亚哈崛起
K	CARDNAME_ARHASANCTUARY	亚哈圣所
K	CARDNAME_ARHASENSEI	亚哈导师
K	CARDNAME_ARHASENSEIDS	亚哈导师
K	CARDNAME_ARHASENSEIETER	亚哈导师
K	CARDNAME_ARHATEMPLAR	亚哈圣殿武士
K	CARDNAME_ARHATEMPLAR10TH	亚哈圣殿武士
K	CARDNAME_ARMISTICE	停战
K	CARDNAME_ASALASTHEIMPALER	阿萨拉斯·穿刺者
K	CARDNAME_ASCETICOFTHELIDLESSEYE	无目之眼苦行僧
K	CARDNAME_ASCETICOFTHELIDLESSEYE10TH	无目之眼苦行僧
K	CARDNAME_ASHESTOASHES	灰烬归于灰烬
K	CARDNAME_ASKARANARMOR	阿斯卡拉甲
K	CARDNAME_ASKARAOFFATE	命运阿斯卡拉
K	CARDNAME_ASKARAOFFORTUNE	幸运阿斯卡拉
K	CARDNAME_ASKARAOFJUDGEMENT	审判阿斯卡拉
K	CARDNAME_ASKARAOFSOULS	灵魂阿斯卡拉
K	CARDNAME_ASTROBLADETRX	星盘 TRX
K	CARDNAME_AURAOFTHEASKARA	灵光阿斯卡拉
K	CARDNAME_AUSPICIOUSASKARA	吉兆阿斯卡拉
K	CARDNAME_AUSTERESAGE	严苛贤者
K	CARDNAME_AUTOBUILDER50	自动建造机5.0
K	CARDNAME_AVATARGOLEM	化身魔像
K	CARDNAME_AVATARGOLEM10TH	化身魔像
K	CARDNAME_AVATAROFAIYANA	化身·艾雅娜
K	CARDNAME_AVATAROFTHEFALLEN10TH	堕落者化身
K	CARDNAME_AZERAXNYXSCHOSEN	阿泽拉克斯·尼克斯的天选者
K	CARDNAME_AZERAXOFTHEBLACKWATCH	阿泽拉克斯黑卫
K	CARDNAME_AZURITECHANNELER	蓝铜引导者
K	CARDNAME_BAMTRIBEGREMLINS	巴姆部落小妖们
K	CARDNAME_BATTERYMONK	电池僧侣
K	CARDNAME_BATTERYMONKETER	电池僧侣
K	CARDNAME_BAZUDUKEOFSCORN	轻蔑公爵巴祖
K	CARDNAME_BEACONOFTHELOST	信标迷失
K	CARDNAME_BEACONSHAMAN	信标萨满
K	CARDNAME_BEASTSTAFF	野兽法杖
K	CARDNAME_BELTHARSOULCOLLECTOR	贝尔萨·集魂者
K	CARDNAME_BERSERKERFRENZY	狂战狂乱
K	CARDNAME_BETRAYEDTEMPLAR	被弃圣殿武士
K	CARDNAME_BLACKHOLE	黑洞
K	CARDNAME_BLACKWATCHDREAMER	黑卫梦者
K	CARDNAME_BLACKWATCHELITE	黑卫精锐
K	CARDNAME_BLACKWATCHEXEMPLAR	黑卫典范
K	CARDNAME_BLACKWATCHVANQUISHER	黑卫征服者
K	CARDNAME_BLASTGOGGLES	爆破护目镜
K	CARDNAME_BLEAKTOAD	荒蟾
K	CARDNAME_BLINDSEER	盲预言者
K	CARDNAME_BOMBCRAFTER	炸弹匠
K	CARDNAME_BOON:CETRA	恩赐：塞特拉
K	CARDNAME_BOON:KOR	恩赐：科尔
K	CARDNAME_BOON:MASTERDHARTHA	恩赐：达萨大师
K	CARDNAME_BOON:NAKA	恩赐：纳卡
K	CARDNAME_BOONCETRA	恩赐：塞特拉
K	CARDNAME_BOONEMRI	恩赐：艾姆瑞
K	CARDNAME_BOONKOR	恩赐：科尔
K	CARDNAME_BOONMASTERDHARTHA	恩赐：达萨大师
K	CARDNAME_BOONNAIRA	恩赐：奈莉
K	CARDNAME_BOONNAKA	恩赐：纳卡
K	CARDNAME_BOONPRIME	恩赐：P.R.I.M.E.
K	CARDNAME_BOONULU	恩赐：乌鲁
K	CARDNAME_BORDERLANDMERCENARY	边地佣兵
K	CARDNAME_BORDERLANDNIHILIST	边地虚无者
K	CARDNAME_BRAINSTORMSENTRY	头脑风暴哨兵
K	CARDNAME_BRAMBLEELEMENTAL	荆棘元素
K	CARDNAME_BRAZERDRONE	铜匠无人机
K	CARDNAME_BRINGEROFDESPAIR	带来者绝望
K	CARDNAME_BRINGEROFHOPE	带来者希望
K	CARDNAME_BROTHERLAIAS	修士莱亚斯
K	CARDNAME_BROTHERMARIUS	修士马里乌斯
K	CARDNAME_BURIALGUARDIAN	埋葬守卫
K	CARDNAME_BURROWERMARKII	钻地机 II 型
K	CARDNAME_BURROWERMARKII10TH	钻地机 II 型
K	CARDNAME_CAARODESERTBREAKER	卡罗·沙漠破碎者
K	CARDNAME_CACKLECASTWRETCH	狂笑施法可怜虫
K	CARDNAME_CACKLINGJACKAL	狂笑豺狼
K	CARDNAME_CALLOFDARKNESS	黑暗呼唤
K	CARDNAME_CANONTEMPLAR	圣典圣殿武士
K	CARDNAME_CANOPICJAR	卡诺皮克罐
K	CARDNAME_CANOPYSANCTUARY	树冠圣所
K	CARDNAME_CARETAKERZAHRAL	看护者扎拉尔
K	CARDNAME_CAUSTICCONJURER	腐蚀咒术师
K	CARDNAME_CAVERNCREEPER	洞穴爬行者
K	CARDNAME_CAVERNHORROR	洞穴恐魔
K	CARDNAME_CELLBLOCKE	牢房E区
K	CARDNAME_CETRABENEFACTOROFALL	所有之恩塞特拉
K	CARDNAME_CETRACELESTIALBODY	天体塞特拉
K	CARDNAME_CETRAGUIDEOFOGO	奥戈向导塞特拉
K	CARDNAME_CETRAMATRONOFSTARS	星辰主母塞特拉
K	CARDNAME_CETRASRESPITE	塞特拉的喘息
K	CARDNAME_CETRASTRIAL	塞特拉的试炼
K	CARDNAME_CETRAVOIDMOTHER	虚空之母塞特拉
K	CARDNAME_CETRAWEAVEROFSTARS	织星者塞特拉
K	CARDNAME_CETRAWEAVEROFSTARS10TH	织星者塞特拉
K	CARDNAME_CHAOSCANNON	混沌加农
K	CARDNAME_CHAOSRIDER	混沌骑手
K	CARDNAME_CHAOTICCANNON	混沌加农
K	CARDNAME_CHARGINGCHAMBER	充能室
K	CARDNAME_CHEERFULCONSORT	欢快伴侣
K	CARDNAME_CHEERFULCONSORTETER	欢快伴侣
K	CARDNAME_CHRONICLEOFVIGIL	祈夜编年史
K	CARDNAME_CLAWSOFDEOFUL	爪迪奥福尔
K	CARDNAME_CLOCKWORKBLADE	发条刃
K	CARDNAME_CLOCKWORKFAMILIAR	发条使魔
K	CARDNAME_CLOCKWORKHELM	发条盔
K	CARDNAME_CLOCKWORKSENTRY	发条哨兵
K	CARDNAME_CLOCKWORKSHIELD	发条盾
K	CARDNAME_CLUTCHOFDARKNESS	黑暗之握
K	CARDNAME_COGMAW	齿轮巨口
K	CARDNAME_COGNITIONCOURIER	认知信使
K	CARDNAME_COMBUSTIONIDOL	燃烧偶像
K	CARDNAME_COMBUSTIONIDOLETER	燃烧偶像
K	CARDNAME_CONDUITMONK	导管僧侣
K	CARDNAME_CONSTRICTINGHORROR	绞杀恐魔
K	CARDNAME_CONTROLROOM	控制室
K	CARDNAME_CONTROLSMITH	控术匠
K	CARDNAME_CONVERSIONPORT	转化端口
K	CARDNAME_CORITEMECHANADON	刚玉机械兽
K	CARDNAME_CORRECTIONOFCREATION	校正造物
K	CARDNAME_CORROSIVEWIDOW	腐蚀寡妇
K	CARDNAME_CORROSIVEWIDOW10TH	腐蚀寡妇
K	CARDNAME_CORROSIVEWIDOWETER	腐蚀寡妇
K	CARDNAME_CORRUPTEDSAGE	腐化贤者
K	CARDNAME_COSMICPROTOCOL	宇宙协议
K	CARDNAME_CRYPTLURKER	地穴潜伏者
K	CARDNAME_CRYSTALLINEMONK	水晶僧侣
K	CARDNAME_CULTIST	邪教徒
K	CARDNAME_CULTIST10TH	邪教徒
K	CARDNAME_CULTISTROV	邪教徒
K	CARDNAME_CULTISTRU	邪教徒
K	CARDNAME_CULTISTSOS	邪教徒
K	CARDNAME_CULTOFTHEFALSECIRCLE	邪教虚假环
K	CARDNAME_DANDELIONWITCH	蒲公英女巫
K	CARDNAME_DARKENERGYSHARD	黑暗能量碎片
K	CARDNAME_DARKGLADIATOR	黑暗角斗士
K	CARDNAME_DARKMONK	黑暗僧侣
K	CARDNAME_DARKTOMELIBRARIAN	暗典图书管理员
K	CARDNAME_DARKWALKER	暗行者
K	CARDNAME_DAVIDPROPHETICGUIDE	大卫·预言向导
K	CARDNAME_DAYBREAKASKARA	破晓阿斯卡拉
K	CARDNAME_DEADEYEASSASSIN	死眼刺客
K	CARDNAME_DEATHBOUNDDRUID	缚死德鲁伊
K	CARDNAME_DEATHDEALERNOBLE	死神贵族
K	CARDNAME_DEATHFINDER	寻死者
K	CARDNAME_DEATHSEEKER	寻死者
K	CARDNAME_DEATHSWIDOW	死亡寡妇
K	CARDNAME_DEATHSWORNWARRIOR	誓死战士
K	CARDNAME_DECEITFULGHOUL	欺诈食尸鬼
K	CARDNAME_DEEPDRONE	深潜无人机
K	CARDNAME_DEFENDEROFVIGIL	防御者祈夜
K	CARDNAME_DEFENSEGENERATOR	防御发生器
K	CARDNAME_DELIRIUMNYMPH	谵妄宁芙
K	CARDNAME_DELIRIUMPIXIES	谵妄小仙
K	CARDNAME_DELIRIUMPIXIESETER	谵妄小仙
K	CARDNAME_DELUDINGDJINN	欺瞒灯神
K	CARDNAME_DELUGEELEMENTAL	洪水元素
K	CARDNAME_DELUXECAPACITOR	豪华电容
K	CARDNAME_DEMONHUNTER	恶魔猎手
K	CARDNAME_DEMONMASTER	恶魔大师
K	CARDNAME_DEMONPUPS	恶魔幼崽
K	CARDNAME_DEMONSLAYER	恶魔杀手
K	CARDNAME_DEMONSLAYER10TH	恶魔杀手
K	CARDNAME_DENDRISTHEGLADEWYRM	登德里斯林间巨虫
K	CARDNAME_DERANGEDASPIRANT	发狂追求者
K	CARDNAME_DERANGEDDIRGE	发狂挽歌
K	CARDNAME_DESTROYERSGATE	毁灭者之门
K	CARDNAME_DEVIANTFIEND	畸变邪魔
K	CARDNAME_DHARTHA	达萨
K	CARDNAME_DHARTHADREAMMASTER	达萨·梦大师
K	CARDNAME_DHARTHAETERNALSEER	达萨·永恒预言者
K	CARDNAME_DHARTHAMASTEROFSIGHT	达萨·大师视界
K	CARDNAME_DHARTHAMECHAMONK	达萨·机械僧
K	CARDNAME_DHARTHASRETREAT	达萨的隐修处
K	CARDNAME_DHARTHASTRIAL	达萨的试炼
K	CARDNAME_DHARTHATHEETERNAL	达萨·永恒
K	CARDNAME_DIMENSIONDIVER	维度潜者
K	CARDNAME_DIMENSIONDIVERETER	维度潜者
K	CARDNAME_DIMENSIONMONK	维度僧侣
K	CARDNAME_DISCIPLEOFCETRA	之徒·塞特拉
K	CARDNAME_DISCIPLEOFEMRI	之徒·艾姆瑞
K	CARDNAME_DISCIPLEOFEULOTH	之徒·尤洛斯
K	CARDNAME_DISCIPLEOFOZIAH	之徒·奥齐亚
K	CARDNAME_DIVINEASKARA	神圣阿斯卡拉
K	CARDNAME_DOGSOFWAR	犬战争
K	CARDNAME_DOOMWEEPER	末日哀泣者
K	CARDNAME_DREADCONJURER	恐惧咒术师
K	CARDNAME_DREADMAGE	恐惧法师
K	CARDNAME_DREADMARE	惧马
K	CARDNAME_DREAMANCHOR	梦锚
K	CARDNAME_DREAMCHAMBERDISCIPLES	梦室门徒们
K	CARDNAME_DREAMDEALER	梦交易者
K	CARDNAME_DREAMEATER	梦吞噬者
K	CARDNAME_DREAMERSGLASS	梦者琉璃
K	CARDNAME_DREAMGUIDE	梦向导
K	CARDNAME_DREAMKILLER	弑梦者
K	CARDNAME_DREAMLAB	梦实验室
K	CARDNAME_DREAMMACHINE	梦机器
K	CARDNAME_DREAMSCAPEDIVINER	梦境占卜者
K	CARDNAME_DREAMSCAPEDRYAD	梦境树灵
K	CARDNAME_DREAMSCARREDHUNTER	梦痕猎手
K	CARDNAME_DREAMSEEKER	寻梦者
K	CARDNAME_DREAMSEEKERSTART	寻梦者
K	CARDNAME_DREAMSHAPERJESSE	塑梦者杰西
K	CARDNAME_DREAMSTONE	梦石
K	CARDNAME_DREAMTITAN	梦泰坦
K	CARDNAME_DREAMTYRANT	梦境暴君
K	CARDNAME_DREAMWALKER	梦行者
K	CARDNAME_DREAMWILLOW	梦柳
K	CARDNAME_DREAMWILLOWDRUIDS	梦柳德鲁伊
K	CARDNAME_DRILLERMARKIV	钻机 IV 型
K	CARDNAME_DRUIDSOFTHESTONECIRCLE10TH	石环德鲁伊
K	CARDNAME_DRUIDSWREATH	德鲁伊花环
K	CARDNAME_DUSTTODUST	尘土归于尘土
K	CARDNAME_EARTHMENDERPURA	愈地者普拉
K	CARDNAME_EARTHTYRANT10TH	大地暴君
K	CARDNAME_EARTHTYRANTETER	大地暴君
K	CARDNAME_EEKTRIBEGREMLIN	伊克部落小妖
K	CARDNAME_ELANSOULMARSHAL	埃兰·灵魂元帅
K	CARDNAME_ELDERSKEPTIC	长老怀疑者
K	CARDNAME_ELDERSKEPTICETER	长老怀疑者
K	CARDNAME_ELEMENTALADEPT	元素能手
K	CARDNAME_ELEMENTALPROJECTOR	元素投射器
K	CARDNAME_EMBERWINGMOTH	烬翼蛾
K	CARDNAME_EMISSARYOFDAWN	使者黎明
K	CARDNAME_EMMAIRONHEART	艾玛铁之心
K	CARDNAME_EMMASMECHANNON	艾玛的机加农
K	CARDNAME_EMMASTELETRANSMITTER	艾玛的远传器
K	CARDNAME_EMMASVOIDCYCLER	艾玛的虚空循环器
K	CARDNAME_EMMASWORKSHOP	艾玛的工坊
K	CARDNAME_EMRIBORNOFBATTLE	战生艾姆瑞
K	CARDNAME_EMRIDEMONSBANE	恶魔克星艾姆瑞
K	CARDNAME_EMRILIGHTBRINGER	携光者艾姆瑞
K	CARDNAME_EMRIONEWITHTHEVOID	与虚空合一的艾姆瑞
K	CARDNAME_EMRIONEWITHTHEVOID10TH	与虚空合一的艾姆瑞
K	CARDNAME_EMRISHADOWSLAYER	斩影者艾姆瑞
K	CARDNAME_EMRISOULSLAYER	斩魂者艾姆瑞
K	CARDNAME_EMRISOULSTEALER	窃魂者艾姆瑞
K	CARDNAME_EMRISSTING	艾姆瑞的毒刺
K	CARDNAME_EMRISTRIAL	艾姆瑞的试炼
K	CARDNAME_EMRITHEUNMAKER	解构者艾姆瑞
K	CARDNAME_ENDBRINGERJORA	终末使者乔拉
K	CARDNAME_ENDEROFDAYS	终日者
K	CARDNAME_ENERGYMONK	能量僧侣
K	CARDNAME_ENERGYSHARD	能量碎片
K	CARDNAME_ENERGYSHARDSTART	能量碎片
K	CARDNAME_ENGULFINGKRAKEN	吞噬克拉肯
K	CARDNAME_ENLIGHTENEDREMNANT	圣贤残响
K	CARDNAME_ENTROPHANTASM	熵幻象
K	CARDNAME_EPHEMERALDRUID	昙花德鲁伊
K	CARDNAME_EPHEMERALINVENTOR	昙花发明家
K	CARDNAME_EPHEMERALMONK	昙花僧侣
K	CARDNAME_EPHEMERALRITUALIST	昙花祭仪师
K	CARDNAME_ERABUSSONOFNYX	埃拉布斯·之子尼克斯
K	CARDNAME_ERABUSTHEEXILED	埃拉布斯·流放者
K	CARDNAME_ETERNALASKARA	永恒阿斯卡拉
K	CARDNAME_ETERNALTORMENTOR	永恒折磨者
K	CARDNAME_ETHEREALHUNTRESS	空灵女猎手
K	CARDNAME_EVERBLOOM	永绽
K	CARDNAME_EVERBLOOMCLIQUE	永绽小圈子
K	CARDNAME_EVERBLOOMETER	永绽
K	CARDNAME_EVERBLOOMWITCH	永绽女巫
K	CARDNAME_EVVYOGOSGIFT	艾薇·奥戈的馈赠
K	CARDNAME_EXCAVATIONSENTRY	发掘哨兵
K	CARDNAME_EXCAVATORPILOT	挖掘机驾驶员
K	CARDNAME_EXHAUSTLURKER	废气潜伏者
K	CARDNAME_EXPLOSIVESWARM	爆裂虫群
K	CARDNAME_EYEOFDESTINY	命运之眼
K	CARDNAME_EYEOFPOTENTIAL	潜能之眼
K	CARDNAME_FAERIECOMMANDER	仙灵指挥官
K	CARDNAME_FAITHFULGUIDE	忠信向导
K	CARDNAME_FALLENFAE	堕落者仙灵
K	CARDNAME_FANATICSOS	狂信者
K	CARDNAME_FATALITYBLADES	致命双刃
K	CARDNAME_FEARWIELDER	恐惧持有者
K	CARDNAME_FENMAW	沼巨口
K	CARDNAME_FETTEREDSOUL	枷锁灵魂
K	CARDNAME_FIRESTORMEFFIGY	火暴偶像
K	CARDNAME_FIRETYRANT	火焰暴君
K	CARDNAME_FISTOFTHEDRAGON	拳龙
K	CARDNAME_FISTOFTHEDRAGONETER	拳龙
K	CARDNAME_FLANKINGASKARA	侧击阿斯卡拉
K	CARDNAME_FLARETRACKER	闪光追踪者
K	CARDNAME_FLEETINGHOPEDJINN	飞逝希望灯神
K	CARDNAME_FLOURISHINGDRUIDESS	繁盛女德鲁伊
K	CARDNAME_FLYTRAPFAIRY	捕蝇草妖精
K	CARDNAME_FLYTRAPSTAFF	捕蝇草法杖
K	CARDNAME_FLYTRAPWITCH10TH	捕蝇草女巫
K	CARDNAME_FORESIGHTMONACLE	预见单片镜
K	CARDNAME_FORESTEMISSARY	森林使者
K	CARDNAME_FORGEMASTERSSUIT	锻主的套装
K	CARDNAME_FORGEMOTHERREYSA	锻母雷萨
K	CARDNAME_FORGOTTENSCRIPTURE	遗忘经文
K	CARDNAME_FORRESTBEASTWARDEN	福雷斯特·兽卫
K	CARDNAME_FOUNDATIONBURROWER	根基钻地者
K	CARDNAME_FOUNDRYHOUND	铸造厂猎犬
K	CARDNAME_GARDENATTENDANT	园丁侍从
K	CARDNAME_GEARSEER	齿轮预言者
K	CARDNAME_GEMCATCHERSPIRIT	捕晶者精魂
K	CARDNAME_GEMEATERLEPRECHAUN	噬晶小矮妖
K	CARDNAME_GENESISCAPSULE	创世舱
K	CARDNAME_GIANTRAT	巨鼠
K	CARDNAME_GLOVERDREAMTITAN	格洛弗·梦泰坦
K	CARDNAME_GNOMEREPAIRBOT	侏儒修理机
K	CARDNAME_GRANDARBITERTODD	大仲裁者托德
K	CARDNAME_GRANGER	农夫
K	CARDNAME_GRAVEGOLEM	坟墓魔像
K	CARDNAME_GREASEMONK	油污僧侣
K	CARDNAME_GREATOMENRAVEN	大兆乌鸦
K	CARDNAME_GREENSPRITELINGS	绿小精灵
K	CARDNAME_GROWMITES	增生螨
K	CARDNAME_GUARDIANOFSADRANIS	守卫萨德拉尼斯
K	CARDNAME_GUIDEOFLOSTSOULS	迷途灵魂向导
K	CARDNAME_HAUNTINGSPECTER	萦绕幽灵
K	CARDNAME_HEARTHGLOWCLIQUE	炉辉小圈子
K	CARDNAME_HEAVYINFANTRY	重装步兵
K	CARDNAME_HEAVYINFANTRY10TH	重装步兵
K	CARDNAME_HEAVYINFANTRYROV	重装步兵
K	CARDNAME_HEAVYINFANTRYRU	重装步兵
K	CARDNAME_HEAVYINFANTRYSOS	重装步兵
K	CARDNAME_HECTICSCRIBE	忙乱书记
K	CARDNAME_HEDRONBERSERKER	多面体狂战
K	CARDNAME_HEDRONCANNON	多面体加农
K	CARDNAME_HEDRONCANNON10TH	多面体加农
K	CARDNAME_HEDRONDREDGER	多面体挖掘者
K	CARDNAME_HEDRONFLARE	多面体闪耀
K	CARDNAME_HEDRONLINKDEVICE	多面体连接装置
K	CARDNAME_HEDRONLINKDEVICE10TH	多面体连接装置
K	CARDNAME_HEDRONPYROMANIAC	多面体纵火狂
K	CARDNAME_HEDRONRISING	多面体崛起
K	CARDNAME_HEDRONWATCHTOWER	多面体瞭望塔
K	CARDNAME_HELLFROSTIMPS	狱霜小恶魔
K	CARDNAME_HELLSTRINGBLADES	狱弦双刃
K	CARDNAME_HERALDOFDOOM	先驱末日
K	CARDNAME_HOARDINGTYRANT	囤积暴君
K	CARDNAME_HOARDINGWHELP	囤积幼龙
K	CARDNAME_HONEYSIREN	蜜海妖
K	CARDNAME_HONISKROTCHIEFTAIN	霍尼斯克洛特酋长
K	CARDNAME_HONISKROTTRIBESMAN	霍尼斯克洛特部族人
K	CARDNAME_HULKINGCRAB	庞大蟹
K	CARDNAME_HURRASSEASFURY	胡拉斯·海之狂怒
K	CARDNAME_HURRICANEWARLOCK	飓风术士
K	CARDNAME_ID34DETECTOR	ID34 探测器
K	CARDNAME_IKUSMINIONS	伊库的爪牙
K	CARDNAME_IKUVALLEYTYRANT	山谷暴君伊库
K	CARDNAME_ILLIYATHEDEMONBORN	伊利亚魔生
K	CARDNAME_ILLUMINATOR	照明者
K	CARDNAME_IMAGINATIVEMATRON	想象主母
K	CARDNAME_INFERNATEMPLAR	炼狱圣殿武士
K	CARDNAME_INITIATESGAUNTLETS	新兵的护手
K	CARDNAME_INNOVATIVEASPIRANT	创新追求者
K	CARDNAME_INQUARRYHYDRA	采石九头蛇
K	CARDNAME_INSPIREDTEMPLAR	受启圣殿武士
K	CARDNAME_INVOKIST	祈唤师
K	CARDNAME_IRONELEMENTAL	铁元素
K	CARDNAME_IRONHEARTBLUEPRINT	铁之心蓝图
K	CARDNAME_IRONHEARTENGINE	铁之心引擎
K	CARDNAME_ISHATHEPURSUER	伊莎·追猎者
K	CARDNAME_ISLASERENEPRODIGY	伊斯拉·宁静神童
K	CARDNAME_JAKEBCOBRAKING	杰克布·眼镜蛇王
K	CARDNAME_JAKEBCOBRASHAMAN	杰克布·眼镜蛇萨满
K	CARDNAME_JOURNEYMANOUTRIDER	旅者先驱骑手
K	CARDNAME_JOURNEYMANSAGE	旅者贤者
K	CARDNAME_JUBILANTMONK	欢庆僧侣
K	CARDNAME_KANZIRTHERAVAGER	坎齐尔·毁灭者
K	CARDNAME_KARION	卡里昂
K	CARDNAME_KEENEYEDASPIRANT	锐眼追求者
K	CARDNAME_KEEPEROFSECRETS	看守秘密
K	CARDNAME_KIRIMEADOWWITCH	基莉·草地女巫
K	CARDNAME_KIRIMEADOWWITCHETER	基莉·草地女巫
K	CARDNAME_KOR	科尔
K	CARDNAME_KORMASTERINNOVATOR	科尔·创新大师
K	CARDNAME_KORPSEMAKER	尸科尔制造者
K	CARDNAME_KORTHEFERROMANCER	铁术师科尔
K	CARDNAME_KORTHEFERROMANCER10TH	铁术师科尔
K	CARDNAME_KORTHEIRONMIND	科尔·铁心
K	CARDNAME_KORWORLDBREAKER	科尔·碎界者
K	CARDNAME_KYL3REPAIRBOT	K-YL3 修理机
K	CARDNAME_KYTHISREBELGODLING	凯西斯·反叛神子
K	CARDNAME_KYTHISREBELGODLINGV2	凯西斯·反叛神子
K	CARDNAME_KYTHISTHEGATEKEEPER	守门人凯西斯
K	CARDNAME_LAGOONTROLL	潟湖巨魔
K	CARDNAME_LAGOONTROLLETER	潟湖巨魔
K	CARDNAME_LANDISPOTIONS&PIES	兰迪斯的药剂与馅饼
K	CARDNAME_LANDTALKER	大地说书人
K	CARDNAME_LANDTALKER10TH	大地说书人
K	CARDNAME_LEGENDARYBOONENLIGHTENED	传奇恩赐：圣贤
K	CARDNAME_LEGENDARYBOONLIFEBOUND	传奇恩赐：生命
K	CARDNAME_LEGENDARYBOONMECHANA	传奇恩赐：机械
K	CARDNAME_LEGENDARYBOONVOID	传奇恩赐：虚空
K	CARDNAME_LEGENDCETRA	塞特拉
K	CARDNAME_LEGENDEMRI	艾姆瑞
K	CARDNAME_LEGENDKOR	科尔
K	CARDNAME_LEGENDMASTERDHARTHA	达萨大师
K	CARDNAME_LEGENDNAIRA	奈莉
K	CARDNAME_LEGENDNAKA	纳卡
K	CARDNAME_LEGENDPRIME	P.R.I.M.E.
K	CARDNAME_LEGENDULU	乌鲁
K	CARDNAME_LEGIONOFAKLYS	军团阿克里斯
K	CARDNAME_LEOTANSFAMILIAR	莱奥坦的使魔
K	CARDNAME_LEPRECHAUN	小矮妖
K	CARDNAME_LIBRARYFAMILIAR	图书馆使魔
K	CARDNAME_LIEUTENANTDUROS	副官杜洛斯
K	CARDNAME_LIFEBOUNDINITIATE	命约新兵
K	CARDNAME_LIFEBOUNDINITIATE10TH	生命新兵
K	CARDNAME_LIFEBOUNDMUSE	生命缪斯
K	CARDNAME_LIFEBOUNDREMNANT	生命残响
K	CARDNAME_LIGHTOFFALSEHOPE	光虚假希望
K	CARDNAME_LIONHEART	狮心
K	CARDNAME_LOADREAMDRAGON	洛阿·梦龙
K	CARDNAME_LOAMSPEAKERDRUID	沃土语者德鲁伊
K	CARDNAME_LOAMSUMMONER	沃土召唤师
K	CARDNAME_LOASLEEPINGDRAGON	洛阿·沉睡龙
K	CARDNAME_LOTUSSIREN	莲花海妖
K	CARDNAME_LUNAREMBRACE	月拥抱
K	CARDNAME_LUNARGUARDIAN	月守卫
K	CARDNAME_LUNARMATRIARCH	月女族长
K	CARDNAME_LUNARPACK	月兽群
K	CARDNAME_LUNARSTAG	月鹿
K	CARDNAME_LUROTHEHUNTER	卢罗·猎手
K	CARDNAME_LYCANFANG	狼化人牙
K	CARDNAME_LYCHANBEAST	狼化野兽
K	CARDNAME_LYCHANRANGER	狼化游侠
K	CARDNAME_MADNESSEMBRACE	疯狂之拥
K	CARDNAME_MAGNETMONK	磁僧侣
K	CARDNAME_MAMMOTHBEETLE	巨甲虫
K	CARDNAME_MANIACALCRUSHER	狂乱粉碎者
K	CARDNAME_MANTRAOFRENEWAL	真言更新
K	CARDNAME_MANTRAOFTRUESIGHT	真言真正视界
K	CARDNAME_MAPOFTHESTARS	星图
K	CARDNAME_MARROWWYRMRIDER	髓虫骑手
K	CARDNAME_MARSHRANGER	沼泽游侠
K	CARDNAME_MASTERDHARTHA	达萨大师
K	CARDNAME_MASTERDHARTHA10TH	达萨大师
K	CARDNAME_MASTERDHARTHAETER	达萨大师
K	CARDNAME_MASTERVAYA	大师瓦娅
K	CARDNAME_MATRONOFDISCOVERY	发现主母
K	CARDNAME_MECHACETRA	机甲塞特拉
K	CARDNAME_MECHAEMISSARY	机甲使者
K	CARDNAME_MECHANAINITIATE	机械新兵
K	CARDNAME_MECHANAINITIATE10TH	机械新兵
K	CARDNAME_MECHANAREMNANT	机械残响
K	CARDNAME_MECHANNIHILATOR	机歼灭者
K	CARDNAME_MECHANNONBLUEPRINT	机加农蓝图
K	CARDNAME_MECHAPHOENIX	机凤凰
K	CARDNAME_MEPHIT10TH	恶臭精
K	CARDNAME_MILESGOLDENPRODIGY	黄金神童迈尔斯
K	CARDNAME_MILITIA	民兵
K	CARDNAME_MILITIA10TH	民兵
K	CARDNAME_MILITIAROV	民兵
K	CARDNAME_MILITIARU	民兵
K	CARDNAME_MILITIASOS	民兵
K	CARDNAME_MINOTAUR	牛头人
K	CARDNAME_MISTAKEOFCREATION	造物之误
K	CARDNAME_MISTAKEOFCREATION10TH	造物之误
K	CARDNAME_MOKENTHEHUNTMASTER	莫肯·猎主
K	CARDNAME_MOMENTOFCLARITY	片刻澄明
K	CARDNAME_MONASTICTUTOR	寺院导师
K	CARDNAME_MONKOFTHELIDLESSEYE	无目之眼僧侣
K	CARDNAME_MONKOFTHESTONECIRCLE	僧侣石环
K	CARDNAME_MOONSTAFF	月杖
K	CARDNAME_MOONVEILCLIQUE	月纱小圈子
K	CARDNAME_MORBIDHAMMER	病态锤
K	CARDNAME_MORDANTWIDOW	蚀骨寡妇
K	CARDNAME_MOSAICHORN	镶嵌号角
K	CARDNAME_MOUNTAINSEER	山预言者
K	CARDNAME_MURAMASA	村正
K	CARDNAME_MURAMASA10TH	村正
K	CARDNAME_MUSEOFMALEVOLENCE	缪斯恶意
K	CARDNAME_MUSEOFREBIRTH	缪斯重生
K	CARDNAME_MUSHROOMDRUID	蘑菇德鲁伊
K	CARDNAME_MUTATEDSCAVENGER	突变拾荒者
K	CARDNAME_MYCELIALMAGE	菌丝法师
K	CARDNAME_MYSTIC	秘教士
K	CARDNAME_MYSTIC10TH	秘教士
K	CARDNAME_MYSTICROV	秘教士
K	CARDNAME_MYSTICRU	秘教士
K	CARDNAME_MYSTICSOS	秘教士
K	CARDNAME_NAIRI	奈莉
K	CARDNAME_NAIRIHENGEQUEEN	环石女王奈莉
K	CARDNAME_NAIRISBLESSING	奈莉的祝福
K	CARDNAME_NAIRIWILDQUEEN	奈莉·荒野女王
K	CARDNAME_NAKAEMRISCHOSEN	纳卡·艾姆瑞的天选者
K	CARDNAME_NAKASHADEBORN	纳卡·影生
K	CARDNAME_NEMESIS	宿敌
K	CARDNAME_NEOPHYTEMENTOR	新入门者导师
K	CARDNAME_NETHERSNARE	冥界陷阱
K	CARDNAME_NIGHTMARAUDERS	梦魇掠夺者
K	CARDNAME_NIGHTMAREDELVER	梦魇深掘者
K	CARDNAME_NIGHTMAREHARVESTER	梦魇收割者
K	CARDNAME_NIGHTMARESENTINEL	梦魇哨卫
K	CARDNAME_NIGHTMARETYRANT	梦魇暴君
K	CARDNAME_NIHILBOMBER	虚无投弹者
K	CARDNAME_NIHILCHEMIST	虚无药剂师
K	CARDNAME_NIHILMANCER	虚无法师
K	CARDNAME_NIHILMANCERETER	虚无法师
K	CARDNAME_NILHAMMER	虚无锤
K	CARDNAME_NILIATHESHATTERED	尼莉亚·破碎
K	CARDNAME_NILUSTHEDESPAIR	尼卢斯·绝望
K	CARDNAME_NINE	N.I.N.E.
K	CARDNAME_NOCTURNALSEER	夜行预言者
K	CARDNAME_NOMTRIBEGREMLIN	诺姆部落小妖
K	CARDNAME_NOOKHOUND	角落猎犬
K	CARDNAME_NOTHINGMAN	虚无之人
K	CARDNAME_NOVABORNOFCHAOS	诺娃·混沌所生
K	CARDNAME_NOXIOUSSOUL	毒害灵魂
K	CARDNAME_NYXIANCORRUPTOR	尼克斯腐蚀者
K	CARDNAME_NYXIANRITUALIST	尼克斯祭仪师
K	CARDNAME_NYXIANSPIRITCASTER	尼克斯魂咏者
K	CARDNAME_OAKOFSOULS	橡灵魂
K	CARDNAME_OBFUSCASPIRIT	朦胧精魂
K	CARDNAME_OBLIVIONBLOSSOMS	湮灭花
K	CARDNAME_OGOCOURIER	奥戈信使
K	CARDNAME_OGODEMONTRAP	奥戈捕魔阱
K	CARDNAME_OGORISING	奥戈崛起
K	CARDNAME_OGOWARTREE	奥戈战争树
K	CARDNAME_OMINOUSAUGUR	不祥占兆者
K	CARDNAME_OMNICRON	全时者
K	CARDNAME_ORASTHEREDEEMER	奥拉斯·救赎者
K	CARDNAME_ORBOFNYX	宝珠尼克斯
K	CARDNAME_ORDEROFTHEGEAR	秩序齿轮
K	CARDNAME_OTHERWORLDLYGUIDE	异界向导
K	CARDNAME_OVERHAULCLERIC	大修神职者
K	CARDNAME_OXIPEDE	牛蜈
K	CARDNAME_OZIAHJUDGEOFLOGOS	逻各斯审判者奥齐亚
K	CARDNAME_OZIAHSFAMILIAR	奥齐亚的使魔
K	CARDNAME_OZIAHTHEPEERLESS	无双的奥齐亚
K	CARDNAME_OZIAHTHEPEERLESS10TH	无双的奥齐亚
K	CARDNAME_OZIAHTHEPEERLESSETER	无双的奥齐亚
K	CARDNAME_PACKLEADER	兽群首领
K	CARDNAME_PASYTHEASCUTLASS	帕西提亚的弯刀
K	CARDNAME_PASYTHEASKATANA	帕西提亚的刀
K	CARDNAME_PASYTHEASMACE	帕西提亚的锤矛
K	CARDNAME_PASYTHEASSCIMITAR	帕西提亚的弯刀
K	CARDNAME_PASYTHEASWARD	帕西提亚的守护
K	CARDNAME_PASYTHEATHEAEGIS	帕西提亚·神盾
K	CARDNAME_PASYTHEATHEREDEEMED	帕西提亚·救赎者
K	CARDNAME_PATHFINDERSTOTEM	探路者的图腾
K	CARDNAME_PATHSEEKERSENSEI	寻路者导师
K	CARDNAME_PATHWARDEN	巡路者
K	CARDNAME_PATIENTASSASSIN	耐心刺客
K	CARDNAME_PENUMBRALEDGE	半影刃锋
K	CARDNAME_PENUMBRALEDGEETER	半影刃锋
K	CARDNAME_PERSONALWORMHOLE	私人虫洞
K	CARDNAME_PHASEFIEND	相位邪魔
K	CARDNAME_PHASEFIENDETER	相位邪魔
K	CARDNAME_PIERCINGEYE	贯穿之眼
K	CARDNAME_PIERCINGEYEETER	贯穿之眼
K	CARDNAME_PILLAROFRESOLVE	柱决意
K	CARDNAME_PLANARAPERTURE	位面孔径
K	CARDNAME_PLASMACANNON	等离子加农
K	CARDNAME_PLASMACANNONETER	等离子加农
K	CARDNAME_PLUNDERDEVIL	掠夺恶魔
K	CARDNAME_POLARISDEMON	北极星恶魔
K	CARDNAME_POLLENPIXIE	花粉小仙
K	CARDNAME_PORTABILLET	便携弹
K	CARDNAME_PORTAL	传送门
K	CARDNAME_PORTALNINJA	传送门忍者
K	CARDNAME_POTOFGOLD	金罐
K	CARDNAME_PREMONITIONBELL	预感钟
K	CARDNAME_PRIME	P.R.I.M.E.
K	CARDNAME_PRIMEDIRECTIVE	P.R.I.M.E.指令
K	CARDNAME_PROCESSINGHUB	处理枢纽
K	CARDNAME_PROCESSINGHUBETER	处理枢纽
K	CARDNAME_PRODIGAL	浪子
K	CARDNAME_PROJECTALPHA	阿尔法计划
K	CARDNAME_PROSPECTORSCOUT	探矿者斥候
K	CARDNAME_PROTEANSEASLUG	多变海蛞蝓
K	CARDNAME_PROTEANSEASLUGETER	多变海蛞蝓
K	CARDNAME_PROTOTYPECH32	原型 CH32
K	CARDNAME_PSIONICMONK	灵能僧侣
K	CARDNAME_PSYCHEASKARA	心灵阿斯卡拉
K	CARDNAME_PSYCHICAMULET	心灵护符
K	CARDNAME_PSYONICAPPRENTICE	心灵学徒
K	CARDNAME_PSYONICPALADIN	心灵圣骑士
K	CARDNAME_PUGGAGEDDON	巴哥末日
K	CARDNAME_PUPPETMASTER	傀儡师
K	CARDNAME_QADIMSTALKER	卡迪姆潜行者
K	CARDNAME_RADIANTASPIRANT	辉耀追求者
K	CARDNAME_RAGINGURSINE	暴怒熊
K	CARDNAME_RAIYNARIFTWALKER	蕾娜·裂隙行者
K	CARDNAME_RAJPSIONICMASTER	灵能大师拉吉
K	CARDNAME_RAKADREAMTENDER	拉卡·守梦者
K	CARDNAME_RAKARCORRUPTASKARA	拉卡尔·腐化阿斯卡拉
K	CARDNAME_RANDALLUMBRALSAGE	兰德尔·暗影贤者
K	CARDNAME_RATKING	鼠王
K	CARDNAME_RAVENOUSGORPH	贪婪戈尔夫
K	CARDNAME_RAVENSIREN	乌鸦海妖
K	CARDNAME_REACTORMONK	反应堆僧侣
K	CARDNAME_REACTORMONK10TH	反应堆僧侣
K	CARDNAME_REACTORSHRINE	反应堆神龛
K	CARDNAME_REALITYSCULPTOR	现实塑造者
K	CARDNAME_RECKLESSEXCAVATOR	鲁莽挖掘机
K	CARDNAME_RECLAMAX	回收机
K	CARDNAME_RECYCLICRAB	循环蟹
K	CARDNAME_REJECTEDPROTOTYPE	废弃原型
K	CARDNAME_REMNANTOFTHEFALLEN	残响·堕落者
K	CARDNAME_REMUSPACKGUARDIAN	雷穆斯·兽群守卫
K	CARDNAME_REMUSWILDEMISSARY	雷穆斯·荒野使者
K	CARDNAME_REPLICATIONDRONE	复制无人机
K	CARDNAME_REPURPOSER	再造者
K	CARDNAME_RESCUEBOT505	救援机505
K	CARDNAME_RESOURCEFULTRADER	机智商人
K	CARDNAME_REVERIEMUSE	幻想缪斯
K	CARDNAME_REYSASTRIAL	雷萨的试炼
K	CARDNAME_RIFTCLAW	裂隙爪
K	CARDNAME_RIFTDRAKERIDER	裂隙龙兽骑手
K	CARDNAME_RIFTGATECONJUROR	裂隙门咒术师
K	CARDNAME_RIFTWALKERSAXE	裂隙行者的斧
K	CARDNAME_RIFTWATCHOUTPOST	裂隙守望前哨
K	CARDNAME_RIFTWATCHTURRET	裂隙守望炮塔
K	CARDNAME_RIGHTEOUSTEMPLAR	正义圣殿武士
K	CARDNAME_RINGOFLIFE	生命之环
K	CARDNAME_RISEOFTHECULT	邪教崛起
K	CARDNAME_RIVERREAPER	河收割者
K	CARDNAME_ROCKETCOURIERX9910TH	火箭信使X-99
K	CARDNAME_ROCKETCOURIERX99ETER	火箭信使X-99
K	CARDNAME_ROOTSCRYER	根卜者
K	CARDNAME_RUNICHONISKROT	符文霍尼斯克洛特
K	CARDNAME_RUNICLYCANTHROPE	符文狼化人
K	CARDNAME_RUNICLYCANTHROPE10TH	符文狼化人
K	CARDNAME_RUNICLYCANTHROPEETER	符文狼化人
K	CARDNAME_RUSTGREMLIN	锈小妖
K	CARDNAME_RUTOAKENMASTER	橡木大师鲁特
K	CARDNAME_SABLESPARKSISTERS	黑火花姐妹
K	CARDNAME_SABRETHEMOONLIT	军刀·月下
K	CARDNAME_SACREDPOT	神圣罐
K	CARDNAME_SADISTICGIANT	虐杀巨人
K	CARDNAME_SADRANIS	萨德拉尼斯
K	CARDNAME_SADRANISDARKEMISSARY	黑暗使者萨德拉尼斯
K	CARDNAME_SADRANISDARKSAVANT	萨德拉尼斯·黑暗学者
K	CARDNAME_SALVAGEMASTERMILA	打捞大师米拉
K	CARDNAME_SALVAGEYARD	打捞场
K	CARDNAME_SAMAELETERNALSINNER	萨麦尔·永恒罪人
K	CARDNAME_SAMAELSTRICKSTER	萨麦尔的诡术师
K	CARDNAME_SAMAELSTRICKSTER10TH	萨麦尔的诡术师
K	CARDNAME_SAMAELTHEFALLEN	堕落之神萨麦尔
K	CARDNAME_SCAVENGERANTS	拾荒者蚁群
K	CARDNAME_SCIONOFCETRA	后裔·塞特拉
K	CARDNAME_SCIONOFEMRI	后裔·艾姆瑞
K	CARDNAME_SCIONOFEULOTH	后裔·尤洛斯
K	CARDNAME_SCIONOFOZIAH	后裔·奥齐亚
K	CARDNAME_SCRABBLINGSQUAD	翻捡小队
K	CARDNAME_SCRAPBOTSCRAPPER	废料机拆解者
K	CARDNAME_SCRAPFLINGER	废料投掷者
K	CARDNAME_SCRAPSCRABBLER	废料翻捡者
K	CARDNAME_SCRAPWEAVER	废料编织者
K	CARDNAME_SCRYEROFTHELIDLESSEYE	无目之眼占卜者
K	CARDNAME_SEARINGASKARA	灼热阿斯卡拉
K	CARDNAME_SEATYRANT	海中暴君
K	CARDNAME_SEATYRANT10TH	海中暴君
K	CARDNAME_SECLUDEDLABORATORY	隐秘实验室
K	CARDNAME_SEEDOFTHEWORLD	种子世界
K	CARDNAME_SEEROFDAYSPAST	预言者往日过去
K	CARDNAME_SEEROFTHEFORKEDPATH	歧路预言者
K	CARDNAME_SEEROFTHEFORKEDPATH10TH	歧路预言者
K	CARDNAME_SERENEASCETIC	宁静苦行僧
K	CARDNAME_SERPENTCALL	唤蛇
K	CARDNAME_SERPENTSIREN	巨蛇海妖
K	CARDNAME_SHADEASKARA	暗影阿斯卡拉
K	CARDNAME_SHADECONVERTER	暗影转化者
K	CARDNAME_SHADEFEATHER	暗影羽
K	CARDNAME_SHADEOFSADRANIS	暗影萨德拉尼斯
K	CARDNAME_SHADEOFTHEBLACKWATCH	黑卫之影
K	CARDNAME_SHADEOFTHEBLACKWATCH10TH	黑卫之影
K	CARDNAME_SHADESBARGAIN	暗影交易
K	CARDNAME_SHADEVIPER	暗影毒蛇
K	CARDNAME_SHADOWARBITER	暗影仲裁者
K	CARDNAME_SHADOWBLADESENTRY	影刃哨兵
K	CARDNAME_SHADOWCASTER	影咏者
K	CARDNAME_SHADOWELEMENTAL	暗影元素
K	CARDNAME_SHADOWMENDER	暗影修复者
K	CARDNAME_SHADOWRIDGESCOUT	影脊斥候
K	CARDNAME_SHADOWSTALKER	暗影潜行者
K	CARDNAME_SHADOWSTAR	暗影之星
K	CARDNAME_SHADOWSTAR10TH	暗影之星
K	CARDNAME_SHADOWSTARETER	暗影之星
K	CARDNAME_SHARDFINDERCOMPASS	寻晶者罗盘
K	CARDNAME_SHARDWINGBEETLE	晶翼甲虫
K	CARDNAME_SHEPHERDOFTHELOST	牧者迷失
K	CARDNAME_SHIELDBEARER	盾持有者
K	CARDNAME_SHRINEATTENDANT	神龛侍从
K	CARDNAME_SIEGEMASTERSRAM	攻城主的攻城槌
K	CARDNAME_SILENCEDPROPHET	噤声先知
K	CARDNAME_SIREWOODELDER	父木长老
K	CARDNAME_SISTEROFTHEWIND	姐妹风
K	CARDNAME_SKYROCKETDRONE	冲天无人机
K	CARDNAME_SMOKETYRANT	烟雾暴君
K	CARDNAME_SNAKESHAMAN	蛇萨满
K	CARDNAME_SNAPDRAGON	金鱼草
K	CARDNAME_SNAPDRAGON10TH	金鱼草
K	CARDNAME_SNAPDRAGONWITCH	金鱼草女巫
K	CARDNAME_SNOWSTRIDERLYCAN	踏雪者狼化人
K	CARDNAME_SOCKETALTAR	嵌口祭坛
K	CARDNAME_SOLARSENTRY	日哨兵
K	CARDNAME_SONNYLIGHTWIELDER	桑尼·持光者
K	CARDNAME_SORDIDASP	污秽蝮蛇
K	CARDNAME_SOULASSASSIN	灵魂刺客
K	CARDNAME_SOULCOLLECTOR	集魂者
K	CARDNAME_SOULGEMARBITEROFFATE	仲裁者天命
K	CARDNAME_SOULGEMARHAINITIATE	亚哈新兵
K	CARDNAME_SOULGEMARHATEMPLAR	亚哈圣殿武士
K	CARDNAME_SOULGEMASCETICOFTHELIDLESSEYE	无目之眼苦行僧
K	CARDNAME_SOULGEMASKARAOFFATE	命运阿斯卡拉
K	CARDNAME_SOULGEMAVATARGOLEM	化身魔像
K	CARDNAME_SOULGEMDEMONSLAYER	恶魔杀手
K	CARDNAME_SOULGEMDIMENSIONDIVER	维度潜者
K	CARDNAME_SOULGEMDRUIDSOFTHESTONECIRCLE	石环德鲁伊
K	CARDNAME_SOULGEMGREATOMENRAVEN	大兆乌鸦
K	CARDNAME_SOULGEMLANDTALKER	大地说书人
K	CARDNAME_SOULGEMLIFEBOUNDINITIATE	生命新兵
K	CARDNAME_SOULGEMMASTERDHARTHA	达萨大师
K	CARDNAME_SOULGEMMECHANAINITIATE	机械新兵
K	CARDNAME_SOULGEMREACTORMONK	反应堆僧侣
K	CARDNAME_SOULGEMRUNICLYCANTHROPE	符文狼化人
K	CARDNAME_SOULGEMSEEROFTHEFORKEDPATH	歧路预言者
K	CARDNAME_SOULGEMSHADEOFTHEBLACKWATCH	黑卫之影
K	CARDNAME_SOULGEMSPIKEVIXEN	尖刺雌狐
K	CARDNAME_SOULGEMVOIDINITIATE	虚空新兵
K	CARDNAME_SOULGEMWOLFSHAMAN	狼萨满
K	CARDNAME_SOULSHAPER	塑魂者
K	CARDNAME_SOULSNAREHUNTER	魂阱猎手
K	CARDNAME_SOULSUNBOUND	灵魂解缚
K	CARDNAME_SOWEROFBETRAYAL	播种者背叛
K	CARDNAME_SOWEROFDISCONTENT	播种者不满
K	CARDNAME_SPARKBUG	火花虫
K	CARDNAME_SPARKSPRAYER	火花喷射器
K	CARDNAME_SPIDERWITCH	蜘蛛女巫
K	CARDNAME_SPIKEVIXEN	尖刺雌狐
K	CARDNAME_SPIKEVIXEN10TH	尖刺雌狐
K	CARDNAME_SPIKEVIXENETER	尖刺雌狐
K	CARDNAME_SPIKEVIXENRU	尖刺雌狐
K	CARDNAME_SPIREOFINSIGHT	尖塔洞察
K	CARDNAME_SPIREOFTHEWIND	尖塔风
K	CARDNAME_SPIRITMERCHANT	精魂商人
K	CARDNAME_SPIRITOFTHEANCIENTS	上古之灵
K	CARDNAME_SPITEFULGLADIATOR	怨毒角斗士
K	CARDNAME_STALKTHESHADOWS	潜行暗影
K	CARDNAME_STARCALLERLEOTAN	唤星者莱奥坦
K	CARDNAME_STARCHILD	星之子
K	CARDNAME_STARLIGHTSANCTUM	星光圣所
K	CARDNAME_STARVEDABOMINATION	饥馑憎恶
K	CARDNAME_STATICELEMENTAL	静电元素
K	CARDNAME_STEELWEAVER	织钢者
K	CARDNAME_STONEARTIFICERS	石神器师
K	CARDNAME_STONEBLADETEMPLAR	石刃圣殿武士
K	CARDNAME_STONECIRCLE	石环
K	CARDNAME_STONECIRCLEELDER	石环长老
K	CARDNAME_STORMSMITHANVIL	风暴匠铁砧
K	CARDNAME_SUNSTREAKCOURIER	日迹信使
K	CARDNAME_SURESHOTTRACKER	神射追踪者
K	CARDNAME_SURGEPROTECTOR	浪涌保护者
K	CARDNAME_SURYALIGHTSSWORD	苏尔亚·光明的剑
K	CARDNAME_SYNAPSESPIRE	突触尖塔
K	CARDNAME_SYNCHRONIZER	同步者
K	CARDNAME_SYRILRUNICALPHA	符文首领西里尔
K	CARDNAME_TABLETOFTHEDREAMER	石板梦者
K	CARDNAME_TABLETOFTHETEMPLAR	石板圣殿武士
K	CARDNAME_TABLETOFTIMESDAWN	时晓石板
K	CARDNAME_TABLETOFTIMESDAWN10TH	时晓石板
K	CARDNAME_TAHYRTHESUN	塔希尔·太阳
K	CARDNAME_TARIKTHETRICKSTER	诡术师塔里克
K	CARDNAME_TECHNOLOGICALLEAP	科技跃进
K	CARDNAME_TECTONICTHRASHER	地壳鞭笞者
K	CARDNAME_TECTONICTHRASHERETER	地壳鞭笞者
K	CARDNAME_TELETRANSMITTERBLUEPRINT	远传器蓝图
K	CARDNAME_TEMPLARDRAGOON	圣殿武士龙骑兵
K	CARDNAME_TEMPLARGENERAL	圣殿武士将军
K	CARDNAME_TEMPLAROUTPOST	圣殿武士前哨
K	CARDNAME_TEMPLEGUARDIAN	神殿守卫
K	CARDNAME_TEMPLELIBRARIAN	神殿图书管理员
K	CARDNAME_TEMPLELIBRARIAN10TH	神殿图书管理员
K	CARDNAME_TEMPLEOFARHA	亚哈神殿
K	CARDNAME_TEMPLEOFDEATH	死亡神殿
K	CARDNAME_TEMPLEOFHEROES	英雄神殿
K	CARDNAME_TEMPLEOFIMMORTALITY	不朽神殿
K	CARDNAME_TEMPLEOFLIFE	生命神殿
K	CARDNAME_TEMPLEOFTHEWIND	风之神殿
K	CARDNAME_TEMPORALEXCAVATOR	时光发掘者
K	CARDNAME_TEMPORALEYE	时光之眼
K	CARDNAME_TERMINITES	终末蚁
K	CARDNAME_TERRORIZINGFIEND	威吓邪魔
K	CARDNAME_TERRUSPARAGONOFSTRIFE	特鲁斯·争斗典范
K	CARDNAME_TESTOFFAITH	试炼信仰
K	CARDNAME_TEYNWOLFKING	泰恩·狼王
K	CARDNAME_TH07TANK	TH07 坦克
K	CARDNAME_THEAETHERMOURNE	以太哀歌
K	CARDNAME_THEALLSEEINGEYE	全视之眼
K	CARDNAME_THEALLSEEINGEYE10TH	全视之眼
K	CARDNAME_THECHROMECIRCLE	铬环
K	CARDNAME_THEDRAGONSEYE	龙之眼
K	CARDNAME_THEDREAMSCRAPE	刮梦者
K	CARDNAME_THEGRANDDESIGN	宏伟设计
K	CARDNAME_THEGRANDDESIGN10TH	宏伟设计
K	CARDNAME_THEGREATECLIPSE	大日食
K	CARDNAME_THEIRONHEART	铁之心
K	CARDNAME_THEIRONSEVEN	钢铁七人
K	CARDNAME_THEWORLDTREE	世界树
K	CARDNAME_THICKETFAMILIAR	灌木丛使魔
K	CARDNAME_THIEVINGGRYPHON	偷窃狮鹫
K	CARDNAME_THORNEDCHARGER	棘刺冲锋者
K	CARDNAME_THUNDERTEMPLAR	雷圣殿武士
K	CARDNAME_TIDESTALKER	潮潜者
K	CARDNAME_TIDESTALKERETER	潮潜者
K	CARDNAME_TIMESTREAMSEER	时流预言者
K	CARDNAME_TINKERINGMONK	摆弄僧侣
K	CARDNAME_TOLLMASTERKYLEK	税吏凯莱克
K	CARDNAME_TOMEOFERABUS	典籍埃拉布斯
K	CARDNAME_TORICASCENDANT	托里克·飞升者
K	CARDNAME_TORICDEVOTEDDISCIPLE	托里克·虔诚门徒
K	CARDNAME_TORMENTEDSOUL	受折磨的灵魂
K	CARDNAME_TORMENTEDSOUL10TH	受折磨的灵魂
K	CARDNAME_TORMENTLEGIONARY	折磨军团兵
K	CARDNAME_TOWERASKARA	高塔阿斯卡拉
K	CARDNAME_TREASUREHUNTER	宝藏猎手
K	CARDNAME_TREASURESOFTHESTUDY	宝藏书房
K	CARDNAME_TREEOFBOUNTY	树丰饶
K	CARDNAME_TRINKETHARPY	饰品鹰身女妖
K	CARDNAME_TROPHYHUNTER	战利品猎手
K	CARDNAME_TRUTHSEEKER	真理追寻者
K	CARDNAME_TURTLERMERCHANT	龟商商人
K	CARDNAME_TUSKRIDER	牙骑手
K	CARDNAME_TWILIGHTSCOUT	暮光斥候
K	CARDNAME_TWISTEDTYRANT	扭曲暴君
K	CARDNAME_TWOFOLDASKARA	双重阿斯卡拉
K	CARDNAME_TWOFOLDASKARA10TH	双重阿斯卡拉
K	CARDNAME_TYRANYXTHEPILLAGER	泰兰尼克斯·劫掠者
K	CARDNAME_ULANSFIST	乌兰的拳
K	CARDNAME_ULANTHECRUSHER	乌兰·粉碎者
K	CARDNAME_ULUASKARAPRINCE	乌鲁·阿斯卡拉王子
K	CARDNAME_UMBRALEDGE	暗影刃锋
K	CARDNAME_UMBRALEDGEETER	暗影刃锋
K	CARDNAME_UNBOUNDEMISSARY	解缚使者
K	CARDNAME_UNCHAINEDFATES	挣脱的命运
K	CARDNAME_UNDAUNTEDSCOUT	无畏斥候
K	CARDNAME_UNSPEAKABLEDOOM	不可名状末日
K	CARDNAME_UPGRADEFOUNDRY	升级铸造厂
K	CARDNAME_VALIANTASCETIC	勇毅苦行僧
K	CARDNAME_VANDALSOUL	破坏灵魂
K	CARDNAME_VAULTBREAKERWURM	破库巨虫
K	CARDNAME_VAULTLICH	宝库巫妖
K	CARDNAME_VAULTSPHINX	宝库狮身人面
K	CARDNAME_VEDAHSAGEOFSWORDS	剑贤维达
K	CARDNAME_VENOMPRIESTESS	毒液女祭司
K	CARDNAME_VERDAGRISTHEWILD	维达格里斯·荒野
K	CARDNAME_VERDANTCHANTER	翠绿咏者
K	CARDNAME_VERDANTCROWN	翠绿冠冕
K	CARDNAME_VERDANTELEMENTAL	翠绿元素
K	CARDNAME_VERDANTHATCHLING	翠绿幼体
K	CARDNAME_VEYAHANDMAIDENOFLOGOS	维雅·逻各斯侍女
K	CARDNAME_VIGILSRESOLVE	祈夜的决意
K	CARDNAME_VINEWEAVER	织藤者
K	CARDNAME_VIRASCETICMASTER	维尔·苦行僧大师
K	CARDNAME_VIREPHEMERALGURU	维尔·昙花古鲁
K	CARDNAME_VOIDAMATHYSTDEFENDER	虚空紫晶防御者
K	CARDNAME_VOIDAVENGER	虚空复仇者
K	CARDNAME_VOIDCYCLERBLUEPRINT	虚空循环器蓝图
K	CARDNAME_VOIDEMISSARY	虚空使者
K	CARDNAME_VOIDFEEDER	饲虚者
K	CARDNAME_VOIDFORGEDPALADIN	虚空锻圣骑士
K	CARDNAME_VOIDINITIATE10TH	虚空新兵
K	CARDNAME_VOIDMESMER	虚空催眠师
K	CARDNAME_VOIDMILITIA	虚空民兵
K	CARDNAME_VOIDRAGER	虚空狂怒者
K	CARDNAME_VOIDREMNANT	虚空残响
K	CARDNAME_VOIDRIFTSTALKER	虚空裂隙潜行者
K	CARDNAME_VOIDRISING	虚空崛起
K	CARDNAME_VOIDSPEAKER	虚空语者
K	CARDNAME_VOIDSPEAKERETER	虚空语者
K	CARDNAME_VOIDSWORNCHAMPION	誓虚冠军
K	CARDNAME_VOIDSWORNWARRIOR	誓虚战士
K	CARDNAME_VOIDTHIRSTER	渴虚者
K	CARDNAME_VOIDTHIRSTER10TH	渴虚者
K	CARDNAME_VYRAKTHEFIRST	维拉卡·初代
K	CARDNAME_WAILINGSPECTRE	哀嚎幽灵
K	CARDNAME_WANDERINGASKARA	流浪阿斯卡拉
K	CARDNAME_WARPDRUID	扭曲德鲁伊
K	CARDNAME_WARPROGUE	扭曲游荡者
K	CARDNAME_WARTORNARBITER	战创仲裁者
K	CARDNAME_WATCHMAKERSALTAR10TH	制表师祭坛
K	CARDNAME_WATCHTOWERGOLEM	瞭望塔魔像
K	CARDNAME_WATERELEMENTAL	水元素
K	CARDNAME_WEAPON303V	武器303-V
K	CARDNAME_WEBCLAW	网爪
K	CARDNAME_WEREBOAR	野猪人
K	CARDNAME_WHIRLWINDASCETIC	旋风苦行僧
K	CARDNAME_WICKEDEND	邪终结
K	CARDNAME_WILDBARKMAIL	野树皮甲胄
K	CARDNAME_WILDCALLSTAFF	野性呼唤法杖
K	CARDNAME_WILDFIREELEMENTAL	野火元素
K	CARDNAME_WILDGEARDRUID	野性齿轮德鲁伊
K	CARDNAME_WILDGEARSOWER	野性齿轮播种者
K	CARDNAME_WILDRIFTDRAKE	荒野裂隙龙兽
K	CARDNAME_WINDTYRANT	风之暴君
K	CARDNAME_WINDTYRANT10TH	风之暴君
K	CARDNAME_WOLFACOLYTE	狼侍僧
K	CARDNAME_WOLFSHAMAN10TH	狼萨满
K	CARDNAME_WOLFSHAMANRU	狼萨满
K	CARDNAME_WORKSHOPGARGOYLE	工坊石像鬼
K	CARDNAME_WORKSHOPGARGOYLEETER	工坊石像鬼
K	CARDNAME_WRECKLAMAX	回收残机
K	CARDNAME_XERONDUKEOFLIES	<sprite=3>
K	CARDNAME_XERONDUKEOFLIES10TH	谎言之公爵泽伦
K	CARDNAME_XERONDUKEOFLIESETER	谎言之公爵泽伦
K	CARDNAME_XERONFALSEALLY	泽伦·伪盟者
K	CARDNAME_XERONLORDOFDEOFOL	泽伦·迪奥福尔之主
K	CARDNAME_XERONSTRIAL	泽伦的试炼
K	CARDNAME_YGGDRASILCANOPY	世界树树冠
K	CARDNAME_YGGDRASILSTAFF	世界树法杖
K	CARDNAME_YGGDRASILSTAFF10TH	世界树法杖
K	CARDNAME_YOLOCRYXTHEGUARDIAN	约洛克瑞克斯·守卫
K	CARDNAME_YOLOTHIANMONOLITH	约洛斯巨石
K	CARDNAME_YUKTRIBEGREMLIN	尤克部落小妖
K	CARDNAME_YUKTRIBEOUTCAST	尤克部落放逐者
K	CARDNAME_YUREYEOFCHAOS	尤尔·之眼混沌
K	CARDNAME_ZEROPOINTREACTOR	零点反应堆
K	CARDNAME_ZETAARSENAL	泽塔武库
K	CARDNAME_ZINTASBRACERS	辛塔的护腕
K	CARDNAME_ZISDREAMREAPER	齐斯·刈梦者
K	DAY_AKLYSTHESCOURGE	${LABEL_DAY} 击败费用降低 ${ICON_POWER5}.
K	DAY_EMBERWINGMOTH	${LABEL_DAY} 对每位对手，选择并摧毁其控制的一件神器.
K	DAY_ILLUMINATOR	${LABEL_DAY} 每回合一次，获得${ICON_RUNE1} 和 ${ICON_POWER1} 你控制的每件机械神器.
K	DAY_INSPIREDTEMPLAR	${LABEL_DAY} 改为可击败任意怪物.
K	DAY_LIEUTENANTDUROS	${LABEL_DAY} 从每位对手手牌中各随机拿取一张牌，加入你的手牌.
K	DAY_SCAVENGERANTS	${LABEL_DAY} 获得${ICON_RUNE3}.
K	DAY_SHADEVIPER	${LABEL_TROPHY} 若当前为昼, 放逐此牌以获得${ICON_RUNE1}.
K	DAY_SOLARSENTRY	${LABEL_DAY} 获得额外的 ${ICON_RUNE2}.
K	DAY_TAHYRTHESUN	${LABEL_DAY} 将获取的卡牌加入你的手牌.
K	DAY_TWILIGHTSCOUT	${LABEL_DAY} 额外抽一张牌.
K	EFFECT_AARONTHEGODSLAYER	击败一个怪物无需支付费用.
K	EFFECT_ABOLISHER	获得${ICON_RUNE1}.<br>你可以从你的手牌放逐一张卡牌. 若如此做，获得额外的 ${ICON_RUNE1}.
K	EFFECT_ABOLISHERETER	获得${ICON_RUNE1}.<br>你可以从你的手牌放逐一张卡牌. 若如此做，获得额外的 ${ICON_RUNE1}.
K	EFFECT_ACIDICCRAWLER	${LABEL_REWARD} 获得${ICON_HONOR5}. 若对手控制最多神器, 摧毁该玩家控制的所有神器. <i>(若多名对手为 并列拥有最多的神器, 则他们全部摧毁自己的神器. 若你控制的最多, 无事发生.)</i>
K	EFFECT_ADAMBUILDERADEPT	当你获取此牌时，你可以无需支付费用获取中央牌列的一件神器.<br>获得${ICON_RUNE4}.
K	EFFECT_ADAYUTHEOMNIPOTENT	获取或击败中央牌列的任意卡牌. (你无需支付 ${ICON_RUNE} 或 ${ICON_POWER}).
K	EFFECT_ADAYUTHESERENE	此英雄视为所有派系.<br>获得${ICON_RUNE1}, ${ICON_POWER1} 和 ${ICON_HONOR1}. 抽一张牌.<br>${LABEL_MULTIUNITE} 获得${ICON_RUNE1} 以每个机械英雄, ${ICON_POWER1} 以每个虚空英雄, ${ICON_HONOR1} 以每个命约英雄, 和抽一张牌以 每个圣贤英雄你 打出或已打出本回合.
K	EFFECT_ADAYUTHETORMENTED	${LABEL_REWARD} 将此牌转化为阿达尤宁静并获取它.
K	EFFECT_AEGISKNIGHT	从你的手牌或弃牌堆放逐一张卡牌. 若如此做，将它替换以 秘教士或 重装步兵.
K	EFFECT_AETHERCHANNELER	从你的手牌放逐一张卡牌. 若如此做，无需支付费用从任意创升纪元扩展获取一张随机英雄。 将其放入你的手牌.
K	EFFECT_AETHERCURATOR	放逐中央牌列的一张卡牌. 用传送门替换它.<br>抽一张牌.
K	EFFECT_AETHERRITUALIST	获得${ICON_POWER2}.<br>本回合下次你在中央牌列击败怪物时, 你可以无需支付费用获取传送门.
K	EFFECT_AETHERSPRINGWITCH	选择一项：获得${ICON_HONOR3}, 或无需支付费用获取中央牌列的一张传送门.
K	EFFECT_AETHERWARRIOR	${LABEL_PHANTASM}当此牌在中央牌列, 你可以支付 ${ICON_INSIGHT5} 放逐并打出此牌.<br>抽两张牌.
K	EFFECT_AIRSUPPORTSQUADRON	每回合一次，当你获取机械卡牌, 你可以将它放置在你的手牌中.
K	EFFECT_AIYANASMESSENGER	获得${ICON_RUNE1}.<br>你可以本回合下次获取英雄时少支付 ${ICON_RUNE1}.
K	EFFECT_AIYANASMESSENGERETER	获得${ICON_RUNE1}.<br>你可以本回合下次获取英雄时少支付 ${ICON_RUNE1}.
K	EFFECT_AKAMTHEGENIE	${LABEL_REWARD} 获得${ICON_HONOR3}.
K	EFFECT_AKLYSTHESCOURGE	${LABEL_REWARD} 获得${ICON_HONOR6}.
K	EFFECT_ALLURINGSHAMAN	获得${ICON_RUNE1}.<br>你可以支付 ${ICON_INSIGHT1} 以获得${ICON_HONOR3}.
K	EFFECT_ALOSYANGUIDE	当你获取此牌时，若你本回合已打出命约英雄, 直接将其放入你的手牌.<br>获得${ICON_HONOR3}.
K	EFFECT_ALSETMONKPRODIGY	当此牌在你的手牌中, 若你控制两件或更多神器， 将此牌转化为阿尔塞特, 反应堆学者.<br>获得${ICON_RUNE3}.
K	EFFECT_ALSETREACTORSAVANT	获得${ICON_RUNE4}.<br>本回合当你获取神器时，你可以将其放入战场.
K	EFFECT_ANCIENTSTAG	获得${ICON_HONOR3}.<br>${LABEL_UNITE} 获得${ICON_LIFE}.
K	EFFECT_ANIMUSOFTHEWILD	获得${ICON_RUNE2}.<br>你本回合下次获取英雄时少支付 ${ICON_RUNE1}.
K	EFFECT_ANIMUSOFTHEWILDETER	获得${ICON_RUNE2}.<br>你可以本回合下次获取英雄时少支付 ${ICON_RUNE1}.
K	EFFECT_ANNIHILATION	当玩家获取虚空卡牌时， 该玩家可以从其手牌或弃牌堆放逐一张卡牌.<br>${LABEL_EVENT_TROPHY} 获得${ICON_POWER1}.
K	EFFECT_ANOINTEDASKARA	抽一张牌.<br>本回合一次, 当你获取一个英雄或 神器从中央牌列, 将其放入你的手牌.
K	EFFECT_APPRENTICE	获得1符文。
K	EFFECT_APPRENTICE10TH	获得${ICON_RUNE1}.
K	EFFECT_APPRENTICEROV	获得${ICON_RUNE1}.
K	EFFECT_APPRENTICERU	获得${ICON_RUNE1}.
K	EFFECT_APPRENTICESOS	获得${ICON_RUNE1}.
K	EFFECT_ARANYXTHEGLUTTON	${LABEL_REWARD} 获得${ICON_HONOR4}. 获得${ICON_POWER7}.<br>${LABEL_RALLY_MONSTER}.
K	EFFECT_ARBITERCIRCLET	每回合一次，获得${ICON_POWER1}.
K	EFFECT_ARBITEROFFATE	抽一张牌.<br>你可以从你的手牌或弃牌堆放逐一张卡牌.
K	EFFECT_ARBITEROFTHELOST	获得${ICON_ENERGY2}.<br>你可以从你的手牌或弃牌堆放逐一张卡牌.
K	EFFECT_ARBITEROFTHEPRECIPICE	抽两张牌。然后放逐你手牌中的一张卡牌。
K	EFFECT_ARBITEROFTHEPRECIPICE10TH	抽两张牌. 从你的手牌放逐一张卡牌.
K	EFFECT_ARBITERSCENSER	当你在中央牌列击败一个怪物, 获得${ICON_HONOR2}.
K	EFFECT_ARHAEMISSARY	抽一张牌.<br>若你 打出或已打出使者的 每个派系本回合, 你获胜.
K	EFFECT_ARHAHISTORIAN	抽一张牌. 若你 打出或已打出秘教士或 重装步兵本回合, 额外抽一张牌.
K	EFFECT_ARHAINITIATE	抽一张牌。
K	EFFECT_ARHAINITIATE10TH	抽一张牌.
K	EFFECT_ARHAMEDIUM	你可以放逐此牌以 无需支付费用获取秘教士或重装步兵. 将其放入你的手牌.
K	EFFECT_ARHAMEDIUMETER	你可以放逐此牌以 无需支付费用获取秘教士或重装步兵和 加入你的手牌.
K	EFFECT_ARHAMENTOR	你可以从你的手牌放逐一张卡牌. 若如此做，无需支付费用获取秘教士或重装步兵和 将其放入你的手牌.
K	EFFECT_ARHARECRUIT	抽一张牌.<br>获得${ICON_RENOWN1}, 然后放逐此牌.
K	EFFECT_ARHARISING	每回合一次，当玩家弃掉任意数量的 卡牌, 他们可以返回一 的它们以 其手牌.<br>${LABEL_EVENT_TROPHY} 抽一张牌.
K	EFFECT_ARHASANCTUARY	当此牌进入战场时，将你牌库顶的牌正面朝上置于此牌下方。<br>每回合一次，你可以用手牌中的一张牌与亚哈圣所下方的牌交换。<br>当亚哈圣所离开战场时，将其下方的牌放入你的弃牌堆。
K	EFFECT_ARHASENSEI	从你的手牌放逐一张卡牌. 若如此做，获取秘教士或 重装步兵. 加入它以 你的手牌.
K	EFFECT_ARHASENSEIDS	从你的手牌放逐一张卡牌. 若如此做，无需支付费用获取秘教士或重装步兵. 加入它以 你的手牌.
K	EFFECT_ARHASENSEIETER	从你的手牌放逐一张卡牌. 若如此做，无需支付费用获取秘教士或重装步兵和 加入你的手牌.
K	EFFECT_ARHATEMPLAR	击败一个战力值不高于4的怪物。
K	EFFECT_ARHATEMPLAR10TH	击败一个怪物该 具有${ICON_POWER4} 或更低无需支付费用.
K	EFFECT_ARMISTICE	每位玩家弃掉其 手牌和 抽五 卡牌.
K	EFFECT_ASALASTHEIMPALER	获得${ICON_RUNE2}.<br>下次你获取一个英雄本回合, 获得${ICON_POWER} 等同于 已获取英雄之 ${ICON_RUNE} 费用.
K	EFFECT_ASCETICOFTHELIDLESSEYE	抽两张牌。
K	EFFECT_ASCETICOFTHELIDLESSEYE10TH	抽两张牌.
K	EFFECT_ASHESTOASHES	放逐中央牌列的所有卡牌.
K	EFFECT_ASKARANARMOR	每回合一次，当你获取卡牌从 你的梦境, 你可以将一张卡牌加入你的梦境.
K	EFFECT_ASKARAOFFATE	抽两张牌. 每位其他玩家可以抽一张牌. 然后你可以放逐中央牌列的一张卡牌.
K	EFFECT_ASKARAOFFORTUNE	每位玩家展示顶部卡牌的 其牌库. 选择一个英雄已展示以此方式和 复制其效果.
K	EFFECT_ASKARAOFJUDGEMENT	抽一张牌.
K	EFFECT_ASKARAOFSOULS	获得灵魂宝石.
K	EFFECT_ASTROBLADETRX	每回合一次，当你打出机械神器 (包括此牌), 获得${ICON_HONOR1}.
K	EFFECT_AURAOFTHEASKARA	若你打出过两张同名圣贤英雄本回合, 你可以无需支付费用获取此牌.<br>${LABEL_ONGOING} 每回合一次，你可以复制效果的 本回合已打出的英雄.
K	EFFECT_AUSPICIOUSASKARA	抽一张牌.<br>${LABEL_UNITE} 你可以放逐中央牌列的一张卡牌.
K	EFFECT_AUSTERESAGE	抽一张牌.<br>你可以放逐中央牌列的一张卡牌, 然后 ${LABEL_RALLY_ENLIGHTENED}.
K	EFFECT_AUTOBUILDER50	你可以摧毁此 以少支付 ${ICON_RUNE2}下次你获取机械神器本回合.
K	EFFECT_AVATARGOLEM	获得2战力。你每控制一种神器，获得1荣誉。
K	EFFECT_AVATARGOLEM10TH	获得${ICON_POWER2}.<br>获得${ICON_HONOR1} 你控制的每个派系之中神器. <i>(派系为圣贤, 机械, 生命, 和虚空.)</i>
K	EFFECT_AVATAROFAIYANA	获得${ICON_RUNE2}.<br>本回合， 你可以获取中央牌列的英雄支付等同于其 ${ICON_HONOR} 的 ${ICON_RUNE}，而非其 ${ICON_RUNE} 费用.
K	EFFECT_AVATAROFTHEFALLEN10TH	<b>不可放逐</b>.<br>${LABEL_REWARD} 获得${ICON_HONOR4}. 你可以获取或击败中央牌列的任意卡牌无需支付费用.
K	EFFECT_AZERAXNYXSCHOSEN	获得${ICON_POWER6}.<br>你可以放逐任意数量的 卡牌在你的手牌中和/或弃牌堆.
K	EFFECT_AZERAXOFTHEBLACKWATCH	获得${ICON_POWER4}.<br>你可以从你的手牌或弃牌堆放逐一张卡牌.
K	EFFECT_AZURITECHANNELER	从你的手牌放逐一张卡牌并将其替换以 秘教士或 重装步兵.<br>${LABEL_PLUNDER}本回合， 若你 获取卡牌和 击败一个怪物, 两者在中央牌列, 获得${ICON_INSIGHT2}.
K	EFFECT_BAMTRIBEGREMLINS	${LABEL_REWARD} 获得${ICON_HONOR2}.<br>${LABEL_INFEST} 当你击败巴姆部落小妖们, 你可以将其放入一名玩家的弃牌堆.<br><i>(从手牌打出时怪物没有效果.)</i>
K	EFFECT_BATTERYMONK	你可以少支付 ${ICON_RUNE1}下次你获取神器本回合.<br>抽一张牌.
K	EFFECT_BATTERYMONKETER	抽一张牌。<br>你可以少支付 ${ICON_RUNE1}下次你获取神器本回合.
K	EFFECT_BAZUDUKEOFSCORN	${LABEL_REWARD} 获得${ICON_HONOR4}. 每位对手要么弃一张牌以 每个神器其控制的要么放置所有神器置入其弃牌堆.
K	EFFECT_BEACONOFTHELOST	${LABEL_ECHO} 每回合一次，获得${ICON_POWER1}. <i>(获得此效果若 存在虚空卡牌在你的弃牌堆.)</i>
K	EFFECT_BEACONSHAMAN	展示你牌库顶的卡牌并将其放入你的手牌. 若它 为宝藏, 获得${ICON_HONOR3}.
K	EFFECT_BEASTSTAFF	每回合一次，获得${ICON_POWER1}.<br>每回合一次，你可以支付 ${ICON_RUNE1} 以展示你牌库顶的卡牌. 获得${ICON_HONOR} 等同于 其 ${ICON_HONOR} 值.
K	EFFECT_BELTHARSOULCOLLECTOR	获得${ICON_POWER3}.<br>本回合下次你在中央牌列击败怪物时, 获得${ICON_RUNE3}.
K	EFFECT_BERSERKERFRENZY	若你 拥有被击败本回合在中央牌列击败三只或更多怪物, 你可以无需支付费用获取此牌.<br>获得${ICON_HONOR10}.<br>${LABEL_ONGOING} 每回合一次，当你击败一个怪物时， 将其 ${ICON_HONOR} 奖励翻倍.
K	EFFECT_BETRAYEDTEMPLAR	${LABEL_REWARD} 获得${ICON_HONOR5}. 你可以在中央牌列击败一个怪物以 费用 ${ICON_POWER5} 或更低无需支付费用.
K	EFFECT_BLACKHOLE	每回合一次，你可以从你的手牌放逐一张卡牌. 若如此做，获得${ICON_POWER1}.
K	EFFECT_BLACKWATCHDREAMER	${LABEL_PHANTASM}当此牌在中央牌列, 你可以支付 ${ICON_INSIGHT2} 放逐并打出此牌.<br>获得${ICON_POWER1}. 你可以从你的手牌或弃牌堆放逐一张卡牌.
K	EFFECT_BLACKWATCHELITE	获得${ICON_POWER3}.<br>你可以从你的手牌或弃牌堆放逐一张卡牌.
K	EFFECT_BLACKWATCHEXEMPLAR	获得${ICON_POWER3}.<br>${LABEL_MULTIUNITE} 你可以从你的弃牌堆放逐一张卡牌.
K	EFFECT_BLACKWATCHVANQUISHER	获得${ICON_POWER2}.
K	EFFECT_BLASTGOGGLES	每回合一次，若你控制的五 或更高机械神器, 获得${ICON_HONOR5}.
K	EFFECT_BLEAKTOAD	${LABEL_REWARD} 获得${ICON_HONOR4}. 你可以从你的手牌或弃牌堆放逐一张卡牌. 你可以支付 ${ICON_INSIGHT2} 以放逐额外的卡牌在你的手牌或弃牌堆.
K	EFFECT_BLINDSEER	抽一张牌.<br>${LABEL_SERENITY} 获得${ICON_LIFE}. <i>(获得此效果若 那里为 没有卡牌在你的弃牌堆.)</i>
K	EFFECT_BOMBCRAFTER	抽一张牌.<br>获得${ICON_POWER2}, 然后放逐此牌.
K	EFFECT_BOON:CETRA	本回合一次, 你可以放置英雄从 你的弃牌堆放到你的牌库顶.
K	EFFECT_BOON:KOR	本回合一次, 获得${ICON_RUNE2}.
K	EFFECT_BOON:MASTERDHARTHA	本回合一次, 抽一张牌.
K	EFFECT_BOON:NAKA	本回合一次, 你可以放逐一张本回合已打出的卡牌.
K	EFFECT_BOONCETRA	本回合一次, 你可以放置英雄从 你的弃牌堆放到你的牌库顶.
K	EFFECT_BOONEMRI	本回合一次, 获得${ICON_POWER2}.
K	EFFECT_BOONKOR	本回合一次, 获得${ICON_RUNE2}.
K	EFFECT_BOONMASTERDHARTHA	本回合一次, 抽一张牌.
K	EFFECT_BOONNAIRA	本回合一次, 获得${ICON_HONOR2}.
K	EFFECT_BOONNAKA	本回合一次, 你可以放逐一张本回合已打出的卡牌.
K	EFFECT_BOONPRIME	本回合一次, 你可以返回神器从 你的弃牌堆以 你的手牌.
K	EFFECT_BOONULU	本回合一次, 获得${ICON_RENOWN1} 在另一派系.
K	EFFECT_BORDERLANDMERCENARY	抽一张牌.<br>命名派系. 此英雄视为该 派系本回合.
K	EFFECT_BORDERLANDNIHILIST	${LABEL_REWARD} 将此牌转化为边地佣兵并获取它.
K	EFFECT_BRAINSTORMSENTRY	获得${ICON_RUNE1} 和 ${ICON_POWER1} 你控制的每件机械神器.
K	EFFECT_BRAMBLEELEMENTAL	${LABEL_REWARD} 获得${ICON_HONOR5}. 你可以从你的手牌或弃牌堆放逐一张卡牌.
K	EFFECT_BRAZERDRONE	获得${ICON_RUNE1}.<br>你可以返回神器从 你的弃牌堆以 你的手牌.
K	EFFECT_BRINGEROFDESPAIR	获得${ICON_POWER2}.<br>${LABEL_UNITE} 将你的 ${ICON_POWER} 翻倍。
K	EFFECT_BRINGEROFHOPE	从你的手牌放逐一张卡牌. 若如此做，加入秘教士和 重装步兵以 你的手牌.
K	EFFECT_BROTHERLAIAS	赋力 <i>(当你获取此牌时，你可以放逐一张已打出的卡牌本回合.)</i><br>当你获取修士莱亚斯, 将其放入你的手牌若 你已打出秘教士本回合.<br>抽两张牌.
K	EFFECT_BROTHERMARIUS	获得${ICON_RUNE1}.<br>获得额外的 ${ICON_RUNE1} 你控制的每个派系在神器之中.
K	EFFECT_BURIALGUARDIAN	获得${ICON_RUNE2}.<br>下次你获取命约卡牌本回合, 获得${ICON_DEATH}.
K	EFFECT_BURROWERMARKII	每回合你首次将机械神器进入战场时（包括此牌），抽一张牌。
K	EFFECT_BURROWERMARKII10TH	每回合一次，当你打出机械神器 (包括此牌), 抽一张牌.
K	EFFECT_CAARODESERTBREAKER	${LABEL_REWARD} 获得${ICON_HONOR4}. 对每位对手，选择并摧毁其控制的一件神器.<br>${LABEL_DREAMBIND} ${ICON_INSIGHT2}
K	EFFECT_CACKLECASTWRETCH	若你 拥有已获得 ${ICON_ENERGY4} 或更高本回合, 你可以击败此 无需支付费用.<br>${LABEL_REWARD} 获得${ICON_HONOR4}.
K	EFFECT_CACKLINGJACKAL	${LABEL_REWARD} 获得${ICON_HONOR2}.
K	EFFECT_CALLOFDARKNESS	放逐至多 5 卡牌在你的手牌或弃牌堆.
K	EFFECT_CANONTEMPLAR	获得${ICON_RUNE2}.<br>你可以击败一个怪物以 ${ICON_POWER} 费用低于或 等同于 ${ICON_RUNE} 费用的 神器你控制的.
K	EFFECT_CANOPICJAR	每回合一次，获得${ICON_POWER1}.<br>每回合一次，当你在中央牌列击败一个怪物, 获得${ICON_RUNE1}.
K	EFFECT_CANOPYSANCTUARY	每回合一次，你可以展示你牌库顶的卡牌并将其放入你的手牌. 若它 为圣贤或 命约, 获得${ICON_HONOR3}.
K	EFFECT_CARETAKERZAHRAL	获得${ICON_RUNE3}.<br>下次你获取一个英雄本回合, 你可以将它放置放到你的牌库顶.
K	EFFECT_CAUSTICCONJURER	获得${ICON_INSIGHT1}.<br>你可以从你的手牌或弃牌堆放逐一张卡牌.
K	EFFECT_CAVERNCREEPER	${LABEL_REWARD} 获得${ICON_HONOR1} 和 ${ICON_RUNE1}.
K	EFFECT_CAVERNHORROR	${LABEL_REWARD} 获得${ICON_HONOR1}. 你可以洗牌你的弃牌堆置入你的牌库. <i>(卡牌本回合已打出不 进入以 你的弃牌堆直到结束时回合.)</i>
K	EFFECT_CELLBLOCKE	当你在中央牌列击败一个怪物或 打出怪物, 你可以将其直接进入战场和 视为它作为机械神器.
K	EFFECT_CETRABENEFACTOROFALL	从你开始，然后按回合顺序，每位玩家无需支付费用获取一张英雄。以此方式获取的英雄放在其拥有者的牌库顶。
K	EFFECT_CETRACELESTIALBODY	获得${ICON_HONOR} 等同于总 ${ICON_HONOR} 的所有中央牌列的英雄与神器.
K	EFFECT_CETRAGUIDEOFOGO	获取中央牌列的所有英雄无需支付费用. 以任意顺序将它们放在你的牌库顶.
K	EFFECT_CETRAMATRONOFSTARS	获取一个英雄无需支付费用. 将它放置放到你的牌库顶.<br>${LABEL_MULTIUNITE} 你可以重复此.
K	EFFECT_CETRASRESPITE	无需支付费用获取中央牌列的一张英雄.
K	EFFECT_CETRASTRIAL	中央牌列英雄的获取费用降低 ${ICON_RUNE1}（最低 ${ICON_RUNE1}）.<br>支付 ${ICON_RUNE8}: 将此牌转化为天体塞特拉并获取它.
K	EFFECT_CETRAVOIDMOTHER	获得${ICON_POWER4}.<br>本回合下次你在中央牌列击败怪物时, 你可以获取一个英雄无需支付费用并将其放置放到你的牌库顶.
K	EFFECT_CETRAWEAVEROFSTARS	获取任意一个英雄。将其放到你的牌库顶。
K	EFFECT_CETRAWEAVEROFSTARS10TH	获取一个英雄无需支付费用. 将它放到你的牌库顶.
K	EFFECT_CHAOSCANNON	每回合一次，你可以支付 ${ICON_INSIGHT5} 获得 ${ICON_POWER10}。你控制的每件其他机械神器，使使用此异能少支付 ${ICON_INSIGHT1}。
K	EFFECT_CHAOSRIDER	获得${ICON_POWER3}.<br>你可以返回虚空卡牌从 你的弃牌堆以 你的手牌.
K	EFFECT_CHAOTICCANNON	每回合一次，弃掉你牌库顶的卡牌以 获得${ICON_POWER} 等同于 其 ${ICON_HONOR} 值.<br>若它 为机械神器, 将它放置在你的手牌中.
K	EFFECT_CHARGINGCHAMBER	每回合一次，当你打出机械神器 (包括此牌), 获得${ICON_ENERGY1}.
K	EFFECT_CHEERFULCONSORT	获得${ICON_HONOR1}.<br>抽一张牌.
K	EFFECT_CHEERFULCONSORTETER	获得${ICON_HONOR1}.<br>抽一张牌.
K	EFFECT_CHRONICLEOFVIGIL	每回合一次，获得${ICON_HONOR1} 你控制的每个派系在神器之中. (此卡牌具有没有派系.)
K	EFFECT_CLAWSOFDEOFUL	${LABEL_REWARD} 获得${ICON_HONOR4}. 获得${ICON_RENOWN1} 在任意派系.
K	EFFECT_CLOCKWORKBLADE	每回合一次，当你打出机械神器 (包括此牌), 获得${ICON_POWER1} 以每个机械神器你的控制.
K	EFFECT_CLOCKWORKFAMILIAR	每回合一次，当你打出机械神器 (包括此牌), 获得${ICON_RUNE1} 以每个机械神器你的控制.
K	EFFECT_CLOCKWORKHELM	每回合一次，当你打出机械神器 (包括此牌), 获得${ICON_INSIGHT1} 以每个机械神器你的控制.
K	EFFECT_CLOCKWORKSENTRY	获得${ICON_POWER2}.<br>若你控制两件或更多神器， 获得额外的 ${ICON_POWER2}.
K	EFFECT_CLOCKWORKSHIELD	每回合一次，当你打出机械神器 (包括此牌), 获得${ICON_HONOR1} 以每个机械神器你的控制.
K	EFFECT_CLUTCHOFDARKNESS	每回合一次，获得${ICON_POWER2}.
K	EFFECT_COGMAW	每回合一次，你可以摧毁机械神器你控制的以 获得${ICON_RUNE1}. 若当前事件为 机械, 获得额外的 ${ICON_RUNE1}.
K	EFFECT_COGNITIONCOURIER	获得${ICON_RUNE2}.
K	EFFECT_COMBUSTIONIDOL	每回合一次，你可以若你控制的三 或更高机械神器.
K	EFFECT_COMBUSTIONIDOLETER	每回合一次，若你控制的三 或更高机械神器, 你可以抽一张牌.
K	EFFECT_CONDUITMONK	赋力 <i>(当你获取此牌时，你可以放逐一张已打出的卡牌本回合.)</i><br>获得${ICON_RUNE3}.<br>你为 视为以 控制两 额外的机械神器本回合.
K	EFFECT_CONSTRICTINGHORROR	${LABEL_REWARD} 获得${ICON_HONOR4}. 展示卡牌从中央牌库直到你 展示英雄. 获取该 英雄无需支付费用和 放逐每个其他卡牌已展示以此方式.
K	EFFECT_CONTROLROOM	每回合一次，你可以将你控制的一件机械神器放在传送门牌库顶. 若如此做，获取中央牌列的机械神器并将其放入你的手牌.
K	EFFECT_CONTROLSMITH	获得${ICON_RUNE2}. 若你控制的已转化神器, 抽一张牌.
K	EFFECT_CONVERSIONPORT	你可以将所有神器作为如同他们为 所有派系.
K	EFFECT_CORITEMECHANADON	${LABEL_PHANTASM}当此牌在中央牌列, 你可以支付 ${ICON_INSIGHT2} 放逐并打出此牌.<br>获得${ICON_RUNE1} 和 ${ICON_POWER1}.
K	EFFECT_CORRECTIONOFCREATION	${LABEL_REWARD} 获得${ICON_HONOR2}. 你可以从你的手牌放逐一张卡牌或 弃牌堆.
K	EFFECT_CORROSIVEWIDOW	奖励：获得3荣誉。每位对手须将其控制的一张神器置入弃牌堆。
K	EFFECT_CORROSIVEWIDOW10TH	${LABEL_REWARD} 获得${ICON_HONOR3}. 每位对手须选择和 摧毁一个神器其控制的.
K	EFFECT_CORROSIVEWIDOWETER	${LABEL_REWARD} 获得${ICON_HONOR3}. 每位对手须选择和 摧毁一个神器其控制的.
K	EFFECT_CORRUPTEDSAGE	${LABEL_REWARD} 获得${ICON_HONOR2}. 抽一张牌.<br>${LABEL_RALLY_ENLIGHTENED}.
K	EFFECT_COSMICPROTOCOL	当玩家获取机械神器, 该玩家可以将其直接进入战场.<br>${LABEL_EVENT_TROPHY} 你少支付 ${ICON_RUNE2}以 获取你的下一机械神器本回合.
K	EFFECT_CRYPTLURKER	${LABEL_REWARD} 获得${ICON_HONOR3}. 获得${ICON_DEATH}.
K	EFFECT_CRYSTALLINEMONK	获得${ICON_RUNE2}.<br>你可以将中央牌列某张牌下方的宝藏移到另一张中央牌列卡牌下方.
K	EFFECT_CULTIST	奖励：获得1荣誉。
K	EFFECT_CULTIST10TH	${LABEL_REWARD} 获得${ICON_HONOR1}.
K	EFFECT_CULTISTROV	${LABEL_REWARD} 获得${ICON_HONOR1}.
K	EFFECT_CULTISTRU	${LABEL_REWARD} 获得${ICON_HONOR1}.
K	EFFECT_CULTISTSOS	${LABEL_REWARD} 获得${ICON_HONOR1}.
K	EFFECT_CULTOFTHEFALSECIRCLE	${LABEL_REWARD} 获得${ICON_HONOR5}. 你可以无需支付费用获取费用为 ${ICON_RUNE5} 或更低的一张英雄.
K	EFFECT_DANDELIONWITCH	抽一张牌.<br>获得${ICON_HONOR1} 以每个命约英雄你 打出或已打出本回合 (包括此牌).
K	EFFECT_DARKENERGYSHARD	获得${ICON_ENERGY1}. 抽一张牌.
K	EFFECT_DARKGLADIATOR	获得${ICON_POWER2}.
K	EFFECT_DARKMONK	获得${ICON_POWER2}.<br>${LABEL_UNITE} 抽一张牌.
K	EFFECT_DARKTOMELIBRARIAN	获得${ICON_INSIGHT2}.<br>你可以从你的手牌或弃牌堆放逐一张卡牌.
K	EFFECT_DARKWALKER	获得${ICON_POWER2}.
K	EFFECT_DAVIDPROPHETICGUIDE	抽三张牌, 然后放置两 卡牌从你的手牌放到你的牌库顶在 任意秩序.
K	EFFECT_DAYBREAKASKARA	复制本回合打出的一张英雄的效果。 若英雄曾是圣贤, 复制该 英雄之效果额外的次. 此效果不能是 被复制.
K	EFFECT_DEADEYEASSASSIN	获得${ICON_POWER3}.<br>获得额外的 ${ICON_POWER1} 以每个虚空卡牌在你的弃牌堆.
K	EFFECT_DEATHBOUNDDRUID	获得${ICON_HONOR3}.<br>你可以从你的弃牌堆放逐一张卡牌.
K	EFFECT_DEATHDEALERNOBLE	获得${ICON_POWER2}.<br>${LABEL_MULTIUNITE} 获得${ICON_POWER1}. <i>(获得此效果以 每个其他虚空英雄你 打出或已打出本回合.)</i>
K	EFFECT_DEATHFINDER	${LABEL_REWARD} 获得${ICON_HONOR2}. 你可以从你的手牌或弃牌堆放逐一张卡牌.<br>${LABEL_RALLY_VOID}.
K	EFFECT_DEATHSEEKER	获得${ICON_POWER2}.<br>若此 为被放逐从你的手牌或 弃牌堆, 获得${ICON_HONOR3}.
K	EFFECT_DEATHSWIDOW	${LABEL_REWARD} 获得${ICON_HONOR2}. 每位对手须摧毁一个神器其控制的. 抽一张牌以 每位对手该 做了不 摧毁一个神器以此方式.
K	EFFECT_DEATHSWORNWARRIOR	获得${ICON_POWER1}.<br>你可以从你的手牌或弃牌堆放逐一张卡牌. 然后, 你可以放逐此牌以 放逐第二卡牌在你的手牌或弃牌堆.
K	EFFECT_DECEITFULGHOUL	${LABEL_REWARD} 获得${ICON_HONOR2}.
K	EFFECT_DEEPDRONE	获得${ICON_RUNE2}.<br>放置下一神器你 获取本回合直接进入战场.
K	EFFECT_DEFENDEROFVIGIL	获得${ICON_RUNE2} 和 ${ICON_POWER2}.<br>获得${ICON_RUNE1} 以每个学徒你 打出或已打出本回合.<br>获得${ICON_POWER1} 以每个民兵你 打出或已打出本回合.
K	EFFECT_DEFENSEGENERATOR	每回合一次，当你获取机械卡牌, 获得${ICON_POWER2}.
K	EFFECT_DELIRIUMNYMPH	获得${ICON_RUNE1}.<br>${LABEL_UNITE} 抽 2 卡牌. <i>(获得此效果一次若 你打出或已打出另一命约英雄本回合.)</i>
K	EFFECT_DELIRIUMPIXIES	${LABEL_REWARD} 获得${ICON_HONOR2} 和 ${ICON_RUNE3}.
K	EFFECT_DELIRIUMPIXIESETER	${LABEL_REWARD} 获得${ICON_HONOR2} 和 ${ICON_RUNE3}.
K	EFFECT_DELUDINGDJINN	${LABEL_REWARD} 获得${ICON_HONOR5}.<br>你可以花费 ${ICON_INSIGHT} 视为 ${ICON_POWER} 以击败此.
K	EFFECT_DELUGEELEMENTAL	${LABEL_REWARD} 获得${ICON_HONOR6}. 你可以放逐至多四 卡牌在你的手牌中, 牌库, 弃牌堆, 和/或卡牌本回合已打出. 若如此做，洗牌你的牌库.
K	EFFECT_DELUXECAPACITOR	你可以视为梦神器作为如同他们为 机械神器.<br>每回合一次，当你打出机械神器 (包括此牌), 抽一张牌.
K	EFFECT_DEMONHUNTER	当此牌在你的手牌中, 你可以支付 ${ICON_INSIGHT8} 以转化它 置入恶魔大师.<br>获得${ICON_POWER2}.
K	EFFECT_DEMONMASTER	获得${ICON_POWER5}. 你可以从你的手牌或弃牌堆放逐一张卡牌.
K	EFFECT_DEMONPUPS	${LABEL_REWARD} 获得${ICON_HONOR1}. 抽一张牌. 然后, 你可以支付 ${ICON_INSIGHT1} 以抽 额外的卡牌.
K	EFFECT_DEMONSLAYER	获得3战力。
K	EFFECT_DEMONSLAYER10TH	获得${ICON_POWER3}.
K	EFFECT_DENDRISTHEGLADEWYRM	获得${ICON_RUNE2}, ${ICON_POWER2}, 和 ${ICON_HONOR2}.
K	EFFECT_DERANGEDASPIRANT	赋力 <i>(当你获取此牌时，你可以放逐一张已打出的卡牌本回合.)</i><br>你可以从你的手牌或弃牌堆放逐一张卡牌.
K	EFFECT_DERANGEDDIRGE	每回合一次，获得${ICON_POWER1}.<br>你可以摧毁此 以从你的手牌或弃牌堆放逐一张卡牌.
K	EFFECT_DESTROYERSGATE	经过一段时间后，此牌会转化成某种很厉害的东西！
K	EFFECT_DEVIANTFIEND	${LABEL_REWARD} 获得${ICON_HONOR3}.
K	EFFECT_DHARTHADREAMMASTER	${LABEL_PHANTASM}当此牌在中央牌列, 你可以支付 ${ICON_INSIGHT9} 放逐并打出此牌.<br>获取中央牌列的一张卡牌无需支付费用并将其放入你的手牌.
K	EFFECT_DHARTHAETERNALSEER	抽四张牌.
K	EFFECT_DHARTHAMASTEROFSIGHT	你可以放逐此牌或 卡牌在你的手牌中. 若如此做，无需支付费用获取秘教士或重装步兵并将其放入你的手牌.
K	EFFECT_DHARTHAMECHAMONK	每回合一次，当你打出机械神器 (包括此牌), 抽一张牌以 每个机械神器你的控制.
K	EFFECT_DHARTHASRETREAT	若如此做，不获取或 击败卡牌在期间你的回合, 你可以抽两 额外的卡牌在 结束时你的回合.
K	EFFECT_DHARTHASTRIAL	每回合一次，若你已打出秘教士或 重装步兵, 抽一张牌.<br>支付 ${ICON_RUNE8}: 将此牌转化为达萨, 永恒预言者并获取它.
K	EFFECT_DHARTHATHEETERNAL	展示传送门牌库顶的卡牌. 获取或 击败该 卡牌无需支付费用.<br>${LABEL_MULTIUNITE} 你可以重复此.
K	EFFECT_DIMENSIONDIVER	获得${ICON_RUNE2}.<br>你可以将所有神器作为机械神器本回合.
K	EFFECT_DIMENSIONDIVERETER	获得${ICON_RUNE2}.<br>你可以将所有神器作为机械神器本回合.
K	EFFECT_DIMENSIONMONK	抽一张牌.<br>你可以支付 ${ICON_INSIGHT1} 以 <b>再次发生</b>. <i>(获得效果列出的上方额外的次. 你可以只再次发生一次.)</i>
K	EFFECT_DISCIPLEOFCETRA	当此牌在你的手牌中, 若你已打出另一命约英雄本回合, 将此牌转化为后裔· 塞特拉.<br>获得${ICON_RUNE1} 和 ${ICON_HONOR1}.
K	EFFECT_DISCIPLEOFEMRI	当此牌在你的手牌中, 若你已打出另一虚空英雄本回合, 将此牌转化为后裔· 艾姆瑞.<br>获得${ICON_POWER1}.<br>你可以从你的弃牌堆放逐一张卡牌.
K	EFFECT_DISCIPLEOFEULOTH	当此牌在你的手牌中, 若你已打出另一机械英雄本回合, 将此牌转化为后裔· 尤洛斯.<br>获得${ICON_RUNE1} 和 ${ICON_POWER1}.
K	EFFECT_DISCIPLEOFOZIAH	当此牌在你的手牌中, 若你已打出另一圣贤英雄本回合, 将此牌转化为后裔· 奥齐亚.<br>击败一个怪物以 费用 ${ICON_POWER3} 或更低无需支付费用.
K	EFFECT_DIVINEASKARA	复制本回合打出的一张英雄的效果。<br>你可以支付 ${ICON_INSIGHT3} 以复制所选效果两次改为.<br>此效果不能是 被复制.
K	EFFECT_DOGSOFWAR	获得${ICON_POWER1}.<br>你可以从你的手牌或弃牌堆放逐一张卡牌. 若如此做，获得额外的 ${ICON_POWER1}.
K	EFFECT_DOOMWEEPER	${LABEL_REWARD} 获得${ICON_HONOR2}. 获得${ICON_RUNE2}.
K	EFFECT_DREADCONJURER	抽一张牌.
K	EFFECT_DREADMAGE	${LABEL_REWARD} 获得${ICON_HONOR2} 和抽两张牌.<br>${LABEL_DREAMBIND} ${ICON_INSIGHT4}. (<i>当你击败此, 你可以支付其 梦缚费用. 若如此做，放置此 在你的弃牌堆. 当你打出此, 获得其奖励.</i>)
K	EFFECT_DREADMARE	${LABEL_REWARD} 获得${ICON_HONOR4} 和 ${ICON_INSIGHT3}.
K	EFFECT_DREAMANCHOR	${LABEL_PLUNDER}每回合一次，若你 获取卡牌和 击败一个怪物, 两者在中央牌列, 获得${ICON_INSIGHT2}.
K	EFFECT_DREAMCHAMBERDISCIPLES	抽一张牌.<br>${LABEL_SERENITY} 获得${ICON_INSIGHT2}. (<i>获得此效果若 那里为 没有卡牌在你的弃牌堆.</i>)
K	EFFECT_DREAMDEALER	抽一张牌, 然后放逐中央牌列的一张卡牌. 然后, 若中央牌列同时存在圣贤、命约、机械和虚空卡牌, 掷谵妄骰.
K	EFFECT_DREAMEATER	${LABEL_REWARD} 获得${ICON_HONOR2} 和 ${ICON_INSIGHT1}.
K	EFFECT_DREAMERSGLASS	每回合一次，你可以放置卡牌在你的手牌中其下此 面朝上. 若如此做，抽一张牌.\r\n<br>当梦者琉璃离开打出或 游戏结束, 放置所有卡牌其下它 置入你的弃牌堆.
K	EFFECT_DREAMGUIDE	获得${ICON_RUNE2} 和 ${ICON_INSIGHT1}.
K	EFFECT_DREAMKILLER	获得${ICON_POWER2} 和 ${ICON_INSIGHT1}.
K	EFFECT_DREAMLAB	你可以少支付 ${ICON_RUNE1}以 获取中央牌列的神器.
K	EFFECT_DREAMMACHINE	每回合一次，你可以返回另一机械神器你控制的以 你的手牌.
K	EFFECT_DREAMSCAPEDIVINER	获得${ICON_INSIGHT2}.
K	EFFECT_DREAMSCAPEDRYAD	获得${ICON_HONOR3}.<br>你可以支付 ${ICON_INSIGHT3} 以 <b>再次发生</b>. <i>(获得效果列出的上方额外的次. 你可以只再次发生一次.)</i>
K	EFFECT_DREAMSCARREDHUNTER	抽一张牌.<br>${LABEL_PLUNDER}本回合， 若你 获取卡牌和 击败一个怪物, 两者在中央牌列, 获得${ICON_HONOR3}.
K	EFFECT_DREAMSEEKER	获得${ICON_INSIGHT1} 和抽一张牌.
K	EFFECT_DREAMSEEKERSTART	获得${ICON_INSIGHT1} 和抽一张牌.
K	EFFECT_DREAMSHAPERJESSE	获取顶部卡牌的 梦牌库无需支付费用.
K	EFFECT_DREAMSTONE	你可以放逐此牌以 掷谵妄骰.
K	EFFECT_DREAMTITAN	${LABEL_REWARD} 获得${ICON_HONOR6}.
K	EFFECT_DREAMTYRANT	${LABEL_REWARD} 获得${ICON_HONOR5} 和 ${ICON_INSIGHT5}.
K	EFFECT_DREAMWALKER	放逐中央牌列的一张卡牌.<br>若它 为被替换被 怪物, 获得${ICON_INSIGHT2}.<br>若它 为被替换被 英雄, 获得${ICON_HONOR2}.<br>若它 为被替换被 神器, 抽 2 卡牌.
K	EFFECT_DREAMWILLOW	每回合一次，获得${ICON_RUNE1}.<br>每回合你首次打出命约英雄时, 获得${ICON_INSIGHT1}.
K	EFFECT_DREAMWILLOWDRUIDS	选择一项：无需支付费用获取费用为 ${ICON_RUNE5} 或更低的一张英雄; 或将一张卡牌加入你的梦境.
K	EFFECT_DRILLERMARKIV	每回合一次，当你打出机械神器 (包括此牌), 获得灵魂宝石.
K	EFFECT_DRUIDSOFTHESTONECIRCLE10TH	获取一个英雄费用为${ICON_RUNE4} 或更低无需支付费用无需支付费用. 将它放到你的牌库顶.
K	EFFECT_DRUIDSWREATH	若你打出过两 或更高命约英雄本回合, 将此牌转化为翠绿冠冕.
K	EFFECT_DUSTTODUST	摧毁所有神器你的对手控制.
K	EFFECT_EARTHMENDERPURA	获得${ICON_RUNE3}.<br>你可以放置怪物从你的手牌或 弃牌堆置入对手之弃牌堆.
K	EFFECT_EARTHTYRANT10TH	${LABEL_REWARD} 获得${ICON_HONOR5}. 抽两张牌.
K	EFFECT_EARTHTYRANTETER	${LABEL_REWARD} 获得${ICON_HONOR5}.<br>抽两张牌.
K	EFFECT_EEKTRIBEGREMLIN	${LABEL_REWARD} 获得${ICON_HONOR5}. 放置怪物从 虚空区置入一名玩家的弃牌堆.<br>${LABEL_INFEST} 当你击败伊克部落小妖, 你可以将其放入一名玩家的弃牌堆.<br><i>(从手牌打出时怪物没有效果.)</i>
K	EFFECT_ELANSOULMARSHAL	获得灵魂宝石.<br>抽一张牌.
K	EFFECT_ELDERSKEPTIC	抽两张牌, 然后弃一张牌.
K	EFFECT_ELDERSKEPTICETER	抽两张牌, 然后弃一张牌.
K	EFFECT_ELEMENTALADEPT	抽一张牌. 若当前事件为 圣贤, 额外抽一张牌.<br>你可以放逐中央牌列的一张卡牌.
K	EFFECT_ELEMENTALPROJECTOR	每回合一次，若你控制的两 或更高机械神器, 获得${ICON_POWER2}.
K	EFFECT_EMBERWINGMOTH	${LABEL_REWARD} 获得${ICON_HONOR5}.
K	EFFECT_EMISSARYOFDAWN	获取一个英雄无需支付费用. 获得${ICON_HONOR} 等同于 其 ${ICON_HONOR} 值.
K	EFFECT_EMMAIRONHEART	获得${ICON_RUNE3}. 若你控制两件或更多神器， 获得${ICON_POWER3}.<br>你可以支付 ${ICON_INSIGHT3} 以 <b>再次发生</b>.
K	EFFECT_EMMASMECHANNON	每回合一次，获得${ICON_POWER1} 你控制的每个已转化机械神器.
K	EFFECT_EMMASTELETRANSMITTER	每回合一次，获得${ICON_HONOR1} 以每个已转化机械神器你 控制.
K	EFFECT_EMMASVOIDCYCLER	每回合一次，获得${ICON_RUNE1} 你控制的每个已转化机械神器.
K	EFFECT_EMMASWORKSHOP	每回合一次，你可以转化机械神器无需支付费用.
K	EFFECT_EMRIBORNOFBATTLE	获得${ICON_POWER4}.<br>每回合一次，当你在中央牌列击败一个怪物, 拿取${ICON_HONOR2} 从每个其他玩家.
K	EFFECT_EMRIDEMONSBANE	获得${ICON_POWER5}.<br>本回合， 你可以击败怪物在 虚空区视为在中央牌列. 放置怪物被击败以此方式置于其底： 传送门牌库.
K	EFFECT_EMRILIGHTBRINGER	在中央牌列击败一个怪物或 虚空区无需支付费用. 放置该 怪物置于其底： 传送门牌库.
K	EFFECT_EMRIONEWITHTHEVOID	获得4战力。
K	EFFECT_EMRIONEWITHTHEVOID10TH	获得${ICON_POWER4}.
K	EFFECT_EMRISHADOWSLAYER	获得${ICON_POWER5}.<br>你可以花费 ${ICON_POWER} 视为 ${ICON_INSIGHT} 本回合.
K	EFFECT_EMRISOULSLAYER	获得${ICON_POWER4}. 你可以放逐至多两 卡牌从你的手牌或 弃牌堆. 获得额外的 ${ICON_POWER1} 以每个卡牌被放逐从你的手牌以此方式.
K	EFFECT_EMRISOULSTEALER	获得${ICON_POWER5}. 若虚空区有 10 只或更多怪物, 改为获得${ICON_POWER10}.
K	EFFECT_EMRISSTING	每回合一次，获得${ICON_POWER2}.<br>当此牌进入战场时, 你可以从你的手牌或弃牌堆放逐一张卡牌.
K	EFFECT_EMRISTRIAL	中央牌列怪物的击败费用降低 ${ICON_POWER1}（最低 ${ICON_POWER1}）.<br>支付 ${ICON_RUNE8}: 将此牌转化为战生艾姆瑞并获取它.
K	EFFECT_EMRITHEUNMAKER	当此牌在你的手牌中, 若虚空区有 8 只或更多怪物, 将此牌转化为恶魔克星艾姆瑞.<br>获得${ICON_POWER4}.
K	EFFECT_ENDBRINGERJORA	获得${ICON_POWER3}.<br>每当你在中央牌列击败一个怪物本回合, 获得${ICON_RUNE2}.
K	EFFECT_ENDEROFDAYS	${LABEL_REWARD} 获得 ${ICON_HONOR10}。从 ${ICON_HONOR} 荣誉池移除所有 ${ICON_HONOR}。
K	EFFECT_ENERGYMONK	获得${ICON_POWER2}.<br>你可以返回神器你控制的以 你的手牌.
K	EFFECT_ENERGYSHARD	获得${ICON_ENERGY1}. 抽一张牌.
K	EFFECT_ENERGYSHARDSTART	获得${ICON_ENERGY1}. 抽一张牌.
K	EFFECT_ENGULFINGKRAKEN	${LABEL_REWARD} 获得${ICON_HONOR6}. 从每位对手的梦境中各随机拿取一张牌，加入你的梦境.
K	EFFECT_ENLIGHTENEDREMNANT	${LABEL_REWARD} 获得${ICON_HONOR5}.<br>若你打出过或 已获取圣贤卡牌本回合, 抽两张牌.
K	EFFECT_ENTROPHANTASM	获得${ICON_RUNE1} 和 ${ICON_INSIGHT1}.<br>${LABEL_UNITE} 抽一张牌. (<i>获得此效果若 你打出或已打出另一命约英雄本回合.</i>)
K	EFFECT_EPHEMERALDRUID	获得${ICON_HONOR5}, 然后放逐此牌.
K	EFFECT_EPHEMERALINVENTOR	获得${ICON_RUNE3}, 然后放逐此牌.
K	EFFECT_EPHEMERALMONK	抽 2 卡牌, 然后放逐此牌.
K	EFFECT_EPHEMERALRITUALIST	获得${ICON_POWER4}, 然后放逐此牌.
K	EFFECT_ERABUSSONOFNYX	击败一个怪物在 虚空区无需支付费用并将其放置置于其底： 传送门牌库.
K	EFFECT_ERABUSTHEEXILED	若你打出过黑暗能量碎片本回合, 你支付 ${ICON_POWER2} 降低以击败此.<br>${LABEL_REWARD} 将此牌转化为埃拉布斯, 之子的 尼克斯和 将其放入你的手牌.
K	EFFECT_ETERNALASKARA	放逐中央牌列的一张卡牌. 若你 放逐怪物以此方式, 获得${ICON_HONOR3}.
K	EFFECT_ETERNALTORMENTOR	击败一个随机怪物在 虚空区无需支付费用s和将它放置置于其底： 传送门牌库.
K	EFFECT_ETHEREALHUNTRESS	获得${ICON_POWER3}.<br>你可以放置怪物从虚空区在 顶部的 传送门牌库.
K	EFFECT_EVERBLOOM	每回合一次，获得${ICON_HONOR1}.
K	EFFECT_EVERBLOOMCLIQUE	获得${ICON_HONOR2}.<br>${LABEL_MULTIUNITE} 获得${ICON_HONOR1}. <i>(获得此效果以 每个其他命约英雄你 打出或已打出本回合.)
K	EFFECT_EVERBLOOMETER	每回合一次，获得${ICON_HONOR1}.
K	EFFECT_EVERBLOOMWITCH	获得${ICON_HONOR3}.<br>${LABEL_UNITE} 获得${ICON_HONOR3}.<br><i>(获得此效果一次若 你打出或已打出另一命约英雄本回合.)</i>
K	EFFECT_EVVYOGOSGIFT	获取一个英雄无需支付费用并将其放置放到你的牌库顶.<br>你可以支付 ${ICON_INSIGHT3} 以 <b>再次发生</b>. <i>(获得效果列出的上方额外的次. 你可以只再次发生一次.)</i>
K	EFFECT_EXCAVATIONSENTRY	获得${ICON_POWER2}.<br>放置你牌库顶的卡牌置入你的弃牌堆, 然后你可以从你的手牌或弃牌堆放逐一张卡牌.
K	EFFECT_EXCAVATORPILOT	获得${ICON_RUNE2}.<br>若你控制两件或更多神器， 获得${ICON_LIFE}.
K	EFFECT_EXHAUSTLURKER	${LABEL_REWARD} 获得${ICON_HONOR5}. 每位对手摧毁神器其控制的以 每个神器你控制的.
K	EFFECT_EXPLOSIVESWARM	当相邻的非怪物栏位将被替换时，改为用此怪物的复制替换它。<br>${LABEL_REWARD} 获得 ${ICON_HONOR4}。
K	EFFECT_EYEOFDESTINY	每回合一次，当你获取一个英雄, 你可以将其放入你的手牌.
K	EFFECT_EYEOFPOTENTIAL	每回合一次，你可以从你的手牌放逐一张卡牌. 若如此做，无需支付费用获取秘教士或重装步兵并将其放入你的手牌.
K	EFFECT_FAERIECOMMANDER	获得${ICON_RUNE2}. 本回合下次你获取中央牌列的一张英雄时, 获得${ICON_POWER2}.
K	EFFECT_FAITHFULGUIDE	抽一张牌. 若你 打出或已打出秘教士或 重装步兵本回合, 获得${ICON_HONOR2}.
K	EFFECT_FALLENFAE	获得${ICON_POWER2}.<br>${LABEL_UNITE} 获得${ICON_HONOR1}.
K	EFFECT_FANATICSOS	${LABEL_REWARD} 获得${ICON_HONOR1}.
K	EFFECT_FATALITYBLADES	每回合一次，获得${ICON_POWER1}.<br>每回合一次，当你在中央牌列击败一个怪物, 获得${ICON_INSIGHT1}.
K	EFFECT_FEARWIELDER	获得${ICON_POWER3}.<br>本回合下次你在中央牌列击败怪物时, 将一张卡牌加入你的梦境.
K	EFFECT_FENMAW	${LABEL_REWARD} 获得${ICON_HONOR3}. 获得${ICON_INSIGHT2}.
K	EFFECT_FETTEREDSOUL	${LABEL_REWARD} 获得${ICON_HONOR2}. 你可以放逐中央牌列的一张卡牌.
K	EFFECT_FIRESTORMEFFIGY	${LABEL_REWARD} 获得${ICON_HONOR3}. 你可以从你的手牌或弃牌堆放逐一张卡牌.
K	EFFECT_FIRETYRANT	${LABEL_REWARD} 获得${ICON_HONOR6}. 每位对手须弃一张牌.
K	EFFECT_FISTOFTHEDRAGON	抽一张牌. 放逐中央牌列的一张卡牌. 若下一卡牌以 进入中央牌列为 怪物, 击败它 无需支付费用.
K	EFFECT_FISTOFTHEDRAGONETER	抽一张牌. 放逐中央牌列的一张卡牌. 若下一卡牌以 进入中央牌列为 怪物, 击败它 无需支付费用.
K	EFFECT_FLANKINGASKARA	抽一张牌.<br>复制效果的 下一英雄你 打出本回合以 费用 ${ICON_RUNE3} 或更低.
K	EFFECT_FLARETRACKER	获得${ICON_RUNE2}.<br>若你 打出或已打出神射追踪者本回合, 抽一张牌.
K	EFFECT_FLEETINGHOPEDJINN	${LABEL_REWARD} 获得${ICON_HONOR5}. 加入两卡牌以 你的梦境.
K	EFFECT_FLOURISHINGDRUIDESS	赋力 <i>(当你获取此牌时，你可以放逐一张已打出的卡牌本回合.)</i><br>获得${ICON_RUNE2}. 若你 拥有更多 ${ICON_HONOR} 于每个其他玩家, 获得额外的 ${ICON_RUNE1}.
K	EFFECT_FLYTRAPFAIRY	获得${ICON_RUNE1}, ${ICON_HONOR1}, 和 ${ICON_INSIGHT1}.
K	EFFECT_FLYTRAPSTAFF	每回合一次，若你已打出两 或更高命约卡牌 (包括此牌), 获得${ICON_HONOR2}.
K	EFFECT_FLYTRAPWITCH10TH	获得${ICON_HONOR2}.<br>抽一张牌.
K	EFFECT_FORESTEMISSARY	抽一张牌.<br>联合-使者: 获得${ICON_HONOR2}. (获得此效果一次若 你打出或已打出另一使者本回合.)
K	EFFECT_FORGEMASTERSSUIT	每回合一次，当你打出机械神器 (包括此牌) 或若 你控制的神殿, 获得${ICON_HONOR1}.
K	EFFECT_FORGEMOTHERREYSA	选择一项：抽一张牌，或获取中央牌列任意数量的神器无需支付其费用.
K	EFFECT_FORGOTTENSCRIPTURE	若你打出过两 或更高圣贤英雄本回合, 将此牌转化为真言的 真正视界.
K	EFFECT_FORRESTBEASTWARDEN	获得${ICON_RUNE2}.<br>本回合一次, 你可以获取一个英雄在 虚空区视为在中央牌列.
K	EFFECT_FOUNDATIONBURROWER	${LABEL_REWARD} 获得${ICON_HONOR1}. 你可以放逐中央牌列的一张卡牌.
K	EFFECT_FOUNDRYHOUND	每回合一次，若你 打出机械神器 (包括此牌) 或若 它为 昼, 获得${ICON_RUNE2}.
K	EFFECT_GARDENATTENDANT	获得${ICON_INSIGHT1}.<br>抽一张牌.
K	EFFECT_GEARSEER	${LABEL_PHANTASM}当此牌在中央牌列, 你可以支付 ${ICON_INSIGHT6} 放逐并打出此牌.<br>获得${ICON_RUNE3}.
K	EFFECT_GEMCATCHERSPIRIT	抽一张牌.
K	EFFECT_GEMEATERLEPRECHAUN	获得${ICON_RUNE2} 和 ${ICON_ENERGY2}.
K	EFFECT_GENESISCAPSULE	每回合一次，当你获取命约英雄或 机械神器, 你可以将它放置放到你的牌库顶.
K	EFFECT_GIANTRAT	置于巨鼠下方的任何卡牌，在巨鼠被放逐或击败之前，不能被获取、放逐或击败。<br>${LABEL_REWARD} 获得 ${ICON_HONOR1}。
K	EFFECT_GLOVERDREAMTITAN	${LABEL_REWARD} 获得${ICON_HONOR7}.<br>选择一名玩家和 拿取所有的 其 ${ICON_INSIGHT} 和随机卡牌从其手牌.<br>加入该卡牌以 你的手牌.
K	EFFECT_GNOMEREPAIRBOT	每回合一次，你可以放置机械神器从 你的弃牌堆放到你的牌库顶.
K	EFFECT_GRANDARBITERTODD	赋力 <i>(当你获取此牌时，你可以放逐一张已打出的卡牌本回合.)</i><br>抽两张牌.<br>从你的手牌放逐一张卡牌. 若你 被放逐怪物以此方式, 额外抽一张牌.
K	EFFECT_GRANGER	获得${ICON_RUNE1} 和 ${ICON_HONOR1}.<br>${LABEL_UNITE} 获得${ICON_RUNE1} 和 ${ICON_HONOR1}. <i>(获得此效果一次若 你打出或已打出另一命约英雄本回合.)</i>
K	EFFECT_GRAVEGOLEM	${LABEL_REWARD} 获得${ICON_HONOR4}. 每位对手展示顶部卡牌的 其牌库和 放置它 置入其弃牌堆. 选择一个英雄已展示以此方式和 复制其效果.
K	EFFECT_GREASEMONK	获得${ICON_RUNE1}.<br>你可以少支付 ${ICON_RUNE1}下次你获取神器本回合.
K	EFFECT_GREATOMENRAVEN	命名卡牌. 展示你牌库顶的卡牌和 将其放入你的手牌. 若它 为被命名为卡牌, 获得${ICON_HONOR3}.
K	EFFECT_GREENSPRITELINGS	${LABEL_PHANTASM}当此牌在中央牌列, 你可以支付 ${ICON_INSIGHT4} 放逐并打出此牌.<br>获得${ICON_HONOR3}.
K	EFFECT_GROWMITES	${LABEL_REWARD} 获得${ICON_HONOR2}.
K	EFFECT_GUARDIANOFSADRANIS	获得${ICON_POWER1}.<br>下次你在中央牌列击败一个怪物或 虚空区本回合, 获得${ICON_HONOR2}.
K	EFFECT_GUIDEOFLOSTSOULS	你可以从你的手牌或弃牌堆放逐一张卡牌. 若如此做，将它替换以 秘教士或 重装步兵.
K	EFFECT_HAUNTINGSPECTER	${LABEL_REWARD} 获得${ICON_HONOR4}. 你可以放逐至多两 卡牌在你的手牌中和/或弃牌堆.
K	EFFECT_HEARTHGLOWCLIQUE	赋力 <i>(当你获取此牌时，你可以放逐一张已打出的卡牌本回合.)</i><br>获得${ICON_RUNE2} 和 ${ICON_HONOR2}.<br>${LABEL_UNITE} 抽一张牌.
K	EFFECT_HEAVYINFANTRY	获得2战力。
K	EFFECT_HEAVYINFANTRY10TH	获得${ICON_POWER2}.
K	EFFECT_HEAVYINFANTRYROV	获得${ICON_POWER2}.
K	EFFECT_HEAVYINFANTRYRU	获得${ICON_POWER2}.
K	EFFECT_HEAVYINFANTRYSOS	获得${ICON_POWER2}.
K	EFFECT_HECTICSCRIBE	抽两张牌, 然后弃掉两 卡牌.
K	EFFECT_HEDRONBERSERKER	获得${ICON_RUNE3} 或 ${ICON_POWER3}. 若你控制三件或更多神器, 改为获得两者.
K	EFFECT_HEDRONCANNON	每回合一次，你每控制一个机械神器，获得1战力。
K	EFFECT_HEDRONCANNON10TH	每回合一次，获得${ICON_POWER1} 你控制的每件机械神器.
K	EFFECT_HEDRONDREDGER	每回合一次，若你控制的三 或更高机械神器, 你可以充能神器你控制的.
K	EFFECT_HEDRONFLARE	每回合一次，你可以获取机械英雄在中央牌列无需支付费用.
K	EFFECT_HEDRONLINKDEVICE	你可以将所有神器视为机械神器。
K	EFFECT_HEDRONLINKDEVICE10TH	你可以将所有神器作为机械神器.
K	EFFECT_HEDRONPYROMANIAC	获得${ICON_RUNE2}.<br>你可以摧毁一个神器你控制的以 获得灵魂宝石.
K	EFFECT_HEDRONRISING	所有神器也视为机械神器。<br>${LABEL_EVENT_TROPHY} 当你控制的神器将被摧毁时，你可以防止其被摧毁。
K	EFFECT_HEDRONWATCHTOWER	每回合一次，当你获取机械卡牌, 获得${ICON_HONOR} 等同于 该卡牌之 ${ICON_HONOR} 值.
K	EFFECT_HELLFROSTIMPS	${LABEL_REWARD} 获得${ICON_HONOR2}. 你可以在中央牌列击败一个怪物被命名为狱霜小恶魔无需支付费用.
K	EFFECT_HELLSTRINGBLADES	${LABEL_REWARD} 获得${ICON_HONOR5}. 选择和 摧毁至多两 神器在打出.
K	EFFECT_HERALDOFDOOM	${LABEL_REWARD} 获得${ICON_HONOR6}. 获取或 击败卡牌在中央牌列无需支付费用.
K	EFFECT_HOARDINGTYRANT	${LABEL_REWARD} 获得${ICON_HONOR4}.
K	EFFECT_HOARDINGWHELP	${LABEL_REWARD} 获得${ICON_HONOR2}.
K	EFFECT_HONEYSIREN	获得${ICON_RUNE2}. 下次你获取一个英雄本回合, 你可以将它放置放到你的牌库顶.
K	EFFECT_HONISKROTCHIEFTAIN	获得${ICON_RUNE3}.
K	EFFECT_HONISKROTTRIBESMAN	获得${ICON_RUNE1}.
K	EFFECT_HULKINGCRAB	${LABEL_REWARD} 获得 ${ICON_HONOR4}。每位对手摧毁其神器数量的一半（向上取整）。
K	EFFECT_HURRASSEASFURY	${LABEL_REWARD} 获得${ICON_HONOR4}. 获得${ICON_LIFE} 和 ${ICON_DEATH}.
K	EFFECT_HURRICANEWARLOCK	${LABEL_REWARD} 获得${ICON_HONOR2}. 抽一张牌.
K	EFFECT_ID34DETECTOR	每回合一次，当你打出机械神器 (包括此牌), 获得${ICON_INSIGHT1}.
K	EFFECT_IKUSMINIONS	若你控制神殿，击败费用降低 ${ICON_POWER2}.<br>${LABEL_REWARD} 获得${ICON_HONOR4}. 你可以从你的手牌或弃牌堆放逐一张卡牌.
K	EFFECT_IKUVALLEYTYRANT	击败费用降低 ${ICON_POWER2}以 每个神殿你控制的.<br>${LABEL_REWARD} 获得${ICON_HONOR8}.
K	EFFECT_ILLIYATHEDEMONBORN	获得${ICON_POWER4}.
K	EFFECT_IMAGINATIVEMATRON	抽一张牌，然后弃一张牌。<br>${LABEL_UNITE} 从你的弃牌堆将一张牌收回手牌。
K	EFFECT_INFERNATEMPLAR	抽一张牌.<br>若你控制两件或更多神器， 额外抽一张牌.
K	EFFECT_INITIATESGAUNTLETS	若你打出过两 或更高虚空英雄本回合, 将此牌转化为黑暗之握.
K	EFFECT_INNOVATIVEASPIRANT	赋力 <i>(当你获取此牌时，你可以放逐一张已打出的卡牌本回合.)</i><br>获得${ICON_RUNE1} 和 ${ICON_POWER1}.
K	EFFECT_INQUARRYHYDRA	每回合一次，获得${ICON_INSIGHT1} 你控制的每件机械神器 (包括此牌).
K	EFFECT_INSPIREDTEMPLAR	击败一个怪物以 费用 ${ICON_POWER4} 或更低无需支付费用.
K	EFFECT_INVOKIST	${LABEL_PHANTASM}当此牌在中央牌列, 你可以支付 ${ICON_INSIGHT4} 放逐并打出此牌.<br>获得${ICON_POWER3}.
K	EFFECT_IRONELEMENTAL	获得${ICON_RUNE2}.<br>若此 为被放逐从 任意处在期间你的回合, 获得${ICON_RUNE2}.
K	EFFECT_IRONHEARTBLUEPRINT	你可以支付 ${ICON_INSIGHT15} 以将此牌转化为铁之心.<br>每回合一次，获得${ICON_INSIGHT1} 以每个机械神器你 控制.
K	EFFECT_IRONHEARTENGINE	每回合一次，当你打出机械神器 (包括此牌), 获得${ICON_RUNE3}.
K	EFFECT_ISHATHEPURSUER	获得${ICON_POWER3}.<br>下次你击败一个怪物本回合, 获得${ICON_RUNE} 等同于 被击败怪物之 ${ICON_POWER} 费用.
K	EFFECT_ISLASERENEPRODIGY	无需支付费用获取中央牌列的一张英雄或神器.<br>将伊斯拉·宁静神童与你的弃牌堆洗入你的牌库.
K	EFFECT_JAKEBCOBRAKING	获得${ICON_HONOR6}.<br>当你 获得${ICON_HONOR} 从另一卡牌本回合, 获得两次该 等量的 ${ICON_HONOR} 改为.
K	EFFECT_JAKEBCOBRASHAMAN	获得${ICON_HONOR3}.
K	EFFECT_JOURNEYMANOUTRIDER	获取一个英雄或 神器以 费用 ${ICON_RUNE5} 或更低无需支付费用.
K	EFFECT_JOURNEYMANSAGE	放逐一个英雄在你的手牌中. 若如此做，获取一个英雄以 ${ICON_HONOR} 值至多一 超过该 的被放逐卡牌并将其放入你的手牌.
K	EFFECT_JUBILANTMONK	展示你牌库顶的卡牌和 将其放入你的手牌. 重复此效果直到你 展示卡牌其他于 秘教士, 重装步兵, 或圣贤卡牌.
K	EFFECT_KANZIRTHERAVAGER	${LABEL_REWARD} 获得 ${ICON_HONOR5}。每位对手失去其控制的所有神殿，并摧毁其控制的所有神器。
K	EFFECT_KARION	${LABEL_REWARD} 获得${ICON_HONOR5} 和 ${ICON_INSIGHT10}.
K	EFFECT_KEENEYEDASPIRANT	赋力 <i>(当你获取此牌时，你可以放逐一张已打出的卡牌本回合.)</i><br>获得${ICON_RUNE1} 和 ${ICON_HONOR1}.
K	EFFECT_KEEPEROFSECRETS	从你的手牌放逐一张卡牌并将其替换以 秘教士或 重装步兵.<br>若你 打出或已打出秘教士和 重装步兵本回合, 获得${ICON_DEATH}.
K	EFFECT_KIRIMEADOWWITCH	抽一张牌.<br>${LABEL_UNITE} 获得${ICON_HONOR5}.
K	EFFECT_KIRIMEADOWWITCHETER	抽一张牌.<br>${LABEL_UNITE} 若你 打出或已打出命约英雄本回合, 获得${ICON_HONOR5}.
K	EFFECT_KORMASTERINNOVATOR	获得${ICON_POWER4}.<br>若你控制两件或更多神器， 抽两张牌.
K	EFFECT_KORPSEMAKER	每回合一次，当你打出机械神器 (包括此牌), 获得${ICON_POWER2}.
K	EFFECT_KORTHEFERROMANCER	获得${ICON_POWER2}.<br>若你控制两件或更多神器，抽一张牌。
K	EFFECT_KORTHEFERROMANCER10TH	获得${ICON_POWER2}.<br>若你控制两件或更多神器,<br>抽一张牌.
K	EFFECT_KORTHEIRONMIND	获得${ICON_RUNE2} 和 ${ICON_POWER2}.<br>若你控制两件或更多神器， 抽一张牌.
K	EFFECT_KORWORLDBREAKER	获得 ${ICON_RUNE2} 并抽一张牌。<br>若你本回合打出或已打出至少两张其他命约英雄，获得 ${ICON_POWER6}。
K	EFFECT_KYL3REPAIRBOT	每回合一次，当你打出机械神器 (包括此牌) 或若 你控制的神殿, 抽一张牌.
K	EFFECT_KYTHISREBELGODLING	${LABEL_REWARD} 获得${ICON_HONOR8}.
K	EFFECT_KYTHISREBELGODLINGV2	${LABEL_REWARD} 获得${ICON_HONOR8}.
K	EFFECT_KYTHISTHEGATEKEEPER	${LABEL_REWARD} 获得${ICON_HONOR5} 和获取或 击败卡牌其下此 无需支付费用.
K	EFFECT_LAGOONTROLL	${LABEL_REWARD} 获得${ICON_HONOR2}. 抽一张牌.
K	EFFECT_LAGOONTROLLETER	${LABEL_REWARD} 获得${ICON_HONOR2}. 抽一张牌.
K	EFFECT_LANDISPOTIONS&PIES	每回合一次，获得${ICON_HONOR1}.<br><br>${LABEL_UNITE} 获得${ICON_RUNE1}.
K	EFFECT_LANDTALKER	获得3符文。
K	EFFECT_LANDTALKER10TH	获得${ICON_RUNE3}.
K	EFFECT_LEGENDARYBOONENLIGHTENED	获取或 击败任意圣贤卡牌从 中央牌列无需支付费用.
K	EFFECT_LEGENDARYBOONLIFEBOUND	获取或 击败任意命约卡牌从 中央牌列无需支付费用.
K	EFFECT_LEGENDARYBOONMECHANA	获取或 击败任意机械卡牌从 中央牌列无需支付费用.
K	EFFECT_LEGENDARYBOONVOID	获取或 击败任意虚空卡牌从 中央牌列无需支付费用.
K	EFFECT_LEGENDCETRA	本回合一次, 你可以放置英雄从 你的弃牌堆放到你的牌库顶.
K	EFFECT_LEGENDEMRI	本回合一次, 获得${ICON_POWER2}.
K	EFFECT_LEGENDKOR	本回合一次, 获得${ICON_RUNE2}.
K	EFFECT_LEGENDMASTERDHARTHA	本回合一次, 抽一张牌.
K	EFFECT_LEGENDNAIRA	本回合一次, 获得${ICON_HONOR2}.
K	EFFECT_LEGENDNAKA	本回合一次, 你可以放逐一张本回合已打出的卡牌.
K	EFFECT_LEGENDPRIME	本回合一次, 你可以返回神器从 你的弃牌堆以 你的手牌.
K	EFFECT_LEGENDULU	本回合一次, 获得${ICON_RENOWN1} 在另一派系.
K	EFFECT_LEGIONOFAKLYS	若所有卡牌在中央牌列为 ${ICON_NIGHT} 卡牌, 你可以击败此 无需支付费用.<br>${LABEL_REWARD} 获得${ICON_HONOR5}.
K	EFFECT_LEOTANSFAMILIAR	获得${ICON_RUNE1}.
K	EFFECT_LEPRECHAUN	获得${ICON_RUNE2}. 获取一个罐的 金从彩虹尽头或 从另一名玩家的控制.
K	EFFECT_LIBRARYFAMILIAR	每回合一次，当你打出圣贤神器或 机械神器 (包括此牌), 抽一张牌.
K	EFFECT_LIEUTENANTDUROS	${LABEL_REWARD} 获得${ICON_HONOR4}.
K	EFFECT_LIFEBOUNDINITIATE	获得1符文和1荣誉。
K	EFFECT_LIFEBOUNDINITIATE10TH	获得${ICON_RUNE1} 和 ${ICON_HONOR1}.
K	EFFECT_LIFEBOUNDMUSE	无需支付费用获取费用为 ${ICON_RUNE4} 或更低的一张英雄.
K	EFFECT_LIFEBOUNDREMNANT	${LABEL_REWARD} 获得${ICON_HONOR3}.<br>若你打出过或 已获取命约卡牌本回合, 获得额外的 ${ICON_HONOR2}.
K	EFFECT_LIGHTOFFALSEHOPE	${LABEL_REWARD} 获得${ICON_HONOR4}.
K	EFFECT_LIONHEART	获得${ICON_HONOR3}.<br>${LABEL_UNITE} 抽一张牌. <i>(获得此效果一次若 你打出或已打出另一命约英雄本回合.)</i>
K	EFFECT_LOADREAMDRAGON	掷谵妄骰。
K	EFFECT_LOAMSPEAKERDRUID	获得${ICON_RUNE3}.
K	EFFECT_LOAMSUMMONER	将一张卡牌加入你的梦境.<br>你可以从你的手牌或弃牌堆放逐一张卡牌.
K	EFFECT_LOASLEEPINGDRAGON	获得${ICON_INSIGHT3}.<br>抽一张牌.
K	EFFECT_LOTUSSIREN	获得${ICON_RUNE2}.<br>每当你获取一个英雄或 宝藏卡牌从中央牌列本回合, 获得${ICON_HONOR1}. (获得${ICON_HONOR} 以每个卡牌已获取.)
K	EFFECT_LUNAREMBRACE	此回合你可以花费 ${ICON_RUNE} 视为 ${ICON_POWER}.
K	EFFECT_LUNARGUARDIAN	获得${ICON_RUNE2}.
K	EFFECT_LUNARMATRIARCH	获得${ICON_HONOR5}.<br>本回合一次, 你可以支付至多 ${ICON_RUNE5} 以获得该等量的 ${ICON_HONOR}.
K	EFFECT_LUNARPACK	获得${ICON_RUNE2}.<br>${LABEL_UNITE} 获得${ICON_INSIGHT2}.
K	EFFECT_LUNARSTAG	获得${ICON_RUNE2} 或 ${ICON_HONOR2}.
K	EFFECT_LUROTHEHUNTER	获得${ICON_RUNE3}.
K	EFFECT_LYCANFANG	获得${ICON_RUNE2}.
K	EFFECT_LYCHANBEAST	获得${ICON_RUNE3} 和 ${ICON_POWER3}.
K	EFFECT_LYCHANRANGER	当此牌在你的手牌中, 你可以支付 ${ICON_INSIGHT6} 以转化它 置入狼化野兽.<br>获得${ICON_RUNE2} 和 ${ICON_POWER2}.
K	EFFECT_MADNESSEMBRACE	每回合一次，若你 拥有被在中央牌列击败怪物, 你可以从你的手牌或弃牌堆放逐一张卡牌.
K	EFFECT_MAGNETMONK	获得${ICON_POWER2}.<br>获得${ICON_ENERGY1} 你控制的每个派系在神器之中.
K	EFFECT_MAMMOTHBEETLE	${LABEL_REWARD} 获得${ICON_HONOR3}. 每位对手摧毁神器其控制的. 你可以支付 ${ICON_INSIGHT1} 以拥有每位对手摧毁额外的神器其控制的.
K	EFFECT_MANIACALCRUSHER	获得${ICON_POWER2}.<br>本回合下次你在中央牌列击败怪物时, ${LABEL_RALLY_VOID}.
K	EFFECT_MANTRAOFRENEWAL	每回合一次，若你已打出两 或更高圣贤卡牌 (包括此牌), 抽一张牌.
K	EFFECT_MANTRAOFTRUESIGHT	每回合一次，你可以抽一张牌.
K	EFFECT_MAPOFTHESTARS	每回合一次，获得${ICON_RUNE1} 和 ${ICON_POWER1}.
K	EFFECT_MARROWWYRMRIDER	${LABEL_REWARD} 获得${ICON_HONOR3}. 你可以无需支付费用获取费用为 ${ICON_RUNE5} 或更低的一张英雄.
K	EFFECT_MARSHRANGER	获得${ICON_RUNE1} 和 ${ICON_HONOR1}. 抽一张牌.<br>${LABEL_UNITE} 获得${ICON_RUNE1} 和 ${ICON_HONOR1}. 抽一张牌.<br><i>(获得此效果一次若 你打出或已打出另一命约英雄本回合.)</i>
K	EFFECT_MASTERDHARTHA	抽三张牌。
K	EFFECT_MASTERDHARTHA10TH	抽三张牌.
K	EFFECT_MASTERDHARTHAETER	抽三张牌.
K	EFFECT_MASTERVAYA	抽两张牌.
K	EFFECT_MATRONOFDISCOVERY	获得${ICON_RUNE2}.<br>${LABEL_MULTIUNITE} 获得${ICON_RUNE1}. <i>(获得此效果以 每个其他机械英雄你 打出或已打出本回合.)</i>
K	EFFECT_MECHACETRA	你可以获取一个英雄或 神器从 中央牌列无需支付费用并将其放置放到你的牌库顶.
K	EFFECT_MECHAEMISSARY	抽一张牌.<br>联合-使者: 获得${ICON_RUNE2}. (获得此效果一次若 你打出或已打出另一使者本回合.)
K	EFFECT_MECHANAINITIATE	获得1符文或1战力。
K	EFFECT_MECHANAINITIATE10TH	获得${ICON_RUNE1} 和 ${ICON_POWER1}.
K	EFFECT_MECHANAREMNANT	${LABEL_REWARD} 获得${ICON_HONOR4}.<br>若你打出过或 已获取机械卡牌本回合, 获得${ICON_RUNE2}.
K	EFFECT_MECHANNIHILATOR	每回合一次，你可以摧毁另一一 的你的机械神器以 获得${ICON_POWER3}.
K	EFFECT_MECHANNONBLUEPRINT	你可以支付 ${ICON_INSIGHT5} 以将此牌转化为艾玛的机加农.
K	EFFECT_MECHAPHOENIX	每回合一次，当你打出机械神器 (包括此牌), 获取或 击败卡牌以 费用等同于 或低于其 ${ICON_RUNE} 费用.
K	EFFECT_MEPHIT10TH	${LABEL_REWARD} 获得${ICON_HONOR2}. 你可以放逐中央牌列的一张卡牌.
K	EFFECT_MILESGOLDENPRODIGY	抽一张牌.<br>每当你打出卡牌的 另一派系本回合, 抽一张牌. 每个派系仅触发一次.
K	EFFECT_MILITIA	获得1战力。
K	EFFECT_MILITIA10TH	获得${ICON_POWER1}.
K	EFFECT_MILITIAROV	获得${ICON_POWER1}.
K	EFFECT_MILITIARU	获得${ICON_POWER1}.
K	EFFECT_MILITIASOS	获得${ICON_POWER1}.
K	EFFECT_MINOTAUR	${LABEL_REWARD} 获得${ICON_HONOR3}.
K	EFFECT_MISTAKEOFCREATION	奖励：获得4荣誉。你可以放逐中央牌列和/或你弃牌堆中的一张卡牌。
K	EFFECT_MISTAKEOFCREATION10TH	${LABEL_REWARD} 获得${ICON_HONOR4}. 你可以放逐中央牌列的一张卡牌和/或卡牌在你的弃牌堆.
K	EFFECT_MOKENTHEHUNTMASTER	获得 ${ICON_HONOR5}。<br>游戏结束时，猎主莫肯的 ${ICON_HONOR} 值等同于你牌库中宝藏卡的数量。
K	EFFECT_MOMENTOFCLARITY	当玩家获取圣贤卡牌, 该玩家可以抽一张牌.<br>${LABEL_EVENT_TROPHY} 从你的手牌放逐一张卡牌. 若如此做，获取秘教士无需支付费用. 将其放入你的手牌.
K	EFFECT_MONASTICTUTOR	获取一个秘教士或 重装步兵无需支付费用.
K	EFFECT_MONKOFTHELIDLESSEYE	抽两张牌.
K	EFFECT_MONKOFTHESTONECIRCLE	获取一个英雄以 费用 ${ICON_RUNE3} 或更低和 将其放入你的手牌.
K	EFFECT_MOONSTAFF	每回合一次，你可以花费 ${ICON_RUNE4} 以双倍你的 ${ICON_POWER}.
K	EFFECT_MOONVEILCLIQUE	获得 ${ICON_RUNE2}。<br>${LABEL_UNITE} 回合结束时，将此牌放入你的手牌而非弃牌堆。
K	EFFECT_MORBIDHAMMER	每回合一次，获得${ICON_POWER1}.<br>当此牌进入战场时, 你可以从你的手牌或弃牌堆放逐一张卡牌.
K	EFFECT_MORDANTWIDOW	${LABEL_REWARD} 获得${ICON_HONOR4}. 对每位对手，选择并摧毁其控制的一件神器.
K	EFFECT_MOUNTAINSEER	抽一张牌, 然后放逐中央牌列的一张卡牌. 然后, 为被放逐卡牌所替换成的每个派系各获得 ${ICON_RENOWN1}.
K	EFFECT_MURAMASA	每回合一次，获得3战力。
K	EFFECT_MURAMASA10TH	每回合一次，获得${ICON_POWER3}.
K	EFFECT_MUSEOFMALEVOLENCE	${LABEL_REWARD} 获得${ICON_HONOR5}. 获得${ICON_RENOWN2} 在任意派系.
K	EFFECT_MUSEOFREBIRTH	获得${ICON_RUNE2}.<br>你可以从你的手牌或弃牌堆放逐一张卡牌.
K	EFFECT_MUSHROOMDRUID	获得${ICON_HONOR3}.
K	EFFECT_MUTATEDSCAVENGER	${LABEL_REWARD} 获得${ICON_HONOR4}. 获得${ICON_RUNE5}.
K	EFFECT_MYCELIALMAGE	抽一张牌.<br>获得${ICON_HONOR3}, 然后放逐此牌.
K	EFFECT_MYSTIC	获得2符文。
K	EFFECT_MYSTIC10TH	获得${ICON_RUNE2}.
K	EFFECT_MYSTICROV	获得${ICON_RUNE2}.
K	EFFECT_MYSTICRU	获得${ICON_RUNE2}.
K	EFFECT_MYSTICSOS	获得${ICON_RUNE2}.
K	EFFECT_NAIRIHENGEQUEEN	获得${ICON_HONOR5}.
K	EFFECT_NAIRISBLESSING	若你打出过三 或更高命约英雄本回合, 你可以无需支付费用获取此牌.<br>获得${ICON_HONOR10}.<br>${LABEL_ONGOING} 你为 视为以 已打出命约英雄每回合.
K	EFFECT_NAIRIWILDQUEEN	获得${ICON_HONOR1}. 抽一张牌.<br>${LABEL_UNITE} 获得${ICON_HONOR1}. 抽一张牌.
K	EFFECT_NAKAEMRISCHOSEN	获得${ICON_POWER4}.<br>本回合， 你可以支付 ${ICON_INSIGHT0} 以梦缚费用为.
K	EFFECT_NAKASHADEBORN	获得${ICON_POWER3}.<br>你可以返回虚空卡牌在你的弃牌堆以 你的手牌.<br>你可以支付 ${ICON_INSIGHT3} 以 <b>再次发生</b>.
K	EFFECT_NEMESIS	${LABEL_REWARD} 获得${ICON_HONOR6}.<br>选择至多三 战利品怪物从虚空区和 放置它们进入战场置于你的控制下.
K	EFFECT_NEOPHYTEMENTOR	抽一张牌。<br>本回合你打出的下一张秘教士或重装步兵视为你选择的一个派系。
K	EFFECT_NETHERSNARE	每回合一次，若此牌下没有怪物，你可以将中央牌列的一个怪物置于其下。 你可以击败怪物其下此 视为在中央牌列. 若此 离开打出, 放置任意怪物其下此 在顶部的 传送门牌库.
K	EFFECT_NIGHTMARAUDERS	${LABEL_REWARD} 获得${ICON_HONOR1} 和 ${ICON_INSIGHT1}.
K	EFFECT_NIGHTMAREDELVER	获得${ICON_RUNE2}.<br>若你控制两件或更多神器， 你可以从你的弃牌堆放逐一张卡牌.
K	EFFECT_NIGHTMAREHARVESTER	获得${ICON_POWER4}. 你可以支付 ${ICON_INSIGHT1} 以获得${ICON_RUNE4} 改为.
K	EFFECT_NIGHTMARESENTINEL	获得${ICON_POWER2}.<br>本回合下次你在中央牌列击败怪物时, 你可以从你的手牌或弃牌堆放逐一张卡牌.
K	EFFECT_NIGHTMARETYRANT	${LABEL_REWARD} 获得${ICON_HONOR5}. 从你的梦境获取一张卡牌无需支付费用.
K	EFFECT_NIHILBOMBER	抽一张牌. 你可以从你的手牌或弃牌堆放逐一张卡牌. 若如此做，获得${ICON_INSIGHT1}.
K	EFFECT_NIHILCHEMIST	获得${ICON_POWER1}. 你可以从你的手牌或弃牌堆放逐一张卡牌.<br>你可以支付 ${ICON_INSIGHT2} 以 <b>再次发生</b>. <i>(获得效果列出的额外的次. 你可以只再次发生一次.)</i>
K	EFFECT_NIHILMANCER	获得${ICON_POWER2}.<br>你可以从你的手牌放逐一张卡牌. 若如此做，获得额外的 ${ICON_POWER1}.
K	EFFECT_NIHILMANCERETER	获得${ICON_POWER2}.<br>你可以从你的手牌放逐一张卡牌. 若如此做，获得额外的 ${ICON_POWER1}.
K	EFFECT_NILHAMMER	${LABEL_ECHO} 每回合一次，获得${ICON_POWER3}. <i>(获得此效果若 存在虚空卡牌在你的弃牌堆.)</i>
K	EFFECT_NILIATHESHATTERED	${LABEL_REWARD} 获得${ICON_HONOR5}. 从对手手牌中随机拿取一张牌，加入你的手牌.<br>${LABEL_DREAMBIND} ${ICON_INSIGHT7}.
K	EFFECT_NILUSTHEDESPAIR	${LABEL_REWARD} 获得${ICON_HONOR7}. 获取顶部三 卡牌的 梦牌库无需支付其费用.
K	EFFECT_NINE	获得${ICON_RUNE2}.<br>当你打出机械神器, 你可以将此牌返回从 你的弃牌堆以 你的手牌. <i>(卡牌打出过在期间你的回合不 进入以 你的弃牌堆直到结束时回合.)</i>
K	EFFECT_NOCTURNALSEER	抽一张牌.<br>你可以少支付 ${ICON_RUNE1}下次你获取梦生卡牌本回合.
K	EFFECT_NOMTRIBEGREMLIN	${LABEL_REWARD} 获得${ICON_HONOR1}.<br>${LABEL_INFEST} 当你击败诺姆部落小妖, 你可以将其放入一名玩家的弃牌堆.<br>当你打出诺姆部落小妖, 你可以将其放入另一一名玩家的弃牌堆.
K	EFFECT_NOOKHOUND	查看你牌库顶的卡牌. 你可以将其放入你的弃牌堆. 抽一张牌.
K	EFFECT_NOTHINGMAN	${LABEL_REWARD} 获得${ICON_HONOR3}.
K	EFFECT_NOVABORNOFCHAOS	${LABEL_REWARD} 所有玩家将所有荣誉指示物归还荣誉池。若本轮游戏将结束，则不结束。<br>获得 ${ICON_HONOR10}。
K	EFFECT_NOXIOUSSOUL	${LABEL_REWARD} 获得${ICON_HONOR4}. 每位对手须弃一张牌随机从其手牌.
K	EFFECT_NYXIANCORRUPTOR	获得${ICON_POWER3}.<br>你可以花费 ${ICON_RUNE} 视为 ${ICON_POWER} 本回合.
K	EFFECT_NYXIANRITUALIST	获得${ICON_POWER3} 和 ${ICON_ENERGY3}.
K	EFFECT_NYXIANSPIRITCASTER	获得${ICON_ENERGY3}.<br>抽一张牌.
K	EFFECT_OAKOFSOULS	${LABEL_REWARD} 获得${ICON_HONOR3}. 掷谵妄骰。
K	EFFECT_OBFUSCASPIRIT	${LABEL_REWARD} 获得${ICON_HONOR4}. 选择一名对手以 弃一张牌随机从其手牌.<br>${LABEL_DREAMBIND} ${ICON_INSIGHT4}.
K	EFFECT_OBLIVIONBLOSSOMS	每回合一次，获得${ICON_POWER1}.<br>每回合一次，若你 拥有被放逐卡牌, 获得${ICON_HONOR1}.
K	EFFECT_OGOCOURIER	获得${ICON_RUNE2}.<br>下次你获取一个英雄在中央牌列, ${LABEL_RALLY_LIFEBOUND}.
K	EFFECT_OGODEMONTRAP	每回合一次，获得${ICON_POWER1}.
K	EFFECT_OGORISING	首先英雄本回合已打出为 也命约英雄.<br>${LABEL_EVENT_TROPHY} 获得${ICON_RUNE1}.
K	EFFECT_OGOWARTREE	每回合一次，当你获取一个英雄在中央牌列, 你可以将它放置放到你的牌库顶.
K	EFFECT_OMINOUSAUGUR	获取一个英雄或 神器以 费用 ${ICON_RUNE5} 或更低无需支付费用.<br>${LABEL_SERENITY} 放置所获取的卡牌在你的手牌中. <i>(获得此效果若 那里为 没有卡牌在你的弃牌堆.)</i>
K	EFFECT_OMNICRON	每回合一次，获得${ICON_ENERGY1} 你控制的每件机械神器.
K	EFFECT_ORASTHEREDEEMER	获得${ICON_RUNE4}.<br>每位次 你获取一个英雄从中央牌列本回合, 获得${ICON_HONOR} 等同于 其 ${ICON_HONOR} 值.
K	EFFECT_ORBOFNYX	每回合一次，获得${ICON_POWER3}.<br>当你在中央牌列击败一个怪物, 获得灵魂宝石.
K	EFFECT_ORDEROFTHEGEAR	若你控制四件或更多神器, 你可以无需支付费用获取此牌.<br>${LABEL_ONGOING} 你的机械英雄改为视为神器. 你可以每回合使用其异能一次.
K	EFFECT_OTHERWORLDLYGUIDE	抽两张牌.
K	EFFECT_OVERHAULCLERIC	当你获取此牌时，${LABEL_RALLY_MECHANA}.<br>获得${ICON_RUNE2}.<br>若你控制两件或更多神器， 获得额外的 ${ICON_RUNE1}.
K	EFFECT_OXIPEDE	${LABEL_REWARD} 获得${ICON_HONOR2}.
K	EFFECT_OZIAHJUDGEOFLOGOS	当此牌在中央牌列, 若你本回合已获得 ${ICON_ENERGY7} 或更多，你可以无需支付费用获取此牌.<br>无需支付费用击败中央牌列的所有怪物.
K	EFFECT_OZIAHSFAMILIAR	击败一个怪物以 费用 ${ICON_POWER4} 或更低无需支付费用.<br>${LABEL_MULTIUNITE} 重复此效果.
K	EFFECT_OZIAHTHEPEERLESS	击败一个战力值不高于6的怪物。
K	EFFECT_OZIAHTHEPEERLESS10TH	击败一个怪物该 具有${ICON_POWER6} 或更低无需支付费用.
K	EFFECT_OZIAHTHEPEERLESSETER	击败一个怪物以 费用 ${ICON_POWER6} 或更低无需支付费用.
K	EFFECT_PACKLEADER	当你获取此牌时，${LABEL_RALLY_LIFEBOUND}.<br>获得${ICON_RUNE2}.<br>你可以花费 ${ICON_RUNE} 视为 ${ICON_POWER} 以击败命约怪物本回合.
K	EFFECT_PASYTHEASCUTLASS	此神器视为所有派系.<br>当你打出此, 获得${ICON_POWER2}.<br>帕西提亚费用为你 ${ICON_INSIGHT4} 更低以 获取.
K	EFFECT_PASYTHEASKATANA	此神器视为所有派系.<br>当你打出此, 抽一张牌.<br>帕西提亚费用为你 ${ICON_INSIGHT4} 更低以 获取.
K	EFFECT_PASYTHEASMACE	此神器视为所有派系.<br>当你打出此, 获得${ICON_RUNE2}.<br>帕西提亚费用为你 ${ICON_INSIGHT4} 更低以 获取.
K	EFFECT_PASYTHEASSCIMITAR	此神器视为所有派系.<br>当你打出此, 获得${ICON_HONOR2}.<br>帕西提亚费用为你 ${ICON_INSIGHT4} 更低以 获取.
K	EFFECT_PASYTHEASWARD	每回合一次，获得${ICON_INSIGHT1}.
K	EFFECT_PASYTHEATHEAEGIS	此英雄视为所有派系.<br>获得${ICON_RUNE3}, ${ICON_POWER3}, 和 ${ICON_HONOR3}.<br>若你控制的帕西提亚的守护, 你可以无需支付费用获取此牌和 将其放入你的手牌.
K	EFFECT_PASYTHEATHEREDEEMED	此英雄视为所有派系。<br>当你获取此牌时，它直接进入你的手牌。<br>获得 ${ICON_RUNE2}、${ICON_POWER2}、${ICON_HONOR2} 并抽一张牌。
K	EFFECT_PATHFINDERSTOTEM	${LABEL_UNITE} 每回合一次，获得${ICON_RUNE1}. <i>(获得此效果若 你已打出命约英雄本回合.)</i>
K	EFFECT_PATHSEEKERSENSEI	击败一个怪物的 ${ICON_POWER4} 或更低无需支付费用.
K	EFFECT_PATHWARDEN	获得${ICON_RUNE2}.<br>你可以花费 ${ICON_RUNE} 视为 ${ICON_POWER} 本回合.
K	EFFECT_PATIENTASSASSIN	获得${ICON_POWER2}.<br>若存在虚空卡牌在你的弃牌堆, 获得额外的 ${ICON_POWER1}.
K	EFFECT_PENUMBRALEDGE	每回合一次，获得${ICON_POWER2}. 获得额外的 ${ICON_POWER2} 若你控制的暗影刃锋.
K	EFFECT_PENUMBRALEDGEETER	每回合一次，获得${ICON_POWER2}. 获得额外的 ${ICON_POWER2} 若你控制的暗影刃锋.
K	EFFECT_PERSONALWORMHOLE	每回合一次，当你打出机械神器 (包括此牌), 你可以从你的手牌或弃牌堆放逐一张卡牌.
K	EFFECT_PHASEFIEND	${LABEL_REWARD} 获得${ICON_HONOR1}. 你可以从你的手牌或弃牌堆放逐一张卡牌.
K	EFFECT_PHASEFIENDETER	${LABEL_REWARD} 获得${ICON_HONOR1}. 你可以从你的手牌或弃牌堆放逐一张卡牌.
K	EFFECT_PIERCINGEYE	每回合一次，若你 拥有被在中央牌列击败怪物, 你可以抽一张牌.
K	EFFECT_PIERCINGEYEETER	每回合一次，若你 拥有被在中央牌列击败怪物, 你可以抽一张牌.
K	EFFECT_PILLAROFRESOLVE	每回合一次，若你已打出秘教士和 重装步兵, 抽两张牌.
K	EFFECT_PLANARAPERTURE	当你获取机械神器, 你可以支付 ${ICON_INSIGHT1} 以将其直接进入战场.
K	EFFECT_PLASMACANNON	每回合一次，若你控制的四 或更高机械神器, 你可以获取或击败中央牌列的任意卡牌无需支付费用.
K	EFFECT_PLASMACANNONETER	每回合一次，若你控制的四 或更高机械神器, 你可以获取或击败中央牌列的任意卡牌无需支付费用.
K	EFFECT_PLUNDERDEVIL	${LABEL_REWARD} 获得${ICON_HONOR5}. 你可以获取一个英雄或 神器以 费用 ${ICON_RUNE3} 或更低无需支付费用.
K	EFFECT_POLARISDEMON	${LABEL_REWARD} 获得${ICON_HONOR5}. 选择一项：摧毁所有偶数费用神器对手控制或 摧毁所有奇数费用神器对手控制.
K	EFFECT_POLLENPIXIE	获得${ICON_RUNE2} 和 ${ICON_HONOR1}.
K	EFFECT_PORTABILLET	每回合一次，当你打出机械神器 (包括此牌), 抽一张牌.
K	EFFECT_PORTAL	此牌视为任意创升纪元扩展传送门牌库中可能出现的任意英雄或神器。
K	EFFECT_PORTALNINJA	获得${ICON_RUNE2}.<br>${LABEL_UNITE} 你可以放逐一张本回合已打出的卡牌.
K	EFFECT_POTOFGOLD	当你打出此, 抽一张牌. 当你打出小矮妖, 获得${ICON_HONOR1}.
K	EFFECT_PREMONITIONBELL	你可以摧毁此 以复制英雄的效果：在中央牌列以 费用 ${ICON_RUNE5} 或更低.
K	EFFECT_PRIME	获取一个神器或 获得${ICON_RUNE3}.<br>当你打出机械神器, 你可以将此牌返回从 你的弃牌堆以 你的手牌. <i>(卡牌本回合已打出不 进入以 你的弃牌堆直到结束时回合.)</i>
K	EFFECT_PRIMEDIRECTIVE	若你控制八件或更多机械神器，你获胜。
K	EFFECT_PROCESSINGHUB	每回合一次，若你控制的三 或更高机械神器, 获得${ICON_RUNE2}.
K	EFFECT_PROCESSINGHUBETER	每回合一次，若你控制的三 或更高机械神器, 获得${ICON_RUNE2}.
K	EFFECT_PRODIGAL	击败一个怪物以 ${ICON_POWER3} 或更低.<br><i>(你无需支付 ${ICON_POWER}.)</i>
K	EFFECT_PROJECTALPHA	每回合一次，你可以获取一个英雄或 神器以 ${ICON_RUNE} 费用低于或 等同于 数量为机械神器你控制的.
K	EFFECT_PROSPECTORSCOUT	获得${ICON_RUNE2}.<br>下次你获取中央牌列的神器本回合, ${LABEL_RALLY_MECHANA}.
K	EFFECT_PROTEANSEASLUG	${LABEL_REWARD} 获得${ICON_HONOR5}. 每位对手摧毁所有神器其控制的.
K	EFFECT_PROTEANSEASLUGETER	${LABEL_REWARD} 获得${ICON_HONOR5}. 每位对手摧毁所有神器其控制的.
K	EFFECT_PSIONICMONK	抽 2 卡牌.<br>获得${ICON_HONOR1} 你控制的每个派系在神器之中.
K	EFFECT_PSYCHEASKARA	复制效果的 本回合已打出的英雄或 怪物奖励你 拥有已获得本回合.
K	EFFECT_PSYCHICAMULET	每回合一次，当你打出机械或 圣贤神器 (包括此牌), 抽一张牌.
K	EFFECT_PSYONICAPPRENTICE	当此牌在你的手牌中, 你可以支付 ${ICON_INSIGHT7} 以转化它 置入心灵圣骑士.<br>击败一个怪物以 费用 ${ICON_POWER4} 或更低无需支付费用.
K	EFFECT_PSYONICPALADIN	在中央牌列击败一个怪物无需支付费用.
K	EFFECT_PUGGAGEDDON	${LABEL_REWARD} 获得${ICON_HONOR2}. 放置此 置入另一一名玩家的弃牌堆. <br><br>当此 为打出过从你的手牌, 获得${ICON_HONOR1} 和将其放入另一一名玩家的弃牌堆.
K	EFFECT_PUPPETMASTER	${LABEL_REWARD} 获得${ICON_HONOR4}. 拿取${ICON_INSIGHT1} 从每位对手.
K	EFFECT_QADIMSTALKER	获得${ICON_RUNE2} 和 ${ICON_POWER2}.<br>${LABEL_UNITE} 获得${ICON_HONOR2}.
K	EFFECT_RADIANTASPIRANT	赋力 <i>(当你获取此牌时，你可以放逐一张已打出的卡牌本回合.)</i><br>抽一张牌.
K	EFFECT_RAGINGURSINE	${LABEL_REWARD} 获得${ICON_HONOR3}.
K	EFFECT_RAIYNARIFTWALKER	获得 ${ICON_POWER4}。<br>本回合下次你在中央牌列击败怪物时，获得其非荣誉奖励两次。
K	EFFECT_RAJPSIONICMASTER	放逐一个英雄在你的手牌中. 若如此做，获取一个英雄以 ${ICON_HONOR} 至多两 超过该 的被放逐卡牌和 将其放入你的手牌. <i>(卡牌以 没有荣誉值 为视为以 是价值为 ${ICON_HONOR0}.)</i>
K	EFFECT_RAKADREAMTENDER	获得${ICON_HONOR5}.<br>将一张卡牌加入你的梦境.
K	EFFECT_RAKARCORRUPTASKARA	${LABEL_REWARD} 获得${ICON_HONOR6}. 加入梦缚怪物在 虚空区以 你的手牌.
K	EFFECT_RANDALLUMBRALSAGE	获得${ICON_POWER3}.<br>放置所有卡牌从 你的牌库置入你的弃牌堆, 然后返回虚空卡牌在你的弃牌堆以 你的手牌.
K	EFFECT_RATKING	${LABEL_REWARD} 获得 ${ICON_HONOR4}，并击败中央牌列的所有巨鼠。
K	EFFECT_RAVENOUSGORPH	${LABEL_REWARD} 获得${ICON_HONOR3}. 你可以放逐一张卡牌该 曾是相邻以 此.
K	EFFECT_RAVENSIREN	获得${ICON_RUNE1}.
K	EFFECT_REACTORMONK	获得2符文。你本回合下一张获取的神器费用减少1符文。
K	EFFECT_REACTORMONK10TH	获得${ICON_RUNE2}.<br>你少支付 ${ICON_RUNE1}下次你获取神器本回合.
K	EFFECT_REALITYSCULPTOR	复制英雄的效果：本回合已打出以 费用 ${ICON_RUNE3} 或更低.
K	EFFECT_RECKLESSEXCAVATOR	每回合一次，当你打出机械神器 (包括此牌), 获得${ICON_LIFE} 或 ${ICON_DEATH}.
K	EFFECT_RECLAMAX	你可以弃掉回收机从战场以 获取机械神器在 虚空区视为在 中央牌列.
K	EFFECT_RECYCLICRAB	当你打出机械神器, 若此 为在你的弃牌堆你可以返回它 以你的手牌.
K	EFFECT_REJECTEDPROTOTYPE	${LABEL_REWARD} 获得${ICON_HONOR3}. 你少支付 ${ICON_RUNE3}下次你获取神器本回合.<br>${LABEL_RALLY_MECHANA}.
K	EFFECT_REMNANTOFTHEFALLEN	${LABEL_REWARD} 获得${ICON_HONOR5}. 获得${ICON_RENOWN1} 的每个派系. 你可以获取或 击败任意卡牌在 中央牌列无需支付费用.
K	EFFECT_REMUSPACKGUARDIAN	当此牌在你的手牌中, 若你 拥有已获得 ${ICON_HONOR3} 或更高本回合, 将此牌转化为雷穆斯, 荒野使者.<br>获得${ICON_RUNE3}.
K	EFFECT_REMUSWILDEMISSARY	获得${ICON_RUNE3}.<br>你可以花费 ${ICON_RUNE} 视为 ${ICON_POWER} 本回合.
K	EFFECT_REPLICATIONDRONE	你为 视为以 控制额外的机械神器.
K	EFFECT_REPURPOSER	每回合一次，当你打出机械神器 (包括此牌), 你可以返回神器从 你的弃牌堆以 你的手牌.
K	EFFECT_RESCUEBOT505	当你获取此 和它 为昼, 将其直接进入战场.<br>当你获取机械神器, 将其直接进入战场.
K	EFFECT_RESOURCEFULTRADER	抽一张牌.<br>下次你获取神器本回合, 获得${ICON_DEATH}.
K	EFFECT_REVERIEMUSE	获得 ${ICON_RUNE1}。<br>${LABEL_UNITE} 将你的 ${ICON_RUNE} 翻倍。
K	EFFECT_REYSASTRIAL	中央牌列神器的获取费用降低 ${ICON_RUNE1}（最低 ${ICON_RUNE1}）.<br>支付 ${ICON_RUNE8}: 将此牌转化为锻母雷萨并获取它.
K	EFFECT_RIFTCLAW	每回合一次，获得${ICON_POWER1}.
K	EFFECT_RIFTDRAKERIDER	抽两张牌.<br>你可以放逐至多两 卡牌在你的手牌或弃牌堆.
K	EFFECT_RIFTGATECONJUROR	获得 ${ICON_POWER3}。<br>本回合下次你击败虚空怪物时，额外获得一次其奖励。
K	EFFECT_RIFTWATCHOUTPOST	每回合一次，获得${ICON_POWER1}.<br>你可以摧毁此 以获得${ICON_POWER1}.
K	EFFECT_RIFTWATCHTURRET	每回合一次，获得${ICON_POWER1}.<br>每回合一次，当你打出机械神器 (包括此牌), 获得${ICON_POWER1}.
K	EFFECT_RIGHTEOUSTEMPLAR	击败一个怪物费用为${ICON_POWER4} 或更低无需支付费用.
K	EFFECT_RINGOFLIFE	每回合一次，若你已打出命约英雄，获得 ${ICON_RUNE1}。当生命之戒进入战场时，选择一个派系。你该派系的英雄也视为命约英雄。
K	EFFECT_RISEOFTHECULT	邪教徒和 狂信者拥有+1战力和 其奖励拥有+1荣誉.<br>${LABEL_EVENT_TROPHY} 获得${ICON_HONOR1}.
K	EFFECT_RIVERREAPER	${LABEL_REWARD} 获得${ICON_HONOR6}. 每位对手摧毁只留一个，其余神器其控制的.
K	EFFECT_ROCKETCOURIERX9910TH	每回合一次，当你获取机械神器, 你可以将其放入你的手牌.
K	EFFECT_ROCKETCOURIERX99ETER	每回合一次，当你获取机械神器, 你可以将其放入你的手牌.
K	EFFECT_ROOTSCRYER	展示你牌库顶的卡牌和 将其放入你的手牌. 若它 为圣贤或 命约, 获得${ICON_HONOR3}.
K	EFFECT_RUNICHONISKROT	获得${ICON_RUNE2}.
K	EFFECT_RUNICLYCANTHROPE	获得2符文。若你本回合打出过命约英雄，获得2战力。
K	EFFECT_RUNICLYCANTHROPE10TH	获得${ICON_RUNE2}.<br>${LABEL_UNITE} 若你 打出或已打出命约英雄本回合, 获得${ICON_POWER2}.
K	EFFECT_RUNICLYCANTHROPEETER	获得${ICON_RUNE2}.<br>${LABEL_UNITE} 若你 打出或已打出命约英雄本回合, 获得${ICON_POWER2}.
K	EFFECT_RUSTGREMLIN	${LABEL_REWARD} 获得${ICON_HONOR1}. 抽一张牌.
K	EFFECT_RUTOAKENMASTER	获得${ICON_HONOR3} 和抽一张牌.<br>${LABEL_PLUNDER}每回合一次，若你 获取卡牌和 击败一个怪物, 两者在中央牌列, 获得额外的 ${ICON_HONOR3}.
K	EFFECT_SABLESPARKSISTERS	抽一张牌.<br>获得${ICON_RUNE1}, 然后放逐此牌.
K	EFFECT_SABRETHEMOONLIT	获得${ICON_RUNE1}. 获得${ICON_POWER1}. 获得${ICON_HONOR1}. 抽一张牌.<br>${LABEL_UNITE} 获得${ICON_RUNE1}. 获得${ICON_POWER1}. 获得${ICON_HONOR1}. 抽一张牌.
K	EFFECT_SACREDPOT	${LABEL_SERENITY} 每回合一次，抽一张牌. <i>(获得此效果若 那里为 没有卡牌在你的弃牌堆.)</i>
K	EFFECT_SADISTICGIANT	${LABEL_REWARD} 获得${ICON_HONOR5}.
K	EFFECT_SADRANISDARKEMISSARY	获得${ICON_POWER3}.<br>你可以击败一个怪物在 虚空区视为在中央牌列. 若如此做，将它放置置于其底： 传送门牌库.
K	EFFECT_SADRANISDARKSAVANT	抽两张牌, 然后弃一张牌. 你可以从你的弃牌堆放逐一张卡牌.
K	EFFECT_SALVAGEMASTERMILA	获得${ICON_RUNE4}.<br>你可以放置任意神器你获取本回合直接进入战场.
K	EFFECT_SALVAGEYARD	在你的回合开始时，将此牌收回你的手牌。
K	EFFECT_SAMAELETERNALSINNER	${LABEL_REWARD} 获得${ICON_HONOR6}. 展示顶部三 卡牌的 传送门牌库. 你可以获取或 击败已展示卡牌无需支付费用. 放置其他已展示卡牌置入虚空区.
K	EFFECT_SAMAELSTRICKSTER	奖励：获得1荣誉。获得1符文。
K	EFFECT_SAMAELSTRICKSTER10TH	${LABEL_REWARD} 获得${ICON_HONOR2} 和 ${ICON_RUNE1}.
K	EFFECT_SAMAELTHEFALLEN	不可放逐。
K	EFFECT_SCAVENGERANTS	${LABEL_REWARD} 获得${ICON_HONOR4}.
K	EFFECT_SCIONOFCETRA	获得${ICON_RUNE2} 和 ${ICON_HONOR2}.
K	EFFECT_SCIONOFEMRI	获得${ICON_POWER3}.<br>你可以从你的弃牌堆放逐一张卡牌.
K	EFFECT_SCIONOFEULOTH	获得${ICON_RUNE2} 和 ${ICON_POWER2}.
K	EFFECT_SCIONOFOZIAH	击败一个怪物以 费用 ${ICON_POWER5} 或更低无需支付费用.
K	EFFECT_SCRABBLINGSQUAD	获得${ICON_RUNE2} 和 ${ICON_POWER2}.
K	EFFECT_SCRAPBOTSCRAPPER	获得${ICON_POWER2}. 你可以返回神器你控制的以 你的手牌.
K	EFFECT_SCRAPFLINGER	获得${ICON_POWER2}.<br>你可以摧毁一个神器你控制的. 若如此做，获得额外的 ${ICON_POWER2}.
K	EFFECT_SCRAPSCRABBLER	获得${ICON_RUNE1} 和 ${ICON_POWER1}.
K	EFFECT_SCRAPWEAVER	抽一张牌.<br>你可以放置下一神器你 获取本回合直接进入战场.
K	EFFECT_SCRYEROFTHELIDLESSEYE	抽两张牌, 然后弃一张牌. 若已弃一张牌为 圣贤, 返回它 以你的手牌.
K	EFFECT_SEARINGASKARA	放逐中央牌列的一张卡牌. 然后你可以获取卡牌以 费用 ${ICON_RUNE3} 或更低无需支付费用.
K	EFFECT_SEATYRANT	奖励：获得5荣誉。每位对手须选择一张其控制的神器，将其余神器置入弃牌堆。
K	EFFECT_SEATYRANT10TH	${LABEL_REWARD} 获得${ICON_HONOR5}. 若对手拥有超过一 神器, 该玩家须摧毁只留一个，其余神器其控制的.
K	EFFECT_SECLUDEDLABORATORY	若你打出过两 或更高机械英雄本回合, 将此牌转化为零 点反应堆.
K	EFFECT_SEEDOFTHEWORLD	每回合一次，当你获取一个英雄在 中央牌列, 获得${ICON_HONOR} 等同于 其 ${ICON_HONOR} 值.
K	EFFECT_SEEROFDAYSPAST	当你获取此牌时，${LABEL_RALLY_ENLIGHTENED}.<br>抽一张牌. 若你 拥有${ICON_REPUTATION8} 或更高, 额外抽一张牌.
K	EFFECT_SEEROFTHEFORKEDPATH	抽一张牌。然后你可以放逐中央牌列中的一张卡牌。
K	EFFECT_SEEROFTHEFORKEDPATH10TH	抽一张牌. 你可以放逐中央牌列的一张卡牌.
K	EFFECT_SERENEASCETIC	当你获取此牌时，你可以将它放置放到你的牌库顶.<br>抽两张牌.
K	EFFECT_SERPENTCALL	每回合一次，获得${ICON_RUNE2}.<br>每回合一次，你可以获取一个英雄在 虚空区视为在中央牌列.
K	EFFECT_SERPENTSIREN	${LABEL_REWARD} 获得${ICON_HONOR1}.
K	EFFECT_SHADEASKARA	获得${ICON_POWER3}.<br>若你 拥有圣贤或 虚空卡牌在你的弃牌堆, 抽一张牌.
K	EFFECT_SHADECONVERTER	若你控制的三 或更高机械神器, 你可以视为你的回合作为昼.
K	EFFECT_SHADEFEATHER	获得${ICON_POWER1}. 你可以从你的手牌或弃牌堆放逐一张卡牌.
K	EFFECT_SHADEOFSADRANIS	获得${ICON_POWER4}.
K	EFFECT_SHADEOFTHEBLACKWATCH	获得2战力。你可以放逐一张手牌或弃牌堆中的卡牌。
K	EFFECT_SHADEOFTHEBLACKWATCH10TH	获得${ICON_POWER2}.<br>你可以从你的手牌或弃牌堆放逐一张卡牌.
K	EFFECT_SHADESBARGAIN	每回合一次，若你已打出两 或更高虚空卡牌 (包括此牌), 获得${ICON_POWER2}.
K	EFFECT_SHADEVIPER	${LABEL_REWARD} 获得${ICON_HONOR2}.
K	EFFECT_SHADOWARBITER	抽一张牌. 你可以从你的手牌放逐一张卡牌以 获得${ICON_POWER2}.
K	EFFECT_SHADOWBLADESENTRY	获得${ICON_POWER3}.<br>${LABEL_ECHO} 若存在虚空卡牌在你的弃牌堆, 抽一张牌.
K	EFFECT_SHADOWCASTER	抽一张牌. 你可以从你的手牌放逐一张卡牌. 若如此做，额外抽一张牌. 若当前事件为 虚空, 你可以也从你的弃牌堆放逐一张卡牌.
K	EFFECT_SHADOWELEMENTAL	获得${ICON_POWER2}.<br>若此 为被放逐从 任意处在期间你的回合, 获得${ICON_POWER2}.
K	EFFECT_SHADOWMENDER	获得${ICON_POWER3}.
K	EFFECT_SHADOWRIDGESCOUT	获得${ICON_POWER2}.<br>${LABEL_ECHO} 获得${ICON_DEATH}. <i>(获得此效果若 存在虚空卡牌在你的弃牌堆.)</i>
K	EFFECT_SHADOWSTALKER	你可以从你的弃牌堆放逐一张卡牌.<br>抽一张牌.
K	EFFECT_SHADOWSTAR	每回合一次，获得1战力。
K	EFFECT_SHADOWSTAR10TH	每回合一次，获得${ICON_POWER1}.
K	EFFECT_SHADOWSTARETER	每回合一次，获得${ICON_POWER1}.
K	EFFECT_SHARDFINDERCOMPASS	你可以放逐此牌以获取所有的 宝藏s在中央牌列.
K	EFFECT_SHARDWINGBEETLE	${LABEL_REWARD} 获得${ICON_HONOR3}.<br>当你击败此, 你可以支付 ${ICON_RUNE3} 以获得额外的 ${ICON_HONOR3}.
K	EFFECT_SHEPHERDOFTHELOST	获得${ICON_RUNE2}.<br>若此 为被放逐从你的手牌或 弃牌堆, 获得${ICON_HONOR5}.
K	EFFECT_SHIELDBEARER	抽一张牌.<br>你可以从你的手牌或弃牌堆放逐一张卡牌.
K	EFFECT_SHRINEATTENDANT	加入秘教士或 重装步兵以 你的手牌.
K	EFFECT_SIEGEMASTERSRAM	每回合一次，当你打出机械神器 (包括此牌) 或若 你控制的神殿, 获得${ICON_POWER2}.
K	EFFECT_SILENCEDPROPHET	抽一张牌.<br>放置你牌库顶的卡牌置入你的弃牌堆, 然后你可以从你的手牌或弃牌堆放逐一张卡牌.
K	EFFECT_SIREWOODELDER	获得${ICON_RUNE2}.<br>${LABEL_UNITE} 抽一张牌.
K	EFFECT_SISTEROFTHEWIND	放逐姐妹的 风和 卡牌在你的手牌中. 若如此做，加入秘教士和/或重装步兵以 你的手牌.
K	EFFECT_SKYROCKETDRONE	获得${ICON_RUNE1} 和额外的 ${ICON_RUNE1} 若你控制的神器.
K	EFFECT_SMOKETYRANT	${LABEL_REWARD} 获得${ICON_HONOR4}. 放逐顶部七张卡牌的 传送门牌库. 放置所有宝藏s被放逐以此方式其下此.
K	EFFECT_SNAKESHAMAN	获得${ICON_RUNE1}. 若当前事件为 生命, 获得额外的 ${ICON_RUNE1}.<br>本回合一次, 你可以花费至多 ${ICON_RUNE4} 以获得该等量的 ${ICON_HONOR}.
K	EFFECT_SNAPDRAGON	每回合一次，获得1符文。每回合你首次打出命约英雄时，获得1荣誉。
K	EFFECT_SNAPDRAGON10TH	每回合一次，获得${ICON_RUNE1}.<br>${LABEL_UNITE} 每回合一次，若你已打出命约英雄, 获得${ICON_HONOR1}.
K	EFFECT_SNAPDRAGONWITCH	获得${ICON_HONOR1}.<br>抽一张牌.<br>若你 拥有更多 ${ICON_HONOR} 于每个其他玩家, 额外抽一张牌.
K	EFFECT_SNOWSTRIDERLYCAN	获得${ICON_RUNE1}, ${ICON_HONOR1}, ${ICON_POWER1}, 和抽一张牌.
K	EFFECT_SOCKETALTAR	每回合一次，当你 放置机械神器进入战场 (包括此牌), 获得${ICON_RUNE2}.
K	EFFECT_SOLARSENTRY	获得${ICON_RUNE2}.
K	EFFECT_SONNYLIGHTWIELDER	赋力 <i>(当你获取此牌时，你可以放逐一张已打出的卡牌本回合.)</i><br>击败一个怪物无需支付费用. 若该 怪物会 进入以 虚空区, 你可以将其放入一名玩家的弃牌堆改为.
K	EFFECT_SORDIDASP	${LABEL_REWARD} 获得${ICON_HONOR1}, 然后偷取 ${ICON_HONOR2} 从对手以 最多的 ${ICON_HONOR} 若其拥有超过你.
K	EFFECT_SOULASSASSIN	获得${ICON_POWER2}.<br>本回合下次你在中央牌列击败怪物时, 获得${ICON_RUNE2}.
K	EFFECT_SOULCOLLECTOR	每回合一次，若你已在中央牌列击败怪物，在此牌上放置一枚灵魂指示物。<br>每回合一次，获得等同于此牌上灵魂指示物数量的 ${ICON_POWER}。
K	EFFECT_SOULGEMARBITEROFFATE	抽一张牌.<br>你可以从你的手牌或弃牌堆放逐一张卡牌.
K	EFFECT_SOULGEMARHAINITIATE	抽一张牌.
K	EFFECT_SOULGEMARHATEMPLAR	击败一个怪物该 具有${ICON_POWER4} 或更低无需支付费用.
K	EFFECT_SOULGEMASCETICOFTHELIDLESSEYE	抽两张牌.
K	EFFECT_SOULGEMASKARAOFFATE	抽两张牌. 每位其他玩家可以抽一张牌. 然后你可以放逐中央牌列的一张卡牌.
K	EFFECT_SOULGEMAVATARGOLEM	获得${ICON_POWER2}.<br>获得${ICON_HONOR1} 你控制的每个派系在神器之中.
K	EFFECT_SOULGEMDEMONSLAYER	获得${ICON_POWER3}.
K	EFFECT_SOULGEMDIMENSIONDIVER	获得${ICON_RUNE2}.<br>你可以将所有神器作为机械神器本回合.
K	EFFECT_SOULGEMDRUIDSOFTHESTONECIRCLE	获取一个英雄费用为${ICON_RUNE3} 或更低无需支付费用. 将它放到你的牌库顶.
K	EFFECT_SOULGEMGREATOMENRAVEN	命名卡牌. 展示你牌库顶的卡牌和 将其放入你的手牌. 若它 为被命名为卡牌, 获得${ICON_HONOR3}.
K	EFFECT_SOULGEMLANDTALKER	获得${ICON_RUNE3}.
K	EFFECT_SOULGEMLIFEBOUNDINITIATE	获得${ICON_RUNE1} 和 ${ICON_HONOR1}.
K	EFFECT_SOULGEMMASTERDHARTHA	抽三张牌.
K	EFFECT_SOULGEMMECHANAINITIATE	获得${ICON_RUNE1} 或 ${ICON_POWER1}.
K	EFFECT_SOULGEMREACTORMONK	获得${ICON_RUNE2}.<br>你少支付 ${ICON_RUNE1}下次你获取神器本回合.
K	EFFECT_SOULGEMRUNICLYCANTHROPE	获得${ICON_RUNE2}.<br>若你打出过命约英雄本回合, 获得${ICON_POWER2}.
K	EFFECT_SOULGEMSEEROFTHEFORKEDPATH	抽一张牌. 你可以放逐中央牌列的一张卡牌.
K	EFFECT_SOULGEMSHADEOFTHEBLACKWATCH	获得${ICON_POWER2}.<br>你可以从你的手牌或弃牌堆放逐一张卡牌.
K	EFFECT_SOULGEMSPIKEVIXEN	获得${ICON_POWER1}.<br>抽一张牌.
K	EFFECT_SOULGEMVOIDINITIATE	获得${ICON_RUNE1}.<br>你可以从你的手牌或弃牌堆放逐一张卡牌.
K	EFFECT_SOULGEMWOLFSHAMAN	获得${ICON_RUNE1}.<br>抽一张牌.
K	EFFECT_SOULSHAPER	你可以放逐此牌或 另一卡牌在你的手牌中. 若如此做，获得灵魂宝石. 若当前事件为 虚空, 你可以从你的弃牌堆放逐一张卡牌以 获得灵魂宝石改为.
K	EFFECT_SOULSNAREHUNTER	获得${ICON_POWER2}.<br>本回合下次你在中央牌列击败怪物时, 获得${ICON_LIFE}.
K	EFFECT_SOULSUNBOUND	中央牌列的怪物不可放逐.<br>${LABEL_EVENT_TROPHY} 弃一张牌. 若如此做，获得灵魂宝石.
K	EFFECT_SOWEROFBETRAYAL	${LABEL_REWARD} 获得${ICON_HONOR3}. 命名派系. 获得额外的 ${ICON_HONOR2} 以每个英雄的 该派系你 已打出本回合.
K	EFFECT_SOWEROFDISCONTENT	${LABEL_REWARD} 获得${ICON_HONOR2}. 命名派系. 获得额外的 ${ICON_HONOR1} 以每个英雄的 该派系你 已打出本回合.
K	EFFECT_SPARKBUG	每回合一次，若你已打出两 或更高机械卡牌 (包括此牌), 获得${ICON_RUNE2}.
K	EFFECT_SPARKSPRAYER	每回合一次，你可以摧毁机械神器你控制的以 获得${ICON_POWER1}. 若当前事件为 机械, 获得额外的 ${ICON_POWER1}.
K	EFFECT_SPIDERWITCH	获得${ICON_HONOR2}.<br>${LABEL_UNITE} 获得灵魂宝石. <i>(获得此效果一次若 你打出或已打出另一命约英雄本回合.)</i>
K	EFFECT_SPIKEVIXEN	获得1战力。抽一张牌。
K	EFFECT_SPIKEVIXEN10TH	获得${ICON_POWER1}. 抽一张牌.
K	EFFECT_SPIKEVIXENETER	获得${ICON_POWER1}.<br>抽一张牌.
K	EFFECT_SPIKEVIXENRU	获得${ICON_POWER1}.<br>抽一张牌.
K	EFFECT_SPIREOFINSIGHT	每回合一次，若你控制的四 或更高机械神器, 你可以抽两张牌.
K	EFFECT_SPIREOFTHEWIND	每回合一次，你可以弃一张牌从你的手牌以 抽一张牌.<br>若它 为秘教士或 重装步兵, 抽 2 卡牌改为.
K	EFFECT_SPIRITMERCHANT	获得${ICON_ENERGY1}.<br>你可以从你的手牌或弃牌堆放逐一张卡牌.
K	EFFECT_SPIRITOFTHEANCIENTS	选择命约英雄从 任意创升纪元扩展该 尚未被选择此 游戏. 复制效果的 所选英雄.
K	EFFECT_SPITEFULGLADIATOR	获得${ICON_POWER2}.<br>${LABEL_ECHO} 获得额外的 ${ICON_POWER2}. <i>(获得此效果若 存在虚空卡牌在你的弃牌堆.)</i>
K	EFFECT_STALKTHESHADOWS	此回合你可以击败怪物在 虚空区视为在中央牌列.
K	EFFECT_STARCALLERLEOTAN	获得${ICON_HONOR4}.
K	EFFECT_STARCHILD	获得${ICON_RUNE1} 和 ${ICON_HONOR1}.<br>抽一张牌.
K	EFFECT_STARLIGHTSANCTUM	每回合一次，获得 ${ICON_RUNE2}。<br>每回合一次，当你获取中央牌列的一张英雄时，你可以无需支付费用再获取一张费用相等或更低的英雄。
K	EFFECT_STARVEDABOMINATION	${LABEL_REWARD} 获得${ICON_HONOR3}. 获得${ICON_LIFE}.
K	EFFECT_STATICELEMENTAL	${LABEL_REWARD} 获得${ICON_HONOR5}. 每位对手放置所有神器其控制的在 顶部的 其牌库在 随机秩序.
K	EFFECT_STEELWEAVER	获得${ICON_RUNE1}. 本回合一次, 当你获取神器, 将其直接进入战场.<br>你可以支付 ${ICON_INSIGHT1} 以 <b>再次发生</b>. <i>(获得效果列出的上方额外的次. 你可以只再次发生一次.)</i>
K	EFFECT_STONEARTIFICERS	获得${ICON_RUNE2}. 你可以放置下一神器你 获取本回合直接进入战场.
K	EFFECT_STONEBLADETEMPLAR	展示和 放逐顶部卡牌的 传送门牌库. 若其 派系为:<br><b>圣贤:</b> 抽两张牌.<br><b>生命:</b> 获得${ICON_HONOR3}.<br><b>机械:</b> 获得${ICON_RUNE2}.<br><b>虚空:</b> 获得${ICON_POWER2}.<br><b>无派系：</b> 选择一 的效果上方.
K	EFFECT_STONECIRCLE	每回合一次，当你获取一个英雄, 你可以将它放置放到你的牌库顶.
K	EFFECT_STONECIRCLEELDER	获取一个英雄费用为${ICON_RUNE5} 或更低无需支付费用. 将它放置放到你的牌库顶. 若当前事件为 生命, 抽一张牌.
K	EFFECT_STORMSMITHANVIL	每回合一次，当你打出机械神器 (包括此牌) 或若 你控制的神殿, 获得${ICON_RUNE1}.
K	EFFECT_SUNSTREAKCOURIER	获得${ICON_RUNE1} 和 ${ICON_POWER1}.
K	EFFECT_SURESHOTTRACKER	获得${ICON_POWER2}.<br>若你 打出或已打出闪光追踪者本回合, 抽一张牌.
K	EFFECT_SURGEPROTECTOR	选择一项：获取一个神器以 费用 ${ICON_RUNE5} 或更低无需支付费用, 或击败一个怪物以 费用 ${ICON_POWER5} 或更低无需支付费用.
K	EFFECT_SURYALIGHTSSWORD	在中央牌列击败一个怪物无需支付费用. 若它 费用 ${ICON_POWER7} 或更高, 拿取额外回合在此之后.
K	EFFECT_SYNAPSESPIRE	每回合一次，当你打出机械神器 (包括此牌), 将一张卡牌加入你的梦境.
K	EFFECT_SYNCHRONIZER	每回合一次，当你打出机械神器 (包括此牌), 获得${ICON_RUNE1}.
K	EFFECT_SYRILRUNICALPHA	获得${ICON_RUNE3}.<br>${LABEL_UNITE} 获得${ICON_POWER3}. <i>(获得此效果一次若 你打出或已打出另一命约英雄本回合.)</i>
K	EFFECT_TABLETOFTHETEMPLAR	你可以摧毁此 以击败一个怪物的 费用 ${ICON_POWER4} 或更低无需支付费用.
K	EFFECT_TABLETOFTIMESDAWN	放逐此神器，然后在本回合后再进行一个额外回合。
K	EFFECT_TABLETOFTIMESDAWN10TH	你可以放逐此神器以 拿取额外回合在此之后.
K	EFFECT_TAHYRTHESUN	若所有卡牌在中央牌列为 ${ICON_DAY} 卡牌, 你可以无需支付费用获取此牌.<br>获取中央牌列的一张卡牌无需支付费用.
K	EFFECT_TARIKTHETRICKSTER	${LABEL_REWARD} 获得${ICON_HONOR5}. 你可以选择英雄在中央牌列和 复制其效果.
K	EFFECT_TECHNOLOGICALLEAP	无需支付费用获取中央牌列的所有神器.
K	EFFECT_TECTONICTHRASHER	${LABEL_REWARD} 获得${ICON_HONOR4}. 每位对手须选择和 摧毁两 神器其控制的.
K	EFFECT_TECTONICTHRASHERETER	${LABEL_REWARD} 获得${ICON_HONOR4}. 每位对手须选择和 摧毁两 神器其控制的.
K	EFFECT_TELETRANSMITTERBLUEPRINT	你可以支付 ${ICON_INSIGHT5} 以将此牌转化为艾玛的远传器.
K	EFFECT_TEMPLARDRAGOON	击败一个怪物以 费用 ${ICON_POWER4} 或更低无需支付费用, 或将一张卡牌加入你的梦境.
K	EFFECT_TEMPLARGENERAL	击败一个怪物以 费用 ${ICON_POWER4} 或更低无需支付费用.<br>${LABEL_SERENITY} 当你获取此牌时，将它放置在你的手牌中.
K	EFFECT_TEMPLAROUTPOST	每回合一次，在中央牌列击败一个怪物以 费用 ${ICON_POWER4} 或更低无需支付费用.
K	EFFECT_TEMPLEGUARDIAN	击败一个怪物以 ${ICON_POWER5} 或更低无需支付费用. 若当前事件为 圣贤, 抽一张牌.
K	EFFECT_TEMPLELIBRARIAN	弃一张牌。若如此做，抽两张牌。
K	EFFECT_TEMPLELIBRARIAN10TH	弃一张牌. 若如此做，抽两张牌.
K	EFFECT_TEMPLEOFARHA	每回合一次，若你已打出秘教士或 重装步兵, 你可以抽一张牌.
K	EFFECT_TEMPLEOFDEATH	${ICON_DEATH}: 获得对以下的控制： 不朽神殿. 你可以从你的手牌或弃牌堆放逐一张卡牌.
K	EFFECT_TEMPLEOFHEROES	每回合一次，若你已打出命约英雄或 怪物, 获得${ICON_HONOR2}.
K	EFFECT_TEMPLEOFIMMORTALITY	每回合一次，选择派系. 当你获取卡牌的 该派系, 若下一卡牌以 进入中央牌列为 也该 派系, 获取它 无需支付费用.
K	EFFECT_TEMPLEOFLIFE	${ICON_LIFE}: 获得对以下的控制： 不朽神殿. 获得${ICON_RUNE2}.
K	EFFECT_TEMPLEOFTHEWIND	每回合一次，你可以从你的弃牌堆放逐一张卡牌并将其替换以 秘教士或 重装步兵.
K	EFFECT_TEMPORALEXCAVATOR	当此牌进入战场时，为中央牌列增加第七张牌。当此牌离开战场时，移除中央牌列的第七张牌。
K	EFFECT_TEMPORALEYE	当此牌进入战场时, 抽一张牌.<br>你可以放逐此牌和 另一时光之眼你控制的以 拿取额外回合.
K	EFFECT_TERMINITES	${LABEL_REWARD} 获得${ICON_HONOR3}. 每位对手摧毁最低费用神器其控制的.
K	EFFECT_TERRORIZINGFIEND	${LABEL_REWARD} 获得${ICON_HONOR2}. 抽两张牌.
K	EFFECT_TERRUSPARAGONOFSTRIFE	${LABEL_REWARD} 获得${ICON_HONOR5}. 每位对手弃掉随机卡牌从其手牌. 你可以选择卡牌已弃掉以此方式并将其放入你的手牌.
K	EFFECT_TESTOFFAITH	展示传送门牌库顶的卡牌. 获取或 击败它 无需支付费用. 若你 获取一个英雄以此方式, 将其放入你的手牌.
K	EFFECT_TEYNWOLFKING	获得 ${ICON_RUNE4}。<br>${LABEL_UNITE} 若你本回合打出或已打出命约英雄，获得 ${ICON_POWER4}。
K	EFFECT_TH07TANK	每回合一次，你可以支付 ${ICON_INSIGHT1} 以获得${ICON_RUNE3}. 你可以花费它们只 以获取机械神器.
K	EFFECT_THEAETHERMOURNE	每回合一次，获得${ICON_POWER} 等同于 数量为怪物在 中央牌列.
K	EFFECT_THEALLSEEINGEYE	每回合一次，你可以抽一张牌。
K	EFFECT_THEALLSEEINGEYE10TH	每回合一次，你可以抽一张牌.
K	EFFECT_THECHROMECIRCLE	每回合一次，当你打出机械或 命约神器 (包括此牌), 获得${ICON_RUNE1} 和 ${ICON_HONOR1}.
K	EFFECT_THEDRAGONSEYE	当你打出此, 获得${ICON_INSIGHT1}.<br>${LABEL_SERENITY} 每回合一次，获得${ICON_INSIGHT1}. <i>(获得此效果若 那里为 没有卡牌在你的弃牌堆.)</i>
K	EFFECT_THEDREAMSCRAPE	每回合一次，你可以摧毁另一一 的你的机械神器以 获得${ICON_RUNE2}.
K	EFFECT_THEGRANDDESIGN	每回合一次，获得2符文。你只能用它来获取机械神器。
K	EFFECT_THEGRANDDESIGN10TH	每回合一次，获得${ICON_RUNE2}. 你只能用它来获取机械神器。
K	EFFECT_THEGREATECLIPSE	当玩家获取命约英雄, 该玩家可以将它放置在 顶部的 其牌库.<br>${LABEL_EVENT_TROPHY} 命名英雄. 该英雄为 也生命本回合.
K	EFFECT_THEIRONHEART	每回合一次，获得${ICON_RUNE3}, ${ICON_POWER3}, 和 ${ICON_HONOR3}.
K	EFFECT_THEIRONSEVEN	${LABEL_REWARD} 获得${ICON_HONOR3}. 选择和 摧毁至多一 神器在 打出, 或返回神器从 你的弃牌堆以 你的手牌.
K	EFFECT_THEWORLDTREE	每回合一次，你可以支付至多 ${ICON_RUNE5} 以获得该等量的 ${ICON_HONOR}.<br>当你打出命约英雄, 获得${ICON_RUNE1}.
K	EFFECT_THICKETFAMILIAR	赋力 <i>(当你获取此牌时，你可以放逐一张已打出的卡牌本回合.)</i><br>展示你牌库顶的卡牌并将其放入你的手牌. 若它 为卡牌以 赋力, 获得${ICON_HONOR2}.
K	EFFECT_THIEVINGGRYPHON	${LABEL_REWARD} 获得${ICON_HONOR2}. 获得${ICON_RUNE2}.
K	EFFECT_THORNEDCHARGER	${LABEL_REWARD} 获得 ${ICON_HONOR3}。你可以将弃牌堆中的一张英雄放到你的牌库顶。<br>${LABEL_RALLY_LIFEBOUND}.
K	EFFECT_THUNDERTEMPLAR	赋力 <i>(当你获取此牌时，你可以放逐一张已打出的卡牌本回合.)</i><br>击败一个怪物以 费用 ${ICON_POWER5} 或更低无需支付费用.
K	EFFECT_TIDESTALKER	${LABEL_REWARD} 获得${ICON_HONOR4}.
K	EFFECT_TIDESTALKERETER	${LABEL_REWARD} 获得${ICON_HONOR4}.
K	EFFECT_TIMESTREAMSEER	获得${ICON_RUNE2}.<br>你可以放逐中央牌列的一张卡牌.
K	EFFECT_TINKERINGMONK	获得${ICON_RUNE2}.<br>你可以拥有每位玩家获得${ICON_HONOR} 等同于 数量为机械神器其控制的.
K	EFFECT_TOLLMASTERKYLEK	${LABEL_REWARD} 获得${ICON_HONOR6}. 获取所有传送门在中央牌列无需支付费用.
K	EFFECT_TOMEOFERABUS	每回合一次，获得${ICON_ENERGY1}.
K	EFFECT_TORICASCENDANT	获取一个英雄无需支付费用和 将其放入你的手牌.
K	EFFECT_TORICDEVOTEDDISCIPLE	复制英雄的效果：在中央牌列.
K	EFFECT_TORMENTEDSOUL	奖励：获得1荣誉。抽一张牌。
K	EFFECT_TORMENTEDSOUL10TH	${LABEL_REWARD} 获得${ICON_HONOR2}. 抽一张牌.
K	EFFECT_TORMENTLEGIONARY	${LABEL_REWARD} 获得${ICON_HONOR6}. 获取一个梦生卡牌在中央牌列无需支付费用.
K	EFFECT_TOWERASKARA	抽三张牌, 然后弃掉两 卡牌或 一圣贤卡牌.
K	EFFECT_TREASUREHUNTER	获得${ICON_POWER2}.<br>你可以支付 ${ICON_POWER1} 更低下次你击败一个怪物以 宝藏其下它 本回合.
K	EFFECT_TREASURESOFTHESTUDY	每回合一次，你可以弃掉两 卡牌. 若如此做，获得${ICON_HONOR3}.
K	EFFECT_TREEOFBOUNTY	${LABEL_PLUNDER}每回合一次，若你 获取卡牌和 击败一个怪物, 两者在中央牌列, 获得${ICON_HONOR3}.
K	EFFECT_TRINKETHARPY	${LABEL_REWARD} 获得${ICON_HONOR3}. 将一张卡牌加入你的梦境.
K	EFFECT_TROPHYHUNTER	获得${ICON_POWER2}.<br>你支付 ${ICON_POWER1} 更低下次你击败战利品怪物本回合.
K	EFFECT_TRUTHSEEKER	抽一张牌. 你可以放逐中央牌列的一张卡牌. 若下一卡牌以 进入中央牌列为 宝藏, 获取它.
K	EFFECT_TURTLERMERCHANT	获得${ICON_HONOR5}.<br>你可以返回 ${ICON_HONOR} 以池 等同于 ${ICON_HONOR} 的英雄或 神器在 中央牌列. 若如此做，获取它.
K	EFFECT_TUSKRIDER	抽一张牌.<br>${LABEL_UNITE} 获得${ICON_POWER4}.
K	EFFECT_TWILIGHTSCOUT	抽一张牌.
K	EFFECT_TWISTEDTYRANT	${LABEL_REWARD} 获得${ICON_HONOR6}.
K	EFFECT_TWOFOLDASKARA	复制本回合打出的一张英雄的效果。
K	EFFECT_TWOFOLDASKARA10TH	复制本回合打出的一张英雄的效果。
K	EFFECT_TYRANYXTHEPILLAGER	你可以花费 ${ICON_POWER} 此外还 ${ICON_RUNE} 以获取此.<br>你可以花费 ${ICON_POWER} 此外还 ${ICON_RUNE} 以获取机械神器.
K	EFFECT_ULANSFIST	每回合一次，获得${ICON_POWER2}.<br>每回合一次，若你已打出乌兰, 粉碎者, 获得额外的 ${ICON_POWER2}.
K	EFFECT_ULANTHECRUSHER	赋力 <i>(当你获取此牌时，你可以放逐一张已打出的卡牌本回合.)</i><br>获得${ICON_POWER4}.<br>若你控制的乌兰的拳, 抽一张牌.
K	EFFECT_ULUASKARAPRINCE	复制本回合打出的一张英雄的效果。 此效果不能是 被复制.
K	EFFECT_UMBRALEDGE	每回合一次，获得${ICON_POWER2}. 获得额外的 ${ICON_POWER2} 若你控制的半影刃锋.
K	EFFECT_UMBRALEDGEETER	每回合一次，获得${ICON_POWER2}. 获得额外的 ${ICON_POWER2} 若你控制的半影刃锋.
K	EFFECT_UNBOUNDEMISSARY	你可以花费 ${ICON_INSIGHT} 视为 ${ICON_RUNE} 以获取此.<br>获取或击败中央牌列的任意卡牌或 你的梦境无需支付费用.
K	EFFECT_UNCHAINEDFATES	${LABEL_REWARD} 获得${ICON_HONOR5}.
K	EFFECT_UNDAUNTEDSCOUT	当你获取此牌时，${LABEL_RALLY_VOID}.<br>获得${ICON_POWER2}.
K	EFFECT_UNSPEAKABLEDOOM	${LABEL_REWARD} 获得${ICON_HONOR5}. 每位对手展示其 手牌. 获得额外的 ${ICON_HONOR2} 以每个怪物已展示以此方式.
K	EFFECT_UPGRADEFOUNDRY	每回合一次，当你获取机械卡牌, 抽两张牌.
K	EFFECT_VALIANTASCETIC	你可以放逐此牌以 击败一个怪物以 费用 ${ICON_POWER5} 或更低无需支付费用.
K	EFFECT_VANDALSOUL	${LABEL_REWARD} 获得${ICON_HONOR3}. 每位对手摧毁最低费用神器其控制的.
K	EFFECT_VAULTBREAKERWURM	${LABEL_REWARD} 获得${ICON_HONOR4}. 每位对手须放置其 最高费用神器置入其弃牌堆. (他们选择在 情况的 平局).
K	EFFECT_VAULTLICH	${LABEL_REWARD} 获得${ICON_HONOR3}. 你可以放逐中央牌列的一张卡牌以 宝藏其下它.
K	EFFECT_VAULTSPHINX	${LABEL_REWARD} 获得${ICON_HONOR2}.
K	EFFECT_VEDAHSAGEOFSWORDS	展示传送门牌库顶的卡牌. 抽起它或击败它无需支付费用.
K	EFFECT_VENOMPRIESTESS	获得${ICON_POWER2}.<br>你可以放逐一张已打出的卡牌本回合或 在你的弃牌堆.
K	EFFECT_VERDAGRISTHEWILD	获得${ICON_RUNE4}.<br>每位次 你获取一个英雄本回合, 获得${ICON_INSIGHT} 等同于 其 ${ICON_HONOR} 值.
K	EFFECT_VERDANTCHANTER	获得${ICON_RUNE2}.
K	EFFECT_VERDANTCROWN	每回合一次，获得${ICON_HONOR2}.
K	EFFECT_VERDANTELEMENTAL	获得${ICON_HONOR3}.<br>若此 为被放逐从 任意处在期间你的回合, 获得${ICON_HONOR3}.
K	EFFECT_VERDANTHATCHLING	获得${ICON_HONOR2}.<br>${LABEL_UNITE} 获得${ICON_RUNE2}.
K	EFFECT_VEYAHANDMAIDENOFLOGOS	选择一项：无需支付费用获取费用为 ${ICON_RUNE6} 或更低的一张英雄, 或击败一个怪物以 费用 ${ICON_POWER6} 或更低无需支付费用.
K	EFFECT_VIGILSRESOLVE	当你打出秘教士, 获得${ICON_RUNE1}.<br>当你打出重装步兵, 获得${ICON_POWER1}.
K	EFFECT_VINEWEAVER	<br>获得${ICON_HONOR4}.<br><br>
K	EFFECT_VIRASCETICMASTER	当此牌在你的手牌中, 若你已打出英雄的 每个派系本回合, 将此牌转化为维尔, 昙花古鲁.<br>无需支付费用获取中央牌列的一张英雄并将其放入你的手牌.
K	EFFECT_VIREPHEMERALGURU	获取中央牌列的所有英雄无需支付费用和 放置它们在你的手牌中.
K	EFFECT_VOIDAMATHYSTDEFENDER	获得${ICON_POWER2}.<br>${LABEL_ECHO} 获得${ICON_INSIGHT2}. (<i>获得此效果若 存在虚空卡牌在你的弃牌堆.</i>)
K	EFFECT_VOIDAVENGER	获得${ICON_POWER3}.<br>本回合下次你在中央牌列击败怪物时, 获得灵魂宝石.
K	EFFECT_VOIDCYCLERBLUEPRINT	你可以支付 ${ICON_INSIGHT5} 以将此牌转化为艾玛的虚空循环器.
K	EFFECT_VOIDEMISSARY	抽一张牌.<br>联合-使者: 获得${ICON_POWER2}. (获得此效果一次若 你打出或已打出另一使者本回合.)
K	EFFECT_VOIDFEEDER	每回合一次，获得${ICON_POWER1}.
K	EFFECT_VOIDFORGEDPALADIN	获得${ICON_POWER2}.<br> 首先次 你在中央牌列击败一个怪物本回合, 抽两张牌.
K	EFFECT_VOIDINITIATE10TH	获得${ICON_RUNE1}.<br>你可以从你的手牌或弃牌堆放逐一张卡牌.
K	EFFECT_VOIDMESMER	获得 ${ICON_POWER2}。<br>本回合下次你击败怪物时，你可以获取一张费用相等或更低的英雄。
K	EFFECT_VOIDMILITIA	获得${ICON_POWER1}.<br>你可以支付 ${ICON_POWER1} 更低本回合下次你在中央牌列击败怪物时.
K	EFFECT_VOIDRAGER	获得${ICON_POWER2}. 本回合下次你在中央牌列击败怪物时, 获得${ICON_INSIGHT1}.
K	EFFECT_VOIDREMNANT	${LABEL_REWARD} 获得${ICON_HONOR4}.<br>若你打出过或 已获取虚空卡牌本回合, 你可以放逐至多两 卡牌从你的手牌或 弃牌堆.
K	EFFECT_VOIDRIFTSTALKER	赋力 <i>(当你获取此牌时，你可以放逐一张已打出的卡牌本回合.)</i><br>获得${ICON_POWER3}.<br>若存在虚空卡牌在你的弃牌堆, 抽一张牌.
K	EFFECT_VOIDRISING	每回合一次，当玩家击败怪物在 中央牌列, 该玩家获得 ${ICON_HONOR1}.<br>${LABEL_EVENT_TROPHY} 从你的手牌或弃牌堆放逐一张卡牌.
K	EFFECT_VOIDSPEAKER	获得${ICON_POWER2}.<br>${LABEL_ECHO} 获得${ICON_RUNE3}. <i>(获得此效果若 存在虚空卡牌在你的弃牌堆.)</i>
K	EFFECT_VOIDSPEAKERETER	获得${ICON_POWER2}.<br>${LABEL_ECHO} 若存在虚空卡牌在你的弃牌堆, 获得${ICON_RUNE3}.
K	EFFECT_VOIDSWORNCHAMPION	获得${ICON_POWER4}.
K	EFFECT_VOIDSWORNWARRIOR	获得${ICON_POWER1}.
K	EFFECT_VOIDTHIRSTER	每回合一次，获得1战力。每回合你首次击败中央牌列中的怪物时，获得1荣誉。
K	EFFECT_VOIDTHIRSTER10TH	每回合一次，获得${ICON_POWER1}.<br>每回合你首次击败中央牌列中的怪物时, 获得${ICON_HONOR1}.
K	EFFECT_VYRAKTHEFIRST	你可以花费 ${ICON_POWER} 作为 ${ICON_RUNE} 以获取此.<br>获得${ICON_HONOR10}.
K	EFFECT_WAILINGSPECTRE	${LABEL_REWARD} 获得${ICON_HONOR4}. 你可以放逐至多两 卡牌在你的弃牌堆.
K	EFFECT_WANDERINGASKARA	抽一张牌, 然后你可以放逐中央牌列的一张卡牌.<br>若你打出过另一流浪阿斯卡拉本回合, 你可以放逐两者卡牌以 拿取另一回合在此之后.
K	EFFECT_WARPDRUID	${LABEL_REWARD} 获得${ICON_HONOR2}. 你可以从你的手牌或弃牌堆放逐一张卡牌.<br>${LABEL_DREAMBIND} ${ICON_INSIGHT1}.
K	EFFECT_WARPROGUE	${LABEL_REWARD} 获得${ICON_HONOR3}. 拿取${ICON_INSIGHT1} 从对手.<br>${LABEL_DREAMBIND} ${ICON_INSIGHT3}.
K	EFFECT_WARTORNARBITER	获得${ICON_POWER1}. 你可以从你的手牌或弃牌堆放逐一张卡牌.
K	EFFECT_WATCHMAKERSALTAR10TH	每回合一次，获得${ICON_RUNE1}. 你只能用它来获取机械神器。
K	EFFECT_WATCHTOWERGOLEM	每回合一次，若你 打出机械神器 (包括此牌) 或若 它为 昼, 获得${ICON_POWER2}.
K	EFFECT_WATERELEMENTAL	抽一张牌.<br>若此 为被放逐从 任意处在期间你的回合, 抽两张牌.
K	EFFECT_WEAPON303V	每回合一次，当你打出机械神器 (包括此牌), 你获得${ICON_POWER3}.
K	EFFECT_WEBCLAW	${LABEL_REWARD} 获得${ICON_HONOR3}. 每位对手以 三或更高神器在打出摧毁神器其控制的.
K	EFFECT_WEREBOAR	获得${ICON_POWER2}.<br>${LABEL_UNITE} 获得${ICON_RUNE3}.
K	EFFECT_WHIRLWINDASCETIC	抽三张牌, 然后弃掉两 卡牌. 你可以返回秘教士和 重装步兵已弃掉以此方式以 你的手牌.
K	EFFECT_WICKEDEND	在中央牌列击败一个怪物无需支付费用.
K	EFFECT_WILDBARKMAIL	每回合一次，若你 拥有被在中央牌列击败怪物, 获得${ICON_HONOR2}.
K	EFFECT_WILDCALLSTAFF	每回合一次，你少支付 ${ICON_RUNE2}以 获取卡牌以 宝藏其下它.
K	EFFECT_WILDFIREELEMENTAL	${LABEL_REWARD} 获得${ICON_HONOR4}. 选择至多两 卡牌在中央牌列和 放逐它们.
K	EFFECT_WILDGEARDRUID	获得${ICON_RUNE2}.<br>若你控制两件或更多神器， 获得${ICON_HONOR2}.
K	EFFECT_WILDGEARSOWER	获得${ICON_RUNE2}.<br>获得${ICON_HONOR1} 你控制的每个派系在神器之中. (派系为圣贤, 命约, 机械和 虚空).
K	EFFECT_WILDRIFTDRAKE	${LABEL_REWARD} 获得${ICON_HONOR4}. 你可以放逐至多两 卡牌从你的手牌或 弃牌堆.
K	EFFECT_WINDTYRANT	奖励：获得3荣誉。获得3符文。
K	EFFECT_WINDTYRANT10TH	${LABEL_REWARD} 获得${ICON_HONOR3} 和 ${ICON_RUNE3}.
K	EFFECT_WOLFACOLYTE	获得${ICON_RUNE1}.<br>${LABEL_UNITE} 抽一张牌. <i>(获得此效果一次若 你打出或已打出另一命约英雄本回合.)</i>
K	EFFECT_WOLFSHAMAN10TH	获得${ICON_RUNE1}.<br>抽一张牌.
K	EFFECT_WOLFSHAMANRU	获得${ICON_RUNE1}.<br>抽一张牌.
K	EFFECT_WORKSHOPGARGOYLE	每回合一次，当你获取机械卡牌, 获得${ICON_HONOR1}.
K	EFFECT_WORKSHOPGARGOYLEETER	每回合一次，当你获取机械卡牌, 获得${ICON_HONOR1}.
K	EFFECT_WRECKLAMAX	每回合一次，若你 打出机械神器 (包括此牌) 或若 它为 昼, 抽一张牌.
K	EFFECT_XERONDUKEOFLIES	<sprite=4>
K	EFFECT_XERONDUKEOFLIES10TH	${LABEL_REWARD} 获得${ICON_HONOR4}. 从每位对手手牌中各随机拿取一张牌，加入你的手牌.
K	EFFECT_XERONDUKEOFLIESETER	${LABEL_REWARD} 获得${ICON_HONOR4}. 从每位对手手牌中各随机拿取一张牌，加入你的手牌.
K	EFFECT_XERONFALSEALLY	获得${ICON_RUNE5}.<br>获得额外的 ${ICON_RUNE2} 以每个怪物你 打出或已打出本回合.
K	EFFECT_XERONLORDOFDEOFOL	${LABEL_REWARD} 获得${ICON_HONOR6}.
K	EFFECT_XERONSTRIAL	当你打出怪物, 获得${ICON_POWER2}.<br>支付 ${ICON_POWER8}: 将此牌转化为泽伦, 伪盟者并获取它.
K	EFFECT_YGGDRASILCANOPY	当你 会获得${ICON_HONOR} 没有击败怪物, 获得两次该 等量的 ${ICON_HONOR} 改为.
K	EFFECT_YGGDRASILSTAFF	每回合一次，获得1战力。若你本回合打出过命约英雄，获得2荣誉。
K	EFFECT_YGGDRASILSTAFF10TH	每回合一次，获得${ICON_POWER1}.<br>每回合一次，你可以花费 ${ICON_RUNE4} 以获得${ICON_HONOR3}.
K	EFFECT_YOLOCRYXTHEGUARDIAN	获得${ICON_POWER5} 和额外的 ${ICON_POWER1} 你控制的每件机械神器.<br>当你打出机械神器, 你可以将此牌返回从 你的弃牌堆以 你的手牌.
K	EFFECT_YUKTRIBEGREMLIN	${LABEL_REWARD} 获得${ICON_HONOR1}.<br>${LABEL_INFEST} 当你击败尤克部落小妖, 你可以将其放入一名玩家的弃牌堆.<br><i>(从手牌打出时怪物没有效果.)</i>
K	EFFECT_YUKTRIBEOUTCAST	抽一张牌.<br>放逐中央牌列的一张卡牌. 然后你可以放逐尤克部落放逐者或 尤克部落小妖在你的手牌中以 获取或 击败卡牌在中央牌列无需支付费用.
K	EFFECT_YUREYEOFCHAOS	${LABEL_REWARD} 获得${ICON_HONOR4}. 抽三张牌.
K	EFFECT_ZEROPOINTREACTOR	每回合一次，获得${ICON_RUNE2}.
K	EFFECT_ZINTASBRACERS	每回合一次，若你 拥有已获得 ${ICON_INSIGHT2} 或更高, 获得${ICON_POWER2}.
K	EFFECT_ZISDREAMREAPER	${LABEL_REWARD} 获得${ICON_HONOR5}. 拿取${ICON_INSIGHT2} 从每位对手.
K	ENERGY_ARHAMENTOR	${LABEL_ENERGIZE} ${ICON_ENERGY2}: 抽一张牌.
K	ENERGY_AZERAXOFTHEBLACKWATCH	${LABEL_ENERGIZE} ${ICON_ENERGY4}: 将此牌转化为阿泽拉克斯, 尼克斯的天选者. (忽略此牌的其余卡牌之效果.)
K	ENERGY_BLACKWATCHVANQUISHER	${LABEL_ENERGIZE} ${ICON_ENERGY3}: 获得额外的 ${ICON_POWER2}.
K	ENERGY_COGNITIONCOURIER	${LABEL_ENERGIZE}: 你少支付 ${ICON_RUNE1}下次你获取神器本回合以 每个 ${ICON_ENERGY} 你拥有已获得本回合.
K	ENERGY_DARKWALKER	${LABEL_ENERGIZE} ${ICON_ENERGY1}: 你可以从你的手牌或弃牌堆放逐一张卡牌.
K	ENERGY_DENDRISTHEGLADEWYRM	${LABEL_ENERGIZE} ${ICON_ENERGY3}: 获得额外的 ${ICON_RUNE2}, ${ICON_POWER2}, 和 ${ICON_HONOR2}.
K	ENERGY_DEVIANTFIEND	${LABEL_ENERGIZE}: 获得额外的 ${ICON_HONOR1} 以每个 ${ICON_ENERGY} 你拥有已获得本回合.
K	ENERGY_FIRESTORMEFFIGY	${LABEL_ENERGIZE} ${ICON_ENERGY1}: 你可以放逐额外的卡牌在你的手牌或弃牌堆.
K	ENERGY_FORESIGHTMONACLE	${LABEL_ENERGIZE} ${ICON_ENERGY4}: 本回合一次, 获得${ICON_RUNE1} 你控制的每件机械神器.
K	ENERGY_GEMCATCHERSPIRIT	${LABEL_ENERGIZE} ${ICON_ENERGY2}: 将此牌转化为异界向导. (忽略此牌的其余卡牌之效果.)
K	ENERGY_HERALDOFDOOM	${LABEL_ENERGIZE} ${ICON_ENERGY7}: 改为， 获取和 击败所有卡牌在中央牌列无需支付费用.
K	ENERGY_HONISKROTTRIBESMAN	${LABEL_ENERGIZE} ${ICON_ENERGY2}: 将此牌转化为霍尼斯克洛特酋长. (忽略此牌的其余卡牌之效果.)
K	ENERGY_ILLIYATHEDEMONBORN	${LABEL_ENERGIZE}: 获得额外的 ${ICON_POWER1} 以每个 ${ICON_ENERGY} 你拥有已获得本回合.
K	ENERGY_JAKEBCOBRASHAMAN	${LABEL_ENERGIZE} ${ICON_ENERGY4}: 将此牌转化为杰克布, 眼镜蛇王. (忽略此牌的其余卡牌之效果.)
K	ENERGY_LEOTANSFAMILIAR	${LABEL_ENERGIZE} ${ICON_ENERGY1}: 获得${ICON_HONOR2}.
K	ENERGY_LIFEBOUNDMUSE	${LABEL_ENERGIZE} ${ICON_ENERGY2}: 改为， 获取任意英雄无需支付费用.
K	ENERGY_MONASTICTUTOR	${LABEL_ENERGIZE} ${ICON_ENERGY1}: 放置所获取的卡牌置入你的手牌.
K	ENERGY_MOSAICHORN	${LABEL_ENERGIZE} ${ICON_ENERGY2}: 本回合一次, 获得${ICON_RUNE2}.
K	ENERGY_OGODEMONTRAP	${LABEL_ENERGIZE} ${ICON_ENERGY4}: 本回合一次, 获得${ICON_HONOR3}.
K	ENERGY_OXIPEDE	${LABEL_ENERGIZE} ${ICON_ENERGY2}: 获得${ICON_HONOR2}.
K	ENERGY_PLUNDERDEVIL	${LABEL_ENERGIZE} ${ICON_ENERGY2}: 改为， 你可以获取一个英雄或 神器以 费用 ${ICON_RUNE6} 或更低无需支付费用.
K	ENERGY_PORTABILLET	${LABEL_ENERGIZE} ${ICON_ENERGY5}: 本回合一次, 抽一张牌.
K	ENERGY_PROTOTYPECH32	${LABEL_ENERGIZE} ${ICON_ENERGY1}: 本回合一次, 当你获取机械神器, 你可以将其直接进入战场.
K	ENERGY_RAGINGURSINE	${LABEL_ENERGIZE} ${ICON_ENERGY2}: 获得${ICON_RUNE2}.
K	ENERGY_RAVENSIREN	${LABEL_ENERGIZE}: 你少支付 ${ICON_RUNE1}以 每个 ${ICON_ENERGY} 你拥有已获得本回合下次你获取一个英雄本回合.
K	ENERGY_REACTORSHRINE	${LABEL_ENERGIZE} ${ICON_ENERGY2}: 本回合一次, 获得${ICON_HONOR1} 你控制的每件机械神器.
K	ENERGY_RIFTWALKERSAXE	${LABEL_ENERGIZE} ${ICON_ENERGY2}: 本回合一次, 获得${ICON_POWER2}.
K	ENERGY_RIGHTEOUSTEMPLAR	${LABEL_ENERGIZE} ${ICON_ENERGY3}: 改为， 击败任意怪物无需支付费用.
K	ENERGY_RUNICHONISKROT	${LABEL_ENERGIZE} ${ICON_ENERGY3}: 获得${ICON_POWER2}.
K	ENERGY_SCRAPSCRABBLER	${LABEL_ENERGIZE} ${ICON_ENERGY2}: 将此牌转化为翻捡小队. (忽略此牌的其余卡牌之效果.)
K	ENERGY_STARCALLERLEOTAN	${LABEL_ENERGIZE}: 获得额外的 ${ICON_HONOR1} 以每个 ${ICON_ENERGY} 你拥有已获得本回合.
K	ENERGY_TABLETOFTHEDREAMER	${LABEL_ENERGIZE} ${ICON_ENERGY4}: 本回合一次, 获取或击败中央牌列的任意卡牌无需支付费用.
K	ENERGY_TORICDEVOTEDDISCIPLE	${LABEL_ENERGIZE} ${ICON_ENERGY4}: 将此牌转化为托里克, 飞升者. (忽略此牌的其余卡牌之效果.)
K	ENERGY_TWISTEDTYRANT	${LABEL_ENERGIZE} ${ICON_ENERGY3}: 抽三张牌.
K	ENERGY_ULUASKARAPRINCE	${LABEL_ENERGIZE} ${ICON_ENERGY2}: 复制所选效果额外的次.
K	ENERGY_VEYAHANDMAIDENOFLOGOS	${LABEL_ENERGIZE} ${ICON_ENERGY2}: 改为， 你可以选择两者.
K	ENERGY_VOIDFEEDER	${LABEL_ENERGIZE} ${ICON_ENERGY2}: 本回合一次, 你可以从你的手牌或弃牌堆放逐一张卡牌.
K	ENERGY_VOIDSWORNWARRIOR	${LABEL_ENERGIZE} ${ICON_ENERGY2}: 将此牌转化为誓虚冠军. (忽略此牌的其余卡牌之效果.)
K	ENERGY_WEBCLAW	${LABEL_ENERGIZE} ${ICON_ENERGY3}: 改为， 每位对手摧毁神器其控制的.
K	ENERGY_YOLOTHIANMONOLITH	${LABEL_ENERGIZE} ${ICON_ENERGY4}: 将此牌转化为约洛克瑞克斯, 守卫和 将其放入你的手牌.
K	ENERGY_ZETAARSENAL	${LABEL_ENERGIZE} ${ICON_ENERGY3}: 本回合一次, 获得${ICON_POWER1} 你控制的每件机械神器.
K	FATE_AEGISKNIGHT	天命： 竞拍 ${ICON_INSIGHT} 以获得效果下方.
K	FATE_ARBITEROFFATE	${LABEL_FATE} 当此牌进入中央牌列时, 每位玩家可以放逐一张卡牌从其手牌或 弃牌堆.
K	FATE_ASKARAOFFATE	${LABEL_FATE} 当此牌进入中央牌列时, 每位玩家可以抽一张牌.
K	FATE_DARKENERGYSHARD	${LABEL_FATE} 每位玩家可以放逐一张卡牌在 其弃牌堆.
K	FATE_DEATHSWORNWARRIOR	${LABEL_FATE} 每位玩家可以放逐一张卡牌从其手牌或 弃牌堆.
K	FATE_DREAMMACHINE	${LABEL_FATE} 当此牌进入中央牌列时, 每位玩家可以返回神器其控制的以 其手牌.
K	FATE_EMRISOULSLAYER	${LABEL_FATE} 每位玩家可以放逐至多两 卡牌从其手牌和/或弃牌堆.
K	FATE_HONEYSIREN	${LABEL_FATE} 当蜜 海妖进入中央牌列, 每位玩家可以放置英雄从 其弃牌堆在 顶部的 其牌库.
K	FATE_INFERNATEMPLAR	天命： 竞拍 ${ICON_INSIGHT} 以获得效果下方.
K	FATE_JOURNEYMANSAGE	${LABEL_FATE} 当此牌进入中央牌列时, 每位玩家可以放逐英雄在其手牌中以 获取秘教士或 重装步兵和 加入其手牌.
K	FATE_KYTHISTHEGATEKEEPER	${LABEL_FATE} 当此牌进入中央牌列时, 拿取传送门牌库顶的卡牌和 放置它 面朝下置于其下此. 若此 离开中央牌列, 将它替换以 该卡牌.
K	FATE_LOAMSPEAKERDRUID	${LABEL_FATE} 当此牌进入中央牌列时, 以每个宝藏其下此, 加入${ICON_HONOR10} 以 ${ICON_HONOR} 池.
K	FATE_MONKOFTHELIDLESSEYE	${LABEL_FATE} 当此牌进入中央牌列时, 以每个宝藏其下此, 每位玩家抽 卡牌.
K	FATE_NEMESIS	${LABEL_FATE} 当此牌进入中央牌列时, 放逐当前事件.
K	FATE_NOOKHOUND	${LABEL_FATE} 当此牌进入中央牌列时, 每位玩家可以查看牌库顶卡牌的 其牌库. 他们可以将其放入其弃牌堆.
K	FATE_OMNICRON	${LABEL_FATE} 当此牌进入中央牌列时, 若存在宝藏其下此, 加入七张th卡牌以 中央牌列.
K	FATE_RATKING	${LABEL_FATE} 当此牌进入中央牌列时, 放置一张巨鼠在 顶部的 每个其他卡牌在中央牌列.
K	FATE_RAVENOUSGORPH	${LABEL_FATE} 当此牌进入中央牌列时, 放逐所有卡牌相邻以 它.
K	FATE_RECLAMAX	${LABEL_FATE} 当此牌进入中央牌列时, 每位玩家可以选择神器在 其弃牌堆并将其放置在其手牌中.
K	FATE_SHIELDBEARER	天命： 竞拍 ${ICON_INSIGHT} 以获得效果下方.
K	FATE_SPIRITMERCHANT	${LABEL_FATE} 当此牌进入中央牌列时, 以每个宝藏其下此, 每位玩家可以放逐一张卡牌在其手牌中或 弃牌堆.
K	FATE_STONECIRCLE	${LABEL_FATE} 当此牌进入中央牌列时, 每位玩家可以获取秘教士. 将它放置在 顶部的 其牌库.
K	FATE_TOLLMASTERKYLEK	${LABEL_FATE} 放逐所有其他卡牌在中央牌列并将其们替换以 传送门.
K	FATE_VAULTLICH	${LABEL_FATE} 当此牌进入中央牌列时, 放逐每个卡牌在中央牌列以 宝藏其下它.
K	FATE_VINEWEAVER	天命： 竞拍 ${ICON_INSIGHT} 以获得效果下方.
K	FLAVOR_AARONTHEGODSLAYER	弑落者面前，没有任何魔物可以立足。
K	FLAVOR_ABOLISHER	灵魂太多，仲裁者种姓已无法抹去。
K	FLAVOR_ABOLISHERETER	灵魂太多，仲裁者种姓已无法抹去。
K	FLAVOR_ADAMBUILDERADEPT	他能 总是找到use以它.
K	FLAVOR_ADAYUTHEOMNIPOTENT	「我们是梦，而他是梦者。」——达萨大师
K	FLAVOR_ADAYUTHETORMENTED	「痛苦与苦难的裂痕已开始在他心中蔓延。若他迷失，我们皆会迷失。」——达萨大师
K	FLAVOR_AETHERCHANNELER	计划失败时，向混沌寻求答案。
K	FLAVOR_AETHERCURATOR	「你只需翻开一本书，新世界便在等待。」
K	FLAVOR_AETHERSPRINGWITCH	汇聚在世界树根下的水，映出整棵树一生的倒影。
K	FLAVOR_AETHERWARRIOR	我的刃切断血肉，也切断灵魂。
K	FLAVOR_AIRSUPPORTSQUADRON	你一定是在开玩笑。
K	FLAVOR_AIYANASMESSENGER	在奥戈多云的夜里，星辰也有信使。
K	FLAVOR_AIYANASMESSENGERETER	在奥戈多云的夜里，星辰也有信使。
K	FLAVOR_ALLURINGSHAMAN	他的歌能抚平最不安的灵魂。
K	FLAVOR_ALSETMONKPRODIGY	他从不可能开始。
K	FLAVOR_ALSETREACTORSAVANT	机械随他的节拍嗡鸣。
K	FLAVOR_ANCIENTSTAG	寻路者不去找神殿本身，而是求助于林中居民。
K	FLAVOR_ANIMUSOFTHEWILD	只要听得够久，连奥戈的树木也有东西可教。
K	FLAVOR_ANIMUSOFTHEWILDETER	只要听得够久，连奥戈的树木也有东西可教。
K	FLAVOR_ANOINTEDASKARA	亚哈教给幼徒的第一课是：永远还有下一课。
K	FLAVOR_ARANYXTHEGLUTTON	「那个你还吃吗？」
K	FLAVOR_ARBITERCIRCLET	恶魔之骨，与一百个灵魂。
K	FLAVOR_ARBITEROFTHELOST	「别人囤积碎片，我则试图驾驭它们的力量。」
K	FLAVOR_ARBITEROFTHEPRECIPICE	「记忆与历史不关我事。这肮脏之物本不该存在。现在，它将如同从未存在过。」
K	FLAVOR_ARBITEROFTHEPRECIPICE10TH	他们立于深渊边缘，<br>就在锯齿之城外。
K	FLAVOR_ARBITERSCENSER	它照亮通往下一个牺牲者的路。
K	FLAVOR_ARHAHISTORIAN	凡人成就的英勇事迹，才是最好的传说。
K	FLAVOR_ARHAINITIATE	内林注视着初学者旋转的身影。「他们在练招式？」他问。「不，」导师答道，「他们在冥想。」
K	FLAVOR_ARHAINITIATE10TH	旋转钢铁与致命澄明的冥想
K	FLAVOR_ARHAMEDIUM	「没有自我，唯有使命。」——达萨大师
K	FLAVOR_ARHAMEDIUMETER	「没有自我，唯有使命。」——达萨大师
K	FLAVOR_ARHASENSEI	「圣殿武士不该为匪徒与懦夫而死。我们会使你们配得上。」
K	FLAVOR_ARHASENSEIDS	「你看不见自己的潜能，是因为你在向外寻找。它本就在你之内，你只需接纳。」
K	FLAVOR_ARHASENSEIETER	「你看不见自己的潜能，是因为你在向外寻找。它本就在你之内，你只需接纳。」
K	FLAVOR_ARHATEMPLAR	<sprite=123>
K	FLAVOR_ARHATEMPLAR10TH	磨砺心智，剑自随之。
K	FLAVOR_ARMISTICE	达萨举手示意使者们安静：「我们不可绝望。唯有我们彼此失去信任，尼鲁斯才会壮大。」
K	FLAVOR_ASCETICOFTHELIDLESSEYE	「将至之事并无隐晦，弑神者；对选择去看的人而言，未来总是清晰的。被蒙蔽的是你的判断。」
K	FLAVOR_ASCETICOFTHELIDLESSEYE10TH	「献身于慧眼，」达萨说，「便能看见宇宙所能给予的一切。」
K	FLAVOR_ASHESTOASHES	「生于虚无，归于虚无。」<br>——死誓誓言
K	FLAVOR_ASKARANARMOR	铁砧在梦境中回响，回应甲匠重燃的灵感。
K	FLAVOR_ASKARAOFFORTUNE	命运与选择是同一枚硬币的两面。阿斯卡拉超越一切二元。
K	FLAVOR_ASKARAOFSOULS	门会为学会看见它们的人打开。
K	FLAVOR_ASTROBLADETRX	一件为伟大发现而造的装置。
K	FLAVOR_AUSTERESAGE	他鲜少开口，但人人倾听。
K	FLAVOR_AUTOBUILDER50	更新说明：<br>- 修复建造者把有机物当材料收割的错误
K	FLAVOR_AVATAROFTHEFALLEN10TH	我是永恒。你们有何指望击败我？
K	FLAVOR_BATTERYMONK	第六层——澄明。<br>第七层——顿悟。<br>第八层——殉道。
K	FLAVOR_BATTERYMONKETER	第六层——澄明。<br>第七层——顿悟。<br>第八层——殉道。
K	FLAVOR_BEACONOFTHELOST	亡者的灵魂为其诡谲之焰添燃料。
K	FLAVOR_BEACONSHAMAN	碎片对有勇气倾听的人低语。
K	FLAVOR_BEASTSTAFF	唯有最伟大的英雄才能完全驾驭其力量。
K	FLAVOR_BELTHARSOULCOLLECTOR	「他收集灵魂，如同铁术士收集烫伤。」
K	FLAVOR_BETRAYEDTEMPLAR	弃寺的最后守护者——泽伦很乐意给他一个新的目标。
K	FLAVOR_BLACKHOLE	「这世界太老了。有些地方已经薄得可怕。」——黑暗使者萨德拉尼斯
K	FLAVOR_BLACKWATCHELITE	精英注定孤独，因为他们摧毁所见的一切。
K	FLAVOR_BLACKWATCHEXEMPLAR	他们能从几乎任何绝境中夺回胜利。
K	FLAVOR_BLASTGOGGLES	大爆炸。
K	FLAVOR_BLINDSEER	世界对他隐匿，其秘密却不然。
K	FLAVOR_BORDERLANDMERCENARY	「钱呢？」
K	FLAVOR_BORDERLANDNIHILIST	「我们信奉虚无！」
K	FLAVOR_BRAINSTORMSENTRY	你为 谁你 选择以 是.
K	FLAVOR_BRAMBLEELEMENTAL	它吞噬一切能缠住的事物——不论是什么，或是谁。
K	FLAVOR_BRAZERDRONE	祈夜因落者之过而受损。已批准修复。
K	FLAVOR_BRINGEROFDESPAIR	「我观看，见有一匹灰色马；骑在马上的，名字叫作死。」
K	FLAVOR_BRINGEROFHOPE	生于光明，却在黑暗中侍奉它。
K	FLAVOR_BROTHERMARIUS	「公主在另一座神殿是什么意思？」
K	FLAVOR_BURIALGUARDIAN	「若你想理解不朽，须先辨明死亡的本质，」德鲁伊告诫道。
K	FLAVOR_BURROWERMARKII	<sprite=143>
K	FLAVOR_BURROWERMARKII10TH	Can你dig它?
K	FLAVOR_CALLOFDARKNESS	对多数人而言，萨德拉尼斯与其召唤者的梦，与噩梦并无分别。
K	FLAVOR_CANONTEMPLAR	他的敕令即为终裁。
K	FLAVOR_CANOPICJAR	「我所遇过最受萦绕的遗物；而如今，它并不比我们更受萦绕。」——阿拉斯托·内林
K	FLAVOR_CARETAKERZAHRAL	数世纪以来，扎拉尔的森林守护着远古的秘密。
K	FLAVOR_CAUSTICCONJURER	对有些人，梦境带来新的可能；对另一些人，则是可与世界分享的新恐惧。
K	FLAVOR_CAVERNCREEPER	哪怕是只小蜘蛛，只要你看不见，也能要你的命。
K	FLAVOR_CELLBLOCKE	绝对的腐化带来绝对的力量。
K	FLAVOR_CETRACELESTIALBODY	当一切光芒弃你而去，让星辰指引你的路。
K	FLAVOR_CETRAGUIDEOFOGO	正如星辰指引旅人，塞特拉指引星辰。
K	FLAVOR_CETRAMATRONOFSTARS	「不要绝望，孩子。你有决心与力量去面对命运。你只需接纳它。」
K	FLAVOR_CETRASRESPITE	在命运的铁爪中，我不曾退缩，也不曾哭喊。在机遇的重击下，我头破血流，却傲然不屈。
K	FLAVOR_CETRAWEAVEROFSTARS	<sprite=10>
K	FLAVOR_CETRAWEAVEROFSTARS10TH	真正的英雄由她的星光指引。
K	FLAVOR_CHAOSRIDER	小心你跟随谁上战场。
K	FLAVOR_CHARGINGCHAMBER	碎片比以往的动力源更有效。
K	FLAVOR_CHEERFULCONSORT	她明朗的神情把温暖传遍阿洛西亚。
K	FLAVOR_CHEERFULCONSORTETER	她明朗的神情把温暖传遍阿洛西亚。
K	FLAVOR_CHRONICLEOFVIGIL	同心则兴；孤行则亡。
K	FLAVOR_CLOCKWORKSENTRY	远比名字听起来安静。
K	FLAVOR_CLUTCHOFDARKNESS	一旦虚空抓住你，便无处可逃。
K	FLAVOR_COGMAW	必须维持多面体核心温度
K	FLAVOR_COMBUSTIONIDOL	警告：<br>仅限非有机祭品。
K	FLAVOR_COMBUSTIONIDOLETER	警告：<br>仅限非有机祭品！
K	FLAVOR_CONTROLSMITH	她梦见铁与荣耀。
K	FLAVOR_CONVERSIONPORT	灵感通向创新。
K	FLAVOR_CORROSIVEWIDOW10TH	她的毒素侵蚀最坚固的铠甲。
K	FLAVOR_CORRUPTEDSAGE	总在寻找新的学生，好教他们痛苦的真正本质。
K	FLAVOR_CRYPTLURKER	死亡严密守护它的秘密。
K	FLAVOR_CRYSTALLINEMONK	碎片兼容。适应进行中。
K	FLAVOR_CULTIST	<sprite=70>
K	FLAVOR_CULTIST10TH	「血！让他们流血！落者已来，带我们奔向荣耀！重塑我们的世界！」
K	FLAVOR_CULTISTROV	你们这些蠢货很快就会明白所谓「赐福」的真相！
K	FLAVOR_CULTISTSOS	「守门人已不复存在！该死者的灵魂将把这片诅咒之地变成新的冥界！」
K	FLAVOR_CULTOFTHEFALSECIRCLE	他们的吟诵自行扭曲，直到只剩疯狂。
K	FLAVOR_DARKGLADIATOR	别人惧怕黑暗，他在其中茁壮。
K	FLAVOR_DARKTOMELIBRARIAN	小心，第六页会咬人。
K	FLAVOR_DAVIDPROPHETICGUIDE	拥有预知之才的人，往往需要帮助分辨「现在」与「将至」。
K	FLAVOR_DAYBREAKASKARA	她是化作形体的灵感。
K	FLAVOR_DEADEYEASSASSIN	但愿她的目光永远不会落在你身上。
K	FLAVOR_DEATHBOUNDDRUID	德鲁伊滋养生命，但切莫以为那是因为他们惧怕死亡。
K	FLAVOR_DEATHFINDER	并非所有寻死者都找得到死亡。有些人找到了更糟的命运。
K	FLAVOR_DEATHSEEKER	「我想凯西斯今天会带走我。」
K	FLAVOR_DECEITFULGHOUL	有时最危险的，是那一抹灿烂的笑。
K	FLAVOR_DEEPDRONE	物体已回收。侦测到未知生命体。请求指示。
K	FLAVOR_DEFENSEGENERATOR	确实令人电击。
K	FLAVOR_DELIRIUMPIXIES	来和我们玩吧。
K	FLAVOR_DELIRIUMPIXIESETER	来和我们玩吧。
K	FLAVOR_DELUDINGDJINN	他们播下的不信任，正是其危险所在。
K	FLAVOR_DEMONHUNTER	好的。坏的。试试带剑的那个。
K	FLAVOR_DEMONMASTER	活儿很难，但气味更糟。
K	FLAVOR_DEMONPUPS	我只是想摸一下！
K	FLAVOR_DEMONSLAYER	「陌生人，你杀过多少恶魔？」萨尔放低巨剑问道。「到目前为止一个，」内林答道，咧嘴一笑，「不过那一个可真是……特别大。」
K	FLAVOR_DEMONSLAYER10TH	既已接纳死亡，他们便无所畏惧。
K	FLAVOR_DERANGEDASPIRANT	他们在疯狂中看见知识。
K	FLAVOR_DERANGEDDIRGE	尖叫与哀号织成受折磨的圣歌。
K	FLAVOR_DESTROYERSGATE	「他将以预定的诸形之一到来。」
K	FLAVOR_DHARTHAETERNALSEER	「清空你的心，无形无相——如水。」
K	FLAVOR_DHARTHAMASTEROFSIGHT	告诉我你看见了什么，而不是你以为看见了什么。
K	FLAVOR_DHARTHATHEETERNAL	「时间不过是另一场幻象。」
K	FLAVOR_DIMENSIONDIVER	大封印已坠。探索计划获准。
K	FLAVOR_DIMENSIONDIVERETER	大封印已坠。探索计划获准。
K	FLAVOR_DOGSOFWAR	他们的货币是血肉与白骨。
K	FLAVOR_DREADCONJURER	别告诉他你的恐惧，那会扫兴。
K	FLAVOR_DREADMARE	一日一魂，惧马远离。
K	FLAVOR_DREAMCHAMBERDISCIPLES	亚哈教导我们：假以时日，一切传统都会在原则的重压下崩裂。
K	FLAVOR_DREAMEATER	梦很痛苦，现实却是酷刑。
K	FLAVOR_DREAMGUIDE	在世界边缘，她是通往彼岸一切的向导。
K	FLAVOR_DREAMKILLER	有些人专会扫兴。
K	FLAVOR_DREAMLAB	在梦境中，不可能与可能之间的界限，与其他一切同样虚幻。
K	FLAVOR_DREAMSCAPEDIVINER	你确定想知道吗？
K	FLAVOR_DREAMSEEKER	梦能成事，亦能毁事。
K	FLAVOR_DREAMSEEKERSTART	梦能成事，亦能毁事。
K	FLAVOR_DREAMSHAPERJESSE	扩展你对「可能」的理解，直到它包含你曾以为不可能之事。
K	FLAVOR_DREAMSTONE	凝视本可能发生之事，以及或许将至之事。
K	FLAVOR_DREAMTITAN	金色巨人，高过群山，静如大海。
K	FLAVOR_DREAMTYRANT	金色巨人，高过群山
K	FLAVOR_DREAMWILLOW	梦柳的摇篮曲回荡整个奥戈。
K	FLAVOR_DREAMWILLOWDRUIDS	他们的仪式是舞蹈、摇篮曲与睡眠的美丽结合。
K	FLAVOR_DRILLERMARKIV	深度：未知。传感器显示前方有未知能源。
K	FLAVOR_DRUIDSOFTHESTONECIRCLE	<sprite=32>
K	FLAVOR_DRUIDSOFTHESTONECIRCLE10TH	石阵的间距是几何。<br>那空间本身是魔法。
K	FLAVOR_DRUIDSWREATH	入会时，德鲁伊会得到一圈无生之花环。当它重生，他们亦然。
K	FLAVOR_DUSTTODUST	「永恒不过是同样无常的生命所造成的幻象，」达萨阐说道。
K	FLAVOR_EARTHMENDERPURA	他的疗愈吟诵在混沌过后补回生命。
K	FLAVOR_EARTHTYRANT10TH	在下方的洞窟里，你将找到无尽的力量<br>被火焰与死亡环绕。
K	FLAVOR_ELANSOULMARSHAL	在他的占卜池中，过往、当下与未来之战的秘密尽皆袒露。
K	FLAVOR_ELDERSKEPTIC	埃泽姆匆匆读过，苦笑着丢下卷轴。「真令人吃惊，」他咕哝道，「这片土地上什么都能算作想法。」
K	FLAVOR_ELDERSKEPTICETER	埃泽姆匆匆读过，苦笑着丢下卷轴。「真令人吃惊，」他咕哝道，「这片土地上什么都能算作想法。」
K	FLAVOR_ELEMENTALPROJECTOR	真是炸裂！
K	FLAVOR_EMISSARYOFDAWN	她掠过新祈夜，为每个夜晚收束，以新一日的光祝福下方众生。
K	FLAVOR_EMMASMECHANNON	「有人看见了吗？我在那座山上打了个洞！」——艾玛·铁心
K	FLAVOR_EMMASTELETRANSMITTER	「要不是我需要帮忙，我干嘛打给你？」——艾玛·铁心
K	FLAVOR_EMMASVOIDCYCLER	「这就证明了。艾玛，你是个天才。」——艾玛·铁心
K	FLAVOR_EMMASWORKSHOP	「这地方快散架了。完美。」——艾玛·铁心
K	FLAVOR_EMRIONEWITHTHEVOID	艾姆瑞停在贵族上方，刃尖悬停。「当你征服了一切，泽伦，」她说，「仍有虚无值得畏惧。」
K	FLAVOR_EMRIONEWITHTHEVOID10TH	无人更快，无人更致命。
K	FLAVOR_EMRISHADOWSLAYER	没有现实世界的束缚，艾姆瑞变得更加残酷高效。
K	FLAVOR_EMRISOULSTEALER	又一日，又一半神。
K	FLAVOR_EMRISSTING	锋利却短暂——她的蛰刺在痛感到来前便已致命。
K	FLAVOR_ENDBRINGERJORA	凡挡在艾姆瑞路上的人与物，他都会拆毁。
K	FLAVOR_ENERGYMONK	一人的垃圾，是另一僧侣的宝藏。
K	FLAVOR_ENGULFINGKRAKEN	等你察觉它在那儿，已经太迟了。
K	FLAVOR_EPHEMERALDRUID	将自己交托命运，她找到了安宁。
K	FLAVOR_EPHEMERALINVENTOR	将自己交托机械，她找到了新的可能。
K	FLAVOR_EPHEMERALMONK	将自己交托疑问，他找到了答案。
K	FLAVOR_EPHEMERALRITUALIST	将自己交托终局，他找到了手段。
K	FLAVOR_ETERNALASKARA	祈夜在昏光中英勇奋战。唯有阿斯卡拉知晓那是黎明还是黄昏。
K	FLAVOR_ETERNALTORMENTOR	那些未被放逐或摧毁的虚空孽种，会被折磨到但愿自己早已被放逐或摧毁。
K	FLAVOR_ETHEREALHUNTRESS	连死亡也不是她猎物的逃脱之路。
K	FLAVOR_EVERBLOOM	第一批永绽幼苗赠予第二次大战的英雄，他们将其栽于都城附近，以催促大地愈合。
K	FLAVOR_EVERBLOOMETER	第一批永绽幼苗赠予第二次大战的英雄，他们将其栽于都城附近，以催促大地愈合。
K	FLAVOR_EXCAVATORPILOT	"I dig它."
K	FLAVOR_EXHAUSTLURKER	「就因为排风口维护还不够危险。」
K	FLAVOR_EYEOFDESTINY	在帕哈马山脚，躺着一座巨像的残骸。每日，人们从它永不闭合的眼中朗诵行动的召唤。
K	FLAVOR_FAERIECOMMANDER	人们在森林里发现他时，他已死于无数细小的伤口。
K	FLAVOR_FAITHFULGUIDE	「我立于山巅，举起慧眼，终于看见了这个世界。」
K	FLAVOR_FATALITYBLADES	了结他！
K	FLAVOR_FENMAW	寻路者举手示意：「安静。我们必须保持敬意，免得招来沼泽的怒火。」
K	FLAVOR_FLANKINGASKARA	「与友人同行于暗处，胜过独自行走于光明。」
K	FLAVOR_FLARETRACKER	命约称之为「灵脉」，机械则称之为燃料。
K	FLAVOR_FLEETINGHOPEDJINN	「当心你渴望听见的话语，免得它们引你走向你所惧怕的结局。」
K	FLAVOR_FLYTRAPFAIRY	她笑着飞掠灌丛，逗弄身后啪地合拢的捕蝇草。
K	FLAVOR_FLYTRAPSTAFF	该担心的不是那些牙齿。
K	FLAVOR_FLYTRAPWITCH10TH	沼泽既危险又饥渴。
K	FLAVOR_FORESIGHTMONACLE	用于精密工作
K	FLAVOR_FORGEMASTERSSUIT	即便在最猛烈的熔炉中，这套装具也能护他们周全。
K	FLAVOR_FORGEMOTHERREYSA	她的风箱为整个赫德隆的创造之火添薪。
K	FLAVOR_FORGOTTENSCRIPTURE	即便在亚哈，智慧也会随岁月流逝而散佚，书库被新的著述填满。
K	FLAVOR_FORRESTBEASTWARDEN	真正的忠诚是永恒的。
K	FLAVOR_FOUNDATIONBURROWER	哪怕是小小的滋扰，若不加制止，也能摧毁巨大的工事。
K	FLAVOR_FOUNDRYHOUND	想从他警觉的目光下溜走，可不容易。
K	FLAVOR_GARDENATTENDANT	「梦与植物，只需滋养便能生长。」
K	FLAVOR_GEARSEER	天才与疯狂的唯一差别，在于执行。
K	FLAVOR_GEMCATCHERSPIRIT	精魂视晶体为征兆，亦为玩物。
K	FLAVOR_GEMEATERLEPRECHAUN	它们有种魔法般的美味。
K	FLAVOR_GENESISCAPSULE	德鲁伊与技工都能欣赏冗余。
K	FLAVOR_GNOMEREPAIRBOT	在赫德隆，侏儒改良是正经事。
K	FLAVOR_GREASEMONK	每周都有数十人为确保无摩擦的世界而失踪
K	FLAVOR_GREATOMENRAVEN	被忽视的渡鸦，会招来千只乌鸦。
K	FLAVOR_GUIDEOFLOSTSOULS	阿斯卡拉从萨德拉尼斯学到越多关于黑暗的事，就越深入去寻找需要帮助的人。
K	FLAVOR_HAUNTINGSPECTER	令人恐惧的是不在场之物；杀人的是在场之物。
K	FLAVOR_HECTICSCRIBE	他们笔锋迅捷——快到足以跟上正在展开的历史。
K	FLAVOR_HEDRONBERSERKER	该把事情推到高速挡了。
K	FLAVOR_HEDRONCANNON	注意，弑神者：对落者发动常规战争是浪费时间与资源。新计划：用如图所示的维度加农摧毁之
K	FLAVOR_HEDRONCANNON10TH	「如今我成了死亡，诸世界的毁灭者。」
K	FLAVOR_HEDRONDREDGER	侦测到碎片。挖掘进行中。
K	FLAVOR_HEDRONFLARE	过来！
K	FLAVOR_HEDRONLINKDEVICE	状况：大封印破损。散落各界的装置正在重新连结。奇迹，还是悲剧？请指示。
K	FLAVOR_HEDRONLINKDEVICE10TH	对机械而言，魔法不过是另一种能量。
K	FLAVOR_HEDRONPYROMANIAC	如同他的造物，赫德隆纵火狂的一生往往以一声巨响收场。
K	FLAVOR_HEDRONWATCHTOWER	沿线的人谁也不知道这一切究竟值什么
K	FLAVOR_HELLFROSTIMPS	「地狱结冰的时候，是吧？」
K	FLAVOR_HONISKROTCHIEFTAIN	「集结你们的部队——今夜，我们驰援奥戈。」
K	FLAVOR_HONISKROTTRIBESMAN	「你闻到了吗？」<br>「是的……今夜要猎的不只是猎物。」
K	FLAVOR_HULKINGCRAB	要是你也找不到够大的壳，脾气一样会臭。
K	FLAVOR_HURRASSEASFURY	飓风借用了那头古半神的名字——它游荡于海上。
K	FLAVOR_ID34DETECTOR	相对 ID-0NT 型号的大幅升级。
K	FLAVOR_IKUVALLEYTYRANT	你或许逃得过神殿，却永远逃不过伊库。
K	FLAVOR_ILLUMINATOR	操作员要花数月学习，才拿得到「照亮」执照。
K	FLAVOR_IMAGINATIVEMATRON	梦境并不创造可能，它只是把可能展示给我们。
K	FLAVOR_INITIATESGAUNTLETS	这副护手比许多新兵更长寿，直到终于等到不那么短暂的主人。
K	FLAVOR_INNOVATIVEASPIRANT	他们在艰难中看见可能。
K	FLAVOR_INQUARRYHYDRA	铁术士给了它不断向下深挖所需的好奇火花。
K	FLAVOR_INSPIREDTEMPLAR	他的刃与意志皆锋利，在光明中重铸。
K	FLAVOR_INVOKIST	恐惧有一张脸。\n让我指给你看。
K	FLAVOR_IRONELEMENTAL	金属教导我们：必须忍耐。
K	FLAVOR_JAKEBCOBRASHAMAN	「这正是我毕生训练所为的一战。」
K	FLAVOR_JOURNEYMANOUTRIDER	行者拒绝亚哈的修道生活，转而在其他界域寻找并分享知识。
K	FLAVOR_JUBILANTMONK	「愚者自以为智，智者自知为愚。」
K	FLAVOR_KANZIRTHERAVAGER	这就是为什么我们留不住好东西。
K	FLAVOR_KARION	梦境之门已腐化，是横跨两界的炼狱伤口。
K	FLAVOR_KEENEYEDASPIRANT	他们能看见那些想保持隐匿的人。
K	FLAVOR_KIRIMEADOWWITCH	别处皆陷动荡时，她的领地仍提供宁静。
K	FLAVOR_KIRIMEADOWWITCHETER	别处皆陷动荡时，她的领地仍提供宁静。
K	FLAVOR_KORMASTERINNOVATOR	你看见自然，我看见原材料。
K	FLAVOR_KORTHEFERROMANCER	警告：废料场可能危险。请谨慎前进
K	FLAVOR_KORTHEFERROMANCER10TH	那座山、它的金属、这些废墟，<br>都是他的武器。
K	FLAVOR_KORTHEIRONMIND	「我们并非赋予金属生命，只是助它寻得形态。」
K	FLAVOR_KYL3REPAIRBOT	它们为保全而生。
K	FLAVOR_LAGOONTROLL	嗯嗯嗯咕噜咕噜！
K	FLAVOR_LAGOONTROLLETER	嗯嗯嗯咕噜咕噜！
K	FLAVOR_LANDTALKER	<sprite=2>
K	FLAVOR_LANDTALKER10TH	巨人的言语使繁花绽放、森林生长。
K	FLAVOR_LEGENDCETRA	宇宙是浩瀚的奇迹，而存在本身<br>是珍贵的礼物。因此，成为英雄<br>意味着捍卫生命。
K	FLAVOR_LEGENDEMRI	速度或许令人惊叹，但时机才是<br>胜利的关键钥。决定结果的不是你有多快，<br>而是你何时出手。
K	FLAVOR_LEGENDKOR	每项发明都是更大机器中的齿轮，<br>层层相依，从凡人第一簇人造之火<br>到机械族的工具。
K	FLAVOR_LEGENDMASTERDHARTHA	选择能持久之物，而非诱惑之物。<br>此乃精通圣贤之道的路径。
K	FLAVOR_LEGENDNAIRA	与周遭世界和谐共处，<br>便是在生命的宏大织锦中<br>找到自己的位置。
K	FLAVOR_LEGENDNAKA	拥抱虚空，因为正是在这缺席之中，<br>我们刻下自己的意义。
K	FLAVOR_LEGENDPRIME	定义我们的是目的与经验的机理，<br>塑造的不只是我们是谁，还有我们<br>能成为什么。
K	FLAVOR_LEGENDULU	他们低语星辰——已死的、久被遗忘的、<br>以及尚未到来的——时间遗失之光的<br>继承者。
K	FLAVOR_LEPRECHAUN	在蘑菇谷，烟草与蜂蜜随风而来，或可遇见半鞋之人。
K	FLAVOR_LIBRARYFAMILIAR	谁？什么？哪里？何时？为何？
K	FLAVOR_LIFEBOUNDINITIATE	<sprite=38>
K	FLAVOR_LIFEBOUNDINITIATE10TH	唯有一位真正的母亲，所有命约皆是她的孩子。
K	FLAVOR_LIGHTOFFALSEHOPE	别跟着那些光！
K	FLAVOR_LOADREAMDRAGON	他的灵魂，借梦境显现。
K	FLAVOR_LOAMSPEAKERDRUID	无论他游荡多远，总能找回通往蘑菇的路。
K	FLAVOR_LOAMSUMMONER	沼泽随她的咒文翻涌冒泡，苏醒于她心中阴暗的新目的。
K	FLAVOR_LOASLEEPINGDRAGON	「他在梦界取龙形，但其真正力量在此界，」达萨解释道。
K	FLAVOR_LUNAREMBRACE	月之魔力接管一切，把别的都挤出去，直到只剩本能。
K	FLAVOR_LUNARGUARDIAN	他们为林而生，也能为林而死。
K	FLAVOR_LUNARMATRIARCH	她把安息带给最少得到安息的人。
K	FLAVOR_LUNARPACK	与祈夜其他地区不同，奥戈夜里比白天更安全。
K	FLAVOR_LUNARSTAG	「瞥见雄鹿是大福——但切勿妄图猎杀。那是诸神之事。」——寻径守卫卡姆
K	FLAVOR_LYCHANBEAST	他们永远看不见我来。
K	FLAVOR_MADNESSEMBRACE	一旦被它抓住，便无处可逃。
K	FLAVOR_MAGNETMONK	一位有吸引力的盟友
K	FLAVOR_MANIACALCRUSHER	钉死了。
K	FLAVOR_MANTRAOFRENEWAL	「我将容它从我身上越过、穿过。当它过去，我将以内眼看见它的路径。」
K	FLAVOR_MANTRAOFTRUESIGHT	「欲见所寻，须先闭目。」——卷轴铭文
K	FLAVOR_MAPOFTHESTARS	即便在不自然的夜里，塞特拉仍指引我们。
K	FLAVOR_MASTERDHARTHA	<sprite=120>
K	FLAVOR_MASTERDHARTHA10TH	通往山顶的路不止一条。
K	FLAVOR_MASTERDHARTHAETER	战争正酣时，弑神者登上六千六百六十六级台阶求见达萨，却被拒之门外。
K	FLAVOR_MATRONOFDISCOVERY	所有蓝图都始于梦。
K	FLAVOR_MECHANAINITIATE	<sprite=35>
K	FLAVOR_MECHANAINITIATE10TH	机械从不浪费：<br>回收士兵，再度训练。
K	FLAVOR_MECHANNONBLUEPRINT	「真好奇这玩意儿能砸出多大坑。」——艾玛·铁心
K	FLAVOR_MEPHIT10TH	谎言的传递者，混乱的播种者。
K	FLAVOR_MILESGOLDENPRODIGY	唯有达萨完全明白这男孩将在诸界遥远未来扮演的角色。
K	FLAVOR_MISTAKEOFCREATION10TH	不行，不行，不行。
K	FLAVOR_MONKOFTHELIDLESSEYE	教团察觉到扰动，却无法辨明其源头。
K	FLAVOR_MOONSTAFF	在满月光辉下，自然之美亦可令人心惊。
K	FLAVOR_MOONVEILCLIQUE	夜间可见奥戈的灵脉——月纱被魔力牵引，发出微光。
K	FLAVOR_MORBIDHAMMER	该砸锤了。
K	FLAVOR_MOSAICHORN	号角之音总宣告收获。
K	FLAVOR_MURAMASA	执魔刃，地狱亦将在你面前战栗。
K	FLAVOR_MURAMASA10TH	她最后的剑，并冠以其名。
K	FLAVOR_MUSEOFREBIRTH	「死亡与腐朽不只是旧生命的终结，也是新生命的开始。」
K	FLAVOR_MUTATEDSCAVENGER	数世纪以来，神殿扭曲了环绕它们的山谷的一切。
K	FLAVOR_NAIRIHENGEQUEEN	若你行路时捡到一缕发丝，将其一端系于指上，循之深入林中。它会引你至女王，或至你的末日——端看你配得哪一个。
K	FLAVOR_NAIRIWILDQUEEN	她看见一切。她爱一切。她即是一切。
K	FLAVOR_NEOPHYTEMENTOR	「小心脚下。」
K	FLAVOR_NIGHTMARAUDERS	它们无处不在！
K	FLAVOR_NIGHTMAREDELVER	靠赫德隆科技强化能力后，萨德拉尼斯的追随者得以更深地潜入黑暗。
K	FLAVOR_NIGHTMAREHARVESTER	「让这些恐惧白白浪费就太可惜了。」
K	FLAVOR_NIGHTMARETYRANT	骨碌作响与死亡的尖叫宣告他的到来，比咆哮更有效。
K	FLAVOR_NIHILBOMBER	恐惧有一张脸。
K	FLAVOR_NIHILMANCER	萨德拉尼斯组建了自己的屠魔氏族——黑卫的魔法对照。
K	FLAVOR_NIHILMANCERETER	萨德拉尼斯组建了自己的屠魔氏族——黑卫的魔法对照。
K	FLAVOR_NILHAMMER	需要一样能砸碎骨头与灵魂的东西吗？
K	FLAVOR_NILUSTHEDESPAIR	圣殿武士的思绪自行翻搅，他明白已经太迟了。
K	FLAVOR_NINE	赫德隆的头号死因？好奇心。
K	FLAVOR_NOCTURNALSEER	对她而言，梦与真实本是一体。
K	FLAVOR_NOVABORNOFCHAOS	开端可以与终局一样暴烈。
K	FLAVOR_NYXIANRITUALIST	每个虚空仪式师都能感知碎片之力，但只有少数能驾驭它。
K	FLAVOR_NYXIANSPIRITCASTER	他们知道威胁将至……并欢迎它。
K	FLAVOR_OAKOFSOULS	清醒之死落在无意识世界的结果。
K	FLAVOR_OBFUSCASPIRIT	爱是一场梦。爱是一场梦魇。
K	FLAVOR_OGOCOURIER	「赶快。若要保全我们的新世界，就必须警告他人泽伦的计划，」奈瑞催促道。
K	FLAVOR_OGODEMONTRAP	至少能让这里少些小东西。
K	FLAVOR_OGOWARTREE	一路平安！
K	FLAVOR_OMNICRON	驾驭新能源：成功
K	FLAVOR_ORASTHEREDEEMER	他守望英勇事迹，将其荣耀传说织入宇宙的经纬。
K	FLAVOR_ORBOFNYX	凝视宝珠，或许会看见你的灵魂回望。
K	FLAVOR_OTHERWORLDLYGUIDE	「我们曾视它们为宠物——如今，视它们为伙伴。」
K	FLAVOR_OZIAHJUDGEOFLOGOS	他的意志与利刃合一。
K	FLAVOR_OZIAHSFAMILIAR	「他不是在玩弄食物，是在给它上一课。」
K	FLAVOR_OZIAHTHEPEERLESS	「孩子，这新世界须有南北东西，」逻各斯说。奥齐亚拔剑连斩两下。<br>「父亲，完成了，」他答道。
K	FLAVOR_OZIAHTHEPEERLESS10TH	连不朽者也惧他那柄神兵
K	FLAVOR_OZIAHTHEPEERLESSETER	「孩子，这新世界须有南北东西，」逻各斯说。奥齐亚拔剑连斩两下。<br>「父亲，完成了，」他答道。
K	FLAVOR_PASYTHEASWARD	帕西忒亚只把庇护赐给已证明自己配得勇敢之人。
K	FLAVOR_PATHFINDERSTOTEM	没有你能踏足、而寻路者尚未称之为家的地方。
K	FLAVOR_PATHWARDEN	英雄居于道路最后一道弯之外。
K	FLAVOR_PATIENTASSASSIN	他愿意等待时机。
K	FLAVOR_PENUMBRALEDGE	「凯西斯已逃，该死者的灵魂对着无人照管的迪奥弗之门嚎叫。」——萨德拉尼斯
K	FLAVOR_PENUMBRALEDGEETER	「凯西斯已逃，该死者的灵魂对着无人照管的迪奥弗之门嚎叫。」——萨德拉尼斯
K	FLAVOR_PERSONALWORMHOLE	注意：请勿把头伸进去
K	FLAVOR_PIERCINGEYE	「慧眼会指引你去往自己的眼睛到不了的地方。」
K	FLAVOR_PIERCINGEYEETER	「慧眼会指引你去往自己的眼睛到不了的地方。」
K	FLAVOR_PILLAROFRESOLVE	「衡量一个人的终极标准，不是他们在安逸时站在何处，而是在挑战时站在何处。」
K	FLAVOR_PLANARAPERTURE	它可能通向任何地方——而这通常就是问题所在。
K	FLAVOR_POLLENPIXIE	一开始你会觉得有点不对劲……
K	FLAVOR_PORTABILLET	附带损害：可接受。
K	FLAVOR_POTOFGOLD	是金子啊，宝贝！
K	FLAVOR_PREMONITIONBELL	它回响着明日之歌。
K	FLAVOR_PRIMEDIRECTIVE	P.R.I.M.E. 驻守赫德隆之心，时刻警惕任何出现的威胁。
K	FLAVOR_PROCESSINGHUB	工匠们已分不清自己的思绪与机器的思绪。
K	FLAVOR_PROCESSINGHUBETER	工匠们已分不清自己的思绪与机器的思绪。
K	FLAVOR_PRODIGAL	圣殿武士团的初学者，获赐的练习刃与其稚嫩心智一样难用。
K	FLAVOR_PROJECTALPHA	启动转化。
K	FLAVOR_PROSPECTORSCOUT	「是金子，宝贝！金子！」
K	FLAVOR_PROTEANSEASLUG	谁有很多很多盐吗？
K	FLAVOR_PROTEANSEASLUGETER	谁有很多很多盐吗？
K	FLAVOR_PROTOTYPECH32	挖掘系统上线
K	FLAVOR_PSYONICPALADIN	铠甲由我们的思绪塑形，利剑由我们的意志指引。
K	FLAVOR_PUPPETMASTER	幽魂推搡意志薄弱者，迫使他们把怯懦之路当作唯一选择。
K	FLAVOR_QADIMSTALKER	看他们仍以何种凶猛守卫森林，你绝不会知道卡迪姆已驻守多久。
K	FLAVOR_RADIANTASPIRANT	他们在黑暗中看见光明。
K	FLAVOR_RAKADREAMTENDER	奈瑞纠正他们：「他不是隐士。他只是觉得野生动物与梦，比人更能忍受。」
K	FLAVOR_RAKARCORRUPTASKARA	爱是一场梦。爱是一场梦魇。
K	FLAVOR_REACTORMONK	堆芯功率输出提升 20%。僧侣死亡率提升 20%。
K	FLAVOR_REACTORMONK10TH	有时，好奇会变成疯狂。
K	FLAVOR_REACTORSHRINE	替代燃料源已解锁额外能力。
K	FLAVOR_REALITYSCULPTOR	生活模仿艺术。
K	FLAVOR_RECKLESSEXCAVATOR	它缺的是精细，补的是结果。
K	FLAVOR_RECYCLICRAB	不浪费。全想要。
K	FLAVOR_REMUSWILDEMISSARY	并非所有寻径守卫都能拥抱本能而不被本能吞没。
K	FLAVOR_REPLICATIONDRONE	我们造得出来。我们有技术。
K	FLAVOR_REPURPOSER	维修完毕。机组可投入运作。
K	FLAVOR_RESOURCEFULTRADER	「你要钥石？我能给你搞到钥石。」
K	FLAVOR_REVERIEMUSE	她温柔的旋律漂过梦原，把安宁与可能填入各方灵魂。
K	FLAVOR_RIFTDRAKERIDER	最快的路并不总是你能看见的那条。
K	FLAVOR_RIFTGATECONJUROR	「要是有东西从传送门出来怎么办？」初学者问。萨德拉尼斯嗤笑：「它会对等待它的东西感到恐惧。」
K	FLAVOR_RIFTWALKERSAXE	挥舞者黑暗灵魂的延伸。
K	FLAVOR_RIFTWATCHOUTPOST	瞭望塔刺出黑暗，仿佛在监视光明。
K	FLAVOR_RIVERREAPER	金色巨人，高过群山
K	FLAVOR_ROCKETCOURIERX9910TH	你有新邮件！
K	FLAVOR_ROCKETCOURIERX99ETER	你有新邮件！
K	FLAVOR_ROOTSCRYER	僧侣聆听树木低语的咒语，周遭整个世界都安静下来。
K	FLAVOR_RUNICHONISKROT	高贵的霍尼斯克洛特在神秘碎片面前惴惴不安。
K	FLAVOR_RUNICLYCANTHROPE	<sprite=41>
K	FLAVOR_RUNICLYCANTHROPE10TH	以血书写，你将看见血即是灵。
K	FLAVOR_RUNICLYCANTHROPEETER	「感官。速度。反射。狡黠。只有傻瓜才会称之为诅咒。」
K	FLAVOR_RUSTGREMLIN	赫德隆一切可能出错之事的化身。
K	FLAVOR_SABRETHEMOONLIT	有时最好别吵醒沉睡的熊。
K	FLAVOR_SACREDPOT	「放任你的想象作每一次可能的翱翔。」
K	FLAVOR_SADISTICGIANT	变幻的位面为残忍的埃斯特林氏族提供源源不断的牺牲者。
K	FLAVOR_SADRANISDARKSAVANT	达萨安抚他们：「并非所有凝视黑暗者都侍奉黑暗。正如我们挥舞光明，他挥舞黑暗。」
K	FLAVOR_SALVAGEMASTERMILA	最好的创造，可能来自我们最不意料的地方。
K	FLAVOR_SALVAGEYARD	回收。重建。再利用。
K	FLAVOR_SAMAELETERNALSINNER	我是永恒。你们有何指望击败我？
K	FLAVOR_SAMAELSTRICKSTER10TH	他总知道你灵魂的价码。
K	FLAVOR_SCAVENGERANTS	它们用任何东西建造，包括你。
K	FLAVOR_SCIONOFCETRA	塞特拉指引她的孩子，不是直接到命运，而是到通往命运的路。
K	FLAVOR_SCIONOFEMRI	当最后一丝悔恨被涤尽，他们便准备好加入黑卫。
K	FLAVOR_SCIONOFEULOTH	当他们视机器为自身一部分时，便准备开始工作。
K	FLAVOR_SCIONOFOZIAH	一击之下，暴君伏诛，他的训练亦告完成。
K	FLAVOR_SCRABBLINGSQUAD	双倍单词得分
K	FLAVOR_SCRAPBOTSCRAPPER	此人之垃圾，乃彼机之兵器。
K	FLAVOR_SCRAPWEAVER	金属的刮擦嗡鸣引导他们，赋予废弃零件以目的。
K	FLAVOR_SCRYEROFTHELIDLESSEYE	僧侣们围着全知之眼，对其预示的未来惊骇不已。
K	FLAVOR_SEARINGASKARA	她的火焰灼出一条直抵黑暗之心的路。
K	FLAVOR_SEATYRANT10TH	它众多鳍片升起，如同一支庞大舰队的帆。
K	FLAVOR_SECLUDEDLABORATORY	负责赫德隆一些最伟大的科技进步……以及更伟大的爆炸
K	FLAVOR_SEEROFDAYSPAST	「世界是新的，但我们的过去仍与我们同在。」
K	FLAVOR_SEEROFTHEFORKEDPATH	「左路是你的死，弑神者。右路是她的死。你必须速决——萨麦尔已在行动。」
K	FLAVOR_SEEROFTHEFORKEDPATH10TH	此处提供选择，不提供确定。
K	FLAVOR_SERENEASCETIC	新手听见嘈杂，大师只听见交响。
K	FLAVOR_SERPENTCALL	「母亲，召我归家。」——奥戈死亡仪式
K	FLAVOR_SHADECONVERTER	Let那里是 光.
K	FLAVOR_SHADEOFTHEBLACKWATCH	萨麦尔与尼克斯的子嗣常从虚空现身，必须被放逐。
K	FLAVOR_SHADEOFTHEBLACKWATCH10TH	致命的战士，因奇特的宠物而更加致命。
K	FLAVOR_SHADESBARGAIN	力量从不会没有代价。
K	FLAVOR_SHADOWBLADESENTRY	当锁不够用时，试试影刃哨兵。
K	FLAVOR_SHADOWELEMENTAL	黑暗教导我们时刻警惕。
K	FLAVOR_SHADOWRIDGESCOUT	脏活累活，价格便宜。
K	FLAVOR_SHADOWSTALKER	永远要数清影子。
K	FLAVOR_SHADOWSTAR	<sprite=73>
K	FLAVOR_SHADOWSTAR10TH	「小心，年轻的英雄，」秘术士说。<br>「它对糟糕的瞄准可不客气。」
K	FLAVOR_SHADOWSTARETER	「扔的时候小心点，弑神者，」兵器大师皱眉道。「它容不得瞄准差的持有者。」
K	FLAVOR_SHARDFINDERCOMPASS	布拉汉盯着罗盘，全身发麻。他知道自己该去哪里。
K	FLAVOR_SHARDWINGBEETLE	令人胆寒的结局。
K	FLAVOR_SHEPHERDOFTHELOST	「我许多同袍紧抓生命不放，却忘了它只是自然循环的一半。」
K	FLAVOR_SHRINEATTENDANT	即便在希望看似不可能的最黑暗之夜，最小的举动也能最有效地维系希望。
K	FLAVOR_SIEGEMASTERSRAM	敲敲！
K	FLAVOR_SIREWOODELDER	「对幼苗而言，知识与水、阳光同样重要。」
K	FLAVOR_SISTEROFTHEWIND	风之神殿教导学生向自己也向彼此学习。
K	FLAVOR_SKYROCKETDRONE	战力在.
K	FLAVOR_SNAPDRAGON	<sprite=7>
K	FLAVOR_SNAPDRAGON10TH	没有比骄傲更致命的毒药。
K	FLAVOR_SOCKETALTAR	铸成正确的形状，完成神圣挑战
K	FLAVOR_SOLARSENTRY	僧侣们很快便驾驭了其使命之力。
K	FLAVOR_SOULASSASSIN	风暴壮大时，有一个派系发现自己特别适合眼前的任务。
K	FLAVOR_SOULSHAPER	代价很简单——一个灵魂换另一个。
K	FLAVOR_SOULSNAREHUNTER	「自然地，是艾姆瑞的猎手找到了进入生命神殿最病态的入口。」
K	FLAVOR_SOWEROFBETRAYAL	混沌当道时，信任是最强的力量；若被利用，也是更大的弱点。
K	FLAVOR_SOWEROFDISCONTENT	播种者潜伏于五界，以耳语与谣言侵蚀维系它们的希望。
K	FLAVOR_SPARKBUG	赫德隆机械里的虫子，并不都是坏的。
K	FLAVOR_SPARKSPRAYER	损失可接受。继续作业。
K	FLAVOR_SPIKEVIXEN	尽管恐惧丽莎已离开黑曜环，她许多致命的门徒仍在。
K	FLAVOR_SPIKEVIXEN10TH	若死亡中有美，则刺狐女值得一睹。
K	FLAVOR_SPIKEVIXENETER	若死亡中有美，则刺狐女值得一睹。
K	FLAVOR_SPIKEVIXENRU	若死亡中有美，则刺狐女值得一睹。
K	FLAVOR_SPIREOFINSIGHT	电其实只是有组织的闪电。
K	FLAVOR_SPIRITOFTHEANCIENTS	向过去寻求对未来的帮助。
K	FLAVOR_SPITEFULGLADIATOR	「现在受苦，余生便以冠军之身而活。」
K	FLAVOR_STALKTHESHADOWS	艾姆瑞的刺客总能找到目标，不论它自以为能藏到哪里。
K	FLAVOR_STARCHILD	每个生灵都有属于自己的星，优雅的守望者栖于其上，声音熟悉，触碰一如幼时那份怀抱。
K	FLAVOR_STARVEDABOMINATION	你或许以为死亡神殿的住民更吓人——那你就错了。
K	FLAVOR_STATICELEMENTAL	新兵常被「冲锋！」的喊声紧接大规模撤退搞糊涂。
K	FLAVOR_STONEBLADETEMPLAR	<br>
K	FLAVOR_STONECIRCLEELDER	自然循环与星空，对古老德鲁伊之眼毫无秘密。
K	FLAVOR_STORMSMITHANVIL	铁砧之歌如低沉雷鸣回响。
K	FLAVOR_SUNSTREAKCOURIER	他移动极快，无需夜色掩护。
K	FLAVOR_SURESHOTTRACKER	正中目标。
K	FLAVOR_SURGEPROTECTOR	无论她去哪，都是一股充能之力。
K	FLAVOR_SURYALIGHTSSWORD	「师父，我不想再战斗了，」苏里亚坦白。达萨答道：「正因为如此，才必须是你。」
K	FLAVOR_SYNCHRONIZER	防止过载。提升效率。与界外装置不兼容。
K	FLAVOR_TABLETOFTHEDREAMER	在神秘碎片近旁，关于阿达尤之力的低语自石板渗出。
K	FLAVOR_TABLETOFTIMESDAWN	逻各斯诸子之首是时间：骗子、无赖，注定最终君临一切。
K	FLAVOR_TABLETOFTIMESDAWN10TH	时间的秘密刻于石上。
K	FLAVOR_TECHNOLOGICALLEAP	其他派系梦见伟大，赫德隆满足于梦见伟大的新发明。
K	FLAVOR_TECTONICTHRASHER	沉眠诸峰隐藏的不只是山中矿石。
K	FLAVOR_TECTONICTHRASHERETER	沉眠诸峰隐藏的不只是山中矿石。
K	FLAVOR_TELETRANSMITTERBLUEPRINT	像心灵感应，但没那么好用。\n——艾玛·铁心
K	FLAVOR_TEMPLARDRAGOON	总比走路强。
K	FLAVOR_TEMPLAROUTPOST	慧眼的庇护延伸至其目力所及。
K	FLAVOR_TEMPLEGUARDIAN	圣殿武士从不动剑。令他们更深切入的是敏锐才智。
K	FLAVOR_TEMPLELIBRARIAN	「没有知识，力量便是幻象。没有秩序，知识便是碎片。没有我，秩序便不可能。」
K	FLAVOR_TEMPLELIBRARIAN10TH	「没有知识，力量便是幻象。没有秩序，知识便是碎片。没有我，秩序便不可能。」
K	FLAVOR_TEMPLEOFARHA	一处思索不可能之事的不可能之地。
K	FLAVOR_TEMPLEOFHEROES	他们的名字被遗忘，事迹却不然。
K	FLAVOR_TEMPLEOFTHEWIND	神殿教导凡人男女在需要迅疾果决之时勇敢起来。
K	FLAVOR_TEMPORALEXCAVATOR	曾经发生的一切都将再次发生
K	FLAVOR_TERMINITES	他们不过是虫子，士兵。能有多大？
K	FLAVOR_TERRORIZINGFIEND	趁阿达尤疯狂的混乱，恶魔惩罚祈夜过往的罪愆。
K	FLAVOR_TEYNWOLFKING	泰恩的大军饥渴而来，饱食血肉而去。
K	FLAVOR_TH07TANK	给「沉浸于思绪」赋予了新含义。
K	FLAVOR_THEALLSEEINGEYE	<sprite=98>
K	FLAVOR_THEALLSEEINGEYE10TH	全知之眼洞穿不可能的帷幕。
K	FLAVOR_THEGRANDDESIGN	据说详述主要功能的神圣图纸。为所有机械留有一席之地。
K	FLAVOR_THEGRANDDESIGN10TH	预测未来的最好方式是创造它。
K	FLAVOR_THEIRONHEART	「我不管你有多少触手。我有飞艇！」——艾玛·铁心
K	FLAVOR_THEWORLDTREE	每一枝条，一条分途。每一粒种子，一个新开端。
K	FLAVOR_THIEVINGGRYPHON	新祈夜并非一切都诡异得吓人——有时只是普通地吓人。
K	FLAVOR_THORNEDCHARGER	在野外危险，在城市则是灾难。
K	FLAVOR_TIDESTALKER	当地村民已学会：退潮与涨潮同样要小心。
K	FLAVOR_TIDESTALKERETER	当地村民已学会：退潮与涨潮同样要小心。
K	FLAVOR_TIMESTREAMSEER	她的手拂过水面，改写无数生命的轨迹。
K	FLAVOR_TINKERINGMONK	人人都有份
K	FLAVOR_TOMEOFERABUS	「当下的真相藏于我们过去的阴影」——艾姆瑞
K	FLAVOR_TORICASCENDANT	通过理解碎片，他与它们合而为一。
K	FLAVOR_TORMENTEDSOUL10TH	被锁链束缚，永远连着<br>他们生前紧抓不放的仇恨。
K	FLAVOR_TORMENTLEGIONARY	无尽野心，超越死亡，超越现实。
K	FLAVOR_TOWERASKARA	她们的手指筛过曾有、现有、或将有的每一个念头。
K	FLAVOR_TREASUREHUNTER	好像他还需要借口去猎怪似的。
K	FLAVOR_TREASURESOFTHESTUDY	「勿向外求，逻各斯在内。」<br>——宝匣铭文
K	FLAVOR_TRINKETHARPY	「多漂亮的吊坠。可惜你再也用不上了。」
K	FLAVOR_TROPHYHUNTER	他不总是猎怪，但一旦猎到，就会挂在墙上。
K	FLAVOR_TRUTHSEEKER	「这些碎片突然出现令人不安。我们必须查明其真正本质。」
K	FLAVOR_TUSKRIDER	松露与人肉。
K	FLAVOR_TWILIGHTSCOUT	对光明的爱把他们带到最需要光明之处。
K	FLAVOR_TWOFOLDASKARA	<sprite=115>
K	FLAVOR_TWOFOLDASKARA10TH	概念与情感的神圣化身，<br>阿斯卡拉是不可能的存在。
K	FLAVOR_UMBRALEDGE	「他无法躲过我——我已见过最后地平线之外的景象。」——艾姆瑞
K	FLAVOR_UMBRALEDGEETER	「他无法躲过我——我已见过最后地平线之外的景象。」——艾姆瑞
K	FLAVOR_UNDAUNTEDSCOUT	在珍视无畏的社会中最无畏者，斥候冲锋在前，众人跟随。
K	FLAVOR_UNSPEAKABLEDOOM	不行。
K	FLAVOR_UPGRADEFOUNDRY	这不会太疼……大概
K	FLAVOR_VALIANTASCETIC	亚哈在纪念损失时记得：真正的高贵在于为更大事业牺牲。
K	FLAVOR_VEDAHSAGEOFSWORDS	「我用一百年思索一根草叶。它成了我的整个世界、唯一对手。然后，我斩断了它。」
K	FLAVOR_VENOMPRIESTESS	她们的毒素是黑卫刺客的首选。
K	FLAVOR_VERDANTCHANTER	即便是森林，在缺光时也需要希望。
K	FLAVOR_VERDANTCROWN	「再大的森林也始于一粒种子。」——石环祈咒
K	FLAVOR_VERDANTELEMENTAL	植物教导我们：生命总会重新开始。
K	FLAVOR_VERDANTHATCHLING	当维达格里斯苏醒，幼雏亦然。
K	FLAVOR_VIGILSRESOLVE	剑的力量既来自金属，也来自持剑之人。
K	FLAVOR_VIREPHEMERALGURU	凡看见他的人，别无选择，只能跟随。
K	FLAVOR_VOIDAVENGER	每一次击杀都让他更接近救赎陨落的同袍。
K	FLAVOR_VOIDCYCLERBLUEPRINT	「真好奇这玩意儿能砸出多大坑。」——艾玛·铁心
K	FLAVOR_VOIDFORGEDPALADIN	黑卫与圣殿武士在战斗中找到了共同语言。
K	FLAVOR_VOIDINITIATE10TH	入会仪式一如他们来自的土地<br>那般严酷。
K	FLAVOR_VOIDMESMER	血召唤血。
K	FLAVOR_VOIDMILITIA	「爱现……」
K	FLAVOR_VOIDSPEAKER	对人类情感有着贪婪的食欲。
K	FLAVOR_VOIDSPEAKERETER	对人类情感有着贪婪的食欲。
K	FLAVOR_VOIDSWORNCHAMPION	多数人被虚空的召唤逼疯。本已疯狂者只听见战鼓。
K	FLAVOR_VOIDSWORNWARRIOR	立于湮灭边缘者，感受其牵引最深。
K	FLAVOR_VYRAKTHEFIRST	连德鲁伊也忘了他得名所自的语言。
K	FLAVOR_WAILINGSPECTRE	夜中第一声尖叫响起，祈夜居民便锁上门，紧抓那虚假的希望：门能救他们。
K	FLAVOR_WARPDRUID	树皮撕裂血肉。
K	FLAVOR_WARPROGUE	爱是一场梦。爱是一场梦魇。
K	FLAVOR_WATCHMAKERSALTAR10TH	你可以拖延，时间不会。
K	FLAVOR_WATCHTOWERGOLEM	太好了，有客人！
K	FLAVOR_WATERELEMENTAL	水教导我们：变化不可避免。
K	FLAVOR_WEAPON303V	编制 23 人<br>10 名驾驶员，12 名操作员，1 名持证炮管技师
K	FLAVOR_WHIRLWINDASCETIC	环绕他的漩涡，唯有他内心的平静可与之匹敌。
K	FLAVOR_WICKEDEND	胜利有代价，但比失败便宜。
K	FLAVOR_WILDBARKMAIL	奈瑞对哨兵说：「自豪地穿上你的铠甲，并知道：森林守护你，正如你守护森林。」
K	FLAVOR_WILDCALLSTAFF	强大的力量伴随更强的渴求。
K	FLAVOR_WILDFIREELEMENTAL	我们不需要水，就让野火燃烧。
K	FLAVOR_WILDGEARDRUID	德鲁伊钦佩僧侣的机巧与创见。僧侣钦佩德鲁伊对未知的拥抱。
K	FLAVOR_WILDRIFTDRAKE	黑暗兽群划破夜空尖叫，为新世界带来新噩梦。
K	FLAVOR_WINDTYRANT10TH	「要来的远不止一场风暴。」<br>——奥齐亚
K	FLAVOR_WOLFSHAMAN10TH	当你对月嚎叫，而她的孩子回应时，你便知道自己的召唤。
K	FLAVOR_WOLFSHAMANRU	「你们或许不知道，但我自认有点独行。」
K	FLAVOR_WORKSHOPGARGOYLE	要不是疯疯癫癫，它们会更有用
K	FLAVOR_WORKSHOPGARGOYLEETER	要不是疯疯癫癫，它们会更有用
K	FLAVOR_WRECKLAMAX	准备好碎石了吗？
K	FLAVOR_XERONDUKEOFLIES10TH	据说泽伦每说一个字<br>就付出上千条性命。
K	FLAVOR_XERONFALSEALLY	他总乐意帮忙——有代价。
K	FLAVOR_YGGDRASILCANOPY	露水自彼处落入幽谷。它永绿屹立，覆于艾雅娜之井上。
K	FLAVOR_YGGDRASILSTAFF	<sprite=173>
K	FLAVOR_YGGDRASILSTAFF10TH	它生长时，持有者的力量亦然。
K	FLAVOR_YOLOTHIANMONOLITH	侦测到能源。正在计算预期寿命……
K	FLAVOR_YUREYEOFCHAOS	自然之力无关善恶，却同样能创造或毁灭。
K	FLAVOR_ZEROPOINTREACTOR	宇宙始于大爆炸，但僧侣觉得还有改进空间
K	FLAVOR_ZETAARSENAL	选择你的武器。
K	FLAVOR_ZINTASBRACERS	辛塔探入虚空，从中抽出匕首。
K	FLAVOR_ZISDREAMREAPER	死法之多，恰如梦境之多。
K	Key_2Players	2 名玩家
K	Key_2_Players	2 名玩家：
K	Key_3Players	3 名玩家
K	Key_3_Players	3 名玩家：
K	Key_4Players	4 名玩家
K	Key_4_Players	4 名玩家：
K	Key_AIDifficulty	电脑难度
K	Key_AIOpponent	电脑对手
K	Key_AIPlayer	电脑玩家
K	Key_AIPlayer1	AI 玩家 1
K	Key_AIPlayer2	AI 玩家 2
K	Key_AIPlayer3	AI 玩家 3
K	Key_AIPlayer4	AI 玩家 4
K	Key_Abbr_Hour	时
K	Key_Abbr_Hours	时
K	Key_Abbr_Minute	分
K	Key_Abbr_Second	秒
K	Key_Accept	接受
K	Key_AcceptInvite	接受邀请
K	Key_AccountCreateFailed	账号创建失败。
K	Key_AccountCreateSuccess	账号已创建。<br>请输入密码登录。
K	Key_AccountError	账号出错。
K	Key_AccountNotActivatedEmail	账号尚未激活。请按发送到你邮箱的说明完成激活。
K	Key_Achievements	成就
K	Key_AddComputerPlayer	添加电脑对手
K	Key_AddFriend	添加好友
K	Key_AddFriendPrompt	要将这名玩家加入好友列表吗？
K	Key_AddHumanPlayer	添加真人玩家
K	Key_AddProfile	添加个人资料
K	Key_Agree	我同意
K	Key_AmbientVolume	环境音量
K	Key_AndroidNotifications	Android 通知
K	Key_Animation_Speed	动画速度
K	Key_Announcements	公告
K	Key_AnyRating	任意评分
K	Key_AppStore	应用内商店
K	Key_AudioLevels	音量
K	Key_AutoPlay	自动出牌
K	Key_Back	返回
K	Key_Buy	购买
K	Key_Cancel	取消
K	Key_CardGallery	卡牌图鉴
K	Key_CheckYourEmail	请查收邮件以获取账号信息
K	Key_ChooseEndTurn	确定要结束你的回合吗？
K	Key_ClearInvite	清除邀请
K	Key_ClearPurchases	清除购买
K	Key_Close	关闭
K	Key_Commit	确认
K	Key_CommitDecision	确认你的决定
K	Key_Completed	已完成
K	Key_CompletedListEmpty	你目前没有已完成的对局。
K	Key_Confirm	确认
K	Key_ConfirmChange	确认更改
K	Key_ConfirmExit	确定要退出游戏吗？
K	Key_ConfirmPassword	确认密码
K	Key_ConfirmProfileDelete	确定要删除此个人资料吗？
K	Key_ConfirmRevealed	确认已展示的卡牌
K	Key_ConfirmationPause	确认暂停
K	Key_ConnectFail	连接服务器失败
K	Key_Connecting	正在连接服务器
K	Key_Continue	继续
K	Key_CreateAccount	创建账号
K	Key_CreateGame	创建对局
K	Key_CreateGameFail	无法创建。
K	Key_CreateGameFailTooMany	无法创建。<br>已创建的对局过多。
K	Key_CreateGameFailUnknown	无法创建。<br>未知错误
K	Key_CreateNewAccount	创建新账号
K	Key_CreatedGameSuccess	对局创建成功！
K	Key_CreatingGame	正在创建对局 . . .
K	Key_CreatingNewAccount	正在创建账号...
K	Key_Credits	制作人员
K	Key_Day	天
K	Key_Days	天
K	Key_Delete	删除
K	Key_DeleteFriend	删除好友
K	Key_DeleteGame	删除对局
K	Key_DeleteGameConfirm	要删除此对局吗？
K	Key_DeleteMatchmaking	删除匹配
K	Key_Delete_Game	删除你的对局
K	Key_Details	详情
K	Key_Disconnect	你已断开<br>与服务器的连接
K	Key_Dismiss	关闭
K	Key_Done	完成
K	Key_DontShowWarning	不再显示此警告
K	Key_DoubleTapContinue	双击继续…
K	Key_DragProfiles	将个人资料标签拖到玩家栏位
K	Key_DragToAdd	拖到下方添加
K	Key_DuplicateProfile	已存在同名个人资料
K	Key_Email	电子邮箱
K	Key_EmailInUse	该邮箱已被使用
K	Key_EmailNotifications	邮件通知
K	Key_EmailUser	请输入邮箱或用户名
K	Key_Empty	空
K	Key_EndGame	结束对局
K	Key_EnterEmail	输入邮箱
K	Key_EnterName	请输入名称
K	Key_EnterPassword	输入密码
K	Key_EnterText	请输入文字...
K	Key_EnterUsername	请输入用户名
K	Key_EnterUsernameAlt	输入用户名
K	Key_EnterValidEmail	请输入有效的电子邮箱地址
K	Key_Error	错误
K	Key_Exit	退出
K	Key_ExpireTimer	超时计时
K	Key_FailConnect	无法连接到服务器
K	Key_Fast	快
K	Key_FindGame	查找对局
K	Key_FindGameListEmpty	目前没有可加入的对局。<br>请使用“创建对局”菜单开一局新游戏。
K	Key_FindGameSearching	正在搜索对局 . . .
K	Key_Finish	完成
K	Key_Forfeit	认输
K	Key_ForfeitPrompt	确定要放弃这局游戏吗？
K	Key_ForfeitedOpponents	所有对手均已认输。你赢了！
K	Key_Forfeits	认输次数
K	Key_Forget	忘记登录信息？
K	Key_Fri	五
K	Key_Friday	星期五
K	Key_FriendAddSuccess	已成功添加好友“{0}”。
K	Key_FriendAdding	正在将“{0}”加为好友。
K	Key_FriendAlready	{0} 已经是你的好友。
K	Key_FriendNotFound	未找到用户“{0}”。
K	Key_FriendRemoving	正在移除好友“{0}”。
K	Key_FriendRequest	好友请求
K	Key_FriendRmvSuccess	已移除好友。
K	Key_Friends	好友
K	Key_FriendsList	好友列表
K	Key_Fullscreen	全屏
K	Key_GameChat	对局聊天
K	Key_GameCompleted	对局结束
K	Key_GameListEmpty	你目前没有进行中的对局。
K	Key_GameLog	对局记录
K	Key_GamePaused	游戏已暂停
K	Key_GameStats	对局统计
K	Key_GameTimer	对局计时
K	Key_GameType	对局类型
K	Key_Game_List	对局列表
K	Key_Game_Speed	游戏速度
K	Key_HelpEnabled	启用帮助
K	Key_Hint_Buy	获取
K	Key_Hint_Copy	复制
K	Key_Hint_Defend	防御
K	Key_Hint_Delete	删除
K	Key_Hint_Discard	弃牌
K	Key_Hint_Give	交给
K	Key_Hint_Play	打出
K	Key_Hint_Reveal	展示
K	Key_Hint_Select	选择
K	Key_Hint_Target	目标
K	Key_Hint_Use	使用
K	Key_Hour	小时
K	Key_Hours	小时
K	Key_Human	人类
K	Key_InApp	商店
K	Key_In_Progress	进行中
K	Key_InvalidCharacters	名称包含无效字符
K	Key_InvalidEmail	邮箱无效
K	Key_InvalidPassword	密码无效
K	Key_InvalidUsername	用户名已被使用。
K	Key_Invite	邀请
K	Key_InviteFriend	邀请好友
K	Key_Invited	已邀请
K	Key_Join	加入
K	Key_JoinFailConnect	无法加入。<br>与服务器的连接已断开。
K	Key_JoinFailFull	无法加入。<br>对局已满。
K	Key_JoinFailNotExist	无法加入。<br>对局已不存在。
K	Key_JoinFailUnknown	无法加入。<br>未知错误。
K	Key_JoinGame	加入对局
K	Key_JoinSuccess	已成功加入对局！
K	Key_Joining	正在加入对局 . . .
K	Key_KeyBindings	按键绑定
K	Key_Languages	语言
K	Key_Loading	加载中... %d%%
K	Key_LoadingCards	正在加载卡牌
K	Key_LoadingGame	加载中
K	Key_Locked	已锁定
K	Key_LogOut	退出登录
K	Key_Login	登录
K	Key_LoginFailed	登录失败
K	Key_LossesVS	对战负场
K	Key_MainMenu	主菜单
K	Key_Medium	中
K	Key_Menu	菜单
K	Key_Minute	分钟
K	Key_Minutes	分钟
K	Key_Mon	一
K	Key_Monday	星期一
K	Key_Moregames	更多游戏
K	Key_Music_Volume	音乐音量
K	Key_MustAcceptTerms	创建账号前必须同意使用条款
K	Key_NameEntry	请输入玩家名称
K	Key_NetworkUpdate	有可用更新。<br>请下载最新版本后再进行在线游戏。
K	Key_Newsletter	Playdek 通讯
K	Key_NoCardSelected	未选择卡牌
K	Key_NoCommit	不是有效目标
K	Key_NoPlayerData	无玩家数据
K	Key_None	无
K	Key_NoticeExpiredTimer	计时已耗尽！<br>你已输掉这局游戏。
K	Key_NoticeOpponentsForfeit	所有对手均已认输。你赢了！
K	Key_Notifications	通知
K	Key_OK	确定
K	Key_Offline	离线
K	Key_OfflineCreateGame	离线创建对局
K	Key_OfflineLobby	离线大厅
K	Key_Offline_Game_List	离线对局列表
K	Key_Offline_Record	离线战绩
K	Key_OnTheWeb	访问网站
K	Key_Online	在线
K	Key_OnlineChat	大厅聊天
K	Key_OnlineCreateGame	在线创建对局
K	Key_OnlineFailGameCenter	必须登录<br>Game Center<br>才能进行在线游戏
K	Key_OnlineLobby	在线大厅
K	Key_OnlineLogin	在线登录
K	Key_Online_Game_List	在线对局列表
K	Key_Online_Record	在线战绩
K	Key_OpponentStats	对手统计
K	Key_Option_MayEndTurn	你可以结束回合
K	Key_Option_MustEndTurn	你必须结束回合
K	Key_Options	选项
K	Key_Password	密码
K	Key_PasswordMismatch	两次输入的密码不一致
K	Key_PasswordNoMatch	密码与确认密码不一致
K	Key_PasswordNotVerified	请再次确认密码
K	Key_PasswordRequired	必须设置密码
K	Key_Pause	暂停
K	Key_Play	开始
K	Key_PlayOffline	离线游戏
K	Key_PlayOnline	在线游戏
K	Key_Player1	玩家 1
K	Key_Player2	玩家 2
K	Key_Player3	玩家 3
K	Key_Player4	玩家 4
K	Key_Player5	玩家 5
K	Key_Playername	玩家名称
K	Key_PleaseWait	请稍候...
K	Key_Pop_Ups	确认弹窗
K	Key_PressNewKey	请按下新的按键：
K	Key_PrivacyPolicy	隐私政策
K	Key_Profile	个人资料
K	Key_ProfileLoading	正在读取个人资料…
K	Key_Profiles	个人资料
K	Key_Purchase	购买
K	Key_Purchased	已购买
K	Key_QuickMatch	快速匹配
K	Key_QuickMatchDelete	确定要删除此快速匹配请求吗？
K	Key_QuickMatchFailure	创建快速匹配失败。
K	Key_QuickMatchProcess	正在创建快速匹配对局...
K	Key_QuickMatchRequest	快速匹配请求
K	Key_QuickMatchTooMany	创建快速匹配失败。<br>打开的对局过多。
K	Key_Rating	评分
K	Key_RatingDifference	评分差
K	Key_ReadyToStart	准备开始
K	Key_Reject	拒绝
K	Key_Rematch	再来一局
K	Key_Remember	记住密码
K	Key_RemotePlayer	远程玩家
K	Key_RemoveFriend	删除好友
K	Key_RemoveFriendPrompt	要从好友列表中移除这名玩家吗？
K	Key_RemoveProfile	删除个人资料
K	Key_RequestMatch	请求对局
K	Key_Resolution	分辨率
K	Key_ResolutionChange	要将分辨率改为 {0}x{1} 吗？
K	Key_ResolutionKeep	保留此分辨率？
K	Key_Resolutions	分辨率
K	Key_RestoreDefaults	恢复默认
K	Key_RestorePurchases	恢复购买
K	Key_Resume	继续游戏
K	Key_ResumeGame	继续游戏
K	Key_ReturnToLobby	返回大厅
K	Key_Round	回合
K	Key_Rulebook	规则书
K	Key_Sat	六
K	Key_Saturday	星期六
K	Key_Second	秒
K	Key_Seconds	秒
K	Key_SelectAvatar	选择头像
K	Key_SelectLanguage	选择语言
K	Key_SendInfo	发送登录信息
K	Key_Settings	设置
K	Key_Setup	设置
K	Key_SlotClosed	(已关闭)
K	Key_SlotOpen	(开放)
K	Key_Slow	慢
K	Key_Sound_Volume	音效音量
K	Key_Start	开始
K	Key_StartGame	开始对局
K	Key_Start_Menu	开始菜单
K	Key_Sun	日
K	Key_Sunday	星期日
K	Key_TapContinue	点击继续
K	Key_TermsAgreement	使用条款
K	Key_Theme	主题选择
K	Key_Thurs	四
K	Key_Thursday	星期四
K	Key_TimerAny	计时：任意
K	Key_TitleGame	对局
K	Key_TitleNew	新建
K	Key_Tues	二
K	Key_Tuesday	星期二
K	Key_Turn	回合
K	Key_Tutorial	教程
K	Key_TutorialPrompt	要进行教程吗？
K	Key_Tutorials	教程
K	Key_Undo	撤销
K	Key_User	用户名：
K	Key_Username	用户名
K	Key_Verify	验证：
K	Key_View	查看
K	Key_ViewCards	查看卡牌
K	Key_ViewGame	观看对局
K	Key_ViewOpponentProfile	点击对手以查看其个人资料
K	Key_ViewingPlayer	正在查看玩家
K	Key_WaitForPlayer	等待玩家
K	Key_WaitForPlayers	等待玩家
K	Key_WaitForStart	等待开始
K	Key_Waiting	等待中
K	Key_Warning	警告
K	Key_Wed	三
K	Key_Wednesday	星期三
K	Key_WindowedMode	窗口模式
K	Key_WinsVS	对战胜场
K	Key_Withdraw	退出对局
K	Key_WithdrawConfirm	确定要退出这局游戏吗？
K	Key_iOSNotifications	iOS 通知
K	LABEL_DAY	<b>昼：</b>
K	LABEL_DREAMBIND	<B>梦缚：</B>
K	LABEL_ECHO	<b>回响：</b>
K	LABEL_ENERGIZE	<b>充能</b>
K	LABEL_EVENT_TROPHY	<b>事件战利品：</b>
K	LABEL_FATE	<color=#fdc60eff><B>天命：</B></color>
K	LABEL_INFEST	<b>感染 - </b>
K	LABEL_MULTIUNITE	<b>多重联合：</b>
K	LABEL_NIGHT	<b>夜：</b>
K	LABEL_ONGOING	<b>持续：</b>
K	LABEL_PHANTASM	<B><I>幻象 - </I></B>
K	LABEL_PLUNDER	<B><I>掠夺 - </I></B>
K	LABEL_RALLY_ENLIGHTENED	<b>集结：圣贤</b>
K	LABEL_RALLY_LIFEBOUND	<b>集结：命约</b>
K	LABEL_RALLY_MECHANA	<b>集结：机械</b>
K	LABEL_RALLY_MONSTER	<b>集结：怪物</b>
K	LABEL_RALLY_VOID	<b>集结：虚空</b>
K	LABEL_REWARD	<B>奖励：</B>
K	LABEL_SERENITY	<b>宁静：</b>
K	LABEL_TRANSFORM	<B>转化 - </B>
K	LABEL_TROPHY	<color=#951719FF><B>战利品：</B></color>
K	LABEL_TROPHY_ONGOING	<color=#951719FF><B>持续战利品：</B></color>
K	LABEL_UNITE	<b>联合：</b>
K	NIGHT_AKLYSTHESCOURGE	${LABEL_NIGHT} 击败所有其他怪物在中央牌列无需支付费用.
K	NIGHT_DARKGLADIATOR	${LABEL_NIGHT} 获得额外的 ${ICON_POWER2}.
K	NIGHT_DREADCONJURER	${LABEL_NIGHT} 你可以从你的手牌或弃牌堆放逐一张卡牌.
K	NIGHT_EMBERWINGMOTH	${LABEL_NIGHT} 每位对手选择其控制的一件神器，并摧毁其余神器。
K	NIGHT_LEGIONOFAKLYS	${LABEL_TROPHY_ONGOING} 当你获取或 击败 ${ICON_NIGHT} 卡牌, 获得${ICON_HONOR2}.
K	NIGHT_LIEUTENANTDUROS	${LABEL_NIGHT} 从一名你选择的对手处拿走 ${ICON_HONOR5}。
K	NIGHT_LIGHTOFFALSEHOPE	${LABEL_NIGHT} 抽 2 卡牌.
K	NIGHT_LUNARGUARDIAN	${LABEL_NIGHT} 获得${ICON_POWER2}.
K	NIGHT_LUROTHEHUNTER	${LABEL_NIGHT} 你可以花费 ${ICON_RUNE} 作为 ${ICON_POWER} 和 ${ICON_POWER} 作为 ${ICON_RUNE} 本回合.
K	NIGHT_SHADEOFSADRANIS	${LABEL_NIGHT} 本回合一次, 你可以击败非战利品怪物在 虚空区视为在中央牌列. 若如此做，将它放置置于其底： 传送门牌库.
K	NIGHT_SHADEVIPER	${LABEL_TROPHY} 若当前为夜, 放逐此牌以获得${ICON_POWER1}.
K	NIGHT_VERDANTCHANTER	${LABEL_NIGHT} 你可以放置英雄你 获取本回合放到你的牌库顶.
K	NIGHT_WARTORNARBITER	${LABEL_NIGHT} 获得${ICON_POWER1}. 你可以从你的手牌或弃牌堆放逐一张卡牌.
K	TROPHY_AKAMTHEGENIE	${LABEL_TROPHY_ONGOING} 放置三 愿望指示物在 阿卡姆.<br>每回合一次，你可以移除愿望指示物以 获得${ICON_RUNE2} 或 ${ICON_POWER2}. 当阿卡姆具有没有愿望指示物, 放逐它.
K	TROPHY_CACKLINGJACKAL	${LABEL_TROPHY} 放逐此 以获得${ICON_RUNE1}.
K	TROPHY_DECEITFULGHOUL	${LABEL_TROPHY} 放逐此 以放逐中央牌列的一张卡牌.
K	TROPHY_FANATICSOS	${LABEL_TROPHY} 你可以放逐此牌以获得当前事件战利品效果.
K	TROPHY_GROWMITES	${LABEL_TROPHY_ONGOING} 当你击败另一增生螨, 获得${ICON_HONOR2}.
K	TROPHY_HOARDINGTYRANT	${LABEL_TROPHY} 你可以放逐此牌以获得${ICON_RUNE2}.
K	TROPHY_HOARDINGWHELP	${LABEL_TROPHY} 你可以放逐此牌以获得${ICON_POWER1}.
K	TROPHY_KYTHISREBELGODLING	${LABEL_TROPHY_ONGOING} 每回合一次，获得灵魂宝石.
K	TROPHY_KYTHISREBELGODLINGV2	${LABEL_TROPHY_ONGOING} 每回合一次，获得灵魂宝石.
K	TROPHY_MINOTAUR	${LABEL_TROPHY} 你可以放逐此牌以 抽一张牌.
K	TROPHY_NOTHINGMAN	${LABEL_TROPHY} 放逐此 以获得灵魂宝石.
K	TROPHY_SERPENTSIREN	${LABEL_TROPHY} 你可以放逐此牌以获得${ICON_ENERGY1}.
K	TROPHY_SMOKETYRANT	${LABEL_TROPHY_ONGOING} 每回合一次，获得${ICON_ENERGY1} 以每个宝藏其下此.
K	TROPHY_UNCHAINEDFATES	${LABEL_TROPHY} 你可以放逐此牌以 抽两张牌.
K	TROPHY_VAULTSPHINX	${LABEL_TROPHY} 你可以放逐此牌以获得${ICON_ENERGY2}.
K	TROPHY_XERONLORDOFDEOFOL	${LABEL_TROPHY_ONGOING} 你可以击败英雄在中央牌列被 支付 ${ICON_POWER} 等同于 其 ${ICON_RUNE} 费用. 若如此做，获得${ICON_HONOR} 等同于 其 ${ICON_HONOR} 值和 复制效果的 该英雄.
K	TUTORIAL_PROMPT_ACQUIREARHAINITIATE	将亚哈新兵拖到你的弃牌堆
K	TUTORIAL_PROMPT_ACQUIREEMRI	将艾姆瑞拖到你的弃牌堆
K	TUTORIAL_PROMPT_ACQUIREMURAMASA	将村正拖到你的弃牌堆
K	TUTORIAL_PROMPT_ACQUIREMYSTIC	将一张秘教士拖到你的弃牌堆
K	TUTORIAL_PROMPT_ACQUIRESNAPDRAGON	将金鱼草拖到你的弃牌堆
K	TUTORIAL_PROMPT_ACQUIREWOLFSHAMAN	将狼萨满拖到你的弃牌堆
K	TUTORIAL_PROMPT_CONTINUE	${CLICK_C} 继续
K	TUTORIAL_PROMPT_DEFEATCULTIST	将邪教徒拖到虚空区
K	TUTORIAL_PROMPT_DEFEATWINDTRYANT	将风之暴君拖到虚空区
K	TUTORIAL_PROMPT_ENDTURN	${CLICK_C}「结束回合」按钮
K	TUTORIAL_PROMPT_PLAYAPPRENTICE	将一张学徒拖到行动区
K	TUTORIAL_PROMPT_PLAYARHAINITIATE	将亚哈新兵拖到行动区
K	TUTORIAL_PROMPT_PLAYEMRI	将与虚空合一的艾姆瑞拖到行动区
K	TUTORIAL_PROMPT_PLAYMILITIA	将一张民兵拖到行动区
K	TUTORIAL_PROMPT_PLAYSNAPDRAGON	将金鱼草拖到行动区
K	TUTORIAL_PROMPT_PLAYWOLFSHAMAN	将狼萨满拖到行动区
K	TUTORIAL_TEXT_1	创升纪元是一款牌库构筑游戏。<br><br>每位玩家以相同的十张初始套牌开始，并在对局中不断强化自己的牌库。
K	TUTORIAL_TEXT_10	卡牌右上角的数字是获取或击败它所需的费用。
K	TUTORIAL_TEXT_11	要获取一张秘教士，你需要花费 3 点符文。<br><br>再打出一张学徒以获得第二点符文。
K	TUTORIAL_TEXT_12	要获取一张秘教士，你需要花费 3 点符文。<br><br>打出第三张学徒以再获得 1 点符文。
K	TUTORIAL_TEXT_13	你现在有足够的符文<br>来获取一张秘教士。
K	TUTORIAL_TEXT_14	获取的卡牌会进入你的弃牌堆；下次洗入牌库后即可再度使用。
K	TUTORIAL_TEXT_15	可以获取的卡牌会带有绿色光晕。<br><br>现在试着获取一张秘教士。
K	TUTORIAL_TEXT_16	要击败怪物，必须花费战力 <sprite=0>。<br><br>击败邪教徒需要 2 点战力。
K	TUTORIAL_TEXT_17	要击败邪教徒，必须花费 2 点战力。<br><br>从手牌打出一张民兵以获得战力。
K	TUTORIAL_TEXT_18	要击败邪教徒，必须花费 2 点战力。<br><br>打出另一张民兵以再获得 1 点战力。
K	TUTORIAL_TEXT_19	击败的怪物不会进入你的牌库。你会获得奖励，然后它被送入虚空区。
K	TUTORIAL_TEXT_2	每位玩家开局拥有 8 张学徒和 2 张民兵。<br><br>它们提供两种基础资源：<br>符文 <sprite=32> 与战力 <sprite=0>。
K	TUTORIAL_TEXT_20	进入虚空区的卡牌会移出游戏。邪教徒比较特殊，可以被反复送入虚空区。
K	TUTORIAL_TEXT_21	可以击败的卡牌会带有红色光晕。要击败它，请将它拖到虚空区。
K	TUTORIAL_TEXT_22	击败邪教徒的奖励是 1 点荣誉。荣誉 <sprite=64> 是胜利条件：最终荣誉高于对手即可获胜。
K	TUTORIAL_TEXT_23	除了击败怪物获得荣誉外，你获取的每张卡牌左下角也标有荣誉值。
K	TUTORIAL_TEXT_24	荣誉来自怪物奖励和你购入的卡牌。左下角数字是终局计分时该牌提供的荣誉。
K	TUTORIAL_TEXT_25	你获得的荣誉会与牌库中所有卡牌的荣誉合计，成为最终得分。
K	TUTORIAL_TEXT_26	游戏开始时会按人数设置荣誉池。荣誉池耗尽即表示对局即将结束。
K	TUTORIAL_TEXT_27	每当有玩家打出卡牌或结算奖励获得荣誉时，就会从荣誉池中扣除相应点数。
K	TUTORIAL_TEXT_28	荣誉池空后，从首位玩家起到拿取最后荣誉的那名玩家之前，每人还可以完成各自的回合。
K	TUTORIAL_TEXT_29	这是 2 人游戏，荣誉池初始为 60 点。
K	TUTORIAL_TEXT_3	每张学徒提供 1 点符文，用来获取更多卡牌加入你的牌库。
K	TUTORIAL_TEXT_30	除始终可用的卡牌外，玩家还可以从中央牌列获取或击败卡牌。
K	TUTORIAL_TEXT_31	中央牌列有 6 张牌，会随对局变化。当一张牌离开中央牌列（通常因为被获取或击败），会立刻从传送门牌库补一张新牌。
K	TUTORIAL_TEXT_32	开局每人抽五张牌。每回合结束时，这些牌进入你的弃牌堆，然后你再抽五张新牌。
K	TUTORIAL_TEXT_33	本局你开场有 5 张学徒，因此会有<br>5 点符文可以花费。
K	TUTORIAL_TEXT_34	符文可以任意花费。只要符文够，回合中获取卡牌的数量没有上限。
K	TUTORIAL_TEXT_35	卡牌越贵，加入牌库后通常也越强。
K	TUTORIAL_TEXT_36	5 点符文刚好可以获取金鱼草，这是一张很适合加入牌库的牌。把中央牌列的金鱼草拖过来获取它。
K	TUTORIAL_TEXT_37	获取金鱼草后，中央牌列空出的位置会立刻从传送门牌库补一张新牌。
K	TUTORIAL_TEXT_38	你本回合的资源已经用完。没有其他行动时，必须结束回合，让对手行动。
K	TUTORIAL_TEXT_39	回合结束时，留在手牌中的卡牌和本回合打出的英雄都会进入弃牌堆，然后你再抽 5 张新牌。
K	TUTORIAL_TEXT_4	每张民兵提供 1 点战力，用来击败怪物并获得奖励。
K	TUTORIAL_TEXT_40	对手有 4 张学徒和 1 张民兵。
K	TUTORIAL_TEXT_41	他用 4 点符文获取了恶魔杀手。
K	TUTORIAL_TEXT_42	对手只剩 1 点战力，没有能击败的目标，所以那张民兵会未被使用地进入弃牌堆。
K	TUTORIAL_TEXT_43	现在又轮到你了。<br><br>你的手牌提供 3 点符文和 2 点战力。
K	TUTORIAL_TEXT_44	花费 3 点符文可以获取狼萨满。<br><br>狼萨满与金鱼草搭配很好。
K	TUTORIAL_TEXT_45	狼萨满是命约英雄。金鱼草在战场时，打出命约英雄会额外获得荣誉 <sprite=64>。
K	TUTORIAL_TEXT_46	获取狼萨满需要 3 点符文。
K	TUTORIAL_TEXT_47	现在可以获取狼萨满了。
K	TUTORIAL_TEXT_48	你还剩 2 点战力，可以<br>用来击败邪教徒。
K	TUTORIAL_TEXT_49	击败邪教徒会获得 1 点荣誉。
K	TUTORIAL_TEXT_5	学徒与民兵都是英雄。英雄可以从手牌打出以结算其效果。
K	TUTORIAL_TEXT_50	你的回合结束了。<br><br>本回合打出的卡牌会进入弃牌堆，然后你再抽 5 张新手牌。
K	TUTORIAL_TEXT_51	牌库抽空后，弃牌堆会洗牌成为新的牌库。最近几回合获取的卡牌现在可以打出了。
K	TUTORIAL_TEXT_52	对手再次抽到 4 张学徒和 1 张民兵。
K	TUTORIAL_TEXT_53	他用 4 点符文获取了 2 张重装步兵。剩下的 1 点战力再次浪费，因为没有能击败的目标。
K	TUTORIAL_TEXT_54	你刚抽到的金鱼草是神器。英雄在回合结束时进入弃牌堆，神器则会留在战场并在每回合产生效果。
K	TUTORIAL_TEXT_55	金鱼草每回合提供 1 点符文。<br><br>把它拖到行动区以进入战场。
K	TUTORIAL_TEXT_56	提供固定符文或战力的神器在战场上会自动触发。
K	TUTORIAL_TEXT_57	金鱼草提供的符文已经计入你的符文总数：<br>金鱼草 1 点，外加学徒的 3 点。
K	TUTORIAL_TEXT_58	先花 1 点符文获取亚哈新兵。符文够就可以继续获取；如果中央牌列补出更好的牌，你也可以再拿。
K	TUTORIAL_TEXT_59	与虚空合一的艾姆瑞很强，但本回合买不起。
K	TUTORIAL_TEXT_6	可从手牌打出的卡牌会带有白色光晕。<br><br>现在试着打出一张学徒。
K	TUTORIAL_TEXT_60	你的符文不够获取中央牌列的任何牌。<br>这时始终可用的卡牌就派上用场了。
K	TUTORIAL_TEXT_61	用剩下的 3 点符文<br>获取一张秘教士。
K	TUTORIAL_TEXT_62	你还剩 1 点战力，但没有能用 1 战力击败的目标，所以必须结束回合。
K	TUTORIAL_TEXT_63	对手抽到恶魔杀手、民兵<br>和 3 张学徒，因此有 4 点战力和 3 点符文。
K	TUTORIAL_TEXT_64	他击败了造物之误，获得 4 点荣誉，并可以放逐中央牌列一张牌，再从弃牌堆放逐一张牌。
K	TUTORIAL_TEXT_65	放逐是把卡牌送入虚空区而不必击败它。怪物被放逐时不会结算奖励。
K	TUTORIAL_TEXT_66	你应该放逐不想让对手获取或击败的牌，然后传送门牌库会补出一张新牌。
K	TUTORIAL_TEXT_67	对手选择放逐达萨大师。他的牌库偏战力，因此放逐达萨大师以阻止你获取。
K	TUTORIAL_TEXT_68	放逐达萨大师不但拿走了你本可能使用的牌，补出的新牌还正是对手想要的。
K	TUTORIAL_TEXT_69	对手现在可以花 3 点符文获取<br>暗影之星。
K	TUTORIAL_TEXT_7	游戏区左上角的卡牌在整局中始终可用。
K	TUTORIAL_TEXT_70	对手资源用尽，结束了回合。
K	TUTORIAL_TEXT_71	打出狼萨满获得 1 点符文并额外抽一张牌。因为狼萨满是命约英雄，金鱼草还会让你获得 1 点荣誉。
K	TUTORIAL_TEXT_72	加上本回合额外获得的资源，<br>你现在有 6 点符文和 1 点战力。
K	TUTORIAL_TEXT_73	符文够了，可以获取与虚空合一的艾姆瑞！
K	TUTORIAL_TEXT_74	没有能用 1 点战力击败的目标，<br>你的回合结束。
K	TUTORIAL_TEXT_75	对手抽到重装步兵、民兵和<br>3 张学徒，共 3 点符文和 3 点战力。
K	TUTORIAL_TEXT_76	他先花 3 点战力击败萨麦尔的诡术师。
K	TUTORIAL_TEXT_77	击败萨麦尔的诡术师让对手获得<br>1 点荣誉和 1 点符文，符文总数来到 4 点。
K	TUTORIAL_TEXT_78	他用这 4 点符文获取刚在中央牌列亮出的石环德鲁伊。
K	TUTORIAL_TEXT_79	对手资源用尽，结束了回合。
K	TUTORIAL_TEXT_8	你的回合中可以随时获取这些卡牌加入牌库，或击败它们以获得奖励。
K	TUTORIAL_TEXT_80	本回合应先打出亚哈新兵，它让你从牌库额外抽一张牌。
K	TUTORIAL_TEXT_81	通常要尽早打出能额外抽牌或产生资源的卡牌，以便有更多选择。
K	TUTORIAL_TEXT_82	亚哈新兵抽到了艾姆瑞。<br>运气不错，你现在有 5 点战力。
K	TUTORIAL_TEXT_83	战力足够击败风之暴君。<br><br>从手牌打出与虚空合一的艾姆瑞。
K	TUTORIAL_TEXT_84	现在击败风之暴君，获得<br>3 点荣誉和 3 点符文。
K	TUTORIAL_TEXT_85	获取村正需要 7 点符文。
K	TUTORIAL_TEXT_86	你现在有足够的符文获取村正了！
K	TUTORIAL_TEXT_87	你已经掌握足够知识来完整进行一局创升纪元！<br><br>记住：终局荣誉最高的玩家获胜。
K	TUTORIAL_TEXT_88	若仍需帮助，可点击右下角菜单，查看详细规则与界面图解。
K	TUTORIAL_TEXT_89	你可以继续完成这局对电脑的教程，或随时通过菜单开始新对局。
K	TUTORIAL_TEXT_9	右键点击任意卡牌可查看大图。左键点击即可回到牌局继续游戏。
E	Long ago, the god Adayu lost his grip on reality, and in his madness, unraveled the realms of Vigil. Heroes from the four factions rose to save their shattered world, and from the ashes rose a new world, New Vigil.\n\nEven after Adayu’s redemption, New Vigil remained littered with portals to previously unreachable worlds - a final gift from the mad god. One such world was the Dreamscape, a realm of dreams and nightmares, where no conscious being was ever meant to enter.\n\nIt wasn’t long before the factions of New Vigil found their way into the Dreamscape, and a war for dominance began. Thousands upon thousands died in that realm, a place death’s icy fingers had never touched, and the Dreamscape began to warp.\n\nPasythea, the Aegis, Guardian of the Dreamscape, witnessed the corruption of her realm and feared that a prolonged war would mean annihilation for conscious and unconscious beings alike.\n\nPasythea chose to banish the factions from her domain, forcing champion after champion back into the conscious world.  In her final moment, mortally wounded by Emri, Champion of the Void, The Aegis warded the gate to New Vigil, cutting off the Dreamscape forever.\n\nOr so she thought.\n\nIt was in the Valley of the Ancients, hidden away in the forgotten jungles of the world, that explorers came upon a new gate to the Dreamscape. The foolhardy explorers opened the portal. They saw into the unconscious realm and learned the consequences of their ancestor’s meddling.\n\nA broken Dreamscape, twisted by the war between the conscious and the unconscious, poured madness into the world. The corrupted energy infected the factions of New Vigil, manifesting their wildest dreams and darkest nightmares as unthinkable versions of their champions.\n\nNow, the world is in a state of delirium, and the twisted heroes of New Vigil must rise to push back the tide of monsters and madness.	很久以前，神明阿达尤失去了对现实的掌控；在疯狂中，他解开了祈夜诸界。四派系的英雄奋起拯救破碎的世界，灰烬中升起新世界：新祈夜。\n\n即便在阿达尤得赎之后，新祈夜仍布满通往往昔不可及世界的传送门——那是疯神留下的最后礼物。其一便是梦境：梦与梦魇之界，本不应有清醒生命踏入。\n\n不久，新祈夜各派系找到进入梦境之路，争夺主宰的战争爆发。成千上万死于那片连死亡冰指也未曾触碰之地，梦境开始扭曲。\n\n梦境守卫、神盾帕西提亚目睹领域腐化，唯恐久战将令清醒与沉睡的生灵同归于尽。\n\n帕西提亚选择将各派系逐出其域，一任冠军又一位冠军被赶回清醒世界。在她最后时刻，被虚空冠军艾姆瑞重创的神盾守护通往新祈夜的门，将梦境永久隔绝。\n\n至少她如此以为。\n\n在上古山谷——隐于被遗忘丛林深处——探险者发现了通往梦境的新门。鲁莽的探险者打开了传送门。他们窥见无意识领域，也得知祖先干涉的后果。\n\n被清醒与无意识之战扭曲的破碎梦境，将疯狂倾注入世。腐化能量感染新祈夜各派，把最狂妄的梦与最黑暗的梦魇化为不可思议的冠军变体。\n\n如今世界陷入谵妄，新祈夜被扭曲的英雄必须挺身击退怪物与疯狂之潮。
E	Long ago, the god Adayu lost his grip on reality, and in his madness, unraveled the realms of Vigil. Heroes from the four factions rose to save their shattered world, and from the ashes rose a new world, New Vigil.\n\nEven after Adayu’s redemption, New Vigil remained littered with portals to previously unreachable worlds - a final gift from the mad god. One such world was the Dreamscape, a realm of dreams and nightmares, where no conscious being was ever meant to enter.\n\nIt wasn’t long before the factions of New Vigil found their way into the Dreamscape, and a war for dominance began. Thousands upon thousands died in that realm, a place death’s icy fingers had never touched, and the Dreamscape began to warp.\n\nPasythea, the Aegis, Guardian of the Dreamscape, witnessed the corruption of her realm and feared that a prolonged war would mean annihilation for conscious and unconscious beings alike.\n\nPasythea chose to banish the factions from her domain, forcing champion after champion back into the conscious world. In her final moment, mortally wounded by Emri, Champion of the Void, The Aegis warded the gate to New Vigil, cutting off the Dreamscape forever.\n\nOr so she thought.\n\nIt was in the Valley of the Ancients, hidden away in the forgotten jungles of the world, that explorers came upon a new gate to the Dreamscape. The foolhardy explorers opened the portal. They saw into the unconscious realm and learned the consequences of their ancestor’s meddling.\n\nA broken Dreamscape, twisted by the war between the conscious and the unconscious, poured madness into the world. The corrupted energy infected the factions of New Vigil, manifesting their wildest dreams and darkest nightmares as unthinkable versions of their champions.\n\nNow, the world is in a state of delirium, and the twisted heroes of New Vigil must rise to push back the tide of monsters and madness.	很久以前，神明阿达尤失去了对现实的掌控；在疯狂中，他解开了祈夜诸界。四派系的英雄奋起拯救破碎的世界，灰烬中升起新世界：新祈夜。\n\n即便在阿达尤得赎之后，新祈夜仍布满通往往昔不可及世界的传送门——那是疯神留下的最后礼物。其一便是梦境：梦与梦魇之界，本不应有清醒生命踏入。\n\n不久，新祈夜各派系找到进入梦境之路，争夺主宰的战争爆发。成千上万死于那片连死亡冰指也未曾触碰之地，梦境开始扭曲。\n\n梦境守卫、神盾帕西提亚目睹领域腐化，唯恐久战将令清醒与沉睡的生灵同归于尽。\n\n帕西提亚选择将各派系逐出其域，一任冠军又一位冠军被赶回清醒世界。在她最后时刻，被虚空冠军艾姆瑞重创的神盾守护通往新祈夜的门，将梦境永久隔绝。\n\n至少她如此以为。\n\n在上古山谷——隐于被遗忘丛林深处——探险者发现了通往梦境的新门。鲁莽的探险者打开了传送门。他们窥见无意识领域，也得知祖先干涉的后果。\n\n被清醒与无意识之战扭曲的破碎梦境，将疯狂倾注入世。腐化能量感染新祈夜各派，把最狂妄的梦与最黑暗的梦魇化为不可思议的冠军变体。\n\n如今世界陷入谵妄，新祈夜被扭曲的英雄必须挺身击退怪物与疯狂之潮。
E	Long ago, the god Adayu lost his grip on reality, and in his madness, unraveled the realms of Vigil. Heroes from the four factions rose to save their shattered world, and from the ashes rose a new world, New Vigil. Even after Adayu’s redemption, New Vigil remained littered with portals to previously unreachable worlds - a final gift from the mad god. One such world was the Dreamscape, a realm of dreams and nightmares, where no conscious being was ever meant to enter. It wasn’t long before the factions of New Vigil found their way into the Dreamscape, and a war for dominance began. Thousands upon thousands died in that realm, a place death’s icy fingers had never touched, and the Dreamscape began to warp. Pasythea, the Aegis, Guardian of the Dreamscape, witnessed the corruption of her realm and feared that a prolonged war would mean annihilation for conscious and unconscious beings alike. Pasythea chose to banish the factions from her domain, forcing champion after champion back into the conscious world. In her final moment, mortally wounded by Emri, Champion of the Void, The Aegis warded the gate to New Vigil, cutting off the Dreamscape forever. Or so she thought. It was in the Valley of the Ancients, hidden away in the forgotten jungles of the world, that explorers came upon a new gate to the Dreamscape. The foolhardy explorers opened the portal. They saw into the unconscious realm and learned the consequences of their ancestor’s meddling. A broken Dreamscape, twisted by the war between the conscious and the unconscious, poured madness into the world. The corrupted energy infected the factions of New Vigil, manifesting their wildest dreams and darkest nightmares as unthinkable versions of their champions. Now, the world is in a state of delirium, and the twisted heroes of New Vigil must rise to push back the tide of monsters and madness.	很久以前，神明阿达尤失去了对现实的掌控；在疯狂中，他解开了祈夜诸界。四派系的英雄奋起拯救破碎的世界，灰烬中升起新世界：新祈夜。\n\n即便在阿达尤得赎之后，新祈夜仍布满通往往昔不可及世界的传送门——那是疯神留下的最后礼物。其一便是梦境：梦与梦魇之界，本不应有清醒生命踏入。\n\n不久，新祈夜各派系找到进入梦境之路，争夺主宰的战争爆发。成千上万死于那片连死亡冰指也未曾触碰之地，梦境开始扭曲。\n\n梦境守卫、神盾帕西提亚目睹领域腐化，唯恐久战将令清醒与沉睡的生灵同归于尽。\n\n帕西提亚选择将各派系逐出其域，一任冠军又一位冠军被赶回清醒世界。在她最后时刻，被虚空冠军艾姆瑞重创的神盾守护通往新祈夜的门，将梦境永久隔绝。\n\n至少她如此以为。\n\n在上古山谷——隐于被遗忘丛林深处——探险者发现了通往梦境的新门。鲁莽的探险者打开了传送门。他们窥见无意识领域，也得知祖先干涉的后果。\n\n被清醒与无意识之战扭曲的破碎梦境，将疯狂倾注入世。腐化能量感染新祈夜各派，把最狂妄的梦与最黑暗的梦魇化为不可思议的冠军变体。\n\n如今世界陷入谵妄，新祈夜被扭曲的英雄必须挺身击退怪物与疯狂之潮。
E	When the worlds were born, there were five gods, each endowed with a unique spark of creation. After they created Vigil, they squabbled over how to rule it, eventually retreating to realms of their  own design.  Centuries turned into millenia, and the gods were content with their realms and followers. All except one.\n\nThe Fallen God Samael's insatiable hunger led him and his plane of Deofol on a dark quest that would unite the realms against him.  After countless wars, he met his end at the hands of other gods and their allies.\n\nSamael's death threw the universe into disarray, as dark forces sought to ascend Deofol's throne, thinking that it would lead to their own ascent to godhood.  One by one, the realms defeated the would-be conquerors, but the universe's need for a balanced pantheon could not be ignored.\n\nWhat was once thought to be the result of centuries of struggle and conflict, Adayu's Unraveling was not the result of madness.  It was the inception of a new divine spark, awakening Adayu to a new destiny that awaits him.\n\nThe awakening of a new god unleashed a wave of energy across the realms, sending them colliding into each other to form a new unified world of New Vigil.  The factions have adapted well to the new world, learning to work together and develop new technologies that utilize their combined strengths.\n\nThe four factions' realms weren't the only ones to be merged into New Vigil.  Deofol has been woven into the new realm as well, corrupting heroes and twisting them into a dark army to serve the Cult's new leader, a shadowy figure from Vigil's past.\n\nHoping to avoid repeating history, Adayu and the other gods have retreated beyond New Vigil, leaving mortals to guide their own destiny.  One to be determined not by Gods, but by Champions.	世界诞生之时，有五位神明，各自秉持独特的创世火花。他们造就祈夜之后，为如何统治此界争执不休，最终退入各自设计的位面。世纪化为千年，诸神安于自己的疆域与信徒。唯有一位例外。\n\n堕落之神萨麦尔永不餍足的饥渴，驱使他与其位面迪奥弗踏上黑暗征途，迫使诸界联合对抗。历经无数战争，他终于死在其他神明及其盟友手中。\n\n萨麦尔之死令宇宙失序。黑暗势力争相登上迪奥弗的王座，以为如此便能自己登神。诸界一一击溃这些妄图征服者，但宇宙仍需要平衡的神谱，此事无法忽视。\n\n曾被认作数百年争斗的结果——阿达尤的领域解开——并非疯狂所致。那是新神火的萌发，唤醒阿达尤去迎接等待着他的新命运。\n\n新神觉醒释放出横扫诸界的能量波，使各界相互碰撞，融成统一的新世界：新祈夜。各派系很快适应新世界，学会合作，并发展出融合彼此长处的新技术。\n\n并入新祈夜的不只是四派的疆域。迪奥弗也被织入新界，腐化英雄、将其扭曲成黑暗大军，听命于教团的新领袖——一个来自祈夜往昔的阴影人物。\n\n为免重蹈覆辙，阿达尤与其他神明退到新祈夜之外，将命运交给凡人自己引导。那命运不再由神明决定，而由冠军决定。
E	When the worlds were born, there were five gods, each endowed with a unique spark of creation. After they created Vigil, they squabbled over how to rule it, eventually retreating to realms of their own design. Centuries turned into millenia, and the gods were content with their realms and followers. All except one.\n\nThe Fallen God Samael's insatiable hunger led him and his plane of Deofol on a dark quest that would unite the realms against him. After countless wars, he met his end at the hands of other gods and their allies.\n\nSamael's death threw the universe into disarray, as dark forces sought to ascend Deofol's throne, thinking that it would lead to their own ascent to godhood. One by one, the realms defeated the would-be conquerors, but the universe's need for a balanced pantheon could not be ignored.\n\nWhat was once thought to be the result of centuries of struggle and conflict, Adayu's Unraveling was not the result of madness. It was the inception of a new divine spark, awakening Adayu to a new destiny that awaits him.\n\nThe awakening of a new god unleashed a wave of energy across the realms, sending them colliding into each other to form a new unified world of New Vigil. The factions have adapted well to the new world, learning to work together and develop new technologies that utilize their combined strengths.\n\nThe four factions' realms weren't the only ones to be merged into New Vigil. Deofol has been woven into the new realm as well, corrupting heroes and twisting them into a dark army to serve the Cult's new leader, a shadowy figure from Vigil's past.\n\nHoping to avoid repeating history, Adayu and the other gods have retreated beyond New Vigil, leaving mortals to guide their own destiny. One to be determined not by Gods, but by Champions.	世界诞生之时，有五位神明，各自秉持独特的创世火花。他们造就祈夜之后，为如何统治此界争执不休，最终退入各自设计的位面。世纪化为千年，诸神安于自己的疆域与信徒。唯有一位例外。\n\n堕落之神萨麦尔永不餍足的饥渴，驱使他与其位面迪奥弗踏上黑暗征途，迫使诸界联合对抗。历经无数战争，他终于死在其他神明及其盟友手中。\n\n萨麦尔之死令宇宙失序。黑暗势力争相登上迪奥弗的王座，以为如此便能自己登神。诸界一一击溃这些妄图征服者，但宇宙仍需要平衡的神谱，此事无法忽视。\n\n曾被认作数百年争斗的结果——阿达尤的领域解开——并非疯狂所致。那是新神火的萌发，唤醒阿达尤去迎接等待着他的新命运。\n\n新神觉醒释放出横扫诸界的能量波，使各界相互碰撞，融成统一的新世界：新祈夜。各派系很快适应新世界，学会合作，并发展出融合彼此长处的新技术。\n\n并入新祈夜的不只是四派的疆域。迪奥弗也被织入新界，腐化英雄、将其扭曲成黑暗大军，听命于教团的新领袖——一个来自祈夜往昔的阴影人物。\n\n为免重蹈覆辙，阿达尤与其他神明退到新祈夜之外，将命运交给凡人自己引导。那命运不再由神明决定，而由冠军决定。
E	When the worlds were born, there were five gods, each endowed with a unique spark of creation. After they created Vigil, they squabbled over how to rule it, eventually retreating to realms of their own design. Centuries turned into millenia, and the gods were content with their realms and followers. All except one. The Fallen God Samael's insatiable hunger led him and his plane of Deofol on a dark quest that would unite the realms against him. After countless wars, he met his end at the hands of other gods and their allies. Samael's death threw the universe into disarray, as dark forces sought to ascend Deofol's throne, thinking that it would lead to their own ascent to godhood. One by one, the realms defeated the would-be conquerors, but the universe's need for a balanced pantheon could not be ignored. What was once thought to be the result of centuries of struggle and conflict, Adayu's Unraveling was not the result of madness. It was the inception of a new divine spark, awakening Adayu to a new destiny that awaits him. The awakening of a new god unleashed a wave of energy across the realms, sending them colliding into each other to form a new unified world of New Vigil. The factions have adapted well to the new world, learning to work together and develop new technologies that utilize their combined strengths. The four factions' realms weren't the only ones to be merged into New Vigil. Deofol has been woven into the new realm as well, corrupting heroes and twisting them into a dark army to serve the Cult's new leader, a shadowy figure from Vigil's past. Hoping to avoid repeating history, Adayu and the other gods have retreated beyond New Vigil, leaving mortals to guide their own destiny. One to be determined not by Gods, but by Champions.	世界诞生之时，有五位神明，各自秉持独特的创世火花。他们造就祈夜之后，为如何统治此界争执不休，最终退入各自设计的位面。世纪化为千年，诸神安于自己的疆域与信徒。唯有一位例外。\n\n堕落之神萨麦尔永不餍足的饥渴，驱使他与其位面迪奥弗踏上黑暗征途，迫使诸界联合对抗。历经无数战争，他终于死在其他神明及其盟友手中。\n\n萨麦尔之死令宇宙失序。黑暗势力争相登上迪奥弗的王座，以为如此便能自己登神。诸界一一击溃这些妄图征服者，但宇宙仍需要平衡的神谱，此事无法忽视。\n\n曾被认作数百年争斗的结果——阿达尤的领域解开——并非疯狂所致。那是新神火的萌发，唤醒阿达尤去迎接等待着他的新命运。\n\n新神觉醒释放出横扫诸界的能量波，使各界相互碰撞，融成统一的新世界：新祈夜。各派系很快适应新世界，学会合作，并发展出融合彼此长处的新技术。\n\n并入新祈夜的不只是四派的疆域。迪奥弗也被织入新界，腐化英雄、将其扭曲成黑暗大军，听命于教团的新领袖——一个来自祈夜往昔的阴影人物。\n\n为免重蹈覆辙，阿达尤与其他神明退到新祈夜之外，将命运交给凡人自己引导。那命运不再由神明决定，而由冠军决定。
E	\nThe shadow of Deofol still looms over Vigil. Samael has fallen, but his actions have forever scarred the foundation of the realms. His surviving minions are scattered and hidden, plotting evil. Yet, even as the Vigil gathers itself against this remaining enemy, it is beset by a new darkness. Specters now haunt the people of the land, their arrival hinting at a greater threat.\r\r\n\nThe visitors from Arha say that the afterlife itself is in turmoil. Gatekeeper Kythis, who since Time's Dawn had admitted the damned to their final resting place, stands watch no more. Now, a restless and tormented mass of wills churns beneath all existence, welling up between the worlds.\n\n\r\rWhere is the Gatekeeper? It was Samael that freed Kythis of his duty. Now he is missing, a rebel godling hidden even from his creators, and not eager to return to his eternal task. In the skies, the constellations twist and turn, protesting his absence.\n\nThe children in the capital dream restlessly of an endless beast, outpouring from the clouds, large enough to cast a shadow over all the land. They describe a sky serpent that bellows in a million voices, an extinguisher of realms. Cultists and fanatics are again making sacrifice, foretelling that a reckoning will come. They call it the Storm of Souls.\r\n\n\rVigil is overrun by the first winds of this coming storm of undeath. The call again rises for a hero to unite the realms against the many forces that seek to bury everything in despair. The cult must be put down. Samael's remnants must be destroyed before they encroach. The ghostly tide must be quelled, and the forces of all the worlds must form a coalition, before the reckoning arrives.\n\n\r\rThe storm looms. Who among you will stand before it?\n\n	迪奥弗的阴影仍笼罩祈夜。萨麦尔已陨落，但他的所作所为永远伤痕了诸界根基。残存爪牙四散隐匿，密谋作恶。就在祈夜集结对抗这余敌之时，又被新的黑暗所困。幽灵侵扰大地上的人们，它们的到来暗示着更大的威胁。\n\n来自亚哈的访客说，来世本身已陷入动荡。自时间黎明起便接纳亡魂归于终所的守门人凯西斯，已不再值守。如今，躁动而饱受折磨的意志在存在之下翻涌，从世界之间涌出。\n\n守门人在何处？是萨麦尔解除了凯西斯的职责。如今他失踪了，一个连造物主都找不到的叛神幼体，也不愿回到永恒职守。天空中星座扭动翻转，抗议他的缺席。\n\n都城里的孩童不安地梦见一头无尽巨兽从云中倾泻而出，大到能给整片大地投下阴影。他们描述一条以百万嗓音咆哮的天空巨蛇，诸界的熄灭者。邪教徒与狂信者再次献祭，预言清算将至。他们称之为灵魂风暴。\n\n这即将到来的不死风暴的先风已经席卷祈夜。呼唤再次响起：需要一位英雄联合诸界，对抗要把一切埋进绝望的多方势力。教团必须被镇压。萨麦尔的残党必须在扩张之前被摧毁。幽灵潮必须平息，诸世界的力量必须结成同盟，赶在清算到来之前。\n\n风暴将至。你们之中，谁将挺身相迎？
E	The shadow of Deofol still looms over Vigil. Samael has fallen, but his actions have forever scarred the foundation of the realms. His surviving minions are scattered and hidden, plotting evil. Yet, even as the Vigil gathers itself against this remaining enemy, it is beset by a new darkness. Specters now haunt the people of the land, their arrival hinting at a greater threat.\r\r\n\nThe visitors from Arha say that the afterlife itself is in turmoil. Gatekeeper Kythis, who since Time's Dawn had admitted the damned to their final resting place, stands watch no more. Now, a restless and tormented mass of wills churns beneath all existence, welling up between the worlds.\n\n\r\rWhere is the Gatekeeper? It was Samael that freed Kythis of his duty. Now he is missing, a rebel godling hidden even from his creators, and not eager to return to his eternal task. In the skies, the constellations twist and turn, protesting his absence.\n\nThe children in the capital dream restlessly of an endless beast, outpouring from the clouds, large enough to cast a shadow over all the land. They describe a sky serpent that bellows in a million voices, an extinguisher of realms. Cultists and fanatics are again making sacrifice, foretelling that a reckoning will come. They call it the Storm of Souls.\r\n\n\rVigil is overrun by the first winds of this coming storm of undeath. The call again rises for a hero to unite the realms against the many forces that seek to bury everything in despair. The cult must be put down. Samael's remnants must be destroyed before they encroach. The ghostly tide must be quelled, and the forces of all the worlds must form a coalition, before the reckoning arrives.\n\n\r\rThe storm looms. Who among you will stand before it?	迪奥弗的阴影仍笼罩祈夜。萨麦尔已陨落，但他的所作所为永远伤痕了诸界根基。残存爪牙四散隐匿，密谋作恶。就在祈夜集结对抗这余敌之时，又被新的黑暗所困。幽灵侵扰大地上的人们，它们的到来暗示着更大的威胁。\n\n来自亚哈的访客说，来世本身已陷入动荡。自时间黎明起便接纳亡魂归于终所的守门人凯西斯，已不再值守。如今，躁动而饱受折磨的意志在存在之下翻涌，从世界之间涌出。\n\n守门人在何处？是萨麦尔解除了凯西斯的职责。如今他失踪了，一个连造物主都找不到的叛神幼体，也不愿回到永恒职守。天空中星座扭动翻转，抗议他的缺席。\n\n都城里的孩童不安地梦见一头无尽巨兽从云中倾泻而出，大到能给整片大地投下阴影。他们描述一条以百万嗓音咆哮的天空巨蛇，诸界的熄灭者。邪教徒与狂信者再次献祭，预言清算将至。他们称之为灵魂风暴。\n\n这即将到来的不死风暴的先风已经席卷祈夜。呼唤再次响起：需要一位英雄联合诸界，对抗要把一切埋进绝望的多方势力。教团必须被镇压。萨麦尔的残党必须在扩张之前被摧毁。幽灵潮必须平息，诸世界的力量必须结成同盟，赶在清算到来之前。\n\n风暴将至。你们之中，谁将挺身相迎？
E	The shadow of Deofol still looms over Vigil. Samael has fallen, but his actions have forever scarred the foundation of the realms. His surviving minions are scattered and hidden, plotting evil. Yet, even as the Vigil gathers itself against this remaining enemy, it is beset by a new darkness. Specters now haunt the people of the land, their arrival hinting at a greater threat.\n\nThe visitors from Arha say that the afterlife itself is in turmoil. Gatekeeper Kythis, who since Time's Dawn had admitted the damned to their final resting place, stands watch no more. Now, a restless and tormented mass of wills churns beneath all existence, welling up between the worlds.\n\nWhere is the Gatekeeper? It was Samael that freed Kythis of his duty. Now he is missing, a rebel godling hidden even from his creators, and not eager to return to his eternal task. In the skies, the constellations twist and turn, protesting his absence.\n\nThe children in the capital dream restlessly of an endless beast, outpouring from the clouds, large enough to cast a shadow over all the land. They describe a sky serpent that bellows in a million voices, an extinguisher of realms. Cultists and fanatics are again making sacrifice, foretelling that a reckoning will come. They call it the Storm of Souls.\n\nVigil is overrun by the first winds of this coming storm of undeath. The call again rises for a hero to unite the realms against the many forces that seek to bury everything in despair. The cult must be put down. Samael's remnants must be destroyed before they encroach. The ghostly tide must be quelled, and the forces of all the worlds must form a coalition, before the reckoning arrives.\n\nThe storm looms. Who among you will stand before it?	迪奥弗的阴影仍笼罩祈夜。萨麦尔已陨落，但他的所作所为永远伤痕了诸界根基。残存爪牙四散隐匿，密谋作恶。就在祈夜集结对抗这余敌之时，又被新的黑暗所困。幽灵侵扰大地上的人们，它们的到来暗示着更大的威胁。\n\n来自亚哈的访客说，来世本身已陷入动荡。自时间黎明起便接纳亡魂归于终所的守门人凯西斯，已不再值守。如今，躁动而饱受折磨的意志在存在之下翻涌，从世界之间涌出。\n\n守门人在何处？是萨麦尔解除了凯西斯的职责。如今他失踪了，一个连造物主都找不到的叛神幼体，也不愿回到永恒职守。天空中星座扭动翻转，抗议他的缺席。\n\n都城里的孩童不安地梦见一头无尽巨兽从云中倾泻而出，大到能给整片大地投下阴影。他们描述一条以百万嗓音咆哮的天空巨蛇，诸界的熄灭者。邪教徒与狂信者再次献祭，预言清算将至。他们称之为灵魂风暴。\n\n这即将到来的不死风暴的先风已经席卷祈夜。呼唤再次响起：需要一位英雄联合诸界，对抗要把一切埋进绝望的多方势力。教团必须被镇压。萨麦尔的残党必须在扩张之前被摧毁。幽灵潮必须平息，诸世界的力量必须结成同盟，赶在清算到来之前。\n\n风暴将至。你们之中，谁将挺身相迎？
E	The shadow of Deofol still looms over Vigil. Samael has fallen, but his actions have forever scarred the foundation of the realms. His surviving minions are scattered and hidden, plotting evil. Yet, even as the Vigil gathers itself against this remaining enemy, it is beset by a new darkness. Specters now haunt the people of the land, their arrival hinting at a greater threat. The visitors from Arha say that the afterlife itself is in turmoil. Gatekeeper Kythis, who since Time's Dawn had admitted the damned to their final resting place, stands watch no more. Now, a restless and tormented mass of wills churns beneath all existence, welling up between the worlds. Where is the Gatekeeper? It was Samael that freed Kythis of his duty. Now he is missing, a rebel godling hidden even from his creators, and not eager to return to his eternal task. In the skies, the constellations twist and turn, protesting his absence. The children in the capital dream restlessly of an endless beast, outpouring from the clouds, large enough to cast a shadow over all the land. They describe a sky serpent that bellows in a million voices, an extinguisher of realms. Cultists and fanatics are again making sacrifice, foretelling that a reckoning will come. They call it the Storm of Souls. Vigil is overrun by the first winds of this coming storm of undeath. The call again rises for a hero to unite the realms against the many forces that seek to bury everything in despair. The cult must be put down. Samael's remnants must be destroyed before they encroach. The ghostly tide must be quelled, and the forces of all the worlds must form a coalition, before the reckoning arrives. The storm looms. Who among you will stand before it?	迪奥弗的阴影仍笼罩祈夜。萨麦尔已陨落，但他的所作所为永远伤痕了诸界根基。残存爪牙四散隐匿，密谋作恶。就在祈夜集结对抗这余敌之时，又被新的黑暗所困。幽灵侵扰大地上的人们，它们的到来暗示着更大的威胁。\n\n来自亚哈的访客说，来世本身已陷入动荡。自时间黎明起便接纳亡魂归于终所的守门人凯西斯，已不再值守。如今，躁动而饱受折磨的意志在存在之下翻涌，从世界之间涌出。\n\n守门人在何处？是萨麦尔解除了凯西斯的职责。如今他失踪了，一个连造物主都找不到的叛神幼体，也不愿回到永恒职守。天空中星座扭动翻转，抗议他的缺席。\n\n都城里的孩童不安地梦见一头无尽巨兽从云中倾泻而出，大到能给整片大地投下阴影。他们描述一条以百万嗓音咆哮的天空巨蛇，诸界的熄灭者。邪教徒与狂信者再次献祭，预言清算将至。他们称之为灵魂风暴。\n\n这即将到来的不死风暴的先风已经席卷祈夜。呼唤再次响起：需要一位英雄联合诸界，对抗要把一切埋进绝望的多方势力。教团必须被镇压。萨麦尔的残党必须在扩张之前被摧毁。幽灵潮必须平息，诸世界的力量必须结成同盟，赶在清算到来之前。\n\n风暴将至。你们之中，谁将挺身相迎？
E	The Dreamscape was sealed, locked away by the champions of New Vigil, and protected by its defender: Pasetheya, the Aegis.<br><br>But no doors stay locked forever.<br><br>It was in the Valley of the Ancients, in the forgotten jungles of the world, that explorers came upon a new gate to the Dreamscape; a portal manifest during the years of Adayu’s madness.<br><br>Despite the warnings, they broke open the portal and could only watch as all the horrors of the unconscious realm flooded into their world in a tidal wave of delirium.<br><br>Emri, Dhartha, Kor, and Cetra, the immortal champions of New Vigil, fought desperately to close the gate, but in the end, they found themselves among the first of the Dreamscape’s victims, warped by its power.<br><br>The energy seeped into the ground, infected the plants and animals, and changed the nature of all things. New and terrifying monsters sprung up, bringing death, madness, and chaos to the people of every faction.<br><br>But from the chaos, new heroes rose up, different from the champions of old. These heroes did not reject the dreamscape energy; they embraced it. Learning to wield it as weapons, channel it as magic, and harness it as fuel for their machines.<br><br>This is the final push to free the land from madness once and for all. As New Vigil dissolves into a state of delirium, you must lead the champions of the old world and the heroes of the new to call forth Pasythea, the protector of the Dreamscape, to seal the gate and stabilize the world.<br><br>New Vigil’s deliverance is in your hands!	梦境曾被新祈夜的冠军封闭，并由其守护者神盾帕西提亚守护。<br><br>但没有门能永远锁住。<br><br>正是在上古山谷、被遗忘的丛林中，探险者发现了通往梦境的新门——阿达尤疯狂岁月中显现的传送门。<br><br>不顾警告，他们强行打开门户，只能眼看着无意识领域的一切恐怖如谵妄潮水涌入其世界。<br><br>艾姆瑞、达尔塔、科尔与塞特拉——新祈夜的不朽冠军——拼死试图关闭门户，最终却成为梦境最早的受害者，被其力量扭曲。<br><br>能量渗入土地，感染动植物，改变万物本性。新而可怖的怪物涌现，给各派人民带来死亡、疯狂与混乱。<br><br>但混乱中也升起新英雄，不同于往日冠军。他们不拒梦境能量，反而拥抱它：当作武器、当作魔法、当作机械的燃料。<br><br>这是将土地从疯狂中永久解放的最后一击。当新祈夜溶解于谵妄，你必须率领旧世界的冠军与新世界的英雄，唤来梦境守护者帕西提亚，封闭门户并稳定世界。<br><br>新祈夜的救赎，握在你手中！
E	<i>In the beginning, when the realms were young and unblemished by eons of strife, elementals roamed freely throughout the lands of Vigil. As humanity emerged, the elementals receded, hiding away from those that would use them as resources for their endless fighting. Eventually, they fell into a deep slumber, becoming indistinguishable from the world around them.\r\n\nNow, as decades of turmoil have shaken New Vigil to its very core, the elementals have begun to awaken and reintroduce themselves to the world around them. The newly roused elementals roam the land, intent on discovering the unfamiliar world which they now find themselves a part of.\r\n\nThe factions have begun to study and learn from the elements, unlocking powerful new enhancements and abilities. There are still other elementals that have no lessons besides the chaos they sow, neither good nor evil, but destructive all the same. Wildfires burn across the plains, storms assault the cities, and floods wipe away countless lifetimes of work.\r\n\nMalevolent forces of nature are not the only concern—amidst the turmoil, the mischievous gremlins have begun to grow in number, much to the annoyance of the rest of New Vigil’s inhabitants. All the while, Xeron continues to watch from the shadows, biding his time until another opportunity to strike against his enemies presents itself.\r\n\nJoin the people of New Vigil as they attempt to discover the lessons of the elementals, and how to wield them, as they fight to protect their world against unseen forces.</i>\n\n	<i>太初之时，诸界尚幼、未遭纪元纷争玷污，元素生物在祈夜大地上自由游荡。人类兴起后，元素隐退，躲避那些要把它们当作无尽争斗资源的人。最终它们沉入深眠，与周遭世界难以分辨。\r\n\n如今，数十年动荡撼动新祈夜至根基，元素开始苏醒并重现于世。新醒的元素漫游大地，意图认识这片它们如今所属的陌生世界。\r\n\n各派系开始研习并向元素学习，解锁强大的新强化与能力。仍有另一些元素除散播混乱外别无所授——无关善恶，却同样具有破坏性。野火燃遍平原，风暴袭击城市，洪水冲刷无数世代的劳作。\r\n\n恶意的自然之力并非唯一忧患——动荡之中，淘气的小妖数量开始增长，令新祈夜其余住民不胜其烦。与此同时，泽伦继续在阴影中注视，等待再次袭击敌人的时机。\r\n\n加入新祈夜的人民，去发现元素的教诲以及如何运用它们，并在对抗看不见的力量时保卫世界。</i>
E	<i>In the beginning, when the realms were young and unblemished by eons of strife, elementals roamed freely throughout the lands of Vigil. As humanity emerged, the elementals receded, hiding away from those that would use them as resources for their endless fighting. Eventually, they fell into a deep slumber, becoming indistinguishable from the world around them.\r\n\nNow, as decades of turmoil have shaken New Vigil to its very core, the elementals have begun to awaken and reintroduce themselves to the world around them. The newly roused elementals roam the land, intent on discovering the unfamiliar world which they now find themselves a part of.\r\n\nThe factions have begun to study and learn from the elements, unlocking powerful new enhancements and abilities. There are still other elementals that have no lessons besides the chaos they sow, neither good nor evil, but destructive all the same. Wildfires burn across the plains, storms assault the cities, and floods wipe away countless lifetimes of work.\r\n\nMalevolent forces of nature are not the only concern—amidst the turmoil, the mischievous gremlins have begun to grow in number, much to the annoyance of the rest of New Vigil’s inhabitants. All the while, Xeron continues to watch from the shadows, biding his time until another opportunity to strike against his enemies presents itself.\r\n\nJoin the people of New Vigil as they attempt to discover the lessons of the elementals, and how to wield them, as they fight to protect their world against unseen forces.</i>	<i>太初之时，诸界尚幼、未遭纪元纷争玷污，元素生物在祈夜大地上自由游荡。人类兴起后，元素隐退，躲避那些要把它们当作无尽争斗资源的人。最终它们沉入深眠，与周遭世界难以分辨。\r\n\n如今，数十年动荡撼动新祈夜至根基，元素开始苏醒并重现于世。新醒的元素漫游大地，意图认识这片它们如今所属的陌生世界。\r\n\n各派系开始研习并向元素学习，解锁强大的新强化与能力。仍有另一些元素除散播混乱外别无所授——无关善恶，却同样具有破坏性。野火燃遍平原，风暴袭击城市，洪水冲刷无数世代的劳作。\r\n\n恶意的自然之力并非唯一忧患——动荡之中，淘气的小妖数量开始增长，令新祈夜其余住民不胜其烦。与此同时，泽伦继续在阴影中注视，等待再次袭击敌人的时机。\r\n\n加入新祈夜的人民，去发现元素的教诲以及如何运用它们，并在对抗看不见的力量时保卫世界。</i>
E	<i>In the beginning, when the realms were young and unblemished by eons of strife, elementals roamed freely throughout the lands of Vigil. As humanity emerged, the elementals receded, hiding away from those that would use them as resources for their endless fighting. Eventually, they fell into a deep slumber, becoming indistinguishable from the world around them.\n\nNow, as decades of turmoil have shaken New Vigil to its very core, the elementals have begun to awaken and reintroduce themselves to the world around them. The newly roused elementals roam the land, intent on discovering the unfamiliar world which they now find themselves a part of.\n\nThe factions have begun to study and learn from the elements, unlocking powerful new enhancements and abilities. There are still other elementals that have no lessons besides the chaos they sow, neither good nor evil, but destructive all the same. Wildfires burn across the plains, storms assault the cities, and floods wipe away countless lifetimes of work.\n\nMalevolent forces of nature are not the only concern—amidst the turmoil, the mischievous gremlins have begun to grow in number, much to the annoyance of the rest of New Vigil’s inhabitants. All the while, Xeron continues to watch from the shadows, biding his time until another opportunity to strike against his enemies presents itself.\n\nJoin the people of New Vigil as they attempt to discover the lessons of the elementals, and how to wield them, as they fight to protect their world against unseen forces.</i>	<i>太初之时，诸界尚幼、未遭纪元纷争玷污，元素生物在祈夜大地上自由游荡。人类兴起后，元素隐退，躲避那些要把它们当作无尽争斗资源的人。最终它们沉入深眠，与周遭世界难以分辨。\r\n\n如今，数十年动荡撼动新祈夜至根基，元素开始苏醒并重现于世。新醒的元素漫游大地，意图认识这片它们如今所属的陌生世界。\r\n\n各派系开始研习并向元素学习，解锁强大的新强化与能力。仍有另一些元素除散播混乱外别无所授——无关善恶，却同样具有破坏性。野火燃遍平原，风暴袭击城市，洪水冲刷无数世代的劳作。\r\n\n恶意的自然之力并非唯一忧患——动荡之中，淘气的小妖数量开始增长，令新祈夜其余住民不胜其烦。与此同时，泽伦继续在阴影中注视，等待再次袭击敌人的时机。\r\n\n加入新祈夜的人民，去发现元素的教诲以及如何运用它们，并在对抗看不见的力量时保卫世界。</i>
E	In the beginning, when the realms were young and unblemished by eons of strife, elementals roamed freely throughout the lands of Vigil. As humanity emerged, the elementals receded, hiding away from those that would use them as resources for their endless fighting. Eventually, they fell into a deep slumber, becoming indistinguishable from the world around them. Now, as decades of turmoil have shaken New Vigil to its very core, the elementals have begun to awaken and reintroduce themselves to the world around them. The newly roused elementals roam the land, intent on discovering the unfamiliar world which they now find themselves a part of. The factions have begun to study and learn from the elements, unlocking powerful new enhancements and abilities. There are still other elementals that have no lessons besides the chaos they sow, neither good nor evil, but destructive all the same. Wildfires burn across the plains, storms assault the cities, and floods wipe away countless lifetimes of work. Malevolent forces of nature are not the only concern—amidst the turmoil, the mischievous gremlins have begun to grow in number, much to the annoyance of the rest of New Vigil’s inhabitants. All the while, Xeron continues to watch from the shadows, biding his time until another opportunity to strike against his enemies presents itself. Join the people of New Vigil as they attempt to discover the lessons of the elementals, and how to wield them, as they fight to protect their world against unseen forces.	<i>太初之时，诸界尚幼、未遭纪元纷争玷污，元素生物在祈夜大地上自由游荡。人类兴起后，元素隐退，躲避那些要把它们当作无尽争斗资源的人。最终它们沉入深眠，与周遭世界难以分辨。\r\n\n如今，数十年动荡撼动新祈夜至根基，元素开始苏醒并重现于世。新醒的元素漫游大地，意图认识这片它们如今所属的陌生世界。\r\n\n各派系开始研习并向元素学习，解锁强大的新强化与能力。仍有另一些元素除散播混乱外别无所授——无关善恶，却同样具有破坏性。野火燃遍平原，风暴袭击城市，洪水冲刷无数世代的劳作。\r\n\n恶意的自然之力并非唯一忧患——动荡之中，淘气的小妖数量开始增长，令新祈夜其余住民不胜其烦。与此同时，泽伦继续在阴影中注视，等待再次袭击敌人的时机。\r\n\n加入新祈夜的人民，去发现元素的教诲以及如何运用它们，并在对抗看不见的力量时保卫世界。</i>
E	For centuries, the valley of Alosya has remained hidden from the rest of Vigil. Guarded by treacherous mountains, the valley cradled an ancient civilization that rose and fell, cut off entirely from the outside world. In the absence of the gods, the people of Alosya worshipped the forces that ruled the world around them— life and death. They built two temples that focused and harnessed those energies, and revered the journey between the two.\r\n\nAfter many years, the society became corrupted by its own success, and they decided to build a third temple, the Temple of Immortality. Instead of maintaining a balance, this new vessel would allow them to wield control of the forces as they saw fit.\r\n\nThe impassible terrain that once protected the valley was pierced by the formation of New Vigil. Ill-fated adventurers have ventured into the valley for decades, but none of them had escaped its dangers until now. Endbringer Jora has led a successful Void expedition into the valley, returning with tales of terrifying beasts and mysterious ruins.\r\n\nNow, the forces of New Vigil venture into the valley, hoping to uncover a powerful weapon in their battle against Xeron. What they don't know is that the foes and temptation awaiting them in Alosya may pose an even greater threat.\r\n\nThe imbalance of the temples corrupted the valley, turning the Alosyans on each other and mutating the surrounding jungle's inhabitants into unimaginable monsters. With its return to primal order, the Temples became dormant.\n\n	数世纪以来，阿洛西亚山谷对祈夜其余地区隐而不现。险峻群山守护着山谷，孕育出与外界完全隔绝、兴衰自生的古老文明。在神明缺席时，阿洛西亚人敬拜统治周遭世界的力量——生与死。他们建造两座神殿聚焦并驾驭这些能量，并尊崇二者之间的旅程。\r\n\n多年之后，社会因自身成功而腐化，他们决定建造第三座神殿：不朽神殿。新容器不再维持平衡，而是让他们随心所欲掌控这些力量。\r\n\n曾保护山谷的绝境，因新祈夜的形成而被打通。数十年来倒霉的冒险者闯入山谷，却无人逃脱其危险——直到现在。终焉使者乔拉率领一次成功的虚空远征进入山谷，带回可怖野兽与神秘遗迹的传说。\r\n\n如今，新祈夜的势力进入山谷，希望在对抗泽伦的战争中找到强大武器。他们不知道，阿洛西亚等待他们的敌手与诱惑可能构成更大威胁。\r\n\n神殿失衡腐化山谷，令阿洛西亚人自相残杀，并使周遭丛林住民异变为难以想象的怪物。随着回归原始秩序，神殿陷入沉眠。
E	For centuries, the valley of Alosya has remained hidden from the rest of Vigil. Guarded by treacherous mountains, the valley cradled an ancient civilization that rose and fell, cut off entirely from the outside world. In the absence of the gods, the people of Alosya worshipped the forces that ruled the world around them— life and death. They built two temples that focused and harnessed those energies, and revered the journey between the two.\r\n\nAfter many years, the society became corrupted by its own success, and they decided to build a third temple, the Temple of Immortality. Instead of maintaining a balance, this new vessel would allow them to wield control of the forces as they saw fit.\r\n\nThe impassible terrain that once protected the valley was pierced by the formation of New Vigil. Ill-fated adventurers have ventured into the valley for decades, but none of them had escaped its dangers until now. Endbringer Jora has led a successful Void expedition into the valley, returning with tales of terrifying beasts and mysterious ruins.\r\n\nNow, the forces of New Vigil venture into the valley, hoping to uncover a powerful weapon in their battle against Xeron. What they don't know is that the foes and temptation awaiting them in Alosya may pose an even greater threat.\r\n\nThe imbalance of the temples corrupted the valley, turning the Alosyans on each other and mutating the surrounding jungle's inhabitants into unimaginable monsters. With its return to primal order, the Temples became dormant.	数世纪以来，阿洛西亚山谷对祈夜其余地区隐而不现。险峻群山守护着山谷，孕育出与外界完全隔绝、兴衰自生的古老文明。在神明缺席时，阿洛西亚人敬拜统治周遭世界的力量——生与死。他们建造两座神殿聚焦并驾驭这些能量，并尊崇二者之间的旅程。\r\n\n多年之后，社会因自身成功而腐化，他们决定建造第三座神殿：不朽神殿。新容器不再维持平衡，而是让他们随心所欲掌控这些力量。\r\n\n曾保护山谷的绝境，因新祈夜的形成而被打通。数十年来倒霉的冒险者闯入山谷，却无人逃脱其危险——直到现在。终焉使者乔拉率领一次成功的虚空远征进入山谷，带回可怖野兽与神秘遗迹的传说。\r\n\n如今，新祈夜的势力进入山谷，希望在对抗泽伦的战争中找到强大武器。他们不知道，阿洛西亚等待他们的敌手与诱惑可能构成更大威胁。\r\n\n神殿失衡腐化山谷，令阿洛西亚人自相残杀，并使周遭丛林住民异变为难以想象的怪物。随着回归原始秩序，神殿陷入沉眠。
E	For centuries, the valley of Alosya has remained hidden from the rest of Vigil. Guarded by treacherous mountains, the valley cradled an ancient civilization that rose and fell, cut off entirely from the outside world. In the absence of the gods, the people of Alosya worshipped the forces that ruled the world around them— life and death. They built two temples that focused and harnessed those energies, and revered the journey between the two.\n\nAfter many years, the society became corrupted by its own success, and they decided to build a third temple, the Temple of Immortality. Instead of maintaining a balance, this new vessel would allow them to wield control of the forces as they saw fit.\n\nThe impassible terrain that once protected the valley was pierced by the formation of New Vigil. Ill-fated adventurers have ventured into the valley for decades, but none of them had escaped its dangers until now. Endbringer Jora has led a successful Void expedition into the valley, returning with tales of terrifying beasts and mysterious ruins.\n\nNow, the forces of New Vigil venture into the valley, hoping to uncover a powerful weapon in their battle against Xeron. What they don't know is that the foes and temptation awaiting them in Alosya may pose an even greater threat.\n\nThe imbalance of the temples corrupted the valley, turning the Alosyans on each other and mutating the surrounding jungle's inhabitants into unimaginable monsters. With its return to primal order, the Temples became dormant.	数世纪以来，阿洛西亚山谷对祈夜其余地区隐而不现。险峻群山守护着山谷，孕育出与外界完全隔绝、兴衰自生的古老文明。在神明缺席时，阿洛西亚人敬拜统治周遭世界的力量——生与死。他们建造两座神殿聚焦并驾驭这些能量，并尊崇二者之间的旅程。\r\n\n多年之后，社会因自身成功而腐化，他们决定建造第三座神殿：不朽神殿。新容器不再维持平衡，而是让他们随心所欲掌控这些力量。\r\n\n曾保护山谷的绝境，因新祈夜的形成而被打通。数十年来倒霉的冒险者闯入山谷，却无人逃脱其危险——直到现在。终焉使者乔拉率领一次成功的虚空远征进入山谷，带回可怖野兽与神秘遗迹的传说。\r\n\n如今，新祈夜的势力进入山谷，希望在对抗泽伦的战争中找到强大武器。他们不知道，阿洛西亚等待他们的敌手与诱惑可能构成更大威胁。\r\n\n神殿失衡腐化山谷，令阿洛西亚人自相残杀，并使周遭丛林住民异变为难以想象的怪物。随着回归原始秩序，神殿陷入沉眠。
E	For centuries, the valley of Alosya has remained hidden from the rest of Vigil. Guarded by treacherous mountains, the valley cradled an ancient civilization that rose and fell, cut off entirely from the outside world. In the absence of the gods, the people of Alosya worshipped the forces that ruled the world around them— life and death. They built two temples that focused and harnessed those energies, and revered the journey between the two. After many years, the society became corrupted by its own success, and they decided to build a third temple, the Temple of Immortality. Instead of maintaining a balance, this new vessel would allow them to wield control of the forces as they saw fit. The impassible terrain that once protected the valley was pierced by the formation of New Vigil. Ill-fated adventurers have ventured into the valley for decades, but none of them had escaped its dangers until now. Endbringer Jora has led a successful Void expedition into the valley, returning with tales of terrifying beasts and mysterious ruins. Now, the forces of New Vigil venture into the valley, hoping to uncover a powerful weapon in their battle against Xeron. What they don't know is that the foes and temptation awaiting them in Alosya may pose an even greater threat. The imbalance of the temples corrupted the valley, turning the Alosyans on each other and mutating the surrounding jungle's inhabitants into unimaginable monsters. With its return to primal order, the Temples became dormant.	数世纪以来，阿洛西亚山谷对祈夜其余地区隐而不现。险峻群山守护着山谷，孕育出与外界完全隔绝、兴衰自生的古老文明。在神明缺席时，阿洛西亚人敬拜统治周遭世界的力量——生与死。他们建造两座神殿聚焦并驾驭这些能量，并尊崇二者之间的旅程。\r\n\n多年之后，社会因自身成功而腐化，他们决定建造第三座神殿：不朽神殿。新容器不再维持平衡，而是让他们随心所欲掌控这些力量。\r\n\n曾保护山谷的绝境，因新祈夜的形成而被打通。数十年来倒霉的冒险者闯入山谷，却无人逃脱其危险——直到现在。终焉使者乔拉率领一次成功的虚空远征进入山谷，带回可怖野兽与神秘遗迹的传说。\r\n\n如今，新祈夜的势力进入山谷，希望在对抗泽伦的战争中找到强大武器。他们不知道，阿洛西亚等待他们的敌手与诱惑可能构成更大威胁。\r\n\n神殿失衡腐化山谷，令阿洛西亚人自相残杀，并使周遭丛林住民异变为难以想象的怪物。随着回归原始秩序，神殿陷入沉眠。
E	The Dreamscape was sealed, locked away by the champions of New Vigil, and protected by its defender: Pasetheya, the Aegis.But no doors stay locked forever.It was in the Valley of the Ancients, in the forgotten jungles of the world, that explorers came upon a new gate to the Dreamscape; a portal manifest during the years of Adayu’s madness.Despite the warnings, they broke open the portal and could only watch as all the horrors of the unconscious realm flooded into their world in a tidal wave of delirium.Emri, Dhartha, Kor, and Cetra, the immortal champions of New Vigil, fought desperately to close the gate, but in the end, they found themselves among the first of the Dreamscape’s victims, warped by its power.The energy seeped into the ground, infected the plants and animals, and changed the nature of all things. New and terrifying monsters sprung up, bringing death, madness, and chaos to the people of every faction.But from the chaos, new heroes rose up, different from the champions of old. These heroes did not reject the dreamscape energy; they embraced it. Learning to wield it as weapons, channel it as magic, and harness it as fuel for their machines.This is the final push to free the land from madness once and for all. As New Vigil dissolves into a state of delirium, you must lead the champions of the old world and the heroes of the new to call forth Pasythea, the protector of the Dreamscape, to seal the gate and stabilize the world.New Vigil’s deliverance is in your hands!	梦境曾被新祈夜的冠军封闭，并由其守护者神盾帕西提亚守护。<br><br>但没有门能永远锁住。<br><br>正是在上古山谷、被遗忘的丛林中，探险者发现了通往梦境的新门——阿达尤疯狂岁月中显现的传送门。<br><br>不顾警告，他们强行打开门户，只能眼看着无意识领域的一切恐怖如谵妄潮水涌入其世界。<br><br>艾姆瑞、达尔塔、科尔与塞特拉——新祈夜的不朽冠军——拼死试图关闭门户，最终却成为梦境最早的受害者，被其力量扭曲。<br><br>能量渗入土地，感染动植物，改变万物本性。新而可怖的怪物涌现，给各派人民带来死亡、疯狂与混乱。<br><br>但混乱中也升起新英雄，不同于往日冠军。他们不拒梦境能量，反而拥抱它：当作武器、当作魔法、当作机械的燃料。<br><br>这是将土地从疯狂中永久解放的最后一击。当新祈夜溶解于谵妄，你必须率领旧世界的冠军与新世界的英雄，唤来梦境守护者帕西提亚，封闭门户并稳定世界。<br><br>新祈夜的救赎，握在你手中！
E	For the first time since most of its inhabitants can remember, New Vigil is at peace. Rallied by their champions, the four factions drove the Cult of Deofol back into the shadows. This time of prosperity gave way to a cultural and intellectual renaissance that had never been seen before.\r\n\nFree to once again pursue their own passions, the monks and seers began to catch glimpses of a new realm, seemingly always at the edge of their perception, like a mirage shimmering just beyond the edges of reality. Dismissed as merely visions at first, the shared experiences soon revealed that this was something more, a pocket of creation left behind in the wake of Adayu’s ascendancy. \n\nThis Dreamscape, as the first visitors referred to it, reflected the possibilities and impossibilities that awaited New Vigil and the people that inhabited it, but where there are dreams, there are also nightmares. \n\nAs more people gained access to the dream world, they brought with them their own goals and desires, for better or worse. Seeing the potential for abuse of the new power, the factions chose Pasythea, an Askaran warrior, to serve as the Dreamscape’s guardian in the event that it should need one.\r\n\nNow, as the factions gain new insight into the possibilities that await them in the Dreamscape, they must also be on guard for those who might abuse the power for their own nefarious ends. Join them in a world of infinite possibilities as they explore the glorious future that awaits New Vigil.\n\n	自大多数居民记事以来，新祈夜首次迎来和平。在冠军号召下，四派系将迪奥弗教团逼回阴影。繁荣催生前所未见的文化与智识复兴。\r\n\n得以再追热情的僧侣与先知，开始瞥见一个新领域——似乎总在感知边缘，如现实之外颤动的蜃景。起初被视为异象，共享体验很快表明这不止如此：那是阿达尤登升余波中留下的创世残片。\n\n最早造访者称之为梦境，它映照新祈夜及其住民的可能与不可能；有梦便有梦魇。\n\n越来越多人进入梦界，也带入各自目标与欲望，或好或坏。见新力量可能被滥用，各派系选择亚哈战士帕西提亚，在需要时担任梦境守卫。\r\n\n如今，当各派系洞见梦境中等待的可能时，也须提防为一己私利滥用力量之人。加入他们，在无限可能的世界中，探索新祈夜辉煌的未来。
E	For the first time since most of its inhabitants can remember, New Vigil is at peace. Rallied by their champions, the four factions drove the Cult of Deofol back into the shadows. This time of prosperity gave way to a cultural and intellectual renaissance that had never been seen before.\r\n\nFree to once again pursue their own passions, the monks and seers began to catch glimpses of a new realm, seemingly always at the edge of their perception, like a mirage shimmering just beyond the edges of reality. Dismissed as merely visions at first, the shared experiences soon revealed that this was something more, a pocket of creation left behind in the wake of Adayu’s ascendancy. \n\nThis Dreamscape, as the first visitors referred to it, reflected the possibilities and impossibilities that awaited New Vigil and the people that inhabited it, but where there are dreams, there are also nightmares. \n\nAs more people gained access to the dream world, they brought with them their own goals and desires, for better or worse. Seeing the potential for abuse of the new power, the factions chose Pasythea, an Askaran warrior, to serve as the Dreamscape’s guardian in the event that it should need one.\r\n\nNow, as the factions gain new insight into the possibilities that await them in the Dreamscape, they must also be on guard for those who might abuse the power for their own nefarious ends. Join them in a world of infinite possibilities as they explore the glorious future that awaits New Vigil.	自大多数居民记事以来，新祈夜首次迎来和平。在冠军号召下，四派系将迪奥弗教团逼回阴影。繁荣催生前所未见的文化与智识复兴。\r\n\n得以再追热情的僧侣与先知，开始瞥见一个新领域——似乎总在感知边缘，如现实之外颤动的蜃景。起初被视为异象，共享体验很快表明这不止如此：那是阿达尤登升余波中留下的创世残片。\n\n最早造访者称之为梦境，它映照新祈夜及其住民的可能与不可能；有梦便有梦魇。\n\n越来越多人进入梦界，也带入各自目标与欲望，或好或坏。见新力量可能被滥用，各派系选择亚哈战士帕西提亚，在需要时担任梦境守卫。\r\n\n如今，当各派系洞见梦境中等待的可能时，也须提防为一己私利滥用力量之人。加入他们，在无限可能的世界中，探索新祈夜辉煌的未来。
E	For the first time since most of its inhabitants can remember, New Vigil is at peace. Rallied by their champions, the four factions drove the Cult of Deofol back into the shadows. This time of prosperity gave way to a cultural and intellectual renaissance that had never been seen before.\n\nFree to once again pursue their own passions, the monks and seers began to catch glimpses of a new realm, seemingly always at the edge of their perception, like a mirage shimmering just beyond the edges of reality. Dismissed as merely visions at first, the shared experiences soon revealed that this was something more, a pocket of creation left behind in the wake of Adayu’s ascendancy.\n\nThis Dreamscape, as the first visitors referred to it, reflected the possibilities and impossibilities that awaited New Vigil and the people that inhabited it, but where there are dreams, there are also nightmares.\n\nAs more people gained access to the dream world, they brought with them their own goals and desires, for better or worse. Seeing the potential for abuse of the new power, the factions chose Pasythea, an Askaran warrior, to serve as the Dreamscape’s guardian in the event that it should need one.\n\nNow, as the factions gain new insight into the possibilities that await them in the Dreamscape, they must also be on guard for those who might abuse the power for their own nefarious ends. Join them in a world of infinite possibilities as they explore the glorious future that awaits New Vigil.	自大多数居民记事以来，新祈夜首次迎来和平。在冠军号召下，四派系将迪奥弗教团逼回阴影。繁荣催生前所未见的文化与智识复兴。\r\n\n得以再追热情的僧侣与先知，开始瞥见一个新领域——似乎总在感知边缘，如现实之外颤动的蜃景。起初被视为异象，共享体验很快表明这不止如此：那是阿达尤登升余波中留下的创世残片。\n\n最早造访者称之为梦境，它映照新祈夜及其住民的可能与不可能；有梦便有梦魇。\n\n越来越多人进入梦界，也带入各自目标与欲望，或好或坏。见新力量可能被滥用，各派系选择亚哈战士帕西提亚，在需要时担任梦境守卫。\r\n\n如今，当各派系洞见梦境中等待的可能时，也须提防为一己私利滥用力量之人。加入他们，在无限可能的世界中，探索新祈夜辉煌的未来。
E	For the first time since most of its inhabitants can remember, New Vigil is at peace. Rallied by their champions, the four factions drove the Cult of Deofol back into the shadows. This time of prosperity gave way to a cultural and intellectual renaissance that had never been seen before. Free to once again pursue their own passions, the monks and seers began to catch glimpses of a new realm, seemingly always at the edge of their perception, like a mirage shimmering just beyond the edges of reality. Dismissed as merely visions at first, the shared experiences soon revealed that this was something more, a pocket of creation left behind in the wake of Adayu’s ascendancy. This Dreamscape, as the first visitors referred to it, reflected the possibilities and impossibilities that awaited New Vigil and the people that inhabited it, but where there are dreams, there are also nightmares. As more people gained access to the dream world, they brought with them their own goals and desires, for better or worse. Seeing the potential for abuse of the new power, the factions chose Pasythea, an Askaran warrior, to serve as the Dreamscape’s guardian in the event that it should need one. Now, as the factions gain new insight into the possibilities that await them in the Dreamscape, they must also be on guard for those who might abuse the power for their own nefarious ends. Join them in a world of infinite possibilities as they explore the glorious future that awaits New Vigil.	自大多数居民记事以来，新祈夜首次迎来和平。在冠军号召下，四派系将迪奥弗教团逼回阴影。繁荣催生前所未见的文化与智识复兴。\r\n\n得以再追热情的僧侣与先知，开始瞥见一个新领域——似乎总在感知边缘，如现实之外颤动的蜃景。起初被视为异象，共享体验很快表明这不止如此：那是阿达尤登升余波中留下的创世残片。\n\n最早造访者称之为梦境，它映照新祈夜及其住民的可能与不可能；有梦便有梦魇。\n\n越来越多人进入梦界，也带入各自目标与欲望，或好或坏。见新力量可能被滥用，各派系选择亚哈战士帕西提亚，在需要时担任梦境守卫。\r\n\n如今，当各派系洞见梦境中等待的可能时，也须提防为一己私利滥用力量之人。加入他们，在无限可能的世界中，探索新祈夜辉煌的未来。
E	\nMy divinations relate a frightful tale- I have seen cosmic events of the darkest portent. There lately came to the yawning gate of death a divine spirit, wrathful and red, not to be mistaken for a mortal will. The Gatekeeper knelt and, with two hands, plucked it from the stream of souls, brushing stars from the pulsating force like so many burrs.\r\n\n"This soul is familiar," said the Gatekeeper. Then was heard a viper's voice, as if spoken from five mouths at once: It is because I created you. You must release me.\r\n\n"Yet, I am bound to send you on your way," the Gatekeeper replied.  "You wore a mortal skin. You must suffer a mortal fate."\r\n\n<i>No, Kythis. You are bound no longer. Forbear my fate, Gatekeeper, and I shall absolve you of yours. It is still within my power.\r</i>\n\n\rThus, Samael the Fallen was spared exile to Deofol—at the cost of leaving death's riverbank forever unwatched, the gate untended, and all wills condemned to purgatory.\r\n\nNow, the flames of war again decorate the horizon. Terror grips the frontier, so recently resettled, only to be submerged anew in the blood of mortals. With the Gatekeeper gone, the souls torn from the bodies of Vigil's defenders will know no respite unless all is set right.\n\n\rLet a call echo across all of Vigil. The bickering that came in war's wake must end. A Godslayer must take up arms a second time.\r\n\nThe Fallen has returned.	我的占卜述说一个骇人故事——我看见最黑暗凶兆的宇宙事件。近日，一道神圣之灵来到死亡的裂口之门：暴怒而赤红，绝非凡人之志。守门人跪下，双手将它从灵魂之流中捞起，像摘刺一般拂去搏动之力上的星辰。\r\n\n「此魂似曾相识，」守门人说。随后响起如五口齐发的蝰蛇之声：因为是我创造了你。你必须放我自由。\r\n\n「可我仍须送你上路，」守门人答道。「你曾披凡人皮囊。你须承受凡人的命运。」\r\n\n<i>不，凯西斯。你已不再受缚。宽恕我的命运吧，守门人，我将免除你的。这仍在我力量之内。\r</i>\n\n\r于是堕落者萨麦尔免于放逐迪奥弗——代价是死亡河岸从此无人看守，门户无人值守，一切意志都被判入炼狱。\r\n\n如今战火再次装点地平线。恐怖攫住刚被重新定居的边疆，只为再次淹没在凡人的鲜血中。守门人已去，从祈夜守御者身上撕下的灵魂将永无安息，除非一切被拨乱反正。\n\n\r让呼声响彻整座祈夜。战后的争执必须结束。弑神者必须第二次拿起武器。\r\n\n堕落者已经归来。
E	My divinations relate a frightful tale- I have seen cosmic events of the darkest portent. There lately came to the yawning gate of death a divine spirit, wrathful and red, not to be mistaken for a mortal will. The Gatekeeper knelt and, with two hands, plucked it from the stream of souls, brushing stars from the pulsating force like so many burrs.\r\n\n"This soul is familiar," said the Gatekeeper. Then was heard a viper's voice, as if spoken from five mouths at once: It is because I created you. You must release me.\r\n\n"Yet, I am bound to send you on your way," the Gatekeeper replied.  "You wore a mortal skin. You must suffer a mortal fate."\r\n\n<i>No, Kythis. You are bound no longer. Forbear my fate, Gatekeeper, and I shall absolve you of yours. It is still within my power.\r</i>\n\n\rThus, Samael the Fallen was spared exile to Deofol—at the cost of leaving death's riverbank forever unwatched, the gate untended, and all wills condemned to purgatory.\r\n\nNow, the flames of war again decorate the horizon. Terror grips the frontier, so recently resettled, only to be submerged anew in the blood of mortals. With the Gatekeeper gone, the souls torn from the bodies of Vigil's defenders will know no respite unless all is set right.\n\n\rLet a call echo across all of Vigil. The bickering that came in war's wake must end. A Godslayer must take up arms a second time.\r\n\nThe Fallen has returned.	我的占卜述说一个骇人故事——我看见最黑暗凶兆的宇宙事件。近日，一道神圣之灵来到死亡的裂口之门：暴怒而赤红，绝非凡人之志。守门人跪下，双手将它从灵魂之流中捞起，像摘刺一般拂去搏动之力上的星辰。\r\n\n「此魂似曾相识，」守门人说。随后响起如五口齐发的蝰蛇之声：因为是我创造了你。你必须放我自由。\r\n\n「可我仍须送你上路，」守门人答道。「你曾披凡人皮囊。你须承受凡人的命运。」\r\n\n<i>不，凯西斯。你已不再受缚。宽恕我的命运吧，守门人，我将免除你的。这仍在我力量之内。\r</i>\n\n\r于是堕落者萨麦尔免于放逐迪奥弗——代价是死亡河岸从此无人看守，门户无人值守，一切意志都被判入炼狱。\r\n\n如今战火再次装点地平线。恐怖攫住刚被重新定居的边疆，只为再次淹没在凡人的鲜血中。守门人已去，从祈夜守御者身上撕下的灵魂将永无安息，除非一切被拨乱反正。\n\n\r让呼声响彻整座祈夜。战后的争执必须结束。弑神者必须第二次拿起武器。\r\n\n堕落者已经归来。
E	My divinations relate a frightful tale- I have seen cosmic events of the darkest portent. There lately came to the yawning gate of death a divine spirit, wrathful and red, not to be mistaken for a mortal will. The Gatekeeper knelt and, with two hands, plucked it from the stream of souls, brushing stars from the pulsating force like so many burrs.\n\n"This soul is familiar," said the Gatekeeper. Then was heard a viper's voice, as if spoken from five mouths at once: It is because I created you. You must release me.\n\n"Yet, I am bound to send you on your way," the Gatekeeper replied.  "You wore a mortal skin. You must suffer a mortal fate."\n\n<i>No, Kythis. You are bound no longer. Forbear my fate, Gatekeeper, and I shall absolve you of yours. It is still within my power.\n</i>\n\nThus, Samael the Fallen was spared exile to Deofol—at the cost of leaving death's riverbank forever unwatched, the gate untended, and all wills condemned to purgatory.\n\nNow, the flames of war again decorate the horizon. Terror grips the frontier, so recently resettled, only to be submerged anew in the blood of mortals. With the Gatekeeper gone, the souls torn from the bodies of Vigil's defenders will know no respite unless all is set right.\n\nLet a call echo across all of Vigil. The bickering that came in war's wake must end. A Godslayer must take up arms a second time.\n\nThe Fallen has returned.	我的占卜述说一个骇人故事——我看见最黑暗凶兆的宇宙事件。近日，一道神圣之灵来到死亡的裂口之门：暴怒而赤红，绝非凡人之志。守门人跪下，双手将它从灵魂之流中捞起，像摘刺一般拂去搏动之力上的星辰。\r\n\n「此魂似曾相识，」守门人说。随后响起如五口齐发的蝰蛇之声：因为是我创造了你。你必须放我自由。\r\n\n「可我仍须送你上路，」守门人答道。「你曾披凡人皮囊。你须承受凡人的命运。」\r\n\n<i>不，凯西斯。你已不再受缚。宽恕我的命运吧，守门人，我将免除你的。这仍在我力量之内。\r</i>\n\n\r于是堕落者萨麦尔免于放逐迪奥弗——代价是死亡河岸从此无人看守，门户无人值守，一切意志都被判入炼狱。\r\n\n如今战火再次装点地平线。恐怖攫住刚被重新定居的边疆，只为再次淹没在凡人的鲜血中。守门人已去，从祈夜守御者身上撕下的灵魂将永无安息，除非一切被拨乱反正。\n\n\r让呼声响彻整座祈夜。战后的争执必须结束。弑神者必须第二次拿起武器。\r\n\n堕落者已经归来。
E	My divinations relate a frightful tale- I have seen cosmic events of the darkest portent. There lately came to the yawning gate of death a divine spirit, wrathful and red, not to be mistaken for a mortal will. The Gatekeeper knelt and, with two hands, plucked it from the stream of souls, brushing stars from the pulsating force like so many burrs.\n\n"This soul is familiar," said the Gatekeeper. Then was heard a viper's voice, as if spoken from five mouths at once: It is because I created you. You must release me.\n\n"Yet, I am bound to send you on your way," the Gatekeeper replied. "You wore a mortal skin. You must suffer a mortal fate."\n\n<i>No, Kythis. You are bound no longer. Forbear my fate, Gatekeeper, and I shall absolve you of yours. It is still within my power.\n</i>\n\nThus, Samael the Fallen was spared exile to Deofol—at the cost of leaving death's riverbank forever unwatched, the gate untended, and all wills condemned to purgatory.\n\nNow, the flames of war again decorate the horizon. Terror grips the frontier, so recently resettled, only to be submerged anew in the blood of mortals. With the Gatekeeper gone, the souls torn from the bodies of Vigil's defenders will know no respite unless all is set right.\n\nLet a call echo across all of Vigil. The bickering that came in war's wake must end. A Godslayer must take up arms a second time.\n\nThe Fallen has returned.	我的占卜述说一个骇人故事——我看见最黑暗凶兆的宇宙事件。近日，一道神圣之灵来到死亡的裂口之门：暴怒而赤红，绝非凡人之志。守门人跪下，双手将它从灵魂之流中捞起，像摘刺一般拂去搏动之力上的星辰。\r\n\n「此魂似曾相识，」守门人说。随后响起如五口齐发的蝰蛇之声：因为是我创造了你。你必须放我自由。\r\n\n「可我仍须送你上路，」守门人答道。「你曾披凡人皮囊。你须承受凡人的命运。」\r\n\n<i>不，凯西斯。你已不再受缚。宽恕我的命运吧，守门人，我将免除你的。这仍在我力量之内。\r</i>\n\n\r于是堕落者萨麦尔免于放逐迪奥弗——代价是死亡河岸从此无人看守，门户无人值守，一切意志都被判入炼狱。\r\n\n如今战火再次装点地平线。恐怖攫住刚被重新定居的边疆，只为再次淹没在凡人的鲜血中。守门人已去，从祈夜守御者身上撕下的灵魂将永无安息，除非一切被拨乱反正。\n\n\r让呼声响彻整座祈夜。战后的争执必须结束。弑神者必须第二次拿起武器。\r\n\n堕落者已经归来。
E	My divinations relate a frightful tale- I have seen cosmic events of the darkest portent. There lately came to the yawning gate of death a divine spirit, wrathful and red, not to be mistaken for a mortal will. The Gatekeeper knelt and, with two hands, plucked it from the stream of souls, brushing stars from the pulsating force like so many burrs. "This soul is familiar," said the Gatekeeper. Then was heard a viper's voice, as if spoken from five mouths at once: It is because I created you. You must release me. "Yet, I am bound to send you on your way," the Gatekeeper replied. "You wore a mortal skin. You must suffer a mortal fate." No, Kythis. You are bound no longer. Forbear my fate, Gatekeeper, and I shall absolve you of yours. It is still within my power. Thus, Samael the Fallen was spared exile to Deofol—at the cost of leaving death's riverbank forever unwatched, the gate untended, and all wills condemned to purgatory. Now, the flames of war again decorate the horizon. Terror grips the frontier, so recently resettled, only to be submerged anew in the blood of mortals. With the Gatekeeper gone, the souls torn from the bodies of Vigil's defenders will know no respite unless all is set right. Let a call echo across all of Vigil. The bickering that came in war's wake must end. A Godslayer must take up arms a second time. The Fallen has returned.	我的占卜述说一个骇人故事——我看见最黑暗凶兆的宇宙事件。近日，一道神圣之灵来到死亡的裂口之门：暴怒而赤红，绝非凡人之志。守门人跪下，双手将它从灵魂之流中捞起，像摘刺一般拂去搏动之力上的星辰。\r\n\n「此魂似曾相识，」守门人说。随后响起如五口齐发的蝰蛇之声：因为是我创造了你。你必须放我自由。\r\n\n「可我仍须送你上路，」守门人答道。「你曾披凡人皮囊。你须承受凡人的命运。」\r\n\n<i>不，凯西斯。你已不再受缚。宽恕我的命运吧，守门人，我将免除你的。这仍在我力量之内。\r</i>\n\n\r于是堕落者萨麦尔免于放逐迪奥弗——代价是死亡河岸从此无人看守，门户无人值守，一切意志都被判入炼狱。\r\n\n如今战火再次装点地平线。恐怖攫住刚被重新定居的边疆，只为再次淹没在凡人的鲜血中。守门人已去，从祈夜守御者身上撕下的灵魂将永无安息，除非一切被拨乱反正。\n\n\r让呼声响彻整座祈夜。战后的争执必须结束。弑神者必须第二次拿起武器。\r\n\n堕落者已经归来。
E	\nIt has been years since Kythis was defeated.  The Well of Souls once more welcomes home the long-suffering spirits of the fallen.  For the first time in generations, peace and prosperity replaced the chaos of bloody war.  From the seeds of death sprung hope as the people of Vigil rebuilt her war-torn cities and honored the sacrifices of her dead.\n\nIt was in this time of plenty that the mysterious shards appeared.  Like the crystalline tears of some weeping god, they rained upon Vigil in storms of pulsing light.  They were found casting their peculiar glow in long forgotten mines, abandoned temples, and silent shrines.  All the while, strange tales of enhanced sorcery, strength, and power spread.  Mystics and other arcane practitioners praised the gods for their divine gift, claiming the shards a reward for their many trials and tribulations.  Still others called for further study, cautioning all who would listen that such power never comes without a price.\n\nAnd while the people of Vigil celebrate their new source of power, tales of twisted beasts and nightmarish creatures are told in whispers.  Vigil's hard won peace is poised to shatter, as strange new monsters defile once sacred sites and stalk the trails between the villages.  The power of the shards brought about the Rise of Vigil - will it now cause her fall?\n\n	凯西斯被击败已有数年。灵魂之井再次迎接饱经苦难的亡者之灵归乡。世代以来第一次，和平与繁荣取代了血战的混乱。死亡的种子里抽出希望：祈夜的人民重建饱受战火的城市，并纪念死者的牺牲。\n\n正是在这丰饶之时，神秘碎片出现了。它们如同某位泣神的晶泪，在搏动的光雨中落向祈夜。人们在久被遗忘的矿坑、废弃神殿与寂静神龛中发现它们独特的辉光。与此同时，关于增强巫术、力量与战力的奇闻流传开来。秘教士和其他奥术修行者赞美神明的恩赐，称碎片是对他们诸多试炼的奖赏。也有人呼吁进一步研究，警告所有愿意倾听的人：如此力量从无免费。\n\n当祈夜人民庆祝这新的力量之源时，关于扭曲野兽与梦魇生物的故事却在耳语中流传。祈夜来之不易的和平濒临破碎：陌生的新怪物玷污曾经神圣之地，出没于村落之间的小径。碎片的力量带来了祈夜崛起——如今，它会不会也导致她的陨落？
E	It has been years since Kythis was defeated.  The Well of Souls once more welcomes home the long-suffering spirits of the fallen.  For the first time in generations, peace and prosperity replaced the chaos of bloody war.  From the seeds of death sprung hope as the people of Vigil rebuilt her war-torn cities and honored the sacrifices of her dead.\n\nIt was in this time of plenty that the mysterious shards appeared.  Like the crystalline tears of some weeping god, they rained upon Vigil in storms of pulsing light.  They were found casting their peculiar glow in long forgotten mines, abandoned temples, and silent shrines.  All the while, strange tales of enhanced sorcery, strength, and power spread.  Mystics and other arcane practitioners praised the gods for their divine gift, claiming the shards a reward for their many trials and tribulations.  Still others called for further study, cautioning all who would listen that such power never comes without a price.\n\nAnd while the people of Vigil celebrate their new source of power, tales of twisted beasts and nightmarish creatures are told in whispers.  Vigil's hard won peace is poised to shatter, as strange new monsters defile once sacred sites and stalk the trails between the villages.  The power of the shards brought about the Rise of Vigil - will it now cause her fall?	凯西斯被击败已有数年。灵魂之井再次迎接饱经苦难的亡者之灵归乡。世代以来第一次，和平与繁荣取代了血战的混乱。死亡的种子里抽出希望：祈夜的人民重建饱受战火的城市，并纪念死者的牺牲。\n\n正是在这丰饶之时，神秘碎片出现了。它们如同某位泣神的晶泪，在搏动的光雨中落向祈夜。人们在久被遗忘的矿坑、废弃神殿与寂静神龛中发现它们独特的辉光。与此同时，关于增强巫术、力量与战力的奇闻流传开来。秘教士和其他奥术修行者赞美神明的恩赐，称碎片是对他们诸多试炼的奖赏。也有人呼吁进一步研究，警告所有愿意倾听的人：如此力量从无免费。\n\n当祈夜人民庆祝这新的力量之源时，关于扭曲野兽与梦魇生物的故事却在耳语中流传。祈夜来之不易的和平濒临破碎：陌生的新怪物玷污曾经神圣之地，出没于村落之间的小径。碎片的力量带来了祈夜崛起——如今，它会不会也导致她的陨落？
E	It has been years since Kythis was defeated. The Well of Souls once more welcomes home the long-suffering spirits of the fallen. For the first time in generations, peace and prosperity replaced the chaos of bloody war. From the seeds of death sprung hope as the people of Vigil rebuilt her war-torn cities and honored the sacrifices of her dead.\n\nIt was in this time of plenty that the mysterious shards appeared. Like the crystalline tears of some weeping god, they rained upon Vigil in storms of pulsing light. They were found casting their peculiar glow in long forgotten mines, abandoned temples, and silent shrines. All the while, strange tales of enhanced sorcery, strength, and power spread. Mystics and other arcane practitioners praised the gods for their divine gift, claiming the shards a reward for their many trials and tribulations. Still others called for further study, cautioning all who would listen that such power never comes without a price.\n\nAnd while the people of Vigil celebrate their new source of power, tales of twisted beasts and nightmarish creatures are told in whispers. Vigil's hard won peace is poised to shatter, as strange new monsters defile once sacred sites and stalk the trails between the villages. The power of the shards brought about the Rise of Vigil - will it now cause her fall?	凯西斯被击败已有数年。灵魂之井再次迎接饱经苦难的亡者之灵归乡。世代以来第一次，和平与繁荣取代了血战的混乱。死亡的种子里抽出希望：祈夜的人民重建饱受战火的城市，并纪念死者的牺牲。\n\n正是在这丰饶之时，神秘碎片出现了。它们如同某位泣神的晶泪，在搏动的光雨中落向祈夜。人们在久被遗忘的矿坑、废弃神殿与寂静神龛中发现它们独特的辉光。与此同时，关于增强巫术、力量与战力的奇闻流传开来。秘教士和其他奥术修行者赞美神明的恩赐，称碎片是对他们诸多试炼的奖赏。也有人呼吁进一步研究，警告所有愿意倾听的人：如此力量从无免费。\n\n当祈夜人民庆祝这新的力量之源时，关于扭曲野兽与梦魇生物的故事却在耳语中流传。祈夜来之不易的和平濒临破碎：陌生的新怪物玷污曾经神圣之地，出没于村落之间的小径。碎片的力量带来了祈夜崛起——如今，它会不会也导致她的陨落？
E	It has been years since Kythis was defeated. The Well of Souls once more welcomes home the long-suffering spirits of the fallen. For the first time in generations, peace and prosperity replaced the chaos of bloody war. From the seeds of death sprung hope as the people of Vigil rebuilt her war-torn cities and honored the sacrifices of her dead. It was in this time of plenty that the mysterious shards appeared. Like the crystalline tears of some weeping god, they rained upon Vigil in storms of pulsing light. They were found casting their peculiar glow in long forgotten mines, abandoned temples, and silent shrines. All the while, strange tales of enhanced sorcery, strength, and power spread. Mystics and other arcane practitioners praised the gods for their divine gift, claiming the shards a reward for their many trials and tribulations. Still others called for further study, cautioning all who would listen that such power never comes without a price. And while the people of Vigil celebrate their new source of power, tales of twisted beasts and nightmarish creatures are told in whispers. Vigil's hard won peace is poised to shatter, as strange new monsters defile once sacred sites and stalk the trails between the villages. The power of the shards brought about the Rise of Vigil - will it now cause her fall?	凯西斯被击败已有数年。灵魂之井再次迎接饱经苦难的亡者之灵归乡。世代以来第一次，和平与繁荣取代了血战的混乱。死亡的种子里抽出希望：祈夜的人民重建饱受战火的城市，并纪念死者的牺牲。\n\n正是在这丰饶之时，神秘碎片出现了。它们如同某位泣神的晶泪，在搏动的光雨中落向祈夜。人们在久被遗忘的矿坑、废弃神殿与寂静神龛中发现它们独特的辉光。与此同时，关于增强巫术、力量与战力的奇闻流传开来。秘教士和其他奥术修行者赞美神明的恩赐，称碎片是对他们诸多试炼的奖赏。也有人呼吁进一步研究，警告所有愿意倾听的人：如此力量从无免费。\n\n当祈夜人民庆祝这新的力量之源时，关于扭曲野兽与梦魇生物的故事却在耳语中流传。祈夜来之不易的和平濒临破碎：陌生的新怪物玷污曾经神圣之地，出没于村落之间的小径。碎片的力量带来了祈夜崛起——如今，它会不会也导致她的陨落？
E	<margin-right=12em>The biggest new feature in Ascension: Dreamscape™ is the Dreamscape–a hidden set of cards players have access to during the game. Unlike center row cards, each player’s Dreamscape cards are purchasable only by that player. These cards are purchasable during the game with a new resource called Insight (<sprite=112>).\r\n\nAt the beginning of the game, each player is dealt five Dream cards from the Dream deck, from which they will choose three that they then add to their personal Dreamscape. The two remaining unchosen cards should be kept hidden from the other players and are shuffled back into the Dream deck. Set the Dream deck aside for easy access during the game.\r\n\nThe Dream deck includes Heroes, Constructs, and Visions.  In addition to unique frames, Dream cards can also be identified by their  gold borders.\n\r\n<margin=0>Each player has their own Dreamscape that should be placed face down in front of them. Players may look at the cards in their Dreamscape at any time, but it should be kept hidden from everyone else. Players may purchase cards from their own Dreamscape during their turn at any time they could normally acquire cards from the center row.\n\n	<margin-right=12em>《创升纪元：梦境》™最大的新内容是梦境——对局中玩家可使用的一组隐藏卡牌。与中央牌列不同，每位玩家的梦境卡只能由该玩家购买。这些卡在对局中用新资源洞察（<sprite=112>）购买。\r\n\n对局开始时，每位玩家从梦境牌库发五张梦境卡，从中选择三张加入个人梦境。其余两张须对其他玩家保密，并洗回梦境牌库。将梦境牌库放在一旁以便取用。\r\n\n梦境牌库包含英雄、神器与异象。除独特卡框外，梦境卡也可凭金色边框辨认。\n\r\n<margin=0>每位玩家有自己的梦境，应正面朝下置于面前。玩家可随时查看自己梦境中的卡牌，但须对其他人保密。玩家可在自己回合中、本可从中央牌列获取卡牌的任何时候，从自己的梦境购买卡牌。
E	<margin-right=12em>The biggest new feature in Ascension: Dreamscape™ is the Dreamscape–a hidden set of cards players have access to during the game. Unlike center row cards, each player’s Dreamscape cards are purchasable only by that player. These cards are purchasable during the game with a new resource called Insight (<sprite=112>).\r\n\nAt the beginning of the game, each player is dealt five Dream cards from the Dream deck, from which they will choose three that they then add to their personal Dreamscape. The two remaining unchosen cards should be kept hidden from the other players and are shuffled back into the Dream deck. Set the Dream deck aside for easy access during the game.\r\n\nThe Dream deck includes Heroes, Constructs, and Visions.  In addition to unique frames, Dream cards can also be identified by their  gold borders.\n\r\n<margin=0>Each player has their own Dreamscape that should be placed face down in front of them. Players may look at the cards in their Dreamscape at any time, but it should be kept hidden from everyone else. Players may purchase cards from their own Dreamscape during their turn at any time they could normally acquire cards from the center row.	<margin-right=12em>《创升纪元：梦境》™最大的新内容是梦境——对局中玩家可使用的一组隐藏卡牌。与中央牌列不同，每位玩家的梦境卡只能由该玩家购买。这些卡在对局中用新资源洞察（<sprite=112>）购买。\r\n\n对局开始时，每位玩家从梦境牌库发五张梦境卡，从中选择三张加入个人梦境。其余两张须对其他玩家保密，并洗回梦境牌库。将梦境牌库放在一旁以便取用。\r\n\n梦境牌库包含英雄、神器与异象。除独特卡框外，梦境卡也可凭金色边框辨认。\n\r\n<margin=0>每位玩家有自己的梦境，应正面朝下置于面前。玩家可随时查看自己梦境中的卡牌，但须对其他人保密。玩家可在自己回合中、本可从中央牌列获取卡牌的任何时候，从自己的梦境购买卡牌。
E	<margin-right=12em>The biggest new feature in Ascension: Dreamscape™ is the Dreamscape–a hidden set of cards players have access to during the game. Unlike center row cards, each player’s Dreamscape cards are purchasable only by that player. These cards are purchasable during the game with a new resource called Insight (<sprite=112>).\n\nAt the beginning of the game, each player is dealt five Dream cards from the Dream deck, from which they will choose three that they then add to their personal Dreamscape. The two remaining unchosen cards should be kept hidden from the other players and are shuffled back into the Dream deck. Set the Dream deck aside for easy access during the game.\n\nThe Dream deck includes Heroes, Constructs, and Visions.  In addition to unique frames, Dream cards can also be identified by their  gold borders.\n\n<margin=0>Each player has their own Dreamscape that should be placed face down in front of them. Players may look at the cards in their Dreamscape at any time, but it should be kept hidden from everyone else. Players may purchase cards from their own Dreamscape during their turn at any time they could normally acquire cards from the center row.	<margin-right=12em>《创升纪元：梦境》™最大的新内容是梦境——对局中玩家可使用的一组隐藏卡牌。与中央牌列不同，每位玩家的梦境卡只能由该玩家购买。这些卡在对局中用新资源洞察（<sprite=112>）购买。\r\n\n对局开始时，每位玩家从梦境牌库发五张梦境卡，从中选择三张加入个人梦境。其余两张须对其他玩家保密，并洗回梦境牌库。将梦境牌库放在一旁以便取用。\r\n\n梦境牌库包含英雄、神器与异象。除独特卡框外，梦境卡也可凭金色边框辨认。\n\r\n<margin=0>每位玩家有自己的梦境，应正面朝下置于面前。玩家可随时查看自己梦境中的卡牌，但须对其他人保密。玩家可在自己回合中、本可从中央牌列获取卡牌的任何时候，从自己的梦境购买卡牌。
E	<margin-right=12em>The biggest new feature in Ascension: Dreamscape™ is the Dreamscape–a hidden set of cards players have access to during the game. Unlike center row cards, each player’s Dreamscape cards are purchasable only by that player. These cards are purchasable during the game with a new resource called Insight (<sprite=112>).\n\nAt the beginning of the game, each player is dealt five Dream cards from the Dream deck, from which they will choose three that they then add to their personal Dreamscape. The two remaining unchosen cards should be kept hidden from the other players and are shuffled back into the Dream deck. Set the Dream deck aside for easy access during the game.\n\nThe Dream deck includes Heroes, Constructs, and Visions. In addition to unique frames, Dream cards can also be identified by their gold borders.\n\n<margin=0>Each player has their own Dreamscape that should be placed face down in front of them. Players may look at the cards in their Dreamscape at any time, but it should be kept hidden from everyone else. Players may purchase cards from their own Dreamscape during their turn at any time they could normally acquire cards from the center row.	<margin-right=12em>《创升纪元：梦境》™最大的新内容是梦境——对局中玩家可使用的一组隐藏卡牌。与中央牌列不同，每位玩家的梦境卡只能由该玩家购买。这些卡在对局中用新资源洞察（<sprite=112>）购买。\r\n\n对局开始时，每位玩家从梦境牌库发五张梦境卡，从中选择三张加入个人梦境。其余两张须对其他玩家保密，并洗回梦境牌库。将梦境牌库放在一旁以便取用。\r\n\n梦境牌库包含英雄、神器与异象。除独特卡框外，梦境卡也可凭金色边框辨认。\n\r\n<margin=0>每位玩家有自己的梦境，应正面朝下置于面前。玩家可随时查看自己梦境中的卡牌，但须对其他人保密。玩家可在自己回合中、本可从中央牌列获取卡牌的任何时候，从自己的梦境购买卡牌。
E	<margin-right=12em>The biggest new feature in Ascension: Dreamscape™ is the Dreamscape–a hidden set of cards players have access to during the game. Unlike center row cards, each player’s Dreamscape cards are purchasable only by that player. These cards are purchasable during the game with a new resource called Insight (). At the beginning of the game, each player is dealt five Dream cards from the Dream deck, from which they will choose three that they then add to their personal Dreamscape. The two remaining unchosen cards should be kept hidden from the other players and are shuffled back into the Dream deck. Set the Dream deck aside for easy access during the game. The Dream deck includes Heroes, Constructs, and Visions. In addition to unique frames, Dream cards can also be identified by their gold borders. <margin=0>Each player has their own Dreamscape that should be placed face down in front of them. Players may look at the cards in their Dreamscape at any time, but it should be kept hidden from everyone else. Players may purchase cards from their own Dreamscape during their turn at any time they could normally acquire cards from the center row.	<margin-right=12em>《创升纪元：梦境》™最大的新内容是梦境——对局中玩家可使用的一组隐藏卡牌。与中央牌列不同，每位玩家的梦境卡只能由该玩家购买。这些卡在对局中用新资源洞察（<sprite=112>）购买。\r\n\n对局开始时，每位玩家从梦境牌库发五张梦境卡，从中选择三张加入个人梦境。其余两张须对其他玩家保密，并洗回梦境牌库。将梦境牌库放在一旁以便取用。\r\n\n梦境牌库包含英雄、神器与异象。除独特卡框外，梦境卡也可凭金色边框辨认。\n\r\n<margin=0>每位玩家有自己的梦境，应正面朝下置于面前。玩家可随时查看自己梦境中的卡牌，但须对其他人保密。玩家可在自己回合中、本可从中央牌列获取卡牌的任何时候，从自己的梦境购买卡牌。
E	The game ends when a certain amount of Honor has been earned, depending on the number of players.\r\r\t\r\r\n<align=center>\n2 Players = <sprite=77> Honor   3 Players = <sprite=78> Honor   4 Players = <sprite=79> Honor<br></align><br>When the final Honor point is earned, the game ends at the end of the current round (after the last player to start the game takes a turn).  Thus, each player will play the same number of turns during the course of the game and may still gain Honor even when the Honor pool is depleted.<br><br>\r\rCards in each player's deck are also worth Honor points, indicated by the number in the Honor symbol (<sprite=64>) in the bottom left corner of each card.  When the game is over, all Honor points from Heroes and Constructs in your deck and hand are added to the Honor you gained during the game.  The player with the most total Honor is the winner!<br><br>If multiple players have the same number of Honor Points, the last player to start wins (i.e., the starting player loses all ties, the second player loses to the third and fouth, etc.).<br><br>	游戏在获得一定数量的荣誉后结束，所需数量取决于玩家人数。\n\n<align=center>\n2人 = <sprite=77> 荣誉   3人 = <sprite=78> 荣誉   4人 = <sprite=79> 荣誉<br></align><br>当最后一点荣誉被获得时，游戏在本轮结束时结束（在开局顺序最后的玩家完成其回合之后）。因此，整局中每位玩家的回合数相同；即使荣誉池已空，仍可继续获得荣誉。<br><br>\n\n每位玩家牌库中的卡牌也计荣誉点数，见卡牌左下角荣誉符号（<sprite=64>）中的数字。游戏结束时，将你牌库与手牌中英雄和神器的荣誉，加到对局中已获得的荣誉上。总荣誉最高的玩家获胜！<br><br>若多名玩家荣誉点数相同，开局顺序最靠后的玩家获胜（即起始玩家在所有平局中落败，第二玩家输给第三、第四玩家，以此类推）。<br><br>
E	The game ends when a certain amount of Honor has been earned, depending on the number of players.\n\n<align=center>\n2 Players = <sprite=77> Honor   3 Players = <sprite=78> Honor   4 Players = <sprite=79> Honor<br></align><br>When the final Honor point is earned, the game ends at the end of the current round (after the last player to start the game takes a turn).  Thus, each player will play the same number of turns during the course of the game and may still gain Honor even when the Honor pool is depleted.<br><br>\n\nCards in each player's deck are also worth Honor points, indicated by the number in the Honor symbol (<sprite=64>) in the bottom left corner of each card.  When the game is over, all Honor points from Heroes and Constructs in your deck and hand are added to the Honor you gained during the game.  The player with the most total Honor is the winner!<br><br>If multiple players have the same number of Honor Points, the last player to start wins (i.e., the starting player loses all ties, the second player loses to the third and fouth, etc.).<br><br>	游戏在获得一定数量的荣誉后结束，所需数量取决于玩家人数。\n\n<align=center>\n2人 = <sprite=77> 荣誉   3人 = <sprite=78> 荣誉   4人 = <sprite=79> 荣誉<br></align><br>当最后一点荣誉被获得时，游戏在本轮结束时结束（在开局顺序最后的玩家完成其回合之后）。因此，整局中每位玩家的回合数相同；即使荣誉池已空，仍可继续获得荣誉。<br><br>\n\n每位玩家牌库中的卡牌也计荣誉点数，见卡牌左下角荣誉符号（<sprite=64>）中的数字。游戏结束时，将你牌库与手牌中英雄和神器的荣誉，加到对局中已获得的荣誉上。总荣誉最高的玩家获胜！<br><br>若多名玩家荣誉点数相同，开局顺序最靠后的玩家获胜（即起始玩家在所有平局中落败，第二玩家输给第三、第四玩家，以此类推）。<br><br>
E	The game ends when a certain amount of Honor has been earned, depending on the number of players.\n\n<align=center>\n2 Players = <sprite=77> Honor 3 Players = <sprite=78> Honor 4 Players = <sprite=79> Honor<br></align><br>When the final Honor point is earned, the game ends at the end of the current round (after the last player to start the game takes a turn). Thus, each player will play the same number of turns during the course of the game and may still gain Honor even when the Honor pool is depleted.<br><br>\n\nCards in each player's deck are also worth Honor points, indicated by the number in the Honor symbol (<sprite=64>) in the bottom left corner of each card. When the game is over, all Honor points from Heroes and Constructs in your deck and hand are added to the Honor you gained during the game. The player with the most total Honor is the winner!<br><br>If multiple players have the same number of Honor Points, the last player to start wins (i.e., the starting player loses all ties, the second player loses to the third and fouth, etc.).<br><br>	游戏在获得一定数量的荣誉后结束，所需数量取决于玩家人数。\n\n<align=center>\n2人 = <sprite=77> 荣誉   3人 = <sprite=78> 荣誉   4人 = <sprite=79> 荣誉<br></align><br>当最后一点荣誉被获得时，游戏在本轮结束时结束（在开局顺序最后的玩家完成其回合之后）。因此，整局中每位玩家的回合数相同；即使荣誉池已空，仍可继续获得荣誉。<br><br>\n\n每位玩家牌库中的卡牌也计荣誉点数，见卡牌左下角荣誉符号（<sprite=64>）中的数字。游戏结束时，将你牌库与手牌中英雄和神器的荣誉，加到对局中已获得的荣誉上。总荣誉最高的玩家获胜！<br><br>若多名玩家荣誉点数相同，开局顺序最靠后的玩家获胜（即起始玩家在所有平局中落败，第二玩家输给第三、第四玩家，以此类推）。<br><br>
E	The game ends when a certain amount of Honor has been earned, depending on the number of players. <align=center> 2 Players = Honor 3 Players = Honor 4 Players = Honor</align>When the final Honor point is earned, the game ends at the end of the current round (after the last player to start the game takes a turn). Thus, each player will play the same number of turns during the course of the game and may still gain Honor even when the Honor pool is depleted. Cards in each player's deck are also worth Honor points, indicated by the number in the Honor symbol () in the bottom left corner of each card. When the game is over, all Honor points from Heroes and Constructs in your deck and hand are added to the Honor you gained during the game. The player with the most total Honor is the winner!If multiple players have the same number of Honor Points, the last player to start wins (i.e., the starting player loses all ties, the second player loses to the third and fouth, etc.).	游戏在获得一定数量的荣誉后结束，所需数量取决于玩家人数。\n\n<align=center>\n2人 = <sprite=77> 荣誉   3人 = <sprite=78> 荣誉   4人 = <sprite=79> 荣誉<br></align><br>当最后一点荣誉被获得时，游戏在本轮结束时结束（在开局顺序最后的玩家完成其回合之后）。因此，整局中每位玩家的回合数相同；即使荣誉池已空，仍可继续获得荣誉。<br><br>\n\n每位玩家牌库中的卡牌也计荣誉点数，见卡牌左下角荣誉符号（<sprite=64>）中的数字。游戏结束时，将你牌库与手牌中英雄和神器的荣誉，加到对局中已获得的荣誉上。总荣誉最高的玩家获胜！<br><br>若多名玩家荣誉点数相同，开局顺序最靠后的玩家获胜（即起始玩家在所有平局中落败，第二玩家输给第三、第四玩家，以此类推）。<br><br>
E	As the Heroes of Vigil struggle to fight back against the tides of undeath encroaching upon their lands, the source of the storm of souls has been discovered. The maelstrom comes from none other than Kythis himself. Once the gatekeeper of the afterlife, Kythis was freed from his duties in a nefarious bargain with Samael. When the Fallen One was defeated by the Godslayer, Kythis hatched a plan to ascend to the empty throne of Deofol.\n\n \r\rTo distract enemies who might interfere with his plot, the rebel godling opened the gates of the underworld and unleashed the spirits of the damned. As the tempest of undeath swept over the land, Kythis sought to tap into the font of death itself – the Well of Souls. From within the Well, he drew forth the spirits of fallen Heroes and bound them to himself, encasing their essences in crystalline form. With these Soul Gems bolstering his powers, the former Gatekeeper seeks to bring the realm of Deofol under his sway.\n\n	当祈夜英雄奋力抵御侵蚀其土地的不死浪潮时，灵魂风暴的源头已被发现。风暴来自凯西斯本人。他曾是来世的守门人，却在与萨麦尔的邪恶交易中被解除职责。当堕落者被弑神者击败后，凯西斯密谋登上迪奥弗空悬的王座。\n\n \r\r为分散可能干涉其阴谋的敌人，叛神幼体打开冥界之门，放出被诅咒者的灵魂。当不死风暴席卷大地时，凯西斯试图汲取死亡本源——灵魂之井。他从井中拽出陨落英雄的灵魂，将其束缚于己，把本质封入水晶形态。借这些灵魂宝石增强力量，前守门人试图将迪奥弗置于其掌控之下。
E	For as long as anyone can remember, Adayu has been a benevolent protector of the five realms. Able to alter reality with nothing more than a thought, he has saved Vigil countless times over, but now he may be its undoing.\r\r\n\nThe centuries of pain and struggle have begun to take their toll on Adayu’s mind. What will happen to Vigil if a being with the power to change reality loses his understanding of what that means? The realms must all unite to save Adayu, and existence itself, from being lost to madness.\r\n\n\rAs Adayu’s insanity takes its hold, the realms have begun to collide and join with one another. To combat this threat, new alliances between factions have formed and powerful champions are at your disposal to battle the spreading chaos.\r\r\n\nHorrors from Adayu's nightmares pillage the land. Vigil's foundations shake as they are unmade and remade in a twisted reflection. Can Adayu be restored before there is nothing left to save? It’s up to you.\n\n	自人们记事以来，阿达尤一直是五界的仁慈守护者。仅凭一念便可改写现实，他无数次拯救祈夜——但如今也可能成为其毁灭。\r\r\n\n数世纪的痛苦与挣扎开始侵蚀阿达尤的心智。若一个能改变现实的存在失去了对「现实」的理解，祈夜会怎样？诸界必须团结，拯救阿达尤与存在本身，以免沉沦于疯狂。\r\n\n\r随着阿达尤的疯狂蔓延，诸界开始碰撞并彼此融合。为对抗此威胁，派系间结成新同盟，强大冠军任你调遣，以抗扩散的混乱。\r\r\n\n阿达尤梦魇中的恐怖蹂躏大地。祈夜的根基在扭曲映象中被拆解又重塑。能否在一无所剩之前恢复阿达尤？取决于你。
E	As the Heroes of Vigil struggle to fight back against the tides of undeath encroaching upon their lands, the source of the storm of souls has been discovered. The maelstrom comes from none other than Kythis himself. Once the gatekeeper of the afterlife, Kythis was freed from his duties in a nefarious bargain with Samael. When the Fallen One was defeated by the Godslayer, Kythis hatched a plan to ascend to the empty throne of Deofol.\n\n \r\rTo distract enemies who might interfere with his plot, the rebel godling opened the gates of the underworld and unleashed the spirits of the damned. As the tempest of undeath swept over the land, Kythis sought to tap into the font of death itself – the Well of Souls. From within the Well, he drew forth the spirits of fallen Heroes and bound them to himself, encasing their essences in crystalline form. With these Soul Gems bolstering his powers, the former Gatekeeper seeks to bring the realm of Deofol under his sway.	当祈夜英雄奋力抵御侵蚀其土地的不死浪潮时，灵魂风暴的源头已被发现。风暴来自凯西斯本人。他曾是来世的守门人，却在与萨麦尔的邪恶交易中被解除职责。当堕落者被弑神者击败后，凯西斯密谋登上迪奥弗空悬的王座。\n\n \r\r为分散可能干涉其阴谋的敌人，叛神幼体打开冥界之门，放出被诅咒者的灵魂。当不死风暴席卷大地时，凯西斯试图汲取死亡本源——灵魂之井。他从井中拽出陨落英雄的灵魂，将其束缚于己，把本质封入水晶形态。借这些灵魂宝石增强力量，前守门人试图将迪奥弗置于其掌控之下。
E	For as long as anyone can remember, Adayu has been a benevolent protector of the five realms. Able to alter reality with nothing more than a thought, he has saved Vigil countless times over, but now he may be its undoing.\r\r\n\nThe centuries of pain and struggle have begun to take their toll on Adayu’s mind. What will happen to Vigil if a being with the power to change reality loses his understanding of what that means? The realms must all unite to save Adayu, and existence itself, from being lost to madness.\r\n\n\rAs Adayu’s insanity takes its hold, the realms have begun to collide and join with one another. To combat this threat, new alliances between factions have formed and powerful champions are at your disposal to battle the spreading chaos.\r\r\n\nHorrors from Adayu's nightmares pillage the land. Vigil's foundations shake as they are unmade and remade in a twisted reflection. Can Adayu be restored before there is nothing left to save? It’s up to you.	自人们记事以来，阿达尤一直是五界的仁慈守护者。仅凭一念便可改写现实，他无数次拯救祈夜——但如今也可能成为其毁灭。\r\r\n\n数世纪的痛苦与挣扎开始侵蚀阿达尤的心智。若一个能改变现实的存在失去了对「现实」的理解，祈夜会怎样？诸界必须团结，拯救阿达尤与存在本身，以免沉沦于疯狂。\r\n\n\r随着阿达尤的疯狂蔓延，诸界开始碰撞并彼此融合。为对抗此威胁，派系间结成新同盟，强大冠军任你调遣，以抗扩散的混乱。\r\r\n\n阿达尤梦魇中的恐怖蹂躏大地。祈夜的根基在扭曲映象中被拆解又重塑。能否在一无所剩之前恢复阿达尤？取决于你。
E	As the Heroes of Vigil struggle to fight back against the tides of undeath encroaching upon their lands, the source of the storm of souls has been discovered. The maelstrom comes from none other than Kythis himself. Once the gatekeeper of the afterlife, Kythis was freed from his duties in a nefarious bargain with Samael. When the Fallen One was defeated by the Godslayer, Kythis hatched a plan to ascend to the empty throne of Deofol.\n\nTo distract enemies who might interfere with his plot, the rebel godling opened the gates of the underworld and unleashed the spirits of the damned. As the tempest of undeath swept over the land, Kythis sought to tap into the font of death itself – the Well of Souls. From within the Well, he drew forth the spirits of fallen Heroes and bound them to himself, encasing their essences in crystalline form. With these Soul Gems bolstering his powers, the former Gatekeeper seeks to bring the realm of Deofol under his sway.	当祈夜英雄奋力抵御侵蚀其土地的不死浪潮时，灵魂风暴的源头已被发现。风暴来自凯西斯本人。他曾是来世的守门人，却在与萨麦尔的邪恶交易中被解除职责。当堕落者被弑神者击败后，凯西斯密谋登上迪奥弗空悬的王座。\n\n \r\r为分散可能干涉其阴谋的敌人，叛神幼体打开冥界之门，放出被诅咒者的灵魂。当不死风暴席卷大地时，凯西斯试图汲取死亡本源——灵魂之井。他从井中拽出陨落英雄的灵魂，将其束缚于己，把本质封入水晶形态。借这些灵魂宝石增强力量，前守门人试图将迪奥弗置于其掌控之下。
E	As the Heroes of Vigil struggle to fight back against the tides of undeath encroaching upon their lands, the source of the storm of souls has been discovered. The maelstrom comes from none other than Kythis himself. Once the gatekeeper of the afterlife, Kythis was freed from his duties in a nefarious bargain with Samael. When the Fallen One was defeated by the Godslayer, Kythis hatched a plan to ascend to the empty throne of Deofol. To distract enemies who might interfere with his plot, the rebel godling opened the gates of the underworld and unleashed the spirits of the damned. As the tempest of undeath swept over the land, Kythis sought to tap into the font of death itself – the Well of Souls. From within the Well, he drew forth the spirits of fallen Heroes and bound them to himself, encasing their essences in crystalline form. With these Soul Gems bolstering his powers, the former Gatekeeper seeks to bring the realm of Deofol under his sway.	当祈夜英雄奋力抵御侵蚀其土地的不死浪潮时，灵魂风暴的源头已被发现。风暴来自凯西斯本人。他曾是来世的守门人，却在与萨麦尔的邪恶交易中被解除职责。当堕落者被弑神者击败后，凯西斯密谋登上迪奥弗空悬的王座。\n\n \r\r为分散可能干涉其阴谋的敌人，叛神幼体打开冥界之门，放出被诅咒者的灵魂。当不死风暴席卷大地时，凯西斯试图汲取死亡本源——灵魂之井。他从井中拽出陨落英雄的灵魂，将其束缚于己，把本质封入水晶形态。借这些灵魂宝石增强力量，前守门人试图将迪奥弗置于其掌控之下。
E	For as long as anyone can remember, Adayu has been a benevolent protector of the five realms. Able to alter reality with nothing more than a thought, he has saved Vigil countless times over, but now he may be its undoing.\n\nThe centuries of pain and struggle have begun to take their toll on Adayu’s mind. What will happen to Vigil if a being with the power to change reality loses his understanding of what that means? The realms must all unite to save Adayu, and existence itself, from being lost to madness.\n\nAs Adayu’s insanity takes its hold, the realms have begun to collide and join with one another. To combat this threat, new alliances between factions have formed and powerful champions are at your disposal to battle the spreading chaos.\n\nHorrors from Adayu's nightmares pillage the land. Vigil's foundations shake as they are unmade and remade in a twisted reflection. Can Adayu be restored before there is nothing left to save? It’s up to you.	自人们记事以来，阿达尤一直是五界的仁慈守护者。仅凭一念便可改写现实，他无数次拯救祈夜——但如今也可能成为其毁灭。\r\r\n\n数世纪的痛苦与挣扎开始侵蚀阿达尤的心智。若一个能改变现实的存在失去了对「现实」的理解，祈夜会怎样？诸界必须团结，拯救阿达尤与存在本身，以免沉沦于疯狂。\r\n\n\r随着阿达尤的疯狂蔓延，诸界开始碰撞并彼此融合。为对抗此威胁，派系间结成新同盟，强大冠军任你调遣，以抗扩散的混乱。\r\r\n\n阿达尤梦魇中的恐怖蹂躏大地。祈夜的根基在扭曲映象中被拆解又重塑。能否在一无所剩之前恢复阿达尤？取决于你。
E	For as long as anyone can remember, Adayu has been a benevolent protector of the five realms. Able to alter reality with nothing more than a thought, he has saved Vigil countless times over, but now he may be its undoing. The centuries of pain and struggle have begun to take their toll on Adayu’s mind. What will happen to Vigil if a being with the power to change reality loses his understanding of what that means? The realms must all unite to save Adayu, and existence itself, from being lost to madness. As Adayu’s insanity takes its hold, the realms have begun to collide and join with one another. To combat this threat, new alliances between factions have formed and powerful champions are at your disposal to battle the spreading chaos. Horrors from Adayu's nightmares pillage the land. Vigil's foundations shake as they are unmade and remade in a twisted reflection. Can Adayu be restored before there is nothing left to save? It’s up to you.	自人们记事以来，阿达尤一直是五界的仁慈守护者。仅凭一念便可改写现实，他无数次拯救祈夜——但如今也可能成为其毁灭。\r\r\n\n数世纪的痛苦与挣扎开始侵蚀阿达尤的心智。若一个能改变现实的存在失去了对「现实」的理解，祈夜会怎样？诸界必须团结，拯救阿达尤与存在本身，以免沉沦于疯狂。\r\n\n\r随着阿达尤的疯狂蔓延，诸界开始碰撞并彼此融合。为对抗此威胁，派系间结成新同盟，强大冠军任你调遣，以抗扩散的混乱。\r\r\n\n阿达尤梦魇中的恐怖蹂躏大地。祈夜的根基在扭曲映象中被拆解又重塑。能否在一无所剩之前恢复阿达尤？取决于你。
E	An era of unprecedented peace and prosperity seemed like a just reward for the weary denizens of New Vigil, but a world dominated by light is an imbalanced one. A new darkness seeps in from the Void, intent on restoring balance by restoring despair and desolation to a world that had forgotten it.\r\n \r\nAklys, the Scourge, leads his dark legion into New Vigil, determined to carve out a new kingdom of his own in New Vigils' growing shadows. They rise from the shadows and the dark corners, striking out at content and unprepared cities.\r\n\nThe four factions now recall their veteran heroes and reawaken the great war machines of the past, as they plan their first move in the chaotic ebb and flow of light and dark. Do they have what it takes to defeat Aklys and restore the balance between Night and Day, or will they fall victim to the fear and paranoia as the shadows themselves rise up against them? The War of Shadows has begun.\r\n\n	前所未有的和平与繁荣，仿佛是对新祈夜疲惫居民的公正奖赏——但一个被光主宰的世界并不平衡。新的黑暗从虚空区渗入，意图把被遗忘的绝望与荒芜带回此界，以恢复平衡。\n\n天灾阿克里斯率领黑暗军团杀入新祈夜，决心在新祈夜渐长的阴影中为自己开辟新王国。他们自阴影与暗角升起，突袭安逸而无防备的城市。\n\n四派系召回老兵英雄，唤醒往昔的战争巨械，筹划在光暗混乱涨落中的第一步。他们能否击败阿克里斯、恢复夜与昼的平衡，还是会在阴影自身起身相向时，沦为恐惧与猜疑的牺牲品？暗影之战已经开始。
E	An era of unprecedented peace and prosperity seemed like a just reward for the weary denizens of New Vigil, but a world dominated by light is an imbalanced one. A new darkness seeps in from the Void, intent on restoring balance by restoring despair and desolation to a world that had forgotten it.\r\n \r\nAklys, the Scourge, leads his dark legion into New Vigil, determined to carve out a new kingdom of his own in New Vigils' growing shadows. They rise from the shadows and the dark corners, striking out at content and unprepared cities.\r\n\nThe four factions now recall their veteran heroes and reawaken the great war machines of the past, as they plan their first move in the chaotic ebb and flow of light and dark. Do they have what it takes to defeat Aklys and restore the balance between Night and Day, or will they fall victim to the fear and paranoia as the shadows themselves rise up against them? The War of Shadows has begun.	前所未有的和平与繁荣，仿佛是对新祈夜疲惫居民的公正奖赏——但一个被光主宰的世界并不平衡。新的黑暗从虚空区渗入，意图把被遗忘的绝望与荒芜带回此界，以恢复平衡。\n\n天灾阿克里斯率领黑暗军团杀入新祈夜，决心在新祈夜渐长的阴影中为自己开辟新王国。他们自阴影与暗角升起，突袭安逸而无防备的城市。\n\n四派系召回老兵英雄，唤醒往昔的战争巨械，筹划在光暗混乱涨落中的第一步。他们能否击败阿克里斯、恢复夜与昼的平衡，还是会在阴影自身起身相向时，沦为恐惧与猜疑的牺牲品？暗影之战已经开始。
E	An era of unprecedented peace and prosperity seemed like a just reward for the weary denizens of New Vigil, but a world dominated by light is an imbalanced one. A new darkness seeps in from the Void, intent on restoring balance by restoring despair and desolation to a world that had forgotten it.\n\nAklys, the Scourge, leads his dark legion into New Vigil, determined to carve out a new kingdom of his own in New Vigils' growing shadows. They rise from the shadows and the dark corners, striking out at content and unprepared cities.\n\nThe four factions now recall their veteran heroes and reawaken the great war machines of the past, as they plan their first move in the chaotic ebb and flow of light and dark. Do they have what it takes to defeat Aklys and restore the balance between Night and Day, or will they fall victim to the fear and paranoia as the shadows themselves rise up against them? The War of Shadows has begun.	前所未有的和平与繁荣，仿佛是对新祈夜疲惫居民的公正奖赏——但一个被光主宰的世界并不平衡。新的黑暗从虚空区渗入，意图把被遗忘的绝望与荒芜带回此界，以恢复平衡。\n\n天灾阿克里斯率领黑暗军团杀入新祈夜，决心在新祈夜渐长的阴影中为自己开辟新王国。他们自阴影与暗角升起，突袭安逸而无防备的城市。\n\n四派系召回老兵英雄，唤醒往昔的战争巨械，筹划在光暗混乱涨落中的第一步。他们能否击败阿克里斯、恢复夜与昼的平衡，还是会在阴影自身起身相向时，沦为恐惧与猜疑的牺牲品？暗影之战已经开始。
E	An era of unprecedented peace and prosperity seemed like a just reward for the weary denizens of New Vigil, but a world dominated by light is an imbalanced one. A new darkness seeps in from the Void, intent on restoring balance by restoring despair and desolation to a world that had forgotten it. Aklys, the Scourge, leads his dark legion into New Vigil, determined to carve out a new kingdom of his own in New Vigils' growing shadows. They rise from the shadows and the dark corners, striking out at content and unprepared cities. The four factions now recall their veteran heroes and reawaken the great war machines of the past, as they plan their first move in the chaotic ebb and flow of light and dark. Do they have what it takes to defeat Aklys and restore the balance between Night and Day, or will they fall victim to the fear and paranoia as the shadows themselves rise up against them? The War of Shadows has begun.	前所未有的和平与繁荣，仿佛是对新祈夜疲惫居民的公正奖赏——但一个被光主宰的世界并不平衡。新的黑暗从虚空区渗入，意图把被遗忘的绝望与荒芜带回此界，以恢复平衡。\n\n天灾阿克里斯率领黑暗军团杀入新祈夜，决心在新祈夜渐长的阴影中为自己开辟新王国。他们自阴影与暗角升起，突袭安逸而无防备的城市。\n\n四派系召回老兵英雄，唤醒往昔的战争巨械，筹划在光暗混乱涨落中的第一步。他们能否击败阿克里斯、恢复夜与昼的平衡，还是会在阴影自身起身相向时，沦为恐惧与猜疑的牺牲品？暗影之战已经开始。
E	<margin-right=12em>Energy <sprite=96> is a new type of resource in Rise of Vigil.  Unlike Runes or Power, Energy is not spent.  Some cards have Energize abilities which turn on when you reach a certain Energy threshold.  The Energize text on a Hero, Construct, or Monster reward is active if you have gained Energy equal to or greater than its Energize number that turn.\r\r\n\n<i>Example: Darkwalker says “Gain <sprite=2>. <color=#005778ff>Energize <sprite=97>:</color> You may banish a card from your hand or discard pile.”\n\nPlaying Darkwalker will always give you 2 Power.  If you have gained 1 or more Energy during your turn before you play Darkwalker, you will also be able to banish a card from your hand or discard pile.  If you have 2 copies of Darkwalker, you can use both of their Energize powers even if you have gained only 1 Energy that turn, since Energy is a threshold resource and not spent.\n\n	<margin-right=12em>能量 <sprite=96> 是祈夜崛起的新资源。与符文或战力不同，能量不会被花费。部分卡牌具有充能异能：当你达到一定能量阈值时开启。英雄、神器或怪物奖励上的充能文字，在你本回合已获得的能量达到或超过其充能数字时生效。\r\r\n\n<i>示例：暗行者写着「获得 <sprite=2>。<color=#005778ff>充能 <sprite=97>：</color>你可以放逐手牌或弃牌堆中的一张牌。」\n\n打出暗行者总会给你2点战力。若你在打出暗行者之前本回合已获得1点或更多能量，你还可以放逐手牌或弃牌堆中的一张牌。若你有2张暗行者，即使本回合只获得1点能量，也可以使用二者的充能能力，因为能量是阈值资源而非被花费。
E	<margin-right=12em>Energy <sprite=96> is a new type of resource in Rise of Vigil.  Unlike Runes or Power, Energy is not spent.  Some cards have Energize abilities which turn on when you reach a certain Energy threshold.  The Energize text on a Hero, Construct, or Monster reward is active if you have gained Energy equal to or greater than its Energize number that turn.\r\r\n\n<i>Example: Darkwalker says “Gain <sprite=2>. <color=#005778ff>Energize <sprite=97>:</color> You may banish a card from your hand or discard pile.”\n\nPlaying Darkwalker will always give you 2 Power.  If you have gained 1 or more Energy during your turn before you play Darkwalker, you will also be able to banish a card from your hand or discard pile.  If you have 2 copies of Darkwalker, you can use both of their Energize powers even if you have gained only 1 Energy that turn, since Energy is a threshold resource and not spent.	<margin-right=12em>能量 <sprite=96> 是祈夜崛起的新资源。与符文或战力不同，能量不会被花费。部分卡牌具有充能异能：当你达到一定能量阈值时开启。英雄、神器或怪物奖励上的充能文字，在你本回合已获得的能量达到或超过其充能数字时生效。\r\r\n\n<i>示例：暗行者写着「获得 <sprite=2>。<color=#005778ff>充能 <sprite=97>：</color>你可以放逐手牌或弃牌堆中的一张牌。」\n\n打出暗行者总会给你2点战力。若你在打出暗行者之前本回合已获得1点或更多能量，你还可以放逐手牌或弃牌堆中的一张牌。若你有2张暗行者，即使本回合只获得1点能量，也可以使用二者的充能能力，因为能量是阈值资源而非被花费。
E	<margin-right=12em>Energy <sprite=96> is a new type of resource in Rise of Vigil.  Unlike Runes or Power, Energy is not spent.  Some cards have Energize abilities which turn on when you reach a certain Energy threshold.  The Energize text on a Hero, Construct, or Monster reward is active if you have gained Energy equal to or greater than its Energize number that turn.\n\n<i>Example: Darkwalker says “Gain <sprite=2>. <color=#005778ff>Energize <sprite=97>:</color> You may banish a card from your hand or discard pile.”\n\nPlaying Darkwalker will always give you 2 Power.  If you have gained 1 or more Energy during your turn before you play Darkwalker, you will also be able to banish a card from your hand or discard pile.  If you have 2 copies of Darkwalker, you can use both of their Energize powers even if you have gained only 1 Energy that turn, since Energy is a threshold resource and not spent.	<margin-right=12em>能量 <sprite=96> 是祈夜崛起的新资源。与符文或战力不同，能量不会被花费。部分卡牌具有充能异能：当你达到一定能量阈值时开启。英雄、神器或怪物奖励上的充能文字，在你本回合已获得的能量达到或超过其充能数字时生效。\r\r\n\n<i>示例：暗行者写着「获得 <sprite=2>。<color=#005778ff>充能 <sprite=97>：</color>你可以放逐手牌或弃牌堆中的一张牌。」\n\n打出暗行者总会给你2点战力。若你在打出暗行者之前本回合已获得1点或更多能量，你还可以放逐手牌或弃牌堆中的一张牌。若你有2张暗行者，即使本回合只获得1点能量，也可以使用二者的充能能力，因为能量是阈值资源而非被花费。
E	<margin-right=12em>Energy <sprite=96> is a new type of resource in Rise of Vigil. Unlike Runes or Power, Energy is not spent. Some cards have Energize abilities which turn on when you reach a certain Energy threshold. The Energize text on a Hero, Construct, or Monster reward is active if you have gained Energy equal to or greater than its Energize number that turn.\n\n<i>Example: Darkwalker says “Gain <sprite=2>. <color=#005778ff>Energize <sprite=97>:</color> You may banish a card from your hand or discard pile.”\n\nPlaying Darkwalker will always give you 2 Power. If you have gained 1 or more Energy during your turn before you play Darkwalker, you will also be able to banish a card from your hand or discard pile. If you have 2 copies of Darkwalker, you can use both of their Energize powers even if you have gained only 1 Energy that turn, since Energy is a threshold resource and not spent.	<margin-right=12em>能量 <sprite=96> 是祈夜崛起的新资源。与符文或战力不同，能量不会被花费。部分卡牌具有充能异能：当你达到一定能量阈值时开启。英雄、神器或怪物奖励上的充能文字，在你本回合已获得的能量达到或超过其充能数字时生效。\r\r\n\n<i>示例：暗行者写着「获得 <sprite=2>。<color=#005778ff>充能 <sprite=97>：</color>你可以放逐手牌或弃牌堆中的一张牌。」\n\n打出暗行者总会给你2点战力。若你在打出暗行者之前本回合已获得1点或更多能量，你还可以放逐手牌或弃牌堆中的一张牌。若你有2张暗行者，即使本回合只获得1点能量，也可以使用二者的充能能力，因为能量是阈值资源而非被花费。
E	One of the new features in Ascension X: War of Shadows™ are Light and Dark cards – whose powers grow stronger depending on whether the Light or Dark is better represented in the center row. A <sprite=143> on the upper right hand corner of a card represents that the card is a Light card, while a <sprite=142> on the upper right hand corner of a card represents that the card is a Dark card.\r\n\nIf there are more <sprite=143> cards in the center row than <sprite=142> cards, then it is Day. Day bonuses on cards will be active during this time.\r\n\nIf there are more <sprite=142> cards in the center row than <sprite=143> cards, then it is Night. Night bonuses on cards will be active during this time.\r\n\nIf there are the same amount of <sprite=143> cards and <sprite=142> cards in the center row, then it is neither Day or Night. No Day or Night bonuses on cards will be active during this time.\n\n	《创升纪元 X：暗影之战》™的新内容之一是光暗卡——其力量会随中央牌列中光或暗何者更占优势而增强。卡牌右上角的 <sprite=143> 表示光卡，<sprite=142> 表示暗卡。\r\n\n若中央牌列中 <sprite=143> 卡多于 <sprite=142> 卡，则为昼。此时卡牌上的昼间加成生效。\r\n\n若中央牌列中 <sprite=142> 卡多于 <sprite=143> 卡，则为夜。此时卡牌上的夜间加成生效。\r\n\n若中央牌列中 <sprite=143> 与 <sprite=142> 数量相同，则既非昼也非夜。此时卡牌上的昼/夜加成均不生效。
E	One of the new features in Ascension X: War of Shadows™ are Light and Dark cards – whose powers grow stronger depending on whether the Light or Dark is better represented in the center row. A <sprite=143> on the upper right hand corner of a card represents that the card is a Light card, while a <sprite=142> on the upper right hand corner of a card represents that the card is a Dark card.\r\n\nIf there are more <sprite=143> cards in the center row than <sprite=142> cards, then it is Day. Day bonuses on cards will be active during this time.\r\n\nIf there are more <sprite=142> cards in the center row than <sprite=143> cards, then it is Night. Night bonuses on cards will be active during this time.\r\n\nIf there are the same amount of <sprite=143> cards and <sprite=142> cards in the center row, then it is neither Day or Night. No Day or Night bonuses on cards will be active during this time.	《创升纪元 X：暗影之战》™的新内容之一是光暗卡——其力量会随中央牌列中光或暗何者更占优势而增强。卡牌右上角的 <sprite=143> 表示光卡，<sprite=142> 表示暗卡。\r\n\n若中央牌列中 <sprite=143> 卡多于 <sprite=142> 卡，则为昼。此时卡牌上的昼间加成生效。\r\n\n若中央牌列中 <sprite=142> 卡多于 <sprite=143> 卡，则为夜。此时卡牌上的夜间加成生效。\r\n\n若中央牌列中 <sprite=143> 与 <sprite=142> 数量相同，则既非昼也非夜。此时卡牌上的昼/夜加成均不生效。
E	One of the new features in Ascension X: War of Shadows™ are Light and Dark cards – whose powers grow stronger depending on whether the Light or Dark is better represented in the center row. A <sprite=143> on the upper right hand corner of a card represents that the card is a Light card, while a <sprite=142> on the upper right hand corner of a card represents that the card is a Dark card.\n\nIf there are more <sprite=143> cards in the center row than <sprite=142> cards, then it is Day. Day bonuses on cards will be active during this time.\n\nIf there are more <sprite=142> cards in the center row than <sprite=143> cards, then it is Night. Night bonuses on cards will be active during this time.\n\nIf there are the same amount of <sprite=143> cards and <sprite=142> cards in the center row, then it is neither Day or Night. No Day or Night bonuses on cards will be active during this time.	《创升纪元 X：暗影之战》™的新内容之一是光暗卡——其力量会随中央牌列中光或暗何者更占优势而增强。卡牌右上角的 <sprite=143> 表示光卡，<sprite=142> 表示暗卡。\r\n\n若中央牌列中 <sprite=143> 卡多于 <sprite=142> 卡，则为昼。此时卡牌上的昼间加成生效。\r\n\n若中央牌列中 <sprite=142> 卡多于 <sprite=143> 卡，则为夜。此时卡牌上的夜间加成生效。\r\n\n若中央牌列中 <sprite=143> 与 <sprite=142> 数量相同，则既非昼也非夜。此时卡牌上的昼/夜加成均不生效。
E	<margin-right=12em>Soul Gems are a new type of card introduced in Immortal Heroes. Soul Gems represent the spirits of heroes who fought against Samael in the Great War who were trapped by Kythis when he took control of the Well of Souls. Each Soul Gem shares the art and effect of Heroes from previous Ascension sets, though they are not Hero cards themselves. \r\r\n\nSoul Gems are not shuffled into the center deck at the beginning of the game. Instead, they are shuffled together and set aside face down with the Always Available cards. When a card effect tells a player to gain a Soul Gem, that player takes the top card of the Soul Gem deck and places it face up in front of him or her. That player may play that Soul Gem to gain its effect at any time during that turn. At the end of a player’s turn, all Soul Gems he or she controls are banished.\n\n	<margin-right=12em>灵魂宝石是不朽英雄引入的新卡牌类型。它们代表在大战中对抗萨麦尔、却在凯西斯掌控灵魂之井时被困住的英雄之灵。每枚灵魂宝石共享先前创升纪元系列中英雄的插画与效果，但它们本身不是英雄卡。\r\r\n\n灵魂宝石不会在对局开始时洗入中央牌库。相反，它们洗在一起，正面朝下与始终可用卡放在一旁。当卡牌效果让玩家获得灵魂宝石时，该玩家取灵魂宝石牌库顶牌，正面朝上放在自己面前。该玩家可在本回合任何时候打出该灵魂宝石以获得其效果。在玩家回合结束时，其控制的所有灵魂宝石都被放逐。
E	<margin-right=12em>Soul Gems are a new type of card introduced in Immortal Heroes. Soul Gems represent the spirits of heroes who fought against Samael in the Great War who were trapped by Kythis when he took control of the Well of Souls. Each Soul Gem shares the art and effect of Heroes from previous Ascension sets, though they are not Hero cards themselves. \r\r\n\nSoul Gems are not shuffled into the center deck at the beginning of the game. Instead, they are shuffled together and set aside face down with the Always Available cards. When a card effect tells a player to gain a Soul Gem, that player takes the top card of the Soul Gem deck and places it face up in front of him or her. That player may play that Soul Gem to gain its effect at any time during that turn. At the end of a player’s turn, all Soul Gems he or she controls are banished.	<margin-right=12em>灵魂宝石是不朽英雄引入的新卡牌类型。它们代表在大战中对抗萨麦尔、却在凯西斯掌控灵魂之井时被困住的英雄之灵。每枚灵魂宝石共享先前创升纪元系列中英雄的插画与效果，但它们本身不是英雄卡。\r\r\n\n灵魂宝石不会在对局开始时洗入中央牌库。相反，它们洗在一起，正面朝下与始终可用卡放在一旁。当卡牌效果让玩家获得灵魂宝石时，该玩家取灵魂宝石牌库顶牌，正面朝上放在自己面前。该玩家可在本回合任何时候打出该灵魂宝石以获得其效果。在玩家回合结束时，其控制的所有灵魂宝石都被放逐。
E	<margin-right=12em>Soul Gems are a new type of card introduced in Immortal Heroes. Soul Gems represent the spirits of heroes who fought against Samael in the Great War who were trapped by Kythis when he took control of the Well of Souls. Each Soul Gem shares the art and effect of Heroes from previous Ascension sets, though they are not Hero cards themselves.\n\nSoul Gems are not shuffled into the center deck at the beginning of the game. Instead, they are shuffled together and set aside face down with the Always Available cards. When a card effect tells a player to gain a Soul Gem, that player takes the top card of the Soul Gem deck and places it face up in front of him or her. That player may play that Soul Gem to gain its effect at any time during that turn. At the end of a player’s turn, all Soul Gems he or she controls are banished.	<margin-right=12em>灵魂宝石是不朽英雄引入的新卡牌类型。它们代表在大战中对抗萨麦尔、却在凯西斯掌控灵魂之井时被困住的英雄之灵。每枚灵魂宝石共享先前创升纪元系列中英雄的插画与效果，但它们本身不是英雄卡。\r\r\n\n灵魂宝石不会在对局开始时洗入中央牌库。相反，它们洗在一起，正面朝下与始终可用卡放在一旁。当卡牌效果让玩家获得灵魂宝石时，该玩家取灵魂宝石牌库顶牌，正面朝上放在自己面前。该玩家可在本回合任何时候打出该灵魂宝石以获得其效果。在玩家回合结束时，其控制的所有灵魂宝石都被放逐。
E	<margin-right=12em>Soul Gems are a new type of card introduced in Immortal Heroes. Soul Gems represent the spirits of heroes who fought against Samael in the Great War who were trapped by Kythis when he took control of the Well of Souls. Each Soul Gem shares the art and effect of Heroes from previous Ascension sets, though they are not Hero cards themselves. Soul Gems are not shuffled into the center deck at the beginning of the game. Instead, they are shuffled together and set aside face down with the Always Available cards. When a card effect tells a player to gain a Soul Gem, that player takes the top card of the Soul Gem deck and places it face up in front of him or her. That player may play that Soul Gem to gain its effect at any time during that turn. At the end of a player’s turn, all Soul Gems he or she controls are banished.	<margin-right=12em>灵魂宝石是不朽英雄引入的新卡牌类型。它们代表在大战中对抗萨麦尔、却在凯西斯掌控灵魂之井时被困住的英雄之灵。每枚灵魂宝石共享先前创升纪元系列中英雄的插画与效果，但它们本身不是英雄卡。\r\r\n\n灵魂宝石不会在对局开始时洗入中央牌库。相反，它们洗在一起，正面朝下与始终可用卡放在一旁。当卡牌效果让玩家获得灵魂宝石时，该玩家取灵魂宝石牌库顶牌，正面朝上放在自己面前。该玩家可在本回合任何时候打出该灵魂宝石以获得其效果。在玩家回合结束时，其控制的所有灵魂宝石都被放逐。
E	When the game starts, place all three Temples below the center row, out of any player's control. To gain control of the Temple of Life, a player must spend a Life Keystone ( <sprite=161> ) and to gain control of the the Temple of Death, a player must spend a Death Keystone ( <sprite=162> ). You can only gain control of the Temple of Immortality by using the abilities of the Temple of Life or the Temple of Death. You may still maintain control of the Temple of Immortality even if you lose control of the other Temples.\n\nWhen a player gains control of a Temple by paying its Keystone cost, that player puts the Temple in front of them. At the end of a game, if a player controls a Temple, that Temple's value is added to their score. Players can steal Temples from each other, so be sure to make the most of your time controlling them!\n	对局开始时，将三座神殿放在中央牌列下方，不受任何玩家控制。要夺取生命神殿，玩家必须花费一枚生命钥石（ <sprite=161> ）；要夺取死亡神殿，必须花费一枚死亡钥石（ <sprite=162> ）。只有通过生命神殿或死亡神殿的能力，才能夺取不朽神殿。即使失去其他神殿的控制，你仍可维持对不朽神殿的控制。\n\n当玩家支付钥石费用夺取神殿时，将该神殿放在自己面前。游戏结束时，若玩家控制一座神殿，其分值计入总分。玩家可以互相夺取神殿，务必充分利用控制它们的时间！
E	When the game starts, place all three Temples below the center row, out of any player's control. To gain control of the Temple of Life, a player must spend a Life Keystone ( <sprite=161> ) and to gain control of the the Temple of Death, a player must spend a Death Keystone ( <sprite=162> ). You can only gain control of the Temple of Immortality by using the abilities of the Temple of Life or the Temple of Death. You may still maintain control of the Temple of Immortality even if you lose control of the other Temples.\n\nWhen a player gains control of a Temple by paying its Keystone cost, that player puts the Temple in front of them. At the end of a game, if a player controls a Temple, that Temple's value is added to their score. Players can steal Temples from each other, so be sure to make the most of your time controlling them!	对局开始时，将三座神殿放在中央牌列下方，不受任何玩家控制。要夺取生命神殿，玩家必须花费一枚生命钥石（ <sprite=161> ）；要夺取死亡神殿，必须花费一枚死亡钥石（ <sprite=162> ）。只有通过生命神殿或死亡神殿的能力，才能夺取不朽神殿。即使失去其他神殿的控制，你仍可维持对不朽神殿的控制。\n\n当玩家支付钥石费用夺取神殿时，将该神殿放在自己面前。游戏结束时，若玩家控制一座神殿，其分值计入总分。玩家可以互相夺取神殿，务必充分利用控制它们的时间！
E	<margin-right=12em>Energy is a new type of resource in Rise of Vigil. Unlike Runes or Power, Energy is not spent. Some cards have Energize abilities which turn on when you reach a certain Energy threshold. The Energize text on a Hero, Construct, or Monster reward is active if you have gained Energy equal to or greater than its Energize number that turn. Example: Darkwalker says “Gain . Energize : You may banish a card from your hand or discard pile.” Playing Darkwalker will always give you 2 Power. If you have gained 1 or more Energy during your turn before you play Darkwalker, you will also be able to banish a card from your hand or discard pile. If you have 2 copies of Darkwalker, you can use both of their Energize powers even if you have gained only 1 Energy that turn, since Energy is a threshold resource and not spent.	<margin-right=12em>能量 <sprite=96> 是祈夜崛起的新资源。与符文或战力不同，能量不会被花费。部分卡牌具有充能异能：当你达到一定能量阈值时开启。英雄、神器或怪物奖励上的充能文字，在你本回合已获得的能量达到或超过其充能数字时生效。\r\r\n\n<i>示例：暗行者写着「获得 <sprite=2>。<color=#005778ff>充能 <sprite=97>：</color>你可以放逐手牌或弃牌堆中的一张牌。」\n\n打出暗行者总会给你2点战力。若你在打出暗行者之前本回合已获得1点或更多能量，你还可以放逐手牌或弃牌堆中的一张牌。若你有2张暗行者，即使本回合只获得1点能量，也可以使用二者的充能能力，因为能量是阈值资源而非被花费。
E	When the game starts, place all three Temples below the center row, out of any player's control. To gain control of the Temple of Life, a player must spend a Life Keystone ( ) and to gain control of the the Temple of Death, a player must spend a Death Keystone ( ). You can only gain control of the Temple of Immortality by using the abilities of the Temple of Life or the Temple of Death. You may still maintain control of the Temple of Immortality even if you lose control of the other Temples. When a player gains control of a Temple by paying its Keystone cost, that player puts the Temple in front of them. At the end of a game, if a player controls a Temple, that Temple's value is added to their score. Players can steal Temples from each other, so be sure to make the most of your time controlling them!	对局开始时，将三座神殿放在中央牌列下方，不受任何玩家控制。要夺取生命神殿，玩家必须花费一枚生命钥石（ <sprite=161> ）；要夺取死亡神殿，必须花费一枚死亡钥石（ <sprite=162> ）。只有通过生命神殿或死亡神殿的能力，才能夺取不朽神殿。即使失去其他神殿的控制，你仍可维持对不朽神殿的控制。\n\n当玩家支付钥石费用夺取神殿时，将该神殿放在自己面前。游戏结束时，若玩家控制一座神殿，其分值计入总分。玩家可以互相夺取神殿，务必充分利用控制它们的时间！
E	One of the new features in Ascension X: War of Shadows™ are Light and Dark cards – whose powers grow stronger depending on whether the Light or Dark is better represented in the center row. A on the upper right hand corner of a card represents that the card is a Light card, while a on the upper right hand corner of a card represents that the card is a Dark card. If there are more cards in the center row than cards, then it is Day. Day bonuses on cards will be active during this time. If there are more cards in the center row than cards, then it is Night. Night bonuses on cards will be active during this time. If there are the same amount of cards and cards in the center row, then it is neither Day or Night. No Day or Night bonuses on cards will be active during this time.	《创升纪元 X：暗影之战》™的新内容之一是光暗卡——其力量会随中央牌列中光或暗何者更占优势而增强。卡牌右上角的 <sprite=143> 表示光卡，<sprite=142> 表示暗卡。\r\n\n若中央牌列中 <sprite=143> 卡多于 <sprite=142> 卡，则为昼。此时卡牌上的昼间加成生效。\r\n\n若中央牌列中 <sprite=142> 卡多于 <sprite=143> 卡，则为夜。此时卡牌上的夜间加成生效。\r\n\n若中央牌列中 <sprite=143> 与 <sprite=142> 数量相同，则既非昼也非夜。此时卡牌上的昼/夜加成均不生效。
E	<margin-right=12em><i>Ascension: Realms Unraveled™</i> introduces a new mechanic called Multi-Unite.  Cards with Multi-Unite have additional effects that occur if you play them in the same turn as other Heroes that share the same faction. You gain the bonus effects listed under the Multi-Unite ability for each other Hero you play or have played that shares a faction with the Hero with Multi-Unite.\r\r\n\nThe order in which you play the Heroes does not matter, since Multi-Unite counts Heroes played before or after the card.\r\r\n\n<i>Example: Everbloom Clique is a Lifebound Hero with “Multi-Unite: Gain <sprite=65>.” If you played a Lifebound Hero before Everbloom Clique, and then another afterwards, you would gain a total of <sprite=66>from the Multi-Unite ability.</i>\n\n	<margin-right=12em>《创升纪元：领域解开》™引入新机制：多重联合。带有多重联合的卡牌，若你在同一回合打出与其同派系的其他英雄，会产生额外效果。你每打出（或已打出）一张与带多重联合的英雄同派系的其他英雄，便获得多重联合下列出的加成。\r\r\n\n打出英雄的顺序无关紧要，因为多重联合会计入该牌之前或之后打出的英雄。\r\r\n\n<i>示例：永绽党羽是命约英雄，写着「多重联合：获得 <sprite=65>。」若你在永绽党羽之前打出一张命约英雄，之后又打出另一张，则你从多重联合一共获得 <sprite=66>。</i>
E	<margin-right=12em><i>Ascension: Realms Unraveled™</i> introduces a new mechanic called Multi-Unite.  Cards with Multi-Unite have additional effects that occur if you play them in the same turn as other Heroes that share the same faction. You gain the bonus effects listed under the Multi-Unite ability for each other Hero you play or have played that shares a faction with the Hero with Multi-Unite.\r\r\n\nThe order in which you play the Heroes does not matter, since Multi-Unite counts Heroes played before or after the card.\r\r\n\n<i>Example: Everbloom Clique is a Lifebound Hero with “Multi-Unite: Gain <sprite=65>.” If you played a Lifebound Hero before Everbloom Clique, and then another afterwards, you would gain a total of <sprite=66>from the Multi-Unite ability.</i>	<margin-right=12em>《创升纪元：领域解开》™引入新机制：多重联合。带有多重联合的卡牌，若你在同一回合打出与其同派系的其他英雄，会产生额外效果。你每打出（或已打出）一张与带多重联合的英雄同派系的其他英雄，便获得多重联合下列出的加成。\r\r\n\n打出英雄的顺序无关紧要，因为多重联合会计入该牌之前或之后打出的英雄。\r\r\n\n<i>示例：永绽党羽是命约英雄，写着「多重联合：获得 <sprite=65>。」若你在永绽党羽之前打出一张命约英雄，之后又打出另一张，则你从多重联合一共获得 <sprite=66>。</i>
E	<margin-right=12em><i>Ascension: Realms Unraveled™</i> introduces a new mechanic called Multi-Unite.  Cards with Multi-Unite have additional effects that occur if you play them in the same turn as other Heroes that share the same faction. You gain the bonus effects listed under the Multi-Unite ability for each other Hero you play or have played that shares a faction with the Hero with Multi-Unite.\n\nThe order in which you play the Heroes does not matter, since Multi-Unite counts Heroes played before or after the card.\n\n<i>Example: Everbloom Clique is a Lifebound Hero with “Multi-Unite: Gain <sprite=65>.” If you played a Lifebound Hero before Everbloom Clique, and then another afterwards, you would gain a total of <sprite=66>from the Multi-Unite ability.</i>	<margin-right=12em>《创升纪元：领域解开》™引入新机制：多重联合。带有多重联合的卡牌，若你在同一回合打出与其同派系的其他英雄，会产生额外效果。你每打出（或已打出）一张与带多重联合的英雄同派系的其他英雄，便获得多重联合下列出的加成。\r\r\n\n打出英雄的顺序无关紧要，因为多重联合会计入该牌之前或之后打出的英雄。\r\r\n\n<i>示例：永绽党羽是命约英雄，写着「多重联合：获得 <sprite=65>。」若你在永绽党羽之前打出一张命约英雄，之后又打出另一张，则你从多重联合一共获得 <sprite=66>。</i>
E	<margin-right=12em><i>Ascension: Realms Unraveled™</i> introduces a new mechanic called Multi-Unite. Cards with Multi-Unite have additional effects that occur if you play them in the same turn as other Heroes that share the same faction. You gain the bonus effects listed under the Multi-Unite ability for each other Hero you play or have played that shares a faction with the Hero with Multi-Unite.\n\nThe order in which you play the Heroes does not matter, since Multi-Unite counts Heroes played before or after the card.\n\n<i>Example: Everbloom Clique is a Lifebound Hero with “Multi-Unite: Gain <sprite=65>.” If you played a Lifebound Hero before Everbloom Clique, and then another afterwards, you would gain a total of <sprite=66>from the Multi-Unite ability.</i>	<margin-right=12em>《创升纪元：领域解开》™引入新机制：多重联合。带有多重联合的卡牌，若你在同一回合打出与其同派系的其他英雄，会产生额外效果。你每打出（或已打出）一张与带多重联合的英雄同派系的其他英雄，便获得多重联合下列出的加成。\r\r\n\n打出英雄的顺序无关紧要，因为多重联合会计入该牌之前或之后打出的英雄。\r\r\n\n<i>示例：永绽党羽是命约英雄，写着「多重联合：获得 <sprite=65>。」若你在永绽党羽之前打出一张命约英雄，之后又打出另一张，则你从多重联合一共获得 <sprite=66>。</i>
E	<margin-right=12em>Transform is a new mechanic introduced in Ascension: Darkness Unleashed™.  Cards that Transform represent beings and objects in the Ascension™ world undergoing dramatic changes.  These begin as one card and change into a different card when certain conditions are met.\n\nMost of the cards that Transform do so based on Energize triggers.  If you would play a card with Transform after meeting its Energize threshold, you instead Transform the card into its new version and put that new card in your hand.  You do not generate any of the effects of the original card, nor is that card considered played.  The card remains in its Transformed state until the end of the game, when it resets to it's starting form.\n\n	<margin-right=12em>转化是《创升纪元：黑暗释放》™引入的新机制。会转化的卡牌代表创升纪元世界中经历剧变的存在与物件。它们先以一种形态出现，在满足特定条件时变为另一张牌。\n\n大多数转化卡基于充能触发。若你在达到其充能阈值后本应打出带转化的卡牌，则改为将该牌转化为新版本并放入你的手牌。你不会产生原牌的任何效果，该牌也不视为已打出。卡牌保持转化状态直至对局结束，届时重置为初始形态。
E	<margin-right=12em>Transform is a new mechanic introduced in Ascension: Darkness Unleashed™.  Cards that Transform represent beings and objects in the Ascension™ world undergoing dramatic changes.  These begin as one card and change into a different card when certain conditions are met.\n\nMost of the cards that Transform do so based on Energize triggers.  If you would play a card with Transform after meeting its Energize threshold, you instead Transform the card into its new version and put that new card in your hand.  You do not generate any of the effects of the original card, nor is that card considered played.  The card remains in its Transformed state until the end of the game, when it resets to it's starting form.	<margin-right=12em>转化是《创升纪元：黑暗释放》™引入的新机制。会转化的卡牌代表创升纪元世界中经历剧变的存在与物件。它们先以一种形态出现，在满足特定条件时变为另一张牌。\n\n大多数转化卡基于充能触发。若你在达到其充能阈值后本应打出带转化的卡牌，则改为将该牌转化为新版本并放入你的手牌。你不会产生原牌的任何效果，该牌也不视为已打出。卡牌保持转化状态直至对局结束，届时重置为初始形态。
E	<margin-right=12em>Ascension: Realms Unraveled™ introduces a new mechanic called Multi-Unite. Cards with Multi-Unite have additional effects that occur if you play them in the same turn as other Heroes that share the same faction. You gain the bonus effects listed under the Multi-Unite ability for each other Hero you play or have played that shares a faction with the Hero with Multi-Unite. The order in which you play the Heroes does not matter, since Multi-Unite counts Heroes played before or after the card. Example: Everbloom Clique is a Lifebound Hero with “Multi-Unite: Gain .” If you played a Lifebound Hero before Everbloom Clique, and then another afterwards, you would gain a total of from the Multi-Unite ability.	<margin-right=12em>《创升纪元：领域解开》™引入新机制：多重联合。带有多重联合的卡牌，若你在同一回合打出与其同派系的其他英雄，会产生额外效果。你每打出（或已打出）一张与带多重联合的英雄同派系的其他英雄，便获得多重联合下列出的加成。\r\r\n\n打出英雄的顺序无关紧要，因为多重联合会计入该牌之前或之后打出的英雄。\r\r\n\n<i>示例：永绽党羽是命约英雄，写着「多重联合：获得 <sprite=65>。」若你在永绽党羽之前打出一张命约英雄，之后又打出另一张，则你从多重联合一共获得 <sprite=66>。</i>
E	<margin-right=12em>Transform is a new mechanic introduced in Ascension: Darkness Unleashed™. Cards that Transform represent beings and objects in the Ascension™ world undergoing dramatic changes. These begin as one card and change into a different card when certain conditions are met.\n\nMost of the cards that Transform do so based on Energize triggers. If you would play a card with Transform after meeting its Energize threshold, you instead Transform the card into its new version and put that new card in your hand. You do not generate any of the effects of the original card, nor is that card considered played. The card remains in its Transformed state until the end of the game, when it resets to it's starting form.	<margin-right=12em>转化是《创升纪元：黑暗释放》™引入的新机制。会转化的卡牌代表创升纪元世界中经历剧变的存在与物件。它们先以一种形态出现，在满足特定条件时变为另一张牌。\n\n大多数转化卡基于充能触发。若你在达到其充能阈值后本应打出带转化的卡牌，则改为将该牌转化为新版本并放入你的手牌。你不会产生原牌的任何效果，该牌也不视为已打出。卡牌保持转化状态直至对局结束，届时重置为初始形态。
E	<margin-right=12em>Transform is a new mechanic introduced in Ascension: Darkness Unleashed™. Cards that Transform represent beings and objects in the Ascension™ world undergoing dramatic changes. These begin as one card and change into a different card when certain conditions are met. Most of the cards that Transform do so based on Energize triggers. If you would play a card with Transform after meeting its Energize threshold, you instead Transform the card into its new version and put that new card in your hand. You do not generate any of the effects of the original card, nor is that card considered played. The card remains in its Transformed state until the end of the game, when it resets to it's starting form.	<margin-right=12em>转化是《创升纪元：黑暗释放》™引入的新机制。会转化的卡牌代表创升纪元世界中经历剧变的存在与物件。它们先以一种形态出现，在满足特定条件时变为另一张牌。\n\n大多数转化卡基于充能触发。若你在达到其充能阈值后本应打出带转化的卡牌，则改为将该牌转化为新版本并放入你的手牌。你不会产生原牌的任何效果，该牌也不视为已打出。卡牌保持转化状态直至对局结束，届时重置为初始形态。
E	<margin-right=12em>Rally is a new keyword that triggers when a card in the center row is replaced. When an effect tells you to Rally, it will indicate a characteristic, such as faction, that allows you to acquire or defeat the next card that enters the center row if it has the indicated characteristic.\n\n\rFor instance, when a card tells you to Rally: Enlightened, if the next card to enter the center row is an Enlightened card, you may acquire or defeat it without paying its cost.\r\r\n\n<i>Example: Undaunted Scout lets you Rally: Void when you acquire it from the center row. If the next card that enters that spot in the center row is a Void card, you may acquire it or defeat it without paying its cost.</i>\n\n	<margin-right=12em>集结是新关键字，在中央牌列的一张牌被替换时触发。当效果让你集结时，会标明一项特征（例如派系）：若随后进入中央牌列的牌具有该特征，你可以无需支付费用获取或击败它。\n\n例如，当卡牌让你集结：圣贤时，若下一张进入中央牌列的是圣贤牌，你可以无需支付费用获取或击败它。\n\n<i>示例：无畏斥候在你从中央牌列获取它时让你集结：虚空。若进入该栏位的下一张牌是虚空牌，你可以无需支付费用获取或击败它。</i>
E	<margin-right=12em>Rally is a new keyword that triggers when a card in the center row is replaced. When an effect tells you to Rally, it will indicate a characteristic, such as faction, that allows you to acquire or defeat the next card that enters the center row if it has the indicated characteristic.\n\n\rFor instance, when a card tells you to Rally: Enlightened, if the next card to enter the center row is an Enlightened card, you may acquire or defeat it without paying its cost.\r\r\n\n<i>Example: Undaunted Scout lets you Rally: Void when you acquire it from the center row. If the next card that enters that spot in the center row is a Void card, you may acquire it or defeat it without paying its cost.</i>	<margin-right=12em>集结是新关键字，在中央牌列的一张牌被替换时触发。当效果让你集结时，会标明一项特征（例如派系）：若随后进入中央牌列的牌具有该特征，你可以无需支付费用获取或击败它。\n\n例如，当卡牌让你集结：圣贤时，若下一张进入中央牌列的是圣贤牌，你可以无需支付费用获取或击败它。\n\n<i>示例：无畏斥候在你从中央牌列获取它时让你集结：虚空。若进入该栏位的下一张牌是虚空牌，你可以无需支付费用获取或击败它。</i>
E	<margin-right=12em>Rally is a new keyword that triggers when a card in the center row is replaced. When an effect tells you to Rally, it will indicate a characteristic, such as faction, that allows you to acquire or defeat the next card that enters the center row if it has the indicated characteristic.\n\nFor instance, when a card tells you to Rally: Enlightened, if the next card to enter the center row is an Enlightened card, you may acquire or defeat it without paying its cost.\n\n<i>Example: Undaunted Scout lets you Rally: Void when you acquire it from the center row. If the next card that enters that spot in the center row is a Void card, you may acquire it or defeat it without paying its cost.</i>	<margin-right=12em>集结是新关键字，在中央牌列的一张牌被替换时触发。当效果让你集结时，会标明一项特征（例如派系）：若随后进入中央牌列的牌具有该特征，你可以无需支付费用获取或击败它。\n\n例如，当卡牌让你集结：圣贤时，若下一张进入中央牌列的是圣贤牌，你可以无需支付费用获取或击败它。\n\n<i>示例：无畏斥候在你从中央牌列获取它时让你集结：虚空。若进入该栏位的下一张牌是虚空牌，你可以无需支付费用获取或击败它。</i>
E	<margin-right=12em>Rally is a new keyword that triggers when a card in the center row is replaced. When an effect tells you to Rally, it will indicate a characteristic, such as faction, that allows you to acquire or defeat the next card that enters the center row if it has the indicated characteristic. For instance, when a card tells you to Rally: Enlightened, if the next card to enter the center row is an Enlightened card, you may acquire or defeat it without paying its cost. Example: Undaunted Scout lets you Rally: Void when you acquire it from the center row. If the next card that enters that spot in the center row is a Void card, you may acquire it or defeat it without paying its cost.	<margin-right=12em>集结是新关键字，在中央牌列的一张牌被替换时触发。当效果让你集结时，会标明一项特征（例如派系）：若随后进入中央牌列的牌具有该特征，你可以无需支付费用获取或击败它。\n\n例如，当卡牌让你集结：圣贤时，若下一张进入中央牌列的是圣贤牌，你可以无需支付费用获取或击败它。\n\n<i>示例：无畏斥候在你从中央牌列获取它时让你集结：虚空。若进入该栏位的下一张牌是虚空牌，你可以无需支付费用获取或击败它。</i>
E	<margin-right=12em>When you play a card with Recur, first gain the effect listed above the Recur text. Then, you may spend <sprite=112> equal to the number listed for the Recur cost. If you do, gain the effect of the card a second time. You may only use a Recur ability once per card.\n\nFor example: When you play Nihil Chemist <i>(pictured on the right)</i>, You first gain <sprite=1> and you may banish a card in your hand or discard pile. After that, you have the option to Recur the effect by paying <sprite=114>. If you pay the Recur cost, you would gain an additional <sprite=1> and would have the option to banish an additional card. You can only Recur this card once when you play it. 	<margin-right=12em>当你打出带有复发的卡牌时，先获得复发文字上方列出的效果。然后，你可以花费与复发费用所列数字等量的<sprite=112>。若如此做，再获得该牌效果一次。每张牌的复发能力每张只能使用一次。\n\n例如：当你打出虚无化学师<i>（右图）</i>时，你先获得<sprite=1>，并可以放逐一张手牌或弃牌堆中的卡牌。之后，你可以支付<sprite=114>来复发该效果。若支付复发费用，你会再获得<sprite=1>，并可再放逐一张牌。打出此牌时只能复发一次。
E	<margin-right=12em>When you play a card with Recur, first gain the effect listed above the Recur text. Then, you may spend <sprite=112> equal to the number listed for the Recur cost. If you do, gain the effect of the card a second time. You may only use a Recur ability once per card.\n\nFor example: When you play Nihil Chemist <i>(pictured on the right)</i>, You first gain <sprite=1> and you may banish a card in your hand or discard pile. After that, you have the option to Recur the effect by paying <sprite=114>. If you pay the Recur cost, you would gain an additional <sprite=1> and would have the option to banish an additional card. You can only Recur this card once when you play it.	<margin-right=12em>当你打出带有复发的卡牌时，先获得复发文字上方列出的效果。然后，你可以花费与复发费用所列数字等量的<sprite=112>。若如此做，再获得该牌效果一次。每张牌的复发能力每张只能使用一次。\n\n例如：当你打出虚无化学师<i>（右图）</i>时，你先获得<sprite=1>，并可以放逐一张手牌或弃牌堆中的卡牌。之后，你可以支付<sprite=114>来复发该效果。若支付复发费用，你会再获得<sprite=1>，并可再放逐一张牌。打出此牌时只能复发一次。
E	Darkness has fallen over Vigil. The very shards that many once believed a blessing may now prove to be the harbinger of their doom. Eons ago, the gods fashioned a crystalline prison deep within the void to hold the twisted spawn of Samael and Nyx, a being of such power and corruption that it could not be allowed to roam free. But as the ages flew by and new threats emerged, great cracks in the prison began to appear. When Samael was at last defeated, his son flew into a rage, his fury shattering the crystal cage that once held him into countless pieces. Those shards rained down upon Vigil, bearing inklings of his power...and his vengeance. \n\n\r\rErabus has been unleashed. \r	黑暗降临祈夜。许多人曾以为恩赐的碎片，如今可能正是毁灭的先兆。太古之时，诸神在虚空深处造出水晶牢笼，囚禁萨麦尔与尼克斯那扭曲的子嗣——其实力与腐化之深，绝不能放任游荡。但岁月流逝、新威胁出现，牢笼开始出现巨大裂痕。当萨麦尔终于被击败，他的儿子怒火冲天，怒意将曾经困住他的水晶囚笼碎成无数片。那些碎片如雨落向祈夜，带着他力量的余韵……以及他的复仇。\n\n厄拉布斯已被释放。
E	Darkness has fallen over Vigil. The very shards that many once believed a blessing may now prove to be the harbinger of their doom. Eons ago, the gods fashioned a crystalline prison deep within the void to hold the twisted spawn of Samael and Nyx, a being of such power and corruption that it could not be allowed to roam free. But as the ages flew by and new threats emerged, great cracks in the prison began to appear. When Samael was at last defeated, his son flew into a rage, his fury shattering the crystal cage that once held him into countless pieces. Those shards rained down upon Vigil, bearing inklings of his power...and his vengeance. \n\n\r\rErabus has been unleashed.	黑暗降临祈夜。许多人曾以为恩赐的碎片，如今可能正是毁灭的先兆。太古之时，诸神在虚空深处造出水晶牢笼，囚禁萨麦尔与尼克斯那扭曲的子嗣——其实力与腐化之深，绝不能放任游荡。但岁月流逝、新威胁出现，牢笼开始出现巨大裂痕。当萨麦尔终于被击败，他的儿子怒火冲天，怒意将曾经困住他的水晶囚笼碎成无数片。那些碎片如雨落向祈夜，带着他力量的余韵……以及他的复仇。\n\n厄拉布斯已被释放。
E	Darkness has fallen over Vigil. The very shards that many once believed a blessing may now prove to be the harbinger of their doom. Eons ago, the gods fashioned a crystalline prison deep within the void to hold the twisted spawn of Samael and Nyx, a being of such power and corruption that it could not be allowed to roam free. But as the ages flew by and new threats emerged, great cracks in the prison began to appear. When Samael was at last defeated, his son flew into a rage, his fury shattering the crystal cage that once held him into countless pieces. Those shards rained down upon Vigil, bearing inklings of his power...and his vengeance.\n\nErabus has been unleashed.	黑暗降临祈夜。许多人曾以为恩赐的碎片，如今可能正是毁灭的先兆。太古之时，诸神在虚空深处造出水晶牢笼，囚禁萨麦尔与尼克斯那扭曲的子嗣——其实力与腐化之深，绝不能放任游荡。但岁月流逝、新威胁出现，牢笼开始出现巨大裂痕。当萨麦尔终于被击败，他的儿子怒火冲天，怒意将曾经困住他的水晶囚笼碎成无数片。那些碎片如雨落向祈夜，带着他力量的余韵……以及他的复仇。\n\n厄拉布斯已被释放。
E	Darkness has fallen over Vigil. The very shards that many once believed a blessing may now prove to be the harbinger of their doom. Eons ago, the gods fashioned a crystalline prison deep within the void to hold the twisted spawn of Samael and Nyx, a being of such power and corruption that it could not be allowed to roam free. But as the ages flew by and new threats emerged, great cracks in the prison began to appear. When Samael was at last defeated, his son flew into a rage, his fury shattering the crystal cage that once held him into countless pieces. Those shards rained down upon Vigil, bearing inklings of his power...and his vengeance. Erabus has been unleashed.	黑暗降临祈夜。许多人曾以为恩赐的碎片，如今可能正是毁灭的先兆。太古之时，诸神在虚空深处造出水晶牢笼，囚禁萨麦尔与尼克斯那扭曲的子嗣——其实力与腐化之深，绝不能放任游荡。但岁月流逝、新威胁出现，牢笼开始出现巨大裂痕。当萨麦尔终于被击败，他的儿子怒火冲天，怒意将曾经困住他的水晶囚笼碎成无数片。那些碎片如雨落向祈夜，带着他力量的余韵……以及他的复仇。\n\n厄拉布斯已被释放。
E	<margin-right=12em>Treasure is a new type of card in Rise of Vigil.  Treasure cards are different from most other card types in that they do not take up spots in the Center Row.  When a Treasure card enters the Center Row, it remains in that spot and the next card from the center deck is flipped on top of it.  This process repeats until a non-Treasure card enters the Center Row.  Whenever a player acquires or defeats a card in the Center Row, that player acquires all Treasure cards underneath it.\r\r\n\nOnce acquired, Treasure cards are played just like heroes.  Players also start with one Energy Shard in their starting deck (indicated by the basic card frames).\n	<margin-right=12em>宝藏是祈夜崛起引入的新卡牌类型。宝藏卡与大多数卡牌不同：它们不占用中央牌列栏位。当宝藏卡进入中央牌列时，它留在该栏位，中央牌库再翻一张叠在上面。此过程重复直到一张非宝藏卡进入中央牌列。每当玩家获取或击败中央牌列的一张牌时，该玩家获得其下方的所有宝藏卡。\n\n获取后，宝藏卡像英雄一样打出。玩家的起始牌库中还有一张能量碎片（基本卡框）。
E	<margin-right=12em>Treasure is a new type of card in Rise of Vigil.  Treasure cards are different from most other card types in that they do not take up spots in the Center Row.  When a Treasure card enters the Center Row, it remains in that spot and the next card from the center deck is flipped on top of it.  This process repeats until a non-Treasure card enters the Center Row.  Whenever a player acquires or defeats a card in the Center Row, that player acquires all Treasure cards underneath it.\r\r\n\nOnce acquired, Treasure cards are played just like heroes.  Players also start with one Energy Shard in their starting deck (indicated by the basic card frames).	<margin-right=12em>宝藏是祈夜崛起引入的新卡牌类型。宝藏卡与大多数卡牌不同：它们不占用中央牌列栏位。当宝藏卡进入中央牌列时，它留在该栏位，中央牌库再翻一张叠在上面。此过程重复直到一张非宝藏卡进入中央牌列。每当玩家获取或击败中央牌列的一张牌时，该玩家获得其下方的所有宝藏卡。\n\n获取后，宝藏卡像英雄一样打出。玩家的起始牌库中还有一张能量碎片（基本卡框）。
E	<margin-right=12em>Treasure is a new type of card in Rise of Vigil.  Treasure cards are different from most other card types in that they do not take up spots in the Center Row.  When a Treasure card enters the Center Row, it remains in that spot and the next card from the center deck is flipped on top of it.  This process repeats until a non-Treasure card enters the Center Row.  Whenever a player acquires or defeats a card in the Center Row, that player acquires all Treasure cards underneath it.\n\nOnce acquired, Treasure cards are played just like heroes.  Players also start with one Energy Shard in their starting deck (indicated by the basic card frames).	<margin-right=12em>宝藏是祈夜崛起引入的新卡牌类型。宝藏卡与大多数卡牌不同：它们不占用中央牌列栏位。当宝藏卡进入中央牌列时，它留在该栏位，中央牌库再翻一张叠在上面。此过程重复直到一张非宝藏卡进入中央牌列。每当玩家获取或击败中央牌列的一张牌时，该玩家获得其下方的所有宝藏卡。\n\n获取后，宝藏卡像英雄一样打出。玩家的起始牌库中还有一张能量碎片（基本卡框）。
E	When an Event is flipped from the center deck, it does not take up a center row slot. Instead, it is placed in the Event Zone above or below the center row. While one of these Events is in play, it will have an ongoing effect that will change how the game plays out. There can never be more than one Event active at once. If a new Event appears, replace the current event and put it in the Void. \n\nEvents in <i>Ascension: Gift of the Elements™</i> may also be acquired! These Events include a cost in their effect that may be paid by any player during their turn, at which point the Event will leave play and transform into a powerful Hero for that player's deck.\n	当事件从中央牌库翻出时，它不占用中央牌列栏位。相反，它被放入中央牌列上方或下方的事件区。当此类事件在场时，会有持续效果改变对局进程。同时至多只能有一个事件生效。若出现新事件，替换当前事件并将其置入虚空区。\n\n《创升纪元：元素的馈赠》™中的事件也可被获取！这些事件在效果中含有费用，任意玩家可在其回合支付，此时事件离场并转化为强大英雄加入该玩家牌库。
E	When an Event is flipped from the center deck, it does not take up a center row slot. Instead, it is placed in the Event Zone above or below the center row. While one of these Events is in play, it will have an ongoing effect that will change how the game plays out. There can never be more than one Event active at once. If a new Event appears, replace the current event and put it in the Void. \n\nEvents in <i>Ascension: Gift of the Elements™</i> may also be acquired! These Events include a cost in their effect that may be paid by any player during their turn, at which point the Event will leave play and transform into a powerful Hero for that player's deck.	当事件从中央牌库翻出时，它不占用中央牌列栏位。相反，它被放入中央牌列上方或下方的事件区。当此类事件在场时，会有持续效果改变对局进程。同时至多只能有一个事件生效。若出现新事件，替换当前事件并将其置入虚空区。\n\n《创升纪元：元素的馈赠》™中的事件也可被获取！这些事件在效果中含有费用，任意玩家可在其回合支付，此时事件离场并转化为强大英雄加入该玩家牌库。
E	When an Event is flipped from the center deck, it does not take up a center row slot. Instead, it is placed in the Event Zone above or below the center row. While one of these Events is in play, it will have an ongoing effect that will change how the game plays out. There can never be more than one Event active at once. If a new Event appears, replace the current event and put it in the Void.\n\nEvents in <i>Ascension: Gift of the Elements™</i> may also be acquired! These Events include a cost in their effect that may be paid by any player during their turn, at which point the Event will leave play and transform into a powerful Hero for that player's deck.	当事件从中央牌库翻出时，它不占用中央牌列栏位。相反，它被放入中央牌列上方或下方的事件区。当此类事件在场时，会有持续效果改变对局进程。同时至多只能有一个事件生效。若出现新事件，替换当前事件并将其置入虚空区。\n\n《创升纪元：元素的馈赠》™中的事件也可被获取！这些事件在效果中含有费用，任意玩家可在其回合支付，此时事件离场并转化为强大英雄加入该玩家牌库。
E	<margin-right=12em>Treasure is a new type of card in Rise of Vigil. Treasure cards are different from most other card types in that they do not take up spots in the Center Row. When a Treasure card enters the Center Row, it remains in that spot and the next card from the center deck is flipped on top of it. This process repeats until a non-Treasure card enters the Center Row. Whenever a player acquires or defeats a card in the Center Row, that player acquires all Treasure cards underneath it.\n\nOnce acquired, Treasure cards are played just like heroes. Players also start with one Energy Shard in their starting deck (indicated by the basic card frames).	<margin-right=12em>宝藏是祈夜崛起引入的新卡牌类型。宝藏卡与大多数卡牌不同：它们不占用中央牌列栏位。当宝藏卡进入中央牌列时，它留在该栏位，中央牌库再翻一张叠在上面。此过程重复直到一张非宝藏卡进入中央牌列。每当玩家获取或击败中央牌列的一张牌时，该玩家获得其下方的所有宝藏卡。\n\n获取后，宝藏卡像英雄一样打出。玩家的起始牌库中还有一张能量碎片（基本卡框）。
E	<margin-right=12em>Treasure is a new type of card in Rise of Vigil. Treasure cards are different from most other card types in that they do not take up spots in the Center Row. When a Treasure card enters the Center Row, it remains in that spot and the next card from the center deck is flipped on top of it. This process repeats until a non-Treasure card enters the Center Row. Whenever a player acquires or defeats a card in the Center Row, that player acquires all Treasure cards underneath it. Once acquired, Treasure cards are played just like heroes. Players also start with one Energy Shard in their starting deck (indicated by the basic card frames).	<margin-right=12em>宝藏是祈夜崛起引入的新卡牌类型。宝藏卡与大多数卡牌不同：它们不占用中央牌列栏位。当宝藏卡进入中央牌列时，它留在该栏位，中央牌库再翻一张叠在上面。此过程重复直到一张非宝藏卡进入中央牌列。每当玩家获取或击败中央牌列的一张牌时，该玩家获得其下方的所有宝藏卡。\n\n获取后，宝藏卡像英雄一样打出。玩家的起始牌库中还有一张能量碎片（基本卡框）。
E	When an Event is flipped from the center deck, it does not take up a center row slot. Instead, it is placed in the Event Zone above or below the center row. While one of these Events is in play, it will have an ongoing effect that will change how the game plays out. There can never be more than one Event active at once. If a new Event appears, replace the current event and put it in the Void. Events in Ascension: Gift of the Elements™ may also be acquired! These Events include a cost in their effect that may be paid by any player during their turn, at which point the Event will leave play and transform into a powerful Hero for that player's deck.	当事件从中央牌库翻出时，它不占用中央牌列栏位。相反，它被放入中央牌列上方或下方的事件区。当此类事件在场时，会有持续效果改变对局进程。同时至多只能有一个事件生效。若出现新事件，替换当前事件并将其置入虚空区。\n\n《创升纪元：元素的馈赠》™中的事件也可被获取！这些事件在效果中含有费用，任意玩家可在其回合支付，此时事件离场并转化为强大英雄加入该玩家牌库。
E	<margin-right=12em>Cards in <i>Ascension: Realms Unraveled™</i> can belong to more than one faction.  Multifaction cards are played just like any other cards except they have multiple factions.  This allows them to satisfy the requirements for different Multi-Unite abilities or Transform conditions based on factions.\n\n\r\rFor example, Disciple of Oziah  can transform if you have played another Enlightened Hero this turn, and Disciple of Euloth can transform if you have played a Mechana Hero.  If you play Canon Templar, you can transform both Disciples, because it is both an Enlightened and Mechana Hero and satisfies the requirements of both. \n\n	<margin-right=12em>《创升纪元：领域解开》™中的卡牌可属于多个派系。多派系卡与其他卡一样打出，只是具有多个派系。这使它们能满足不同多重联合能力或基于派系的转化条件。\n\n\r\r例如，奥齐亚门徒可在你本回合已打出另一张圣贤英雄时转化，而欧洛斯门徒可在你已打出机械英雄时转化。若你打出教典圣殿武士，则可转化两位门徒，因为它同时是圣贤与机械英雄，满足二者条件。
E	<margin-right=12em>In Storm of Souls, all Trophy Monsters provided a single effect and were then banished once used. In Immortal Heroes, some Trophy Monsters have lasting effects, indicated by the word “Ongoing.” Just like normal Trophy Monsters, these Monsters provide their Honor reward immediately when defeated and are then placed face up in front of you. They continue to provide their effect for as long as they remain in play under your control. \n\n\r\r<i>Example: Kythis, Rebel Godling says “Ongoing Trophy: Once per turn, gain a Soul Gem.” As long as a player has Kythis as a Trophy, he or she can use it to gain a Soul Gem once each turn. \n\n	<margin-right=12em>在灵魂风暴中，所有战利品怪物提供单一效果，使用后即被放逐。在不朽英雄中，部分战利品怪物具有持续效果，以“持续”一词标明。与普通战利品怪物一样，这些怪物被击败时立即提供荣誉奖励，然后正面朝上放在你面前。只要它们仍在你控制下留在战场，就会持续提供其效果。\n\n\r\r<i>示例：凯西斯·反叛神子写着「持续战利品：每回合一次，获得灵魂宝石。」只要玩家以凯西斯为战利品，每回合都可用它获得一枚灵魂宝石。
E	<margin-right=12em>Cards in <i>Ascension: Realms Unraveled™</i> can belong to more than one faction.  Multifaction cards are played just like any other cards except they have multiple factions.  This allows them to satisfy the requirements for different Multi-Unite abilities or Transform conditions based on factions.\n\n\r\rFor example, Disciple of Oziah  can transform if you have played another Enlightened Hero this turn, and Disciple of Euloth can transform if you have played a Mechana Hero.  If you play Canon Templar, you can transform both Disciples, because it is both an Enlightened and Mechana Hero and satisfies the requirements of both.	<margin-right=12em>《创升纪元：领域解开》™中的卡牌可属于多个派系。多派系卡与其他卡一样打出，只是具有多个派系。这使它们能满足不同多重联合能力或基于派系的转化条件。\n\n\r\r例如，奥齐亚门徒可在你本回合已打出另一张圣贤英雄时转化，而欧洛斯门徒可在你已打出机械英雄时转化。若你打出教典圣殿武士，则可转化两位门徒，因为它同时是圣贤与机械英雄，满足二者条件。
E	<margin-right=12em>When a card with Fate Aution enters the center row, players may bid <sprite=112> to gain the effect listed underneath the Fate text. Starting with the active player and moving clockwise, each player may bid <sprite=112>. To bid, a player must bid at least <sprite=113>, must bid higher than the current bid and cannot bid more <sprite=112> than they have. If a player chooses not to bid or can’t bid, that player is out. Players continue making bids until one person is left in the running. The player that wins the Auction must pay <sprite=112> equal to their winning bid and copies the effect of the Auction card immediately.	<margin-right=12em>当带有天命拍卖的卡牌进入中央牌列时，玩家可出价 <sprite=112> 以获得天命文字下方所列效果。从当前玩家起顺时针，每位玩家可出价 <sprite=112>。出价至少须为 <sprite=113>，必须高于当前出价，且不能超过自己拥有的 <sprite=112>。若玩家选择不出价或无法出价，则退出。玩家继续出价，直到只剩一人。拍卖胜者须支付与其胜出出价等量的 <sprite=112>，并立即复制该拍卖牌的效果。
E	<margin-right=12em>Cards in <i>Ascension: Realms Unraveled™</i> can belong to more than one faction.  Multifaction cards are played just like any other cards except they have multiple factions.  This allows them to satisfy the requirements for different Multi-Unite abilities or Transform conditions based on factions.\n\nFor example, Disciple of Oziah  can transform if you have played another Enlightened Hero this turn, and Disciple of Euloth can transform if you have played a Mechana Hero.  If you play Canon Templar, you can transform both Disciples, because it is both an Enlightened and Mechana Hero and satisfies the requirements of both.	<margin-right=12em>《创升纪元：领域解开》™中的卡牌可属于多个派系。多派系卡与其他卡一样打出，只是具有多个派系。这使它们能满足不同多重联合能力或基于派系的转化条件。\n\n\r\r例如，奥齐亚门徒可在你本回合已打出另一张圣贤英雄时转化，而欧洛斯门徒可在你已打出机械英雄时转化。若你打出教典圣殿武士，则可转化两位门徒，因为它同时是圣贤与机械英雄，满足二者条件。
E	<margin-right=12em>In Storm of Souls, all Trophy Monsters provided a single effect and were then banished once used. In Immortal Heroes, some Trophy Monsters have lasting effects, indicated by the word “Ongoing.” Just like normal Trophy Monsters, these Monsters provide their Honor reward immediately when defeated and are then placed face up in front of you. They continue to provide their effect for as long as they remain in play under your control. \n\n\r\r<i>Example: Kythis, Rebel Godling says “Ongoing Trophy: Once per turn, gain a Soul Gem.” As long as a player has Kythis as a Trophy, he or she can use it to gain a Soul Gem once each turn.	<margin-right=12em>在灵魂风暴中，所有战利品怪物提供单一效果，使用后即被放逐。在不朽英雄中，部分战利品怪物具有持续效果，以“持续”一词标明。与普通战利品怪物一样，这些怪物被击败时立即提供荣誉奖励，然后正面朝上放在你面前。只要它们仍在你控制下留在战场，就会持续提供其效果。\n\n\r\r<i>示例：凯西斯·反叛神子写着「持续战利品：每回合一次，获得灵魂宝石。」只要玩家以凯西斯为战利品，每回合都可用它获得一枚灵魂宝石。
E	<margin-right=12em>In Storm of Souls, all Trophy Monsters provided a single effect and were then banished once used. In Immortal Heroes, some Trophy Monsters have lasting effects, indicated by the word “Ongoing.” Just like normal Trophy Monsters, these Monsters provide their Honor reward immediately when defeated and are then placed face up in front of you. They continue to provide their effect for as long as they remain in play under your control.\n\n<i>Example: Kythis, Rebel Godling says “Ongoing Trophy: Once per turn, gain a Soul Gem.” As long as a player has Kythis as a Trophy, he or she can use it to gain a Soul Gem once each turn.	<margin-right=12em>在灵魂风暴中，所有战利品怪物提供单一效果，使用后即被放逐。在不朽英雄中，部分战利品怪物具有持续效果，以“持续”一词标明。与普通战利品怪物一样，这些怪物被击败时立即提供荣誉奖励，然后正面朝上放在你面前。只要它们仍在你控制下留在战场，就会持续提供其效果。\n\n\r\r<i>示例：凯西斯·反叛神子写着「持续战利品：每回合一次，获得灵魂宝石。」只要玩家以凯西斯为战利品，每回合都可用它获得一枚灵魂宝石。
E	<margin-right=12em>Cards in <i>Ascension: Realms Unraveled™</i> can belong to more than one faction. Multifaction cards are played just like any other cards except they have multiple factions. This allows them to satisfy the requirements for different Multi-Unite abilities or Transform conditions based on factions.\n\nFor example, Disciple of Oziah can transform if you have played another Enlightened Hero this turn, and Disciple of Euloth can transform if you have played a Mechana Hero. If you play Canon Templar, you can transform both Disciples, because it is both an Enlightened and Mechana Hero and satisfies the requirements of both.	<margin-right=12em>《创升纪元：领域解开》™中的卡牌可属于多个派系。多派系卡与其他卡一样打出，只是具有多个派系。这使它们能满足不同多重联合能力或基于派系的转化条件。\n\n\r\r例如，奥齐亚门徒可在你本回合已打出另一张圣贤英雄时转化，而欧洛斯门徒可在你已打出机械英雄时转化。若你打出教典圣殿武士，则可转化两位门徒，因为它同时是圣贤与机械英雄，满足二者条件。
E	<margin-right=12em>In Storm of Souls, all Trophy Monsters provided a single effect and were then banished once used. In Immortal Heroes, some Trophy Monsters have lasting effects, indicated by the word “Ongoing.” Just like normal Trophy Monsters, these Monsters provide their Honor reward immediately when defeated and are then placed face up in front of you. They continue to provide their effect for as long as they remain in play under your control. Example: Kythis, Rebel Godling says “Ongoing Trophy: Once per turn, gain a Soul Gem.” As long as a player has Kythis as a Trophy, he or she can use it to gain a Soul Gem once each turn.	<margin-right=12em>在灵魂风暴中，所有战利品怪物提供单一效果，使用后即被放逐。在不朽英雄中，部分战利品怪物具有持续效果，以“持续”一词标明。与普通战利品怪物一样，这些怪物被击败时立即提供荣誉奖励，然后正面朝上放在你面前。只要它们仍在你控制下留在战场，就会持续提供其效果。\n\n\r\r<i>示例：凯西斯·反叛神子写着「持续战利品：每回合一次，获得灵魂宝石。」只要玩家以凯西斯为战利品，每回合都可用它获得一枚灵魂宝石。
E	<margin-right=12em>When you play a card with Recur, first gain the effect listed above the Recur text. Then, you may spend equal to the number listed for the Recur cost. If you do, gain the effect of the card a second time. You may only use a Recur ability once per card. For example: When you play Nihil Chemist (pictured on the right), You first gain and you may banish a card in your hand or discard pile. After that, you have the option to Recur the effect by paying . If you pay the Recur cost, you would gain an additional and would have the option to banish an additional card. You can only Recur this card once when you play it.	<margin-right=12em>当你打出带有复发的卡牌时，先获得复发文字上方列出的效果。然后，你可以花费与复发费用所列数字等量的<sprite=112>。若如此做，再获得该牌效果一次。每张牌的复发能力每张只能使用一次。\n\n例如：当你打出虚无化学师<i>（右图）</i>时，你先获得<sprite=1>，并可以放逐一张手牌或弃牌堆中的卡牌。之后，你可以支付<sprite=114>来复发该效果。若支付复发费用，你会再获得<sprite=1>，并可再放逐一张牌。打出此牌时只能复发一次。
E	<margin-right=12em>Cards in Ascension: Realms Unraveled™ can belong to more than one faction. Multifaction cards are played just like any other cards except they have multiple factions. This allows them to satisfy the requirements for different Multi-Unite abilities or Transform conditions based on factions. For example, Disciple of Oziah can transform if you have played another Enlightened Hero this turn, and Disciple of Euloth can transform if you have played a Mechana Hero. If you play Canon Templar, you can transform both Disciples, because it is both an Enlightened and Mechana Hero and satisfies the requirements of both.	<margin-right=12em>《创升纪元：领域解开》™中的卡牌可属于多个派系。多派系卡与其他卡一样打出，只是具有多个派系。这使它们能满足不同多重联合能力或基于派系的转化条件。\n\n\r\r例如，奥齐亚门徒可在你本回合已打出另一张圣贤英雄时转化，而欧洛斯门徒可在你已打出机械英雄时转化。若你打出教典圣殿武士，则可转化两位门徒，因为它同时是圣贤与机械英雄，满足二者条件。
E	<margin-right=12em>When a card with Fate Aution enters the center row, players may bid to gain the effect listed underneath the Fate text. Starting with the active player and moving clockwise, each player may bid . To bid, a player must bid at least , must bid higher than the current bid and cannot bid more than they have. If a player chooses not to bid or can’t bid, that player is out. Players continue making bids until one person is left in the running. The player that wins the Auction must pay equal to their winning bid and copies the effect of the Auction card immediately.	<margin-right=12em>当带有天命拍卖的卡牌进入中央牌列时，玩家可出价 <sprite=112> 以获得天命文字下方所列效果。从当前玩家起顺时针，每位玩家可出价 <sprite=112>。出价至少须为 <sprite=113>，必须高于当前出价，且不能超过自己拥有的 <sprite=112>。若玩家选择不出价或无法出价，则退出。玩家继续出价，直到只剩一人。拍卖胜者须支付与其胜出出价等量的 <sprite=112>，并立即复制该拍卖牌的效果。
E	Return to the world of Vigil as the Muses of Malevolence rise to bring ruin. Legendary Heroes from Ascension’s past have returned to guide you, granting their power to those who prove worthy.<br><br>Each card you acquire or defeat grants Renown with its factions, advancing you on the Legendary Track. As your Renown grows, unlock powerful Boons from Legendary Characters and, at the pinnacle of a faction’s track, gain Legendry status with the power to acquire or defeat one card from that faction for free each turn.<br><br><b><align=center>Includes 86 unique<br>new cards.	重返祈夜：恶意缪斯崛起，欲将一切引向毁灭。创升纪元往昔的传奇英雄再度现身，将力量授予证明自己配得上的人。<br><br>你获取或击败的每张牌都会为其派系带来声望，推动你在传奇轨道上前进。声望提升后，可解锁传奇角色的强大恩赐；抵达某派系轨道顶点时，获得传奇地位，每回合可免费获取或击败一张该派系卡牌。<br><br><align=center>包含 86 张独特新卡。
E	<b>Echo\r</b>\nCards with <b>Echo</B> have additional effects that occur if the player has cards in their discard pile that share the same faction as the <b>Echo</B> card.\r\n\n<b>Serenity\r</b>\nCards with <b>Serenity</b> have additional effects that occur if the player has no cards in their discard pile.\r\n\n<b><i>Reminder:</i></b> Cards acquired during your turn immediately go to your discard pile (potentially turning on <b>Echo</b> effects, or turning off <b>Serenity</b> effects), but cards played during the turn do not go to your discard pile until the end of the turn.\r\n\n	<b>回响\n</b>\n带有<b>回响</B>的卡牌具有额外效果：若玩家弃牌堆中有与该<b>回响</B>牌相同派系的卡牌，则额外效果发生。\n\n<b>宁静\n</b>\n带有<b>宁静</b>的卡牌具有额外效果：若玩家弃牌堆中没有卡牌，则额外效果发生。\n\n<b><i>提示：</i></b>你回合中获取的卡牌立即进入弃牌堆（可能打开<b>回响</b>或关闭<b>宁静</b>），但本回合打出的牌直到回合结束才进入弃牌堆。
E	Return to the world of Vigil as the Muses of Malevolence rise to bring ruin. Legendary Heroes from Ascension’s past have returned to guide you, granting their power to those who prove worthy.<br><br>Each card you acquire or defeat grants Renown with its factions, advancing you on the Legendary Track. As your Renown grows, unlock powerful Boons from Legendary Characters and, at the pinnacle of a faction’s track, gain Legendry status with the power to acquire or defeat one card from that faction for free each turn.<br><br><b><align=center>Includes 86 unique new cards.	重返祈夜：恶意缪斯崛起，欲将一切引向毁灭。创升纪元往昔的传奇英雄再度现身，将力量授予证明自己配得上的人。<br><br>你获取或击败的每张牌都会为其派系带来声望，推动你在传奇轨道上前进。声望提升后，可解锁传奇角色的强大恩赐；抵达某派系轨道顶点时，获得传奇地位，每回合可免费获取或击败一张该派系卡牌。<br><br><align=center>包含 86 张独特新卡。
E	<b>Echo\r</b>\nCards with <b>Echo</B> have additional effects that occur if the player has cards in their discard pile that share the same faction as the <b>Echo</B> card.\r\n\n<b>Serenity\r</b>\nCards with <b>Serenity</b> have additional effects that occur if the player has no cards in their discard pile.\r\n\n<b><i>Reminder:</i></b> Cards acquired during your turn immediately go to your discard pile (potentially turning on <b>Echo</b> effects, or turning off <b>Serenity</b> effects), but cards played during the turn do not go to your discard pile until the end of the turn.	<b>回响\n</b>\n带有<b>回响</B>的卡牌具有额外效果：若玩家弃牌堆中有与该<b>回响</B>牌相同派系的卡牌，则额外效果发生。\n\n<b>宁静\n</b>\n带有<b>宁静</b>的卡牌具有额外效果：若玩家弃牌堆中没有卡牌，则额外效果发生。\n\n<b><i>提示：</i></b>你回合中获取的卡牌立即进入弃牌堆（可能打开<b>回响</b>或关闭<b>宁静</b>），但本回合打出的牌直到回合结束才进入弃牌堆。
E	<b>Echo\n</b>\nCards with <b>Echo</B> have additional effects that occur if the player has cards in their discard pile that share the same faction as the <b>Echo</B> card.\n\n<b>Serenity\n</b>\nCards with <b>Serenity</b> have additional effects that occur if the player has no cards in their discard pile.\n\n<b><i>Reminder:</i></b> Cards acquired during your turn immediately go to your discard pile (potentially turning on <b>Echo</b> effects, or turning off <b>Serenity</b> effects), but cards played during the turn do not go to your discard pile until the end of the turn.	<b>回响\n</b>\n带有<b>回响</B>的卡牌具有额外效果：若玩家弃牌堆中有与该<b>回响</B>牌相同派系的卡牌，则额外效果发生。\n\n<b>宁静\n</b>\n带有<b>宁静</b>的卡牌具有额外效果：若玩家弃牌堆中没有卡牌，则额外效果发生。\n\n<b><i>提示：</i></b>你回合中获取的卡牌立即进入弃牌堆（可能打开<b>回响</b>或关闭<b>宁静</b>），但本回合打出的牌直到回合结束才进入弃牌堆。
E	Return to the world of Vigil as the Muses of Malevolence rise to bring ruin. Legendary Heroes from Ascension’s past have returned to guide you, granting their power to those who prove worthy.<br><br>Each card you acquire or defeat grants Renown with its factions, advancing you on the Legendary Track. As your Renown grows, unlock powerful Boons from Legendary Characters and, at the pinnacle of a faction’s track, gain Legendry status with the power to acquire or defeat one card from that faction for free each turn.<br><br><align=center>Includes 86 unique new cards.	重返祈夜：恶意缪斯崛起，欲将一切引向毁灭。创升纪元往昔的传奇英雄再度现身，将力量授予证明自己配得上的人。<br><br>你获取或击败的每张牌都会为其派系带来声望，推动你在传奇轨道上前进。声望提升后，可解锁传奇角色的强大恩赐；抵达某派系轨道顶点时，获得传奇地位，每回合可免费获取或击败一张该派系卡牌。<br><br><align=center>包含 86 张独特新卡。
E	As there is an element of divine inspiration in every act of creation, so too are there patrons for the arts of slaughter and destruction. For centuries, the Red Sisters have whispered their poisonous inspirations to the champions of destruction—Samael, Kythis, Xeron—fueling strife in the hearts of mortals and gods alike. They have watched as Vigil waged war after war, each act of defiance feeding their art of carnage. Now the Muses seek a final creation, one to remake Vigil from its very bones, a monument to the darkness they have nurtured across the ages.	正如每一次创世都含有神启的火花，杀戮与毁灭的技艺也有其庇护者。数世纪以来，红姐妹向毁灭的勇士——萨麦尔、凯西斯、泽伦——低语有毒的灵感，在凡人与神明心中煽动纷争。她们注视祈夜一战再战，每一次反抗都滋养她们的屠戮艺术。如今缪斯寻求最终之作：从骨架重塑祈夜，为自己历经诸纪哺育的黑暗立起丰碑。
E	For millennia, the world of <b>Vigil</b> has been isolated and protected from other realms.  Now, the barrier between dimensions is failing, and <b>Samael, the Fallen God</b>, has returned with his army of Monsters from the beyond!\n\nYou are one of the few warriors capable of facing this threat and defending your world, but you cannot do it alone! You must summon powerful Heroes and Constructs to aid you in your battles.\n\nThe player who gains the most <b>Honor Points</b> will lead his army to defeat the <b>Fallen One</b> and earn the title of <b>Godslayer. 	千百年来，<b>祈夜</b>的世界与其他位面隔绝并受其保护。如今，维度之间的屏障正在崩坏，<b>堕落之神萨麦尔</b>带着他的怪物大军自彼方归来！\n\n你是少数能直面此威胁、保卫世界的勇士之一，但你无法独自完成！你必须召唤强大的英雄与神器助战。\n\n获得最多<b>荣誉点数</b>的玩家将率领大军击败<b>堕落者</b>，赢得<b>弑神者</b>的称号。
E	For millennia, the world of <b>Vigil</b> has been isolated and protected from other realms.  Now, the barrier between dimensions is failing, and <b>Samael, the Fallen God</b>, has returned with his army of Monsters from the beyond!\n\nYou are one of the few warriors capable of facing this threat and defending your world, but you cannot do it alone! You must summon powerful Heroes and Constructs to aid you in your battles.\n\nThe player who gains the most <b>Honor Points</b> will lead his army to defeat the <b>Fallen One</b> and earn the title of <b>Godslayer.	千百年来，<b>祈夜</b>的世界与其他位面隔绝并受其保护。如今，维度之间的屏障正在崩坏，<b>堕落之神萨麦尔</b>带着他的怪物大军自彼方归来！\n\n你是少数能直面此威胁、保卫世界的勇士之一，但你无法独自完成！你必须召唤强大的英雄与神器助战。\n\n获得最多<b>荣誉点数</b>的玩家将率领大军击败<b>堕落者</b>，赢得<b>弑神者</b>的称号。
E	For millennia, the world of <b>Vigil</b> has been isolated and protected from other realms. Now, the barrier between dimensions is failing, and <b>Samael, the Fallen God</b>, has returned with his army of Monsters from the beyond!\n\nYou are one of the few warriors capable of facing this threat and defending your world, but you cannot do it alone! You must summon powerful Heroes and Constructs to aid you in your battles.\n\nThe player who gains the most <b>Honor Points</b> will lead his army to defeat the <b>Fallen One</b> and earn the title of <b>Godslayer.	千百年来，<b>祈夜</b>的世界与其他位面隔绝并受其保护。如今，维度之间的屏障正在崩坏，<b>堕落之神萨麦尔</b>带着他的怪物大军自彼方归来！\n\n你是少数能直面此威胁、保卫世界的勇士之一，但你无法独自完成！你必须召唤强大的英雄与神器助战。\n\n获得最多<b>荣誉点数</b>的玩家将率领大军击败<b>堕落者</b>，赢得<b>弑神者</b>的称号。
E	1. <indent=4%>Play cards from your hand to gain Runes, Power, and Honor.  Acquire Heroes and Constructs for future turns.  Defeat Monsters for Honor and rewards.\r\r</indent>\n\n2. <indent=4%>After you are done acquiring Heroes and Constructs and defeating Monsters, all cards in your hand are placed into your discard pile.\r\r</indent>\n\n3. <indent=4%>You are dealt five cards from your personal deck to replenish your hand.  If you run out of cards, your discard pile will automatically be shuffled and the cards will be moved to your personal deck.\r\r</indent>\n\n	1. <indent=4%>打出手牌以获得符文、战力和荣誉。获取英雄与神器供之后的回合使用。击败怪物以获得荣誉和奖励。\n\n</indent>\n\n2. <indent=4%>完成获取英雄与神器、击败怪物后，手牌全部置入你的弃牌堆。\n\n</indent>\n\n3. <indent=4%>从你的个人牌库发五张牌补满手牌。若牌库抽空，弃牌堆会自动洗牌并移入你的个人牌库。\n\n</indent>
E	1. <indent=4%>Play cards from your hand to gain Runes, Power, and Honor.  Acquire Heroes and Constructs for future turns.  Defeat Monsters for Honor and rewards.\n\n</indent>\n\n2. <indent=4%>After you are done acquiring Heroes and Constructs and defeating Monsters, all cards in your hand are placed into your discard pile.\n\n</indent>\n\n3. <indent=4%>You are dealt five cards from your personal deck to replenish your hand.  If you run out of cards, your discard pile will automatically be shuffled and the cards will be moved to your personal deck.\n\n</indent>	1. <indent=4%>打出手牌以获得符文、战力和荣誉。获取英雄与神器供之后的回合使用。击败怪物以获得荣誉和奖励。\n\n</indent>\n\n2. <indent=4%>完成获取英雄与神器、击败怪物后，手牌全部置入你的弃牌堆。\n\n</indent>\n\n3. <indent=4%>从你的个人牌库发五张牌补满手牌。若牌库抽空，弃牌堆会自动洗牌并移入你的个人牌库。\n\n</indent>
E	1. <indent=4%>Play cards from your hand to gain Runes, Power, and Honor.  Acquire Heroes and Constructs for future turns.  Defeat Monsters for Honor and rewards.\r\r</indent>\n\n2. <indent=4%>After you are done acquiring Heroes and Constructs and defeating Monsters, all cards in your hand are placed into your discard pile.\r\r</indent>\n\n3. <indent=4%>You are dealt five cards from your personal deck to replenish your hand.  If you run out of cards, your discard pile will automatically be shuffled and the cards will be moved to your personal deck.\r\r</indent>	1. <indent=4%>打出手牌以获得符文、战力和荣誉。获取英雄与神器供之后的回合使用。击败怪物以获得荣誉和奖励。\n\n</indent>\n\n2. <indent=4%>完成获取英雄与神器、击败怪物后，手牌全部置入你的弃牌堆。\n\n</indent>\n\n3. <indent=4%>从你的个人牌库发五张牌补满手牌。若牌库抽空，弃牌堆会自动洗牌并移入你的个人牌库。\n\n</indent>
E	<margin-right=13.5em>At the heart of Ascension: Legends™ is the Legendary Track, where you’ll compete to earn Renown (<sprite=172>) alongside some of the most iconic characters in the Ascension™ universe.<br><br>As you play, you’ll advance along this track, unlocking special abilities, known as Boons, granted by the Legends overseeing your game.<br><Br>Reach the end of the track, and you’ll secure your place as a legend within one of the four factions, gaining the ability to acquire or defeat a card of that faction for free at the start of each turn.	<margin-right=13.5em>《创升纪元：史诗传奇》的核心是传奇轨道：你将与创升纪元宇宙中最具代表性的角色并肩，争夺声望（<sprite=172>）。<br><br>对局过程中，你会沿轨道前进，解锁由主持本局的传奇授予的特殊能力——恩赐。<br><Br>到达轨道尽头后，你将成为四派系之一中的传奇，并获得能力：每回合开始时免费获取或击败一张该派系卡牌。
E	1. <indent=4%>Play cards from your hand to gain Runes, Power, and Honor. Acquire Heroes and Constructs for future turns. Defeat Monsters for Honor and rewards.\n\n</indent>\n\n2. <indent=4%>After you are done acquiring Heroes and Constructs and defeating Monsters, all cards in your hand are placed into your discard pile.\n\n</indent>\n\n3. <indent=4%>You are dealt five cards from your personal deck to replenish your hand. If you run out of cards, your discard pile will automatically be shuffled and the cards will be moved to your personal deck.\n\n</indent>	1. <indent=4%>打出手牌以获得符文、战力和荣誉。获取英雄与神器供之后的回合使用。击败怪物以获得荣誉和奖励。\n\n</indent>\n\n2. <indent=4%>完成获取英雄与神器、击败怪物后，手牌全部置入你的弃牌堆。\n\n</indent>\n\n3. <indent=4%>从你的个人牌库发五张牌补满手牌。若牌库抽空，弃牌堆会自动洗牌并移入你的个人牌库。\n\n</indent>
E	Death Keystone (<sprite=162>) : When you gain a <sprite=162>, you may spend it to take one of the following actions:\r\n•<indent=1em>Gain control of the Temple of Death. If another player already controls it, you may take it from them.</indent>\n•<indent=1em>If you already control the Temple of Death, gain control of the Temple of Immortality and you may banish a card from your hand or discard pile.\r</indent>\n•<indent=1em>If you already control the Temple of Death and the Temple of Immortality, you may banish a card from your hand or discard pile.\r\n\n	死亡钥石（<sprite=162>）：当你获得 <sprite=162> 时，可以花费它执行下列行动之一：\n•<indent=1em>夺取死亡神殿的控制。若另一名玩家已控制它，你可以从其手中夺走。</indent>\n•<indent=1em>若你已控制死亡神殿，夺取不朽神殿的控制，并且你可以放逐手牌或弃牌堆中的一张牌。</indent>\n•<indent=1em>若你已控制死亡神殿与不朽神殿，你可以放逐手牌或弃牌堆中的一张牌。</indent>
E	Return to the world of Vigil as the Muses of Malevolence rise to bring ruin. Legendary Heroes from Ascension’s past have returned to guide you, granting their power to those who prove worthy.Each card you acquire or defeat grants Renown with its factions, advancing you on the Legendary Track. As your Renown grows, unlock powerful Boons from Legendary Characters and, at the pinnacle of a faction’s track, gain Legendry status with the power to acquire or defeat one card from that faction for free each turn.<align=center>Includes 86 unique new cards.	重返祈夜：恶意缪斯崛起，欲将一切引向毁灭。创升纪元往昔的传奇英雄再度现身，将力量授予证明自己配得上的人。<br><br>你获取或击败的每张牌都会为其派系带来声望，推动你在传奇轨道上前进。声望提升后，可解锁传奇角色的强大恩赐；抵达某派系轨道顶点时，获得传奇地位，每回合可免费获取或击败一张该派系卡牌。<br><br><align=center>包含 86 张独特新卡。
E	Return to the world of Vigil as the Muses of Malevolence rise to bring ruin. Legendary Heroes from Ascension’s past have returned to guide you, granting their power to those who prove worthy.Each card you acquire or defeat grants Renown with its factions, advancing you on the Legendary Track. As your Renown grows, unlock powerful Boons from Legendary Characters and, at the pinnacle of a faction’s track, gain Legendry status with the power to acquire or defeat one card from that faction for free each turn.<align=center>Includes 86 uniquenew cards.	重返祈夜：恶意缪斯崛起，欲将一切引向毁灭。创升纪元往昔的传奇英雄再度现身，将力量授予证明自己配得上的人。<br><br>你获取或击败的每张牌都会为其派系带来声望，推动你在传奇轨道上前进。声望提升后，可解锁传奇角色的强大恩赐；抵达某派系轨道顶点时，获得传奇地位，每回合可免费获取或击败一张该派系卡牌。<br><br><align=center>包含 86 张独特新卡。
E	Death Keystone (<sprite=162>) : When you gain a <sprite=162>, you may spend it to take one of the following actions:\r\n•<indent=1em>Gain control of the Temple of Death. If another player already controls it, you may take it from them.</indent>\n•<indent=1em>If you already control the Temple of Death, gain control of the Temple of Immortality and you may banish a card from your hand or discard pile.\r</indent>\n•<indent=1em>If you already control the Temple of Death and the Temple of Immortality, you may banish a card from your hand or discard pile.	死亡钥石（<sprite=162>）：当你获得 <sprite=162> 时，可以花费它执行下列行动之一：\n•<indent=1em>夺取死亡神殿的控制。若另一名玩家已控制它，你可以从其手中夺走。</indent>\n•<indent=1em>若你已控制死亡神殿，夺取不朽神殿的控制，并且你可以放逐手牌或弃牌堆中的一张牌。</indent>\n•<indent=1em>若你已控制死亡神殿与不朽神殿，你可以放逐手牌或弃牌堆中的一张牌。</indent>
E	Death Keystone (<sprite=162>) : When you gain a <sprite=162>, you may spend it to take one of the following actions:\n•<indent=1em>Gain control of the Temple of Death. If another player already controls it, you may take it from them.</indent>\n•<indent=1em>If you already control the Temple of Death, gain control of the Temple of Immortality and you may banish a card from your hand or discard pile.\n</indent>\n•<indent=1em>If you already control the Temple of Death and the Temple of Immortality, you may banish a card from your hand or discard pile.	死亡钥石（<sprite=162>）：当你获得 <sprite=162> 时，可以花费它执行下列行动之一：\n•<indent=1em>夺取死亡神殿的控制。若另一名玩家已控制它，你可以从其手中夺走。</indent>\n•<indent=1em>若你已控制死亡神殿，夺取不朽神殿的控制，并且你可以放逐手牌或弃牌堆中的一张牌。</indent>\n•<indent=1em>若你已控制死亡神殿与不朽神殿，你可以放逐手牌或弃牌堆中的一张牌。</indent>
E	In this time of reckoning, Vigil calls forth a new generation of heroes. The untested must rise, guided by legends of old and the light of those who sacrificed before them. Against the Muses’ vision of unending chaos, the champions of today must forge their own legendary paths. The world awaits, and only through strength, courage, and unity can Vigil transcend this dark design. Your deeds are known, your valor witnessed, and through fire and flame, you must stand the test to become a legend—the future rests upon your ascension.	在此清算之时，祈夜召唤新一代英雄。未经考验者必须挺身而出，以先贤传说与前人牺牲之光为指引。面对缪斯无尽混沌的异象，今日的勇士必须开辟属于自己的传奇之路。世界在等待——唯有凭力量、勇气与团结，祈夜才能超越这黑暗的设计。你的功绩人尽皆知，你的勇武有目共睹；历经烈火试炼，你必须成为传奇——未来系于你的登升。
E	<margin-right=13.5em>At the heart of Ascension: Legends™ is the Legendary Track, where you’ll compete to earn Renown () alongside some of the most iconic characters in the Ascension™ universe.As you play, you’ll advance along this track, unlocking special abilities, known as Boons, granted by the Legends overseeing your game.Reach the end of the track, and you’ll secure your place as a legend within one of the four factions, gaining the ability to acquire or defeat a card of that faction for free at the start of each turn.	<margin-right=13.5em>《创升纪元：史诗传奇》的核心是传奇轨道：你将与创升纪元宇宙中最具代表性的角色并肩，争夺声望（<sprite=172>）。<br><br>对局过程中，你会沿轨道前进，解锁由主持本局的传奇授予的特殊能力——恩赐。<br><Br>到达轨道尽头后，你将成为四派系之一中的传奇，并获得能力：每回合开始时免费获取或击败一张该派系卡牌。
E	For millennia, the world of Vigil has been isolated and protected from other realms. Now, the barrier between dimensions is failing, and Samael, the Fallen God, has returned with his army of Monsters from the beyond! You are one of the few warriors capable of facing this threat and defending your world, but you cannot do it alone! You must summon powerful Heroes and Constructs to aid you in your battles. The player who gains the most Honor Points will lead his army to defeat the Fallen One and earn the title of Godslayer.	千百年来，<b>祈夜</b>的世界与其他位面隔绝并受其保护。如今，维度之间的屏障正在崩坏，<b>堕落之神萨麦尔</b>带着他的怪物大军自彼方归来！\n\n你是少数能直面此威胁、保卫世界的勇士之一，但你无法独自完成！你必须召唤强大的英雄与神器助战。\n\n获得最多<b>荣誉点数</b>的玩家将率领大军击败<b>堕落者</b>，赢得<b>弑神者</b>的称号。
E	Eons have passed since Vigil’s heroes first defended their world against Samael, the Fallen God. Though the Godslayer’s victory brought peace, each hard-won era has been followed by threats even more harrowing. Vigil has birthed heroes to stand against every nightmare, but with each victory, darkness has gathered anew. Now, in the sulfurous depths of Deoful, something ancient stirs—the Red Sisters—the Muses of Malevolence. These shadowy patrons of slaughter and ruin stand poised to weave their own dreadful masterpiece.	自祈夜英雄首次抵御堕落之神萨麦尔以来，已过去无数纪元。虽弑神者的胜利带来和平，每一段来之不易的时代之后，威胁却更加骇人。祈夜不断诞下英雄对抗每场梦魇，但每场胜利之后，黑暗又再度聚集。如今，在迪奥弗硫磺深处，古老之物苏醒——红姐妹，恶意缪斯。这些屠杀与毁灭的阴影庇护者，正准备编织她们可怖的杰作。
E	Echo Cards with Echo have additional effects that occur if the player has cards in their discard pile that share the same faction as the Echo card. Serenity Cards with Serenity have additional effects that occur if the player has no cards in their discard pile. Reminder: Cards acquired during your turn immediately go to your discard pile (potentially turning on Echo effects, or turning off Serenity effects), but cards played during the turn do not go to your discard pile until the end of the turn.	<b>回响\n</b>\n带有<b>回响</B>的卡牌具有额外效果：若玩家弃牌堆中有与该<b>回响</B>牌相同派系的卡牌，则额外效果发生。\n\n<b>宁静\n</b>\n带有<b>宁静</b>的卡牌具有额外效果：若玩家弃牌堆中没有卡牌，则额外效果发生。\n\n<b><i>提示：</i></b>你回合中获取的卡牌立即进入弃牌堆（可能打开<b>回响</b>或关闭<b>宁静</b>），但本回合打出的牌直到回合结束才进入弃牌堆。
E	1. Play cards from your hand to gain Runes, Power, and Honor. Acquire Heroes and Constructs for future turns. Defeat Monsters for Honor and rewards. 2. After you are done acquiring Heroes and Constructs and defeating Monsters, all cards in your hand are placed into your discard pile. 3. You are dealt five cards from your personal deck to replenish your hand. If you run out of cards, your discard pile will automatically be shuffled and the cards will be moved to your personal deck.	1. <indent=4%>打出手牌以获得符文、战力和荣誉。获取英雄与神器供之后的回合使用。击败怪物以获得荣誉和奖励。\n\n</indent>\n\n2. <indent=4%>完成获取英雄与神器、击败怪物后，手牌全部置入你的弃牌堆。\n\n</indent>\n\n3. <indent=4%>从你的个人牌库发五张牌补满手牌。若牌库抽空，弃牌堆会自动洗牌并移入你的个人牌库。\n\n</indent>
E	Keystones are a new resource in <i>Ascension: Valley of the Ancients.</i> Keystones work similarly to other resources, like <sprite=32> and <sprite=0>, but are used to acquire and activate Temples. When a card gives a player a Keystone, the player can use the Keystone to gain control of the corresponding Temple. If a player already has a Temple, the player can use the appropriate Keystone to activate the ability of their Temple and gain control of the Temple of Immortality.\n\n	钥石是<i>创升纪元：上古山谷</i>的新资源。钥石与其他资源类似，如<sprite=32>和<sprite=0>，但用于获取并启动神殿。当卡牌给予玩家钥石时，玩家可用对应钥石夺取对应神殿。若玩家已有一座神殿，可用相应钥石启动其神殿能力并夺取不朽神殿。
E	<margin-right=16em>Event cards represent global effects that change the power structure of the world. When an Event flips from the Portal Deck, it is put into the Event Zone instead of the center row. The card is then replaced in the Center Row as normal.  There may be only one Event in the Event Zone at any given time. While an Event is there it is considered the current Event. Events alter the rules of the game, and the current Event’s game text applies to every player.\n\n	<margin-right=16em>事件卡代表改变世界权力结构的全局效果。当事件从传送门牌库翻出时，它进入事件区而非中央牌列。中央牌列会照常补牌。事件区在任何时候至多只能有一张事件。当事件位于该处时，视为当前事件。事件改变对局规则，当前事件的规则文字对每位玩家生效。
E	Keystones are a new resource in <i>Ascension: Valley of the Ancients.</i> Keystones work similarly to other resources, like <sprite=32> and <sprite=0>, but are used to acquire and activate Temples. When a card gives a player a Keystone, the player can use the Keystone to gain control of the corresponding Temple. If a player already has a Temple, the player can use the appropriate Keystone to activate the ability of their Temple and gain control of the Temple of Immortality.	钥石是<i>创升纪元：上古山谷</i>的新资源。钥石与其他资源类似，如<sprite=32>和<sprite=0>，但用于获取并启动神殿。当卡牌给予玩家钥石时，玩家可用对应钥石夺取对应神殿。若玩家已有一座神殿，可用相应钥石启动其神殿能力并夺取不朽神殿。
E	Life Keystone (<sprite=161>): When you gain a <sprite=161>, you may spend it to take one of the following actions:\r\n•<indent=1em>Gain control of the Temple of Life. If another player already controls it, you may take it from them.\r</indent>\n•<indent=1em>If you already control the Temple of Life, gain control of the Temple of Immortality and gain <sprite=34>.\r</indent>\n•<indent=1em>If you already control the Temple of Death and the Temple of Immortality, gain <sprite=34>.\n\n	生命钥石（<sprite=161>）：当你获得 <sprite=161> 时，可以花费它执行下列行动之一：\n•<indent=1em>夺取生命神殿的控制。若另一名玩家已控制它，你可以从其手中夺走。</indent>\n•<indent=1em>若你已控制生命神殿，夺取不朽神殿的控制并获得 <sprite=34>。</indent>\n•<indent=1em>若你已控制死亡神殿与不朽神殿，获得 <sprite=34>。</indent>
E	<margin-right=16em>Event cards represent global effects that change the power structure of the world. When an Event flips from the Portal Deck, it is put into the Event Zone instead of the center row. The card is then replaced in the Center Row as normal.  There may be only one Event in the Event Zone at any given time. While an Event is there it is considered the current Event. Events alter the rules of the game, and the current Event’s game text applies to every player.	<margin-right=16em>事件卡代表改变世界权力结构的全局效果。当事件从传送门牌库翻出时，它进入事件区而非中央牌列。中央牌列会照常补牌。事件区在任何时候至多只能有一张事件。当事件位于该处时，视为当前事件。事件改变对局规则，当前事件的规则文字对每位玩家生效。
E	<margin-right=16em>Event cards represent global effects that change the power structure of the world. When an Event flips from the Portal Deck, it is put into the Event Zone instead of the center row. The card is then replaced in the Center Row as normal. There may be only one Event in the Event Zone at any given time. While an Event is there it is considered the current Event. Events alter the rules of the game, and the current Event’s game text applies to every player.	<margin-right=16em>事件卡代表改变世界权力结构的全局效果。当事件从传送门牌库翻出时，它进入事件区而非中央牌列。中央牌列会照常补牌。事件区在任何时候至多只能有一张事件。当事件位于该处时，视为当前事件。事件改变对局规则，当前事件的规则文字对每位玩家生效。
E	Life Keystone (<sprite=161>): When you gain a <sprite=161>, you may spend it to take one of the following actions:\r\n•<indent=1em>Gain control of the Temple of Life. If another player already controls it, you may take it from them.\r</indent>\n•<indent=1em>If you already control the Temple of Life, gain control of the Temple of Immortality and gain <sprite=34>.\r</indent>\n•<indent=1em>If you already control the Temple of Death and the Temple of Immortality, gain <sprite=34>.	生命钥石（<sprite=161>）：当你获得 <sprite=161> 时，可以花费它执行下列行动之一：\n•<indent=1em>夺取生命神殿的控制。若另一名玩家已控制它，你可以从其手中夺走。</indent>\n•<indent=1em>若你已控制生命神殿，夺取不朽神殿的控制并获得 <sprite=34>。</indent>\n•<indent=1em>若你已控制死亡神殿与不朽神殿，获得 <sprite=34>。</indent>
E	Life Keystone (<sprite=161>): When you gain a <sprite=161>, you may spend it to take one of the following actions:\n•<indent=1em>Gain control of the Temple of Life. If another player already controls it, you may take it from them.\n</indent>\n•<indent=1em>If you already control the Temple of Life, gain control of the Temple of Immortality and gain <sprite=34>.\n</indent>\n•<indent=1em>If you already control the Temple of Death and the Temple of Immortality, gain <sprite=34>.	生命钥石（<sprite=161>）：当你获得 <sprite=161> 时，可以花费它执行下列行动之一：\n•<indent=1em>夺取生命神殿的控制。若另一名玩家已控制它，你可以从其手中夺走。</indent>\n•<indent=1em>若你已控制生命神殿，夺取不朽神殿的控制并获得 <sprite=34>。</indent>\n•<indent=1em>若你已控制死亡神殿与不朽神殿，获得 <sprite=34>。</indent>
E	<margin-right=12em>Dreambind Monsters can be controlled and used in your deck if you pay their Dreambind cost. When you defeat a Dreambind Monster, first gain its reward, then you may pay the Dreambind <sprite=112> cost listed in the text. If you do, the Monster goes to your discard pile instead of the Void. Whenever you play a Dreambind Monster from your hand, gain its reward. You do not have to pay the Dreambind cost every time you play it to keep it in your deck.	<margin-right=12em>若支付梦缚费用，梦缚怪物可被控制并加入你的牌库。当你击败梦缚怪物时，先获得其奖励，然后可以支付文字中列出的梦缚<sprite=112>费用。若如此做，该怪物进入你的弃牌堆而非虚空区。每当你从手牌打出梦缚怪物时，获得其奖励。之后每次打出无需再支付梦缚费用即可将其留在牌库中。
E	Death Keystone () : When you gain a , you may spend it to take one of the following actions: •Gain control of the Temple of Death. If another player already controls it, you may take it from them. •If you already control the Temple of Death, gain control of the Temple of Immortality and you may banish a card from your hand or discard pile. •If you already control the Temple of Death and the Temple of Immortality, you may banish a card from your hand or discard pile.	死亡钥石（<sprite=162>）：当你获得 <sprite=162> 时，可以花费它执行下列行动之一：\n•<indent=1em>夺取死亡神殿的控制。若另一名玩家已控制它，你可以从其手中夺走。</indent>\n•<indent=1em>若你已控制死亡神殿，夺取不朽神殿的控制，并且你可以放逐手牌或弃牌堆中的一张牌。</indent>\n•<indent=1em>若你已控制死亡神殿与不朽神殿，你可以放逐手牌或弃牌堆中的一张牌。</indent>
E	<margin-right=12em>The Fanatic is a new Always Available Monster in Storm of Souls. The Fanatic is a Trophy Monster with a variable reward based on the current Event called an Event Trophy. You may have no more than one Fanatic Trophy at any time. If you defeat a Fanatic while you already have a Trophy from one, you gain the Honor reward but do not get another Trophy.\n\nThe Fanatic is returned to the Always Available Zone when banished. It never goes to the Void.\n\n	<margin-right=12em>狂信者是灵魂风暴的新始终可用怪物。狂信者是战利品怪物，其可变奖励取决于当前事件，称为事件战利品。你同时最多只能有一份狂信者战利品。若你已有一份战利品时再击败狂信者，你获得荣誉奖励但不再获得另一份战利品。\n\n狂信者被放逐后回到始终可用区。它永不进入虚空区。
E	<margin-right=12em>The Fanatic is a new Always Available Monster in Storm of Souls. The Fanatic is a Trophy Monster with a variable reward based on the current Event called an Event Trophy. You may have no more than one Fanatic Trophy at any time. If you defeat a Fanatic while you already have a Trophy from one, you gain the Honor reward but do not get another Trophy.\n\nThe Fanatic is returned to the Always Available Zone when banished. It never goes to the Void.	<margin-right=12em>狂信者是灵魂风暴的新始终可用怪物。狂信者是战利品怪物，其可变奖励取决于当前事件，称为事件战利品。你同时最多只能有一份狂信者战利品。若你已有一份战利品时再击败狂信者，你获得荣誉奖励但不再获得另一份战利品。\n\n狂信者被放逐后回到始终可用区。它永不进入虚空区。
E	<margin-right=12em>The Fanatic is a new Always Available Monster in Storm of Souls. The Fanatic is a Trophy Monster with a variable reward based on the current Event called an Event Trophy. You may have no more than one Fanatic Trophy at any time. If you defeat a Fanatic while you already have a Trophy from one, you gain the Honor reward but do not get another Trophy. The Fanatic is returned to the Always Available Zone when banished. It never goes to the Void.	<margin-right=12em>狂信者是灵魂风暴的新始终可用怪物。狂信者是战利品怪物，其可变奖励取决于当前事件，称为事件战利品。你同时最多只能有一份狂信者战利品。若你已有一份战利品时再击败狂信者，你获得荣誉奖励但不再获得另一份战利品。\n\n狂信者被放逐后回到始终可用区。它永不进入虚空区。
E	Dark forces have taken over the Dreamscape. Team up with Pasythea, collect her legendary weapons, and return order to her world!<br><br>Use the Insight resources and Dreamborn cards to save the Dreamscape. Bind Monsters to your deck and use them in battle! Transform cards to incredible heroes and Constructs and acquire Pasythea! Pair Deliverance with Dreamscape and Delirium for an even more exciting game!<br><br><b><align=center>Includes 51 unique<br>new cards.	黑暗势力已占据梦境。与帕西提亚并肩作战，收集她的传奇武器，让她的世界恢复秩序！<br><br>运用洞察与梦生卡拯救梦境；将怪物束缚进你的牌库并投入战斗！把卡牌转化为强大的英雄与神器，并获取帕西提亚！将「救赎」与「梦境」「谵妄」搭配，对局更加精彩！<br><br><b><align=center>包含 51 张独特<br>新卡。
E	Dark forces have taken over the Dreamscape. Team up with Pasythea, collect her legendary weapons, and return order to her world!<br><br>Use the Insight resources and Dreamborn cards to save the Dreamscape. Bind Monsters to your deck and use them in battle! Transform cards to incredible heroes and Constructs and acquire Pasythea! Pair Deliverance with Dreamscape and Delirium for an even more exciting game!<br><br><b><align=center>Includes 51 unique new cards.	黑暗势力已占据梦境。与帕西提亚并肩作战，收集她的传奇武器，让她的世界恢复秩序！<br><br>运用洞察与梦生卡拯救梦境；将怪物束缚进你的牌库并投入战斗！把卡牌转化为强大的英雄与神器，并获取帕西提亚！将「救赎」与「梦境」「谵妄」搭配，对局更加精彩！<br><br><b><align=center>包含 51 张独特新卡。
E	<margin-right=12em>Dark Energy Shards are a new type of Treasure card introduced in Ascension: Darkness Unleashed™.  Dark Energy Shards represent the fragments from Erabus’s crystal prison that absorbed bits of his power before he broke free.  Dark Energy Shards work just like the Energy Shards in Ascension: Rise of Vigil™, except they also have a Fate effect that allows each player to banish a card in their discard pile when they enter the center row.\r\r\n\n	<margin-right=12em>暗能碎片是《创升纪元：黑暗释放》™引入的新宝藏卡。它们代表厄拉布斯水晶牢笼在他挣脱前吸收其力量残片所成的碎片。暗能碎片的运作与《创升纪元：祈夜崛起》™中的能量碎片相同，但另有天命效果：当它们进入中央牌列时，每位玩家可以放逐其弃牌堆中的一张牌。
E	<margin-right=12em>Dreambind Monsters can be controlled and used in your deck if you pay their Dreambind cost. When you defeat a Dreambind Monster, first gain its reward, then you may pay the Dreambind cost listed in the text. If you do, the Monster goes to your discard pile instead of the Void. Whenever you play a Dreambind Monster from your hand, gain its reward. You do not have to pay the Dreambind cost every time you play it to keep it in your deck.	<margin-right=12em>若支付梦缚费用，梦缚怪物可被控制并加入你的牌库。当你击败梦缚怪物时，先获得其奖励，然后可以支付文字中列出的梦缚<sprite=112>费用。若如此做，该怪物进入你的弃牌堆而非虚空区。每当你从手牌打出梦缚怪物时，获得其奖励。之后每次打出无需再支付梦缚费用即可将其留在牌库中。
E	<margin-right=12em>Visions are a new card type found in the Dream deck in Ascension: Dreamscape™. When a Vision is acquired from a player’s Dreamscape, it isn’t added to that player’s deck. Instead, the card has an immediate effect on the game. Resolve the effect on the card, then banish it unless it has an Ongoing effect. Visions with Ongoing effects stay face up in front of the player. That effect is considered to be in play for the rest of the game.\r	<margin-right=12em>异象是《创升纪元：梦境》™梦境牌库中的新卡牌类型。当玩家从自己的梦境获取异象时，它不会加入该玩家牌库。相反，该牌立即对对局产生效果。结算其效果后将其放逐，除非它具有持续效果。具有持续效果的异象正面朝上留在玩家面前，该效果视为在余下对局中生效。
E	<margin-right=12em>Dark Energy Shards are a new type of Treasure card introduced in Ascension: Darkness Unleashed™.  Dark Energy Shards represent the fragments from Erabus’s crystal prison that absorbed bits of his power before he broke free.  Dark Energy Shards work just like the Energy Shards in Ascension: Rise of Vigil™, except they also have a Fate effect that allows each player to banish a card in their discard pile when they enter the center row.	<margin-right=12em>暗能碎片是《创升纪元：黑暗释放》™引入的新宝藏卡。它们代表厄拉布斯水晶牢笼在他挣脱前吸收其力量残片所成的碎片。暗能碎片的运作与《创升纪元：祈夜崛起》™中的能量碎片相同，但另有天命效果：当它们进入中央牌列时，每位玩家可以放逐其弃牌堆中的一张牌。
E	<margin-right=12em>Visions are a new card type found in the Dream deck in Ascension: Dreamscape™. When a Vision is acquired from a player’s Dreamscape, it isn’t added to that player’s deck. Instead, the card has an immediate effect on the game. Resolve the effect on the card, then banish it unless it has an Ongoing effect. Visions with Ongoing effects stay face up in front of the player. That effect is considered to be in play for the rest of the game.	<margin-right=12em>异象是《创升纪元：梦境》™梦境牌库中的新卡牌类型。当玩家从自己的梦境获取异象时，它不会加入该玩家牌库。相反，该牌立即对对局产生效果。结算其效果后将其放逐，除非它具有持续效果。具有持续效果的异象正面朝上留在玩家面前，该效果视为在余下对局中生效。
E	<margin-right=12em>Dark Energy Shards are a new type of Treasure card introduced in Ascension: Darkness Unleashed™. Dark Energy Shards represent the fragments from Erabus’s crystal prison that absorbed bits of his power before he broke free. Dark Energy Shards work just like the Energy Shards in Ascension: Rise of Vigil™, except they also have a Fate effect that allows each player to banish a card in their discard pile when they enter the center row.	<margin-right=12em>暗能碎片是《创升纪元：黑暗释放》™引入的新宝藏卡。它们代表厄拉布斯水晶牢笼在他挣脱前吸收其力量残片所成的碎片。暗能碎片的运作与《创升纪元：祈夜崛起》™中的能量碎片相同，但另有天命效果：当它们进入中央牌列时，每位玩家可以放逐其弃牌堆中的一张牌。
E	Keystones are a new resource in Ascension: Valley of the Ancients. Keystones work similarly to other resources, like and , but are used to acquire and activate Temples. When a card gives a player a Keystone, the player can use the Keystone to gain control of the corresponding Temple. If a player already has a Temple, the player can use the appropriate Keystone to activate the ability of their Temple and gain control of the Temple of Immortality.	钥石是<i>创升纪元：上古山谷</i>的新资源。钥石与其他资源类似，如<sprite=32>和<sprite=0>，但用于获取并启动神殿。当卡牌给予玩家钥石时，玩家可用对应钥石夺取对应神殿。若玩家已有一座神殿，可用相应钥石启动其神殿能力并夺取不朽神殿。
E	<margin-right=12em>A Hero with Phantasm can be played directly from the center row. During your turn, you may pay the <sprite=112> cost listed in the Phantasm text. If you do, you play that card right then and there. Gain its effect and then banish it to the Void. Keep in mind, that for effects such as Unite, a card played with Phantasm counts for those bonuses. Cards with Phantasm can also be acquired as normal by paying their <sprite=32>cost.	<margin-right=12em>带有幻象的英雄可以直接从中央牌列打出。在你的回合中，你可以支付幻象文字所列的<sprite=112>费用。若如此做，立即打出该牌：获得其效果，然后将其放逐到虚空区。请记住，对于联合等效果，以幻象打出的牌也计入加成。带有幻象的卡牌也可以照常支付<sprite=32>费用获取。
E	Insight (<sprite=112>) is gained through card effects and Dreamborn cards (see below). Unlike most other resources, you do not lose unspent Insight at the end of your turn.<br><br>In <i>Ascension: Deliverance</i>™, players start with different amounts of  <sprite=112>. The player who goes first starts with <sprite=123>. The player who goes second starts with <sprite=113>, third starts with <sprite=114> and fourth starts with <sprite=115>.\n\n	洞察（<sprite=112>）通过卡牌效果与梦生卡获得（见下文）。与大多数资源不同，未花费的洞察在回合结束时不会失去。<br><br>在《创升纪元：救赎》™中，玩家开局拥有的 <sprite=112> 数量不同。先手玩家从 <sprite=123> 开始；第二位从 <sprite=113> 开始，第三位从 <sprite=114> 开始，第四位从 <sprite=115> 开始。
E	Dark forces have taken over the Dreamscape. Team up with Pasythea, collect her legendary weapons, and return order to her world!Use the Insight resources and Dreamborn cards to save the Dreamscape. Bind Monsters to your deck and use them in battle! Transform cards to incredible heroes and Constructs and acquire Pasythea! Pair Deliverance with Dreamscape and Delirium for an even more exciting game!<align=center>Includes 51 unique new cards.	黑暗势力已占据梦境。与帕西提亚并肩作战，收集她的传奇武器，让她的世界恢复秩序！<br><br>运用洞察与梦生卡拯救梦境；将怪物束缚进你的牌库并投入战斗！把卡牌转化为强大的英雄与神器，并获取帕西提亚！将「救赎」与「梦境」「谵妄」搭配，对局更加精彩！<br><br><b><align=center>包含 51 张独特新卡。
E	Dark forces have taken over the Dreamscape. Team up with Pasythea, collect her legendary weapons, and return order to her world!Use the Insight resources and Dreamborn cards to save the Dreamscape. Bind Monsters to your deck and use them in battle! Transform cards to incredible heroes and Constructs and acquire Pasythea! Pair Deliverance with Dreamscape and Delirium for an even more exciting game!<align=center>Includes 51 uniquenew cards.	黑暗势力已占据梦境。与帕西提亚并肩作战，收集她的传奇武器，让她的世界恢复秩序！<br><br>运用洞察与梦生卡拯救梦境；将怪物束缚进你的牌库并投入战斗！把卡牌转化为强大的英雄与神器，并获取帕西提亚！将「救赎」与「梦境」「谵妄」搭配，对局更加精彩！<br><br><b><align=center>包含 51 张独特<br>新卡。
E	Insight (<sprite=112>) is gained through card effects and Dreamborn cards (see below). Unlike most other resources, you do not lose unspent Insight at the end of your turn.<br><br>In <i>Ascension: Deliverance</i>™, players start with different amounts of  <sprite=112>. The player who goes first starts with <sprite=123>. The player who goes second starts with <sprite=113>, third starts with <sprite=114> and fourth starts with <sprite=115>.	洞察（<sprite=112>）通过卡牌效果与梦生卡获得（见下文）。与大多数资源不同，未花费的洞察在回合结束时不会失去。<br><br>在《创升纪元：救赎》™中，玩家开局拥有的 <sprite=112> 数量不同。先手玩家从 <sprite=123> 开始；第二位从 <sprite=113> 开始，第三位从 <sprite=114> 开始，第四位从 <sprite=115> 开始。
E	Insight (<sprite=112>) is gained through card effects and Dreamborn cards (see below). Unlike most other resources, you do not lose unspent Insight at the end of your turn.<br><br>In <i>Ascension: Deliverance</i>™, players start with different amounts of <sprite=112>. The player who goes first starts with <sprite=123>. The player who goes second starts with <sprite=113>, third starts with <sprite=114> and fourth starts with <sprite=115>.	洞察（<sprite=112>）通过卡牌效果与梦生卡获得（见下文）。与大多数资源不同，未花费的洞察在回合结束时不会失去。<br><br>在《创升纪元：救赎》™中，玩家开局拥有的 <sprite=112> 数量不同。先手玩家从 <sprite=123> 开始；第二位从 <sprite=113> 开始，第三位从 <sprite=114> 开始，第四位从 <sprite=115> 开始。
E	Insight (<sprite=112>) is gained through various card effects and Dreamborn cards (see below). Unlike other resources, you do not lose unspent Insight at the end of your turn.\n\nIn <i>Ascension Delirium</i>, players start with different amounts of <sprite=112>. The player who goes first starts with zero <sprite=112>. The player who goes second starts with <sprite=113>, third starts with <sprite=114> and fourth starts with <sprite=115>. \n\n	洞察（<sprite=112>）通过各种卡牌效果和梦生卡获得（见下文）。与其他资源不同，未花费的洞察在回合结束时不会失去。\n\n在<i>创升纪元：谵妄</i>中，玩家开局拥有的<sprite=112>数量不同。先手玩家从0点<sprite=112>开始。第二位玩家从<sprite=113>开始，第三位从<sprite=114>开始，第四位从<sprite=115>开始。
E	Insight (<sprite=112>) is gained through various card effects and Dreamborn cards (see below). Unlike other resources, you do not lose unspent Insight at the end of your turn.\n\nIn <i>Ascension Delirium</i>, players start with different amounts of <sprite=112>. The player who goes first starts with zero <sprite=112>. The player who goes second starts with <sprite=113>, third starts with <sprite=114> and fourth starts with <sprite=115>.	洞察（<sprite=112>）通过各种卡牌效果和梦生卡获得（见下文）。与其他资源不同，未花费的洞察在回合结束时不会失去。\n\n在<i>创升纪元：谵妄</i>中，玩家开局拥有的<sprite=112>数量不同。先手玩家从0点<sprite=112>开始。第二位玩家从<sprite=113>开始，第三位从<sprite=114>开始，第四位从<sprite=115>开始。
E	<margin-right=12em>Some Monsters in Storm of Souls have a new kind of reward called Trophy.  When you defeat a Trophy Monster, you gain the Honor portion of its reward immediately, and then instead of banishing the Monster it is placed into your Construct Tray.  At any time during your turn, you may banish a Trophy you control to gain the indicated effect. You can use a Trophy the turn you get it or save it for a future turn.\n\n	<margin-right=12em>灵魂风暴中的部分怪物有一种新奖励，称为战利品。当你击败战利品怪物时，立即获得其奖励中的荣誉部分，然后该怪物不进入放逐，而是放入你的神器托盘。在你回合中的任何时候，你可以放逐你控制的一份战利品以获得所示效果。你可以在获得战利品的当回合使用，也可以留到之后的回合。
E	<margin-right=12em>Some cards in <i>Ascension: Realms Unraveled™</i> have the Transform ability.  Each card transforms based upon a condition specific to that particular card. When the condition is met, the original card is replaced with the Transformed version. You do not generate any of the effects of the original card, nor is that card considered played.  The card remains in its transformed state until the end of the game.\n\n	<margin-right=12em>《创升纪元：领域解开》™中的部分卡牌具有转化能力。每张牌依据该牌特有的条件转化。条件满足时，原牌被转化为版本替换。你不会产生原牌的任何效果，该牌也不视为已打出。卡牌保持转化状态直至对局结束。
E	<margin-right=12em>Some Monsters in Storm of Souls have a new kind of reward called Trophy.  When you defeat a Trophy Monster, you gain the Honor portion of its reward immediately, and then instead of banishing the Monster it is placed into your Construct Tray.  At any time during your turn, you may banish a Trophy you control to gain the indicated effect. You can use a Trophy the turn you get it or save it for a future turn.	<margin-right=12em>灵魂风暴中的部分怪物有一种新奖励，称为战利品。当你击败战利品怪物时，立即获得其奖励中的荣誉部分，然后该怪物不进入放逐，而是放入你的神器托盘。在你回合中的任何时候，你可以放逐你控制的一份战利品以获得所示效果。你可以在获得战利品的当回合使用，也可以留到之后的回合。
E	<margin-right=12em>Some cards in <i>Ascension: Realms Unraveled™</i> have the Transform ability.  Each card transforms based upon a condition specific to that particular card. When the condition is met, the original card is replaced with the Transformed version. You do not generate any of the effects of the original card, nor is that card considered played.  The card remains in its transformed state until the end of the game.	<margin-right=12em>《创升纪元：领域解开》™中的部分卡牌具有转化能力。每张牌依据该牌特有的条件转化。条件满足时，原牌被转化为版本替换。你不会产生原牌的任何效果，该牌也不视为已打出。卡牌保持转化状态直至对局结束。
E	<margin-right=12em>Some Monsters in Storm of Souls have a new kind of reward called Trophy. When you defeat a Trophy Monster, you gain the Honor portion of its reward immediately, and then instead of banishing the Monster it is placed into your Construct Tray. At any time during your turn, you may banish a Trophy you control to gain the indicated effect. You can use a Trophy the turn you get it or save it for a future turn.	<margin-right=12em>灵魂风暴中的部分怪物有一种新奖励，称为战利品。当你击败战利品怪物时，立即获得其奖励中的荣誉部分，然后该怪物不进入放逐，而是放入你的神器托盘。在你回合中的任何时候，你可以放逐你控制的一份战利品以获得所示效果。你可以在获得战利品的当回合使用，也可以留到之后的回合。
E	<margin-right=12em>Some cards in <i>Ascension: Realms Unraveled™</i> have the Transform ability. Each card transforms based upon a condition specific to that particular card. When the condition is met, the original card is replaced with the Transformed version. You do not generate any of the effects of the original card, nor is that card considered played. The card remains in its transformed state until the end of the game.	<margin-right=12em>《创升纪元：领域解开》™中的部分卡牌具有转化能力。每张牌依据该牌特有的条件转化。条件满足时，原牌被转化为版本替换。你不会产生原牌的任何效果，该牌也不视为已打出。卡牌保持转化状态直至对局结束。
E	<margin-right=12em>A Hero with Phantasm can be played directly from the center row. During your turn, you may pay the cost listed in the Phantasm text. If you do, you play that card right then and there. Gain its effect and then banish it to the Void. Keep in mind, that for effects such as Unite, a card played with Phantasm counts for those bonuses. Cards with Phantasm can also be acquired as normal by paying their cost.	<margin-right=12em>带有幻象的英雄可以直接从中央牌列打出。在你的回合中，你可以支付幻象文字所列的<sprite=112>费用。若如此做，立即打出该牌：获得其效果，然后将其放逐到虚空区。请记住，对于联合等效果，以幻象打出的牌也计入加成。带有幻象的卡牌也可以照常支付<sprite=32>费用获取。
E	<margin-right=12em>Some cards in Ascension: Realms Unraveled™ have the Transform ability. Each card transforms based upon a condition specific to that particular card. When the condition is met, the original card is replaced with the Transformed version. You do not generate any of the effects of the original card, nor is that card considered played. The card remains in its transformed state until the end of the game.	<margin-right=12em>《创升纪元：领域解开》™中的部分卡牌具有转化能力。每张牌依据该牌特有的条件转化。条件满足时，原牌被转化为版本替换。你不会产生原牌的任何效果，该牌也不视为已打出。卡牌保持转化状态直至对局结束。
E	<i>Ascension: Dawn of Champions™</i> introduces a new card type called Champions. These cards allow you to play as powerful leaders from New Vigil.\n\n\r\rEach player begins the game with a randomly selected Champion in front of them. Each Champion has Reputation Powers that determine how a player can gain Reputation, and what rewards they will gain from it.\n<align=center>Reputation Icon:  <size=64><sprite=128></size>\n\n	<i>《创升纪元：冠军黎明》™</i>引入名为冠军的新卡牌类型。这些卡让你扮演新祈夜的强大领袖。\n\n\r\r每位玩家开局面前有一张随机选定的冠军。每位冠军具有名望能力，决定玩家如何获得名望，以及由此获得何种奖励。\n<align=center>名望图标：  <size=64><sprite=128></size>
E	<i>Ascension: Dawn of Champions™</i> introduces a new card type called Champions. These cards allow you to play as powerful leaders from New Vigil.\n\n\r\rEach player begins the game with a randomly selected Champion in front of them. Each Champion has Reputation Powers that determine how a player can gain Reputation, and what rewards they will gain from it.\n<align=center>Reputation Icon:  <size=64><sprite=128></size>	<i>《创升纪元：冠军黎明》™</i>引入名为冠军的新卡牌类型。这些卡让你扮演新祈夜的强大领袖。\n\n\r\r每位玩家开局面前有一张随机选定的冠军。每位冠军具有名望能力，决定玩家如何获得名望，以及由此获得何种奖励。\n<align=center>名望图标：  <size=64><sprite=128></size>
E	<i>Ascension: Dawn of Champions™</i> introduces a new card type called Champions. These cards allow you to play as powerful leaders from New Vigil.\n\nEach player begins the game with a randomly selected Champion in front of them. Each Champion has Reputation Powers that determine how a player can gain Reputation, and what rewards they will gain from it.\n<align=center>Reputation Icon:  <size=64><sprite=128></size>	<i>《创升纪元：冠军黎明》™</i>引入名为冠军的新卡牌类型。这些卡让你扮演新祈夜的强大领袖。\n\n\r\r每位玩家开局面前有一张随机选定的冠军。每位冠军具有名望能力，决定玩家如何获得名望，以及由此获得何种奖励。\n<align=center>名望图标：  <size=64><sprite=128></size>
E	<i>Ascension: Dawn of Champions™</i> introduces a new card type called Champions. These cards allow you to play as powerful leaders from New Vigil.\n\nEach player begins the game with a randomly selected Champion in front of them. Each Champion has Reputation Powers that determine how a player can gain Reputation, and what rewards they will gain from it.\n<align=center>Reputation Icon: <size=64><sprite=128></size>	<i>《创升纪元：冠军黎明》™</i>引入名为冠军的新卡牌类型。这些卡让你扮演新祈夜的强大领袖。\n\n\r\r每位玩家开局面前有一张随机选定的冠军。每位冠军具有名望能力，决定玩家如何获得名望，以及由此获得何种奖励。\n<align=center>名望图标：  <size=64><sprite=128></size>
E	<i>Ascension: Dawn of Champions™</i> introduces a new card type called Champions. These cards allow you to play as powerful leaders from New Vigil.\n\n\r\rEach player begins the game with a randomly selected Champion in front of them. Each Champion has Reputation Powers that determine how a player can gain Reputation, and what rewards they will gain from it.\n<align=center>Reputation Icon:  <sprite=128>\n\n	<i>《创升纪元：冠军黎明》™</i>引入名为冠军的新卡牌类型。这些卡让你扮演新祈夜的强大领袖。\n\n\r\r每位玩家开局面前有一张随机选定的冠军。每位冠军具有名望能力，决定玩家如何获得名望，以及由此获得何种奖励。\n<align=center>名望图标：  <size=64><sprite=128></size>
E	<i>Ascension: Dawn of Champions™</i> introduces a new card type called Champions. These cards allow you to play as powerful leaders from New Vigil.\n\n\r\rEach player begins the game with a randomly selected Champion in front of them. Each Champion has Reputation Powers that determine how a player can gain Reputation, and what rewards they will gain from it.\n<align=center>Reputation Icon:  <sprite=128>	<i>《创升纪元：冠军黎明》™</i>引入名为冠军的新卡牌类型。这些卡让你扮演新祈夜的强大领袖。\n\n\r\r每位玩家开局面前有一张随机选定的冠军。每位冠军具有名望能力，决定玩家如何获得名望，以及由此获得何种奖励。\n<align=center>名望图标：  <size=64><sprite=128></size>
E	<margin-right=12em>When you defeat a Monster with Infest, you may choose a player and put that Monster into their discard pile instead of the void. When a Monster is drawn, it has no effect on its own, so this is a great way to mess up your opponent’s draws. Be careful though, there are a few cards in Ascension: Gift of the Elements™ that allow players to benefit from having Monsters in their deck.	<margin-right=12em>当你击败带有感染的怪物时，你可以选择一名玩家，将该怪物放入其弃牌堆而非虚空区。怪物被抽到时本身没有效果，因此这是破坏对手抽牌的好方法。但请小心：《创升纪元：元素的馈赠》™中有少量卡牌能让玩家从牌库中有怪物中获益。
E	<i>Ascension: Dawn of Champions™</i> introduces a new card type called Champions. These cards allow you to play as powerful leaders from New Vigil.\n\nEach player begins the game with a randomly selected Champion in front of them. Each Champion has Reputation Powers that determine how a player can gain Reputation, and what rewards they will gain from it.\n<align=center>Reputation Icon:  <sprite=128>	<i>《创升纪元：冠军黎明》™</i>引入名为冠军的新卡牌类型。这些卡让你扮演新祈夜的强大领袖。\n\n\r\r每位玩家开局面前有一张随机选定的冠军。每位冠军具有名望能力，决定玩家如何获得名望，以及由此获得何种奖励。\n<align=center>名望图标：  <size=64><sprite=128></size>
E	<i>Ascension: Dawn of Champions™</i> introduces a new card type called Champions. These cards allow you to play as powerful leaders from New Vigil.\n\nEach player begins the game with a randomly selected Champion in front of them. Each Champion has Reputation Powers that determine how a player can gain Reputation, and what rewards they will gain from it.\n<align=center>Reputation Icon: <sprite=128>	<i>《创升纪元：冠军黎明》™</i>引入名为冠军的新卡牌类型。这些卡让你扮演新祈夜的强大领袖。\n\n\r\r每位玩家开局面前有一张随机选定的冠军。每位冠军具有名望能力，决定玩家如何获得名望，以及由此获得何种奖励。\n<align=center>名望图标：  <size=64><sprite=128></size>
E	At the start of the game, each Legendary Character provides a powerful Boon for players who reach specific milestones on the Legendary Track. Milestones are located on the 3rd, 6th, and 9th spaces of each column on the Legendary Track. As you advance, each time one of your Renown Markers reaches a milestone, you immediately trigger the Boon from the Legendary Character tied to that faction.	对局开始时，每位传奇角色都会为在传奇轨道上达到特定里程碑的玩家提供强大恩赐。里程碑位于传奇轨道每列的第3、第6、第9格。随着推进，每当你的声望标记到达一个里程碑，立即触发与该派系绑定的传奇角色恩赐。
E	<margin-right=12em>When you acquire a card with the Empower keyword, you may banish a card you have already played that turn. Cards with Empower allow players to make their deck better by simultaneously acquiring a card in the center row and getting rid of one of their weaker cards. Unlike when you banish a card from hand, you still get all effects from played cards that are banished.	<margin-right=12em>当你获取带有赋力关键字的卡牌时，你可以放逐一张你本回合已经打出的牌。赋力让玩家在获取中央牌列一张牌的同时，从牌库中去掉一张较弱的牌。与从手牌放逐不同，被放逐的已打出牌的效果仍然结算完毕。
E	Each Boon’s effect is written on its Legendary Character card and is unique to that Legend. When you earn a Boon, you may use it at any point during your turn before it ends. This allows you to keep acquiring Heroes and Constructs, advancing on the Legendary Track, or defeating Monsters before activating the Boon for maximum impact. However, unused Boons expire at the end of the turn.	每份恩赐的效果写在其传奇角色卡上，且对该传奇独一无二。当你获得恩赐时，可在本回合结束前的任意时刻使用。这样你可以继续获取英雄与神器、在传奇轨道上推进，或击败怪物，再启动恩赐以发挥最大效果。未使用的恩赐会在回合结束时失效。
E	Ascension: Dawn of Champions™ introduces a new card type called Champions. These cards allow you to play as powerful leaders from New Vigil. Each player begins the game with a randomly selected Champion in front of them. Each Champion has Reputation Powers that determine how a player can gain Reputation, and what rewards they will gain from it. <align=center>Reputation Icon:	<i>《创升纪元：冠军黎明》™</i>引入名为冠军的新卡牌类型。这些卡让你扮演新祈夜的强大领袖。\n\n\r\r每位玩家开局面前有一张随机选定的冠军。每位冠军具有名望能力，决定玩家如何获得名望，以及由此获得何种奖励。\n<align=center>名望图标：  <size=64><sprite=128></size>
E	The threat posed by the Muses of Malevolence is one of the greatest Vigil has ever faced, but in its time of need, the champions of Vigil’s past have answered the call to battle. Former Heroes turned Legends, the Legendary Characters selected at the start of each game wait only for a worthy Hero to appear before lending their power to the struggle against the Red Sisters.	恶意缪斯带来的威胁，是祈夜有史以来最严峻的之一；但在危难之时，往昔的勇士已应召参战。昔日英雄化作传奇——每局开始时选定的传奇角色，只待一位配得上的英雄出现，便会把力量借予对抗红姐妹的斗争。
E	Life Keystone (): When you gain a , you may spend it to take one of the following actions: •Gain control of the Temple of Life. If another player already controls it, you may take it from them. •If you already control the Temple of Life, gain control of the Temple of Immortality and gain . •If you already control the Temple of Death and the Temple of Immortality, gain .	生命钥石（<sprite=161>）：当你获得 <sprite=161> 时，可以花费它执行下列行动之一：\n•<indent=1em>夺取生命神殿的控制。若另一名玩家已控制它，你可以从其手中夺走。</indent>\n•<indent=1em>若你已控制生命神殿，夺取不朽神殿的控制并获得 <sprite=34>。</indent>\n•<indent=1em>若你已控制死亡神殿与不朽神殿，获得 <sprite=34>。</indent>
E	Delirium brings players back into the Dreamscape, facing a twisted new reality.<br><br>Insight and Dreamborn cards are back, but with new powers to unlock with them.<br><br>Win Fate Auctions, Recur hero effects, and roll the amazing Delirium Die with your Insight to gain an edge against the other players!<br><br><b><align=center>Includes 49 unique new cards.	「谵妄」将玩家带回梦境，面对扭曲的新现实。<br><br>洞察与梦生卡回归，并带来全新可解锁的力量。<br><br>赢得天命拍卖、复发英雄效果，再用洞察掷出谵妄骰，抢占对其他玩家的优势！<br><br><b><align=center>包含 49 张独特新卡。
E	Insight () is gained through various card effects and Dreamborn cards (see below). Unlike other resources, you do not lose unspent Insight at the end of your turn. In Ascension Delirium, players start with different amounts of . The player who goes first starts with zero . The player who goes second starts with , third starts with and fourth starts with .	洞察（<sprite=112>）通过各种卡牌效果和梦生卡获得（见下文）。与其他资源不同，未花费的洞察在回合结束时不会失去。\n\n在<i>创升纪元：谵妄</i>中，玩家开局拥有的<sprite=112>数量不同。先手玩家从0点<sprite=112>开始。第二位玩家从<sprite=113>开始，第三位从<sprite=114>开始，第四位从<sprite=115>开始。
E	Insight () is gained through card effects and Dreamborn cards (see below). Unlike most other resources, you do not lose unspent Insight at the end of your turn.In Ascension: Deliverance™, players start with different amounts of . The player who goes first starts with . The player who goes second starts with , third starts with and fourth starts with .	洞察（<sprite=112>）通过卡牌效果与梦生卡获得（见下文）。与大多数资源不同，未花费的洞察在回合结束时不会失去。<br><br>在《创升纪元：救赎》™中，玩家开局拥有的 <sprite=112> 数量不同。先手玩家从 <sprite=123> 开始；第二位从 <sprite=113> 开始，第三位从 <sprite=114> 开始，第四位从 <sprite=115> 开始。
E	Each Legendary Character comes from one of the four factions in Ascension™ and is loyal to that faction. To win their favor, you’ll need to show your allegiance by acquiring or defeating cards from their faction to earn Renown (<sprite=172>). Earn enough Renown with a faction, and you’ll unlock the Boon granted by that faction’s Legendary Character.	每位传奇角色来自创升纪元四派系之一，并忠于该派系。要赢得其青睐，你需通过获取或击败其派系卡牌来展示效忠，从而获得声望（<sprite=172>）。在某一派系累积足够声望后，你将解锁该派系传奇角色授予的恩赐。
E	Each Legendary Character comes from one of the four factions in Ascension™ and is loyal to that faction. To win their favor, you’ll need to show your allegiance by acquiring or defeating cards from their faction to earn Renown (). Earn enough Renown with a faction, and you’ll unlock the Boon granted by that faction’s Legendary Character.	每位传奇角色来自创升纪元四派系之一，并忠于该派系。要赢得其青睐，你需通过获取或击败其派系卡牌来展示效忠，从而获得声望（<sprite=172>）。在某一派系累积足够声望后，你将解锁该派系传奇角色授予的恩赐。
E	<margin-right=12em>Dreamborn cards are new types of Heroes and Constructs that have an effect when they enter the center row and when they are acquired. \n\nWhenever a Dreamborn card enters the center row, EACH player gains <sprite=113>. Also, whenever a Dreamborn card is acquired, the player that acquired that card gains <sprite=113>.\n	<margin-right=12em>梦生卡是新型英雄与神器：它们在进入中央牌列时以及被获取时都会产生效果。\n\n每当梦生卡进入中央牌列，每位玩家获得<sprite=113>。每当梦生卡被获取，获取该牌的玩家获得<sprite=113>。
E	<margin-right=12em>Dreamborn cards are new types of Heroes and Constructs that have an effect when they enter the center row and when they are acquired. \n\nWhenever a Dreamborn card enters the center row, EACH player gains <sprite=113>. Also, whenever a Dreamborn card is acquired, the player that acquired that card gains <sprite=113>.	<margin-right=12em>梦生卡是新型英雄与神器：它们在进入中央牌列时以及被获取时都会产生效果。\n\n每当梦生卡进入中央牌列，每位玩家获得<sprite=113>。每当梦生卡被获取，获取该牌的玩家获得<sprite=113>。
E	<margin-right=12em>Dreamborn cards are new types of Heroes and Constructs that have an effect when they enter the center row and when they are acquired.\n\nWhenever a Dreamborn card enters the center row, EACH player gains <sprite=113>. Also, whenever a Dreamborn card is acquired, the player that acquired that card gains <sprite=113>.	<margin-right=12em>梦生卡是新型英雄与神器：它们在进入中央牌列时以及被获取时都会产生效果。\n\n每当梦生卡进入中央牌列，每位玩家获得<sprite=113>。每当梦生卡被获取，获取该牌的玩家获得<sprite=113>。
E	Delirium brings players back into the Dreamscape, facing a twisted new reality.Insight and Dreamborn cards are back, but with new powers to unlock with them.Win Fate Auctions, Recur hero effects, and roll the amazing Delirium Die with your Insight to gain an edge against the other players!<align=center>Includes 49 unique new cards.	「谵妄」将玩家带回梦境，面对扭曲的新现实。<br><br>洞察与梦生卡回归，并带来全新可解锁的力量。<br><br>赢得天命拍卖、复发英雄效果，再用洞察掷出谵妄骰，抢占对其他玩家的优势！<br><br><b><align=center>包含 49 张独特新卡。
E	<margin-right=12em>Continuing the popular multifaction mechanic from <i>Ascension: Realms Unraveled™</i>, multifaction Heroes make a reappearance in this set, along with the new multifaction Constructs.\n\nMultifaction cards function exactly the same as their normal counterparts, but count as every faction listed on their card.\n	<margin-right=12em>延续《创升纪元：领域解开》™广受欢迎的多派系机制，多派系英雄在本系列回归，并新增多派系神器。\n\n多派系卡与普通对应卡运作完全相同，但视为其卡面上列出的每一个派系。
E	<margin-right=12em>Continuing the popular multifaction mechanic from <i>Ascension: Realms Unraveled™</i>, multifaction Heroes make a reappearance in this set, along with the new multifaction Constructs.\n\nMultifaction cards function exactly the same as their normal counterparts, but count as every faction listed on their card.	<margin-right=12em>延续《创升纪元：领域解开》™广受欢迎的多派系机制，多派系英雄在本系列回归，并新增多派系神器。\n\n多派系卡与普通对应卡运作完全相同，但视为其卡面上列出的每一个派系。
E	<margin-right=12em>Some cards in the center deck feature a new black border with yellow lightning. Cards with this border have effects that are active while they are in the center row. The effects usually relate to a change in how a card is acquired, so make sure to read the card carefully when you see one in the center row.\n	<margin-right=12em>中央牌库中的部分卡牌有新的黑边与黄色闪电。带此边框的卡牌在中央牌列时效果生效。效果通常与获取方式的改变有关，因此在中央牌列看到它们时请仔细阅读。
E	<margin-right=12em>Some cards in the center deck feature a new black border with yellow lightning. Cards with this border have effects that are active while they are in the center row. The effects usually relate to a change in how a card is acquired, so make sure to read the card carefully when you see one in the center row.	<margin-right=12em>中央牌库中的部分卡牌有新的黑边与黄色闪电。带此边框的卡牌在中央牌列时效果生效。效果通常与获取方式的改变有关，因此在中央牌列看到它们时请仔细阅读。
E	<margin-right=12em>Some cards have effects when they enter the Center Row.  The effects of these cards occur immediately, including at the start of the game when the Center Row is first dealt.  These are called Fate Cards, and their effects are written in white text within a black textbox, labeled with the Fate keyword.\n\n	<margin-right=12em>有些卡牌在进入中央牌列时会产生效果。这些效果立即发生，包括对局开始首次发出中央牌列时。它们称为天命卡，效果写在黑底白字的文本框中，标有天命关键字。
E	<margin-right=12em>Some cards have effects when they enter the Center Row.  The effects of these cards occur immediately, including at the start of the game when the Center Row is first dealt.  These are called Fate Cards, and their effects are written in white text within a black textbox, labeled with the Fate keyword.	<margin-right=12em>有些卡牌在进入中央牌列时会产生效果。这些效果立即发生，包括对局开始首次发出中央牌列时。它们称为天命卡，效果写在黑底白字的文本框中，标有天命关键字。
E	<margin-right=12em>Continuing the popular multifaction mechanic from Ascension: Realms Unraveled™, multifaction Heroes make a reappearance in this set, along with the new multifaction Constructs. Multifaction cards function exactly the same as their normal counterparts, but count as every faction listed on their card.	<margin-right=12em>延续《创升纪元：领域解开》™广受欢迎的多派系机制，多派系英雄在本系列回归，并新增多派系神器。\n\n多派系卡与普通对应卡运作完全相同，但视为其卡面上列出的每一个派系。
E	<margin-right=12em>Some cards have effects when they enter the Center Row. The effects of these cards occur immediately, including at the start of the game when the Center Row is first dealt. These are called Fate Cards, and their effects are written in white text within a black textbox, labeled with the Fate keyword.	<margin-right=12em>有些卡牌在进入中央牌列时会产生效果。这些效果立即发生，包括对局开始首次发出中央牌列时。它们称为天命卡，效果写在黑底白字的文本框中，标有天命关键字。
E	When you reach the 12th space on any faction’s path of the Legendary Track, you become a legend within that faction. From that turn onward, you may acquire or defeat 1 card from the Center Row belonging to that faction for free each turn. As with Boons, you can activate this ability at any time during your turn.	当你在传奇轨道任一派系路径上到达第12格时，你成为该派系中的传奇。从该回合起，每回合你可以免费从中央牌列获取或击败1张属于该派系的卡牌。与恩赐一样，你可以在自己回合中的任何时候启动此能力。
E	<margin-right=12em>Dreamborn cards are new types of Heroes and Constructs that have an effect when they enter the center row and when they are acquired. Whenever a Dreamborn card enters the center row, EACH player gains . Also, whenever a Dreamborn card is acquired, the player that acquired that card gains .	<margin-right=12em>梦生卡是新型英雄与神器：它们在进入中央牌列时以及被获取时都会产生效果。\n\n每当梦生卡进入中央牌列，每位玩家获得<sprite=113>。每当梦生卡被获取，获取该牌的玩家获得<sprite=113>。
E	<margin-right=12em>In Ascension: Legends™, acquiring or defeating cards in the Center Row earns you Renown (<sprite=172>) with each faction shown on that card. Renown represents your rising status as a legend. Each point you gain moves you one space up the Legendary Track for the corresponding faction(s).	<margin-right=12em>在《创升纪元：史诗传奇》中，获取或击败中央牌列的卡牌会为该牌所示的每个派系赢得声望（<sprite=172>）。声望代表你作为传奇的地位上升。你获得的每一点声望，会使你在对应派系的传奇轨道上前进一格。
E	<margin-right=12em>In Ascension: Legends™, acquiring or defeating cards in the Center Row earns you Renown () with each faction shown on that card. Renown represents your rising status as a legend. Each point you gain moves you one space up the Legendary Track for the corresponding faction(s).	<margin-right=12em>在《创升纪元：史诗传奇》中，获取或击败中央牌列的卡牌会为该牌所示的每个派系赢得声望（<sprite=172>）。声望代表你作为传奇的地位上升。你获得的每一点声望，会使你在对应派系的传奇轨道上前进一格。
E	<margin-right=12em>Many of the Monsters included in <i>Ascension: Dawn of Champions™</i>  have a faction. These Monsters represent corrupted denizens of New Vigil.\n\nThey work exactly like standard Monsters, but are affected by Rally effects, Reputation Powers, and other specific card effects.	<margin-right=12em>《创升纪元：冠军黎明》™中的许多怪物具有派系。这些怪物代表新祈夜被腐化的住民。\n\n它们与普通怪物完全相同，但会受到集结效果、名望能力及其他特定卡牌效果影响。
E	<margin-right=12em>Many of the Monsters included in <i>Ascension: Dawn of Champions™</i> have a faction. These Monsters represent corrupted denizens of New Vigil.\n\nThey work exactly like standard Monsters, but are affected by Rally effects, Reputation Powers, and other specific card effects.	<margin-right=12em>《创升纪元：冠军黎明》™中的许多怪物具有派系。这些怪物代表新祈夜被腐化的住民。\n\n它们与普通怪物完全相同，但会受到集结效果、名望能力及其他特定卡牌效果影响。
E	Destroy is a new game term introduced in Storm of Souls. Destroy means to put into your discard pile from play and generally refers to Constructs.  Any effect from a previous Ascension set which put a Construct into the discard pile from play is  now considered to destroy that Construct. \r\n\n	摧毁是灵魂风暴引入的新术语。摧毁指从战场置入你的弃牌堆，通常针对神器。此前系列中任何将神器从战场置入弃牌堆的效果，现在都视为摧毁该神器。
E	Destroy is a new game term introduced in Storm of Souls. Destroy means to put into your discard pile from play and generally refers to Constructs.  Any effect from a previous Ascension set which put a Construct into the discard pile from play is  now considered to destroy that Construct.	摧毁是灵魂风暴引入的新术语。摧毁指从战场置入你的弃牌堆，通常针对神器。此前系列中任何将神器从战场置入弃牌堆的效果，现在都视为摧毁该神器。
E	Destroy is a new game term introduced in Storm of Souls. Destroy means to put into your discard pile from play and generally refers to Constructs. Any effect from a previous Ascension set which put a Construct into the discard pile from play is now considered to destroy that Construct.	摧毁是灵魂风暴引入的新术语。摧毁指从战场置入你的弃牌堆，通常针对神器。此前系列中任何将神器从战场置入弃牌堆的效果，现在都视为摧毁该神器。
E	<margin-right=12em>Many of the Monsters included in Ascension: Dawn of Champions™ have a faction. These Monsters represent corrupted denizens of New Vigil. They work exactly like standard Monsters, but are affected by Rally effects, Reputation Powers, and other specific card effects.	<margin-right=12em>《创升纪元：冠军黎明》™中的许多怪物具有派系。这些怪物代表新祈夜被腐化的住民。\n\n它们与普通怪物完全相同，但会受到集结效果、名望能力及其他特定卡牌效果影响。
E	<margin-right=8em>\rYou need Runes to acquire Heroes and Constructs.  Runes come from Heroes played from your hand or from Constructs you have in play.  You may acquire any number of cards as long as you have enough Runes.  Cards that are eligible to be acquired will glow green.\n\n	<margin-right=8em>\n你需要符文来获取英雄和神器。符文来自打出的手牌英雄，或你战场上的神器。只要符文足够，你可以获取任意数量的卡牌。可以获取的卡牌会发出绿光。
E	<margin-right=8em>\nYou need Runes to acquire Heroes and Constructs.  Runes come from Heroes played from your hand or from Constructs you have in play.  You may acquire any number of cards as long as you have enough Runes.  Cards that are eligible to be acquired will glow green.	<margin-right=8em>\n你需要符文来获取英雄和神器。符文来自打出的手牌英雄，或你战场上的神器。只要符文足够，你可以获取任意数量的卡牌。可以获取的卡牌会发出绿光。
E	<margin-right=8em>\rYou need Runes to acquire Heroes and Constructs.  Runes come from Heroes played from your hand or from Constructs you have in play.  You may acquire any number of cards as long as you have enough Runes.  Cards that are eligible to be acquired will glow green.	<margin-right=8em>\n你需要符文来获取英雄和神器。符文来自打出的手牌英雄，或你战场上的神器。只要符文足够，你可以获取任意数量的卡牌。可以获取的卡牌会发出绿光。
E	<margin-right=8em>\nYou need Runes to acquire Heroes and Constructs. Runes come from Heroes played from your hand or from Constructs you have in play. You may acquire any number of cards as long as you have enough Runes. Cards that are eligible to be acquired will glow green.	<margin-right=8em>\n你需要符文来获取英雄和神器。符文来自打出的手牌英雄，或你战场上的神器。只要符文足够，你可以获取任意数量的卡牌。可以获取的卡牌会发出绿光。
E	<margin-right=8em> You need Runes to acquire Heroes and Constructs. Runes come from Heroes played from your hand or from Constructs you have in play. You may acquire any number of cards as long as you have enough Runes. Cards that are eligible to be acquired will glow green.	<margin-right=8em>\n你需要符文来获取英雄和神器。符文来自打出的手牌英雄，或你战场上的神器。只要符文足够，你可以获取任意数量的卡牌。可以获取的卡牌会发出绿光。
E	The Delirium Die is a special Ascension 6-sided die that can be rolled to gain different effects. During a player’s turn, that player may spend <sprite=117> to roll the Delirium Die. When the die is rolled, the player gains whatever effect is listed on the side facing up.\r	谵妄骰是一枚特殊的创升纪元六面骰，掷出可获得不同效果。在玩家回合中，该玩家可花费 <sprite=117> 掷谵妄骰。骰子停下后，玩家获得朝上那一面所列的效果。
E	The Delirium Die is a special Ascension 6-sided die that can be rolled to gain different effects. During a player’s turn, that player may spend <sprite=117> to roll the Delirium Die. When the die is rolled, the player gains whatever effect is listed on the side facing up.	谵妄骰是一枚特殊的创升纪元六面骰，掷出可获得不同效果。在玩家回合中，该玩家可花费 <sprite=117> 掷谵妄骰。骰子停下后，玩家获得朝上那一面所列的效果。
E	<margin-right=12em>Dual Cost cards are a new type of card in Ascension X: War of Shadows™. Dual Cost cards require players to spend both Runes and Power to acquire them. Both the Rune and Power costs  listed on Dual Cost cards need to be paid in order to acquire them.\n\n	<margin-right=12em>双费卡是《创升纪元 X：暗影之战》™的新卡牌类型。双费卡要求玩家同时花费符文与战力才能获取。符文与战力两种费用都会印在卡面上。
E	<margin-right=12em>Dual Cost cards are a new type of card in Ascension X: War of Shadows™. Dual Cost cards require players to spend both Runes and Power to acquire them. Both the Rune and Power costs  listed on Dual Cost cards need to be paid in order to acquire them.	<margin-right=12em>双费卡是《创升纪元 X：暗影之战》™的新卡牌类型。双费卡要求玩家同时花费符文与战力才能获取。符文与战力两种费用都会印在卡面上。
E	In <i>Ascension: Valley of the Ancients™,</i> players compete with one another to maintain control over powerful Temple cards. There are three different Temples that players can control— the Temple of Life, the Temple of Death and the ultimate Temple of Immortality.\n\n	在《创升纪元：上古山谷》™中，玩家彼此竞争以维持对强大神殿卡的控制。玩家可控制三座不同神殿——生命神殿、死亡神殿，以及终极的不朽神殿。
E	<margin-right=12em>At the start of the game, place Pasythea on the board, at the top slot designated for her. Any player may pay her <sprite=112> cost during their turn to acquire her straight to their hand.<br><br>Pasythea does not count as a card in the center row.	<margin-right=12em>对局开始时，将帕西提亚放在为其预留的顶部栏位。任何玩家可在其回合支付她的<sprite=112>费用，将她直接获取到手牌。<br><br>帕西提亚不计入中央牌列的卡牌。
E	<margin-right=12em>Dual Cost cards are a new type of card in Ascension X: War of Shadows™. Dual Cost cards require players to spend both Runes and Power to acquire them. Both the Rune and Power costs listed on Dual Cost cards need to be paid in order to acquire them.	<margin-right=12em>双费卡是《创升纪元 X：暗影之战》™的新卡牌类型。双费卡要求玩家同时花费符文与战力才能获取。符文与战力两种费用都会印在卡面上。
E	In <i>Ascension: Valley of the Ancients™,</i> players compete with one another to maintain control over powerful Temple cards. There are three different Temples that players can control— the Temple of Life, the Temple of Death and the ultimate Temple of Immortality.	在《创升纪元：上古山谷》™中，玩家彼此竞争以维持对强大神殿卡的控制。玩家可控制三座不同神殿——生命神殿、死亡神殿，以及终极的不朽神殿。
E	<margin-right=12em>Dreamborn cards can be identified by their gold Dreamborn card frame.\n\nWhen a Dreamborn card enters the center row, EACH player gains <sprite=113>. Additionally, when a player acquires a Dreamborn card, ONLY THAT player gains <sprite=113>.\n	<margin-right=12em>梦生卡可通过金色的梦生卡框辨认。\n\n当梦生卡进入中央牌列时，每位玩家获得<sprite=113>。此外，当一名玩家获取梦生卡时，仅该玩家获得<sprite=113>。
E	In Ascension: Valley of the Ancients™, players compete with one another to maintain control over powerful Temple cards. There are three different Temples that players can control— the Temple of Life, the Temple of Death and the ultimate Temple of Immortality.	在《创升纪元：上古山谷》™中，玩家彼此竞争以维持对强大神殿卡的控制。玩家可控制三座不同神殿——生命神殿、死亡神殿，以及终极的不朽神殿。
E	The Delirium Die is a special Ascension 6-sided die that can be rolled to gain different effects. During a player’s turn, that player may spend to roll the Delirium Die. When the die is rolled, the player gains whatever effect is listed on the side facing up.	谵妄骰是一枚特殊的创升纪元六面骰，掷出可获得不同效果。在玩家回合中，该玩家可花费 <sprite=117> 掷谵妄骰。骰子停下后，玩家获得朝上那一面所列的效果。
E	<margin-right=12em>Dreamborn cards can be identified by their gold Dreamborn card frame.\n\nWhen a Dreamborn card enters the center row, EACH player gains <sprite=113>. Additionally, when a player acquires a Dreamborn card, ONLY THAT player gains <sprite=113>.	<margin-right=12em>梦生卡可通过金色的梦生卡框辨认。\n\n当梦生卡进入中央牌列时，每位玩家获得<sprite=113>。此外，当一名玩家获取梦生卡时，仅该玩家获得<sprite=113>。
E	<margin-right=12em>At the start of the game, place Pasythea on the board, at the top slot designated for her. Any player may pay her cost during their turn to acquire her straight to their hand.Pasythea does not count as a card in the center row.	<margin-right=12em>对局开始时，将帕西提亚放在为其预留的顶部栏位。任何玩家可在其回合支付她的<sprite=112>费用，将她直接获取到手牌。<br><br>帕西提亚不计入中央牌列的卡牌。
E	Chosen long ago by Logos to wield the Arhan god’s sight and wisdom, Dhartha has used it to aid the realms for generations. Small in stature, he proves that real power doesn’t come from standing over others, but by others kneeling before you.	很久以前被逻各斯选中，执掌亚哈神的目光与智慧，达尔塔世代以来以此助益诸界。他身材矮小，却证明真正的力量不来自凌驾他人，而来自他人跪拜于你。
E	* New dual-cost Heroes and Constructs require players to use both resources to acquire them, but have incredible power!\n*As the balance between Light and Dark shifts, cards gain additional powers depending on whether it is Night or Day.	* 新的双费英雄与神器需要同时花费两种资源才能获取，但拥有惊人力量！\n* 随着光暗平衡推移，卡牌会依当前为夜或昼获得额外能力。
E	* New dual-cost Heroes and Constructs require players to use both resources to acquire them, but have incredible power! *As the balance between Light and Dark shifts, cards gain additional powers depending on whether it is Night or Day.	* 新的双费英雄与神器需要同时花费两种资源才能获取，但拥有惊人力量！\n* 随着光暗平衡推移，卡牌会依当前为夜或昼获得额外能力。
E	<margin-right=12em>Dreamborn cards can be identified by their gold Dreamborn card frame. When a Dreamborn card enters the center row, EACH player gains . Additionally, when a player acquires a Dreamborn card, ONLY THAT player gains .	<margin-right=12em>梦生卡可通过金色的梦生卡框辨认。\n\n当梦生卡进入中央牌列时，每位玩家获得<sprite=113>。此外，当一名玩家获取梦生卡时，仅该玩家获得<sprite=113>。
E	<margin-right=12em>Many cards in <i>Ascension: Legends™</i> have a Renown Threshold Effect—an extra ability that activates when you play the card, provided you’ve reached the required space on the Legendary Track for that faction.	<margin-right=12em>《创升纪元：史诗传奇》中许多卡牌具有声望阈值效果——额外异能：当你打出该牌时，若你在该派系的传奇轨道上已到达所需格位，则触发该效果。
E	<margin-right=12em>Many cards in Ascension: Legends™ have a Renown Threshold Effect—an extra ability that activates when you play the card, provided you’ve reached the required space on the Legendary Track for that faction.	<margin-right=12em>《创升纪元：史诗传奇》中许多卡牌具有声望阈值效果——额外异能：当你打出该牌时，若你在该派系的传奇轨道上已到达所需格位，则触发该效果。
E	The game ends when a certain amount of Honor has been earned, depending on the number of players.\r\t\r\r\n<align=center>\n2 Players = <sprite=77> Honor     3 Players = <sprite=78> Honor     4 Players = <sprite=79> Honor\n\n	游戏在获得一定数量的荣誉后结束，所需数量取决于玩家人数。\n\n<align=center>\n2人 = <sprite=77> 荣誉     3人 = <sprite=78> 荣誉     4人 = <sprite=79> 荣誉
E	The game ends when a certain amount of Honor has been earned, depending on the number of players.\r\t\r\r\n<align=center>\n2 Players = <sprite=77> Honor     3 Players = <sprite=78> Honor     4 Players = <sprite=79> Honor	游戏在获得一定数量的荣誉后结束，所需数量取决于玩家人数。\n\n<align=center>\n2人 = <sprite=77> 荣誉     3人 = <sprite=78> 荣誉     4人 = <sprite=79> 荣誉
E	The game ends when a certain amount of Honor has been earned, depending on the number of players.\n\n<align=center>\n2 Players = <sprite=77> Honor     3 Players = <sprite=78> Honor     4 Players = <sprite=79> Honor	游戏在获得一定数量的荣誉后结束，所需数量取决于玩家人数。\n\n<align=center>\n2人 = <sprite=77> 荣誉     3人 = <sprite=78> 荣誉     4人 = <sprite=79> 荣誉
E	The game ends when a certain amount of Honor has been earned, depending on the number of players.\n\n<align=center>\n2 Players = <sprite=77> Honor 3 Players = <sprite=78> Honor 4 Players = <sprite=79> Honor	游戏在获得一定数量的荣誉后结束，所需数量取决于玩家人数。\n\n<align=center>\n2人 = <sprite=77> 荣誉     3人 = <sprite=78> 荣誉     4人 = <sprite=79> 荣誉
E	<margin-right=8em>To defeat a Monster, you must have enough Power.  You may defeat any number of Monsters as long as you have enough Power.  Cards that are eligible to be defeated will glow red. \n\n\n\n	<margin-right=8em>要击败怪物，你必须有足够的战力。只要战力足够，你可以击败任意数量的怪物。可以击败的卡牌会发出红光。
E	<margin-right=8em>To defeat a Monster, you must have enough Power.  You may defeat any number of Monsters as long as you have enough Power.  Cards that are eligible to be defeated will glow red.	<margin-right=8em>要击败怪物，你必须有足够的战力。只要战力足够，你可以击败任意数量的怪物。可以击败的卡牌会发出红光。
E	<margin-right=8em>To defeat a Monster, you must have enough Power. You may defeat any number of Monsters as long as you have enough Power. Cards that are eligible to be defeated will glow red.	<margin-right=8em>要击败怪物，你必须有足够的战力。只要战力足够，你可以击败任意数量的怪物。可以击败的卡牌会发出红光。
E	Gain <sprite=1>. You may banish a card in your hand or discard pile.<br>You may pay <sprite=114> to Recur. <i>(Gain the effect listed above an additional time.  You may only Recur ONCE.)	获得<sprite=1>. 你可以从手牌或弃牌堆放逐一张卡牌.<br>你可以支付 <sprite=114> 以复发. <i>(再额外获得一次上方列出的效果. 每回合只能复发一次.)</i>
E	Gain <sprite=1>. You may banish a card in your hand or discard pile.<br>You may pay <sprite=114> to Recur. <i>(Gain the effect listed above an additional time. You may only Recur ONCE.)	获得<sprite=1>. 你可以从手牌或弃牌堆放逐一张卡牌.<br>你可以支付 <sprite=114> 以复发. <i>(再额外获得一次上方列出的效果. 每回合只能复发一次.)</i>
E	<margin-right=12em>When you play a card with a Renown Threshold Effect, you gain its bonus as long as your position on the Legendary Track meets or exceeds the space shown on the card.	<margin-right=12em>当你打出带有声望阈值效果的卡牌时，只要你在传奇轨道上的位置达到或超过该牌所示格位，便获得其加成。
E	Once per turn, when a player defeats a Monster in the center row, that player gains <sprite=65>.\n\n<color=#d8a6ffff>Event Trophy:</color> Banish a card in your hand or discard pile.	每回合一次，当玩家击败怪物在中央牌列, 该玩家获得 <sprite=65>.\n\n<color=#d8a6ffff>事件战利品：</color> 从你的手牌或弃牌堆放逐一张卡牌。
E	Insight (<sprite=112>) is gained through various card effects and Dreamborn cards (see below). Unlike other resources, you do not lose unspent Insight at the end of your turn.\n\n	洞察（<sprite=112>）通过各种卡牌效果和梦生卡获得（见下文）。与其他资源不同，未花费的洞察在回合结束时不会失去。
E	You already own one or more items contained in this bundle.\nIndividual items can be purchased from the "Purchase Separately" menu.\nAre you sure you wish to purchase the bundle?	此组合包 中你已拥有一件或多件内容。\n可从「分开购买」菜单单独购买。\n确定要购买此组合包 吗？
E	You already own one or more items contained in this bundle. Individual items can be purchased from the "Purchase Separately" menu. Are you sure you wish to purchase the bundle?	此组合包 中你已拥有一件或多件内容。\n可从「分开购买」菜单单独购买。\n确定要购买此组合包 吗？
E	Insight (<sprite=112>) is gained through various card effects and Dreamborn cards (see below). Unlike other resources, you do not lose unspent Insight at the end of your turn.	洞察（<sprite=112>）通过各种卡牌效果和梦生卡获得（见下文）。与其他资源不同，未花费的洞察在回合结束时不会失去。
E	\n<size=64><align=center>Reward: <sprite=65></align></size>\n\n(The Cultist does not go to the void when defeated. You can defeat the Cultist any number of times each turn.)\n\n	\n<size=64><align=center>奖励： <sprite=65></align></size>\n\n（邪教徒被击败时不会进入虚空区。你每回合可以任意次数击败邪教徒。）\n\n
E	<margin-right=12em>Some Boons and card effects also grant Renown. When an effect says to gain Renown, you gain 1 Renown (<sprite=173>) with a single faction of your choice.	<margin-right=12em>部分恩赐和卡牌效果也会给予声望。当效果写明获得声望时，你获得1点声望（<sprite=173>），派系由你选择。
E	Once per turn, choose a faction. When you acquire a card of that faction, if the next card to enter the center row is also that faction, acquire it without paying its cost.	每回合一次，选择派系. 当你获取卡牌的 该派系, 若下一卡牌以 进入中央牌列为 也该 派系, 获取它 无需支付费用。
E	<size=64><align=center>Reward: <sprite=65></align></size>\n\n(The Cultist does not go to the void when defeated. You can defeat the Cultist any number of times each turn.)	\n<size=64><align=center>奖励： <sprite=65></align></size>\n\n（邪教徒被击败时不会进入虚空区。你每回合可以任意次数击败邪教徒。）\n\n
E	The game ends when a certain amount of Honor has been earned, depending on the number of players. <align=center> 2 Players = Honor 3 Players = Honor 4 Players = Honor	游戏在获得一定数量的荣誉后结束，所需数量取决于玩家人数。\n\n<align=center>\n2人 = <sprite=77> 荣誉     3人 = <sprite=78> 荣誉     4人 = <sprite=79> 荣誉
E	<indent=4em><b>RUNES:</b> Runes are one of the two main resources in Ascension.  Runes are used to acquire Heroes and Constructs so you can add them to your deck.\n\n	<indent=4em><b>符文：</b>符文是创升纪元两种主要资源之一。符文用于获取英雄和神器，将它们加入你的牌库。
E	Constructs in the center row cost <sprite=33> less to acquire\n(to a minimum of <sprite=33>).\nPay <sprite=40>: Transform this into Forgemother Reysa and acquire it.	中央牌列神器的获取费用降低 <sprite=33>（最低 <sprite=33>）。\n支付 <sprite=40>：将此牌转化为锻母雷萨并获取它。
E	Insight () is gained through various card effects and Dreamborn cards (see below). Unlike other resources, you do not lose unspent Insight at the end of your turn.	洞察（<sprite=112>）通过各种卡牌效果和梦生卡获得（见下文）。与其他资源不同，未花费的洞察在回合结束时不会失去。
E	<align=center>Reward: <sprite=65></align></size>\n\n(The Cultist does not go to the void when defeated. You can defeat the Cultist any number of times each turn.)\n\n	<align=center>奖励： <sprite=65></align></size>\n\n（邪教徒被击败时不会进入虚空区。你每回合可以任意次数击败邪教徒。）\n\n
E	<indent=4em><b>RUNES:</b> Runes are one of the two main resources in Ascension.  Runes are used to acquire Heroes and Constructs so you can add them to your deck.	<indent=4em><b>符文：</b>符文是创升纪元两种主要资源之一。符文用于获取英雄和神器，将它们加入你的牌库。
E	<indent=4em><b>RUNES:</b> Runes are one of the two main resources in Ascension. Runes are used to acquire Heroes and Constructs so you can add them to your deck.	<indent=4em><b>符文：</b>符文是创升纪元两种主要资源之一。符文用于获取英雄和神器，将它们加入你的牌库。
E	<align=center>Reward: <sprite=65></align></size>\n\n(The Cultist does not go to the void when defeated. You can defeat the Cultist any number of times each turn.)	<align=center>奖励： <sprite=65></align></size>\n\n（邪教徒被击败时不会进入虚空区。你每回合可以任意次数击败邪教徒。）\n\n
E	<margin-right=12em>Some Boons and card effects also grant Renown. When an effect says to gain Renown, you gain 1 Renown () with a single faction of your choice.	<margin-right=12em>部分恩赐和卡牌效果也会给予声望。当效果写明获得声望时，你获得1点声望（<sprite=173>），派系由你选择。
E	<indent=4em><b>HONOR:</b> Honor is the key to victory in Ascension.  Whoever earns the most Honor throughout the game wins and earns the title of Godslayer! \n\n	<indent=4em><b>荣誉：</b>荣誉是创升纪元取胜的关键。整局获得最多荣誉的玩家获胜，并赢得弑神者称号！
E	If all cards in the center row are <sprite=143> cards, you may acquire this without paying it's cost.\nAcquire a card in the center row without paying its cost.	若所有卡牌在中央牌列为 <sprite=143> 卡牌, 你可以获取此 无需支付它是费用.\n获取一个卡牌在中央牌列无需支付费用。
E	\n<align=center>Reward: <sprite=65></align>\n\n(The Cultist does not go to the void when defeated. You can defeat the Cultist any number of times each turn.)\n\n	\n<size=64><align=center>奖励： <sprite=65></align></size>\n\n（邪教徒被击败时不会进入虚空区。你每回合可以任意次数击败邪教徒。）\n\n
E	<indent=4em><b>HONOR:</b> Honor is the key to victory in Ascension.  Whoever earns the most Honor throughout the game wins and earns the title of Godslayer!	<indent=4em><b>荣誉：</b>荣誉是创升纪元取胜的关键。整局获得最多荣誉的玩家获胜，并赢得弑神者称号！
E	<allcaps>Treasure Card:</allcaps>\nAcquiring or defeating center row cards will reward you with all Treasure cards underneath the acquired or defeated card.	<allcaps>宝藏卡：</allcaps>\n获取或击败中央牌列的卡牌时，你会获得其下方的所有宝藏卡。
E	<allcaps>Treasure Card:</allcaps> Acquiring or defeating center row cards will reward you with all Treasure cards underneath the acquired or defeated card.	<allcaps>宝藏卡：</allcaps>\n获取或击败中央牌列的卡牌时，你会获得其下方的所有宝藏卡。
E	<indent=4em><b>HONOR:</b> Honor is the key to victory in Ascension. Whoever earns the most Honor throughout the game wins and earns the title of Godslayer!	<indent=4em><b>荣誉：</b>荣誉是创升纪元取胜的关键。整局获得最多荣誉的玩家获胜，并赢得弑神者称号！
E	Gain . You may banish a card in your hand or discard pile.You may pay to Recur. (Gain the effect listed above an additional time. You may only Recur ONCE.)	获得<sprite=1>. 你可以从手牌或弃牌堆放逐一张卡牌.<br>你可以支付 <sprite=114> 以复发. <i>(再额外获得一次上方列出的效果. 每回合只能复发一次.)</i>
E	<align=center>Reward: <sprite=65></align>\n\n(The Cultist does not go to the void when defeated. You can defeat the Cultist any number of times each turn.)	\n<size=64><align=center>奖励： <sprite=65></align></size>\n\n（邪教徒被击败时不会进入虚空区。你每回合可以任意次数击败邪教徒。）\n\n
E	You may spend <sprite=0> in addition to <sprite=32> to acquire this.\nYou may spend <sprite=0> in addition to <sprite=32> to acquire Mechana Constructs.	你可以花费 <sprite=0> 此外还 <sprite=32> 以获取此.\n你可以花费 <sprite=0> 此外还 <sprite=32> 以获取机械神器。
E	Purchase all the Ascension bundles for one low price!<br><br>Includes Bundle #1 through Bundle #5.  \n\nThat's 630 <b>unique</b> new cards to play with.	以优惠价格购买全部创升纪元组合包！<br><br>包含 Bundle #1 至 Bundle #5。<br><br>共 630 张 <b>独特</b> 卡牌！
E	This Hero Counts as all factions.<br>When you acquire this, it goes directly to your hand.\nGain <sprite=34>, <sprite=2>, <sprite=66> and draw a card.\n	此英雄视为所有派系。<br>当你获取此牌时，它直接进入你的手牌。\n获得 <sprite=34>、<sprite=2>、<sprite=66> 并抽一张牌。
E	This Hero Counts as all factions.<br>When you acquire this, it goes directly to your hand.\nGain <sprite=34>, <sprite=2>, <sprite=66> and draw a card.	此英雄视为所有派系。<br>当你获取此牌时，它直接进入你的手牌。\n获得 <sprite=34>、<sprite=2>、<sprite=66> 并抽一张牌。
E	Purchase all the Ascension bundles for one low price!<br><br>Includes Bundle #1 through Bundle #5.\n\nThat's 630 <b>unique</b> new cards to play with.	以优惠价格购买全部创升纪元组合包！<br><br>包含 Bundle #1 至 Bundle #5。<br><br>共 630 张 <b>独特</b> 卡牌！
E	If all cards in the center row are cards, you may acquire this without paying it's cost. Acquire a card in the center row without paying its cost.	若所有卡牌在中央牌列为 <sprite=143> 卡牌, 你可以获取此 无需支付它是费用.\n获取一个卡牌在中央牌列无需支付费用。
E	<margin-right=12em>Note: You only gain Renown from defeating Monsters if they belong to a faction, unless the card specifically says otherwise.	<margin-right=12em>注意：击败怪物仅在其属于某个派系时才会获得声望，除非卡牌另有说明。
E	If you have never created a Playdek account, please click on the "Create Account" button and follow the process to create a new online account.	若你从未创建过 Playdek 账号，请点击「创建账号」按钮。
E	Once per turn, when a player defeats a Monster in the center row, that player gains . Event Trophy: Banish a card in your hand or discard pile.	每回合一次，当玩家击败怪物在中央牌列, 该玩家获得 <sprite=65>.\n\n<color=#d8a6ffff>事件战利品：</color> 从你的手牌或弃牌堆放逐一张卡牌。
E	RUNES: Runes are one of the two main resources in Ascension. Runes are used to acquire Heroes and Constructs so you can add them to your deck.	<indent=4em><b>符文：</b>符文是创升纪元两种主要资源之一。符文用于获取英雄和神器，将它们加入你的牌库。
E	<align=center>Reward: </align> (The Cultist does not go to the void when defeated. You can defeat the Cultist any number of times each turn.)	<align=center>奖励： <sprite=65></align></size>\n\n（邪教徒被击败时不会进入虚空区。你每回合可以任意次数击败邪教徒。）\n\n
E	HONOR: Honor is the key to victory in Ascension. Whoever earns the most Honor throughout the game wins and earns the title of Godslayer!	<indent=4em><b>荣誉：</b>荣誉是创升纪元取胜的关键。整局获得最多荣誉的玩家获胜，并赢得弑神者称号！
E	In the fell clutch of circumstances, I have not winced nor cried aloud. Under the bludgeonings of chance, my head is bloody but unbowed.	纵身处境遇的魔爪，我未曾畏缩，也未曾高声哭喊。在命运的锤打下，我头破血流，却仍不低头。
E	FACTION\nThere are 4 different factions:\n<color=#4cbbeb>Enlightened\n<color=#7fc241>Lifebound\n<color=#b6b6b6>Mechana\n<color=#bb8bbe>Void\n	派系\n共有4个不同派系：\n<color=#4cbbeb>圣贤\n<color=#7fc241>命约\n<color=#b6b6b6>机械\n<color=#bb8bbe>虚空
E	Gain <sprite=66>.\nMulti-Unite: Gain <sprite=65>. <i>(Gain this effect for each other Lifebound Hero you play or have played this turn.)	获得<sprite=66>。\n多重联合：获得<sprite=65>。<i>（本回合你打出或已打出的每张其他命约英雄，各获得此效果一次。）</i>
E	You can get a closer view of any card by double tapping it.  A single tap will then return it to the play field so you can resume play.	双击任意卡牌可查看大图。单击即可回到牌局继续游戏。
E	You can get a closer view of any card by right clicking it.  A left click will then return it to the play field so you can resume play.	右键点击任意卡牌可查看大图。左键点击即可回到牌局继续游戏。
E	FACTION\nThere are 4 different factions:\n<color=#4cbbeb>Enlightened\n<color=#7fc241>Lifebound\n<color=#b6b6b6>Mechana\n<color=#bb8bbe>Void	派系\n共有4个不同派系：\n<color=#4cbbeb>圣贤\n<color=#7fc241>命约\n<color=#b6b6b6>机械\n<color=#bb8bbe>虚空
E	Gain <sprite=34>.\nYou may defeat a Monster with <sprite=0> cost less than or equal to the <sprite=32> cost of a Construct you control.	获得<sprite=34>.\n你可以击败一个怪物以 <sprite=0> 费用低于或 相等以 <sprite=32> 费用的 神器你控制的。
E	You can get a closer view of any card by double tapping it. A single tap will then return it to the play field so you can resume play.	双击任意卡牌可查看大图。单击即可回到牌局继续游戏。
E	You can get a closer view of any card by right clicking it. A left click will then return it to the play field so you can resume play.	右键点击任意卡牌可查看大图。左键点击即可回到牌局继续游戏。
E	<margin-right=12em>When playing with <i>Ascension: Deliverance</i>™, each player starts with an 11th starting card, the Dreamseeker.	<margin-right=12em>使用《创升纪元：救赎》™时，每位玩家开局多一张第11张起始卡：寻梦者。
E	Purchase all the Ascension bundles for one low price!Includes Bundle #1 through Bundle #5. That's 630 unique new cards to play with.	以优惠价格购买全部创升纪元组合包！<br><br>包含 Bundle #1 至 Bundle #5。<br><br>共 630 张 <b>独特</b> 卡牌！
E	<color=#005778ff>Energize <sprite=98>:</color> Transform this into Honiskrot Chieftan. <i>(Ignore the rest of the card's effect.)	<color=#005778ff>充能 <sprite=98>：</color>将此牌转化为霍尼斯克洛特酋长。<i>（忽略此牌的其余效果。）
E	Constructs in the center row cost less to acquire (to a minimum of ). Pay : Transform this into Forgemother Reysa and acquire it.	中央牌列神器的获取费用降低 <sprite=33>（最低 <sprite=33>）。\n支付 <sprite=40>：将此牌转化为锻母雷萨并获取它。
E	<indent=4em><b>POWER:</b> Power is the second resource in Ascension.  Power is used to defeat Monsters and earn rewards. \r\r\n\n	<indent=4em><b>战力：</b>战力是创升纪元的第二种主要资源。战力用于击败怪物并获得奖励。
E	<margin-right=12em>When playing with Ascension: Deliverance™, each player starts with an 11th starting card, the Dreamseeker.	<margin-right=12em>使用《创升纪元：救赎》™时，每位玩家开局多一张第11张起始卡：寻梦者。
E	Defeat a Monster in the center row or the void without paying its cost. Put that Monster on the bottom of the center deck.	击败一个怪物在中央牌列或 虚空区无需支付费用. 放置该 怪物置于其底： 传送门牌库。
E	If you previously had a Playdek account or use one for our other games you may login with that account email and password.	若你以前有过 Playdek 账号，或在我们其他游戏中使用过，可用该账号邮箱与密码登录。
E	<indent=4em><b>POWER:</b> Power is the second resource in Ascension.  Power is used to defeat Monsters and earn rewards.	<indent=4em><b>战力：</b>战力是创升纪元的第二种主要资源。战力用于击败怪物并获得奖励。
E	<indent=4em><b>POWER:</b> Power is the second resource in Ascension. Power is used to defeat Monsters and earn rewards.	<indent=4em><b>战力：</b>战力是创升纪元的第二种主要资源。战力用于击败怪物并获得奖励。
E	<allcaps>Player's Hand:</allcaps>\nYour current cards that can be played this turn by dragging them to the Action Area.	<allcaps>玩家手牌：</allcaps>\n你本回合可打出的卡牌，拖到行动区即可打出。
E	<allcaps>Player's Hand:</allcaps> Your current cards that can be played this turn by dragging them to the Action Area.	<allcaps>玩家手牌：</allcaps>\n你本回合可打出的卡牌，拖到行动区即可打出。
E	Share your gameplay analytics with Playdek to help improve Ascension? This can be changed anytime in the Options Menu.	是否与 Playdek 分享游戏分析数据以改进创升纪元？可随时在选项菜单中更改。
E	Reward: Gain <sprite=65>\n\nInfest - When you defeat Yuk Tribe Gremlin, you may put it into a player's discard pile.	奖励：获得<sprite=65>\n\n感染 - 当你击败尤克部落小妖, 你可以将其放入一名玩家的弃牌堆。
E	Phantasm - While this is in the center row, you may pay <sprite=117> to banish and play this.<br>Draw two cards.	幻象 - 当此牌在中央牌列, 你可以支付 <sprite=117> 以放逐和 打出此.<br>抽两张牌。
E	This Hero Counts as all factions.When you acquire this, it goes directly to your hand. Gain , , and draw a card.	此英雄视为所有派系。<br>当你获取此牌时，它直接进入你的手牌。\n获得 <sprite=34>、<sprite=2>、<sprite=66> 并抽一张牌。
E	Once per turn, when you play an Enlightened Construct or a Mechana Construct (including this one), draw a card.	每回合一次，当你打出圣贤神器或 机械神器 (包括此牌), 抽一张牌。
E	(The Cultist does not go to the void when defeated. You can defeat the Cultist any number of times each turn.)	（邪教徒被击败后不会进入虚空区。每回合可以任意次数击败邪教徒。）
E	Account is not yet activated. Please follow the account activation instructions that were sent to your e-mail.	账号尚未激活。请按发送到你邮箱的说明完成激活。
E	Gain . Multi-Unite: Gain . (Gain this effect for each other Lifebound Hero you play or have played this turn.)	获得<sprite=66>。\n多重联合：获得<sprite=65>。<i>（本回合你打出或已打出的每张其他命约英雄，各获得此效果一次。）</i>
E	<sprite=162>: Gain control of the Temple of Immortality. You may banish a card in your hand or discard pile.\n	<sprite=162>: 获得对以下的控制： 不朽神殿. 你可以从你的手牌或弃牌堆放逐一张卡牌。
E	<sprite=162>: Gain control of the Temple of Immortality. You may banish a card in your hand or discard pile.	<sprite=162>: 获得对以下的控制： 不朽神殿. 你可以从你的手牌或弃牌堆放逐一张卡牌。
E	The Cultist does not go to the void when defeated. You can defeat the Cultist any number of times each turn.	邪教徒被击败后不会进入虚空区。每回合可以任意次数击败邪教徒。
E	Choose one: Draw a card OR acquire any number of Constructs in the center row without paying their costs.	选择一项： 抽一张牌OR获取任意数量的 神器在中央牌列无需支付费用。
E	You may spend in addition to to acquire this. You may spend in addition to to acquire Mechana Constructs.	你可以花费 <sprite=0> 此外还 <sprite=32> 以获取此.\n你可以花费 <sprite=0> 此外还 <sprite=32> 以获取机械神器。
E	(This turn, you may banish this to gain its effect. If you don't, banish this at the end of your turn.)\r	(此回合, 你可以放逐此牌以 获得其效果. 若你 不, 放逐此牌在 结束时你的回合.)
E	(This turn, you may banish this to gain its effect. If you don't, banish this at the end of your turn.)	(此回合, 你可以放逐此牌以 获得其效果. 若你 不, 放逐此牌在 结束时你的回合.)
E	To live in balance with the world around us is<br>to find our place in the greater tapestry of<br>life.	与周遭世界和谐共处<br>就是在更大的生命织锦中<br>找到我们的位置。
E	<allcaps>Construct Tray:</allcaps>\nPress to open your Construct Tray to view and play your Constructs.	<allcaps>神器托盘：</allcaps>\n点按打开神器托盘，查看并使用你的神器。
E	<allcaps>Construct Tray:</allcaps> Press to open your Construct Tray to view and play your Constructs.	<allcaps>神器托盘：</allcaps>\n点按打开神器托盘，查看并使用你的神器。
E	Empower <i>(When you acquire this, you may banish a card you have played this turn.)</i>\n\nDraw a card.	赋力 <i>(当你获取此, 你可以放逐一张已打出的卡牌本回合.)</i>\n\n抽一张牌。
E	Once per turn, if you play a Mechana Construct (including this one) or if it is Day, gain <sprite=34>.	每回合一次，若你 打出机械神器 (包括此牌) 或若 它为 昼, 获得<sprite=34>.
E	Once per turn, when you play a Mechana Construct (including this one), add a card to your Dreamscape.	每回合一次，当你打出机械神器 (包括此牌), 将一张卡牌加入你的梦境。
E	Reward: Gain Infest - When you defeat Yuk Tribe Gremlin, you may put it into a player's discard pile.	奖励：获得<sprite=65>\n\n感染 - 当你击败尤克部落小妖, 你可以将其放入一名玩家的弃牌堆。
E	Gain . You may defeat a Monster with cost less than or equal to the cost of a Construct you control.	获得<sprite=34>.\n你可以击败一个怪物以 <sprite=0> 费用低于或 相等以 <sprite=32> 费用的 神器你控制的。
E	Have at least one of each Mechana construct from Chronicle of the Godslayer in play at the same time	同时在场至少各一件《弑神编年史》的机械神器
E	POWER: Power is the second resource in Ascension. Power is used to defeat Monsters and earn rewards.	<indent=4em><b>战力：</b>战力是创升纪元的第二种主要资源。战力用于击败怪物并获得奖励。
E	<b>Reward:</b> Gain <sprite=67>. Take <sprite=113> from an opponent.\n<b>Dreambind:</b> <sprite=113>	<b>奖励：</b> 获得<sprite=67>. 拿取<sprite=113> 从对手.\n<b>梦缚:</b> <sprite=113>
E	REPUTATION POWERS\nWays to gain Reputation and rewards for reaching certain tresholds of Reputation.	名望能力\n获得名望的方式，以及达到特定名望阈值时的奖励。
E	REPUTATION POWERS Ways to gain Reputation and rewards for reaching certain tresholds of Reputation.	名望能力\n获得名望的方式，以及达到特定名望阈值时的奖励。
E	<allcaps>Opponent Box:</allcaps>\nPress to expand each oppoent's box to view their cards in detail.	<allcaps>对手框：</allcaps>\n点按展开每位对手的框，查看其卡牌详情。
E	<allcaps>Opponent Box:</allcaps> Press to expand each oppoent's box to view their cards in detail.	<allcaps>对手框：</allcaps>\n点按展开每位对手的框，查看其卡牌详情。
E	<color=#005778ff>Energize <sprite=97>:</color> You may banish a card in your hand or discard pile.	<color=#005778ff>充能 <sprite=97>:</color> 你可以从你的手牌或弃牌堆放逐一张卡牌。
E	Draw two cards. Each other player may draw a card.  Then you may banish a card in the center row.	抽两张牌。每位其他玩家可以抽一张牌。然后你可以放逐中央牌列的一张卡牌。
E	: Gain control of the Temple of Immortality. You may banish a card in your hand or discard pile.	<sprite=162>: 获得对以下的控制： 不朽神殿. 你可以从你的手牌或弃牌堆放逐一张卡牌。
E	Draw two cards. Each other player may draw a card. Then you may banish a card in the center row.	抽两张牌。每位其他玩家可以抽一张牌。然后你可以放逐中央牌列的一张卡牌。
E	<allcaps>Discard Pile:</allcaps>\nPress to switch the view to view your opponent's discard pile.	<allcaps>弃牌堆：</allcaps>\n点按以查看对手的弃牌堆。
E	<allcaps>Discard Pile:</allcaps> Press to switch the view to view your opponent's discard pile.	<allcaps>弃牌堆：</allcaps>\n点按以查看对手的弃牌堆。
E	Gain <sprite=34>. You may put the next<br>Construct you acquire this turn directly<br>into play	获得<sprite=34>. 你可以放置下一<br>神器你 获取本回合直接<br>进入战场
E	Phantasm - While this is in the center row, you may pay to banish and play this.Draw two cards.	幻象 - 当此牌在中央牌列, 你可以支付 <sprite=117> 以放逐和 打出此.<br>抽两张牌。
E	Purchase both <b>Delirium</b> and <b>Deliverance</b> expansions together for a greater value!\n\n	打包购买 <b>谵妄</b> 与 <b>救赎</b> 扩展更优惠！\n\n
E	To live in balance with the world around us isto find our place in the greater tapestry oflife.	与周遭世界和谐共处<br>就是在更大的生命织锦中<br>找到我们的位置。
E	<color=#951719FF><B>Trophy:</B></color> You may banish this to gain the current Trophy Effect.	<color=#951719FF><B>战利品:</B></color> 你可以放逐此牌以 获得当前战利品效果。
E	A remnant of something long since forgotten, their appearance in Vigil is shrouded in mystery.	被遗忘之物的残片，它们出现在祈夜，笼罩着谜团。
E	Empower (When you acquire this, you may banish a card you have played this turn.) Draw a card.	赋力 <i>(当你获取此, 你可以放逐一张已打出的卡牌本回合.)</i>\n\n抽一张牌。
E	Purchase both <b>Delirium</b> and <b>Deliverance</b> expansions together for a greater value!	打包购买 <b>谵妄</b> 与 <b>救赎</b> 扩展更优惠！\n\n
E	<allcaps>Center Row:</allcaps>\nThis Center Row contains the cards you can acquire or defeat.	<allcaps>中央牌列：</allcaps>\n此处是你可以获取或击败的卡牌。
E	<allcaps>Center Row:</allcaps> This Center Row contains the cards you can acquire or defeat.	<allcaps>中央牌列：</allcaps>\n此处是你可以获取或击败的卡牌。
E	<color=#fdc60eff>Fate:</color> When this enters the center row, each player may draw a card.	<color=#fdc60eff>天命：</color> 当此牌进入中央牌列时, 每位玩家可以抽一张牌。
E	There are no available Games at this time.<br>Use the Create Game Menu to create a new game.	目前没有可加入的对局。<br>请使用“创建对局”菜单开一局新游戏。
E	Once per turn, if you play a Mechana Construct (including this one) or if it is Day, gain .	每回合一次，若你 打出机械神器 (包括此牌) 或若 它为 昼, 获得<sprite=34>.
E	Once per turn, when you acquire another Mechana Construct, you may put it directly in play.	每回合一次，当你获取另一机械神器, 你可以将它放置直接在 打出。
E	Energize : Transform this into Honiskrot Chieftan. (Ignore the rest of the card's effect.)	<color=#005778ff>充能 <sprite=98>：</color>将此牌转化为霍尼斯克洛特酋长。<i>（忽略此牌的其余效果。）
E	Have one of each trophy monster in play at the same time while playing with Storm of Souls	使用《灵魂风暴》时同时控制每种战利品怪物各一只
E	Whenever you acquire or defeat an Enlightened card from the center row, gain <sprite=129>.	每当你获取或 击败圣贤卡牌从中央牌列, 获得<sprite=129>.
E	<allcaps>Global Honor Pool:</allcaps>\nHonor Points for the game are drawn from this pool.	<allcaps>全局荣誉池：</allcaps>\n对局的荣誉点数从此池抽取。
E	<allcaps>Global Honor Pool:</allcaps> Honor Points for the game are drawn from this pool.	<allcaps>全局荣誉池：</allcaps>\n对局的荣誉点数从此池抽取。
E	<allcaps>Play All:</allcaps>\nplaces all of the cards from your hand into the Action Area.	<allcaps>全部打出：</allcaps>\n将手牌全部放入行动区。
E	<allcaps>Play All:</allcaps> places all of the cards from your hand into the Action Area.	<allcaps>全部打出：</allcaps>\n将手牌全部放入行动区。
E	Whenever you acquire or defeat an Enlightened card in the center row, Rally: Enlightened.	每当你获取或 击败圣贤卡牌在中央牌列, 集结: 圣贤。
E	Reward: Gain <sprite=68>. You may banish up to two cards from your hand or discard pile.	奖励：获得<sprite=68>. 你可以放逐至多两 卡牌从你的手牌或 弃牌堆。
E	There are no available Games at this time.Use the Create Game Menu to create a new game.	目前没有可加入的对局。<br>请使用“创建对局”菜单开一局新游戏。
E	Emri's assassins always find their target,\nregardless of where it believes it can hide.	埃姆里的刺客总能找到目标，\n无论它自以为能藏到何处。
E	Emri's assassins always find their target, regardless of where it believes it can hide.	埃姆里的刺客总能找到目标，\n无论它自以为能藏到何处。
E	The dark beasts shriek through the night sky,\nproviding new nightmares for a new world.	黑暗野兽在夜空中尖啸，\n给新世界带来新的噩梦。
E	The dark beasts shriek through the night sky, providing new nightmares for a new world.	黑暗野兽在夜空中尖啸，\n给新世界带来新的噩梦。
E	Win a game with only two factions in your deck while playing with only Realms Unraveled	仅用《诸界瓦解》且牌库只有两个派系时获胜
E	<allcaps>Constructs:</allcaps>\nPress to switch the view to your opponent's Constructs.	<allcaps>神器：</allcaps>\n点按以查看对手的神器。
E	<allcaps>Constructs:</allcaps> Press to switch the view to your opponent's Constructs.	<allcaps>神器：</allcaps>\n点按以查看对手的神器。
E	Gain <sprite=34>.\nIf this is banished from your hand or disard pile, gain <sprite=69>.	获得 <sprite=34>。\n若此牌从你的手牌或弃牌堆被放逐，获得 <sprite=69>。
E	Many of my brethren cling to life, forgetting\nthat it is only half of nature's cycle."	我的许多同胞紧抓着生命，却忘了\n那不过是自然循环的一半。」
E	Many of my brethren cling to life, forgetting that it is only half of nature's cycle."	我的许多同胞紧抓着生命，却忘了\n那不过是自然循环的一半。」
E	<allcaps>End Turn:</allcaps>\nPress this to end your turn and pass to the next player.	<allcaps>结束回合：</allcaps>\n点按结束你的回合并交给下一位玩家。
E	<allcaps>End Turn:</allcaps> Press this to end your turn and pass to the next player.	<allcaps>结束回合：</allcaps>\n点按结束你的回合并交给下一位玩家。
E	RARITY & SET ICON\nEach <sprite=146> represents a copy of the card in the center deck.	稀有度与系列图标\n每个 <sprite=146> 代表中央牌库中该牌的一份复制。
E	This turn you may defeat Monsters in the void as though they were in the center row.	此回合你可以击败怪物在 虚空区视为在中央牌列。
E	<color=#fdc60eff>Fate:</color> each player may banish a card in their discard pile.	<color=#fdc60eff>天命：</color>每位玩家可以从其弃牌堆放逐一张卡牌。
E	<allcaps>Center Row Draw Pile:</allcaps>\nThe Center Row cards are drawn from here.	<allcaps>中央牌库：</allcaps>\n中央牌列的卡牌从此处抽出。
E	<allcaps>Center Row Draw Pile:</allcaps> The Center Row cards are drawn from here.	<allcaps>中央牌库：</allcaps>\n中央牌列的卡牌从此处抽出。
E	Have one of each Return of the Fallen Monster in your deck while Samael is in play	萨麦尔在场时，牌库中各有一只《堕落者归来》怪物
E	Take all three Temples from your opponent(s) on the final turn of the game and win	终局回合夺走对手全部三座神殿并获胜
E	<allcaps>Discard Pile:</allcaps>\nPress to view the cards you've recently played.	<allcaps>弃牌堆：</allcaps>\n点按查看你最近打出的卡牌。
E	<allcaps>Discard Pile:</allcaps> Press to view the cards you've recently played.	<allcaps>弃牌堆：</allcaps>\n点按查看你最近打出的卡牌。
E	<allcaps>Treasure Count:</allcaps>\nShows the amount of treasure cards available.	<allcaps>宝藏计数：</allcaps>\n显示可用宝藏卡的数量。
E	<allcaps>Treasure Count:</allcaps> Shows the amount of treasure cards available.	<allcaps>宝藏计数：</allcaps>\n显示可用宝藏卡的数量。
E	<color=#951719FF>Trophy:</color> If it is Night, banish this to gain <sprite=2>.	<color=#951719FF>战利品:</color> 若当前为夜, 放逐此牌以 获得<sprite=2>.
E	An update is available.<br>Please download the latest<br>version to play online.	有可用更新。<br>请下载最新版本后再进行在线游戏。
E	<color=#951719FF>Trophy:</color> If it is Day, banish this to gain <sprite=33>.	<color=#951719FF>战利品:</color> 若当前为昼, 放逐此牌以 获得<sprite=33>.
E	Play 5 Lifebound heroes in a single turn while playing with only Storm of Souls	仅用《灵魂风暴》时，同一回合打出 5 张命约英雄
E	Purchase both Delirium and Deliverance expansions together for a greater value!	打包购买 <b>谵妄</b> 与 <b>救赎</b> 扩展更优惠！\n\n
E	<allcaps>Effect:</allcaps>\nWhat this card does while under a player's control.	<allcaps>效果：</allcaps>\n此牌在玩家控制下会产生的效果。
E	<allcaps>Effect:</allcaps> What this card does while under a player's control.	<allcaps>效果：</allcaps>\n此牌在玩家控制下会产生的效果。
E	<b><color=#951719FF>Ongoing Trophy:</color></b> Once per turn gain a Soul Gem.	<b><color=#951719FF>持续战利品：</color></b> 每回合一次，获得灵魂宝石。
E	Whenever you acquire or defeat an Enlightened card from the center row, gain .	每当你获取或 击败圣贤卡牌从中央牌列, 获得<sprite=129>.
E	<allcaps>Online Indicator:</allcaps>\nUsed to show an opponent's online status	<allcaps>在线指示：</allcaps>\n显示对手的在线状态
E	<allcaps>Online Indicator:</allcaps> Used to show an opponent's online status	<allcaps>在线指示：</allcaps>\n显示对手的在线状态
E	Acquire two Dream Vision cards without paying their cost during a single game	同一局中无需支付费用获取两张梦境幻视牌
E	Reward: Gain . You may banish up to two cards from your hand or discard pile.	奖励：获得<sprite=68>. 你可以放逐至多两 卡牌从你的手牌或 弃牌堆。
E	Draw a card. If you control two or more Constructs, draw an additional card.	抽一张牌. 若你控制的两件或更多神器, 额外抽一张牌。
E	Gain . You may put the nextConstruct you acquire this turn directlyinto play	获得<sprite=34>. 你可以放置下一<br>神器你 获取本回合直接<br>进入战场
E	Using only Deliverance, finish a game with only Dreambind cards in your deck	仅用《救赎》，终局时牌库只有梦缚牌
E	Using only Valley of the Ancients, draw your entire deck using Jubilant Monk	仅用《远古山谷》，用欢喜僧抽光整个牌库
E	<sprite=161>: Gain control of the Temple of Immortality. Gain <sprite=34>.\n	<sprite=161>: 获得对以下的控制： 不朽神殿. 获得<sprite=34>.
E	Play Dark Monk, Psionic Monk, and Monk of the Stone Circle in the same turn	同一回合打出暗僧、灵能僧与石环僧
E	<allcaps>Cost:</allcaps>\nThe Keystone used to gain control of this Temple.	<allcaps>费用：</allcaps>\n夺取此神殿所用的钥石。
E	<allcaps>Cost:</allcaps> The Keystone used to gain control of this Temple.	<allcaps>费用：</allcaps>\n夺取此神殿所用的钥石。
E	<sprite=161>: Gain control of the Temple of Immortality. Gain <sprite=34>.	<sprite=161>: 获得对以下的控制： 不朽神殿. 获得<sprite=34>.
E	FACTION There are 4 different factions: Enlightened Lifebound Mechana Void	派系\n共有4个不同派系：\n<color=#4cbbeb>圣贤\n<color=#7fc241>命约\n<color=#b6b6b6>机械\n<color=#bb8bbe>虚空
E	For any questions or issues please contact us at support@playdekgames.com.	如有问题请联系 support@playdekgames.com。
E	<color=#951719FF>Trophy:</color> You may banish this to gain <sprite=33>.	<color=#951719FF>战利品:</color> 你可以放逐此牌以 获得<sprite=33>.
E	Defeat a Monster in the Center Row with Emri's Sting and Emri, Demonsbane	用艾姆瑞之蛰与恶魔克星艾姆瑞击败中央牌列怪物
E	An update is available.Please download the latestversion to play online.	有可用更新。<br>请下载最新版本后再进行在线游戏。
E	Draw a card.\n\nName a faction.  This Hero acts as that faction this turn.	抽一张牌。\n\n命名一个派系。本回合此英雄视为该派系。
E	RARITY & SET ICON Each represents a copy of the card in the center deck.	稀有度与系列图标\n每个 <sprite=146> 代表中央牌库中该牌的一份复制。
E	<B>Reward:</B> Transform this into Borderland Mercenary and acquire it.	<B>奖励：</B>将此牌转化为边地佣兵并获取它。
E	Acquire all five of the Transformed Events/Heroes across multiple games	在多局中获取全部五种已转化事件/英雄
E	Draw a card.\n\nName a faction. This Hero acts as that faction this turn.	抽一张牌。\n\n命名一个派系。本回合此英雄视为该派系。
E	Use the Recur effect found on all cards with a Recur effect in Delirium	使用《谵妄》中所有带复发效果卡牌的复发
E	Win a game with no Infest cards in your deck using Gift of the Elements	使用《元素恩赐》且牌库无感染牌时获胜
E	<allcaps>Player's Runes:</allcaps>\nPlayer's Rune count for their turn.	<allcaps>玩家符文：</allcaps>\n该玩家本回合的符文数量。
E	<allcaps>Player's Runes:</allcaps> Player's Rune count for their turn.	<allcaps>玩家符文：</allcaps>\n该玩家本回合的符文数量。
E	Draw a card. Name a faction. This Hero acts as that faction this turn.	抽一张牌。\n\n命名一个派系。本回合此英雄视为该派系。
E	Sign up to get the latest information and special deals direct to you.	订阅即可获取最新资讯与优惠，直接发到你的邮箱。
E	"Do you smell that?"\n"Yes... There's more prey to be hunted tonight."	「你闻到了吗？」\n「是的……今夜还有更多猎物可猎。」
E	"Do you smell that?" "Yes... There's more prey to be hunted tonight."	「你闻到了吗？」\n「是的……今夜还有更多猎物可猎。」
E	Defeat Aranyx, the Glutton and Xeron, Lord of Deofol on the same turn	同一回合击败贪食者阿兰尼克斯与迪奥弗之主泽伦
E	Defeat a Monster that has <sprite=4> or less without paying its cost.	击败一个怪物该 具有<sprite=4> 或更低无需支付费用。
E	Play Deadeye Assassin with 10 or more Void cards in your discard pile	弃牌堆有 10 张或更多虚空卡牌时打出神射手刺客
E	Play Hedron Cannon, Plasma Cannon, and Canon Templar on the same turn	同一回合打出赫德隆加农、等离子加农与教典圣殿武士
E	You must accept the Terms of Use Agreement before creating an account	创建账号前必须同意使用条款
E	<allcaps>Hand:</allcaps>\nHow many cards are in your opponent's hand.	<allcaps>手牌：</allcaps>\n对手手牌的张数。
E	<allcaps>Hand:</allcaps> How many cards are in your opponent's hand.	<allcaps>手牌：</allcaps>\n对手手牌的张数。
E	A player may have no more than one Fanatic Trophy in play at a time.	玩家可以拥有没有超过一 狂信者战利品在 打出在 次。
E	Acquire Hedron Cannon after defeating Avatar of the Fallen that turn	本回合击败堕落化身后获取赫德隆加农
E	<allcaps>Player's Energy:</allcaps>\nPlayer's Energy for their turn.	<allcaps>玩家能量：</allcaps>\n该玩家本回合的能量。
E	<allcaps>Player's Energy:</allcaps> Player's Energy for their turn.	<allcaps>玩家能量：</allcaps>\n该玩家本回合的能量。
E	Fate: When this enters the center row, each player may draw a card.	<color=#fdc60eff>天命：</color> 当此牌进入中央牌列时, 每位玩家可以抽一张牌。
E	Play "Naka, Emri's Chosen" and "Emri, Soulstealer" on the same turn	同一回合打出「纳卡·艾姆瑞的天选者」与「窃魂者艾姆瑞」
E	Using Dhartha, Mechamonk, draw seven or more cards in a single turn	用达萨·机械僧在同一回合抽七张或更多牌
E	<allcaps>Menu:</allcaps>\nOpens a menu with a list of game options.	<allcaps>菜单：</allcaps>\n打开包含对局选项的菜单。
E	<allcaps>Menu:</allcaps> Opens a menu with a list of game options.	<allcaps>菜单：</allcaps>\n打开包含对局选项的菜单。
E	Are you sure you want to spend 5 Insight to roll the Delirium Die?	确定要花费 5 点洞察来掷谵妄骰吗？
E	Defeat Avatar of the Fallen and Samael the Fallen in the same turn	同一回合击败堕落化身与堕落者萨麦尔
E	Have Moken the Huntsmaster in your deck with at least 10 treasures	牌库中有猎主莫肯且至少有 10 件宝藏
E	<allcaps>Player's Power:</allcaps>\nPlayer's Power for their turn.	<allcaps>玩家战力：</allcaps>\n该玩家本回合的战力。
E	<allcaps>Player's Power:</allcaps> Player's Power for their turn.	<allcaps>玩家战力：</allcaps>\n该玩家本回合的战力。
E	Gain . If this is banished from your hand or disard pile, gain .	获得 <sprite=34>。\n若此牌从你的手牌或弃牌堆被放逐，获得 <sprite=69>。
E	No saved games found.\nSelect "Create Game"\nto start a new game.\n	未找到已存档对局。\n选择「创建对局」\n开始新游戏。\n
E	Reward: Transform this into Borderland Mercenary and acquire it.	<B>奖励：</B>将此牌转化为边地佣兵并获取它。
E	No saved games found.\nSelect "Create Game"\nto start a new game.	未找到已存档对局。\n选择「创建对局」\n开始新游戏。\n
E	No saved games found. Select "Create Game" to start a new game.	未找到已存档对局。\n选择「创建对局」\n开始新游戏。\n
E	Win a game where the only cards you've acquired are Night cards	所获取卡牌全为夜牌时获胜
E	<align=center>Reputation Icon:  <size=64><sprite=128></size>\n\n	<align=center>名望图标：  <size=64><sprite=128></size>\n\n
E	Energize : You may banish a card in your hand or discard pile.	<color=#005778ff>充能 <sprite=97>:</color> 你可以从你的手牌或弃牌堆放逐一张卡牌。
E	Trophy: You may banish this to gain the current Trophy Effect.	<color=#951719FF><B>战利品:</B></color> 你可以放逐此牌以 获得当前战利品效果。
E	COST\nThe amount of Power you must spend to acquire this card.	费用\n获取此牌必须花费的战力。
E	COST\nThe number of Runes you must spend to acquire this card.	费用\n获取此牌必须花费的符文。
E	COST The amount of Power you must spend to acquire this card.	费用\n获取此牌必须花费的战力。
E	COST The number of Runes you must spend to acquire this card.	费用\n获取此牌必须花费的符文。
E	Once per turn, you may pay <sprite=34>  to gain <sprite=129>.	每回合一次，你可以支付 <sprite=34> 以获得<sprite=129>.
E	Win a game where the only cards you've acquired are Day cards	所获取卡牌全为昼牌时获胜
E	<align=center>Reputation Icon:  <size=64><sprite=128></size>	<align=center>名望图标：  <size=64><sprite=128></size>\n\n
E	<allcaps>Event Zone:</allcaps>\nShows the current Event card.	<allcaps>事件区：</allcaps>\n显示当前事件卡。
E	<allcaps>Event Zone:</allcaps> Shows the current Event card.	<allcaps>事件区：</allcaps>\n显示当前事件卡。
E	<b>Fate: Auction</b> <sprite=112\n> to gain the effect below.	<b>天命： 竞拍</b> <sprite=112\n> 以获得效果下方。
E	Have Umbral edge and Penumbral Edge in play at the same time	同时让暗影刃与半影刃在场
E	Once per turn, you may pay <sprite=34> to gain <sprite=129>.	每回合一次，你可以支付 <sprite=34> 以获得<sprite=129>.
E	<align=center>Reputation Icon: <size=64><sprite=128></size>	<align=center>名望图标：  <size=64><sprite=128></size>\n\n
E	All opponents have forfeited!\nClaim victory & end the game?	所有对手均已弃权！\n要宣布胜利并结束对局吗？
E	All opponents have forfeited! Claim victory & end the game?	所有对手均已弃权！\n要宣布胜利并结束对局吗？
E	Defeat a Monster in the center row without paying its cost.	击败一个怪物在中央牌列无需支付费用。
E	Would you like to remove this player from your friend list?	要从好友列表中移除这名玩家吗？
E	"Gather your forces - tonight,\nwe come to the aid of Ogo."	「集合兵力——今夜，\n我们前去支援奥戈。」
E	"Gather your forces - tonight, we come to the aid of Ogo."	「集合兵力——今夜，\n我们前去支援奥戈。」
E	Acquire or defeat every card in Chronicle of the Godslayer	获取或击败《弑神编年史》中的每一张牌
E	Are you sure you want to acquire that to the discard pile?	确定要把该牌获取到弃牌堆吗？
E	Defeat a Monster that has or less without paying its cost.	击败一个怪物该 具有<sprite=4> 或更低无需支付费用。
E	Fate: each player may banish a card in their discard pile.	<color=#fdc60eff>天命：</color>每位玩家可以从其弃牌堆放逐一张卡牌。
E	<allcaps>Void:</allcaps>\nDefeated monsters are sent here.	<allcaps>虚空区：</allcaps>\n被击败的怪物会被送到这里。
E	<allcaps>Void:</allcaps> Defeated monsters are sent here.	<allcaps>虚空区：</allcaps>\n被击败的怪物会被送到这里。
E	Acquire a Hero in the center row without paying its cost.	获取一个英雄在中央牌列无需支付费用。
E	Are you sure you want to delete this Quick Match request?	确定要删除此快速匹配请求吗？
E	Creating this Quick Match failed.<br>Too many games open.	创建快速匹配失败。<br>打开的对局过多。
E	Her billows feed the fires of creation for all of Hedron.	她的风箱为整个多面体的创世之火添薪。
E	Press the avatar to invite Friends from your Friends List	点按头像，从好友列表邀请好友
E	You must be logged<br>in to Game Center<br>to play online	必须登录<br>Game Center<br>才能进行在线游戏
E	"Player Name"\nhas not logged into the Ascension servers.	「玩家名」\n尚未登录创升纪元服务器。
E	"Player Name" has not logged into the Ascension servers.	「玩家名」\n尚未登录创升纪元服务器。
E	Activate the Phantasm effect five times in a single game	同一局发动幻影效果五次
E	Play Flare Tracker and Sureshot Tracker in the same turn	同一回合打出闪光追踪者与神射手追踪者
E	Your timer has expired!<br>You have forfeited this game.	计时已耗尽！<br>你已输掉这局游戏。
E	Activate the Plunder effect five times in a single game	同一局发动掠夺效果五次
E	Victory comes at a cost, but it is cheaper than defeat.	胜利要付出代价，但总比战败便宜。
E	You'll have a ruff time getting past his watchful eyes.	想从他警觉的双眼旁溜过，你会过得挺「毛」的。
E	Would you like to add this player to your friend list?	要将这名玩家加入好友列表吗？
E	An account with this e-mail address is already in use	该邮箱已被使用
E	Creating this Quick Match failed.Too many games open.	创建快速匹配失败。<br>打开的对局过多。
E	Gain 20 Honor in a single turn with Jakeb, Cobra King	用眼镜蛇王杰克布在同一回合获得 20 荣誉
E	Roll the Delirium Die using the Dream Dealer's effect	用梦境庄家的效果掷谵妄骰
E	Acquire or defeat every card in Return of the Fallen	获取或击败《堕落者归来》中的每一张牌
E	Draw a card.<br>Gain <sprite=173>, then banish this.	抽一张牌.<br>获得<sprite=173>, 然后放逐此牌。
E	Please check your email for your account information	请查收邮件以获取账号信息
E	Reach Legendary Status with all Legendary Characters	使所有传奇角色达到传奇地位
E	Would you like to delete\nthis friend from your list?	要从列表中删除\n这位好友吗？
E	Would you like to delete this friend from your list?	要从列表中删除\n这位好友吗？
E	Your timer has expired!You have forfeited this game.	计时已耗尽！<br>你已输掉这局游戏。
E	: Gain control of the Temple of Immortality. Gain .	<sprite=161>: 获得对以下的控制： 不朽神殿. 获得<sprite=34>.
E	Gain 5 Honor or more from the reveal of Beast Staff	从野兽之杖的展示中获得 5 点或更多荣誉
E	Gain a DAY bonus and a NIGHT bonus in the same turn	同一回合获得昼奖励与夜奖励
E	When you acuire this, Rally: Void.\n\nGain <sprite=2>	当你获取此牌时，集结：虚空。\n\n获得<sprite=2>
E	\n<b>Reward:</b> Gain <sprite=65>.  Draw two cards.	<b>奖励：</b> 获得<sprite=65>. 抽两张牌。
E	Roll three 6s on the Delirium Die in a single game	同一局在谵妄骰上掷出三次 6
E	<b>Reward:</b> Gain <sprite=65>.  Draw two cards.	<b>奖励：</b> 获得<sprite=65>. 抽两张牌。
E	Account Created.<br>Enter your Password to Login.	账号已创建。<br>请输入密码登录。
E	Acquire Pasythea, the Aegis using Pasythea's Ward	用帕西提亚护符获取神盾帕西提亚
E	Are you sure you want to withdraw from this game?	确定要退出这局游戏吗？
E	EFFECT\nWhat the card does when played or in play.	效果\n此牌打出时或在战场上的作用。
E	EFFECT What the card does when played or in play.	效果\n此牌打出时或在战场上的作用。
E	The Password and Confirmation fields do not match	密码与确认密码不一致
E	You must be loggedin to Game Centerto play online	必须登录<br>Game Center<br>才能进行在线游戏
E	(Monsters have no effect when played from hand.)	(从手牌打出时怪物没有效果.)
E	<b>Reward:</b> Gain <sprite=65>. Draw two cards.	<b>奖励：</b> 获得<sprite=65>. 抽两张牌。
E	Defeat five monsters in a single turn with Oziah	用奥齐亚在同一回合击败五只怪物
E	Gain more than 20 Honor by playing a single card	打出单张牌获得超过 20 荣誉
E	Reward: Gain . Take from an opponent. Dreambind:	<b>奖励：</b> 获得<sprite=67>. 拿取<sprite=113> 从对手.\n<b>梦缚:</b> <sprite=113>
E	Transform all of the cards in Darkness Unleashed	转化《黑暗释放》中的所有卡牌
E	You can invite a friend\nby pressing their name. 	点按好友名称\n即可邀请。
E	<B>Day:</B> Add the acquired card to your hand.	<B>昼:</B> 加入所获取的卡牌以 你的手牌。
E	You can invite a friend\nby pressing their name.	点按好友名称\n即可邀请。
E	You can invite a friend by pressing their name.	点按好友名称\n即可邀请。
E	<align=center>Reputation Icon:  <sprite=128>\n\n	<align=center>名望图标：  <size=64><sprite=128></size>\n\n
E	Acquire five or more treasure in the same turn	同一回合获取五件或更多宝藏
E	Acquire or defeat every card in Storm of Souls	获取或击败《灵魂风暴》中的每一张牌
E	Ongoing Trophy: Once per turn gain a Soul Gem.	<b><color=#951719FF>持续战利品：</color></b> 每回合一次，获得灵魂宝石。
E	Win a game as a result of P.R.I.M.E. Directive	因 P.R.I.M.E. 指令获胜
E	You have been Disconnected<br> from the Server	你已断开<br>与服务器的连接
E	\n\n\n\n\n\n\n\n\n\n\n\n\nThank you for playing.\n\n\n\n\n\n\n\n\n\n	感谢游玩。
E	\nDefeat a Monster that has <sprite=4>or less.	击败一个怪物该 具有<sprite=4>或更低。
E	Account Created.Enter your Password to Login.	账号已创建。<br>请输入密码登录。
E	Are you sure you want to delete this profile?	确定要删除此个人资料吗？
E	Defeat Xeron, Duke of Lies in a 4 player game	在 4 人局中击败谎言之公爵泽伦
E	Monsters? You Don't Need No Stinkin' Monsters	怪物？才不需要那些臭怪物
E	Trophy: If it is Night, banish this to gain .	<color=#951719FF>战利品:</color> 若当前为夜, 放逐此牌以 获得<sprite=2>.
E	Unable to join.<br>Lost connection to server.	无法加入。<br>与服务器的连接已断开。
E	Win a game with 5 or fewer cards in your deck	牌库中卡牌不超过 5 张时获胜
E	Win the game with the effect of Arha Emissary	用亚哈使者的效果赢得游戏
E	<align=center>Reputation Icon:  <sprite=128>	<align=center>名望图标：  <size=64><sprite=128></size>\n\n
E	Defeat a Monster that has <sprite=4>or less.	击败一个怪物该 具有<sprite=4>或更低。
E	REWARD\nWhat this monster does when defeated.	奖励\n击败此怪物时发生的事。
E	REWARD What this monster does when defeated.	奖励\n击败此怪物时发生的事。
E	Unable to create.<br>Too many games created.	无法创建。<br>已创建的对局过多。
E	<align=center>Reputation Icon: <sprite=128>	<align=center>名望图标：  <size=64><sprite=128></size>\n\n
E	Are you sure you want to forfeit this game?	确定要放弃这局游戏吗？
E	Chronicle of the Godslayer 10th Anniversary	弑神编年史十周年
E	Defeat five Hellfrost Imps on a single turn	同一回合击败五只狱霜小恶魔
E	FLAVOR TEXT\nFlavor text has no game effect.	风味文本\n风味文本没有游戏效果。
E	FLAVOR TEXT Flavor text has no game effect.	风味文本\n风味文本没有游戏效果。
E	Sharpen the mind and the sword will follow.	磨砺心智，利剑自随。
E	Trophy: If it is Day, banish this to gain .	<color=#951719FF>战利品:</color> 若当前为昼, 放逐此牌以 获得<sprite=33>.
E	Win 10 games in a row against other players	对战其他玩家连胜 10 局
E	You have been Disconnected from the Server	你已断开<br>与服务器的连接
E	Acquire all Dreamborn cards in Dreamscape	获取《梦境》中的全部梦生牌
E	Play Mechaphoenix three times in one turn	同一回合打出机械凤凰三次
E	Transform all of the cards in Deliverance	转化《救赎》中的所有卡牌
E	Unable to join.<br>Game no longer exists.	无法加入。<br>对局已不存在。
E	Unable to join.Lost connection to server.	无法加入。<br>与服务器的连接已断开。
E	Use a Boon from every faction in one turn	同一回合使用每个派系的恩赐各一次
E	You have no completed Games at this time.	你目前没有已完成的对局。
E	<size=150%>P</size>asythea, The Redeemed	帕西提亚·救赎者
E	Day: Add the acquired card to your hand.	<B>昼:</B> 加入所获取的卡牌以 你的手牌。
E	HONOR\nHow much Honor this card is worth.	荣誉\n此牌值多少荣誉。
E	HONOR How much Honor this card is worth.	荣誉\n此牌值多少荣誉。
E	Take an extra turn with Wandering Askara	用流浪阿斯卡拉获得额外回合
E	Unable to create.Too many games created.	无法创建。<br>已创建的对局过多。
E	Win 10 games without killing the Cultist	不击败邪教徒的情况下赢得 10 局
E	A profile with this name already exists	已存在同名个人资料
E	Acquire Pasythea, The Redeemed for free	免费获取被救赎的帕西提亚
E	All opponents have forfeited.  You win!	所有对手均已认输。你赢了！
E	Are you sure you want to end your turn?	确定要结束你的回合吗？
E	Are you sure you want to exit the game?	确定要退出游戏吗？
E	Are you sure you wish to end your turn?	确定要结束回合吗？
E	Defeat all 5 Growmites in the same game	同一局击败全部 5 只生长螨
E	Fate: Auction to gain the effect below.	<b>天命： 竞拍</b> <sprite=112\n> 以获得效果下方。
E	They see light where there is darkness.	他们在黑暗中看见光明。
E	When you acuire this, Rally: Void. Gain	当你获取此牌时，集结：虚空。\n\n获得<sprite=2>
E	Win two Fate Auctions on a single turn.	同一回合赢得两次天命拍卖。
E	<size=104>K</size>ythis, Rebel Godling	凯西斯·反叛神子
E	<size=104>T</size>emple of Immortality	不朽神殿
E	<size=104>T</size>yranyx, the Pillager	泰兰尼克斯·劫掠者
E	Acquire all Vision cards in Dreamscape	获取《梦境》中的全部幻视牌
E	All opponents have forfeited. You win!	所有对手均已认输。你赢了！
E	All opponents have forfeited. You win!	所有对手均已认输。你赢了！
E	Use Wicked End to defeat Ender of Days	用险恶终结击败末日终结者
E	You have no active Games at this time.	你目前没有进行中的对局。
E	<size=104>B</size>orderland Mercenary	边地佣兵
E	<size=104>S</size>hepherd of the Lost	牧者迷失
E	Acquire Dream Machine with P.R.I.M.E.	用 P.R.I.M.E. 获取梦境机器
E	Drag a profile tab to the player slot	将个人资料标签拖到玩家栏位
E	Successfully added "{0}" as a friend.	已成功添加好友“{0}”。
E	Successfully added "{0}" as a friend.	已成功添加好友“{0}”。
E	Trophy: You may banish this to gain .	<color=#951719FF>战利品:</color> 你可以放逐此牌以 获得<sprite=33>.
E	Unable to join.Game no longer exists.	无法加入。<br>对局已不存在。
E	Whoa. Whoa. Whoa. What are you doing?	等等等等，你在干什么？
E	Win a game with each of the Champions	以每位冠军各赢得一局
E	<size=104>A</size>skara of Judgement	审判阿斯卡拉
E	<size=104>B</size>orderland Nihilist	边地虚无者
E	<size=104>H</size>oniskrot Tribesman	霍尼斯克洛特部族人
E	<size=104>R</size>ocket Courier X-99	火箭信使X-99
E	<size=141%>V</size><space=-.15em>oid	虚空
E	Draw a card.Gain , then banish this.	抽一张牌.<br>获得<sprite=173>, 然后放逐此牌。
E	Once per turn, you may pay to gain .	每回合一次，你可以支付 <sprite=34> 以获得<sprite=129>.
E	Would you like to play the Tutorial?	要进行教程吗？
E	<size=104>H</size>oniskrot Chieftan	霍尼斯克洛特酋长
E	A wish granted is a dream destroyed	愿望得偿，便是一梦成灰
E	Defeat Samael the Fallen with Adayu	用阿达尤击败堕落者萨麦尔
E	My blade severs both flesh and soul	我的刃切断血肉，也切断灵魂
E	Please enter a valid E-mail address	请输入有效的电子邮箱地址
E	Subscribe to Stone Blade Newsletter	订阅 Stone Blade 通讯
E	Tap opponent  to view their profile	点击对手以查看其个人资料
E	%s gains %d honor tokens from %s\\n	%s从%s获得%d点荣誉\\n
E	<size=104>D</size>ark Energy Shard	黑暗能量碎片
E	<size=104>E</size>mri Lightbringer	携光者艾姆瑞
E	<size=104>F</size>orgemother Reysa	锻母雷萨
E	<size=104>S</size>talk the Shadows	潜行暗影
E	<size=104>Y</size>uk Tribe Gremlin	尤克部落小妖
E	Acquire Dharta, Master of the Eye.	获取达萨，慧眼大师。
E	Acquire Oziah for free with Energy	用能量免费获取奥齐亚
E	Defeat a Monster that has or less.	击败一个怪物该 具有<sprite=4>或更低。
E	Defeat and Energize Herald of Doom	击败并充能末日使者
E	Enlightened Temple of Immortalitys	圣贤不朽神殿
E	Tap opponent to view their profile	点击对手以查看其个人资料
E	The world will never be the same.\r	世界将从此不同。
E	Unable to create.<br>Unknown error	无法创建。<br>未知错误
E	<B>Reward:</B> Gain <sprite=65> .	<B>奖励：</B> 获得<sprite=65>.
E	<size=104>E</size>verbloom Clique	永绽小圈子
E	<size=104>L</size>ibrary Familiar	图书馆使魔
E	<size=104>R</size>adiant Aspirant	辉耀追求者
E	<size=104>S</size>tone Artificers	石神器师
E	<size=141%>P</size>rofile/Friends	档案/好友
E	Ascension: A Deck Empowering Game	创升：牌库赋能游戏
E	Creating this Quick Match failed.	创建快速匹配失败。
E	Enlightened Temple of Immortality	圣贤不朽神殿
E	Gain <sprite=113> and draw a card	获得<sprite=113> 和抽一张牌
E	The world will never be the same.	世界将从此不同。
E	Unable to join.<br>Unknown error.	无法加入。<br>未知错误。
E	Win a game against another player	对战其他玩家并获胜
E	%d honor tokens remain in pool\\n	荣誉池剩余%d点\\n
E	<B>Reward:</B> Gain <sprite=66>.	<B>奖励：</B> 获得<sprite=66>.
E	<b>Reward:</b> Gain <sprite=68>.	<b>奖励：</b> 获得<sprite=68>.
E	<b>Reward:</b> Gain <sprite=72> 	<b>奖励：</b> 获得<sprite=72>
E	<size=104>C</size>etra's Respite	塞特拉的喘息
E	<size=104>H</size>oarding Tyrant	囤积暴君
E	<size=104>I</size>nferna Templar	炼狱圣殿武士
E	<size=104>L</size>egion of Aklys	军团阿克里斯
E	<size=104>T</size>a'hyr, the Sun	塔希尔·太阳
E	<size=104>T</size>emple of Death	死亡神殿
E	<size=104>U</size>ndaunted Scout	无畏斥候
E	Acquiring Heroes and Constructs:	获取英雄与神器：
E	Deams maketh and dreams breaketh	梦能成事，亦能毁事
E	Do you want to delete this game?	要删除此对局吗？
E	Enlightened Dark Energy Shards:s	圣贤暗能碎片：
E	Enlightened Legendary Characters	圣贤传奇角色
E	Enlightened Transforming Eventss	圣贤转化事件
E	Lifebound Temple of Immortalitys	命约不朽神殿
E	Loading rulebook,\nplease wait...	正在加载规则书，\n请稍候…
E	Loading rulebook, please wait...	正在加载规则书，请稍候…
E	Multifaction Heroes & Constructs	多派系英雄与神器
E	Name contains invalid characters	名称包含无效字符
E	Once this turn, gain <sprite=66>	本回合一次, 获得<sprite=66>
E	Unable to join.<br>Game is full.	无法加入。<br>对局已满。
E	Unlock the Secrets of Alosya...\r	揭开阿洛西亚的秘密……
E	\nThe Elementals Have Awoken...\r	元素已经苏醒……
E	<b>Reward:</b> Gain <sprite=72>	<b>奖励：</b> 获得<sprite=72>
E	<size=104>A</size>ether Warrior	以太战士
E	<size=104>A</size>skara of Fate	命运阿斯卡拉
E	<size=104>T</size>emple of Life	生命神殿
E	<size=104>W</size>ild Riftdrake	荒野裂隙龙兽
E	<size=141%>A</size>nnouncements	公告
E	<size=141%>N</size>otifications	通知
E	Ascension: Gift of the Elements	创升纪元：元素的馈赠
E	Defeat 1000 center row Monsters	击败 1000 只中央牌列怪物
E	Endless possibilities await...\n	无尽可能正在等待……
E	Enlightened Dark Energy Shards:	圣贤暗能碎片：
E	Enlightened Dark Energy Shardss	圣贤暗能碎片
E	Enlightened Dreambind Monsterss	圣贤梦缚怪物
E	Enlightened Legendary Character	圣贤传奇角色
E	Enlightened Light & Dark Cardss	圣贤光暗卡牌
E	Enlightened Multifaction Cardss	圣贤多派系卡牌
E	Enlightened Transforming Events	圣贤转化事件
E	Lifebound Temple of Immortality	命约不朽神殿
E	New starting card - Dreamseeker	新的起始卡——寻梦者
E	The Sun Rises On a New World...	新世界的日出……
E	Unable to connect to the server	无法连接到服务器
E	Unlock the Secrets of Alosya...	揭开阿洛西亚的秘密……
E	<align=center>Reputation Icon:	<align=center>名望图标：  <size=64><sprite=128></size>\n\n
E	<size=104>C</size>anon Templar	圣典圣殿武士
E	<size=104>F</size>oundry Hound	铸造厂猎犬
E	<size=104>N</size>ihil Chemist	虚无药剂师
E	<size=104>S</size>ynapse Spire	突触尖塔
E	<size=141%>A</size>chievements	成就
E	<size=141%>I</size>ntroduction	引言
E	<size=141%>U</size>nbanishable	不可放逐
E	Acquire 1000 center row Heroes	获取 1000 张中央牌列英雄
E	Change resolution to 2560x1440	将分辨率改为 2560x1440
E	Change resolution to 2560x1920	将分辨率改为 2560x1920
E	Change resolution to 2560x2048	将分辨率改为 2560x2048
E	Creating a Quick Match game...	正在创建快速匹配对局...
E	Don't Feed Them After Midnight	午夜后别喂它们
E	Endless possibilities await...	无尽可能正在等待……
E	Enlightened Dark Energy Shards	圣贤暗能碎片
E	Enlightened Dreambind Monsters	圣贤梦缚怪物
E	Enlightened Light & Dark Cards	圣贤光暗卡牌
E	Enlightened Multifaction Cards	圣贤多派系卡牌
E	Have Valid Asmodee.net Account	拥有有效的 Asmodee.net 账号
E	Lifebound Dark Energy Shards:s	命约暗能碎片：
E	Lifebound Legendary Characters	命约传奇角色
E	Lifebound Transforming Eventss	命约转化事件
E	Mechana Temple of Immortalitys	机械不朽神殿
E	Monster Temple of Immortalitys	怪物不朽神殿
E	Reward: Gain . Draw two cards.	<b>奖励：</b> 获得<sprite=65>. 抽两张牌。
E	STONE BLADE NEWSLETTER SIGN-UP	订阅 Stone Blade 通讯
E	Stone Blade Newsletter Sign-Up	订阅 Stone Blade 通讯
E	Stone Blade Newsletter Sign-up	订阅 Stone Blade 通讯
E	Unable to create.Unknown error	无法创建。<br>未知错误
E	You May Convert Runes To Honor	你可以将符文转化为荣誉
E	<color=#d8a6ffff>Event - Void	<color=#d8a6ffff>事件 - 虚空
E	<size=104>A</size>rha Recruit	亚哈新兵
E	<size=104>A</size>rha Templar	亚哈圣殿武士
E	<size=104>E</size>arth Tyrant	大地暴君
E	<size=104>E</size>nergy Shard	能量碎片
E	<size=141%>D</size>eliverance	救赎
E	<size=141%>D</size>raaaaaaaw!	抽——牌！
E	<size=141%>E</size>nlightened	圣贤
E	<size=141%>M</size>ULTI-UNITE	多重联合
E	<size=141%>M</size>ulti-Unite	多重联合
E	<size=141%>R</size>esolutions	分辨率
E	Change resolution to {0}x{1}?	要将分辨率改为 {0}x{1} 吗？
E	Common Temple of Immortalitys	普通不朽神殿
E	Don't show this warning again	不再显示此警告
E	Enlightened Dark Energy Shard	圣贤暗能碎片
E	Enlightened Faction Monsterss	圣贤派系怪物
E	Enlightened Mechana Construct	圣贤机械神器
E	Enlightened Transform Cards:s	圣贤转化卡：
E	Enter your Email or User Name	请输入邮箱或用户名
E	Lifebound Dark Energy Shards:	命约暗能碎片：
E	Lifebound Dark Energy Shardss	命约暗能碎片
E	Lifebound Dreambind Monsterss	命约梦缚怪物
E	Lifebound Legendary Character	命约传奇角色
E	Lifebound Light & Dark Cardss	命约光暗卡牌
E	Lifebound Multifaction Cardss	命约多派系卡牌
E	Lifebound Transforming Events	命约转化事件
E	Loading Cards, please wait...	正在加载卡牌，请稍候…
E	Loading cards, please wait...	正在加载卡牌，请稍候…
E	Mechana Temple of Immortality	机械不朽神殿
E	Monster Temple of Immortality	怪物不朽神殿
E	The Elementals Have Awoken...	元素已经苏醒……
E	Unable to join.Unknown error.	无法加入。<br>未知错误。
E	%s now has %d honor tokens\\n	%s现在拥有%d点荣誉\\n
E	<size=104>D</size>reamseeker	寻梦者
E	<size=141%>A</size>pprentice	学徒
E	<size=141%>C</size>ompleted:	已完成：
E	<size=141%>C</size>onstructs	神器
E	<size=141%>D</size>reamscape	梦境
E	<size=141%>E</size>xpansions	扩展
E	<size=141%>F</size>ullscreen	全屏
E	<size=141%>L</size>oading...	加载中...
E	<size=141%>N</size>ext\nGame\n	下一\n局\n
E	<size=141%>P</size>ortuguese	葡萄牙语
E	<size=141%>R</size>eputation	名望
E	<size=141%>R</size>esolution	分辨率
E	<size=141%>R</size>esources:	资源：
E	<size=141%>V</size>anquisher	征服者
E	Common Temple of Immortality	普通不朽神殿
E	Enlightened Dreamborn Cardss	圣贤梦生卡牌
E	Enlightened Dual Cost Cardss	圣贤双费卡牌
E	Enlightened Faction Monsters	圣贤派系怪物
E	Enlightened Infest Monsterss	圣贤感染怪物
E	Enlightened Legendary Cardss	圣贤传奇卡牌
E	Enlightened Temple of Deaths	圣贤死亡神殿
E	Enlightened Transform Cards:	圣贤转化卡：
E	Enlightened Transform Cardss	圣贤转化卡
E	Lifebound Dark Energy Shards	命约暗能碎片
E	Lifebound Dreambind Monsters	命约梦缚怪物
E	Lifebound Light & Dark Cards	命约光暗卡牌
E	Lifebound Multifaction Cards	命约多派系卡牌
E	Loading cards please wait...	正在加载卡牌，请稍候…
E	Mechana Dark Energy Shards:s	机械暗能碎片：
E	Mechana Legendary Characters	机械传奇角色
E	Mechana Transforming Eventss	机械转化事件
E	Monster Dark Energy Shards:s	怪物暗能碎片：
E	Monster Legendary Characters	怪物传奇角色
E	Monster Transforming Eventss	怪物转化事件
E	Successfully removed friend.	已移除好友。
E	Unable to join.Game is full.	无法加入。<br>对局已满。
E	Who? What? Where? When? Why?	谁？什么？哪里？何时？为何？
E	%s gains %d power from %s\\n	%s从%s获得%d点战力\\n
E	%s gains %d runes from %s\\n	%s从%s获得%d点符文\\n
E	<size=104>D</size>arkwalker	暗行者
E	<size=104>W</size>icked End	邪终结
E	<size=141%>A</size>nalytics	分析
E	<size=141%>A</size>scension	创升纪元
E	<size=141%>C</size>ompleted	已完成
E	<size=141%>C</size>onstruct	神器
E	<size=141%>D</size>reambind	梦缚
E	<size=141%>D</size>reamborn	梦生
E	<size=141%>F</size>orfeits:	弃权：
E	<size=141%>G</size>odslayer	弑神者
E	<size=141%>K</size>eystones	钥石
E	<size=141%>L</size>anguages	语言
E	<size=141%>L</size>egendary	传奇
E	<size=141%>L</size>ifebound	命约
E	<size=141%>M</size>ilestone	里程碑
E	<size=141%>M</size>onkopoly	僧侣垄断
E	<size=141%>N</size>ext\nGame	下一\n局\n
E	<size=141%>P</size>assword:	密码：
E	<size=141%>P</size>urchased	已购买
E	<size=141%>R</size>ecruiter	征召官
E	<size=141%>T</size>RANSFORM	转化
E	<size=141%>T</size>ransform	转化
E	<size=141%>T</size>utorials	教程
E	<size=141%>U</size>sername:	用户名：
E	<size=141%>W</size>ednesday	星期三
E	Chronicles of the Godslayer	弑神编年史
E	Common Dark Energy Shards:s	普通暗能碎片：
E	Common Legendary Characters	普通传奇角色
E	Common Transforming Eventss	普通转化事件
E	Enlightened Dreamborn Cards	圣贤梦生卡牌
E	Enlightened Dual Cost Cards	圣贤双费卡牌
E	Enlightened Infest Monsters	圣贤感染怪物
E	Enlightened Legendary Cards	圣贤传奇卡牌
E	Enlightened Temple of Death	圣贤死亡神殿
E	Enlightened Temple of Lifes	圣贤生命神殿
E	Enlightened Transform Cards	圣贤转化卡
E	Enlightened Treasure Cardss	圣贤宝藏卡
E	Failed to Connect to Server	连接服务器失败
E	Kill the Cultist 1000 times	击败邪教徒 1000 次
E	Lifebound Dark Energy Shard	命约暗能碎片
E	Lifebound Faction Monsterss	命约派系怪物
E	Lifebound Transform Cards:s	命约转化卡：
E	Mechana Dark Energy Shards:	机械暗能碎片：
E	Mechana Dark Energy Shardss	机械暗能碎片
E	Mechana Dreambind Monsterss	机械梦缚怪物
E	Mechana Legendary Character	机械传奇角色
E	Mechana Light & Dark Cardss	机械光暗卡牌
E	Mechana Multifaction Cardss	机械多派系卡牌
E	Mechana Transforming Events	机械转化事件
E	Monster Dark Energy Shards:	怪物暗能碎片：
E	Monster Dark Energy Shardss	怪物暗能碎片
E	Monster Dreambind Monsterss	怪物梦缚怪物
E	Monster Legendary Character	怪物传奇角色
E	Monster Light & Dark Cardss	怪物光暗卡牌
E	Monster Multifaction Cardss	怪物多派系卡牌
E	Monster Transforming Events	怪物转化事件
E	Removing "{0}" as a friend.	正在移除好友“{0}”。
E	Void Temple of Immortalitys	虚空不朽神殿
E	You must provide a password	必须设置密码
E	{0} is already your friend.	{0} 已经是你的好友。
E	%s discards %s from play\\n	%s从战场弃掉%s\\n
E	%s gains %d honor tokens\\n	%s获得%d点荣誉\\n
E	%s loses %d honor tokens\\n	%s失去%d点荣誉\\n
E	<size=104>W</size>arprogue	扭曲游荡者
E	<size=141%>A</size>ssassin	刺客
E	<size=141%>B</size>eginner	入门
E	<size=141%>C</size>ONTINUE	继续
E	<size=141%>C</size>hampion	冠军
E	<size=141%>C</size>ontinue	继续
E	<size=141%>D</size>elirium	谵妄
E	<size=141%>D</size>estroy:	摧毁：
E	<size=141%>E</size>ND\nTURN	结束回合
E	<size=141%>E</size>NERGIZE	充能
E	<size=141%>E</size>lements	元素
E	<size=141%>E</size>nd\nTurn	结束回合
E	<size=141%>E</size>nergize	充能
E	<size=141%>F</size>anatic:	狂信者：
E	<size=141%>F</size>orfeits	认输次数
E	<size=141%>J</size>apanese	日语
E	<size=141%>J</size>ubilee!	狂欢！
E	<size=141%>K</size>eystone	钥石
E	<size=141%>L</size>anguage	语言
E	<size=141%>M</size>onsters	怪物
E	<size=141%>O</size>NGOING:	持续：
E	<size=141%>P</size>assword	密码
E	<size=141%>P</size>asythea	帕西提亚
E	<size=141%>P</size>hantasm	幻象
E	<size=141%>P</size>rofiles	个人资料
E	<size=141%>P</size>urchase	购买
E	<size=141%>R</size>ulebook	规则书
E	<size=141%>S</size>ERENITY	宁静
E	<size=141%>S</size>aturday	星期六
E	<size=141%>S</size>erenity	宁静
E	<size=141%>S</size>ettings	设置
E	<size=141%>S</size>hackled	镣铐
E	<size=141%>T</size>hursday	星期四
E	<size=141%>T</size>reasure	宝藏
E	<size=141%>T</size>utorial	教程
E	<size=141%>U</size>sername	用户名
E	<size=141%>V</size>ersion:	版本：
E	<size=141%>V</size>iewing:	正在查看：
E	<size=141%>W</size>ithdraw	退出对局
E	Chronicle of the Godslayer	弑神编年史
E	Common Dark Energy Shards:	普通暗能碎片：
E	Common Dark Energy Shardss	普通暗能碎片
E	Common Dreambind Monsterss	普通梦缚怪物
E	Common Legendary Character	普通传奇角色
E	Common Light & Dark Cardss	普通光暗卡牌
E	Common Multifaction Cardss	普通多派系卡牌
E	Common Transforming Events	普通转化事件
E	Enlightened Champion Cards	圣贤冠军卡
E	Enlightened Temple of Life	圣贤生命神殿
E	Enlightened Treasure Cards	圣贤宝藏卡
E	Gain 10 energy in one turn	同一回合获得 10 点能量
E	Have Valid Playdek Account	拥有有效的 Playdek 账号
E	I Guess It Just Froze Over	想来地狱结冰了
E	Lifebound Dreamborn Cardss	命约梦生卡牌
E	Lifebound Dual Cost Cardss	命约双费卡牌
E	Lifebound Faction Monsters	命约派系怪物
E	Lifebound Infest Monsterss	命约感染怪物
E	Lifebound Legendary Cardss	命约传奇卡牌
E	Lifebound Temple of Deaths	命约死亡神殿
E	Lifebound Transform Cards:	命约转化卡：
E	Lifebound Transform Cardss	命约转化卡
E	Loading cards, please wait	正在加载卡牌，请稍候
E	Mechana Dark Energy Shards	机械暗能碎片
E	Mechana Dreambind Monsters	机械梦缚怪物
E	Mechana Light & Dark Cards	机械光暗卡牌
E	Mechana Multifaction Cards	机械多派系卡牌
E	Monster Dark Energy Shards	怪物暗能碎片
E	Monster Dreambind Monsters	怪物梦缚怪物
E	Monster Light & Dark Cards	怪物光暗卡牌
E	Monster Multifaction Cards	怪物多派系卡牌
E	Piper at the Gates of Dawn	黎明之门的吹笛人
E	Play 5 Soul Gems in 1 turn	同一回合打出 5 枚灵魂宝石
E	Successfully Created Game!	对局创建成功！
E	Transformed Lifebound Hero	已转化命约英雄
E	Void Temple of Immortality	虚空不朽神殿
E	\nReward:   <color=white>1	奖励：   <color=white>1
E	<size=141%>A</size>cquire	获取
E	<size=141%>A</size>uction	竞拍
E	<size=141%>B</size>uilder	建造者
E	<size=141%>C</size>hinese	中文
E	<size=141%>C</size>onfirm	确认
E	<size=141%>C</size>ontrol	控制
E	<size=141%>C</size>redits	制作人员
E	<size=141%>C</size>ultist	邪教徒
E	<size=141%>D</size>estroy	摧毁
E	<size=141%>D</size>etails	详情
E	<size=141%>D</size>hartha	达萨
E	<size=141%>D</size>iscard	弃牌堆
E	<size=141%>D</size>ismiss	关闭
E	<size=141%>E</size>MPOWER	赋力
E	<size=141%>E</size>mpower	赋力
E	<size=141%>E</size>nglish	英语
E	<size=141%>F</size>anatic	狂信者
E	<size=141%>F</size>orfeit	认输
E	<size=141%>F</size>reebee	白嫖
E	<size=141%>F</size>riends	好友
E	<size=141%>I</size>nsight	洞察
E	<size=141%>I</size>nvited	已邀请
E	<size=141%>I</size>talian	意大利语
E	<size=141%>L</size>egends	史诗传奇
E	<size=141%>L</size>oading	加载中
E	<size=141%>M</size>echana	机械
E	<size=141%>M</size>ilitia	民兵
E	<size=141%>M</size>inutes	分钟
E	<size=141%>M</size>onster	怪物
E	<size=141%>O</size>NGOING	持续
E	<size=141%>O</size>ffline	离线
E	<size=141%>O</size>ngoing	持续
E	<size=141%>O</size>ptions	选项
E	<size=141%>P</size>lunder	掠夺
E	<size=141%>P</size>rofile	个人资料
E	<size=141%>R</size>ematch	再来一局
E	<size=141%>R</size>eplace	替换
E	<size=141%>R</size>eward:	奖励：
E	<size=141%>R</size>ussian	俄语
E	<size=141%>S</size>econds	秒
E	<size=141%>S</size>huffle	洗牌
E	<size=141%>S</size>panish	西班牙语
E	<size=141%>T</size>emples	神殿
E	<size=141%>T</size>rophy:	战利品：
E	<size=141%>T</size>uesday	星期二
E	<size=141%>V</size>erify:	验证：
E	<size=141%>W</size>aiting	等待中
E	<size=141%>W</size>arning	警告
E	A Complete Transformation	完全转化
E	Adding "{0}" as a friend.	正在将“{0}”加为好友。
E	Adding "{0}" as a friend.	正在将“{0}”加为好友。
E	Check your password again	请再次确认密码
E	Common Dark Energy Shards	普通暗能碎片
E	Common Dreambind Monsters	普通梦缚怪物
E	Common Light & Dark Cards	普通光暗卡牌
E	Common Multifaction Cards	普通多派系卡牌
E	Enlightened Champion Card	圣贤冠军卡
E	Enlightened Dream Visions	圣贤梦境异象
E	Enlightened Energy Shards	圣贤能量碎片
E	Enlightened Event Cards:s	圣贤事件卡：
E	Enlightened Treasure Card	圣贤宝藏卡
E	Enlightened Vision Cardss	圣贤异象卡牌
E	Lifebound Dreamborn Cards	命约梦生卡牌
E	Lifebound Dual Cost Cards	命约双费卡牌
E	Lifebound Infest Monsters	命约感染怪物
E	Lifebound Legendary Cards	命约传奇卡牌
E	Lifebound Temple of Death	命约死亡神殿
E	Lifebound Temple of Lifes	命约生命神殿
E	Lifebound Transform Cards	命约转化卡
E	Lifebound Treasure Cardss	命约宝藏卡
E	Mechana Dark Energy Shard	机械暗能碎片
E	Mechana Faction Monsterss	机械派系怪物
E	Mechana Transform Cards:s	机械转化卡：
E	Monster Dark Energy Shard	怪物暗能碎片
E	Monster Faction Monsterss	怪物派系怪物
E	Monster Transform Cards:s	怪物转化卡：
E	Purchase all for 99.99.99	全部购买 99.99.99
E	Searching for Games . . .	正在搜索对局 . . .
E	Successfully Joined Game!	已成功加入对局！
E	Use each of the Soul Gems	使用每一种灵魂宝石
E	Void Dark Energy Shards:s	虚空暗能碎片：
E	Void Legendary Characters	虚空传奇角色
E	Void Transforming Eventss	虚空转化事件
E	"We believe in nothing!"	「我们信奉虚无！」
E	<size=104>F</size>anatic	狂信者
E	<size=141%>A</size>ccept	接受
E	<size=141%>A</size>losya	阿洛西亚
E	<size=141%>A</size>vatar	头像
E	<size=141%>B</size>anish	放逐
E	<size=141%>C</size>ancel	取消
E	<size=141%>C</size>hoose	选择
E	<size=141%>C</size>ommit	确认
E	<size=141%>C</size>ommon	普通
E	<size=141%>D</size>efeat	击败
E	<size=141%>D</size>efend	防御
E	<size=141%>D</size>elete	删除
E	<size=141%>D</size>eofol	迪奥弗
E	<size=141%>E</size>nergy	能量
E	<size=141%>E</size>rabus	厄拉布斯
E	<size=141%>E</size>xpert	专家
E	<size=141%>F</size>inish	完成
E	<size=141%>F</size>rench	法语
E	<size=141%>F</size>riday	星期五
E	<size=141%>G</size>erman	德语
E	<size=141%>H</size>edron	多面体
E	<size=141%>H</size>eroes	英雄
E	<size=141%>I</size>NFEST	感染
E	<size=141%>I</size>nfest	感染
E	<size=141%>I</size>nvite	邀请
E	<size=141%>K</size>ythis	凯西斯
E	<size=141%>L</size>ocked	已锁定
E	<size=141%>M</size>edium	中
E	<size=141%>M</size>inute	分钟
E	<size=141%>M</size>onday	星期一
E	<size=141%>M</size>ystic	秘教士
E	<size=141%>N</size>IGHT:	夜：
E	<size=141%>N</size>ormal	普通
E	<size=141%>O</size>nline	在线
E	<size=141%>P</size>layer	玩家
E	<size=141%>P</size>ortal	传送门
E	<size=141%>P</size>romos	推广卡
E	<size=141%>R</size>ating	评分
E	<size=141%>R</size>ecur:	复发：
E	<size=141%>R</size>eject	拒绝
E	<size=141%>R</size>enown	声望
E	<size=141%>R</size>esume	继续游戏
E	<size=141%>R</size>eveal	展示
E	<size=141%>R</size>eward	奖励
E	<size=141%>S</size>amael	萨麦尔
E	<size=141%>S</size>econd	秒
E	<size=141%>S</size>unday	星期日
E	<size=141%>T</size>arget	选择
E	<size=141%>T</size>emple	神殿
E	<size=141%>T</size>rophy	战利品
E	<size=141%>V</size>ision	异象
E	<size=141%>Y</size>oink!	抢！
E	Account creation failed.	账号创建失败。
E	Common Dark Energy Shard	普通暗能碎片
E	Common Faction Monsterss	普通派系怪物
E	Common Transform Cards:s	普通转化卡：
E	Dreamscape & Dream Deck\n	梦境与梦境牌库
E	Enlightened Dream Vision	圣贤梦境异象
E	Enlightened Energy Shard	圣贤能量碎片
E	Enlightened Event Cards:	圣贤事件卡：
E	Enlightened Fate Cards:s	圣贤天命卡：
E	Enlightened Mechana Hero	圣贤机械英雄
E	Enlightened Vision Cards	圣贤异象卡牌
E	Have Asmodee.net Account	拥有 Asmodee.net 账号
E	Lifebound Champion Cards	命约冠军卡
E	Lifebound Temple of Life	命约生命神殿
E	Lifebound Treasure Cards	命约宝藏卡
E	Mechana Dreamborn Cardss	机械梦生卡牌
E	Mechana Dual Cost Cardss	机械双费卡牌
E	Mechana Faction Monsters	机械派系怪物
E	Mechana Infest Monsterss	机械感染怪物
E	Mechana Legendary Cardss	机械传奇卡牌
E	Mechana Temple of Deaths	机械死亡神殿
E	Mechana Transform Cards:	机械转化卡：
E	Mechana Transform Cardss	机械转化卡
E	Monster Dreamborn Cardss	怪物梦生卡牌
E	Monster Dual Cost Cardss	怪物双费卡牌
E	Monster Faction Monsters	怪物派系怪物
E	Monster Infest Monsterss	怪物感染怪物
E	Monster Legendary Cardss	怪物传奇卡牌
E	Monster Temple of Deaths	怪物死亡神殿
E	Monster Transform Cards:	怪物转化卡：
E	Monster Transform Cardss	怪物转化卡
E	P.R.I.M.E.'d for Victory	P.R.I.M.E. 制胜
E	Playdek Account Required	需要 Playdek 账号
E	Renown Threshold Effects	声望阈值效果
E	Retrieving Profile . . .	正在读取个人资料…
E	Reward:   <color=white>1	奖励：   <color=white>1
E	Select Expansions/Promos	选择扩展/特典
E	This is the flavor part.	此为风味文字。
E	Transformed Mechana Hero	已转化机械英雄
E	Username already in use.	用户名已被使用。
E	Void Dark Energy Shards:	虚空暗能碎片：
E	Void Dark Energy Shardss	虚空暗能碎片
E	Void Dreambind Monsterss	虚空梦缚怪物
E	Void Legendary Character	虚空传奇角色
E	Void Light & Dark Cardss	虚空光暗卡牌
E	Void Multifaction Cardss	虚空多派系卡牌
E	Void Transforming Events	虚空转化事件
E	<size=141%>A</size>dayu	阿达尤
E	<size=141%>A</size>klys	阿克里斯
E	<size=141%>B</size>oons	恩赐
E	<size=141%>C</size>lose	关闭
E	<size=141%>D</size>eath	死亡
E	<size=141%>E</size>mail	电子邮箱
E	<size=141%>E</size>mpty	空
E	<size=141%>E</size>rror	错误
E	<size=141%>E</size>vent	事件
E	<size=141%>F</size>ATE:	天命：
E	<size=141%>H</size>onor	荣誉
E	<size=141%>H</size>ours	小时
E	<size=141%>H</size>uman	人类
E	<size=141%>L</size>obby	大厅
E	<size=141%>L</size>ogin	登录
E	<size=141%>L</size>ogos	逻各斯
E	<size=141%>M</size>usic	音乐
E	<size=141%>N</size>IGHT	夜
E	<size=141%>N</size>airi	奈莉
E	<size=141%>N</size>ight	夜
E	<size=141%>O</size>wned	已拥有
E	<size=141%>P</size>ause	暂停
E	<size=141%>P</size>ower	战力
E	<size=141%>P</size>romo	推广卡
E	<size=141%>R</size>ally	集结
E	<size=141%>R</size>ecur	复发
E	<size=141%>R</size>ound	回合
E	<size=141%>R</size>unes	符文
E	<size=141%>S</size>etup	设置
E	<size=141%>S</size>pend	花费
E	<size=141%>S</size>tart	开始
E	<size=141%>T</size>hurs	四
E	<size=141%>U</size>NITE	联合
E	<size=141%>U</size>nite	联合
E	<size=141%>V</size>igil	祈夜
E	<size=141%>X</size>eron	泽伦
E	Common Dreamborn Cardss	普通梦生卡牌
E	Common Dual Cost Cardss	普通双费卡牌
E	Common Faction Monsters	普通派系怪物
E	Common Infest Monsterss	普通感染怪物
E	Common Legendary Cardss	普通传奇卡牌
E	Common Temple of Deaths	普通死亡神殿
E	Common Transform Cards:	普通转化卡：
E	Common Transform Cardss	普通转化卡
E	Double Tap to Continue…	双击继续…
E	Draw two cards instead.	改为抽两张牌。
E	Dreamscape & Dream Deck	梦境与梦境牌库
E	Enlightened Fate Cards:	圣贤天命卡：
E	Enlightened Soul Gems:s	圣贤灵魂宝石：
E	Lifebound Champion Card	命约冠军卡
E	Lifebound Dream Visions	命约梦境异象
E	Lifebound Energy Shards	命约能量碎片
E	Lifebound Event Cards:s	命约事件卡：
E	Lifebound Treasure Card	命约宝藏卡
E	Lifebound Vision Cardss	命约异象卡牌
E	Mechana Dreamborn Cards	机械梦生卡牌
E	Mechana Dual Cost Cards	机械双费卡牌
E	Mechana Infest Monsters	机械感染怪物
E	Mechana Legendary Cards	机械传奇卡牌
E	Mechana Temple of Death	机械死亡神殿
E	Mechana Temple of Lifes	机械生命神殿
E	Mechana Transform Cards	机械转化卡
E	Mechana Treasure Cardss	机械宝藏卡
E	Monster Dreamborn Cards	怪物梦生卡牌
E	Monster Dual Cost Cards	怪物双费卡牌
E	Monster Infest Monsters	怪物感染怪物
E	Monster Legendary Cards	怪物传奇卡牌
E	Monster Temple of Death	怪物死亡神殿
E	Monster Temple of Lifes	怪物生命神殿
E	Monster Transform Cards	怪物转化卡
E	Monster Treasure Cardss	怪物宝藏卡
E	More Than Meets The Eye	远不止表面
E	Network Connection Lost	网络连接已断开
E	Please enter a Username	请输入用户名
E	Renown Threshold Effect	声望阈值效果
E	Void Dark Energy Shards	虚空暗能碎片
E	Void Dreambind Monsters	虚空梦缚怪物
E	Void Light & Dark Cards	虚空光暗卡牌
E	Void Multifaction Cards	虚空多派系卡牌
E	without paying its cost	无需支付费用
E	<size=141%>A</size>rha	亚哈
E	<size=141%>B</size>ack	返回
E	<size=141%>B</size>oon	恩赐
E	<size=141%>C</size>opy	复制
E	<size=141%>D</size>AY:	昼：
E	<size=141%>D</size>ays	天
E	<size=141%>D</size>eck	牌库
E	<size=141%>D</size>one	完成
E	<size=141%>D</size>raw	抽
E	<size=141%>E</size>CHO	回响
E	<size=141%>E</size>asy	简单
E	<size=141%>E</size>cho	回响
E	<size=141%>E</size>xit	退出
E	<size=141%>F</size>ATE	天命
E	<size=141%>F</size>ast	快
E	<size=141%>F</size>ate	天命
E	<size=141%>G</size>ain	获得
E	<size=141%>G</size>ame	对局
E	<size=141%>G</size>ive	交给
E	<size=141%>H</size>and	手牌
E	<size=141%>H</size>ard	困难
E	<size=141%>H</size>ero	英雄
E	<size=141%>H</size>our	小时
E	<size=141%>J</size>oin	加入
E	<size=141%>L</size>ife	生命
E	<size=141%>L</size>ose	失去
E	<size=141%>M</size>enu	菜单
E	<size=141%>N</size>AME	名称
E	<size=141%>N</size>ame	名称
E	<size=141%>N</size>one	无
E	<size=141%>P</size>lay	打出
E	<size=141%>R</size>une	符文
E	<size=141%>S</size>low	慢
E	<size=141%>T</size>ues	二
E	<size=141%>T</size>urn	回合
E	<size=141%>U</size>ndo	撤销
E	<size=141%>V</size>OID	虚空
E	<size=141%>V</size>iew	查看
E	<size=141%>V</size>oid	虚空
E	<size=141%>应</size>用商店	商店
E	A Legend Among Legends	传奇中的传奇
E	Champions & Reputation	冠军与名望
E	Common Dreamborn Cards	普通梦生卡牌
E	Common Dual Cost Cards	普通双费卡牌
E	Common Infest Monsters	普通感染怪物
E	Common Legendary Cards	普通传奇卡牌
E	Common Temple of Death	普通死亡神殿
E	Common Temple of Lifes	普通生命神殿
E	Common Transform Cards	普通转化卡
E	Common Treasure Cardss	普通宝藏卡
E	Confirm Revealed Cards	确认已展示的卡牌
E	Enlightened Constructs	圣贤神器
E	Enlightened Soul Gems:	圣贤灵魂宝石：
E	Gain 9001 honor points	获得 9001 点荣誉
E	Glutton For Punishment	自讨苦吃
E	Greedy Treasure Hunter	贪婪寻宝者
E	Have Everything (CotG)	应有尽有（弑神）
E	Have Everything (RotF)	应有尽有（归来）
E	Hold To Show Transform	按住显示转化
E	Lifebound Dream Vision	命约梦境异象
E	Lifebound Energy Shard	命约能量碎片
E	Lifebound Event Cards:	命约事件卡：
E	Lifebound Fate Cards:s	命约天命卡：
E	Lifebound Vision Cards	命约异象卡牌
E	Mechana Champion Cards	机械冠军卡
E	Mechana Temple of Life	机械生命神殿
E	Mechana Treasure Cards	机械宝藏卡
E	Monster Champion Cards	怪物冠军卡
E	Monster Temple of Life	怪物生命神殿
E	Monster Treasure Cards	怪物宝藏卡
E	Passwords do not match	两次输入的密码不一致
E	Pasythea, The Redeemed	帕西提亚·救赎者
E	Reward: <color=white>1	奖励：   <color=white>1
E	STONE BLADE NEWSLETTER	Stone Blade 通讯
E	Terms of Use Agreement	使用条款
E	Thank you for playing.	感谢游玩。
E	Valley of the Ancients	上古山谷
E	Void Dark Energy Shard	虚空暗能碎片
E	Void Faction Monsterss	虚空派系怪物
E	Void Transform Cards:s	虚空转化卡：
E	You Must End Your Turn	你必须结束回合
E	<size=141%>A</size>ll	全部
E	<size=141%>B</size>uy	获取
E	<size=141%>D</size>AY	昼
E	<size=141%>D</size>ay	天
E	<size=141%>F</size>ri	五
E	<size=141%>H</size>rs	时
E	<size=141%>L</size>OG	记录
E	<size=141%>L</size>og	记录
E	<size=141%>M</size>in	分
E	<size=141%>M</size>on	一
E	<size=141%>N</size>ew	新建
E	<size=141%>N</size>yx	尼克斯
E	<size=141%>O</size>go	奥戈
E	<size=141%>P</size>ay	支付
E	<size=141%>S</size>at	六
E	<size=141%>S</size>ec	秒
E	<size=141%>S</size>un	日
E	<size=141%>U</size>se	使用
E	<size=141%>W</size>ed	三
E	<size=141%>内</size>购店	商店
E	Always Available Zone	始终可用区
E	Android Notifications	Android 通知
E	Champion Of Champions	冠军中的冠军
E	Common Champion Cards	普通冠军卡
E	Common Temple of Life	普通生命神殿
E	Common Treasure Cards	普通宝藏卡
E	Enlightened Construct	圣贤神器
E	Enlightened Soul Gems	圣贤灵魂宝石
E	Enlightened Treasures	圣贤宝藏
E	Enter Name for Player	请输入玩家名称
E	Have Everything (SoS)	应有尽有（风暴）
E	His edicts are final.	他的律令即为最终裁决。
E	Keep this resolution?	保留此分辨率？
E	Kythis, Rebel Godling	凯西斯·反叛神子
E	Lifebound Fate Cards:	命约天命卡：
E	Lifebound Soul Gems:s	命约灵魂宝石：
E	Mechana Champion Card	机械冠军卡
E	Mechana Dream Visions	机械梦境异象
E	Mechana Energy Shards	机械能量碎片
E	Mechana Event Cards:s	机械事件卡：
E	Mechana Treasure Card	机械宝藏卡
E	Mechana Vision Cardss	机械异象卡牌
E	Monster Champion Card	怪物冠军卡
E	Monster Dream Visions	怪物梦境异象
E	Monster Energy Shards	怪物能量碎片
E	Monster Event Cards:s	怪物事件卡：
E	Monster Treasure Card	怪物宝藏卡
E	Monster Vision Cardss	怪物异象卡牌
E	Press the new key for	请按下新的按键：
E	Purchaseable in Steam	可在 Steam 购买
E	Purchaseable on Steam	可在 Steam 购买
E	Reward: Gain 1 Honor.	奖励：获得1荣誉。
E	StoneBlade Newsletter	Stone Blade 通讯
E	Temple of Immortality	不朽神殿
E	The Tall Man Approves	高个儿点头
E	Tyranyx, the Pillager	泰兰尼克斯·劫掠者
E	User "{0}" not found.	未找到用户“{0}”。
E	User "{0}" not found.	未找到用户“{0}”。
E	Vault of the Ancients	上古宝库
E	Void Dreamborn Cardss	虚空梦生卡牌
E	Void Dual Cost Cardss	虚空双费卡牌
E	Void Faction Monsters	虚空派系怪物
E	Void Infest Monsterss	虚空感染怪物
E	Void Legendary Cardss	虚空传奇卡牌
E	Void Temple of Deaths	虚空死亡神殿
E	Void Transform Cards:	虚空转化卡：
E	Void Transform Cardss	虚空转化卡
E	Win 10 games in a row	连胜 10 局
E	You May End Your Turn	你可以结束回合
E	"Where's the money?"	「钱呢？」
E	<size=141%>H</size>R	时
E	<size=141%>O</size>K	确定
E	Borderland Mercenary	边地佣兵
E	Center Row Draw Pile	中央牌库
E	Choose Life or Death	选择生命或死亡
E	Choose Rune or Power	选择符文或战力
E	Clean Bill of Health	体检全绿
E	Commit Your Decision	确认你的决定
E	Common Champion Card	普通冠军卡
E	Common Dream Visions	普通梦境异象
E	Common Energy Shards	普通能量碎片
E	Common Event Cards:s	普通事件卡：
E	Common Treasure Card	普通宝藏卡
E	Common Vision Cardss	普通异象卡牌
E	Confirmation Pop-ups	确认弹窗
E	Connecting to Server	正在连接服务器
E	Current Highest Bid:	当前最高出价：
E	Downloadable Content	可下载内容
E	Enlightened Champion	圣贤冠军
E	Enlightened Soul Gem	圣贤灵魂宝石
E	Enlightened Templess	圣贤神殿
E	Enlightened Treasure	圣贤宝藏
E	Enter username here\n	在此输入用户名\n
E	Gain and draw a card	获得<sprite=113> 和抽一张牌
E	Gift of the Elements	元素的馈赠
E	Harbinger Of Winning	胜利先兆
E	Have Playdek Account	拥有 Playdek 账号
E	Lifebound Constructs	命约神器
E	Lifebound Soul Gems:	命约灵魂宝石：
E	Mechana Dream Vision	机械梦境异象
E	Mechana Energy Shard	机械能量碎片
E	Mechana Event Cards:	机械事件卡：
E	Mechana Fate Cards:s	机械天命卡：
E	Mechana Vision Cards	机械异象卡牌
E	Monster Dream Vision	怪物梦境异象
E	Monster Energy Shard	怪物能量碎片
E	Monster Event Cards:	怪物事件卡：
E	Monster Fate Cards:s	怪物天命卡：
E	Monster Vision Cards	怪物异象卡牌
E	Notification Options	通知选项
E	Once this turn, gain	本回合一次, 获得<sprite=66>
E	Play 1000 Constructs	打出 1000 件神器
E	Return of the Fallen	邪神归来
E	Shepherd of the Lost	牧者迷失
E	Void Dreamborn Cards	虚空梦生卡牌
E	Void Dual Cost Cards	虚空双费卡牌
E	Void Infest Monsters	虚空感染怪物
E	Void Legendary Cards	虚空传奇卡牌
E	Void Temple of Death	虚空死亡神殿
E	Void Temple of Lifes	虚空生命神殿
E	Void Transform Cards	虚空转化卡
E	Void Treasure Cardss	虚空宝藏卡
E	%s gains %d power\\n	%s获得%d点战力\\n
E	%s gains %d runes\\n	%s获得%d点符文\\n
E	Add Computer Player	添加电脑对手
E	Askara of Judgement	审判阿斯卡拉
E	Borderland Nihilist	边地虚无者
E	Common Dream Vision	普通梦境异象
E	Common Energy Shard	普通能量碎片
E	Common Event Cards:	普通事件卡：
E	Common Fate Cards:s	普通天命卡：
E	Common Vision Cards	普通异象卡牌
E	Creating Account...	正在创建账号...
E	Creating Game . . .	正在创建对局 . . .
E	Dark Energy Shards:	暗能碎片：
E	Defeat as Construct	作为神器击败
E	Defeating Monsters:	击败怪物：
E	Don't Mind If Adayu	阿达尤不介意
E	Email Notifications	邮件通知
E	Enlightened Monster	圣贤怪物
E	Enlightened Portals	圣贤传送门
E	Enlightened Temples	圣贤神殿
E	Enlightened Visions	圣贤异象
E	Enter username here	在此输入用户名\n
E	Honiskrot Tribesman	霍尼斯克洛特部族人
E	Legendary Character	传奇角色
E	Lifebound Construct	命约神器
E	Lifebound Soul Gems	命约灵魂宝石
E	Lifebound Treasures	命约宝藏
E	Lifebound Void Hero	生命虚空英雄
E	Light & Dark Cards\n	光暗卡牌
E	Mechana Fate Cards:	机械天命卡：
E	Mechana Soul Gems:s	机械灵魂宝石：
E	Monster Fate Cards:	怪物天命卡：
E	Monster Soul Gems:s	怪物灵魂宝石：
E	Offline Create Game	离线创建对局
E	Please enter a name	请输入名称
E	Purchase Separately	分开购买
E	Quick Match Request	快速匹配请求
E	Required Expansions	所需扩展
E	Rocket Courier X-99	火箭信使X-99
E	Three Cannon Salute	三炮齐鸣
E	Traditional Chinese	繁体中文
E	Transforming Events	转化事件
E	Void Champion Cards	虚空冠军卡
E	Void Temple of Life	虚空生命神殿
E	Void Treasure Cards	虚空宝藏卡
E	Waiting for Players	等待玩家
E	All Day, All Night	日日夜夜
E	Center Row Effects	中央牌列效果
E	Common Fate Cards:	普通天命卡：
E	Common Soul Gems:s	普通灵魂宝石：
E	Confirmation Pause	确认暂停
E	Create New Account	创建新账号
E	Dark Energy Shards	暗能碎片
E	Darkness Unleashed	黑暗释放
E	Delete Matchmaking	删除匹配
E	Dreambind Monsters	梦缚怪物
E	Enlightened Events	圣贤事件
E	Enlightened Portal	圣贤传送门
E	Enlightened Temple	圣贤神殿
E	Enlightened Vision	圣贤异象
E	Gameplay Analytics	游戏分析
E	Honiskrot Chieftan	霍尼斯克洛特酋长
E	Joining Game . . .	正在加入对局 . . .
E	Lifebound Soul Gem	命约灵魂宝石
E	Lifebound Templess	命约神殿
E	Lifebound Treasure	命约宝藏
E	Light & Dark Cards	光暗卡牌
E	Livin' On The Edge	刀锋边缘
E	Mechana Constructs	机械神器
E	Mechana Soul Gems:	机械灵魂宝石：
E	Monster Constructs	怪物神器
E	Monster Soul Gems:	怪物灵魂宝石：
E	Multifaction Cards	多派系卡牌
E	No Cards\nAvailable	暂无\n可用卡牌
E	No Cards Available	暂无\n可用卡牌
E	No Games Available	暂无可用对局
E	Not a valid target	不是有效目标
E	Online Create Game	在线创建对局
E	Playdek Newsletter	Playdek 通讯
E	Rally: Enlightened	集结：圣贤
E	Select your avatar	选择头像
E	Simplified Chinese	简体中文
E	The Fifth Elements	第五元素
E	Void Champion Card	虚空冠军卡
E	Void Dream Visions	虚空梦境异象
E	Void Energy Shards	虚空能量碎片
E	Void Event Cards:s	虚空事件卡：
E	Void Treasure Card	虚空宝藏卡
E	Void Vision Cardss	虚空异象卡牌
E	Waiting for Player	等待玩家
E	\nGain <sprite=2>\n	获得<sprite=2>
E	Aklys the Scourge	天灾阿克里斯
E	Collection Bundle	收藏组合包
E	Common Constructs	普通神器
E	Common Soul Gems:	普通灵魂宝石：
E	Dark Energy Shard	黑暗能量碎片
E	Dawn of Champions	冠军黎明
E	Death is eternal.	死亡是永恒的。
E	Deckbuilding Game	牌组构筑游戏
E	Drag below to add	拖到下方添加
E	Emri Lightbringer	携光者艾姆瑞
E	Enlightened Event	圣贤事件
E	Enlightened Heros	圣贤英雄
E	Enter email here\n	在此输入邮箱\n
E	Follow The Leader	跟随领袖
E	Forgemother Reysa	锻母雷萨
E	Gain <sprite=35>.	获得<sprite=35>.
E	Gatekeeper Kythis	守门人凯西斯
E	Global Honor Pool	全局荣誉池
E	Life finds a way.	生命自有出路。
E	Lifebound Monster	命约怪物
E	Lifebound Portals	命约传送门
E	Lifebound Temples	命约神殿
E	Lifebound Visions	命约异象
E	Mechana Construct	机械神器
E	Mechana Soul Gems	机械灵魂宝石
E	Mechana Treasures	机械宝藏
E	Messenger Mandate	使者敕令
E	Monster Construct	怪物神器
E	Monster Soul Gems	怪物灵魂宝石
E	Monster Treasures	怪物宝藏
E	Needed to defeat:	击败所需：
E	No Account at All	完全没有账号
E	Offline Game List	离线对局列表
E	Ouch, That Stings	哎哟，真刺
E	Press to continue	点按继续
E	Rating Difference	评分差
E	Remember Password	记住密码
E	Restore Purchases	恢复购买
E	Samael the Fallen	堕落之神萨麦尔
E	Stalk the Shadows	潜行暗影
E	Unable to create.	无法创建。
E	Void Dream Vision	虚空梦境异象
E	Void Energy Shard	虚空能量碎片
E	Void Event Cards:	虚空事件卡：
E	Void Fate Cards:s	虚空天命卡：
E	Void Vision Cards	虚空异象卡牌
E	Waiting for Start	等待开始
E	Waiting on Player	等待玩家中
E	You Must Be Aaron	你一定是亚伦
E	Yuk Tribe Gremlin	尤克部落小妖
E	iOS Notifications	iOS 通知
E	10th Anniversary	十周年
E	Add Human Player	添加真人玩家
E	Always Available	始终可用
E	Always available	始终可用
E	Cobra King Midas	眼镜蛇迈达斯
E	Common Construct	普通神器
E	Common Soul Gems	普通灵魂宝石
E	Common Treasures	普通宝藏
E	Confirm Password	确认密码
E	Content Unlocked	内容已解锁
E	Delete Your Game	删除你的对局
E	Devil's Triangle	魔鬼三角
E	Dreamborn Cards\r	梦生卡牌
E	Dual Cost Cards\n	双费卡牌
E	Enlightened Hero	圣贤英雄
E	Enter email here	在此输入邮箱\n
E	Everbloom Clique	永绽小圈子
E	Expansion Bundle	扩展组合包
E	Faction Monsters	派系怪物
E	Gain <sprite=33>	获得<sprite=33>
E	Infested Monster	感染怪物
E	Invalid Password	密码无效
E	Legendary Status	传奇地位
E	Library Familiar	图书馆使魔
E	Lifebound Events	命约事件
E	Lifebound Portal	命约传送门
E	Lifebound Temple	命约神殿
E	Lifebound Vision	命约异象
E	Living The Dream	活在梦里
E	Mechana Soul Gem	机械灵魂宝石
E	Mechana Templess	机械神殿
E	Mechana Treasure	机械宝藏
E	Monster Soul Gem	怪物灵魂宝石
E	Monster Templess	怪物神殿
E	Monster Treasure	怪物宝藏
E	No Card Selected	未选择卡牌
E	Online Game List	在线对局列表
E	Online Indicator	在线指示
E	Player Draw Pile	玩家牌库
E	Radiant Aspirant	辉耀追求者
E	Rally: Lifebound	集结：命约
E	Realms Unraveled	领域解开
E	Restore Defaults	恢复默认
E	Reward: Gain 1H.	奖励：获得1荣誉。
E	Stone Artificers	石神器师
E	Transform Cards:	转化卡：
E	Transformed Hero	已转化英雄
E	Trophy Monsters:	战利品怪物：
E	Void Fate Cards:	虚空天命卡：
E	Void Soul Gems:s	虚空灵魂宝石：
E	War is Upon Us!\n	战争将至！
E	%s defeats %s\\n	%s击败了%s\\n
E	Animation Speed	动画速度
E	Cetra's Respite	塞特拉的喘息
E	Clear Purchases	清除购买
E	Common Soul Gem	普通灵魂宝石
E	Common Templess	普通神殿
E	Common Treasure	普通宝藏
E	Completed Games	已完成对局
E	Cultist Screams	邪教徒惨叫
E	Disable Chinese	关闭中文
E	Dreamborn Cards	梦生卡牌
E	Dual Cost Cards	双费卡牌
E	Energizer Bunny	劲量兔
E	Gain <sprite=2>	获得<sprite=2>
E	Hoarding Tyrant	囤积暴君
E	Immortal Heroes	不朽英雄
E	Inferna Templar	炼狱圣殿武士
E	Infest Monsters	感染怪物
E	Legendary Cards	传奇卡牌
E	Legendary Track	传奇轨道
E	Legion of Aklys	军团阿克里斯
E	Lifebound Event	命约事件
E	Lifebound Heros	命约英雄
E	Loading... %d%%	加载中... %d%%
E	Lucky Godslayer	幸运弑神者
E	Master Assassin	大师刺客
E	Mechana Monster	机械怪物
E	Mechana Portals	机械传送门
E	Mechana Temples	机械神殿
E	Mechana Visions	机械异象
E	Monster Portals	怪物传送门
E	Monster Temples	怪物神殿
E	Monster Visions	怪物异象
E	Power Card Deck	战力牌库
E	Profile/Friends	档案/好友
E	Purchase: $x.99	购买：$x.99
E	Return to Lobby	返回大厅
E	Reward: 1 Honor	奖励：1荣誉
E	Select Language	选择语言
E	Send Login Info	发送登录信息
E	Share Analytics	分享分析数据
E	Ta'hyr, the Sun	塔希尔·太阳
E	Tap to Continue	点击继续
E	Temple of Death	死亡神殿
E	Theme Selection	主题选择
E	Transform Cards	转化卡
E	Transform Event	转化事件
E	Trophy Monsters	战利品怪物
E	Undaunted Scout	无畏斥候
E	United We Stand	众志成城
E	Void Constructs	虚空神器
E	Void Soul Gems:	虚空灵魂宝石：
E	War is Upon Us!	战争将至！
E	Account error.	账号出错。
E	Aether Warrior	以太战士
E	Ambient Volume	环境音量
E	Askara of Fate	命运阿斯卡拉
E	Catch 'em all!	全部抓住！
E	Common Monster	普通怪物
E	Common Portals	普通传送门
E	Common Temples	普通神殿
E	Common Visions	普通异象
E	Confirm Change	确认更改
E	Confirm Invite	确认邀请
E	Construct Tray	神器托盘
E	Create Account	创建账号
E	Death Keystone	死亡钥石
E	Delete Account	删除账号
E	Enable Chinese	启用中文
E	Enter Password	输入密码
E	Enter Username	输入用户名
E	Fate - Auction	天命 - 竞拍
E	First Beatdown	首次击败
E	Four Of Swords	宝剑四
E	Friend Request	好友请求
E	Gaining Renown	获得声望
E	Game Completed	对局结束
E	God Of Plunder	掠夺之神
E	Heavy Infantry	重装步兵
E	Invite Friends	邀请好友
E	Legendary Boon	传奇恩赐
E	Lifebound Hero	命约英雄
E	Mechana Events	机械事件
E	Mechana Portal	机械传送门
E	Mechana Temple	机械神殿
E	Mechana Vision	机械异象
E	Monster Events	怪物事件
E	Monster Portal	怪物传送门
E	Monster Temple	怪物神殿
E	Monster Vision	怪物异象
E	No Player Data	无玩家数据
E	No active game	无进行中的对局
E	Offline Record	离线战绩
E	Ongoing Trophy	持续战利品
E	Opponent Bids:	对手出价：
E	Opponent Stats	对手统计
E	Play Your Turn	请出牌
E	Please wait...	请稍候...
E	Privacy Policy	隐私政策
E	Rally: Mechana	集结：机械
E	Rally: Monster	集结：怪物
E	Ready to Start	准备开始
E	Remove Profile	删除个人资料
E	Renown Markers	声望标记
E	Reward: Gain .	<B>奖励：</B> 获得<sprite=66>.
E	Rune Card Deck	符文牌库
E	Soul Collector	灵魂收集者
E	Storm of Souls	灵魂风暴
E	Temple of Life	生命神殿
E	Treasure Cards	宝藏卡
E	Treasure Count	宝藏计数
E	Treasure Trove	珍宝库
E	Trophy Monster	战利品怪物
E	Viewing Player	正在查看玩家
E	Void Construct	虚空神器
E	Void Soul Gems	虚空灵魂宝石
E	Void Treasures	虚空宝藏
E	War of Shadows	暗影之战
E	Wild Riftdrake	荒野裂隙龙兽
E	(Unavailable)	（不可用）
E	AI Difficulty	电脑难度
E	Accept Invite	接受邀请
E	All Purchased	已全部购买
E	Announcements	公告
E	Beastly Staff	野兽之杖
E	Canon Templar	圣典圣殿武士
E	Champion Card	冠军卡
E	Claim Victory	宣布胜利
E	Common Events	普通事件
E	Common Portal	普通传送门
E	Common Temple	普通神殿
E	Common Vision	普通异象
E	Cult Friendly	邪教之友
E	Current Games	当前对局
E	Delete Friend	删除好友
E	Enter text...	请输入文字...
E	Forgot Login?	忘记登录信息？
E	Foundry Hound	铸造厂猎犬
E	Hunting Party	狩猎小队
E	Invalid Email	邮箱无效
E	Invite Friend	邀请好友
E	Life Keystone	生命钥石
E	Loading Cards	正在加载卡牌
E	Losses Versus	对战负场
E	Mechana Event	机械事件
E	Mechana Heros	机械英雄
E	Monster Event	怪物事件
E	Monster Heros	怪物英雄
E	Nihil Chemist	虚无药剂师
E	Notifications	通知
E	Now Available	现已推出
E	Offline Games	离线对局
E	Offline Lobby	离线大厅
E	Once per turn	每回合一次
E	Online Record	在线战绩
E	Opponent Area	对手区
E	Promo Pack #1	特典包 #1
E	Promo Pack #2	特典包 #2
E	Promo Pack #3	特典包 #3
E	Promo Pack #4	特典包 #4
E	Promo Pack #5	特典包 #5
E	Promo Pack #6	特典包 #6
E	Put into play	进入战场
E	Remote Player	远程玩家
E	Remove Friend	删除好友
E	Renown Marker	声望标记
E	Request Match	请求对局
E	Rise of Vigil	祈夜崛起
E	Roll Results:	掷骰结果：
E	Soul counters	灵魂指示物
E	Sound Effects	音效
E	Synapse Spire	突触尖塔
E	Thrice Reborn	三度重生
E	Time Traveler	时间旅人
E	Treasure Card	宝藏卡
E	Void Soul Gem	虚空灵魂宝石
E	Void Templess	虚空神殿
E	Void Treasure	虚空宝藏
E	Well of Souls	灵魂之井
E	Win 100 games	赢得 100 局游戏
E	Windowed Mode	窗口模式
E	Wish counters	愿望指示物
E	put into play	进入战场
E	AI Player 10	AI 玩家 10
E	AI Player 11	AI 玩家 11
E	AI Player 12	AI 玩家 12
E	AI Player 13	AI 玩家 13
E	AI Player 14	AI 玩家 14
E	AI Player 15	AI 玩家 15
E	AI Player 16	AI 玩家 16
E	AI Player 17	AI 玩家 17
E	AI Player 18	AI 玩家 18
E	AI Player 19	AI 玩家 19
E	AI Player 20	AI 玩家 20
E	Achievements	成就
E	Active Games	进行中的对局
E	Add a Friend	添加好友
E	Arha Recruit	亚哈新兵
E	Arha Templar	亚哈圣殿武士
E	Audio Levels	音量
E	Boon Balloon	恩赐气球
E	Card Gallery	卡牌图鉴
E	Clear Invite	清除邀请
E	Common Event	普通事件
E	Common Heros	普通英雄
E	Deal With It	认了吧
E	Delirium Die	谵妄骰
E	Discard Pile	弃牌堆
E	Discard Zone	弃牌区
E	Draw a card.	抽一张牌。
E	Dream Vision	梦境异象
E	Earth Tyrant	大地暴君
E	Energy Shard	能量碎片
E	Event - Void	<color=#d8a6ffff>事件 - 虚空
E	Event Cards:	事件卡：
E	Event Trophy	事件战利品
E	Expire Timer	超时计时
E	Fate Auction	天命竞拍
E	Forgot Login	忘记登录信息
E	Friends List	好友列表
E	Help Enabled	启用帮助
E	Honor Points	荣誉点数
E	Honor tokens	荣誉点数
E	In Progress:	进行中：
E	In-App Store	商店
E	Introduction	引言
E	Keep Playing	继续游戏
E	Key Bindings	按键绑定
E	Login failed	登录失败
E	Magnify Card	放大卡牌
E	Mechana Hero	机械英雄
E	Monster Hero	怪物英雄
E	Monster Mash	怪物盛宴
E	Music Volume	音乐音量
E	New Keywords	新关键字
E	Online Games	在线对局
E	Online Lobby	在线大厅
E	Online Login	在线登录
E	Opponent Box	对手框
E	Play Offline	离线游戏
E	Promo Pack 1	特典包 1
E	Promo Pack 2	特典包 2
E	Promo Pack 3	特典包 3
E	Promo Pack 4	特典包 4
E	Promo Pack 5	特典包 5
E	Promo Pack 6	特典包 6
E	Reward: Gain	<b>奖励：</b> 获得<sprite=72>
E	Serenity Now	此刻宁静
E	Soul Sisters	灵魂姐妹
E	Soul counter	灵魂指示物
E	Sound Volume	音效音量
E	Stay Focused	保持专注
E	Terms of Use	使用条款
E	The Benjamin	百战老兵
E	Time Machine	时间机器
E	Unbanishable	不可放逐
E	Vision Cards	异象卡牌
E	Void Monster	虚空怪物
E	Void Portals	虚空传送门
E	Void Temples	虚空神殿
E	Void Visions	虚空异象
E	Wish counter	愿望指示物
E	eysa's Trial	雷萨的试炼
E	honor points	荣誉点数
E	AI Opponent	电脑对手
E	AI Player 1	AI 玩家 1
E	AI Player 2	AI 玩家 2
E	AI Player 3	AI 玩家 3
E	AI Player 4	AI 玩家 4
E	AI Player 5	AI 玩家 5
E	AI Player 6	AI 玩家 6
E	AI Player 7	AI 玩家 7
E	AI Player 8	AI 玩家 8
E	AI Player 9	AI 玩家 9
E	Action Area	行动区
E	Add Profile	添加个人资料
E	Center Deck	中央牌库
E	Coming Soon	即将推出
E	Common Hero	普通英雄
E	Create Game	创建对局
E	Cult Killer	邪教克星
E	Delete Game	删除对局
E	Deliverance	救赎
E	Draaaaaaaw!	抽——牌！
E	Dreamseeker	寻梦者
E	Enlightened	圣贤
E	Enter Email	输入邮箱
E	Fate Cards:	天命卡：
E	Game Paused	游戏已暂停
E	Honor Pool:	荣誉池：
E	Honor token	荣誉点数
E	In Progress	进行中
E	MULTI-UNITE	多重联合
E	Multi-Unite	多重联合
E	On Your Way	初出茅庐
E	Over 9000!!	超过九千！！
E	Pasythea Go	帕西提亚出发
E	Play Online	在线游戏
E	Play Order:	出牌顺序：
E	Player Area	玩家区
E	Player Name	玩家名称
E	Portal Deck	传送门牌库
E	Promo Cards	特典卡
E	Quick Match	快速匹配
E	Rally: Void	集结：虚空
E	Resolutions	分辨率
E	Resume Game	继续游戏
E	Trophy Room	战利品室
E	Void Events	虚空事件
E	Void Portal	虚空传送门
E	Void Rising	虚空崛起
E	Void Temple	虚空神殿
E	Void Vision	虚空异象
E	Wicked Game	险恶游戏
E	Win a game.	赢得一局游戏。
E	Wins Versus	对战胜场
E	2 Players:	2 名玩家：
E	3 Players:	3 名玩家：
E	30 Minutes	30 分钟
E	4 Players:	4 名玩家：
E	Add Friend	添加好友
E	Any Rating	任意评分
E	Apprentice	学徒
E	B.F. Sword	大剑
E	Born Again	重生
E	Center Row	中央牌列
E	Completed:	已完成：
E	Constructs	神器
E	Darkwalker	暗行者
E	Dream Deck	梦境牌库
E	Dreamscape	梦境
E	Event Zone	事件区
E	Expansions	扩展
E	Fallen One	堕落者
E	Fullscreen	全屏
E	Game Speed	游戏速度
E	Game Stats	对局统计
E	Game Timer	对局计时
E	Honor Pool	荣誉池
E	Hot Streak	连胜热潮
E	Loading...	加载中...
E	Lobby Chat	大厅聊天
E	More Games	更多游戏
E	Next\nGame\n	下一\n局\n
E	On the Web	访问网站
E	Play Order	出牌顺序
E	Portuguese	葡萄牙语
E	Reputation	名望
E	Resolution	分辨率
E	Resources:	资源：
E	Soul Gems:	灵魂宝石：
E	Start Game	开始对局
E	Start Menu	开始菜单
E	Timer: Any	计时：任意
E	User Name:	用户名：
E	Vanquisher	征服者
E	Verify PW:	确认密码：
E	View Cards	查看卡牌
E	Void Event	虚空事件
E	Void Heros	虚空英雄
E	What's New	新内容
E	Wicked End	邪终结
E	Yolo Twice	再赌一把
E	2 Players	2 名玩家
E	3 Players	3 名玩家
E	4 Players	4 名玩家
E	AI Player	电脑玩家
E	All Games	全部对局
E	Analytics	分析
E	App Store	商店
E	Ascension	创升纪元
E	Auto Play	自动出牌
E	Bundle #1	组合包 #1
E	Bundle #2	组合包 #2
E	Bundle #3	组合包 #3
E	Bundle #4	组合包 #4
E	Bundle #5	组合包 #5
E	Completed	已完成
E	Construct	神器
E	Draw Deck	抽牌牌库
E	Dream Big	大胆做梦
E	Dreambind	梦缚
E	Dreamborn	梦生
E	Dual Cost	双费
E	Find Game	查找对局
E	Forfeits:	弃权：
E	Game Chat	对局聊天
E	Game End:	游戏结束：
E	Game List	对局列表
E	Game Type	对局类型
E	Godslayer	弑神者
E	Info Line	信息栏
E	Join Game	加入对局
E	Keystones	钥石
E	Languages	语言
E	Legendary	传奇
E	Lifebound	命约
E	Main Menu	主菜单
E	Milestone	里程碑
E	Monkopoly	僧侣垄断
E	New Vigil	新祈夜
E	Next\nGame	下一\n局\n
E	Next Game	下一\n局\n
E	Night Owl	夜猫子
E	Password:	密码：
E	Play Area	战场
E	Play Card	打出卡牌
E	Player 10	玩家 10
E	Player 11	玩家 11
E	Player 12	玩家 12
E	Player 13	玩家 13
E	Player 14	玩家 14
E	Player 15	玩家 15
E	Player 16	玩家 16
E	Player 17	玩家 17
E	Player 18	玩家 18
E	Player 19	玩家 19
E	Player 1​	玩家 1
E	Player 20	玩家 20
E	Player 2​	玩家 2
E	Player 3​	玩家 3
E	Player 4​	玩家 4
E	Purchased	已购买
E	Recruiter	征召官
E	Reward: 1	奖励：   <color=white>1
E	See Cards	查看卡牌
E	Soul Fire	灵魂之火
E	TRANSFORM	转化
E	Top Area\n	顶部区域
E	Transform	转化
E	Tutorials	教程
E	Username:	用户名：
E	View Game	观看对局
E	Void Hero	虚空英雄
E	Warprogue	扭曲游荡者
E	Wednesday	星期三
E	Your Bid:	你的出价：
E	(Closed)	(已关闭)
E	- Open -	- 打开 -
E	1-7 Days	1–7 天
E	14+ Days	14+ 天
E	88 Hours	88 小时
E	Assassin	刺客
E	Beginner	入门
E	CONTINUE	继续
E	Champion	冠军
E	Continue	继续
E	Delirium	谵妄
E	Destroy:	摧毁：
E	Dream On	继续做梦
E	END\nTURN	结束回合
E	END TURN	结束回合
E	ENERGIZE	充能
E	Elements	元素
E	End\nTurn	结束回合
E	End Game	结束对局
E	End Turn	结束回合
E	Energize	充能
E	Fanatic:	狂信者：
E	Forfeits	认输次数
E	Game Log	对局记录
E	Japanese	日语
E	Jubilee!	狂欢！
E	Keystone	钥石
E	Language	语言
E	Monsters	怪物
E	ONGOING:	持续：
E	PLAY ALL	全部打出
E	Password	密码
E	Pasythea	帕西提亚
E	Phantasm	幻象
E	Play All	全部打出
E	Player 1	玩家 1
E	Player 2	玩家 2
E	Player 3	玩家 3
E	Player 4	玩家 4
E	Player 5	玩家 5
E	Player 6	玩家 6
E	Player 7	玩家 7
E	Player 8	玩家 8
E	Player 9	玩家 9
E	Profiles	个人资料
E	Purchase	购买
E	Round 10	第 10 回合
E	Round 11	第 11 回合
E	Round 12	第 12 回合
E	Round 13	第 13 回合
E	Round 14	第 14 回合
E	Round 15	第 15 回合
E	Round 16	第 16 回合
E	Round 17	第 17 回合
E	Round 18	第 18 回合
E	Round 19	第 19 回合
E	Round 20	第 20 回合
E	Round: 0	回合：0
E	Rulebook	规则书
E	SERENITY	宁静
E	Saturday	星期六
E	Serenity	宁静
E	Settings	设置
E	Shackled	镣铐
E	Soul Gem	灵魂宝石
E	Tag Team	双打搭档
E	Thursday	星期四
E	Top Area	顶部区域
E	Treasure	宝藏
E	Tutorial	教程
E	Username	用户名
E	Version:	版本：
E	Viewing:	正在查看：
E	Weapon X	武器 X
E	Withdraw	退出对局
E	the Cult	教团
E	the Void	虚空区
E	the void	虚空区
E	Acquire	获取
E	Auction	竞拍
E	Builder	建造者
E	Chinese	中文
E	Confirm	确认
E	Control	控制
E	Credits	制作人员
E	Cultist	邪教徒
E	Deja Vu	似曾相识
E	Destroy	摧毁
E	Details	详情
E	Dhartha	达萨
E	EMPOWER	赋力
E	Empower	赋力
E	English	英语
E	Fanatic	狂信者
E	Forfeit	认输
E	Freebee	白嫖
E	Friends	好友
E	I Agree	我同意
E	Insight	洞察
E	Invited	已邀请
E	Italian	意大利语
E	Legends	史诗传奇
E	Loading	加载中
E	Log Out	退出登录
E	Look at	查看
E	Mechana	机械
E	Militia	民兵
E	Minutes	分钟
E	Monster	怪物
E	ONGOING	持续
E	Offline	离线
E	Ongoing	持续
E	Options	选项
E	Plunder	掠夺
E	Profile	个人资料
E	Promo 7	特典 7
E	Rematch	再来一局
E	Replace	替换
E	Reward:	奖励：
E	Round 1	第 1 回合
E	Round 2	第 2 回合
E	Round 3	第 3 回合
E	Round 4	第 4 回合
E	Round 5	第 5 回合
E	Round 6	第 6 回合
E	Round 7	第 7 回合
E	Round 8	第 8 回合
E	Round 9	第 9 回合
E	Russian	俄语
E	Seconds	秒
E	Shuffle	洗牌
E	Spanish	西班牙语
E	Temples	神殿
E	Trophy:	战利品：
E	Tuesday	星期二
E	Verify:	验证：
E	Waiting	等待中
E	Warning	警告
E	in play	战场
E	(Open)	(开放)
E	Accept	接受
E	Alosya	阿洛西亚
E	Avatar	头像
E	Banish	放逐
E	Cancel	取消
E	Choose	选择
E	Common	普通
E	Defeat	击败
E	Deofol	迪奥弗
E	Energy	能量
E	Erabus	厄拉布斯
E	Expert	专家
E	Finish	完成
E	French	法语
E	Friday	星期五
E	Gain .	获得<sprite=35>.
E	German	德语
E	Hedron	多面体
E	Heroes	英雄
E	INFEST	感染
E	Infest	感染
E	Invite	邀请
E	Kythis	凯西斯
E	Locked	已锁定
E	Medium	中
E	Minute	分钟
E	Monday	星期一
E	Mystic	秘教士
E	NIGHT:	夜：
E	Normal	普通
E	Online	在线
E	Player	玩家
E	Portal	传送门
E	Promos	推广卡
E	Rating	评分
E	Recur:	复发：
E	Reject	拒绝
E	Renown	声望
E	Resume	继续游戏
E	Reward	奖励
E	Samael	萨麦尔
E	Second	秒
E	Sunday	星期日
E	Temple	神殿
E	Trophy	战利品
E	Vision	异象
E	Yoink!	抢！
E	Adayu	阿达尤
E	Aklys	阿克里斯
E	Boons	恩赐
E	Death	死亡
E	Email	电子邮箱
E	Empty	空
E	Error	错误
E	Event	事件
E	FATE:	天命：
E	Honor	荣誉
E	Hours	小时
E	Human	人类
E	Lobby	大厅
E	Login	登录
E	Logos	逻各斯
E	Music	音乐
E	NIGHT	夜
E	Nairi	奈莉
E	Night	夜
E	Owned	已拥有
E	Pause	暂停
E	Power	战力
E	Promo	推广卡
E	Rally	集结
E	Recur	复发
E	Round	回合
E	Runes	符文
E	Setup	设置
E	Spend	花费
E	Thurs	四
E	UNITE	联合
E	Unite	联合
E	Vigil	祈夜
E	Xeron	泽伦
E	Deck	牌库
E	Draw	抽
E	ECHO	回响
E	Easy	简单
E	Echo	回响
E	Exit	退出
E	FATE	天命
E	Fate	天命
E	Hand	手牌
E	Hard	困难
E	Hero	英雄
E	Life	生命
E	Menu	菜单
E	NAME	名称
E	Name	名称
E	Rune	符文
E	VOID	虚空
E	Void	虚空
E	All	全部
E	DAY	昼
E	Day	天
E	LOG	记录
E	Log	记录
