id,area,match,key,context,en,zh,status,notes,card_id,card_set,field
car_04fa9d0ac669,cards_lua,lua,,"card=Vedah, Sage of Swords;field=display_name;set=promo","Vedah, Sage of Swords",剑贤维达,draft,,"Vedah, Sage of Swords",promo,display_name
car_47a11fd0a9b4,cards_lua,lua,,"card=Vedah, Sage of Swords;field=effect_text;set=promo",Reveal the top card of the center deck.  Draw it or defeat it.,展示传送门牌库顶的卡牌. 抽起它或击败它.,draft,,"Vedah, Sage of Swords",promo,effect_text
car_a1290c5d69e0,cards_lua,lua,,card=Giant Rat;field=display_name;set=promo,Giant Rat,巨鼠,draft,,Giant Rat,promo,display_name
car_158471bf4ada,cards_lua,lua,,card=Giant Rat;field=effect_text;set=promo,"Any card underneath Giant Rat cannot be acquired, banished, or defeated until Giant Rat is banished or defeated.
Reward: Gain 1H.","置于巨鼠下方的任何卡牌，在巨鼠被放逐或击败之前，不能被获取、放逐或击败。
奖励：获得 1 荣誉。",draft,pass4,Giant Rat,promo,effect_text
car_dec885e00961,cards_lua,lua,,card=Rat King;field=display_name;set=promo,Rat King,鼠王,draft,,Rat King,promo,display_name
car_13726193bdbe,cards_lua,lua,,card=Rat King;field=effect_text;set=promo,"When Rat King enters the center row, place a Giant Rat on top of each other center row space.
Reward: Gain 4H and defeat all Giant Rats in play.","当鼠王进入中央牌列时，在其他每个中央牌列栏位上各放置一张巨鼠。
奖励：获得 4 荣誉，并击败所有在场的巨鼠。",draft,qa_pass2,Rat King,promo,effect_text
car_1f046f5e29b8,cards_lua,lua,,card=Pathwarden;field=display_name;set=promo,Pathwarden,巡路者,draft,,Pathwarden,promo,display_name
car_80693e5ac4cf,cards_lua,lua,,card=Pathwarden;field=effect_text;set=promo,Gain 2R.  You may spend R as though it was P this turn.,获得2符文. 你可以花费R视为P本回合.,draft,,Pathwarden,promo,effect_text
car_a87fd19d934f,cards_lua,lua,,card=Deep Drone;field=display_name;set=promo,Deep Drone,深潜无人机,draft,,Deep Drone,promo,display_name
car_6afac19d0556,cards_lua,lua,,card=Deep Drone;field=effect_text;set=promo,Gain 2R.  Put the next construct you acquire this turn directly into play.,获得2符文. 放置下一神器你 获取本回合直接进入战场.,draft,,Deep Drone,promo,effect_text
car_a55d1cee627f,cards_lua,lua,,card=Void Mesmer;field=display_name;set=promo,Void Mesmer,虚空催眠师,draft,,Void Mesmer,promo,display_name
car_30ca361bf949,cards_lua,lua,,card=Void Mesmer;field=effect_text;set=promo,"Gain 2P.  The next time you defeat a Monster this turn, you may acquire a Hero of equal or lesser cost.","获得 2 战力。
本回合下次你击败怪物时，你可以获取一张费用相等或更低的英雄。",draft,pass13,Void Mesmer,promo,effect_text
car_f019be3fca47,cards_lua,lua,,"card=Kythis, the Gatekeeper;field=display_name;set=promo","Kythis, the Gatekeeper",守门人凯西斯,draft,,"Kythis, the Gatekeeper",promo,display_name
car_41156e205627,cards_lua,lua,,"card=Kythis, the Gatekeeper;field=effect_text;set=promo","When Kythis enters the center row, take the top card of the center deck and place it face down underneath him.
","当凯西斯进入中央牌列, 拿取传送门牌库顶的卡牌和 放置它 面朝下置于其下他.",draft,,"Kythis, the Gatekeeper",promo,effect_text
car_0de92af4c8b1,cards_lua,lua,,card=Journeyman Sage;field=display_name;set=promo,Journeyman Sage,旅者贤者,draft,,Journeyman Sage,promo,display_name
car_a44114f744e7,cards_lua,lua,,card=Journeyman Sage;field=effect_text;set=promo,"FATE: When this enters the center row, each player may banish a Hero in their hand to acquire a Mystic or Heavy Infantry and add it to their hand.
","天命： 当此牌进入中央牌列时, 每位玩家可以放逐英雄在其手牌中以 获取秘教士或 重装步兵和 加入其手牌.",draft,,Journeyman Sage,promo,effect_text
car_e9051951dc7f,cards_lua,lua,,card=Nethersnare;field=display_name;set=promo,Nethersnare,冥界陷阱,draft,,Nethersnare,promo,display_name
car_ab9b4e67486d,cards_lua,lua,,card=Nethersnare;field=effect_text;set=promo,"Once per turn, if there is no Monster under this, you may put a Monster from the center row under it.
You may defeat Monsters under this as though they were in the center row.
If this leaves play, put any monster under this on top of the center deck.","每回合一次，若此牌下没有怪物，你可以将中央牌列的一个怪物置于其下。
你可以击败怪物此牌下方 视为在中央牌列.
若此 离开打出, 放置任意怪物此牌下方 在顶部的 传送门牌库.",draft,pass6,Nethersnare,promo,effect_text
car_2cc7cccda50e,cards_lua,lua,,card=Askara of Fortune;field=display_name;set=promo,Askara of Fortune,幸运阿斯卡拉,draft,,Askara of Fortune,promo,display_name
car_9bec0911cfe7,cards_lua,lua,,card=Askara of Fortune;field=effect_text;set=promo,Each player reveals the top card of their deck. Choose a Hero revealed this way and copy its effect.,每位玩家展示顶部卡牌的 其牌库. 选择一个英雄已展示以此方式和 复制其效果.,draft,,Askara of Fortune,promo,effect_text
car_e4774e275b26,cards_lua,lua,,card=Hedron Flare;field=display_name;set=promo,Hedron Flare,多面体闪耀,draft,,Hedron Flare,promo,display_name
car_bf48b1ed1a84,cards_lua,lua,,card=Hedron Flare;field=effect_text;set=promo,"Once per turn, you may acquire a Mechana Hero in the center row without paying its cost.",每回合一次，你可以获取机械英雄在中央牌列无需支付费用.,draft,,Hedron Flare,promo,effect_text
car_08d91dca864f,cards_lua,lua,,"card=Cetra, Guide of Ogo;field=display_name;set=promo","Cetra, Guide of Ogo",奥戈向导塞特拉,draft,,"Cetra, Guide of Ogo",promo,display_name
car_023478b79203,cards_lua,lua,,"card=Cetra, Guide of Ogo;field=effect_text;set=promo",Acquire all Heroes in the center row without paying their costs. Put them on top of your deck in any order.,获取所有英雄在中央牌列无需支付费用. 放置它们放到你的牌库顶在 任意秩序.,draft,,"Cetra, Guide of Ogo",promo,effect_text
car_80626878aed6,cards_lua,lua,,card=Ring of Life;field=display_name;set=promo,Ring of Life,生命之环,draft,,Ring of Life,promo,display_name
car_77b6ae159de0,cards_lua,lua,,card=Ring of Life;field=effect_text;set=promo,"Once per turn, if you have played a Lifebound Hero, gain 1R. When Ring of Life enters play, choose a faction. Your Heroes of that factions are also Lifebound Heroes.",每回合一次，若你本回合已打出命约英雄，获得 1 符文。当生命之戒进入战场时，选择一个派系。你该派系的英雄也视为命约英雄。,draft,pass4,Ring of Life,promo,effect_text
car_c776285a6544,cards_lua,lua,,card=Ender of Days;field=display_name;set=promo,Ender of Days,终日者,draft,,Ender of Days,promo,display_name
car_e03bf7dbcbdc,cards_lua,lua,,card=Ender of Days;field=effect_text;set=promo,Reward: Gain 10H. Remove all Honor from the Honor Pool.,奖励：获得 10 荣誉。移除荣誉池中的全部荣誉。,draft,pass3b,Ender of Days,promo,effect_text
car_83a9b6055ea4,cards_lua,lua,,card=Leprechaun;field=display_name;set=promo,Leprechaun,小矮妖,draft,,Leprechaun,promo,display_name
car_03fc6c3742c3,cards_lua,lua,,card=Leprechaun;field=effect_text;set=promo,Gain 2R.  Acquire a Pot of Gold from the End of the Rainbow or from another player's control.,获得2符文. 获取一个罐的 金从彩虹尽头或 从另一名玩家的控制.,draft,,Leprechaun,promo,effect_text
car_85030fdbaa7f,cards_lua,lua,,card=Pot of Gold;field=display_name;set=promo,Pot of Gold,金罐,draft,,Pot of Gold,promo,display_name
car_972d97a3a898,cards_lua,lua,,card=Pot of Gold;field=effect_text;set=promo,"When you play this, draw a card.  When you play a Leprechaun, gain 1H.","当你 打出此, 抽一张牌. 当你 打出小矮妖, 获得1荣誉.",draft,,Pot of Gold,promo,effect_text
car_1e1844caac1a,cards_lua,lua,,"card=Miles, Golden Prodigy;field=display_name;set=promo","Miles, Golden Prodigy",黄金神童迈尔斯,draft,,"Miles, Golden Prodigy",promo,display_name
car_98562aa843c1,cards_lua,lua,,"card=Miles, Golden Prodigy;field=effect_text;set=promo","Draw a card. Whenever you play a card of another faction this turn, draw a card. This only happens once per faction.","抽一张牌. 每当你 打出卡牌的 另一派系本回合, 抽一张牌. 每个派系仅触发一次.",draft,,"Miles, Golden Prodigy",promo,effect_text
car_4a83dcc1c735,cards_lua,lua,,card=Control Room;field=display_name;set=promo,Control Room,控制室,draft,,Control Room,promo,display_name
car_a1eb19394507,cards_lua,lua,,card=Control Room;field=effect_text;set=promo,"Once per turn, you may put a Mechana Construct you control on top of the center deck.
If you do, acquire a Mechana Construct in the center row and put it in your hand.","每回合一次，你可以将你控制的一件机械神器放在传送门牌库顶.
若你如此做，获取中央牌列的机械神器，并将其放入你的手牌.",draft,pass6;pass13,Control Room,promo,effect_text
car_8055bbb3b190,cards_lua,lua,,card=Soul Collector;field=display_name;set=promo,Soul Collector,集魂者,draft,,Soul Collector,promo,display_name
car_2aed034593d5,cards_lua,lua,,card=Soul Collector;field=effect_text;set=promo,"Once per turn, add a Soul counter to this if you've defeated a Monster in the center row.
Once per turn, gain power equal to the number of Soul counters on this.","每回合一次，若你本回合已在中央牌列击败怪物，在此牌上放置一枚灵魂指示物。
每回合一次，获得等同于此牌上灵魂指示物数量的战力。",draft,pass4,Soul Collector,promo,effect_text
car_75d437e674eb,cards_lua,lua,,card=Arha Sanctuary;field=display_name;set=promo,Arha Sanctuary,亚哈圣所,draft,,Arha Sanctuary,promo,display_name
car_ea41f9693ad9,cards_lua,lua,,card=Arha Sanctuary;field=effect_text;set=promo,"When this enters play, put the top card of your deck under this face up.
Once per turn, you may swap a card in your hand for the card under Arha Sanctuary.
When Arha Sanctuary leaves play of the game ends, put the card under it into your discard pile.","当此牌进入战场时，将你牌库顶的一张牌正面朝上放在此牌下方。
每回合一次，你可以用手牌中的一张牌与亚哈圣所下方的牌交换。
当亚哈圣所离开战场或对局结束时，将其下方的牌置入你的弃牌堆。",draft,qa_pass2,Arha Sanctuary,promo,effect_text
car_a017955198b6,cards_lua,lua,,card=Moon Staff;field=display_name;set=promo,Moon Staff,月杖,draft,,Moon Staff,promo,display_name
car_7d2176eb899a,cards_lua,lua,,card=Moon Staff;field=effect_text;set=promo,"Once per turn, you may spend 4R to double your power.",每回合一次，你可以花费 4符文以 使你的战力翻倍.,draft,,Moon Staff,promo,effect_text
car_be8a54be86a3,cards_lua,lua,,card=Constricting Horror;field=display_name;set=promo,Constricting Horror,绞杀恐魔,draft,,Constricting Horror,promo,display_name
car_d44bccffb6a5,cards_lua,lua,,card=Constricting Horror;field=effect_text;set=promo,Reward: Gain 4H. Reveal cards from the center deck until you reveal a Hero. Acquire that Hero without paying its cost and banish each other card revealed this way.,奖励：获得4荣誉. 展示卡牌从中央牌库直到你 展示英雄. 获取该 英雄无需支付费用和 放逐每个其他卡牌已展示以此方式.,draft,,Constricting Horror,promo,effect_text
car_9098df74e352,cards_lua,lua,,card=Big Bad Bunny;field=display_name;set=promo,Big Bad Bunny,大坏兔子,draft,,Big Bad Bunny,promo,display_name
car_cf44547a1564,cards_lua,lua,,card=Big Bad Bunny;field=effect_text;set=promo,FATE: Place a card from the center deck facedown under this and each other card in the center row. ,天命：从中央牌库取一张牌正面朝下置于此牌下方，并对中央牌列每张其他牌各如此做一次。,draft,pass4,Big Bad Bunny,promo,effect_text
car_947079bfef30,cards_lua,lua,,card=Lotus Siren;field=display_name;set=promo,Lotus Siren,莲花海妖,draft,,Lotus Siren,promo,display_name
car_a0e63cb8bd57,cards_lua,lua,,card=Lotus Siren;field=effect_text;set=promo,"Gain 2R.
Whenever you acquire a Hero or Treasure card from the center row this turn, gain 1H. (Gain honor for each card acquired.)","获得2符文.
每当你获取一个英雄或 宝藏卡牌从中央牌列本回合, 已获取的每张卡牌各获得1荣誉。",draft,pass13,Lotus Siren,promo,effect_text
car_e00b0dea2754,cards_lua,lua,,card=Aether Channeler;field=display_name;set=promo,Aether Channeler,以太引导者,draft,,Aether Channeler,promo,display_name
car_08f5d0d38f81,cards_lua,lua,,card=Aether Channeler;field=effect_text;set=promo,Banish a card from your hand.  Replace it with a random hero and put it in your hand.,放逐一张手牌。用一张随机英雄替换它，并将该英雄放入你的手牌。,draft,qa_pass2,Aether Channeler,promo,effect_text
car_29c482c31e54,cards_lua,lua,,card=Spirit of the Ancients;field=display_name;set=promo,Spirit of the Ancients,上古之灵,draft,,Spirit of the Ancients,promo,display_name
car_9050a3f31378,cards_lua,lua,,card=Spirit of the Ancients;field=effect_text;set=promo,Choose a Lifebound Hero that hasn't been chosen with this before. This card counts as a copy of that Hero.,选择一张尚未被此牌选过的命约英雄。此牌视为该英雄的复制。,draft,pass4,Spirit of the Ancients,promo,effect_text
car_a95d89ffb2f5,cards_lua,lua,,card=Temporal Excavator;field=display_name;set=promo,Temporal Excavator,时光发掘者,draft,,Temporal Excavator,promo,display_name
car_91da16fb6992,cards_lua,lua,,card=Temporal Excavator;field=effect_text;set=promo,:  Add one card and if it is already there then banish it and replace it.,加入一张牌；若该处已有牌，则放逐它并替换。,draft,pass4,Temporal Excavator,promo,effect_text
car_d838878bd212,cards_lua,lua,,card=Eternal Tormentor;field=display_name;set=promo,Eternal Tormentor,永恒折磨者,draft,,Eternal Tormentor,promo,display_name
car_a776e6e65940,cards_lua,lua,,card=Eternal Tormentor;field=effect_text;set=promo,Defeat a random Monster in the void without paying its costs and put it on the bottom of the center deck.,击败一个随机怪物在 虚空区无需支付费用s和将它放置置于其底： 传送门牌库.,draft,,Eternal Tormentor,promo,effect_text
car_8d2464e12a3a,cards_lua,lua,,card=Explosive Swarm;field=display_name;set=promo,Explosive Swarm,爆裂虫群,draft,,Explosive Swarm,promo,display_name
car_2fca9b3ca027,cards_lua,lua,,card=Explosive Swarm;field=effect_text;set=promo,"Reward: Gain 4H. When an adjacent non-Monster card would be replaced,replace it with a copy of this Monster instead",奖励：获得 4 荣誉。当相邻的非怪物卡牌将被替换时，改为用此怪物的复制替换它。,draft,pass4,Explosive Swarm,promo,effect_text
car_388e07e21e78,cards_lua,lua,,card=Portal;field=display_name;set=promo,Portal,传送门,draft,,Portal,promo,display_name
car_a7be40fa9509,cards_lua,lua,,card=Portal;field=effect_text;set=promo,This is any hero or construct that could be found in the center deck of any Ascension set. You never know what you're going to get!,此为任意创升纪元系列中央牌库中可能出现的英雄或神器。你永远不知道会得到什么！,draft,qa_pass2,Portal,promo,effect_text
car_617874b094a4,cards_lua,lua,,card=Aether Curator;field=display_name;set=promo,Aether Curator,以太策展者,draft,,Aether Curator,promo,display_name
car_729e4d28bf2d,cards_lua,lua,,card=Aether Curator;field=effect_text;set=promo,"Banish a card in the center row. Replace it with a Portal.
",放逐中央牌列的一张牌。用一张传送门替换它。,draft,pass3b,Aether Curator,promo,effect_text
car_9ae8ffe093bc,cards_lua,lua,,card=Aetherspring Witch;field=display_name;set=promo,Aetherspring Witch,以太泉女巫,draft,,Aetherspring Witch,promo,display_name
car_ed84e2bcf5fe,cards_lua,lua,,card=Aetherspring Witch;field=effect_text;set=promo,"Choose one: Gain 3H, or acquire a Portal in the center row without paying its cost.","选择一项：获得3荣誉, 或获取传送门在中央牌列无需支付费用.",draft,pass13,Aetherspring Witch,promo,effect_text
car_37a893e65a6e,cards_lua,lua,,card=Destroyer's Gate;field=display_name;set=promo,Destroyer's Gate,毁灭者之门,draft,,Destroyer's Gate,promo,display_name
car_12b12f3b5d48,cards_lua,lua,,card=Destroyer's Gate;field=effect_text;set=promo,"After a certain amount of time, this transforms into something awesome!",经过一段时间后，此牌会转化成某种很厉害的东西！,draft,,Destroyer's Gate,promo,effect_text
car_710df8857c9b,cards_lua,lua,,card=Aether Ritualist;field=display_name;set=promo,Aether Ritualist,以太祭仪师,draft,,Aether Ritualist,promo,display_name
car_55cf5d8c2e58,cards_lua,lua,,card=Aether Ritualist;field=effect_text;set=promo,"Gain 2P.
The next time you defeat a Monster in the center row this turn, you may acquire a Portal without paying its cost.","获得2战力.
本回合下次你在中央牌列击败怪物时, 你可以无需支付费用获取传送门.",draft,pass13,Aether Ritualist,promo,effect_text
car_495bd3e769df,cards_lua,lua,,card=Tollmaster Ky'lek;field=display_name;set=promo,Tollmaster Ky'lek,税吏凯莱克,draft,,Tollmaster Ky'lek,promo,display_name
car_3ab14a46970d,cards_lua,lua,,card=Tollmaster Ky'lek;field=effect_text;set=promo,"FATE: Banish all other cards in the center row and replace them with Portals.
",天命： 放逐所有其他卡牌在中央牌列和 将它们替换以 传送门.,draft,,Tollmaster Ky'lek,promo,effect_text
car_2fa23e41f6ce,cards_lua,lua,,card=Defender of Vigil;field=display_name;set=promo,Defender of Vigil,防御者祈夜,draft,,Defender of Vigil,promo,display_name
car_d8876d887e28,cards_lua,lua,,card=Defender of Vigil;field=effect_text;set=promo,"Gain 2R and 2P.
Gain 1R for each Apprentice you play or have played this turn.
Gain 1P for each Militia you play or have played this turn.","获得2符文和 2战力.
本回合你打出或已打出的每张学徒各获得1符文.
本回合你打出或已打出的每张民兵各获得1战力.",draft,pass6;pass13,Defender of Vigil,promo,effect_text
car_49b461a8195a,cards_lua,lua,,"card=David, Prophetic Guide;field=display_name;set=promo","David, Prophetic Guide",大卫·预言向导,draft,,"David, Prophetic Guide",promo,display_name
car_5cdbdc96c061,cards_lua,lua,,"card=David, Prophetic Guide;field=effect_text;set=promo","Draw three card, then put two cards from your hand on top of your deck in any order.","抽三 卡牌, 然后放置两 卡牌从你的手牌放到你的牌库顶在 任意秩序.",draft,,"David, Prophetic Guide",promo,effect_text
car_3ed861db8452,cards_lua,lua,,card=Eye of Potential;field=display_name;set=promo,Eye of Potential,潜能之眼,draft,,Eye of Potential,promo,display_name
car_3ccbacaa8a47,cards_lua,lua,,card=Eye of Potential;field=effect_text;set=promo,"Once per turn, you may banish a card in your hand. If you do, acquire a Mystic or Heavy Infantry without paying its cost and put it in your hand.",每回合一次，你可以从你的手牌放逐一张卡牌. 若你如此做，无需支付费用获取秘教士或重装步兵，并将其放入你的手牌.,draft,pass6;pass13,Eye of Potential,promo,effect_text
car_431eb05ba102,cards_lua,lua,,"card=Forrest, Beastwarden;field=display_name;set=promo","Forrest, Beastwarden",福雷斯特·兽卫,draft,,"Forrest, Beastwarden",promo,display_name
car_4672dfeee6b5,cards_lua,lua,,"card=Forrest, Beastwarden;field=effect_text;set=promo","Gain 2R.
Once this turn, you may acquire a Hero in the void as though it were in the center row.","获得2符文.
本回合一次， 你可以获取一个英雄在 虚空区视为在中央牌列.",draft,pass11,"Forrest, Beastwarden",promo,effect_text
car_3da7e3ccd320,cards_lua,lua,,card=Lunar Matriarch;field=display_name;set=promo,Lunar Matriarch,月女族长,draft,,Lunar Matriarch,promo,display_name
car_bdfb1258acf8,cards_lua,lua,,card=Lunar Matriarch;field=effect_text;set=promo,"Gain 5H.
Once this turn, you may pay up to 5R to gain that much H.","获得5荣誉.
本回合一次， 你可以支付至多 5符文以 获得该等量的H.",draft,pass11,Lunar Matriarch,promo,effect_text
car_3ae23b604202,cards_lua,lua,,card=N.I.N.E.;field=display_name;set=promo,N.I.N.E.,N.I.N.E.,draft,,N.I.N.E.,promo,display_name
car_39b9bbdf0ea8,cards_lua,lua,,card=N.I.N.E.;field=effect_text;set=promo,"Gain 2R.
When you play a Mechana Construct, you may return this from your discard pile to your hand. (Cards played during your turn do not go to your discard pile until the end of the turn.)","获得2符文.
当你 打出机械神器, 你可以将此牌返回从 你的弃牌堆以 你的手牌. (卡牌打出过在你的回合中不 进入以 你的弃牌堆直到结束时回合.)",draft,pass6,N.I.N.E.,promo,effect_text
car_388f3b51f817,cards_lua,lua,,card=Tinkering Monk;field=display_name;set=promo,Tinkering Monk,摆弄僧侣,draft,,Tinkering Monk,promo,display_name
car_7063b1005e43,cards_lua,lua,,card=Tinkering Monk;field=effect_text;set=promo,"Gain 2R.
You may have each player gain H equal to the number of Mechana Constructs they control.","获得2符文.
你可以拥有每位玩家获得H等同于 数量为机械神器其控制的.",draft,pass6,Tinkering Monk,promo,effect_text
car_9e6aa902c4c9,cards_lua,lua,,card=Ethereal Huntress;field=display_name;set=promo,Ethereal Huntress,空灵女猎手,draft,,Ethereal Huntress,promo,display_name
car_034c088326b3,cards_lua,lua,,card=Ethereal Huntress;field=effect_text;set=promo,"Gain 3P.
You may put a Monster from the Void on top of the center deck.","获得3战力.
你可以放置怪物从虚空区在 顶部的 传送门牌库.",draft,,Ethereal Huntress,promo,effect_text
car_b088a06208dc,cards_lua,lua,,card=Chaos Rider;field=display_name;set=promo,Chaos Rider,混沌骑手,draft,,Chaos Rider,promo,display_name
car_4d07f88fa32d,cards_lua,lua,,card=Chaos Rider;field=effect_text;set=promo,"Gain 3P.
You may return a Void card from your discard pile to your hand.","获得3战力.
你可以返回虚空卡牌从 你的弃牌堆以 你的手牌.",draft,,Chaos Rider,promo,effect_text
car_688d5ab4ded1,cards_lua,lua,,"card=Nova, Born of Chaos;field=display_name;set=promo","Nova, Born of Chaos",诺娃·混沌所生,draft,,"Nova, Born of Chaos",promo,display_name
car_76810533301e,cards_lua,lua,,"card=Nova, Born of Chaos;field=effect_text;set=promo","Reward: All players return all honor tokens to the honor pool. If the game would end this round, it does not end.
Gain 10H.","奖励：所有玩家将全部荣誉标记返还荣誉池。若本轮本应结束游戏，则游戏不结束。
获得 10 荣誉。",draft,qa_pass2,"Nova, Born of Chaos",promo,effect_text
car_b36214cc4392,cards_lua,lua,,card=Stone Blade Templar;field=display_name;set=promo,Stone Blade Templar,石刃圣殿武士,draft,,Stone Blade Templar,promo,display_name
car_9fe57b91f417,cards_lua,lua,,card=Stone Blade Templar;field=effect_text;set=promo,"Reveal and banish the top card of the Center Deck. If its faction is:
Enlightened: Draw two cards.
Lifebound: Gain 3 Honor.
Mechana: Gain 2 Runes.
Void: Gain 2 Power.
No Faction: Choose one of the effects above.","展示并放逐传送门牌库顶的牌. 若其 派系为:
圣贤: 抽两张牌.
命约: 获得3 荣誉.
机械: 获得2 符文.
虚空: 获得2 战力.
无派系： 选择一 的效果上方.",draft,pass5;pass6,Stone Blade Templar,promo,effect_text
car_9d1ac8099a54,cards_lua,lua,,card=Spire of the Wind;field=display_name;set=promo,Spire of the Wind,尖塔风,draft,,Spire of the Wind,promo,display_name
car_fb506edab795,cards_lua,lua,,card=Spire of the Wind;field=effect_text;set=promo,"Once per turn, you may discard card from your hand to draw a card.If it is a Mystic or Heavy Infantry, draw 2 cards instead.","每回合一次，你可以弃掉卡牌从你的手牌以 抽一张牌.若它 为秘教士或 重装步兵, 抽 2 张牌改为.",draft,pass6,Spire of the Wind,promo,effect_text
car_7469985b4f5a,cards_lua,lua,,card=Seed of the World;field=display_name;set=promo,Seed of the World,种子世界,draft,,Seed of the World,promo,display_name
car_f5e6f95251b6,cards_lua,lua,,card=Seed of the World;field=effect_text;set=promo,"Once per turn, when you acquire a Hero in the Center Row,gain Honor equal to its Honor value.","每回合一次，当你获取一个英雄在 中央牌列,获得荣誉等同于 其荣誉值.",draft,pass6;pass13,Seed of the World,promo,effect_text
car_87a858f5e899,cards_lua,lua,,card=Chaotic Cannon;field=display_name;set=promo,Chaotic Cannon,混沌加农,draft,,Chaotic Cannon,promo,display_name
car_33cc74223176,cards_lua,lua,,card=Chaotic Cannon;field=effect_text;set=promo,"Once per turn, discard the top card of your deck to gain Power equal to its Honor value.If it is a Mechana Construct, put it in your hand instead.","每回合一次，弃掉你牌库顶的卡牌以 获得战力等同于 其荣誉值.若它 为机械神器, 将其放入你的手牌改为.",draft,pass6,Chaotic Cannon,promo,effect_text
car_7c52c0e2aa24,cards_lua,lua,,card=The Aethermourne;field=display_name;set=promo,The Aethermourne,以太哀歌,draft,,The Aethermourne,promo,display_name
car_1db44360720f,cards_lua,lua,,card=The Aethermourne;field=effect_text;set=promo,"Once per turn, gain Power equal to the number of Monsters in the Center Row.",每回合一次，获得战力等同于 数量为怪物在 中央牌列.,draft,pass6,The Aethermourne,promo,effect_text
car_0ee579938d05,cards_lua,lua,,card=Puggageddon;field=display_name;set=promo,Puggageddon,巴哥末日,draft,,Puggageddon,promo,display_name
car_e1cdc8bcbadc,cards_lua,lua,,card=Puggageddon;field=effect_text;set=promo,"Reward: Gain 2 Honor. Put this into another player's discard pile. When this is played from your hand, gain 1 Honor and put it into another player's discard pile.","奖励：获得2 荣誉. 放置此 置入另一玩家之弃牌堆. 当此 为打出过从你的手牌, 获得1 荣誉和 将其放入另一玩家之弃牌堆.",draft,pass6,Puggageddon,promo,effect_text
car_b689fdc7bce0,cards_lua,lua,,card=Twilight Scout;field=display_name;set=WoS,Twilight Scout,暮光斥候,draft,,Twilight Scout,WoS,display_name
car_cd95df57f47d,cards_lua,lua,,card=Twilight Scout;field=effect_text;set=WoS,"Draw a card.
",抽一张牌.,draft,,Twilight Scout,WoS,effect_text
car_0077c0a601ca,cards_lua,lua,,card=Inspired Templar;field=display_name;set=WoS,Inspired Templar,受启圣殿武士,draft,,Inspired Templar,WoS,display_name
car_b75edef206ef,cards_lua,lua,,card=Inspired Templar;field=effect_text;set=WoS,"Defeat a Monster with cost 4P or less without paying its cost.
",击败一个怪物以 费用 4战力或更低无需支付费用.,draft,,Inspired Templar,WoS,effect_text
car_1f05b9fd303c,cards_lua,lua,,card=Pillar of Resolve;field=display_name;set=WoS,Pillar of Resolve,柱决意,draft,,Pillar of Resolve,WoS,display_name
car_c41f69180c24,cards_lua,lua,,card=Pillar of Resolve;field=effect_text;set=WoS,"Once per turn, if you have played a Mystic and a Heavy Infantry, draw two cards.","每回合一次，若你 已打出秘教士和 重装步兵, 抽两张牌.",draft,pass6,Pillar of Resolve,WoS,effect_text
car_a04539065ebf,cards_lua,lua,,"card=Ta'hyr, the Sun;field=display_name;set=WoS","Ta'hyr, the Sun",塔希尔·太阳,draft,,"Ta'hyr, the Sun",WoS,display_name
car_70af2ae83617,cards_lua,lua,,"card=Ta'hyr, the Sun;field=effect_text;set=WoS","If all cards in the center row are DAY cards, ",若中央牌列的所有卡牌都是昼卡，,draft,pass3b,"Ta'hyr, the Sun",WoS,effect_text
car_d305237ebf53,cards_lua,lua,,card=Shrine Attendant;field=display_name;set=WoS,Shrine Attendant,神龛侍从,draft,,Shrine Attendant,WoS,display_name
car_7bb3fbf66c4a,cards_lua,lua,,card=Shrine Attendant;field=effect_text;set=WoS,Add a Mystic or Heavy Infantry to your hand.,加入秘教士或 重装步兵以 你的手牌.,draft,,Shrine Attendant,WoS,effect_text
car_42f220c1c339,cards_lua,lua,,card=Searing Askara;field=display_name;set=WoS,Searing Askara,灼热阿斯卡拉,draft,,Searing Askara,WoS,display_name
car_704db78c7dfd,cards_lua,lua,,card=Searing Askara;field=effect_text;set=WoS,Banish a card in the center row. Then you may acquire a card with cost 3R or less without paying its cost.,放逐中央牌列的一张卡牌. 然后你可以无需支付费用获取费用为 3 符文或更低的卡牌.,draft,pass13,Searing Askara,WoS,effect_text
car_068fe6dfc2c8,cards_lua,lua,,card=Arha Historian;field=display_name;set=WoS,Arha Historian,亚哈史官,draft,,Arha Historian,WoS,display_name
car_4338a845d40e,cards_lua,lua,,card=Arha Historian;field=effect_text;set=WoS,"Draw a card. If you play or have played a Mystic or Heavy Infantry this turn, draw an additional card.","抽一张牌. 若你打出或已打出秘教士或 重装步兵本回合, 额外抽一张牌.",draft,pass6,Arha Historian,WoS,effect_text
car_5d82423d625e,cards_lua,lua,,card=Bringer of Hope;field=display_name;set=WoS,Bringer of Hope,带来者希望,draft,,Bringer of Hope,WoS,display_name
car_002536c6d3a0,cards_lua,lua,,card=Bringer of Hope;field=effect_text;set=WoS,"Banish a card in your hand. If you do, add a Mystic AND a Heavy Infantry to your hand.",从你的手牌放逐一张卡牌. 若你如此做，将秘教士和重装步兵加入你的手牌.,draft,pass13,Bringer of Hope,WoS,effect_text
car_2157796cb395,cards_lua,lua,,card=Sunstreak Courier;field=display_name;set=WoS,Sunstreak Courier,日迹信使,draft,,Sunstreak Courier,WoS,display_name
car_5d9416872770,cards_lua,lua,,card=Sunstreak Courier;field=effect_text;set=WoS,Gain 1R and 1P.,获得1符文和 1战力.,draft,,Sunstreak Courier,WoS,effect_text
car_331ca21c4af3,cards_lua,lua,,card=Everbloom Witch;field=display_name;set=WoS,Everbloom Witch,永绽女巫,draft,,Everbloom Witch,WoS,display_name
car_7811648ad923,cards_lua,lua,,card=Everbloom Witch;field=effect_text;set=WoS,"Gain 3H.
UNITE: Gain 3H.","获得3荣誉.
联合： 获得3荣誉.",draft,,Everbloom Witch,WoS,effect_text
car_a0d847677d70,cards_lua,lua,,card=Marsh Ranger;field=display_name;set=WoS,Marsh Ranger,沼泽游侠,draft,,Marsh Ranger,WoS,display_name
car_fea758667456,cards_lua,lua,,card=Marsh Ranger;field=effect_text;set=WoS,"Gain 1R and 1H. Draw a card.
UNITE: Gain 1R and 1H. Draw a card.","获得1符文和 1荣誉. 抽一张牌.
联合： 获得1符文和 1荣誉. 抽一张牌.",draft,,Marsh Ranger,WoS,effect_text
car_e52aa06eb2a3,cards_lua,lua,,"card=Vyrak, the First;field=display_name;set=WoS","Vyrak, the First",维拉卡·初代,draft,,"Vyrak, the First",WoS,display_name
car_dc53626dd536,cards_lua,lua,,"card=Vyrak, the First;field=effect_text;set=WoS","You may spend P as R to acquire this.
Gain 10H.","你可以花费P作为R以获取此.
获得10荣誉.",draft,,"Vyrak, the First",WoS,effect_text
car_8c89d8894e63,cards_lua,lua,,card=Lunar Guardian;field=display_name;set=WoS,Lunar Guardian,月守卫,draft,,Lunar Guardian,WoS,display_name
car_242149a5c5e9,cards_lua,lua,,card=Lunar Guardian;field=effect_text;set=WoS,"Gain 2R.
",获得2符文.,draft,,Lunar Guardian,WoS,effect_text
car_363313751d2a,cards_lua,lua,,card=Verdant Chanter;field=display_name;set=WoS,Verdant Chanter,翠绿咏者,draft,,Verdant Chanter,WoS,display_name
car_001521cf9a9a,cards_lua,lua,,card=Verdant Chanter;field=effect_text;set=WoS,"Gain 2R.
",获得2符文.,draft,,Verdant Chanter,WoS,effect_text
car_f1fce71a3cc1,cards_lua,lua,,card=Map of the Stars;field=display_name;set=WoS,Map of the Stars,星图,draft,,Map of the Stars,WoS,display_name
car_b99ff4028090,cards_lua,lua,,card=Map of the Stars;field=effect_text;set=WoS,"Once per turn, gain 1R and 1P.",每回合一次，获得1符文和 1战力.,draft,,Map of the Stars,WoS,effect_text
car_9b715210fbed,cards_lua,lua,,"card=Luro, the Hunter;field=display_name;set=WoS","Luro, the Hunter",卢罗·猎手,draft,,"Luro, the Hunter",WoS,display_name
car_89e074f3eec1,cards_lua,lua,,"card=Luro, the Hunter;field=effect_text;set=WoS","Gain 3R.
",获得3符文.,draft,,"Luro, the Hunter",WoS,effect_text
car_a61e1ab53904,cards_lua,lua,,card=Solar Sentry;field=display_name;set=WoS,Solar Sentry,日哨兵,draft,,Solar Sentry,WoS,display_name
car_e94451fc532e,cards_lua,lua,,card=Solar Sentry;field=effect_text;set=WoS,"Gain 2R.
",获得2符文.,draft,,Solar Sentry,WoS,effect_text
car_54ecab6fdc26,cards_lua,lua,,card=Sureshot Tracker;field=display_name;set=WoS,Sureshot Tracker,神射追踪者,draft,,Sureshot Tracker,WoS,display_name
car_945c1fa27180,cards_lua,lua,,card=Sureshot Tracker;field=effect_text;set=WoS,"Gain 2P.
If you play or have played a Flare Tracker this turn, draw a card.","获得2战力.
若你打出或已打出闪光追踪者本回合, 抽一张牌.",draft,pass6,Sureshot Tracker,WoS,effect_text
car_0f660e4c13fd,cards_lua,lua,,card=Foundry Hound;field=display_name;set=WoS,Foundry Hound,铸造厂猎犬,draft,,Foundry Hound,WoS,display_name
car_e4ef6c3a0353,cards_lua,lua,,card=Foundry Hound;field=effect_text;set=WoS,"Once per turn, if you play a Mechana Contruct (including this one) or if it is Day, gain 2R.","每回合一次，若你 打出机械神器 (包括此牌) 或若 它为 昼, 获得2符文.",draft,pass6,Foundry Hound,WoS,effect_text
car_42fad0a9f323,cards_lua,lua,,card=Watchtower Golem;field=display_name;set=WoS,Watchtower Golem,瞭望塔魔像,draft,,Watchtower Golem,WoS,display_name
car_32c04aab780b,cards_lua,lua,,card=Watchtower Golem;field=effect_text;set=WoS,"Once per turn, if you play a Mechana Contruct (including this one) or if it is Day, gain 2P.","每回合一次，若你 打出机械神器 (包括此牌) 或若 它为 昼, 获得2战力.",draft,pass6,Watchtower Golem,WoS,effect_text
car_11474912fbb5,cards_lua,lua,,card=Wrecklamax;field=display_name;set=WoS,Wrecklamax,回收残机,draft,,Wrecklamax,WoS,display_name
car_45668c34daa1,cards_lua,lua,,card=Wrecklamax;field=effect_text;set=WoS,"Once per turn, if you play a Mechana Contruct (including this one) or if it is Day, draw a card.","每回合一次，若你 打出机械神器 (包括此牌) 或若 它为 昼, 抽一张牌.",draft,pass6,Wrecklamax,WoS,effect_text
car_d5e25ef8b729,cards_lua,lua,,card=Illuminator;field=display_name;set=WoS,Illuminator,照明者,draft,,Illuminator,WoS,display_name
car_d132053095a9,cards_lua,lua,,card=Illuminator;field=effect_text;set=WoS,"DAY: Once per turn, gain 1R and 1P ",昼：每回合一次，获得 1 符文和 1 战力,draft,pass3b,Illuminator,WoS,effect_text
car_a3a370157e01,cards_lua,lua,,card=Flare Tracker;field=display_name;set=WoS,Flare Tracker,闪光追踪者,draft,,Flare Tracker,WoS,display_name
car_3d3e5557bcb1,cards_lua,lua,,card=Flare Tracker;field=effect_text;set=WoS,"Gain 2R.
If you play or have played a Sureshot Tracker this turn, draw a card.","获得2符文.
若你打出或已打出神射追踪者本回合, 抽一张牌.",draft,pass6,Flare Tracker,WoS,effect_text
car_d3ad1958cdf8,cards_lua,lua,,card=Rescuebot 505;field=display_name;set=WoS,Rescuebot 505,救援机505,draft,,Rescuebot 505,WoS,display_name
car_5e8e1b17fa78,cards_lua,lua,,card=Rescuebot 505;field=effect_text;set=WoS,"When you acquire this and it is Day, put it directly into play.
When you acquire a Mechana Construct, put it directly into play.","当你获取此 和它 为昼, 将其直接进入战场.
当你获取机械神器, 将其直接进入战场.",draft,pass13,Rescuebot 505,WoS,effect_text
car_7804329e5835,cards_lua,lua,,card=Shade Converter;field=display_name;set=WoS,Shade Converter,暗影转化者,draft,,Shade Converter,WoS,display_name
car_62c729a8b11f,cards_lua,lua,,card=Shade Converter;field=effect_text;set=WoS,"If you control three or more Mechana Constructs, you may treat your turn as Day.","若你控制的三 或更高机械神器, 你可以视为你的回合作为昼.",draft,,Shade Converter,WoS,effect_text
car_cdb2177d4c39,cards_lua,lua,,card=Dogs of War;field=display_name;set=WoS,Dogs of War,犬战争,draft,,Dogs of War,WoS,display_name
car_680c5d6c7c4c,cards_lua,lua,,card=Dogs of War;field=effect_text;set=WoS,"Gain 1P.
You may banish a card in your hand or discard pile. If you do, gain an additional 1P.","获得1战力.
你可以从你的手牌或弃牌堆放逐一张卡牌. 若你如此做，获得额外的 1战力.",draft,pass13,Dogs of War,WoS,effect_text
car_180a162a2c5c,cards_lua,lua,,card=Riftwatch Outpost;field=display_name;set=WoS,Riftwatch Outpost,裂隙守望前哨,draft,,Riftwatch Outpost,WoS,display_name
car_cbc162610ce9,cards_lua,lua,,card=Riftwatch Outpost;field=effect_text;set=WoS,"Once per turn, gain 1P.
You may destroy this to gain 1P.","每回合一次，获得1战力.
你可以摧毁此 以获得1战力.",draft,,Riftwatch Outpost,WoS,effect_text
car_3568045ed32b,cards_lua,lua,,card=Deadeye Assassin;field=display_name;set=WoS,Deadeye Assassin,死眼刺客,draft,,Deadeye Assassin,WoS,display_name
car_b9d74b35b76e,cards_lua,lua,,card=Deadeye Assassin;field=effect_text;set=WoS,"Gain 3P.
Gain an additional 1P for each Void card in your discard pile.","获得3战力.
你弃牌堆中的每张虚空卡牌使你额外获得 1 战力.",draft,pass13,Deadeye Assassin,WoS,effect_text
car_dfa3148eac96,cards_lua,lua,,card=Dark Gladiator;field=display_name;set=WoS,Dark Gladiator,黑暗角斗士,draft,,Dark Gladiator,WoS,display_name
car_7c4505892146,cards_lua,lua,,card=Dark Gladiator;field=effect_text;set=WoS,"Gain 2P.
",获得2战力.,draft,,Dark Gladiator,WoS,effect_text
car_9e528804262b,cards_lua,lua,,card=Dread Conjurer;field=display_name;set=WoS,Dread Conjurer,恐惧咒术师,draft,,Dread Conjurer,WoS,display_name
car_20178d9c514c,cards_lua,lua,,card=Dread Conjurer;field=effect_text;set=WoS,"Draw a card.
",抽一张牌.,draft,,Dread Conjurer,WoS,effect_text
car_92aeaf0857e5,cards_lua,lua,,card=Wartorn Arbiter;field=display_name;set=WoS,Wartorn Arbiter,战创仲裁者,draft,,Wartorn Arbiter,WoS,display_name
car_f5b30c73b237,cards_lua,lua,,card=Wartorn Arbiter;field=effect_text;set=WoS,Gain 1P. ,获得1战力.,draft,,Wartorn Arbiter,WoS,effect_text
car_ee3ac1636f7e,cards_lua,lua,,card=Shade of Sadranis;field=display_name;set=WoS,Shade of Sadranis,暗影萨德拉尼斯,draft,,Shade of Sadranis,WoS,display_name
car_477ab9356cd6,cards_lua,lua,,card=Shade of Sadranis;field=effect_text;set=WoS,"Gain 4P.
",获得4战力.,draft,,Shade of Sadranis,WoS,effect_text
car_34acc9774693,cards_lua,lua,,"card=Isha, the Pursuer;field=display_name;set=WoS","Isha, the Pursuer",伊莎·追猎者,draft,,"Isha, the Pursuer",WoS,display_name
car_f32a1053dce0,cards_lua,lua,,"card=Isha, the Pursuer;field=effect_text;set=WoS","Gain 3P.
The next time you defeat a Monster this turn, gain R equal to the defeated Monster's P cost.","获得3战力.
下次你击败一个怪物本回合, 获得R等同于 被击败怪物之P费用.",draft,pass6,"Isha, the Pursuer",WoS,effect_text
car_4c5995d057d3,cards_lua,lua,,card=Shardwing Beetle;field=display_name;set=WoS,Shardwing Beetle,晶翼甲虫,draft,,Shardwing Beetle,WoS,display_name
car_5293ec9dcce3,cards_lua,lua,,card=Shardwing Beetle;field=effect_text;set=WoS,"Reward: Gain 3H.
When you defeat this, you may pay 3R to gain an additional 3H.","奖励：获得3荣誉.
当你击败此, 你可以支付 3符文以 获得额外的 3荣誉.",draft,pass13,Shardwing Beetle,WoS,effect_text
car_e947419595c5,cards_lua,lua,,card=Deceitful Ghoul;field=display_name;set=WoS,Deceitful Ghoul,欺诈食尸鬼,draft,,Deceitful Ghoul,WoS,display_name
car_6ad96f0e2434,cards_lua,lua,,card=Deceitful Ghoul;field=effect_text;set=WoS,"Reward: Gain 2H.
",奖励：获得2荣誉.,draft,,Deceitful Ghoul,WoS,effect_text
car_386ee59f0718,cards_lua,lua,,card=Scavenger Ants;field=display_name;set=WoS,Scavenger Ants,拾荒者蚁群,draft,,Scavenger Ants,WoS,display_name
car_dec44d21bb47,cards_lua,lua,,card=Scavenger Ants;field=effect_text;set=WoS,"Reward: Gain 4H.
",奖励：获得4荣誉.,draft,,Scavenger Ants,WoS,effect_text
car_cb359ac9965f,cards_lua,lua,,card=Emberwing Moth;field=display_name;set=WoS,Emberwing Moth,烬翼蛾,draft,,Emberwing Moth,WoS,display_name
car_8f88957286db,cards_lua,lua,,card=Emberwing Moth;field=effect_text;set=WoS,"Reward: Gain 5H.
",奖励：获得5荣誉.,draft,,Emberwing Moth,WoS,effect_text
car_f0159c196eeb,cards_lua,lua,,card=Cavern Creeper;field=display_name;set=WoS,Cavern Creeper,洞穴爬行者,draft,,Cavern Creeper,WoS,display_name
car_eff63fe3e86f,cards_lua,lua,,card=Cavern Creeper;field=effect_text;set=WoS,Reward: Gain 1H and 1R.,奖励：获得1荣誉和 1符文.,draft,,Cavern Creeper,WoS,effect_text
car_43ccb53c8c97,cards_lua,lua,,card=Shade Viper;field=display_name;set=WoS,Shade Viper,暗影毒蛇,draft,,Shade Viper,WoS,display_name
car_5f6d9ce422dc,cards_lua,lua,,card=Shade Viper;field=effect_text;set=WoS,"Reward: Gain 2H.
",奖励：获得2荣誉.,draft,,Shade Viper,WoS,effect_text
car_bc47d53ed0ad,cards_lua,lua,,card=Light of False Hope;field=display_name;set=WoS,Light of False Hope,光虚假希望,draft,,Light of False Hope,WoS,display_name
car_f08f01b31797,cards_lua,lua,,card=Light of False Hope;field=effect_text;set=WoS,"Reward: Gain 4H.
",奖励：获得4荣誉.,draft,,Light of False Hope,WoS,effect_text
car_8ee9e1adeaad,cards_lua,lua,,card=Lieutenant Duros;field=display_name;set=WoS,Lieutenant Duros,副官杜洛斯,draft,,Lieutenant Duros,WoS,display_name
car_b2f0ac8633ad,cards_lua,lua,,card=Lieutenant Duros;field=effect_text;set=WoS,"Reward: Gain 4H.
",奖励：获得4荣誉.,draft,,Lieutenant Duros,WoS,effect_text
car_8b8248891208,cards_lua,lua,,card=Legion of Aklys;field=display_name;set=WoS,Legion of Aklys,军团阿克里斯,draft,,Legion of Aklys,WoS,display_name
car_ecba692bca20,cards_lua,lua,,card=Legion of Aklys;field=effect_text;set=WoS,"If all cards in the center row are NIGHT cards, ",若中央牌列的所有卡牌都是夜卡，,draft,pass3b,Legion of Aklys,WoS,effect_text
car_d9d4f5939a81,cards_lua,lua,,"card=Aklys, the Scourge;field=display_name;set=WoS","Aklys, the Scourge",阿克里斯·灾祸,draft,,"Aklys, the Scourge",WoS,display_name
car_50944590d55c,cards_lua,lua,,"card=Aklys, the Scourge;field=effect_text;set=WoS","Reward: Gain 6H.
",奖励：获得6荣誉.,draft,,"Aklys, the Scourge",WoS,effect_text
car_1398f2c36a8e,cards_lua,lua,,card=Dhartha's Trial;field=display_name;set=GotE,Dhartha's Trial,达萨的试炼,draft,,Dhartha's Trial,GotE,display_name
car_85180237267b,cards_lua,lua,,card=Dhartha's Trial;field=effect_text;set=GotE,"Once per turn, if you have played a Mystic or Heavy Infantry, draw a card.
Pay 8R: Transform this into Dhartha, Eternal Seer and acquire it.","每回合一次，若你 已打出秘教士或 重装步兵, 抽一张牌.
支付 8符文: 将此牌转化为达萨, 永恒预言者并获取它.",draft,pass6;pass11,Dhartha's Trial,GotE,effect_text
car_a1bcaf000079,cards_lua,lua,,"card=Dhartha, Eternal Seer;field=display_name;set=GotE","Dhartha, Eternal Seer",达萨·永恒预言者,draft,,"Dhartha, Eternal Seer",GotE,display_name
car_bc08fb3eacde,cards_lua,lua,,"card=Dhartha, Eternal Seer;field=effect_text;set=GotE",Draw four cards.,抽四张牌.,draft,pass11,"Dhartha, Eternal Seer",GotE,effect_text
car_261d119522a3,cards_lua,lua,,card=Radiant Aspirant;field=display_name;set=GotE,Radiant Aspirant,辉耀追求者,draft,,Radiant Aspirant,GotE,display_name
car_e41d79f5549d,cards_lua,lua,,card=Radiant Aspirant;field=effect_text;set=GotE,"EMPOWER
Draw a card.","赋力
抽一张牌.",draft,kw_pass3,Radiant Aspirant,GotE,effect_text
car_57d2e50a4ca5,cards_lua,lua,,card=Water Elemental;field=display_name;set=GotE,Water Elemental,水元素,draft,,Water Elemental,GotE,display_name
car_ff1f3c0917e1,cards_lua,lua,,card=Water Elemental;field=effect_text;set=GotE,"Draw a card.
If this is banished from anywhere during your turn, draw two cards.","抽一张牌.
若此 为被放逐从 任意处在你的回合中, 抽两张牌.",draft,pass6,Water Elemental,GotE,effect_text
car_7070e77f0eba,cards_lua,lua,,card=Sister of the Wind;field=display_name;set=GotE,Sister of the Wind,姐妹风,draft,,Sister of the Wind,GotE,display_name
car_1a17808949f6,cards_lua,lua,,card=Sister of the Wind;field=effect_text;set=GotE,"Banish Sister of the Wind and a card in your hand. If you do, add a Mystic and/or a Heavy Infantry to your hand.",放逐姐妹的 风和 卡牌在你的手牌中. 若你如此做，加入秘教士和/或重装步兵以 你的手牌.,draft,,Sister of the Wind,GotE,effect_text
car_ea6227368747,cards_lua,lua,,card=Yuk Tribe Outcast;field=display_name;set=GotE,Yuk Tribe Outcast,尤克部落放逐者,draft,,Yuk Tribe Outcast,GotE,display_name
car_3a4a3def61a1,cards_lua,lua,,card=Yuk Tribe Outcast;field=effect_text;set=GotE,"Draw a card.
Banish a card in the center row. Then you may banish a Yuk Tribe Outcast or Yuk Tribe Gremlin in your hand to acquire or defeat a card in the center row without paying its cost.","抽一张牌.
放逐中央牌列的一张卡牌. 然后你可以放逐手牌中的尤克部落放逐者或尤克部落小妖，以无需支付费用获取或击败中央牌列的一张卡牌.",draft,pass13,Yuk Tribe Outcast,GotE,effect_text
car_d89fbdac8d7b,cards_lua,lua,,card=Thunder Templar;field=display_name;set=GotE,Thunder Templar,雷圣殿武士,draft,,Thunder Templar,GotE,display_name
car_aa82d9fa7243,cards_lua,lua,,card=Thunder Templar;field=effect_text;set=GotE,"EMPOWER
Defeat a Monster with cost 5P or less without paying its cost.","赋力
击败一个怪物以 费用 5战力或更低无需支付费用.",draft,kw_pass3,Thunder Templar,GotE,effect_text
car_4ad16a4a6513,cards_lua,lua,,card=Whirlwind Ascetic;field=display_name;set=GotE,Whirlwind Ascetic,旋风苦行僧,draft,,Whirlwind Ascetic,GotE,display_name
car_1a885f5819cf,cards_lua,lua,,card=Whirlwind Ascetic;field=effect_text;set=GotE,"Draw three cards, then discard two cards. You may return a Mystic AND a Heavy Infantry discarded this way to your hand.","抽三张牌, 然后弃掉两 卡牌. 你可以返回秘教士和 重装步兵已弃掉以此方式以 你的手牌.",draft,,Whirlwind Ascetic,GotE,effect_text
car_6e407d605cf5,cards_lua,lua,,card=Brother Laias;field=display_name;set=GotE,Brother Laias,修士莱亚斯,draft,,Brother Laias,GotE,display_name
car_00d4474a1866,cards_lua,lua,,card=Brother Laias;field=effect_text;set=GotE,"EMPOWER
When you acquire Brother Laias, put it into your hand if you have played a Mystic this turn.
Draw two cards.","赋力
当你获取修士莱亚斯, 将其放入你的手牌若 你已打出秘教士本回合.
抽两张牌.",draft,kw_pass3;pass6;pass13,Brother Laias,GotE,effect_text
car_3f11f6722fa9,cards_lua,lua,,"card=Sonny, Lightwielder;field=display_name;set=GotE","Sonny, Lightwielder",桑尼·持光者,draft,,"Sonny, Lightwielder",GotE,display_name
car_165ef1b5f176,cards_lua,lua,,"card=Sonny, Lightwielder;field=effect_text;set=GotE","EMPOWER
Defeat a Monster without paying its cost. If that Monster would go to the Void, you may pay put it into a player's discard pile instead.","赋力
击败一个怪物无需支付费用. 若该 怪物会 进入以 虚空区, 你可以支付将其放入玩家之弃牌堆改为.",draft,kw_pass3;pass6,"Sonny, Lightwielder",GotE,effect_text
car_076688ba55ec,cards_lua,lua,,card=Piercing Eye;field=display_name;set=GotE,Piercing Eye,贯穿之眼,draft,,Piercing Eye,GotE,display_name
car_30f6f9d19c0c,cards_lua,lua,,card=Piercing Eye;field=effect_text;set=GotE,"Once per turn, if you have defeated a Monster in the center row, you may draw a card.","每回合一次，若你 拥有被在中央牌列击败怪物, 你可以抽一张牌.",draft,pass13,Piercing Eye,GotE,effect_text
car_e15325ac9bb4,cards_lua,lua,,card=Temple of the Wind;field=display_name;set=GotE,Temple of the Wind,风之神殿,draft,,Temple of the Wind,GotE,display_name
car_9185e8083de8,cards_lua,lua,,card=Temple of the Wind;field=effect_text;set=GotE,"Once per turn, you may banish a card in your discard pile and replace it with a Mystic or Heavy Infantry.",每回合一次，你可以从你的弃牌堆放逐一张卡牌，并将其替换为 秘教士或 重装步兵.,draft,pass13,Temple of the Wind,GotE,effect_text
car_cf3c018fd313,cards_lua,lua,,card=Cetra's Trial;field=display_name;set=GotE,Cetra's Trial,塞特拉的试炼,draft,,Cetra's Trial,GotE,display_name
car_f550c8299b31,cards_lua,lua,,card=Cetra's Trial;field=effect_text;set=GotE,"Heroes in the center row cost 1R less to acquire (to a minimum of 1R).
Pay 8R: Transform this into Cetra, Celestial Body and acquire it.","中央牌列英雄获取费用降低 1 符文（最低 1 符文）.
支付 8符文: 将此牌转化为天体塞特拉并获取它.",draft,pass6;pass11;pass13,Cetra's Trial,GotE,effect_text
car_bca9e3008c83,cards_lua,lua,,"card=Cetra, Celestial Body;field=display_name;set=GotE","Cetra, Celestial Body",天体塞特拉,draft,,"Cetra, Celestial Body",GotE,display_name
car_d44dba4f548f,cards_lua,lua,,"card=Cetra, Celestial Body;field=effect_text;set=GotE",Gain H equal to the total H of all Heroes and Constructs in the center row.,获得等同于中央牌列所有英雄与神器荣誉总和的荣誉。,draft,kw_pass3;pass3b,"Cetra, Celestial Body",GotE,effect_text
car_0c810e1135f3,cards_lua,lua,,card=Keen-eyed Aspirant;field=display_name;set=GotE,Keen-eyed Aspirant,锐眼追求者,draft,,Keen-eyed Aspirant,GotE,display_name
car_a8c108346f5e,cards_lua,lua,,card=Keen-eyed Aspirant;field=effect_text;set=GotE,"EMPOWER
Gain 1R and 1H.","赋力
获得1符文和 1荣誉.",draft,kw_pass3,Keen-eyed Aspirant,GotE,effect_text
car_837c3dc65ebb,cards_lua,lua,,card=Thicket Familiar;field=display_name;set=GotE,Thicket Familiar,灌木丛使魔,draft,,Thicket Familiar,GotE,display_name
car_8b6cfd9ba522,cards_lua,lua,,card=Thicket Familiar;field=effect_text;set=GotE,"EMPOWER
Reveal the top card of your deck and put it in your hand. If it is a card with Empower, gain 2H.","赋力
展示你牌库顶的卡牌，并将其放入你的手牌. 若它 为卡牌以 赋力, 获得2荣誉.",draft,kw_pass3;pass6;pass13,Thicket Familiar,GotE,effect_text
car_3daf85d5729d,cards_lua,lua,,card=Verdant Elemental;field=display_name;set=GotE,Verdant Elemental,翠绿元素,draft,,Verdant Elemental,GotE,display_name
car_030c86d51dbc,cards_lua,lua,,card=Verdant Elemental;field=effect_text;set=GotE,"Gain 3H.
If this is banished from anywhere during your turn, gain 3H.","获得3荣誉.
若此 为被放逐从 任意处在你的回合中, 获得3荣誉.",draft,pass6,Verdant Elemental,GotE,effect_text
car_ffda42c7f9ad,cards_lua,lua,,card=Flourishing Druidess;field=display_name;set=GotE,Flourishing Druidess,繁盛女德鲁伊,draft,,Flourishing Druidess,GotE,display_name
car_02eec5446509,cards_lua,lua,,card=Flourishing Druidess;field=effect_text;set=GotE,"EMPOWER
Gain 2R. If you have more H than every other player, gain an additional 1R.","赋力
获得2符文. 若你 拥有更多H于每个其他玩家, 获得额外的 1符文.",draft,kw_pass3,Flourishing Druidess,GotE,effect_text
car_1c8bdf7b3f07,cards_lua,lua,,"card=Kiri, Meadow Witch;field=display_name;set=GotE","Kiri, Meadow Witch",基莉·草地女巫,draft,,"Kiri, Meadow Witch",GotE,display_name
car_2c00afeda419,cards_lua,lua,,"card=Kiri, Meadow Witch;field=effect_text;set=GotE","Draw a card.
UNITE: Gain 5H.","抽一张牌.
联合： 获得5荣誉.",draft,,"Kiri, Meadow Witch",GotE,effect_text
car_01353febc7f1,cards_lua,lua,,card=Hearthglow Clique;field=display_name;set=GotE,Hearthglow Clique,炉辉小圈子,draft,,Hearthglow Clique,GotE,display_name
car_64a9577c8d1e,cards_lua,lua,,card=Hearthglow Clique;field=effect_text;set=GotE,"EMPOWER
Gain 2R and 2H.
UNITE: Draw a card.","赋力
获得2符文和 2荣誉.
联合： 抽一张牌.",draft,kw_pass3,Hearthglow Clique,GotE,effect_text
car_2266c29f7035,cards_lua,lua,,card=Earthmender Pura;field=display_name;set=GotE,Earthmender Pura,愈地者普拉,draft,,Earthmender Pura,GotE,display_name
car_00881a9fbd7d,cards_lua,lua,,card=Earthmender Pura;field=effect_text;set=GotE,"Gain 3R.
You may put a Monster from your hand or discard pile into an opponent's discard pile.","获得3符文.
你可以放置怪物从你的手牌或 弃牌堆置入对手之弃牌堆.",draft,,Earthmender Pura,GotE,effect_text
car_c560989e312d,cards_lua,lua,,card=Wildbark Mail;field=display_name;set=GotE,Wildbark Mail,野树皮甲胄,draft,,Wildbark Mail,GotE,display_name
car_389baebe1bc7,cards_lua,lua,,card=Wildbark Mail;field=effect_text;set=GotE,"Once per turn, if you have defeated a Monster in the center row, gain 2H.","每回合一次，若你 拥有被在中央牌列击败怪物, 获得2荣誉.",draft,pass13,Wildbark Mail,GotE,effect_text
car_25bd11b315ad,cards_lua,lua,,card=Temple of Heroes;field=display_name;set=GotE,Temple of Heroes,英雄神殿,draft,,Temple of Heroes,GotE,display_name
car_e2c5ae17e11a,cards_lua,lua,,card=Temple of Heroes;field=effect_text;set=GotE,"Once per turn, if you have played a Lifebound Hero or Monster, gain 2H.","每回合一次，若你 已打出命约英雄或 怪物, 获得2荣誉.",draft,pass6,Temple of Heroes,GotE,effect_text
car_06439b9842f9,cards_lua,lua,,card=Reysa's Trial;field=display_name;set=GotE,Reysa's Trial,雷萨的试炼,draft,,Reysa's Trial,GotE,display_name
car_3c6db4a7d25d,cards_lua,lua,,card=Reysa's Trial;field=effect_text;set=GotE,"Constructs in the center row cost 1R less to acquire (to a minimum of 1R).
Pay 8R: Transform this into Forgemother Reysa and acquire it.","中央牌列神器获取费用降低 1 符文（最低 1 符文）.
支付 8符文: 将此牌转化为锻母雷萨并获取它.",draft,kw_pass3;pass6;pass11,Reysa's Trial,GotE,effect_text
car_c97549c36ff1,cards_lua,lua,,card=Forgemother Reysa;field=display_name;set=GotE,Forgemother Reysa,锻母雷萨,draft,,Forgemother Reysa,GotE,display_name
car_466e50c5f161,cards_lua,lua,,card=Forgemother Reysa;field=effect_text;set=GotE,Choose one: Draw a card OR acquire any number of Constructs in the center row without paying their cost.,选择一项：抽一张牌，或获取中央牌列任意数量的神器无需支付其费用.,draft,kw_pass3;pass11;pass13,Forgemother Reysa,GotE,effect_text
car_017cc3940ea8,cards_lua,lua,,card=Innovative Aspirant;field=display_name;set=GotE,Innovative Aspirant,创新追求者,draft,,Innovative Aspirant,GotE,display_name
car_2bc16ad73f54,cards_lua,lua,,card=Innovative Aspirant;field=effect_text;set=GotE,"EMPOWER
Gain 1R and 1P.","赋力
获得1符文和 1战力.",draft,kw_pass3,Innovative Aspirant,GotE,effect_text
car_16385da7bc1b,cards_lua,lua,,card=Scrap Weaver;field=display_name;set=GotE,Scrap Weaver,废料编织者,draft,,Scrap Weaver,GotE,display_name
car_04aca6dd85bd,cards_lua,lua,,card=Scrap Weaver;field=effect_text;set=GotE,"Draw a card.
You may put the next Construct you acquire this turn directly into play.","抽一张牌.
你可以放置下一神器你 获取本回合直接进入战场.",draft,,Scrap Weaver,GotE,effect_text
car_a0b8ff8dd0ff,cards_lua,lua,,card=Iron Elemental;field=display_name;set=GotE,Iron Elemental,铁元素,draft,,Iron Elemental,GotE,display_name
car_1f2939c817f5,cards_lua,lua,,card=Iron Elemental;field=effect_text;set=GotE,"Gain 2R.
If this is banished from anyhere during your turn, gain 2R.","获得 2 符文。
若此牌在你回合中从任何区域被放逐，获得 2 符文。",draft,pass4,Iron Elemental,GotE,effect_text
car_315b9639164e,cards_lua,lua,,card=Conduit Monk;field=display_name;set=GotE,Conduit Monk,导管僧侣,draft,,Conduit Monk,GotE,display_name
car_28164fc5a2bb,cards_lua,lua,,card=Conduit Monk;field=effect_text;set=GotE,"EMPOWER
Gain 3R.
You are considered to control two additional Mechana Constructs this turn.","赋力
获得3符文.
你为 视为以 控制两 额外的机械神器本回合.",draft,kw_pass3,Conduit Monk,GotE,effect_text
car_70cd6734d835,cards_lua,lua,,card=Elemental Projector;field=display_name;set=GotE,Elemental Projector,元素投射器,draft,,Elemental Projector,GotE,display_name
car_25197943e308,cards_lua,lua,,card=Elemental Projector;field=effect_text;set=GotE,"Once per turn, if you control two or more Mechana Constructs, gain 2P.","每回合一次，若你控制的两 或更高机械神器, 获得2战力.",draft,,Elemental Projector,GotE,effect_text
car_4fca7fed4a64,cards_lua,lua,,card=Processing Hub;field=display_name;set=GotE,Processing Hub,处理枢纽,draft,,Processing Hub,GotE,display_name
car_8961dc12f2e2,cards_lua,lua,,card=Processing Hub;field=effect_text;set=GotE,"Once per turn, if you control three or more Mechana Constructs, gain 2R.","每回合一次，若你控制的三 或更高机械神器, 获得2符文.",draft,,Processing Hub,GotE,effect_text
car_d254d2808737,cards_lua,lua,,card=Spire of Insight;field=display_name;set=GotE,Spire of Insight,尖塔洞察,draft,,Spire of Insight,GotE,display_name
car_3e1dce1e1fd6,cards_lua,lua,,card=Spire of Insight;field=effect_text;set=GotE,"Once per turn, if you control four or more Mechana Constructs, you may draw two cards.","每回合一次，若你控制的四 或更高机械神器, 你可以抽两张牌.",draft,,Spire of Insight,GotE,effect_text
car_7e7d9a95b1dc,cards_lua,lua,,card=Blast Goggles;field=display_name;set=GotE,Blast Goggles,爆破护目镜,draft,,Blast Goggles,GotE,display_name
car_ac8a5b701db3,cards_lua,lua,,card=Blast Goggles;field=effect_text;set=GotE,"Once per turn, if you control five or more Mechana Constructs, gain 5H.","每回合一次，若你控制的五 或更高机械神器, 获得5荣誉.",draft,,Blast Goggles,GotE,effect_text
car_dba0391c4ece,cards_lua,lua,,card=Cell Block E;field=display_name;set=GotE,Cell Block E,牢房E区,draft,,Cell Block E,GotE,display_name
car_2f45b0773a88,cards_lua,lua,,card=Cell Block E;field=effect_text;set=GotE,"When you defeat a Monster in the center row or play a Monster, you may put it directly into play and treat it as a Mechana Construct.","当你在中央牌列击败怪物时或 打出怪物, 你可以将其直接放入战场并视为机械神器.",draft,pass13,Cell Block E,GotE,effect_text
car_dd34455c6ed7,cards_lua,lua,,card=P.R.I.M.E. Directive;field=display_name;set=GotE,P.R.I.M.E. Directive,P.R.I.M.E.指令,draft,,P.R.I.M.E. Directive,GotE,display_name
car_e0cce360a6c4,cards_lua,lua,,card=P.R.I.M.E. Directive;field=effect_text;set=GotE,"If you control eight or more Mechana Constructs, you win the game.",若你控制八件或更多机械神器，你赢得对局。,draft,kw_pass3,P.R.I.M.E. Directive,GotE,effect_text
car_ef436f4e9e0e,cards_lua,lua,,card=Emri's Trial;field=display_name;set=GotE,Emri's Trial,艾姆瑞的试炼,draft,,Emri's Trial,GotE,display_name
car_e65543ed9f15,cards_lua,lua,,card=Emri's Trial;field=effect_text;set=GotE,"Monsters in the center row cost 1P less to defeat (to a minimum of 1P).
Pay 8R: Transform this into Emri, Born of Battle and acquire it.","中央牌列怪物击败费用降低 1 战力（最低 1 战力）.
支付 8符文: 将此牌转化为战生艾姆瑞并获取它.",draft,pass6;pass11;pass13,Emri's Trial,GotE,effect_text
car_6dc90b032923,cards_lua,lua,,"card=Emri, Born of Battle;field=display_name;set=GotE","Emri, Born of Battle",战生艾姆瑞,draft,,"Emri, Born of Battle",GotE,display_name
car_7a7b8c2c11d6,cards_lua,lua,,"card=Emri, Born of Battle;field=effect_text;set=GotE","Gain 4P.
Once per turn, when you defeat a Monster in the center row, take 2H from each other player.","获得4战力.
每回合一次，当你在中央牌列击败怪物时, 从每位其他玩家处各拿走 2 荣誉.",draft,pass13,"Emri, Born of Battle",GotE,effect_text
car_a30c166b006a,cards_lua,lua,,card=Deranged Aspirant;field=display_name;set=GotE,Deranged Aspirant,发狂追求者,draft,,Deranged Aspirant,GotE,display_name
car_c43e1ef78c18,cards_lua,lua,,card=Deranged Aspirant;field=effect_text;set=GotE,"EMPOWER
You may banish a card in your hand or discard pile.","赋力
你可以从你的手牌或弃牌堆放逐一张卡牌.",draft,kw_pass3;pass13,Deranged Aspirant,GotE,effect_text
car_5ca27f0429f2,cards_lua,lua,,card=Shadow Elemental;field=display_name;set=GotE,Shadow Elemental,暗影元素,draft,,Shadow Elemental,GotE,display_name
car_cda5927db04c,cards_lua,lua,,card=Shadow Elemental;field=effect_text;set=GotE,"Gain 2P.
If this is banished from anywhere during your turn, gain 2P.","获得2战力.
若此 为被放逐从 任意处在你的回合中, 获得2战力.",draft,pass6,Shadow Elemental,GotE,effect_text
car_5e2396c16e1c,cards_lua,lua,,card=Patient Assassin;field=display_name;set=GotE,Patient Assassin,耐心刺客,draft,,Patient Assassin,GotE,display_name
car_c7fc3d7a338a,cards_lua,lua,,card=Patient Assassin;field=effect_text;set=GotE,"Gain 2P.
If there is a Void card in your discard pile, gain an additional 1P.","获得2战力.
若你的弃牌堆中有虚空卡牌, 获得额外的 1战力.",draft,pass6,Patient Assassin,GotE,effect_text
car_30022c085ee5,cards_lua,lua,,card=Venom Priestess;field=display_name;set=GotE,Venom Priestess,毒液女祭司,draft,,Venom Priestess,GotE,display_name
car_90f9e1407403,cards_lua,lua,,card=Venom Priestess;field=effect_text;set=GotE,"Gain 2P.
You may banish a card you have played this turn or in your discard pile.","获得2战力.
你可以放逐一张卡牌你 已打出本回合或 在你的弃牌堆.",draft,pass6,Venom Priestess,GotE,effect_text
car_9b7c98d4553d,cards_lua,lua,,card=Voidrift Stalker;field=display_name;set=GotE,Voidrift Stalker,虚空裂隙潜行者,draft,,Voidrift Stalker,GotE,display_name
car_3adc3859e04c,cards_lua,lua,,card=Voidrift Stalker;field=effect_text;set=GotE,"EMPOWER
Gain 3P.
If there is a Void card in your discard pile, draw a card.","赋力
获得3战力.
若你的弃牌堆中有虚空卡牌, 抽一张牌.",draft,kw_pass3;pass6,Voidrift Stalker,GotE,effect_text
car_6340ff821989,cards_lua,lua,,card=Grand-Arbiter Todd;field=display_name;set=GotE,Grand-Arbiter Todd,大仲裁者托德,draft,,Grand-Arbiter Todd,GotE,display_name
car_9937ba1fbfba,cards_lua,lua,,card=Grand-Arbiter Todd;field=effect_text;set=GotE,"EMPOWER
Draw two cards.
Banish a card in your hand. If you banished a Monster this way, draw an additional card.","赋力
抽两张牌.
从你的手牌放逐一张卡牌. 若你 被放逐怪物以此方式, 额外抽一张牌.",draft,kw_pass3;pass6;pass13,Grand-Arbiter Todd,GotE,effect_text
car_c811bb8c0479,cards_lua,lua,,"card=Ulan, the Crusher;field=display_name;set=GotE","Ulan, the Crusher",乌兰·粉碎者,draft,,"Ulan, the Crusher",GotE,display_name
car_d7c85045d06a,cards_lua,lua,,"card=Ulan, the Crusher;field=effect_text;set=GotE","EMPOWER
Gain 4P.
If you control Ulan's Fist, draw a card.","赋力
获得4战力.
若你控制的乌兰的拳, 抽一张牌.",draft,kw_pass3,"Ulan, the Crusher",GotE,effect_text
car_0c2378ce0dfd,cards_lua,lua,,card=Madness' Embrace;field=display_name;set=GotE,Madness' Embrace,疯狂之拥,draft,,Madness' Embrace,GotE,display_name
car_9eada2c362c9,cards_lua,lua,,card=Madness' Embrace;field=effect_text;set=GotE,"Once per turn, if you have defeated a Monster in the center row, you may banish a card in your hand or discard pile.","每回合一次，若你 拥有被在中央牌列击败怪物, 你可以从你的手牌或弃牌堆放逐一张卡牌.",draft,pass13,Madness' Embrace,GotE,effect_text
car_1305ab89cb01,cards_lua,lua,,card=Oblivion Blossoms;field=display_name;set=GotE,Oblivion Blossoms,湮灭花,draft,,Oblivion Blossoms,GotE,display_name
car_3adffb811aac,cards_lua,lua,,card=Oblivion Blossoms;field=effect_text;set=GotE,"Once per turn, gain 1P.
Once per turn, if you have banished a card, gain 1H.","每回合一次，获得1战力.
每回合一次，若你 拥有被放逐卡牌, 获得1荣誉.",draft,,Oblivion Blossoms,GotE,effect_text
car_54655ca89285,cards_lua,lua,,card=Ulan's Fist;field=display_name;set=GotE,Ulan's Fist,乌兰的拳,draft,,Ulan's Fist,GotE,display_name
car_3506ef3fe354,cards_lua,lua,,card=Ulan's Fist;field=effect_text;set=GotE,"Once per turn, gain 2P.
Once per turn, if you have played Ulan, the Crusher, gain an additional 2P.","每回合一次，获得2战力.
每回合一次，若你 已打出乌兰, 粉碎者, 获得额外的 2战力.",draft,pass6,Ulan's Fist,GotE,effect_text
car_9252eab864c6,cards_lua,lua,,card=Xeron's Trial;field=display_name;set=GotE,Xeron's Trial,泽伦的试炼,draft,,Xeron's Trial,GotE,display_name
car_6f4872dd90d5,cards_lua,lua,,card=Xeron's Trial;field=effect_text;set=GotE,"When you play a Monster, gain 2P.
Pay 8R: Transform this into Xeron, False Ally and acquire it.","当你 打出怪物, 获得2战力.
支付 8符文: 将此牌转化为泽伦, 伪盟者并获取它.",draft,pass11,Xeron's Trial,GotE,effect_text
car_690f5b16a9e1,cards_lua,lua,,"card=Xeron, False Ally;field=display_name;set=GotE","Xeron, False Ally",泽伦·伪盟者,draft,,"Xeron, False Ally",GotE,display_name
car_a73ce07f6526,cards_lua,lua,,"card=Xeron, False Ally;field=effect_text;set=GotE","Gain 5R.
Gain an additional 2R for each Monster you play or have played this turn.","获得5符文.
本回合你打出或已打出的每只怪物使你额外获得 2 符文.",draft,pass6;pass13,"Xeron, False Ally",GotE,effect_text
car_cfdd20fa46f9,cards_lua,lua,,card=Nom Tribe Gremlin;field=display_name;set=GotE,Nom Tribe Gremlin,诺姆部落小妖,draft,,Nom Tribe Gremlin,GotE,display_name
car_cfb08ca638c1,cards_lua,lua,,card=Nom Tribe Gremlin;field=effect_text;set=GotE,"Reward: Gain 1H.
INFEST: When you defeat Nom Tribe Gremlin, you may put it into a player's discard pile.
When you play Nom Tribe Gremlin, you may put it into another player's discard pile.","奖励：获得 1 荣誉。
感染：当你击败诺姆部落小妖时，可以将其放入一名玩家的弃牌堆。
当你打出诺姆部落小妖时，可以将其放入另一名玩家的弃牌堆。",draft,pass4,Nom Tribe Gremlin,GotE,effect_text
car_d73a5a04fe64,cards_lua,lua,,card=Yuk Tribe Gremlin;field=display_name;set=GotE,Yuk Tribe Gremlin,尤克部落小妖,draft,,Yuk Tribe Gremlin,GotE,display_name
car_73ed9d1c1712,cards_lua,lua,,card=Yuk Tribe Gremlin;field=effect_text;set=GotE,"Reward: Gain 1H.
INFEST: When you defeat Yuk Tribe Gremlin, you may put it into a player's discard pile.","奖励：获得 1 荣誉。
感染：当你击败尤克部落小妖时，可以将其放入一名玩家的弃牌堆。",draft,pass4,Yuk Tribe Gremlin,GotE,effect_text
car_efabd1016076,cards_lua,lua,,card=Bam Tribe Gremlins;field=display_name;set=GotE,Bam Tribe Gremlins,巴姆部落小妖们,draft,,Bam Tribe Gremlins,GotE,display_name
car_ed79fb314077,cards_lua,lua,,card=Bam Tribe Gremlins;field=effect_text;set=GotE,"Reward: Gain 2H.
INFEST: When you defeat Bam Tribe Gremlins, you may put it into a player's discard pile.","奖励：获得 2 荣誉。
感染：当你击败巴姆部落小妖时，可以将其放入一名玩家的弃牌堆。",draft,pass4,Bam Tribe Gremlins,GotE,effect_text
car_a162055c2a5b,cards_lua,lua,,card=Bramble Elemental;field=display_name;set=GotE,Bramble Elemental,荆棘元素,draft,,Bramble Elemental,GotE,display_name
car_e2c2138413bd,cards_lua,lua,,card=Bramble Elemental;field=effect_text;set=GotE,"Reward: Gain 5H.
You may banish a card in your hand or discard pile.","奖励：获得5荣誉.
你可以从你的手牌或弃牌堆放逐一张卡牌.",draft,pass13,Bramble Elemental,GotE,effect_text
car_fc8e66f9bd8f,cards_lua,lua,,card=Wildfire Elemental;field=display_name;set=GotE,Wildfire Elemental,野火元素,draft,,Wildfire Elemental,GotE,display_name
car_339de390d901,cards_lua,lua,,card=Wildfire Elemental;field=effect_text;set=GotE,"Reward: Gain 4H.
Choose up to two cards in the center row and banish them.","奖励：获得4荣誉.
选择至多两 卡牌在中央牌列和 放逐它们.",draft,,Wildfire Elemental,GotE,effect_text
car_63df0d764af3,cards_lua,lua,,card=Unspeakable Doom;field=display_name;set=GotE,Unspeakable Doom,不可名状末日,draft,,Unspeakable Doom,GotE,display_name
car_43148c16b8ff,cards_lua,lua,,card=Unspeakable Doom;field=effect_text;set=GotE,"Reward: Gain 5H.
Each opponent reveals their hand. Gain an additional 2H for each Monster revealed this way.","奖励：获得5荣誉.
每位对手展示其 手牌. 以此方式展示的每只怪物使你额外获得 2 荣誉.",draft,pass13,Unspeakable Doom,GotE,effect_text
car_0e6b8df42583,cards_lua,lua,,card=Tectonic Thrasher;field=display_name;set=GotE,Tectonic Thrasher,地壳鞭笞者,draft,,Tectonic Thrasher,GotE,display_name
car_5285518573f2,cards_lua,lua,,card=Tectonic Thrasher;field=effect_text;set=GotE,"Reward: Gain 4H.
Each opponent must choose and destroy two Constructs they control.","奖励：获得4荣誉.
每位对手须选择和 摧毁两 神器其控制的.",draft,kw_pass3,Tectonic Thrasher,GotE,effect_text
car_96b8a764b55f,cards_lua,lua,,card=Static Elemental;field=display_name;set=GotE,Static Elemental,静电元素,draft,,Static Elemental,GotE,display_name
car_aa8dcb15288d,cards_lua,lua,,card=Static Elemental;field=effect_text;set=GotE,"Reward: Gain 5H.
Each opponent puts all Constructs they control on top of their deck in random order.","奖励：获得5荣誉.
每位对手放置所有神器其控制的在 顶部的 其牌库在 随机秩序.",draft,kw_pass3,Static Elemental,GotE,effect_text
car_f1f588739d94,cards_lua,lua,,card=Eek Tribe Gremlin;field=display_name;set=GotE,Eek Tribe Gremlin,伊克部落小妖,draft,,Eek Tribe Gremlin,GotE,display_name
car_16dccd890e0d,cards_lua,lua,,card=Eek Tribe Gremlin;field=effect_text;set=GotE,"Reward: Gain 5H.
Put a Monster from the void into a player's discard pile. INFEST: When you defeat Eek Tribe Gremlin, you may put it into a player's discard pile.","奖励：获得 5 荣誉。
将虚空区中的一只怪物放入一名玩家的弃牌堆。感染：当你击败伊克部落小妖时，可以将其放入一名玩家的弃牌堆。",draft,pass4,Eek Tribe Gremlin,GotE,effect_text
car_1c82c82aef7f,cards_lua,lua,,"card=Yur, Eye of Chaos;field=display_name;set=GotE","Yur, Eye of Chaos",尤尔·之眼混沌,draft,,"Yur, Eye of Chaos",GotE,display_name
car_b6cde30d0447,cards_lua,lua,,"card=Yur, Eye of Chaos;field=effect_text;set=GotE","Reward: Gain 4H.
Draw three cards.","奖励：获得4荣誉.
抽三张牌.",draft,,"Yur, Eye of Chaos",GotE,effect_text
car_c6bb9ce38e70,cards_lua,lua,,card=Deluge Elemental;field=display_name;set=GotE,Deluge Elemental,洪水元素,draft,,Deluge Elemental,GotE,display_name
car_b5f94d4e5f8d,cards_lua,lua,,card=Deluge Elemental;field=effect_text;set=GotE,"Reward: Gain 6H.
You may banish up to four cards in your hand, deck, discard pile, and/or cards played this turn. If you do, shuffle your deck.","奖励：获得 6 荣誉。
你可以放逐至多四张位于手牌、牌库、弃牌堆和/或本回合已打出区域的卡牌。若如此做，将你的牌库洗牌。",draft,pass7,Deluge Elemental,GotE,effect_text
car_16ed65cd3edd,cards_lua,lua,,card=Temple of Life;field=display_name;set=VotA,Temple of Life,生命神殿,draft,,Temple of Life,VotA,display_name
car_59e80ad3e588,cards_lua,lua,,card=Temple of Life;field=effect_text;set=VotA,1L: Gain control of the Temple of Immortality. Gain 2R.,1L: 获得对以下的控制： 不朽神殿. 获得2符文.,draft,,Temple of Life,VotA,effect_text
car_4be471dcd066,cards_lua,lua,,card=Temple of Death;field=display_name;set=VotA,Temple of Death,死亡神殿,draft,,Temple of Death,VotA,display_name
car_c94b8a0e29ce,cards_lua,lua,,card=Temple of Death;field=effect_text;set=VotA,1D: Gain control of the Temple of Immortality. You may banish a card in your hand or discard pile.,1D: 获得对以下的控制： 不朽神殿. 你可以从你的手牌或弃牌堆放逐一张卡牌.,draft,pass13,Temple of Death,VotA,effect_text
car_f7c30fe3232f,cards_lua,lua,,card=Temple of Immortality;field=display_name;set=VotA,Temple of Immortality,不朽神殿,draft,,Temple of Immortality,VotA,display_name
car_3f0f66bcd6f5,cards_lua,lua,,card=Temple of Immortality;field=effect_text;set=VotA,"Once per turn, choose a faction. When you acquire a card of that faction, if the next card to enter the center row is also that faction, acquire it without paying its cost.","每回合一次，选择派系. 当你获取卡牌的 该派系, 若下一卡牌以 进入中央牌列为 也该 派系, 获取它 无需支付费用.",draft,pass13,Temple of Immortality,VotA,effect_text
car_dfdec5791a66,cards_lua,lua,,card=Blind Seer;field=display_name;set=VotA,Blind Seer,盲预言者,draft,,Blind Seer,VotA,display_name
car_40d01a120806,cards_lua,lua,,card=Blind Seer;field=effect_text;set=VotA,"Draw a card.
Serenity: Gain 1L. (Gain this effect if there are no cards in your discard pile.)","抽一张牌.
宁静: 获得1L. (获得此效果：若 没有卡牌在你的弃牌堆.)",draft,pass6,Blind Seer,VotA,effect_text
car_0993ded43c77,cards_lua,lua,,card=Ominous Augur;field=display_name;set=VotA,Ominous Augur,不祥占兆者,draft,,Ominous Augur,VotA,display_name
car_ab128748dadb,cards_lua,lua,,card=Ominous Augur;field=effect_text;set=VotA,"Acquire a Hero or Construct with cost 5R or less without paying its cost.
Serenity: Put the acquired card in your hand. (Gain this effect if there are no cards in your discard pile.)","获取一个英雄或 神器以 费用 5符文或更低无需支付费用.
宁静: 放置所获取的卡牌在你的手牌中. (获得此效果：若 没有卡牌在你的弃牌堆.)",draft,pass6,Ominous Augur,VotA,effect_text
car_4691a8de15c4,cards_lua,lua,,card=Jubilant Monk;field=display_name;set=VotA,Jubilant Monk,欢庆僧侣,draft,,Jubilant Monk,VotA,display_name
car_2fa063655674,cards_lua,lua,,card=Jubilant Monk;field=effect_text;set=VotA,"Reveal the top card of your deck and put it into your hand. Repeat this effect until you reveal a card other than a Mystic, Heavy Infantry, or Enlightened card.","展示你牌库顶的卡牌，并将其放入你的手牌. 重复此效果直到你 展示卡牌其他于 秘教士, 重装步兵, 或圣贤卡牌.",draft,pass5;pass6;pass13,Jubilant Monk,VotA,effect_text
car_e15d003ecfde,cards_lua,lua,,card=Keeper of Secrets;field=display_name;set=VotA,Keeper of Secrets,看守秘密,draft,,Keeper of Secrets,VotA,display_name
car_018ace570619,cards_lua,lua,,card=Keeper of Secrets;field=effect_text;set=VotA,"Banish a card in your hand and replace it with a Mystic or Heavy Infantry.
If you play or have played a Mystic and a Heavy Infantry this turn, gain 1D.","从你的手牌放逐一张卡牌，并将其替换为 秘教士或 重装步兵.
若你打出或已打出秘教士和 重装步兵本回合, 获得1D.",draft,pass6;pass13,Keeper of Secrets,VotA,effect_text
car_7dc6b25be466,cards_lua,lua,,card=Fist of the Dragon;field=display_name;set=VotA,Fist of the Dragon,拳龙,draft,,Fist of the Dragon,VotA,display_name
car_23d80ebb31df,cards_lua,lua,,card=Fist of the Dragon;field=effect_text;set=VotA,"Draw a card. Banish a card in the center row. If the next card to enter the center row is a Monster, defeat it without paying its cost.","抽一张牌. 放逐中央牌列的一张卡牌. 若进入中央牌列的下一张牌是怪物, 击败它 无需支付费用.",draft,pass13,Fist of the Dragon,VotA,effect_text
car_57f977969453,cards_lua,lua,,card=Flanking Askara;field=display_name;set=VotA,Flanking Askara,侧击阿斯卡拉,draft,,Flanking Askara,VotA,display_name
car_80c72f977dc5,cards_lua,lua,,card=Flanking Askara;field=effect_text;set=VotA,"Draw a card.
Copy the effect of the next Hero you play this turn with cost 3R or less.","抽一张牌.
复制效果的 下一英雄你 打出本回合以 费用 3符文或更低.",draft,,Flanking Askara,VotA,effect_text
car_ea34616906ac,cards_lua,lua,,"card=Isla, Serene Prodigy;field=display_name;set=VotA","Isla, Serene Prodigy",伊斯拉·宁静神童,draft,,"Isla, Serene Prodigy",VotA,display_name
car_c943a718984a,cards_lua,lua,,"card=Isla, Serene Prodigy;field=effect_text;set=VotA","Acquire a Hero or Construct in the center row without paying its cost.
Shuffle Isla, Serene Prodigy and your discard pile into your deck.","无需支付费用获取中央牌列的一张英雄或神器。
将伊斯拉·宁静神童与你的弃牌堆洗入你的牌库。",draft,pass4,"Isla, Serene Prodigy",VotA,effect_text
car_56816376eb45,cards_lua,lua,,card=Sacred Pot;field=display_name;set=VotA,Sacred Pot,神圣罐,draft,,Sacred Pot,VotA,display_name
car_2c318eb3fb83,cards_lua,lua,,card=Sacred Pot;field=effect_text;set=VotA,"Serenity: Once per turn, draw a card. (Gain this effect if there are no cards in your discard pile.)",宁静: 每回合一次，抽一张牌. (获得此效果：若 没有卡牌在你的弃牌堆.),draft,pass6,Sacred Pot,VotA,effect_text
car_acd7e4e08d9f,cards_lua,lua,,card=Templar Outpost;field=display_name;set=VotA,Templar Outpost,圣殿武士前哨,draft,,Templar Outpost,VotA,display_name
car_c4ff1980db69,cards_lua,lua,,card=Templar Outpost;field=effect_text;set=VotA,"Once per turn, defeat a Monster in the center row with cost 4P or less without paying its cost.",每回合一次，无需支付费用击败中央牌列费用为 4 战力或更低的一只怪物.,draft,pass13,Templar Outpost,VotA,effect_text
car_63eeaad1742f,cards_lua,lua,,card=Ancient Stag;field=display_name;set=VotA,Ancient Stag,上古鹿,draft,,Ancient Stag,VotA,display_name
car_a2b379f3ff1c,cards_lua,lua,,card=Ancient Stag;field=effect_text;set=VotA,"Gain 3H.
Unite: Gain 1L.","获得3荣誉.
联合: 获得1L.",draft,,Ancient Stag,VotA,effect_text
car_03bdf80a37d0,cards_lua,lua,,card=Cheerful Consort;field=display_name;set=VotA,Cheerful Consort,欢快伴侣,draft,,Cheerful Consort,VotA,display_name
car_2651294cfa66,cards_lua,lua,,card=Cheerful Consort;field=effect_text;set=VotA,"Gain 1H.
Draw a card.","获得1荣誉.
抽一张牌.",draft,,Cheerful Consort,VotA,effect_text
car_37957d8b9da8,cards_lua,lua,,card=Alosyan Guide;field=display_name;set=VotA,Alosyan Guide,阿洛西亚向导,draft,,Alosyan Guide,VotA,display_name
car_2964ebbf31a4,cards_lua,lua,,card=Alosyan Guide;field=effect_text;set=VotA,"When you acquire this, if you have played a Lifebound Hero this turn, put this directly into your hand.
Gain 3H.","当你获取此, 若你 已打出命约英雄本回合, 放置此 直接置入你的手牌.
获得3荣誉.",draft,pass6;pass13,Alosyan Guide,VotA,effect_text
car_bdaaf3105c85,cards_lua,lua,,card=Sirewood Elder;field=display_name;set=VotA,Sirewood Elder,父木长老,draft,,Sirewood Elder,VotA,display_name
car_9bd57c9f9855,cards_lua,lua,,card=Sirewood Elder;field=effect_text;set=VotA,"Gain 2R.
Unite: Draw a card.","获得2符文.
联合: 抽一张牌.",draft,,Sirewood Elder,VotA,effect_text
car_244105f16ee4,cards_lua,lua,,card=Burial Guardian;field=display_name;set=VotA,Burial Guardian,埋葬守卫,draft,,Burial Guardian,VotA,display_name
car_9eb9f5b14dd6,cards_lua,lua,,card=Burial Guardian;field=effect_text;set=VotA,"Gain 2R.
The next time you acquire a Lifebound card this turn, gain 1D.","获得2符文.
下次你获取命约卡牌本回合, 获得1D.",draft,pass5,Burial Guardian,VotA,effect_text
car_1d672954b808,cards_lua,lua,,card=Qadim Stalker;field=display_name;set=VotA,Qadim Stalker,卡迪姆潜行者,draft,,Qadim Stalker,VotA,display_name
car_99fdbe4f4537,cards_lua,lua,,card=Qadim Stalker;field=effect_text;set=VotA,"Gain 2R and 2P.
Unite: Gain 2H.","获得2符文和 2战力.
联合: 获得2荣誉.",draft,,Qadim Stalker,VotA,effect_text
car_9a580bf5fe2b,cards_lua,lua,,card=Caretaker Zahral;field=display_name;set=VotA,Caretaker Zahral,看护者扎拉尔,draft,,Caretaker Zahral,VotA,display_name
car_f55999b4bbf0,cards_lua,lua,,card=Caretaker Zahral;field=effect_text;set=VotA,"Gain 3R.
The next time you acquire a Hero this turn, you may put it on top of your deck.","获得3符文.
下次你获取一个英雄本回合, 你可以将它放置放到你的牌库顶.",draft,,Caretaker Zahral,VotA,effect_text
car_6cbedfaab58c,cards_lua,lua,,"card=Asalas, the Impaler;field=display_name;set=VotA","Asalas, the Impaler",阿萨拉斯·穿刺者,draft,,"Asalas, the Impaler",VotA,display_name
car_e0e7d3cda91e,cards_lua,lua,,"card=Asalas, the Impaler;field=effect_text;set=VotA","Gain 2R.
The next time you acquire a Hero this turn, gain P equal to the acquired Hero's R cost.","获得2符文.
下次你获取一个英雄本回合, 获得P等同于 已获取英雄之R费用.",draft,pass6,"Asalas, the Impaler",VotA,effect_text
car_0d5744fd92f2,cards_lua,lua,,card=Pathfinder's Totem;field=display_name;set=VotA,Pathfinder's Totem,探路者的图腾,draft,,Pathfinder's Totem,VotA,display_name
car_11c572791db4,cards_lua,lua,,card=Pathfinder's Totem;field=effect_text;set=VotA,"Unite: Once per turn, gain 1R. (Gain this effect if you have played a Lifebound Hero this turn.)",联合: 每回合一次，获得1符文. (获得此效果：若 你已打出命约英雄本回合.),draft,pass6,Pathfinder's Totem,VotA,effect_text
car_9d10660b2852,cards_lua,lua,,card=Resourceful Trader;field=display_name;set=VotA,Resourceful Trader,机智商人,draft,,Resourceful Trader,VotA,display_name
car_8ce3074f2c9d,cards_lua,lua,,card=Resourceful Trader;field=effect_text;set=VotA,"Draw a card.
The next time you acquire a Construct this turn, gain 1D.","抽一张牌.
下次你获取神器本回合, 获得1D.",draft,,Resourceful Trader,VotA,effect_text
car_ca6c9145876c,cards_lua,lua,,card=Brother Marius;field=display_name;set=VotA,Brother Marius,修士马里乌斯,draft,,Brother Marius,VotA,display_name
car_35d769f8463d,cards_lua,lua,,card=Brother Marius;field=effect_text;set=VotA,"Gain 1R.
Gain an additional 1R for each faction among Constructs you control.","获得1符文.
你控制的神器所属的每个派系使你额外获得 1 符文.",draft,pass13,Brother Marius,VotA,effect_text
car_f3f010ab4246,cards_lua,lua,,card=Excavator Pilot;field=display_name;set=VotA,Excavator Pilot,挖掘机驾驶员,draft,,Excavator Pilot,VotA,display_name
car_20b0f9014d0e,cards_lua,lua,,card=Excavator Pilot;field=effect_text;set=VotA,"Gain 2R.
If you control two or more Constructs, gain 1L.","获得2符文.
若你控制的两 或更高神器, 获得1L.",draft,kw_pass3,Excavator Pilot,VotA,effect_text
car_54fdfdbbeb75,cards_lua,lua,,card=Salvagemaster Mila;field=display_name;set=VotA,Salvagemaster Mila,打捞大师米拉,draft,,Salvagemaster Mila,VotA,display_name
car_1ab5f0fa40f0,cards_lua,lua,,card=Salvagemaster Mila;field=effect_text;set=VotA,"Gain 4R.
You may put any Constructs you acquire this turn directly into play.","获得4符文.
你可以放置任意神器你获取本回合直接进入战场.",draft,kw_pass3,Salvagemaster Mila,VotA,effect_text
car_1e426754fb62,cards_lua,lua,,card=Forgemaster's Suit;field=display_name;set=VotA,Forgemaster's Suit,锻主的套装,draft,,Forgemaster's Suit,VotA,display_name
car_4ea468043235,cards_lua,lua,,card=Forgemaster's Suit;field=effect_text;set=VotA,"Once per turn, when you play a Mechana Construct (including this one) or if you control a Temple, gain 1H.","每回合一次，当你 打出机械神器 (包括此牌) 或若 你控制的神殿, 获得1荣誉.",draft,pass6,Forgemaster's Suit,VotA,effect_text
car_a9b301dda524,cards_lua,lua,,card=Stormsmith Anvil;field=display_name;set=VotA,Stormsmith Anvil,风暴匠铁砧,draft,,Stormsmith Anvil,VotA,display_name
car_75ca2d351fb9,cards_lua,lua,,card=Stormsmith Anvil;field=effect_text;set=VotA,"Once per turn, when you play a Mechana Construct (including this one) or if you control a Temple, gain 1R.","每回合一次，当你 打出机械神器 (包括此牌) 或若 你控制的神殿, 获得1符文.",draft,pass6,Stormsmith Anvil,VotA,effect_text
car_c89d3535a26b,cards_lua,lua,,card=Siegemaster's Ram;field=display_name;set=VotA,Siegemaster's Ram,攻城主的攻城槌,draft,,Siegemaster's Ram,VotA,display_name
car_4a8b36ecea93,cards_lua,lua,,card=Siegemaster's Ram;field=effect_text;set=VotA,"Once per turn, when you play a Mechana Construct (including this one) or if you control a Temple, gain 2P.","每回合一次，当你 打出机械神器 (包括此牌) 或若 你控制的神殿, 获得2战力.",draft,pass6,Siegemaster's Ram,VotA,effect_text
car_b611cbef1088,cards_lua,lua,,card=K-YL3 Repairbot;field=display_name;set=VotA,K-YL3 Repairbot,K-YL3修理机,draft,,K-YL3 Repairbot,VotA,display_name
car_3995850c6290,cards_lua,lua,,card=K-YL3 Repairbot;field=effect_text;set=VotA,"Once per turn, when you play a Mechana Construct (including this one) or if you control a Temple, draw a card.","每回合一次，当你 打出机械神器 (包括此牌) 或若 你控制的神殿, 抽一张牌.",draft,pass6,K-YL3 Repairbot,VotA,effect_text
car_192c2c3f7e4b,cards_lua,lua,,"card=Tyranyx, the Pillager;field=display_name;set=VotA","Tyranyx, the Pillager",泰兰尼克斯·劫掠者,draft,,"Tyranyx, the Pillager",VotA,display_name
car_4717013dc005,cards_lua,lua,,"card=Tyranyx, the Pillager;field=effect_text;set=VotA","You may spend P in addition to R to acquire this.
You may spend P in addition to R to acquire Mechana Constructs.","你可以花费P此外还R以获取此.
你可以花费P此外还R以获取机械神器.",draft,,"Tyranyx, the Pillager",VotA,effect_text
car_818e06a93ee3,cards_lua,lua,,card=Reckless Excavator;field=display_name;set=VotA,Reckless Excavator,鲁莽挖掘机,draft,,Reckless Excavator,VotA,display_name
car_a5e15ba75956,cards_lua,lua,,card=Reckless Excavator;field=effect_text;set=VotA,"Once per turn, when you play a Mechana Construct (including this one), gain 1L or 1D.","每回合一次，当你 打出机械神器 (包括此牌), 获得1L或 1D.",draft,pass6,Reckless Excavator,VotA,effect_text
car_a2d78a22fca3,cards_lua,lua,,card=Shadowridge Scout;field=display_name;set=VotA,Shadowridge Scout,影脊斥候,draft,,Shadowridge Scout,VotA,display_name
car_17f4ef731273,cards_lua,lua,,card=Shadowridge Scout;field=effect_text;set=VotA,"Gain 2P.
Echo: Gain 1D. (Gain this effect if there is a Void card in your discard pile.)","获得 2 战力。
回响：获得 1D。（若你的弃牌堆中有虚空卡牌，则获得此效果。）",draft,pass4,Shadowridge Scout,VotA,effect_text
car_ee2908a965f6,cards_lua,lua,,card=Spiteful Gladiator;field=display_name;set=VotA,Spiteful Gladiator,怨毒角斗士,draft,,Spiteful Gladiator,VotA,display_name
car_b5629ac23b83,cards_lua,lua,,card=Spiteful Gladiator;field=effect_text;set=VotA,"Gain 2P.
Echo: Gain an additional 2P. (Gain this effect if there is a Void card in your discard pile.)","获得 2 战力。
回响：额外获得 2 战力。（若你的弃牌堆中有虚空卡牌，则获得此效果。）",draft,pass4,Spiteful Gladiator,VotA,effect_text
car_55493fc2cb0d,cards_lua,lua,,card=Excavation Sentry;field=display_name;set=VotA,Excavation Sentry,发掘哨兵,draft,,Excavation Sentry,VotA,display_name
car_d7ce8a0023cd,cards_lua,lua,,card=Excavation Sentry;field=effect_text;set=VotA,"Gain 2P.
Put the top card of your deck into your discard pile, then you may banish a card in your hand or discard pile.","获得2战力.
将你牌库顶的牌放入弃牌堆, 然后你可以从你的手牌或弃牌堆放逐一张卡牌.",draft,pass13,Excavation Sentry,VotA,effect_text
car_9c54c6dad43a,cards_lua,lua,,card=Soulsnare Hunter;field=display_name;set=VotA,Soulsnare Hunter,魂阱猎手,draft,,Soulsnare Hunter,VotA,display_name
car_ef4fc49ff97e,cards_lua,lua,,card=Soulsnare Hunter;field=effect_text;set=VotA,"Gain 2P.
The next time you defeat a Monster in the center row this turn, gain 1L.","获得2战力.
本回合下次你在中央牌列击败怪物时, 获得1L.",draft,pass13,Soulsnare Hunter,VotA,effect_text
car_70bf14721a1c,cards_lua,lua,,card=Silenced Prophet;field=display_name;set=VotA,Silenced Prophet,噤声先知,draft,,Silenced Prophet,VotA,display_name
car_9df21f0135d7,cards_lua,lua,,card=Silenced Prophet;field=effect_text;set=VotA,"Draw a card.
Put the top card of your deck into your discard pile, then you may banish a card in your hand or discard pile.","抽一张牌.
将你牌库顶的牌放入弃牌堆, 然后你可以从你的手牌或弃牌堆放逐一张卡牌.",draft,pass13,Silenced Prophet,VotA,effect_text
car_2bb0dbae3397,cards_lua,lua,,card=Endbringer Jora;field=display_name;set=VotA,Endbringer Jora,终末使者乔拉,draft,,Endbringer Jora,VotA,display_name
car_5b4cfc8a7d2e,cards_lua,lua,,card=Endbringer Jora;field=effect_text;set=VotA,"Gain 3P.
Whenever you defeat a Monster in the center row this turn, gain 2R.","获得3战力.
本回合每当你在中央牌列击败怪物时, 获得2符文.",draft,pass13,Endbringer Jora,VotA,effect_text
car_1a254914bdbe,cards_lua,lua,,"card=Randall, Umbral Sage;field=display_name;set=VotA","Randall, Umbral Sage",兰德尔·暗影贤者,draft,,"Randall, Umbral Sage",VotA,display_name
car_656554cfa297,cards_lua,lua,,"card=Randall, Umbral Sage;field=effect_text;set=VotA","Gain 3P.
Put all cards from your deck into your discard pile, then return a Void card in your discard pile to your hand.","获得3战力.
放置所有卡牌从 你的牌库置入你的弃牌堆, 然后返回虚空卡牌在你的弃牌堆以 你的手牌.",draft,,"Randall, Umbral Sage",VotA,effect_text
car_80df3272737f,cards_lua,lua,,card=Beacon of the Lost;field=display_name;set=VotA,Beacon of the Lost,信标迷失,draft,,Beacon of the Lost,VotA,display_name
car_2669b50f847a,cards_lua,lua,,card=Beacon of the Lost;field=effect_text;set=VotA,"Echo: Once per turn, gain 1P. (Gain this effect if there is a Void card in your discard pile.)",回响：每回合一次，获得 1 战力。（若你的弃牌堆中有虚空卡牌，则获得此效果。）,draft,pass4,Beacon of the Lost,VotA,effect_text
car_621ff2fc3f70,cards_lua,lua,,card=Deranged Dirge;field=display_name;set=VotA,Deranged Dirge,发狂挽歌,draft,,Deranged Dirge,VotA,display_name
car_6504e6090998,cards_lua,lua,,card=Deranged Dirge;field=effect_text;set=VotA,"Once per turn, gain 1P.
You may destroy this to banish a card in your hand or discard pile.","每回合一次，获得1战力.
你可以摧毁此 以从你的手牌或弃牌堆放逐一张卡牌.",draft,pass13,Deranged Dirge,VotA,effect_text
car_34c091606f45,cards_lua,lua,,card=Cavern Horror;field=display_name;set=VotA,Cavern Horror,洞穴恐魔,draft,,Cavern Horror,VotA,display_name
car_f1ef9ec1262b,cards_lua,lua,,card=Cavern Horror;field=effect_text;set=VotA,Reward: Gain 1H. You may shuffle your discard pile into your deck. (Cards played this turn do not go to your discard pile until the end of the turn.),奖励：获得 1 荣誉。你可以将弃牌堆洗入牌库。（本回合已打出的卡牌直到回合结束才会进入弃牌堆。）,draft,pass7,Cavern Horror,VotA,effect_text
car_e00825857c53,cards_lua,lua,,card=Hellfrost Imps;field=display_name;set=VotA,Hellfrost Imps,狱霜小恶魔,draft,,Hellfrost Imps,VotA,display_name
car_a4d207e492a2,cards_lua,lua,,card=Hellfrost Imps;field=effect_text;set=VotA,Reward: Gain 2H. You may defeat a Monster in the center row named Hellfrost Imps without paying its cost.,奖励：获得2荣誉. 你可以无需支付费用击败中央牌列名为狱霜小恶魔的怪物.,draft,pass13,Hellfrost Imps,VotA,effect_text
car_8e8313e8a290,cards_lua,lua,,card=Crypt Lurker;field=display_name;set=VotA,Crypt Lurker,地穴潜伏者,draft,,Crypt Lurker,VotA,display_name
car_bc2731413e4e,cards_lua,lua,,card=Crypt Lurker;field=effect_text;set=VotA,Reward: Gain 3H. Gain 1D.,奖励：获得3荣誉. 获得1D.,draft,,Crypt Lurker,VotA,effect_text
car_8e053e34ab4c,cards_lua,lua,,card=Starved Abomination;field=display_name;set=VotA,Starved Abomination,饥馑憎恶,draft,,Starved Abomination,VotA,display_name
car_206e14e6e82e,cards_lua,lua,,card=Starved Abomination;field=effect_text;set=VotA,Reward: Gain 3H. Gain 1L.,奖励：获得3荣誉. 获得1L.,draft,,Starved Abomination,VotA,effect_text
car_ab174b7daefa,cards_lua,lua,,card=Death's Widow;field=display_name;set=VotA,Death's Widow,死亡寡妇,draft,,Death's Widow,VotA,display_name
car_ca7ec0a72aff,cards_lua,lua,,card=Death's Widow;field=effect_text;set=VotA,Reward: Gain 2H. Each opponent must destroy a Construct they control. Draw a card for each opponent that did not destroy a Construct this way.,奖励：获得2荣誉. 每位对手须摧毁一个神器其控制的. 抽一张牌以 每位对手该 做了不 摧毁一个神器以此方式.,draft,,Death's Widow,VotA,effect_text
car_d9a3537220cf,cards_lua,lua,,card=Grave Golem;field=display_name;set=VotA,Grave Golem,坟墓魔像,draft,,Grave Golem,VotA,display_name
car_f30a7f3f4e4c,cards_lua,lua,,card=Grave Golem;field=effect_text;set=VotA,Reward: Gain 4H. Each opponent reveals the top card of their deck and puts it into their discard pile. Choose a Hero revealed this way and copy its effect.,奖励：获得4荣誉. 每位对手展示顶部卡牌的 其牌库和 放置它 置入其弃牌堆. 选择一个英雄已展示以此方式和 复制其效果.,draft,,Grave Golem,VotA,effect_text
car_6d6ac967fe04,cards_lua,lua,,card=Iku's Minions;field=display_name;set=VotA,Iku's Minions,伊库的爪牙,draft,,Iku's Minions,VotA,display_name
car_f88207b04878,cards_lua,lua,,card=Iku's Minions;field=effect_text;set=VotA,"This costs 2 less to defeat if you control a Temple.
Reward: Gain 4H. You may banish a card in your hand or discard pile.","若你控制神殿，击败费用降低 2.
奖励：获得4荣誉. 你可以从你的手牌或弃牌堆放逐一张卡牌.",draft,pass6;pass13,Iku's Minions,VotA,effect_text
car_ddfdca273f63,cards_lua,lua,,card=Mutated Scavenger;field=display_name;set=VotA,Mutated Scavenger,突变拾荒者,draft,,Mutated Scavenger,VotA,display_name
car_7bed38c9d7f5,cards_lua,lua,,card=Mutated Scavenger;field=effect_text;set=VotA,Reward: Gain 4H. Gain 5R.,奖励：获得4荣誉. 获得5符文.,draft,,Mutated Scavenger,VotA,effect_text
car_fa285054ff0b,cards_lua,lua,,"card=Kan'zir, the Ravager;field=display_name;set=VotA","Kan'zir, the Ravager",坎齐尔·毁灭者,draft,,"Kan'zir, the Ravager",VotA,display_name
car_5101d0908d72,cards_lua,lua,,"card=Kan'zir, the Ravager;field=effect_text;set=VotA",Reward: Gain 5H. Each opponent loses control of all Temples and destroys all Constructs they control.,奖励：获得 5 荣誉。每位对手失去所有神殿的控制，并摧毁其控制的所有神器。,draft,qa_pass2,"Kan'zir, the Ravager",VotA,effect_text
car_71dafb3ccf16,cards_lua,lua,,"card=Hurras, Sea's Fury;field=display_name;set=VotA","Hurras, Sea's Fury",胡拉斯·海之狂怒,draft,,"Hurras, Sea's Fury",VotA,display_name
car_fee9c38c9bc8,cards_lua,lua,,"card=Hurras, Sea's Fury;field=effect_text;set=VotA",Reward: Gain 4H. Gain 1L and 1D.,奖励：获得4荣誉. 获得1L和 1D.,draft,,"Hurras, Sea's Fury",VotA,effect_text
car_3ec7f103d0b6,cards_lua,lua,,"card=Iku, Valley Tyrant;field=display_name;set=VotA","Iku, Valley Tyrant",山谷暴君伊库,draft,,"Iku, Valley Tyrant",VotA,display_name
car_a5f2f0578335,cards_lua,lua,,"card=Iku, Valley Tyrant;field=effect_text;set=VotA","This costs 2P less to defeat for each Temple you control.
Reward: Gain 8H.","此费用为 2战力少支付以 击败以 每个神殿你控制的.
奖励：获得8荣誉.",draft,pass6,"Iku, Valley Tyrant",VotA,effect_text
car_b7ba978cec9c,cards_lua,lua,,card=Dreamscape Diviner;field=display_name;set=Del,Dreamscape Diviner,梦境占卜者,draft,,Dreamscape Diviner,Del,display_name
car_95d79edd18e6,cards_lua,lua,,card=Dreamscape Diviner;field=effect_text;set=Del,Gain 2I.,获得2洞察.,draft,,Dreamscape Diviner,Del,effect_text
car_149008ad9ba9,cards_lua,lua,,card=Dreamscape Diviner;field=flavor_text;set=Del,Are you sure you want to know?,你确定想知道吗？,draft,qa_pass2,Dreamscape Diviner,Del,flavor_text
car_13af0c4963fe,cards_lua,lua,,card=Dimension Monk;field=display_name;set=Del,Dimension Monk,维度僧侣,draft,,Dimension Monk,Del,display_name
car_12bc0ae92205,cards_lua,lua,,card=Dimension Monk;field=effect_text;set=Del,"Draw a card.
You may pay 1I to Recur. (Gain the effect listed above an additional time. You may only Recur once.)","抽一张牌.
你可以支付 1洞察以 再次发生. (获得效果列出的上方额外的次. 你可以只再次发生一次.)",draft,,Dimension Monk,Del,effect_text
car_cf245e0c9bcd,cards_lua,lua,,card=Aegis Knight;field=display_name;set=Del,Aegis Knight,神盾骑士,draft,,Aegis Knight,Del,display_name
car_33b41804f615,cards_lua,lua,,card=Aegis Knight;field=effect_text;set=Del,"Banish a card in your hand or discard pile. If you do, replace it with a Mystic or Heavy Infantry.",从你的手牌或弃牌堆放逐一张卡牌. 若你如此做，将其替换为 秘教士或 重装步兵.,draft,pass13,Aegis Knight,Del,effect_text
car_918553a0cf3a,cards_lua,lua,,card=Dream Dealer;field=display_name;set=Del,Dream Dealer,梦交易者,draft,,Dream Dealer,Del,display_name
car_4ae478865469,cards_lua,lua,,card=Dream Dealer;field=effect_text;set=Del,"Draw a card, then banish a card in the center row. Then, if there is an Enlightened, Lifebound, Mechana, AND Void card in the center row, roll the Delirium Die.","抽一张牌, 然后放逐中央牌列的一张卡牌. 然后, 若存在圣贤, 命约, 机械, 和虚空卡牌在中央牌列, 掷谵妄骰.",draft,pass5;pass13,Dream Dealer,Del,effect_text
car_e5951d387522,cards_lua,lua,,card=Templar General;field=display_name;set=Del,Templar General,圣殿武士将军,draft,,Templar General,Del,display_name
car_6b22d8bfe313,cards_lua,lua,,card=Templar General;field=effect_text;set=Del,"Defeat a Monster with cost 4P or less without paying its cost.
Serenity: When you acquire this, put it in your hand.","击败一个怪物以 费用 4战力或更低无需支付费用.
宁静: 当你获取此, 将其放入你的手牌.",draft,pass6;pass13,Templar General,Del,effect_text
car_528973921b74,cards_lua,lua,,card=Divine Askara;field=display_name;set=Del,Divine Askara,神圣阿斯卡拉,draft,,Divine Askara,Del,display_name
car_739410508a19,cards_lua,lua,,card=Divine Askara;field=effect_text;set=Del,"Copy the effect of a Hero played this turn.
You may pay 3I to copy the chosen effect twice instead.
This effect cannot be copied.","复制本回合打出的一张英雄的效果。
你可以支付 3洞察以 复制所选效果两次改为.
此效果不能是 被复制.",draft,,Divine Askara,Del,effect_text
car_ba3d36d9274a,cards_lua,lua,,"card=Loa, Dream Dragon;field=display_name;set=Del","Loa, Dream Dragon",洛阿·梦龙,draft,,"Loa, Dream Dragon",Del,display_name
car_d0c0d287fa9f,cards_lua,lua,,"card=Loa, Dream Dragon;field=effect_text;set=Del",Roll the Delirium Die.,掷谵妄骰。,draft,,"Loa, Dream Dragon",Del,effect_text
car_6bc470f2aaf5,cards_lua,lua,,"card=Loa, Dream Dragon;field=flavor_text;set=Del","His spirit, manifest through the Dreamscape.",他的灵魂，借梦境显现。,draft,qa_pass2,"Loa, Dream Dragon",Del,flavor_text
car_65b2ca8f2824,cards_lua,lua,,"card=Emri, Lightbringer;field=display_name;set=Del","Emri, Lightbringer",携光者艾姆瑞,draft,,"Emri, Lightbringer",Del,display_name
car_1e5e7b0423d1,cards_lua,lua,,"card=Emri, Lightbringer;field=effect_text;set=Del",Defeat a Monster in the center row or the void without paying its cost. Put that Monster on the bottom of the center deck.,在中央牌列击败一个怪物或 虚空区无需支付费用. 放置该 怪物置于其底： 传送门牌库.,draft,pass13,"Emri, Lightbringer",Del,effect_text
car_ddc8188d8175,cards_lua,lua,,card=Dream Stone;field=display_name;set=Del,Dream Stone,梦石,draft,,Dream Stone,Del,display_name
car_f865353bf923,cards_lua,lua,,card=Dream Stone;field=effect_text;set=Del,You may banish this to roll the Delirium Die.,你可以放逐此牌以 掷谵妄骰.,draft,,Dream Stone,Del,effect_text
car_738c8516b29e,cards_lua,lua,,card=Dream Stone;field=flavor_text;set=Del,Look upon what might have been and what may come to pass.,凝视本可能发生之事，以及或许将至之事。,draft,qa_pass2,Dream Stone,Del,flavor_text
car_01aaf62d343f,cards_lua,lua,,card=The Dragon's Eye;field=display_name;set=Del,The Dragon's Eye,龙之眼,draft,,The Dragon's Eye,Del,display_name
car_fb8c2be48c43,cards_lua,lua,,card=The Dragon's Eye;field=effect_text;set=Del,"When you play this, gain 1I.
Serenity: Once per turn, gain 1I. (Gain this effect if there are no cards in your discard pile.)","当你 打出此, 获得1洞察.
宁静: 每回合一次，获得1洞察. (获得此效果：若 没有卡牌在你的弃牌堆.)",draft,pass6,The Dragon's Eye,Del,effect_text
car_a12761aa9f73,cards_lua,lua,,card=Delirium Nymph;field=display_name;set=Del,Delirium Nymph,谵妄宁芙,draft,,Delirium Nymph,Del,display_name
car_d7f3d144623e,cards_lua,lua,,card=Delirium Nymph;field=effect_text;set=Del,"Gain 1R.
UNITE: Draw 2 cards. (Gain this effect once if you play or have played another Lifebound Hero this turn.)","获得1符文.
联合： 抽 2 张牌. (获得此效果一次若 你打出或 已打出另一命约英雄本回合.)",draft,pass6,Delirium Nymph,Del,effect_text
car_dc79343c747e,cards_lua,lua,,card=Dreamscape Dryad;field=display_name;set=Del,Dreamscape Dryad,梦境树灵,draft,,Dreamscape Dryad,Del,display_name
car_8440f5b8a122,cards_lua,lua,,card=Dreamscape Dryad;field=effect_text;set=Del,"Gain 3H.
You may pay 3I to Recur. (Gain the effect listed above an additional time. You may only Recur once.)","获得3荣誉.
你可以支付 3洞察以 再次发生. (获得效果列出的上方额外的次. 你可以只再次发生一次.)",draft,,Dreamscape Dryad,Del,effect_text
car_dda696af577a,cards_lua,lua,,card=Pollen Pixie;field=display_name;set=Del,Pollen Pixie,花粉小仙,draft,,Pollen Pixie,Del,display_name
car_b41a4f083397,cards_lua,lua,,card=Pollen Pixie;field=effect_text;set=Del,Gain 2R and 1H.,获得2符文和 1荣誉.,draft,,Pollen Pixie,Del,effect_text
car_fcb5b377ffdc,cards_lua,lua,,card=Pollen Pixie;field=flavor_text;set=Del,You're going to feel a little funny at first...,一开始你会觉得有点不对劲……,draft,qa_pass2,Pollen Pixie,Del,flavor_text
car_955ed3bd43a1,cards_lua,lua,,card=Dream Guide;field=display_name;set=Del,Dream Guide,梦向导,draft,,Dream Guide,Del,display_name
car_8275ef67eed0,cards_lua,lua,,card=Dream Guide;field=effect_text;set=Del,Gain 2R and 1I.,获得2符文和 1洞察.,draft,,Dream Guide,Del,effect_text
car_f57b840b58c2,cards_lua,lua,,card=Dream Guide;field=flavor_text;set=Del,"At the edge of the world, she is a guide to everything beyond.",在世界边缘，她是通往彼岸一切的向导。,draft,qa_pass2,Dream Guide,Del,flavor_text
car_331b1d4754e5,cards_lua,lua,,card=Tuskrider;field=display_name;set=Del,Tuskrider,牙骑手,draft,,Tuskrider,Del,display_name
car_a46dd0be5949,cards_lua,lua,,card=Tuskrider;field=effect_text;set=Del,"Draw a card.
UNITE: Gain 4P.","抽一张牌.
联合： 获得4战力.",draft,,Tuskrider,Del,effect_text
car_c612b94bad69,cards_lua,lua,,card=Tuskrider;field=flavor_text;set=Del,Truffles and manflesh.,松露与人肉。,draft,qa_pass2,Tuskrider,Del,flavor_text
car_47f2410e72e2,cards_lua,lua,,card=Vineweaver;field=display_name;set=Del,Vineweaver,织藤者,draft,,Vineweaver,Del,display_name
car_307d5c8792f2,cards_lua,lua,,card=Vineweaver;field=effect_text;set=Del,Gain 4H.,获得4荣誉.,draft,,Vineweaver,Del,effect_text
car_74fc9dbd789d,cards_lua,lua,,"card=Kor, Worldbreaker;field=display_name;set=Del","Kor, Worldbreaker",科尔·碎界者,draft,,"Kor, Worldbreaker",Del,display_name
car_7586ea2a6297,cards_lua,lua,,"card=Kor, Worldbreaker;field=effect_text;set=Del","Gain 2R and draw a card.
If you play or have played at least two other Lifebound Heroes this turn, gain 6P.","获得 2 符文并抽一张牌。
若你本回合打出或已打出至少两张其他命约英雄，获得 6 战力。",draft,pass4,"Kor, Worldbreaker",Del,effect_text
car_3d087a3fb4d7,cards_lua,lua,,"card=Evvy, Ogo's Gift;field=display_name;set=Del","Evvy, Ogo's Gift",艾薇·奥戈的馈赠,draft,,"Evvy, Ogo's Gift",Del,display_name
car_72f8913e3c8a,cards_lua,lua,,"card=Evvy, Ogo's Gift;field=effect_text;set=Del","Acquire a Hero without paying its cost and put it on top of your deck.
You may 3I to Recur. (Gain the effect listed above an additional time. You may only Recur once.)","获取一个英雄无需支付费用和 将它放置放到你的牌库顶.
你可以3洞察以 再次发生. (获得效果列出的上方额外的次. 你可以只再次发生一次.)",draft,,"Evvy, Ogo's Gift",Del,effect_text
car_8d58d16c265e,cards_lua,lua,,card=Ogo War Tree;field=display_name;set=Del,Ogo War Tree,奥戈战争树,draft,,Ogo War Tree,Del,display_name
car_eb6fe55f2e2c,cards_lua,lua,,card=Ogo War Tree;field=effect_text;set=Del,"Once per turn, when you acquire a Hero in the center row, you may put it on top of your deck.","每回合一次，当你获取中央牌列的一张英雄, 你可以将它放置放到你的牌库顶.",draft,pass13,Ogo War Tree,Del,effect_text
car_2120cae2fa96,cards_lua,lua,,card=Ogo War Tree;field=flavor_text;set=Del,Safe travels!,一路平安！,draft,,Ogo War Tree,Del,flavor_text
car_3deeb1160b31,cards_lua,lua,,card=Steelweaver;field=display_name;set=Del,Steelweaver,织钢者,draft,,Steelweaver,Del,display_name
car_af2bb18062d6,cards_lua,lua,,card=Steelweaver;field=effect_text;set=Del,"Gain 1R. Once this turn, when you acquire a Construct, put it directly into play.
You may pay 1I to Recur. (Gain the effect listed above an additional time. You may only Recur once.)","获得1符文. 本回合一次， 当你获取神器, 将其直接进入战场.
你可以支付 1洞察以 再次发生. (获得效果列出的上方额外的次. 你可以只再次发生一次.)",draft,pass11;pass13,Steelweaver,Del,effect_text
car_2c2063f4ae1a,cards_lua,lua,,card=Scrapbot Scrapper;field=display_name;set=Del,Scrapbot Scrapper,废料机拆解者,draft,,Scrapbot Scrapper,Del,display_name
car_8d79ec207158,cards_lua,lua,,card=Scrapbot Scrapper;field=effect_text;set=Del,Gain 2P. You may return a Construct you control to your hand.,获得2战力. 你可以返回神器你控制的以 你的手牌.,draft,,Scrapbot Scrapper,Del,effect_text
car_8bab0c0e1282,cards_lua,lua,,card=Scrapbot Scrapper;field=flavor_text;set=Del,One man's trash is another bot's weapon.,此人之垃圾，乃彼机之兵器。,draft,qa_pass2,Scrapbot Scrapper,Del,flavor_text
car_0e38b2a5bf6e,cards_lua,lua,,card=Inferna Templar;field=display_name;set=Del,Inferna Templar,炼狱圣殿武士,draft,,Inferna Templar,Del,display_name
car_a7f21dcfd009,cards_lua,lua,,card=Inferna Templar;field=effect_text;set=Del,"Draw a card.
If you control two or more Constructs, draw an additional card.","抽一张牌.
若你控制的两 或更高神器, 额外抽一张牌.",draft,kw_pass3;pass6,Inferna Templar,Del,effect_text
car_65cd68c99a13,cards_lua,lua,,card=Emma Ironheart;field=display_name;set=Del,Emma Ironheart,艾玛铁之心,draft,,Emma Ironheart,Del,display_name
car_26ba933436f0,cards_lua,lua,,card=Emma Ironheart;field=effect_text;set=Del,"Gain 3R. If you control two or more Constructs, gain 3P.
You may pay 3I to Recur.","获得3符文. 若你控制的两 或更高神器, 获得3战力.
你可以支付 3洞察以 再次发生.",draft,kw_pass3,Emma Ironheart,Del,effect_text
car_54beb063b910,cards_lua,lua,,card=Clockwork Shield;field=display_name;set=Del,Clockwork Shield,发条盾,draft,,Clockwork Shield,Del,display_name
car_219bf1d71459,cards_lua,lua,,card=Clockwork Shield;field=effect_text;set=Del,"Once per turn, when you play a Mechana Construct (including this one), gain 1H for each Mechana Construct your control.","每回合一次，当你 打出机械神器 (包括此牌), 获得1荣誉你控制的每件机械神器.",draft,pass6;pass13,Clockwork Shield,Del,effect_text
car_cc1a3437e1a1,cards_lua,lua,,card=Clockwork Blade;field=display_name;set=Del,Clockwork Blade,发条刃,draft,,Clockwork Blade,Del,display_name
car_e73372a224b2,cards_lua,lua,,card=Clockwork Blade;field=effect_text;set=Del,"Once per turn, when you play a Mechana Construct (including this one), gain 1P for each Mechana Construct your control.","每回合一次，当你 打出机械神器 (包括此牌), 获得1战力你控制的每件机械神器.",draft,pass6;pass13,Clockwork Blade,Del,effect_text
car_14c740045513,cards_lua,lua,,card=Clockwork Helm;field=display_name;set=Del,Clockwork Helm,发条盔,draft,,Clockwork Helm,Del,display_name
car_b030644e6d27,cards_lua,lua,,card=Clockwork Helm;field=effect_text;set=Del,"Once per turn, when you play a Mechana Construct (including this one), gain 1I for each Mechana Construct your control.","每回合一次，当你 打出机械神器 (包括此牌), 获得1洞察你控制的每件机械神器.",draft,pass6;pass13,Clockwork Helm,Del,effect_text
car_1f44e8230bfc,cards_lua,lua,,card=Clockwork Familiar;field=display_name;set=Del,Clockwork Familiar,发条使魔,draft,,Clockwork Familiar,Del,display_name
car_6c6c48461940,cards_lua,lua,,card=Clockwork Familiar;field=effect_text;set=Del,"Once per turn, when you play a Mechana Construct (including this one), gain 1R for each Mechana Construct your control.","每回合一次，当你 打出机械神器 (包括此牌), 获得1符文你控制的每件机械神器.",draft,pass6;pass13,Clockwork Familiar,Del,effect_text
car_d4ca4b355ced,cards_lua,lua,,card=Salvage Yard;field=display_name;set=Del,Salvage Yard,打捞场,draft,,Salvage Yard,Del,display_name
car_e4ff6021c7ef,cards_lua,lua,,card=Salvage Yard;field=effect_text;set=Del,"At the start of your turn, return this to your hand.",在你的回合开始时，将此牌收回手牌。,draft,pass3b,Salvage Yard,Del,effect_text
car_c3dd48daa8b3,cards_lua,lua,,card=Salvage Yard;field=flavor_text;set=Del,Recycle. Rebuild. Reuse.,回收。重建。再利用。,draft,,Salvage Yard,Del,flavor_text
car_cac6cfad5b2f,cards_lua,lua,,"card=Dhartha, Mechamonk;field=display_name;set=Del","Dhartha, Mechamonk",达萨·机械僧,draft,,"Dhartha, Mechamonk",Del,display_name
car_de7930427869,cards_lua,lua,,"card=Dhartha, Mechamonk;field=effect_text;set=Del","Once per turn, when you play a Mechana Construct (including this one), draw a card for each Mechana Construct your control.","每回合一次，当你 打出机械神器 (包括此牌), 你控制的每件机械神器各抽一张牌.",draft,pass6;pass11,"Dhartha, Mechamonk",Del,effect_text
car_a02888f9971d,cards_lua,lua,,card=Nihil Chemist;field=display_name;set=Del,Nihil Chemist,虚无药剂师,draft,,Nihil Chemist,Del,display_name
car_2c1f853d87aa,cards_lua,lua,,card=Nihil Chemist;field=effect_text;set=Del,"Gain 1P. You may banish a card in your hand of discard pile.
You may pay 2I to Recur. (Gain the effect listed an additional time. You may only Recur once.)","获得1战力. 你可以从你的手牌放逐一张卡牌的 弃牌堆.
你可以支付 2洞察以 再次发生. (获得效果列出的额外的次. 你可以只再次发生一次.)",draft,pass13,Nihil Chemist,Del,effect_text
car_4c30d6e4b092,cards_lua,lua,,card=Voidrager;field=display_name;set=Del,Voidrager,虚空狂怒者,draft,,Voidrager,Del,display_name
car_8cd3d463682a,cards_lua,lua,,card=Voidrager;field=effect_text;set=Del,"Gain 2P. The next time you defeat a Monster in the center row this turn, gain 1I.","获得2战力. 本回合下次你在中央牌列击败怪物时, 获得1洞察.",draft,pass13,Voidrager,Del,effect_text
car_14103e07aab6,cards_lua,lua,,card=Shield Bearer;field=display_name;set=Del,Shield Bearer,盾持有者,draft,,Shield Bearer,Del,display_name
car_58f60cd01a50,cards_lua,lua,,card=Shield Bearer;field=effect_text;set=Del,"Draw a card.
You may banish a card in your hand or discard pile.","抽一张牌.
你可以从你的手牌或弃牌堆放逐一张卡牌.",draft,pass13,Shield Bearer,Del,effect_text
car_cf26d93242e9,cards_lua,lua,,card=Voidspeaker;field=display_name;set=Del,Voidspeaker,虚空语者,draft,,Voidspeaker,Del,display_name
car_e82528491f21,cards_lua,lua,,card=Voidspeaker;field=effect_text;set=Del,"Gain 2P.
Echo: Gain 3R. (Gain this effect if there is a Void card in your discard pile.)","获得 2 战力。
回响：获得 3 符文。（若你的弃牌堆中有虚空卡牌，则获得此效果。）",draft,pass4,Voidspeaker,Del,effect_text
car_5df4db18307a,cards_lua,lua,,card=Voidspeaker;field=flavor_text;set=Del,A ravenous appetite for human emotion.,对人类情感有着贪婪的食欲。,draft,qa_pass2,Voidspeaker,Del,flavor_text
car_6fffe999fe73,cards_lua,lua,,card=Darktome Librarian;field=display_name;set=Del,Darktome Librarian,暗典图书管理员,draft,,Darktome Librarian,Del,display_name
car_66f5243ff22f,cards_lua,lua,,card=Darktome Librarian;field=effect_text;set=Del,"Gain 2I.
You may banish a card in your hand or discard pile.","获得2洞察.
你可以从你的手牌或弃牌堆放逐一张卡牌.",draft,pass13,Darktome Librarian,Del,effect_text
car_afbe7af28a65,cards_lua,lua,,card=Darktome Librarian;field=flavor_text;set=Del,"Be careful, page six bites.",小心，第六页会咬人。,draft,qa_pass2,Darktome Librarian,Del,flavor_text
car_54d9a6e5e03d,cards_lua,lua,,"card=Naka, Shadeborn;field=display_name;set=Del","Naka, Shadeborn",纳卡·影生,draft,,"Naka, Shadeborn",Del,display_name
car_277e385adeab,cards_lua,lua,,"card=Naka, Shadeborn;field=effect_text;set=Del","Gain 3P.
You may return a Void card in your discard pile to your hand.
You may pay 3I to Recur.","获得3战力.
你可以返回虚空卡牌在你的弃牌堆以 你的手牌.
你可以支付 3洞察以 再次发生.",draft,,"Naka, Shadeborn",Del,effect_text
car_2c8266a0fa6f,cards_lua,lua,,"card=Cetra, Voidmother;field=display_name;set=Del","Cetra, Voidmother",虚空之母塞特拉,draft,,"Cetra, Voidmother",Del,display_name
car_6e50b043894a,cards_lua,lua,,"card=Cetra, Voidmother;field=effect_text;set=Del","Gain 4P.
The next time you defeat a Monster in the center row this turn, you may acquire a Hero without paying its cost and put it on top of your deck.","获得4战力.
本回合下次你在中央牌列击败怪物时, 你可以获取一个英雄无需支付费用和 将它放置放到你的牌库顶.",draft,pass13,"Cetra, Voidmother",Del,effect_text
car_2d8602226888,cards_lua,lua,,card=Arbiter Circlet;field=display_name;set=Del,Arbiter Circlet,仲裁者头环,draft,,Arbiter Circlet,Del,display_name
car_6d9c7f35157b,cards_lua,lua,,card=Arbiter Circlet;field=effect_text;set=Del,"Once per turn, gain 1P.",每回合一次，获得1战力.,draft,,Arbiter Circlet,Del,effect_text
car_690e6a60a43f,cards_lua,lua,,card=Arbiter Circlet;field=flavor_text;set=Del,Demon bone and one hundred souls.,恶魔之骨，与一百个灵魂。,draft,qa_pass2,Arbiter Circlet,Del,flavor_text
car_452f88ecdbd3,cards_lua,lua,,card=Nilhammer;field=display_name;set=Del,Nilhammer,虚无锤,draft,,Nilhammer,Del,display_name
car_0ef77ef978d0,cards_lua,lua,,card=Nilhammer;field=effect_text;set=Del,"Echo: Once per turn, gain 3P. (Gain this effect if there is a Void card in your discard pile.)",回响：每回合一次，获得 3 战力。（若你的弃牌堆中有虚空卡牌，则获得此效果。）,draft,pass4,Nilhammer,Del,effect_text
car_e707fbb4ffae,cards_lua,lua,,card=Nilhammer;field=flavor_text;set=Del,Need something that breaks bones and spirits?,需要一样能砸碎骨头与灵魂的东西吗？,draft,qa_pass2,Nilhammer,Del,flavor_text
car_08bef86df555,cards_lua,lua,,card=Demon Pups;field=display_name;set=Del,Demon Pups,恶魔幼崽,draft,,Demon Pups,Del,display_name
car_aa5c5f1def3c,cards_lua,lua,,card=Demon Pups;field=effect_text;set=Del,"Reward: Gain 1H. Draw a card. Then, you may pay 1I to draw an additional card.","奖励：获得1荣誉. 抽一张牌. 然后, 你可以支付 1洞察以 额外抽一张牌.",draft,pass6,Demon Pups,Del,effect_text
car_4d2ce415eb7e,cards_lua,lua,,card=Demon Pups;field=flavor_text;set=Del,I just wanted to pet one!,我只是想摸一下！,draft,pass5,Demon Pups,Del,flavor_text
car_96076eb3b10b,cards_lua,lua,,card=Dream Eater;field=display_name;set=Del,Dream Eater,梦吞噬者,draft,,Dream Eater,Del,display_name
car_1a9232f38671,cards_lua,lua,,card=Dream Eater;field=effect_text;set=Del,Reward: Gain 2H and 1I.,奖励：获得2荣誉和 1洞察.,draft,,Dream Eater,Del,effect_text
car_b7b462ef57be,cards_lua,lua,,card=Dream Eater;field=flavor_text;set=Del,"The dream was painful, but the reality was torture.",梦很痛苦，现实却是酷刑。,draft,qa_pass2,Dream Eater,Del,flavor_text
car_805fbf553738,cards_lua,lua,,card=Delirium Pixies;field=display_name;set=Del,Delirium Pixies,谵妄小仙,draft,,Delirium Pixies,Del,display_name
car_73d848aad9f7,cards_lua,lua,,card=Delirium Pixies;field=effect_text;set=Del,Reward: Gain 2H and 3R.,奖励：获得2荣誉和 3符文.,draft,,Delirium Pixies,Del,effect_text
car_b38a45eca664,cards_lua,lua,,card=Delirium Pixies;field=flavor_text;set=Del,Come play with us.,来和我们玩吧。,draft,pass5,Delirium Pixies,Del,flavor_text
car_7420834c9cd0,cards_lua,lua,,card=Mammoth Beetle;field=display_name;set=Del,Mammoth Beetle,巨甲虫,draft,,Mammoth Beetle,Del,display_name
car_343e007b360e,cards_lua,lua,,card=Mammoth Beetle;field=effect_text;set=Del,Reward: Gain 3H. Each opponent destroys a Construct they control. You may pay 1I to have each opponent destroy an additional Construct they control.,奖励：获得3荣誉. 每位对手摧毁神器其控制的. 你可以支付 1洞察以 拥有每位对手摧毁额外的神器其控制的.,draft,,Mammoth Beetle,Del,effect_text
car_75774e9150bf,cards_lua,lua,,card=Bleaktoad;field=display_name;set=Del,Bleaktoad,荒蟾,draft,,Bleaktoad,Del,display_name
car_e19efe44de15,cards_lua,lua,,card=Bleaktoad;field=effect_text;set=Del,Reward: Gain 4H. You may banish a card in your hand or discard pile. You may pay 2I to banish an additional card in your hand or discard pile.,奖励：获得4荣誉. 你可以从你的手牌或弃牌堆放逐一张卡牌. 你可以支付 2洞察以 放逐额外的卡牌在你的手牌或弃牌堆.,draft,pass13,Bleaktoad,Del,effect_text
car_59a60ecde0ff,cards_lua,lua,,card=Dreadmare;field=display_name;set=Del,Dreadmare,惧马,draft,,Dreadmare,Del,display_name
car_4d1e5593290d,cards_lua,lua,,card=Dreadmare;field=effect_text;set=Del,Reward: Gain 4H and 3I.,奖励：获得4荣誉和 3洞察.,draft,,Dreadmare,Del,effect_text
car_20cb8c6e9f43,cards_lua,lua,,card=Dreadmare;field=flavor_text;set=Del,A soul a day keeps the Dreadmare away.,一日一魂，惧马远离。,draft,qa_pass2,Dreadmare,Del,flavor_text
car_e931158d1689,cards_lua,lua,,card=Oak of Souls;field=display_name;set=Del,Oak of Souls,橡灵魂,draft,,Oak of Souls,Del,display_name
car_a6b549f55c60,cards_lua,lua,,card=Oak of Souls;field=effect_text;set=Del,Reward: Gain 3H. Roll the Delirium Die.,奖励：获得3荣誉. 掷谵妄骰。,draft,,Oak of Souls,Del,effect_text
car_154345077a6a,cards_lua,lua,,card=Oak of Souls;field=flavor_text;set=Del,The result of conscious death in an unconscious world.,清醒之死落在无意识世界的结果。,draft,qa_pass2,Oak of Souls,Del,flavor_text
car_1141104c1281,cards_lua,lua,,"card=Zis, Dreamreaper;field=display_name;set=Del","Zis, Dreamreaper",齐斯·刈梦者,draft,,"Zis, Dreamreaper",Del,display_name
car_e0e9abe98b3b,cards_lua,lua,,"card=Zis, Dreamreaper;field=effect_text;set=Del",Reward: Gain 5H. Take 2I from each opponent.,奖励：获得5荣誉. 拿取2洞察从 每位对手.,draft,,"Zis, Dreamreaper",Del,effect_text
car_2a158cd6fd6b,cards_lua,lua,,"card=Zis, Dreamreaper;field=flavor_text;set=Del","As many ways to die, as there are dreams to be dreamt.",死法之多，恰如梦境之多。,draft,qa_pass2,"Zis, Dreamreaper",Del,flavor_text
car_adbf5f51ec30,cards_lua,lua,,card=Torment Legionary;field=display_name;set=Del,Torment Legionary,折磨军团兵,draft,,Torment Legionary,Del,display_name
car_176891ccd2d3,cards_lua,lua,,card=Torment Legionary;field=effect_text;set=Del,Reward: Gain 6H. Acquire a Dreamborn card in the center row without paying its cost.,奖励：获得6荣誉. 获取一个梦生卡牌在中央牌列无需支付费用.,draft,,Torment Legionary,Del,effect_text
car_391bb56b8261,cards_lua,lua,,card=Torment Legionary;field=flavor_text;set=Del,"Boundless ambition, beyond death, beyond reality.",无尽野心，超越死亡，超越现实。,draft,qa_pass2,Torment Legionary,Del,flavor_text
car_e170df163ca9,cards_lua,lua,,card=Karion;field=display_name;set=Del,Karion,卡里昂,draft,,Karion,Del,display_name
car_42322ca4191f,cards_lua,lua,,card=Karion;field=effect_text;set=Del,Reward: Gain 5H and 10I.,奖励：获得5荣誉和 10洞察.,draft,,Karion,Del,effect_text
car_2f49d1783173,cards_lua,lua,,card=Karion;field=flavor_text;set=Del,"The Dreamscape gate is corrupt, a hellish wound on two worlds.",梦境之门已腐化，是横跨两界的炼狱伤口。,draft,qa_pass2,Karion,Del,flavor_text
car_8525d3a99035,cards_lua,lua,,"card=Glover, Dream Titan;field=display_name;set=Del","Glover, Dream Titan",格洛弗·梦泰坦,draft,,"Glover, Dream Titan",Del,display_name
car_3b316cf1f6a9,cards_lua,lua,,"card=Glover, Dream Titan;field=effect_text;set=Del",Reward: Gain 7H. Choose a player and take all of their I and a random card from their hand. Add that card to your hand.,奖励：获得7荣誉. 选择一名玩家和 拿取所有的 其I和随机卡牌从其手牌. 加入该卡牌以 你的手牌.,draft,,"Glover, Dream Titan",Del,effect_text
car_790d82230abf,cards_lua,lua,,card=Dreamseeker Start;field=display_name;set=Dlvr,Dreamseeker,寻梦者,draft,,Dreamseeker Start,Dlvr,display_name
car_78375dc856b4,cards_lua,lua,,card=Dreamseeker Start;field=effect_text;set=Dlvr,Gain 1I and draw a card.,获得1洞察和 抽一张牌.,draft,,Dreamseeker Start,Dlvr,effect_text
car_cfa81cee2d8b,cards_lua,lua,,card=Dreamseeker Start;field=flavor_text;set=Dlvr,Dreams maketh and dreams breaketh.,梦能成事，亦能毁事。,draft,qa_pass2,Dreamseeker Start,Dlvr,flavor_text
car_6e5719b12114,cards_lua,lua,,"card=Pasythea, The Redeemed;field=display_name;set=Dlvr","Pasythea, The Redeemed",帕西提亚·救赎者,draft,,"Pasythea, The Redeemed",Dlvr,display_name
car_cb0bd95ae43e,cards_lua,lua,,"card=Pasythea, The Redeemed;field=effect_text;set=Dlvr","This Hero counts as all factions
When you acquire this, it goes directly to your hand.
Gain 2R, 2P, 2H and draw a card.","此英雄视为所有派系。
当你获取此牌时，它直接进入你的手牌。
获得 2 符文、2 战力、2 荣誉并抽一张牌。",draft,pass4,"Pasythea, The Redeemed",Dlvr,effect_text
car_cdaa9118679b,cards_lua,lua,,card=Pasythea's Cutlass;field=display_name;set=Dlvr,Pasythea's Cutlass,帕西提亚的弯刀,draft,,Pasythea's Cutlass,Dlvr,display_name
car_45fe458f204d,cards_lua,lua,,card=Pasythea's Cutlass;field=effect_text;set=Dlvr,"This Construct counts as all factions.
When you play this, gain 2P.
Pasythea costs you 4I less to acquire.","此神器视为所有派系.
当你 打出此, 获得2战力.
帕西提亚费用为你 4洞察少支付以 获取.",draft,pass6,Pasythea's Cutlass,Dlvr,effect_text
car_0bf4e1970b3b,cards_lua,lua,,card=Pasythea's Katana;field=display_name;set=Dlvr,Pasythea's Katana,帕西提亚的刀,draft,,Pasythea's Katana,Dlvr,display_name
car_8d2445476678,cards_lua,lua,,card=Pasythea's Katana;field=effect_text;set=Dlvr,"This Construct counts as all factions.
When you play this, draw a card.
Pasythea costs you 4I less to acquire.","此神器视为所有派系.
当你 打出此, 抽一张牌.
帕西提亚费用为你 4洞察少支付以 获取.",draft,pass6,Pasythea's Katana,Dlvr,effect_text
car_7962ead5e89e,cards_lua,lua,,card=Pasythea's Mace;field=display_name;set=Dlvr,Pasythea's Mace,帕西提亚的锤矛,draft,,Pasythea's Mace,Dlvr,display_name
car_7d953067d3a1,cards_lua,lua,,card=Pasythea's Mace;field=effect_text;set=Dlvr,"This Construct counts as all factions.
When you play this, gain 2R.
Pasythea costs you 4I less to acquire.","此神器视为所有派系.
当你 打出此, 获得2符文.
帕西提亚费用为你 4洞察少支付以 获取.",draft,pass6,Pasythea's Mace,Dlvr,effect_text
car_288acf0bc7cc,cards_lua,lua,,card=Pasythea's Scimitar;field=display_name;set=Dlvr,Pasythea's Scimitar,帕西提亚的弯刀,draft,,Pasythea's Scimitar,Dlvr,display_name
car_ff811c0b95f5,cards_lua,lua,,card=Pasythea's Scimitar;field=effect_text;set=Dlvr,"This Construct counts as all factions.
When you play this, gain 2H.
Pasythea costs you 4I less to acquire.","此神器视为所有派系.
当你 打出此, 获得2荣誉.
帕西提亚费用为你 4洞察少支付以 获取.",draft,pass6,Pasythea's Scimitar,Dlvr,effect_text
car_1fc742c97609,cards_lua,lua,,card=Dreamwalker;field=display_name;set=Dlvr,Dreamwalker,梦行者,draft,,Dreamwalker,Dlvr,display_name
car_89aedb86dbbc,cards_lua,lua,,card=Dreamwalker;field=effect_text;set=Dlvr,"Banish a card in the center row.
If it is replaced by a Monster, gain 2I.
If it is replaced by a Hero, gain 2H.
If it is replaced by a Construct, draw 2 cards.","放逐中央牌列的一张卡牌.
若它 为被替换被 怪物, 获得2洞察.
若它 为被替换被 英雄, 获得2荣誉.
若它 为被替换被 神器, 抽 2 张牌.",draft,pass6;pass13,Dreamwalker,Dlvr,effect_text
car_af326f279b95,cards_lua,lua,,card=Dreamwalker;field=flavor_text;set=Dlvr,Are you sure you want to know?,你确定想知道吗？,draft,qa_pass2,Dreamwalker,Dlvr,flavor_text
car_94523cd72016,cards_lua,lua,,card=Dream Chamber Disciples;field=display_name;set=Dlvr,Dream Chamber Disciples,梦室门徒们,draft,,Dream Chamber Disciples,Dlvr,display_name
car_3d1d819c941a,cards_lua,lua,,card=Dream Chamber Disciples;field=effect_text;set=Dlvr,"Draw a card.
SERENITY: Gain 2I. (Gain this effect if there are no cards in your discard pile.)","抽一张牌。
宁静：获得 2 洞察。（若你的弃牌堆没有卡牌，则获得此效果。）",draft,pass4,Dream Chamber Disciples,Dlvr,effect_text
car_cad78ff8c34b,cards_lua,lua,,card=Dream Chamber Disciples;field=flavor_text;set=Dlvr,The Arha teach us that in time all traditions break under the weight of principle.,亚哈教导我们：假以时日，一切传统都会在原则的重压下崩裂。,draft,qa_pass2,Dream Chamber Disciples,Dlvr,flavor_text
car_6eff19bf1072,cards_lua,lua,,card=Azurite Channeler;field=display_name;set=Dlvr,Azurite Channeler,蓝铜引导者,draft,,Azurite Channeler,Dlvr,display_name
car_b4a96ec68e09,cards_lua,lua,,card=Azurite Channeler;field=effect_text;set=Dlvr,"Banish a card in your hand and replace it with a Mystic or Heavy Infantry.
PLUNDER - This turn, if you acquire a card AND defeat a Monster,both in the center row, gain 2I.","从你的手牌放逐一张卡牌，并将其替换为 秘教士或 重装步兵.
掠夺 - 此回合, 若你 获取卡牌和 击败一个怪物,两者在中央牌列, 获得2洞察.",draft,pass13,Azurite Channeler,Dlvr,effect_text
car_e2dd1c94a785,cards_lua,lua,,card=Psyonic Apprentice;field=display_name;set=Dlvr,Psyonic Apprentice,心灵学徒,draft,,Psyonic Apprentice,Dlvr,display_name
car_67af1e7c5a1e,cards_lua,lua,,card=Psyonic Apprentice;field=effect_text;set=Dlvr,"While this is in your hand, you may pay 7I to transform it into Psyonic Paladin.
Defeat a Monster with cost 4P or less without paying its cost.","当此 为在你的手牌中, 你可以支付 7洞察以 转化它 置入心灵圣骑士.
击败一个怪物以 费用 4战力或更低无需支付费用.",draft,,Psyonic Apprentice,Dlvr,effect_text
car_d8448aa9d41d,cards_lua,lua,,card=Psyonic Paladin;field=display_name;set=Dlvr,Psyonic Paladin,心灵圣骑士,draft,,Psyonic Paladin,Dlvr,display_name
car_0f298fe88e71,cards_lua,lua,,card=Psyonic Paladin;field=effect_text;set=Dlvr,Defeat a Monster in the center row without paying its cost.,在中央牌列击败一个怪物无需支付费用.,draft,pass13,Psyonic Paladin,Dlvr,effect_text
car_0b4dcd218657,cards_lua,lua,,card=Psyonic Paladin;field=flavor_text;set=Dlvr,"As the armor is shaped by our thoughts, the sword is directed by our will.",铠甲由我们的思绪塑形，利剑由我们的意志指引。,draft,qa_pass2,Psyonic Paladin,Dlvr,flavor_text
car_fc411f9cd749,cards_lua,lua,,card=Aether Warrior;field=display_name;set=Dlvr,Aether Warrior,以太战士,draft,,Aether Warrior,Dlvr,display_name
car_f668e0a76ee7,cards_lua,lua,,card=Aether Warrior;field=effect_text;set=Dlvr,"PHANTASM - While this is in the center row, you may pay 5I to banish and play this.
Draw two cards.","幻象 - 当此 为在中央牌列, 你可以支付 5洞察以 放逐和 打出此.
抽两张牌.",draft,,Aether Warrior,Dlvr,effect_text
car_792bec3c589f,cards_lua,lua,,card=Aether Warrior;field=flavor_text;set=Dlvr,My blade severs both flesh and soul.,我的刃切断血肉，也切断灵魂。,draft,qa_pass2,Aether Warrior,Dlvr,flavor_text
car_abd7e1144e10,cards_lua,lua,,card=Psyche Askara;field=display_name;set=Dlvr,Psyche Askara,心灵阿斯卡拉,draft,,Psyche Askara,Dlvr,display_name
car_9597b377e14c,cards_lua,lua,,card=Psyche Askara;field=effect_text;set=Dlvr,Copy the effect of a Hero you have played this turn or a Monster Reward you have gained this turn.,复制效果的 英雄你 已打出本回合或 怪物奖励你 拥有已获得本回合.,draft,pass6,Psyche Askara,Dlvr,effect_text
car_e48ea4b48ec2,cards_lua,lua,,card=Psyche Askara;field=flavor_text;set=Dlvr,The Arha teach us that in time all traditions break under the weight of principle.,亚哈教导我们：假以时日，一切传统都会在原则的重压下崩裂。,draft,qa_pass2,Psyche Askara,Dlvr,flavor_text
car_1fe532c13ed0,cards_lua,lua,,"card=Dhartha, Dream Master;field=display_name;set=Dlvr","Dhartha, Dream Master",达萨·梦大师,draft,,"Dhartha, Dream Master",Dlvr,display_name
car_448dddae085d,cards_lua,lua,,"card=Dhartha, Dream Master;field=effect_text;set=Dlvr","PHANTASM - While this is in the center row, you may pay 9I to banish and play this.
Acquire a card in the center row without paying its cost and put it in your hand.","幻象 - 当此 为在中央牌列, 你可以支付 9洞察以 放逐和 打出此.
获取一个卡牌在中央牌列无需支付费用，并将其放入你的手牌.",draft,pass6;pass13,"Dhartha, Dream Master",Dlvr,effect_text
car_7fdbee526ae6,cards_lua,lua,,card=Dream Anchor;field=display_name;set=Dlvr,Dream Anchor,梦锚,draft,,Dream Anchor,Dlvr,display_name
car_af84d7697a7a,cards_lua,lua,,card=Dream Anchor;field=effect_text;set=Dlvr,"PLUNDER - Once per turn, if you acquire a card AND defeat a Monster,both in the center row, gain 2I.","掠夺 - 每回合一次，若你 获取卡牌和 击败一个怪物,两者在中央牌列, 获得2洞察.",draft,,Dream Anchor,Dlvr,effect_text
car_07b25f60055f,cards_lua,lua,,card=Entrophantasm;field=display_name;set=Dlvr,Entrophantasm,熵幻象,draft,,Entrophantasm,Dlvr,display_name
car_469aea3fbffb,cards_lua,lua,,card=Entrophantasm;field=effect_text;set=Dlvr,"Gain 1R and 1I.
UNITE: Draw a card.(Gain this effect if you play or have played another Lifebound Hero this turn.)","获得1符文和 1洞察.
联合： 抽一张牌.(获得此效果：若 你打出或 已打出另一命约英雄本回合.)",draft,pass6,Entrophantasm,Dlvr,effect_text
car_e6082cbba96a,cards_lua,lua,,card=Entrophantasm;field=flavor_text;set=Dlvr,Are you sure you want to know?,你确定想知道吗？,draft,qa_pass2,Entrophantasm,Dlvr,flavor_text
car_34a6cfa854e9,cards_lua,lua,,card=Dreamscarred Hunter;field=display_name;set=Dlvr,Dreamscarred Hunter,梦痕猎手,draft,,Dreamscarred Hunter,Dlvr,display_name
car_6f047d9a0d6b,cards_lua,lua,,card=Dreamscarred Hunter;field=effect_text;set=Dlvr,"Draw a card.
PLUNDER - This turn, if you acquire a card AND defeat a Monster,both in the center row, gain 3H.","抽一张牌.
掠夺 - 此回合, 若你 获取卡牌和 击败一个怪物,两者在中央牌列, 获得3荣誉.",draft,,Dreamscarred Hunter,Dlvr,effect_text
car_25270a321e57,cards_lua,lua,,card=Dreamscarred Hunter;field=flavor_text;set=Dlvr,Are you sure you want to know?,你确定想知道吗？,draft,qa_pass2,Dreamscarred Hunter,Dlvr,flavor_text
car_a19c36df1d04,cards_lua,lua,,card=Faerie Commander;field=display_name;set=Dlvr,Faerie Commander,仙灵指挥官,draft,,Faerie Commander,Dlvr,display_name
car_f04614491e44,cards_lua,lua,,card=Faerie Commander;field=effect_text;set=Dlvr,"Gain 2R. The next time you acquire a Hero in the center row this turn, gain 2P.","获得2符文. 下次你获取中央牌列的一张英雄本回合, 获得2战力.",draft,pass13,Faerie Commander,Dlvr,effect_text
car_d14a6b4c4aa7,cards_lua,lua,,card=Faerie Commander;field=flavor_text;set=Dlvr,He was found dead in the forest a million little cuts.,人们在森林里发现他时，他已死于无数细小的伤口。,draft,qa_pass2,Faerie Commander,Dlvr,flavor_text
car_839fce9350c6,cards_lua,lua,,card=Green Spritelings;field=display_name;set=Dlvr,Green Spritelings,绿小精灵,draft,,Green Spritelings,Dlvr,display_name
car_ab85804ae6f1,cards_lua,lua,,card=Green Spritelings;field=effect_text;set=Dlvr,"PHANTASM - While this is in the center row, you may pay 4I to banish and play this.
Gain 3H.","幻象 - 当此 为在中央牌列, 你可以支付 4洞察以 放逐和 打出此.
获得3荣誉.",draft,,Green Spritelings,Dlvr,effect_text
car_a2e3ac8299b0,cards_lua,lua,,card=Green Spritelings;field=flavor_text;set=Dlvr,Are you sure you want to know?,你确定想知道吗？,draft,qa_pass2,Green Spritelings,Dlvr,flavor_text
car_dcc2db43f559,cards_lua,lua,,card=Wereboar;field=display_name;set=Dlvr,Wereboar,野猪人,draft,,Wereboar,Dlvr,display_name
car_c54448e380d8,cards_lua,lua,,card=Wereboar;field=effect_text;set=Dlvr,Gain 2P.UNITE: Gain 3R.,获得2战力.联合： 获得3符文.,draft,,Wereboar,Dlvr,effect_text
car_6a6106e9c6cf,cards_lua,lua,,card=Wereboar;field=flavor_text;set=Dlvr,Are you sure you want to know?,你确定想知道吗？,draft,qa_pass2,Wereboar,Dlvr,flavor_text
car_7992818d2f53,cards_lua,lua,,card=Lychan Ranger;field=display_name;set=Dlvr,Lychan Ranger,狼化游侠,draft,,Lychan Ranger,Dlvr,display_name
car_f0ac472f7a34,cards_lua,lua,,card=Lychan Ranger;field=effect_text;set=Dlvr,"While this is in your hand, you may pay 6I to transform it into Lychan Beast.
Gain 2R and 2P.","当此 为在你的手牌中, 你可以支付 6洞察以 转化它 置入狼化野兽.
获得2符文和 2战力.",draft,,Lychan Ranger,Dlvr,effect_text
car_e687b914f174,cards_lua,lua,,card=Lychan Beast;field=display_name;set=Dlvr,Lychan Beast,狼化野兽,draft,,Lychan Beast,Dlvr,display_name
car_cd3d3dc04422,cards_lua,lua,,card=Lychan Beast;field=effect_text;set=Dlvr,Gain 3R and 3P.,获得3符文和 3战力.,draft,,Lychan Beast,Dlvr,effect_text
car_417fd4109df1,cards_lua,lua,,card=Lychan Beast;field=flavor_text;set=Dlvr,They'll never see me coming.,他们永远看不见我来。,draft,qa_pass2,Lychan Beast,Dlvr,flavor_text
car_399cad1268a0,cards_lua,lua,,"card=Rut, Oaken Master;field=display_name;set=Dlvr","Rut, Oaken Master",橡木大师鲁特,draft,,"Rut, Oaken Master",Dlvr,display_name
car_f1e4aad6c4e6,cards_lua,lua,,"card=Rut, Oaken Master;field=effect_text;set=Dlvr","Gain 3H and draw a card.
PLUNDER - Once per turn, if you acquire a card AND defeat a Monster,both in the center row, gain an additional 3H.","获得3荣誉和 抽一张牌.
掠夺 - 每回合一次，若你 获取卡牌和 击败一个怪物,两者在中央牌列, 获得额外的 3荣誉.",draft,,"Rut, Oaken Master",Dlvr,effect_text
car_bd8e033c2ef8,cards_lua,lua,,card=Tree of Bounty;field=display_name;set=Dlvr,Tree of Bounty,树丰饶,draft,,Tree of Bounty,Dlvr,display_name
car_dbafc20dc91a,cards_lua,lua,,card=Tree of Bounty;field=effect_text;set=Dlvr,"PLUNDER - Once per turn, if you acquire a card AND defeat a Monster,both in the center row, gain 3H.","掠夺 - 每回合一次，若你 获取卡牌和 击败一个怪物,两者在中央牌列, 获得3荣誉.",draft,,Tree of Bounty,Dlvr,effect_text
car_a6d424713b66,cards_lua,lua,,card=Tree of Bounty;field=flavor_text;set=Dlvr,Are you sure you want to know?,你确定想知道吗？,draft,qa_pass2,Tree of Bounty,Dlvr,flavor_text
car_cb44439d3668,cards_lua,lua,,card=Corite Mechanadon;field=display_name;set=Dlvr,Corite Mechanadon,刚玉机械兽,draft,,Corite Mechanadon,Dlvr,display_name
car_22d501f8b2e8,cards_lua,lua,,card=Corite Mechanadon;field=effect_text;set=Dlvr,"PHANTASM - While this is in the center row, you may pay 2I to banish and play this.
Gain 1R and 1P.","幻象 - 当此 为在中央牌列, 你可以支付 2洞察以 放逐和 打出此.
获得1符文和 1战力.",draft,,Corite Mechanadon,Dlvr,effect_text
car_cd2aae16ceb0,cards_lua,lua,,card=Controlsmith;field=display_name;set=Dlvr,Controlsmith,控术匠,draft,,Controlsmith,Dlvr,display_name
car_db79fb69dc8d,cards_lua,lua,,card=Controlsmith;field=effect_text;set=Dlvr,"Gain 2R. If you control a Transformed Constuct, draw a card.",获得 2 符文。若你控制一件已转化的神器，抽一张牌。,draft,pass3b,Controlsmith,Dlvr,effect_text
car_4efe7a669db8,cards_lua,lua,,card=Stone Artificers;field=display_name;set=Dlvr,Stone Artificers,石神器师,draft,,Stone Artificers,Dlvr,display_name
car_41b90471f241,cards_lua,lua,,card=Stone Artificers;field=effect_text;set=Dlvr,Gain 2R. You may put the next Construct you acquire this turn directly into play.,获得2符文. 你可以放置下一神器你 获取本回合直接进入战场.,draft,,Stone Artificers,Dlvr,effect_text
car_467d75e69fb7,cards_lua,lua,,card=Gearseer;field=display_name;set=Dlvr,Gearseer,齿轮预言者,draft,,Gearseer,Dlvr,display_name
car_e00e54b8f6c2,cards_lua,lua,,card=Gearseer;field=effect_text;set=Dlvr,"PHANTASM - While this is in the center row, you may pay 6I to banish and play this.
Gain 3R.","幻象 - 当此 为在中央牌列, 你可以支付 6洞察以 放逐和 打出此.
获得3符文.",draft,,Gearseer,Dlvr,effect_text
car_bff8c88d589e,cards_lua,lua,,card=Gearseer;field=flavor_text;set=Dlvr,The only difference between genius and madness is execution.,天才与疯狂的唯一差别，在于执行。,draft,qa_pass2,Gearseer,Dlvr,flavor_text
car_91d26e293a88,cards_lua,lua,,card=Teletransmitter Blueprint;field=display_name;set=Dlvr,Teletransmitter Blueprint,远传器蓝图,draft,,Teletransmitter Blueprint,Dlvr,display_name
car_245d25a3990a,cards_lua,lua,,card=Teletransmitter Blueprint;field=effect_text;set=Dlvr,You may pay 5I to transform this into Emma's Teletransmitter.,你可以支付 5洞察以 将此牌转化为艾玛的远传器.,draft,,Teletransmitter Blueprint,Dlvr,effect_text
car_6576ee4216ea,cards_lua,lua,,card=Teletransmitter Blueprint;field=flavor_text;set=Dlvr,"It's like telepathy, but less effective.
- Emma Ironheart","像心灵感应，但没那么好用。
——艾玛·铁心",draft,qa_pass2,Teletransmitter Blueprint,Dlvr,flavor_text
car_1392a71eb3e4,cards_lua,lua,,card=Emma's Teletransmitter;field=display_name;set=Dlvr,Emma's Teletransmitter,艾玛的远传器,draft,,Emma's Teletransmitter,Dlvr,display_name
car_0111bbc44757,cards_lua,lua,,card=Emma's Teletransmitter;field=effect_text;set=Dlvr,"Once per turn, gain 1H for each Transformed Mechana Construct you contol.",每回合一次，获得1荣誉以 每个已转化机械神器你 控制.,draft,,Emma's Teletransmitter,Dlvr,effect_text
car_eaa39332f4ee,cards_lua,lua,,card=Emma's Teletransmitter;field=flavor_text;set=Dlvr,"""Why in the five hells would I be calling you if I didn't need help?"" - Emma Ironheart",「要不是我需要帮忙，我干嘛打给你？」——艾玛·铁心,draft,qa_pass2,Emma's Teletransmitter,Dlvr,flavor_text
car_38182616ef8c,cards_lua,lua,,card=Mechannon Blueprint;field=display_name;set=Dlvr,Mechannon Blueprint,机加农蓝图,draft,,Mechannon Blueprint,Dlvr,display_name
car_39c674ca572b,cards_lua,lua,,card=Mechannon Blueprint;field=effect_text;set=Dlvr,You may pay 5I to transform this into Emma's Mechannon.,你可以支付 5洞察以 将此牌转化为艾玛的机加农.,draft,,Mechannon Blueprint,Dlvr,effect_text
car_cb17973c1f56,cards_lua,lua,,card=Mechannon Blueprint;field=flavor_text;set=Dlvr,"""I wonder what kind of dent this thing is going to make."" - Emma Ironheart",「真好奇这玩意儿能砸出多大坑。」——艾玛·铁心,draft,qa_pass2,Mechannon Blueprint,Dlvr,flavor_text
car_391f2e6a20f1,cards_lua,lua,,card=Emma's Mechannon;field=display_name;set=Dlvr,Emma's Mechannon,艾玛的机加农,draft,,Emma's Mechannon,Dlvr,display_name
car_a0d72d6d6728,cards_lua,lua,,card=Emma's Mechannon;field=effect_text;set=Dlvr,"Once per turn, gain 1P for each Transformed Mechana Construct you contol.",每回合一次，获得1战力以 每个已转化机械神器你 控制.,draft,,Emma's Mechannon,Dlvr,effect_text
car_223fb4e59a1d,cards_lua,lua,,card=Emma's Mechannon;field=flavor_text;set=Dlvr,"""Did anyone see that? I put a hole in that mountain!"" - Emma Ironheart",「有人看见了吗？我在那座山上打了个洞！」——艾玛·铁心,draft,qa_pass2,Emma's Mechannon,Dlvr,flavor_text
car_c1f4394f7478,cards_lua,lua,,card=Voidcycler Blueprint;field=display_name;set=Dlvr,Voidcycler Blueprint,虚空循环器蓝图,draft,,Voidcycler Blueprint,Dlvr,display_name
car_7320e72e74b5,cards_lua,lua,,card=Voidcycler Blueprint;field=effect_text;set=Dlvr,You may pay 5I to transform this into Emma's Voidcycler.,你可以支付 5洞察以 将此牌转化为艾玛的虚空循环器.,draft,,Voidcycler Blueprint,Dlvr,effect_text
car_77ba8cadb98a,cards_lua,lua,,card=Voidcycler Blueprint;field=flavor_text;set=Dlvr,"""I wonder what kind of dent this thing is going to make."" - Emma Ironheart",「真好奇这玩意儿能砸出多大坑。」——艾玛·铁心,draft,qa_pass2,Voidcycler Blueprint,Dlvr,flavor_text
car_5d36abd7b95c,cards_lua,lua,,card=Emma's Voidcycler;field=display_name;set=Dlvr,Emma's Voidcycler,艾玛的虚空循环器,draft,,Emma's Voidcycler,Dlvr,display_name
car_ec35b7f7d945,cards_lua,lua,,card=Emma's Voidcycler;field=effect_text;set=Dlvr,"Once per turn, gain 1R for each Transformed Mechana Construct you contol.",每回合一次，获得1符文以 每个已转化机械神器你 控制.,draft,,Emma's Voidcycler,Dlvr,effect_text
car_cb1a9b120d1d,cards_lua,lua,,card=Emma's Voidcycler;field=flavor_text;set=Dlvr,"""This proves it. Emma, you're a genius."" - Emma Ironheart",「这就证明了。艾玛，你是个天才。」——艾玛·铁心,draft,qa_pass2,Emma's Voidcycler,Dlvr,flavor_text
car_1e923868fa16,cards_lua,lua,,card=Emma's Workshop;field=display_name;set=Dlvr,Emma's Workshop,艾玛的工坊,draft,,Emma's Workshop,Dlvr,display_name
car_129adb080ba1,cards_lua,lua,,card=Emma's Workshop;field=effect_text;set=Dlvr,"Once per turn, you may transform a Mechana Construct without paying its cost.",每回合一次，你可以转化机械神器无需支付费用.,draft,,Emma's Workshop,Dlvr,effect_text
car_ac093675401f,cards_lua,lua,,card=Emma's Workshop;field=flavor_text;set=Dlvr,"""This place is falling apart. It's perfect."" - Emma Ironheart",「这地方快散架了。完美。」——艾玛·铁心,draft,qa_pass2,Emma's Workshop,Dlvr,flavor_text
car_ba43e98863a5,cards_lua,lua,,card=Ironheart Blueprint;field=display_name;set=Dlvr,Ironheart Blueprint,铁之心蓝图,draft,,Ironheart Blueprint,Dlvr,display_name
car_de61c6cea85e,cards_lua,lua,,card=Ironheart Blueprint;field=effect_text;set=Dlvr,"You may pay 15I to transform this into The Ironheart.
Once per turn, gain 1I for each Mechana Construct you contol.","你可以支付 15洞察以 将此牌转化为铁之心.
每回合一次，获得1洞察以 每个机械神器你 控制.",draft,,Ironheart Blueprint,Dlvr,effect_text
car_452f40e8c800,cards_lua,lua,,card=The Ironheart;field=display_name;set=Dlvr,The Ironheart,铁之心,draft,,The Ironheart,Dlvr,display_name
car_548cd607d043,cards_lua,lua,,card=The Ironheart;field=effect_text;set=Dlvr,"Once per turn, gain 3R, 3P, and 3H.","每回合一次，获得3符文, 3战力, 和 3荣誉.",draft,,The Ironheart,Dlvr,effect_text
car_203d601e4c6b,cards_lua,lua,,card=The Ironheart;field=flavor_text;set=Dlvr,"""I don't care how many tentacles you have. I have an airship!"" - Emma Ironheart",「我不管你有多少触手。我有飞艇！」——艾玛·铁心,draft,qa_pass2,The Ironheart,Dlvr,flavor_text
car_80fdec9a236c,cards_lua,lua,,card=Blackwatch Dreamer;field=display_name;set=Dlvr,Blackwatch Dreamer,黑卫梦者,draft,,Blackwatch Dreamer,Dlvr,display_name
car_377769c56a9e,cards_lua,lua,,card=Blackwatch Dreamer;field=effect_text;set=Dlvr,"PHANTASM - While this is in the center row, you may pay 2I to banish and play this.
Gain 1P. You may banish a card in your hand of discard pile.","幻象 - 当此 为在中央牌列, 你可以支付 2洞察以 放逐和 打出此.
获得1战力. 你可以从你的手牌放逐一张卡牌的 弃牌堆.",draft,pass13,Blackwatch Dreamer,Dlvr,effect_text
car_6f3964323203,cards_lua,lua,,card=Void Amathyst Defender;field=display_name;set=Dlvr,Void Amathyst Defender,虚空紫晶防御者,draft,,Void Amathyst Defender,Dlvr,display_name
car_cb810f6cb696,cards_lua,lua,,card=Void Amathyst Defender;field=effect_text;set=Dlvr,"Gain 2P.
ECHO: Gain 2I.(Gain this effect if there is a Void card in your discard pile.)","获得 2 战力。
回响：获得 2 洞察。（若你的弃牌堆中有虚空卡牌，则获得此效果。）",draft,pass4,Void Amathyst Defender,Dlvr,effect_text
car_f3d7dfd67a54,cards_lua,lua,,card=Demon Hunter;field=display_name;set=Dlvr,Demon Hunter,恶魔猎手,draft,,Demon Hunter,Dlvr,display_name
car_1329c14ffad6,cards_lua,lua,,card=Demon Hunter;field=effect_text;set=Dlvr,"While this is in your hand, you may pay 8I to transform it into Demon Master.
Gain 2P.","当此 为在你的手牌中, 你可以支付 8洞察以 转化它 置入恶魔大师.
获得2战力.",draft,,Demon Hunter,Dlvr,effect_text
car_44e59620c4e3,cards_lua,lua,,card=Demon Hunter;field=flavor_text;set=Dlvr,Good. Bad. Try the one with the sword.,好的。坏的。试试带剑的那个。,draft,qa_pass2,Demon Hunter,Dlvr,flavor_text
car_a33c0dda0f4b,cards_lua,lua,,card=Demon Master;field=display_name;set=Dlvr,Demon Master,恶魔大师,draft,,Demon Master,Dlvr,display_name
car_2b737d0154fb,cards_lua,lua,,card=Demon Master;field=effect_text;set=Dlvr,Gain 5P. You may banish a card in your hand or discard pile.,获得5战力. 你可以从你的手牌或弃牌堆放逐一张卡牌.,draft,pass13,Demon Master,Dlvr,effect_text
car_80925cd04959,cards_lua,lua,,card=Demon Master;field=flavor_text;set=Dlvr,"The job is tough, but the smell is worse.",活儿很难，但气味更糟。,draft,qa_pass2,Demon Master,Dlvr,flavor_text
car_4f3336438961,cards_lua,lua,,card=Invokist;field=display_name;set=Dlvr,Invokist,祈唤师,draft,,Invokist,Dlvr,display_name
car_9260fc419aa6,cards_lua,lua,,card=Invokist;field=effect_text;set=Dlvr,"PHANTASM - While this is in the center row, you may pay 4I to banish and play this.
Gain 3P.","幻象 - 当此 为在中央牌列, 你可以支付 4洞察以 放逐和 打出此.
获得3战力.",draft,,Invokist,Dlvr,effect_text
car_495ef2826700,cards_lua,lua,,card=Invokist;field=flavor_text;set=Dlvr,"Fear has a face.
Allow me to show it to you.","恐惧有一张脸。
让我指给你看。",draft,qa_pass2,Invokist,Dlvr,flavor_text
car_1d5b0e3c88fd,cards_lua,lua,,card=Nihil Bomber;field=display_name;set=Dlvr,Nihil Bomber,虚无投弹者,draft,,Nihil Bomber,Dlvr,display_name
car_b4171b9fa23b,cards_lua,lua,,card=Nihil Bomber;field=effect_text;set=Dlvr,"Draw a card. You may banish a card in your hand or discard pile. If you do, gain 1I.",抽一张牌. 你可以从你的手牌或弃牌堆放逐一张卡牌. 若你如此做，获得1洞察.,draft,pass13,Nihil Bomber,Dlvr,effect_text
car_5d3be1bc7cdd,cards_lua,lua,,card=Nihil Bomber;field=flavor_text;set=Dlvr,"Fear has a face.
",恐惧有一张脸。,draft,pass5,Nihil Bomber,Dlvr,flavor_text
car_ce6337844864,cards_lua,lua,,"card=Naka, Emri's Chosen;field=display_name;set=Dlvr","Naka, Emri's Chosen",纳卡·艾姆瑞的天选者,draft,,"Naka, Emri's Chosen",Dlvr,display_name
car_b928c76e4a75,cards_lua,lua,,"card=Naka, Emri's Chosen;field=effect_text;set=Dlvr","Gain 4P.
This turn, you may pay 0I for Dreambind costs.","获得4战力.
此回合, 你可以支付 0洞察以 梦缚费用为.",draft,,"Naka, Emri's Chosen",Dlvr,effect_text
car_b4eaf93fa010,cards_lua,lua,,"card=Emri, Soulstealer;field=display_name;set=Dlvr","Emri, Soulstealer",窃魂者艾姆瑞,draft,,"Emri, Soulstealer",Dlvr,display_name
car_54b9abda86dd,cards_lua,lua,,"card=Emri, Soulstealer;field=effect_text;set=Dlvr","Gain 5P. If there are 10 or more Monsters in the Void, gain 10P instead","获得5战力. 若那里为 10 或更高怪物在 虚空区, 获得10战力改为",draft,,"Emri, Soulstealer",Dlvr,effect_text
car_f405a80a98f1,cards_lua,lua,,"card=Emri, Soulstealer;field=flavor_text;set=Dlvr","Another day, another demigod.",又一日，又一半神。,draft,qa_pass2,"Emri, Soulstealer",Dlvr,flavor_text
car_fc669d1a6730,cards_lua,lua,,card=Zinta's Bracers;field=display_name;set=Dlvr,Zinta's Bracers,辛塔的护腕,draft,,Zinta's Bracers,Dlvr,display_name
car_0aad97ea6731,cards_lua,lua,,card=Zinta's Bracers;field=effect_text;set=Dlvr,"Once per turn, if you have gained 2I or more, gain 2P.","每回合一次，若你 拥有已获得 2洞察或更高, 获得2战力.",draft,,Zinta's Bracers,Dlvr,effect_text
car_d51fcd1b88b4,cards_lua,lua,,card=Zinta's Bracers;field=flavor_text;set=Dlvr,Zinta reached into the Void and from it pulled daggers.,辛塔探入虚空，从中抽出匕首。,draft,qa_pass2,Zinta's Bracers,Dlvr,flavor_text
car_7fec5c3079c6,cards_lua,lua,,card=Nightmarauders;field=display_name;set=Dlvr,Nightmarauders,梦魇掠夺者,draft,,Nightmarauders,Dlvr,display_name
car_d3737ea94487,cards_lua,lua,,card=Nightmarauders;field=effect_text;set=Dlvr,Reward: Gain 1H and 1I.,奖励：获得1荣誉和 1洞察.,draft,,Nightmarauders,Dlvr,effect_text
car_bbf2988d8c13,cards_lua,lua,,card=Nightmarauders;field=flavor_text;set=Dlvr,They're everywhere!.,它们无处不在！,draft,pass5,Nightmarauders,Dlvr,flavor_text
car_69f576f9b209,cards_lua,lua,,card=Terminites;field=display_name;set=Dlvr,Terminites,终末蚁,draft,,Terminites,Dlvr,display_name
car_0ce1896dea08,cards_lua,lua,,card=Terminites;field=effect_text;set=Dlvr,Reward: Gain 3H. Each opponent destroys the lowest cost Construct they control.,奖励：获得3荣誉. 每位对手摧毁最低费用神器其控制的.,draft,,Terminites,Dlvr,effect_text
car_76ba05fb7b3b,cards_lua,lua,,card=Terminites;field=flavor_text;set=Dlvr,"They're just bugs, soldier. How big could they be?.",他们不过是虫子，士兵。能有多大？,draft,qa_pass2,Terminites,Dlvr,flavor_text
car_fa0fe0fa80a2,cards_lua,lua,,card=Warpdruid;field=display_name;set=Dlvr,Warpdruid,扭曲德鲁伊,draft,,Warpdruid,Dlvr,display_name
car_9fdf8f00aef8,cards_lua,lua,,card=Warpdruid;field=effect_text;set=Dlvr,"Reward: Gain 2H. You may banish a card in your hand or discard pile.
DREAMBIND: 1I.","奖励：获得2荣誉. 你可以从你的手牌或弃牌堆放逐一张卡牌.
梦缚: 1洞察.",draft,pass3b;pass13,Warpdruid,Dlvr,effect_text
car_9f32ac902921,cards_lua,lua,,card=Warpdruid;field=flavor_text;set=Dlvr,Bark split flesh as .,树皮撕裂血肉。,draft,qa_pass2,Warpdruid,Dlvr,flavor_text
car_ead90da3a74e,cards_lua,lua,,card=Dreadmage;field=display_name;set=Dlvr,Dreadmage,恐惧法师,draft,,Dreadmage,Dlvr,display_name
car_702d267dec99,cards_lua,lua,,card=Dreadmage;field=effect_text;set=Dlvr,"Reward: Gain 2H and draw two cards. DREAMBIND: 4I.(When you defeat this, you may pay its Dreambind cost. If you do, put this in your discard pile. When you play this, gain its Reward.)","奖励：获得2荣誉和 抽两张牌. 梦缚: 4洞察.(当你击败此, 你可以支付其 梦缚费用. 若你如此做，放置此 在你的弃牌堆. 当你 打出此, 获得其奖励.)",draft,pass3b;pass13,Dreadmage,Dlvr,effect_text
car_43208956c752,cards_lua,lua,,card=Warprogue;field=display_name;set=Dlvr,Warprogue,扭曲游荡者,draft,,Warprogue,Dlvr,display_name
car_855b01dc0721,cards_lua,lua,,card=Warprogue;field=effect_text;set=Dlvr,Reward: Gain 3H. Take 1I from an opponent. DREAMBIND: 3I.,奖励：获得 3 荣誉。从一名对手处夺取 1 洞察。梦缚：3 洞察。,draft,pass3b,Warprogue,Dlvr,effect_text
car_16cd78ed7445,cards_lua,lua,,card=Warprogue;field=flavor_text;set=Dlvr,Love is a dream. Love is a nightmare.,爱是一场梦。爱是一场梦魇。,draft,qa_pass2,Warprogue,Dlvr,flavor_text
car_8d288d0674a8,cards_lua,lua,,card=Dream Titan;field=display_name;set=Dlvr,Dream Titan,梦泰坦,draft,,Dream Titan,Dlvr,display_name
car_b855ed48c34b,cards_lua,lua,,card=Dream Titan;field=effect_text;set=Dlvr,Reward: Gain 6H.,奖励：获得6荣誉.,draft,,Dream Titan,Dlvr,effect_text
car_9e3a693c6fb1,cards_lua,lua,,card=Dream Titan;field=flavor_text;set=Dlvr,"A gold giant, taller than the mountains and silent as the sea.",金色巨人，高过群山，静如大海。,draft,qa_pass2,Dream Titan,Dlvr,flavor_text
car_346760ecc26d,cards_lua,lua,,card=Obfusca Spirit;field=display_name;set=Dlvr,Obfusca Spirit,朦胧精魂,draft,,Obfusca Spirit,Dlvr,display_name
car_8dd6ff3c91de,cards_lua,lua,,card=Obfusca Spirit;field=effect_text;set=Dlvr,"Reward: Gain 4H. Choose an opponent to discard a card at random from their hand.
DREAMBIND: 4I.","奖励：获得4荣誉. 选择一名对手以 弃掉卡牌随机从其手牌.
梦缚: 4洞察.",draft,pass3b,Obfusca Spirit,Dlvr,effect_text
car_fa7b244e873a,cards_lua,lua,,card=Obfusca Spirit;field=flavor_text;set=Dlvr,Love is a dream. Love is a nightmare.,爱是一场梦。爱是一场梦魇。,draft,qa_pass2,Obfusca Spirit,Dlvr,flavor_text
car_7c9d59b4d4ef,cards_lua,lua,,card=Dream Tyrant;field=display_name;set=Dlvr,Dream Tyrant,梦境暴君,draft,,Dream Tyrant,Dlvr,display_name
car_e7ee986b4198,cards_lua,lua,,card=Dream Tyrant;field=effect_text;set=Dlvr,Reward: Gain 5H and 5I.,奖励：获得5荣誉和 5洞察.,draft,,Dream Tyrant,Dlvr,effect_text
car_b9abe7d738d3,cards_lua,lua,,card=Dream Tyrant;field=flavor_text;set=Dlvr,"A gold giant, taller than the mountains",金色巨人，高过群山,draft,qa_pass2,Dream Tyrant,Dlvr,flavor_text
car_0ab649a24e54,cards_lua,lua,,card=River Reaper;field=display_name;set=Dlvr,River Reaper,河收割者,draft,,River Reaper,Dlvr,display_name
car_0aa9ca36f7b2,cards_lua,lua,,card=River Reaper;field=effect_text;set=Dlvr,Reward: Gain 6H. Each opponent destroys all but one Construct they control.,奖励：获得6荣誉. 每位对手摧毁只留一个，其余神器其控制的.,draft,,River Reaper,Dlvr,effect_text
car_5b2d8912ab4f,cards_lua,lua,,card=River Reaper;field=flavor_text;set=Dlvr,"A gold giant, taller than the mountains",金色巨人，高过群山,draft,qa_pass2,River Reaper,Dlvr,flavor_text
car_81e3f278c2b9,cards_lua,lua,,"card=Caaro, Desert Breaker;field=display_name;set=Dlvr","Caaro, Desert Breaker",卡罗·沙漠破碎者,draft,,"Caaro, Desert Breaker",Dlvr,display_name
car_ce7c16763260,cards_lua,lua,,"card=Caaro, Desert Breaker;field=effect_text;set=Dlvr","Reward: Gain 4H. For each opponent, you choose and destroy a Construct they control.DREAMBIND: 2I.","奖励：获得4荣誉. 以每位对手, 你选择和 摧毁一个神器其控制的.梦缚: 2洞察.",draft,pass3b,"Caaro, Desert Breaker",Dlvr,effect_text
car_531f8a733af1,cards_lua,lua,,"card=Caaro, Desert Breaker;field=flavor_text;set=Dlvr","A gold giant, taller than the mountains",金色巨人，高过群山,draft,qa_pass2,"Caaro, Desert Breaker",Dlvr,flavor_text
car_7f06c2824a0f,cards_lua,lua,,"card=Nilia, The Shattered;field=display_name;set=Dlvr","Nilia, The Shattered",尼莉亚·破碎,draft,,"Nilia, The Shattered",Dlvr,display_name
car_cdb543cbbbe6,cards_lua,lua,,"card=Nilia, The Shattered;field=effect_text;set=Dlvr",Reward: Gain 5H. Take a card at random from an opponent's hand and add that card to your hand.DREAMBIND: 7I.,奖励：获得5荣誉. 拿取一张卡牌随机从 对手之手牌和 将该卡牌加入以 你的手牌.梦缚: 7洞察.,draft,pass3b,"Nilia, The Shattered",Dlvr,effect_text
car_4991776017f0,cards_lua,lua,,"card=Nilia, The Shattered;field=flavor_text;set=Dlvr","A gold giant, taller than the mountains",金色巨人，高过群山,draft,qa_pass2,"Nilia, The Shattered",Dlvr,flavor_text
car_5276beba2a5c,cards_lua,lua,,"card=Rakar, Corrupt Askara;field=display_name;set=Dlvr","Rakar, Corrupt Askara",拉卡尔·腐化阿斯卡拉,draft,,"Rakar, Corrupt Askara",Dlvr,display_name
car_c725385ce23c,cards_lua,lua,,"card=Rakar, Corrupt Askara;field=effect_text;set=Dlvr",Reward: Gain 6H. Add a Dreambind Monster in the Void to your hand.,奖励：获得6荣誉. 加入梦缚怪物在 虚空区以 你的手牌.,draft,,"Rakar, Corrupt Askara",Dlvr,effect_text
car_535248f59982,cards_lua,lua,,"card=Rakar, Corrupt Askara;field=flavor_text;set=Dlvr",Love is a dream. Love is a nightmare.,爱是一场梦。爱是一场梦魇。,draft,qa_pass2,"Rakar, Corrupt Askara",Dlvr,flavor_text
car_66611addcfce,cards_lua,lua,,"card=Vezra'Tull, The Voidwyrm;field=display_name;set=promo","Vezra'Tull, The Voidwyrm",虚空巨虫维兹拉图尔,draft,,"Vezra'Tull, The Voidwyrm",promo,display_name
car_da301b8c118c,cards_lua,lua,,"card=Vezra'Tull, The Voidwyrm;field=effect_text;set=promo","You may spend P instead of H to acquire this.
Gain 1P for each Monster in the Void.","你可以花费P而非H以获取此.
获得1战力以 每个怪物在 虚空区.",draft,,"Vezra'Tull, The Voidwyrm",promo,effect_text
car_5b8988ccb9db,cards_lua,lua,,"card=Vezra'Tull, The Voidwyrm;field=flavor_text;set=promo",Some Dragons horde gold. She hordes nightmares.,有些龙囤积黄金。她囤积梦魇。,draft,qa_pass2,"Vezra'Tull, The Voidwyrm",promo,flavor_text
car_d782c9d00279,cards_lua,lua,,card=Boon: Master Dhartha;field=display_name;set=LGND,Boon: Master Dhartha,恩赐：达萨大师,draft,,Boon: Master Dhartha,LGND,display_name
car_d2a0c25e0ba5,cards_lua,lua,,card=Boon: Master Dhartha;field=effect_text;set=LGND,"Once this turn, draw a card.",本回合一次， 抽一张牌.,draft,pass11,Boon: Master Dhartha,LGND,effect_text
car_177cf808c112,cards_lua,lua,,card=Boon - Master Dhartha;field=display_name;set=LGND,Boon: Master Dhartha,恩赐：达萨大师,draft,,Boon - Master Dhartha,LGND,display_name
car_281115f0cd77,cards_lua,lua,,card=Boon - Master Dhartha;field=effect_text;set=LGND,"Once this turn, draw a card.",本回合一次， 抽一张牌.,draft,pass11,Boon - Master Dhartha,LGND,effect_text
car_e6efc4df68c8,cards_lua,lua,,card=Boon - Ulu;field=display_name;set=LGND,Boon: Ulu,恩赐：乌鲁,draft,,Boon - Ulu,LGND,display_name
car_0dd3b541ec23,cards_lua,lua,,card=Boon - Ulu;field=effect_text;set=LGND,"Once this turn, gain 1 renown in another faction.",本回合一次，在另一派系获得 1 点声望。,draft,pass3b,Boon - Ulu,LGND,effect_text
car_5bc0f2ff1505,cards_lua,lua,,card=Legendary Boon - Enlightened;field=display_name;set=LGND,Legendary Boon: Enlightened,传奇恩赐：圣贤,draft,pass5,Legendary Boon - Enlightened,LGND,display_name
car_7574e2804497,cards_lua,lua,,card=Legendary Boon - Enlightened;field=effect_text;set=LGND,Acquire or defeat any Enlightened card from the Center Row without paying its cost.,获取或 击败任意圣贤卡牌从 中央牌列无需支付费用.,draft,pass5,Legendary Boon - Enlightened,LGND,effect_text
car_b7583073d774,cards_lua,lua,,card=Boon: Cetra;field=display_name;set=LGND,Boon: Cetra,恩赐：塞特拉,draft,,Boon: Cetra,LGND,display_name
car_e23d89c9e3db,cards_lua,lua,,card=Boon: Cetra;field=effect_text;set=LGND,"Once this turn, you may put a Hero from your discard pile on top of your deck.",本回合一次， 你可以放置英雄从 你的弃牌堆放到你的牌库顶.,draft,pass11,Boon: Cetra,LGND,effect_text
car_79734f3ec158,cards_lua,lua,,card=Boon - Cetra;field=display_name;set=LGND,Boon: Cetra,恩赐：塞特拉,draft,,Boon - Cetra,LGND,display_name
car_01ba00a4e0d8,cards_lua,lua,,card=Boon - Cetra;field=effect_text;set=LGND,"Once this turn, you may put a Hero from your discard pile on top of your deck.",本回合一次， 你可以放置英雄从 你的弃牌堆放到你的牌库顶.,draft,pass11,Boon - Cetra,LGND,effect_text
car_6a9470e98b6b,cards_lua,lua,,card=Boon - Naira;field=display_name;set=LGND,Boon: Naira,恩赐：奈拉,draft,,Boon - Naira,LGND,display_name
car_64557466a07e,cards_lua,lua,,card=Boon - Naira;field=effect_text;set=LGND,"Once this turn, gain 2H.",本回合一次， 获得2荣誉.,draft,pass11,Boon - Naira,LGND,effect_text
car_583290947289,cards_lua,lua,,card=Legendary Boon - Lifebound;field=display_name;set=LGND,Legendary Boon: Lifebound,传奇恩赐：生命,draft,,Legendary Boon - Lifebound,LGND,display_name
car_4d88074c5cbf,cards_lua,lua,,card=Legendary Boon - Lifebound;field=effect_text;set=LGND,Acquire or defeat any Lifebound card from the Center Row without paying its cost.,获取或 击败任意命约卡牌从 中央牌列无需支付费用.,draft,pass5,Legendary Boon - Lifebound,LGND,effect_text
car_0d038fbb7576,cards_lua,lua,,card=Boon: Kor;field=display_name;set=LGND,Boon: Kor,恩赐：科尔,draft,,Boon: Kor,LGND,display_name
car_e64edd2393a6,cards_lua,lua,,card=Boon: Kor;field=effect_text;set=LGND,"Once this turn, gain 2R.",本回合一次， 获得2符文.,draft,pass11,Boon: Kor,LGND,effect_text
car_765c1408697a,cards_lua,lua,,card=Boon - Kor;field=display_name;set=LGND,Boon: Kor,恩赐：科尔,draft,,Boon - Kor,LGND,display_name
car_51b22720fd9d,cards_lua,lua,,card=Boon - Kor;field=effect_text;set=LGND,"Once this turn, gain 2R.",本回合一次， 获得2符文.,draft,pass11,Boon - Kor,LGND,effect_text
car_79f9ef730811,cards_lua,lua,,card=Boon - P.R.I.M.E.;field=display_name;set=LGND,Boon: P.R.I.M.E.,恩赐：P.R.I.M.E.,draft,,Boon - P.R.I.M.E.,LGND,display_name
car_482884d460cf,cards_lua,lua,,card=Boon - P.R.I.M.E.;field=effect_text;set=LGND,"Once this turn, you may return a Construct from your discard pile to your hand.",本回合一次， 你可以返回神器从 你的弃牌堆以 你的手牌.,draft,pass11,Boon - P.R.I.M.E.,LGND,effect_text
car_0e1a943165f5,cards_lua,lua,,card=Legendary Boon - Mechana;field=display_name;set=LGND,Legendary Boon: Mechana,传奇恩赐：机械,draft,,Legendary Boon - Mechana,LGND,display_name
car_1d69ccb56899,cards_lua,lua,,card=Legendary Boon - Mechana;field=effect_text;set=LGND,Acquire or defeat any Mechana card from the Center Row without paying its cost.,获取或 击败任意机械卡牌从 中央牌列无需支付费用.,draft,,Legendary Boon - Mechana,LGND,effect_text
car_00a040550d32,cards_lua,lua,,card=Boon: Naka;field=display_name;set=LGND,Boon: Naka,恩赐：纳卡,draft,,Boon: Naka,LGND,display_name
car_dafdec0d6ecc,cards_lua,lua,,card=Boon: Naka;field=effect_text;set=LGND,"Once this turn, you may banish a card you played this turn.",本回合一次，你可以放逐一张本回合已打出的卡牌。,draft,pass7,Boon: Naka,LGND,effect_text
car_ab1aaf404d20,cards_lua,lua,,card=Boon - Naka;field=display_name;set=LGND,Boon: Naka,恩赐：纳卡,draft,,Boon - Naka,LGND,display_name
car_e3fd5e0a0aec,cards_lua,lua,,card=Boon - Naka;field=effect_text;set=LGND,"Once this turn, you may banish a card you played this turn.",本回合一次，你可以放逐一张本回合已打出的卡牌。,draft,pass7,Boon - Naka,LGND,effect_text
car_cebbc7678ee5,cards_lua,lua,,card=Boon - Emri;field=display_name;set=LGND,Boon: Emri,恩赐：艾姆瑞,draft,,Boon - Emri,LGND,display_name
car_2276b028c6b4,cards_lua,lua,,card=Boon - Emri;field=effect_text;set=LGND,"Once this turn, gain 2P.",本回合一次， 获得2战力.,draft,pass11,Boon - Emri,LGND,effect_text
car_35ddbf4d0fd9,cards_lua,lua,,card=Legendary Boon - Void;field=display_name;set=LGND,Legendary Boon: Void,传奇恩赐：虚空,draft,,Legendary Boon - Void,LGND,display_name
car_59ac80b589fe,cards_lua,lua,,card=Legendary Boon - Void;field=effect_text;set=LGND,Acquire or defeat any Void card from the Center Row without paying its cost.,获取或 击败任意虚空卡牌从 中央牌列无需支付费用.,draft,,Legendary Boon - Void,LGND,effect_text
car_e2a945787b37,cards_lua,lua,,card=Arha Recruit;field=display_name;set=LGND,Arha Recruit,亚哈新兵,draft,,Arha Recruit,LGND,display_name
car_f1b1ca984c89,cards_lua,lua,,card=Arha Recruit;field=effect_text;set=LGND,"Draw a card.
Gain 1 renown, then banish this.","抽一张牌。
获得 1 点声望，然后放逐此牌。",draft,pass3b,Arha Recruit,LGND,effect_text
car_b5212f71c89a,cards_lua,lua,,card=Askara of Judgement;field=display_name;set=LGND,Askara of Judgement,审判阿斯卡拉,draft,,Askara of Judgement,LGND,display_name
car_453fca5b15e5,cards_lua,lua,,card=Askara of Judgement;field=effect_text;set=LGND,Draw a card.,抽一张牌.,draft,,Askara of Judgement,LGND,effect_text
car_b0410965f952,cards_lua,lua,,card=Pathseeker Sensei;field=display_name;set=LGND,Pathseeker Sensei,寻路者导师,draft,,Pathseeker Sensei,LGND,display_name
car_81e189de1976,cards_lua,lua,,card=Pathseeker Sensei;field=effect_text;set=LGND,Defeat a monster of 4P or less without paying its cost.,击败一个怪物的 4战力或更低无需支付费用.,draft,,Pathseeker Sensei,LGND,effect_text
car_f3c4114cc260,cards_lua,lua,,card=Arha Emissary;field=display_name;set=LGND,Arha Emissary,亚哈使者,draft,,Arha Emissary,LGND,display_name
car_dfaca82da2cc,cards_lua,lua,,card=Arha Emissary;field=effect_text;set=LGND,"Draw a card.
If you play or have played an Emissary of each Faction this turn, you win the game.","抽一张牌。
若你本回合打出或已打出过每个派系的使者，你赢得对局。",draft,kw_pass3,Arha Emissary,LGND,effect_text
car_4a9b0f5da38f,cards_lua,lua,,card=Mountain Seer;field=display_name;set=LGND,Mountain Seer,山预言者,draft,,Mountain Seer,LGND,display_name
car_a8aad8b6af9f,cards_lua,lua,,card=Mountain Seer;field=effect_text;set=LGND,"Draw a card, then banish a card in the Center Row. Then, gain 1 renown in each of the faction(s) that replaced the banished card.",抽一张牌，然后放逐中央牌列的一张牌。然后，为替换该被放逐牌的每个派系各获得 1 点声望。,draft,pass4,Mountain Seer,LGND,effect_text
car_fbebd2f7951c,cards_lua,lua,,card=Master Vaya;field=display_name;set=LGND,Master Vaya,大师瓦娅,draft,,Master Vaya,LGND,display_name
car_42270764a383,cards_lua,lua,,card=Master Vaya;field=effect_text;set=LGND,Draw two cards.,抽两张牌.,draft,,Master Vaya,LGND,effect_text
car_30875f411b9c,cards_lua,lua,,card=Tablet of the Templar;field=display_name;set=LGND,Tablet of the Templar,石板圣殿武士,draft,,Tablet of the Templar,LGND,display_name
car_e62dda11744a,cards_lua,lua,,card=Tablet of the Templar;field=effect_text;set=LGND,You may destroy this to defeat a Monster of cost 4P or less without paying its cost.,你可以摧毁此 以击败一个怪物的 费用 4战力或更低无需支付费用.,draft,,Tablet of the Templar,LGND,effect_text
car_3dfe5ac343e3,cards_lua,lua,,card=Mycelial Mage;field=display_name;set=LGND,Mycelial Mage,菌丝法师,draft,,Mycelial Mage,LGND,display_name
car_6cdc1b018157,cards_lua,lua,,card=Mycelial Mage;field=effect_text;set=LGND,"Draw a card.
Gain 3H, then banish this.","抽一张牌.
获得3荣誉, 然后放逐此牌.",draft,,Mycelial Mage,LGND,effect_text
car_14943d194d27,cards_lua,lua,,card=Mushroom Druid;field=display_name;set=LGND,Mushroom Druid,蘑菇德鲁伊,draft,,Mushroom Druid,LGND,display_name
car_dbd3cba2ee40,cards_lua,lua,,card=Mushroom Druid;field=effect_text;set=LGND,Gain 3H.,获得3荣誉.,draft,,Mushroom Druid,LGND,effect_text
car_ea1b431c176b,cards_lua,lua,,card=Lycan Fang;field=display_name;set=LGND,Lycan Fang,狼化人牙,draft,,Lycan Fang,LGND,display_name
car_b8f7531c7bdf,cards_lua,lua,,card=Lycan Fang;field=effect_text;set=LGND,Gain 2R.,获得2符文.,draft,,Lycan Fang,LGND,effect_text
car_844b54579002,cards_lua,lua,,card=Forest Emissary;field=display_name;set=LGND,Forest Emissary,森林使者,draft,,Forest Emissary,LGND,display_name
car_e02d2624adde,cards_lua,lua,,card=Forest Emissary;field=effect_text;set=LGND,"Draw a card.
Unite-Emissary: Gain 2H. (Gain this effect once if you play or have played another Emissary this turn.)","抽一张牌.
联合-使者: 获得2荣誉. (获得此效果一次若 你打出或 已打出另一使者本回合.)",draft,pass6,Forest Emissary,LGND,effect_text
car_97ac632c8d33,cards_lua,lua,,card=Snowstrider Lycan;field=display_name;set=LGND,Snowstrider Lycan,踏雪者狼化人,draft,,Snowstrider Lycan,LGND,display_name
car_3ef7e92eb24c,cards_lua,lua,,card=Snowstrider Lycan;field=effect_text;set=LGND,"Gain 1R, 1H, 1P, and draw a card.","获得1符文, 1荣誉, 1战力, 和抽一张牌.",draft,,Snowstrider Lycan,LGND,effect_text
car_7be6a713c682,cards_lua,lua,,card=Turtler Merchant;field=display_name;set=LGND,Turtler Merchant,龟商商人,draft,,Turtler Merchant,LGND,display_name
car_f67041bf4dd9,cards_lua,lua,,card=Turtler Merchant;field=effect_text;set=LGND,"Gain 5H.
You may return H to the pool equal to the H of a Hero or Construct in the Center Row.  If you do, acquire it.","获得5荣誉.
你可以返回H以池 等同于H的英雄或 神器在 中央牌列. 若你如此做，获取它.",draft,pass6,Turtler Merchant,LGND,effect_text
car_449647f7cfad,cards_lua,lua,,card=Landis' Potions & Pies;field=display_name;set=LGND,Landis' Potions & Pies,兰迪斯的药剂与馅饼,draft,,Landis' Potions & Pies,LGND,display_name
car_bcfc38ce2d4c,cards_lua,lua,,card=Landis' Potions & Pies;field=effect_text;set=LGND,"Once per turn, gain 1H.
Unite: Gain 1R.","每回合一次，获得1荣誉.
联合: 获得1符文.",draft,,Landis' Potions & Pies,LGND,effect_text
car_447819d43a0e,cards_lua,lua,,card=Landis' Potions & Pies;field=flavor_text;set=LGND,Are you sure you want to know?,你确定想知道吗？,draft,qa_pass2,Landis' Potions & Pies,LGND,flavor_text
car_805d110cb399,cards_lua,lua,,card=Sablespark Sisters;field=display_name;set=LGND,Sablespark Sisters,黑火花姐妹,draft,,Sablespark Sisters,LGND,display_name
car_a514999ab90d,cards_lua,lua,,card=Sablespark Sisters;field=effect_text;set=LGND,"Draw a card.
Gain 1R, then banish this.","抽一张牌.
获得1符文, 然后放逐此牌.",draft,,Sablespark Sisters,LGND,effect_text
car_faf03e448276,cards_lua,lua,,card=Mecha Emissary;field=display_name;set=LGND,Mecha Emissary,机甲使者,draft,,Mecha Emissary,LGND,display_name
car_04bf1fa4eec8,cards_lua,lua,,card=Mecha Emissary;field=effect_text;set=LGND,"Draw a card.
Unite-Emissary: Gain 2R. (Gain this effect once if you play or have played another Emissary this turn.)","抽一张牌.
联合-使者: 获得2符文. (获得此效果一次若 你打出或 已打出另一使者本回合.)",draft,pass6,Mecha Emissary,LGND,effect_text
car_a696f765edc8,cards_lua,lua,,card=The Dreamscrape;field=display_name;set=LGND,The Dreamscrape,刮梦者,draft,,The Dreamscrape,LGND,display_name
car_37544d6f6729,cards_lua,lua,,card=The Dreamscrape;field=effect_text;set=LGND,"Once per turn, you may destroy another one of your Mechana Constructs to gain 2R.",每回合一次，你可以摧毁另一一 的你的机械神器以 获得2符文.,draft,,The Dreamscrape,LGND,effect_text
car_45677f233ef1,cards_lua,lua,,card=Korpse Maker;field=display_name;set=LGND,Korpse Maker,尸科尔制造者,draft,,Korpse Maker,LGND,display_name
car_db3355312ff6,cards_lua,lua,,card=Korpse Maker;field=effect_text;set=LGND,"Once per turn, when you play a Mechana Construct (including this one), gain 2P.","每回合一次，当你 打出机械神器 (包括此牌), 获得2战力.",draft,pass6,Korpse Maker,LGND,effect_text
car_74f84c203519,cards_lua,lua,,card=Mechannihilator;field=display_name;set=LGND,Mechannihilator,机歼灭者,draft,,Mechannihilator,LGND,display_name
car_2d31b8610444,cards_lua,lua,,card=Mechannihilator;field=effect_text;set=LGND,"Once per turn, you may destroy another one of your Mechana Constructs to gain 3P.",每回合一次，你可以摧毁另一一 的你的机械神器以 获得3战力.,draft,,Mechannihilator,LGND,effect_text
car_c2d414044478,cards_lua,lua,,card=Ironheart Engine;field=display_name;set=LGND,Ironheart Engine,铁之心引擎,draft,,Ironheart Engine,LGND,display_name
car_e06e2c2aed62,cards_lua,lua,,card=Ironheart Engine;field=effect_text;set=LGND,"Once per turn, when you play a Mechana Construct (including this one), gain 3R.","每回合一次，当你 打出机械神器 (包括此牌), 获得3符文.",draft,pass6,Ironheart Engine,LGND,effect_text
car_8d9cd8d3802f,cards_lua,lua,,card=Mechaphoenix;field=display_name;set=LGND,Mechaphoenix,机凤凰,draft,,Mechaphoenix,LGND,display_name
car_d6dfd33f06be,cards_lua,lua,,card=Mechaphoenix;field=effect_text;set=LGND,"Once per turn, when you play a Mechana Construct (including this one), acquire or defeat a card with cost equal to or less than its R cost.","每回合一次，当你 打出机械神器 (包括此牌), 获取或 击败卡牌以 费用等同于 或低于其R费用.",draft,pass6,Mechaphoenix,LGND,effect_text
car_5e9820ae7f45,cards_lua,lua,,card=Bombcrafter;field=display_name;set=LGND,Bombcrafter,炸弹匠,draft,,Bombcrafter,LGND,display_name
car_596ccb27159f,cards_lua,lua,,card=Bombcrafter;field=effect_text;set=LGND,"Draw a card.
Gain 2P, then banish this.","抽一张牌.
获得2战力, 然后放逐此牌.",draft,,Bombcrafter,LGND,effect_text
car_4ee1ef44ee1d,cards_lua,lua,,card=Shade Feather;field=display_name;set=LGND,Shade Feather,暗影羽,draft,,Shade Feather,LGND,display_name
car_bc187b19dc5f,cards_lua,lua,,card=Shade Feather;field=effect_text;set=LGND,Gain 1P.You may banish a card in your hand or discard pile.,获得1战力.你可以从你的手牌或弃牌堆放逐一张卡牌.,draft,pass13,Shade Feather,LGND,effect_text
car_c5c4dc5e6ef9,cards_lua,lua,,card=Void Emissary;field=display_name;set=LGND,Void Emissary,虚空使者,draft,,Void Emissary,LGND,display_name
car_6d0fb61cfe28,cards_lua,lua,,card=Void Emissary;field=effect_text;set=LGND,"Draw a card.
Unite-Emissary: Gain 2P. (Gain this effect once if you play or have played another Emissary this turn.)","抽一张牌.
联合-使者: 获得2战力. (获得此效果一次若 你打出或 已打出另一使者本回合.)",draft,pass6,Void Emissary,LGND,effect_text
car_6b4287f67bb1,cards_lua,lua,,card=Shadow Mender;field=display_name;set=LGND,Shadow Mender,暗影修复者,draft,,Shadow Mender,LGND,display_name
car_08c5fa964d8a,cards_lua,lua,,card=Shadow Mender;field=effect_text;set=LGND,Gain 3P.,获得3战力.,draft,,Shadow Mender,LGND,effect_text
car_bb0e9c81ca0e,cards_lua,lua,,card=Shadow Arbiter;field=display_name;set=LGND,Shadow Arbiter,暗影仲裁者,draft,,Shadow Arbiter,LGND,display_name
car_1a0e70de78ac,cards_lua,lua,,card=Shadow Arbiter;field=effect_text;set=LGND,Draw a card. You may banish a card in your hand to gain 2P.,抽一张牌. 你可以从你的手牌放逐一张卡牌以 获得2战力.,draft,pass13,Shadow Arbiter,LGND,effect_text
car_a25cc7230360,cards_lua,lua,,"card=Raiyna, Riftwalker;field=display_name;set=LGND","Raiyna, Riftwalker",蕾娜·裂隙行者,draft,,"Raiyna, Riftwalker",LGND,display_name
car_9060faf4ae1e,cards_lua,lua,,"card=Raiyna, Riftwalker;field=effect_text;set=LGND","Gain 4P.
The next time you defeat a Monster in the Center Row this turn, gain its non-Honor Reward twice.","获得 4 战力。
本回合下次你在中央牌列击败怪物时，获得其非荣誉奖励两次。",draft,pass4,"Raiyna, Riftwalker",LGND,effect_text
car_2df9bcf0e775,cards_lua,lua,,card=Riftclaw;field=display_name;set=LGND,Riftclaw,裂隙爪,draft,,Riftclaw,LGND,display_name
car_8dde96b90b32,cards_lua,lua,,card=Riftclaw;field=effect_text;set=LGND,"Once per turn, gain 1P.",每回合一次，获得1战力.,draft,,Riftclaw,LGND,effect_text
car_a77e373f372b,cards_lua,lua,,card=Claws of Deoful;field=display_name;set=LGND,Claws of Deoful,爪迪奥福尔,draft,,Claws of Deoful,LGND,display_name
car_3218f20183c9,cards_lua,lua,,card=Claws of Deoful;field=effect_text;set=LGND,"Reward: Gain 4H.
Gain 1 Renown in any faction.","奖励：获得 4 荣誉。
在任意派系获得 1 点声望。",draft,pass3b,Claws of Deoful,LGND,effect_text
car_2e39f148d7d6,cards_lua,lua,,card=Hurricane Warlock;field=display_name;set=LGND,Hurricane Warlock,飓风术士,draft,,Hurricane Warlock,LGND,display_name
car_05f97eda71b1,cards_lua,lua,,card=Hurricane Warlock;field=effect_text;set=LGND,Reward: Gain 2H. Draw a card.,奖励：获得2荣誉. 抽一张牌.,draft,,Hurricane Warlock,LGND,effect_text
car_4df3a265daa9,cards_lua,lua,,card=Correction of Creation;field=display_name;set=LGND,Correction of Creation,校正造物,draft,,Correction of Creation,LGND,display_name
car_b02a5bc5c094,cards_lua,lua,,card=Correction of Creation;field=effect_text;set=LGND,Reward: Gain 2H. You may banish a card from your hand or discard pile.,奖励：获得2荣誉. 你可以放逐一张卡牌从你的手牌或 弃牌堆.,draft,,Correction of Creation,LGND,effect_text
car_5c875c033d88,cards_lua,lua,,card=The Iron Seven;field=display_name;set=LGND,The Iron Seven,钢铁七人,draft,,The Iron Seven,LGND,display_name
car_ca2d53762754,cards_lua,lua,,card=The Iron Seven;field=effect_text;set=LGND,"Reward: Gain 3H. Choose aand destroy up to one Construct in play, or return a Construct from your discard pile to your hand.",奖励：获得 3 荣誉。选择并摧毁至多一件在场神器，或从你的弃牌堆将一件神器收回手牌。,draft,pass4,The Iron Seven,LGND,effect_text
car_84e5a22f30b2,cards_lua,lua,,card=Hellstring Blades;field=display_name;set=LGND,Hellstring Blades,狱弦双刃,draft,,Hellstring Blades,LGND,display_name
car_be58904bcf18,cards_lua,lua,,card=Hellstring Blades;field=effect_text;set=LGND,Reward: Gain 5H. Choose and destroy up to two Constructs in play.,奖励：获得5荣誉. 选择和 摧毁至多两 神器在打出.,draft,kw_pass3,Hellstring Blades,LGND,effect_text
car_a0daf6988fba,cards_lua,lua,,card=MarrowWyrm Rider;field=display_name;set=LGND,MarrowWyrm Rider,髓虫骑手,draft,,MarrowWyrm Rider,LGND,display_name
car_e9796ed6659d,cards_lua,lua,,card=MarrowWyrm Rider;field=effect_text;set=LGND,Reward: Gain 3H. You may acquire a Hero with cost 5R or less without paying its cost.,奖励：获得3荣誉. 你可以获取一个英雄以 费用 5符文或更低无需支付费用.,draft,,MarrowWyrm Rider,LGND,effect_text
car_b88f7fe0935b,cards_lua,lua,,card=Muse of Malevolence;field=display_name;set=LGND,Muse of Malevolence,缪斯恶意,draft,,Muse of Malevolence,LGND,display_name
car_c7a73eb4cbdb,cards_lua,lua,,card=Muse of Malevolence;field=effect_text;set=LGND,Reward: Gain 5H. Gain 2 Renown in any faction.,奖励：获得 5 荣誉。在任意派系获得 2 点声望。,draft,pass3b,Muse of Malevolence,LGND,effect_text
car_c0ff75cb53ed,cards_lua,lua,,card=Lifebound Remnant;field=display_name;set=LGND,Lifebound Remnant,生命残响,draft,,Lifebound Remnant,LGND,display_name
car_4430861e4952,cards_lua,lua,,card=Lifebound Remnant;field=effect_text;set=LGND,"Reward: Gain 3H.
If you have played or acquired a Lifebound card this turn, gain an additional 2H.","奖励：获得3荣誉.
若你已打出或已获取命约卡牌本回合, 获得额外的 2荣誉.",draft,pass5;pass6,Lifebound Remnant,LGND,effect_text
car_d9ad217891f2,cards_lua,lua,,card=Enlightened Remnant;field=display_name;set=LGND,Enlightened Remnant,圣贤残响,draft,pass5,Enlightened Remnant,LGND,display_name
car_35fac586df38,cards_lua,lua,,card=Enlightened Remnant;field=effect_text;set=LGND,"Reward: Gain 5H.
If you have played or acquired an Enlightened card this turn, draw two cards.","奖励：获得5荣誉.
若你已打出或已获取圣贤卡牌本回合, 抽两张牌.",draft,pass5;pass6,Enlightened Remnant,LGND,effect_text
car_237f54ceebc3,cards_lua,lua,,card=Mechana Remnant;field=display_name;set=LGND,Mechana Remnant,机械残响,draft,,Mechana Remnant,LGND,display_name
car_8224b7490e6c,cards_lua,lua,,card=Mechana Remnant;field=effect_text;set=LGND,"Reward: Gain 4H.
If you have played or acquired a Mechana card this turn, gain 2R.","奖励：获得4荣誉.
若你已打出或已获取机械卡牌本回合, 获得2符文.",draft,pass6,Mechana Remnant,LGND,effect_text
car_6a6cf1dc6e44,cards_lua,lua,,card=Void Remnant;field=display_name;set=LGND,Void Remnant,虚空残响,draft,,Void Remnant,LGND,display_name
car_3e9a0a5aabce,cards_lua,lua,,card=Void Remnant;field=effect_text;set=LGND,"Reward: Gain 4H.
If you have played or acquired a Void card this turn, you may banish up to two cards from your hand or discard pile.","奖励：获得4荣誉.
若你已打出或已获取虚空卡牌本回合, 你可以放逐至多两 卡牌从你的手牌或 弃牌堆.",draft,pass6,Void Remnant,LGND,effect_text
car_1b7a84250d83,cards_lua,lua,,card=Remnant of the Fallen;field=display_name;set=LGND,Remnant of the Fallen,残响·堕落者,draft,,Remnant of the Fallen,LGND,display_name
car_be052cfaa2de,cards_lua,lua,,card=Remnant of the Fallen;field=effect_text;set=LGND,"Reward: Gain 5H.
Gain 1 Renown of each faction.
You may acquire or defeat any card in the Center Row without paying its cost.","奖励：获得 5 荣誉。
每个派系获得 1 点声望。
你可以无需支付费用获取或击败中央牌列的任意一张牌。",draft,pass4,Remnant of the Fallen,LGND,effect_text
car_ac3f259f6f38,cards_lua,lua,,card=Monk of the Stone Circle;field=display_name;set=LGND,Monk of the Stone Circle,僧侣石环,draft,,Monk of the Stone Circle,LGND,display_name
car_95426175c22b,cards_lua,lua,,card=Monk of the Stone Circle;field=effect_text;set=LGND,Acquire a Hero with cost 3R or less and put it into your hand.,获取一个英雄以 费用 3符文或更低，并将其放入你的手牌.,draft,pass6;pass13,Monk of the Stone Circle,LGND,effect_text
car_728a2d00307c,cards_lua,lua,,card=Psychic Amulet;field=display_name;set=LGND,Psychic Amulet,心灵护符,draft,,Psychic Amulet,LGND,display_name
car_bf3e71353c70,cards_lua,lua,,card=Psychic Amulet;field=effect_text;set=LGND,"Once per turn, when you play a Mechana or Enlightened Construct (including this one), draw a card.","每回合一次，当你 打出机械或 圣贤神器 (包括此牌), 抽一张牌.",draft,pass5;pass6,Psychic Amulet,LGND,effect_text
car_3b3043316e72,cards_lua,lua,,card=Psionic Monk;field=display_name;set=LGND,Psionic Monk,灵能僧侣,draft,,Psionic Monk,LGND,display_name
car_5aa0407002af,cards_lua,lua,,card=Psionic Monk;field=effect_text;set=LGND,"Draw 2 cards.
Gain 1H for each faction among Construct you control.","抽 2 张牌.
获得1荣誉以 每个派系之中神器你控制的.",draft,pass6,Psionic Monk,LGND,effect_text
car_119bf3fa413c,cards_lua,lua,,card=Portal Ninja;field=display_name;set=LGND,Portal Ninja,传送门忍者,draft,,Portal Ninja,LGND,display_name
car_035cb029c321,cards_lua,lua,,card=Portal Ninja;field=effect_text;set=LGND,"Gain 2R.
Unite: You may banish a card you played this turn.","获得 2 符文。
联合：你可以放逐一张本回合已打出的卡牌。",draft,pass7,Portal Ninja,LGND,effect_text
car_cb29b8f0f981,cards_lua,lua,,card=Fallen Fae;field=display_name;set=LGND,Fallen Fae,堕落者仙灵,draft,,Fallen Fae,LGND,display_name
car_66ed18548876,cards_lua,lua,,card=Fallen Fae;field=effect_text;set=LGND,"Gain 2P.
Unite: Gain 1H.","获得2战力.
联合: 获得1荣誉.",draft,,Fallen Fae,LGND,effect_text
car_1e7925bdd8a0,cards_lua,lua,,card=Dark Monk;field=display_name;set=LGND,Dark Monk,黑暗僧侣,draft,,Dark Monk,LGND,display_name
car_8a2629dee121,cards_lua,lua,,card=Dark Monk;field=effect_text;set=LGND,"Gain 2P.
Unite: Draw a card.","获得2战力.
联合: 抽一张牌.",draft,,Dark Monk,LGND,effect_text
car_4cc336202402,cards_lua,lua,,card=Shade Askara;field=display_name;set=LGND,Shade Askara,暗影阿斯卡拉,draft,,Shade Askara,LGND,display_name
car_a296ed710a2a,cards_lua,lua,,card=Shade Askara;field=effect_text;set=LGND,"Gain 3P.
If you have an Enlightened or Void card in your discard pile, draw a card.","获得3战力.
若你 拥有圣贤或 虚空卡牌在你的弃牌堆, 抽一张牌.",draft,pass5,Shade Askara,LGND,effect_text
car_ea21087b4892,cards_lua,lua,,card=The Chrome Circle;field=display_name;set=LGND,The Chrome Circle,铬环,draft,,The Chrome Circle,LGND,display_name
car_261bb99508e6,cards_lua,lua,,card=The Chrome Circle;field=effect_text;set=LGND,"Once per turn, when you play a Mechana or Lifebound Construct (including this one), gain 1R and 1H.","每回合一次，当你 打出机械或 命约神器 (包括此牌), 获得1符文和 1荣誉.",draft,pass5;pass6,The Chrome Circle,LGND,effect_text
car_149815c64748,cards_lua,lua,,card=Mecha Cetra;field=display_name;set=LGND,Mecha Cetra,机甲塞特拉,draft,,Mecha Cetra,LGND,display_name
car_24d11b845d27,cards_lua,lua,,card=Mecha Cetra;field=effect_text;set=LGND,You may acquire a Hero or Construct from the Center Row without paying its cost and put it on top of your deck.,你可以获取一个英雄或 神器从 中央牌列无需支付费用和 将它放置放到你的牌库顶.,draft,,Mecha Cetra,LGND,effect_text
car_c4825cda30f6,cards_lua,lua,,card=Legend - Master Dhartha;field=display_name;set=LGND,Legend: Master Dhartha,传奇：达萨大师,draft,,Legend - Master Dhartha,LGND,display_name
car_c0d9abef7dfc,cards_lua,lua,,card=Legend - Master Dhartha;field=effect_text;set=LGND,"Once this turn, draw a card.",本回合一次， 抽一张牌.,draft,pass11,Legend - Master Dhartha,LGND,effect_text
car_6c4691d7bf1b,cards_lua,lua,,card=Legend - Ulu;field=display_name;set=LGND,Legend: Ulu,传奇：乌鲁,draft,,Legend - Ulu,LGND,display_name
car_c896bf8f0eab,cards_lua,lua,,card=Legend - Ulu;field=effect_text;set=LGND,"Once this turn, gain 1 renown in another faction.",本回合一次，在另一派系获得 1 点声望。,draft,pass3b,Legend - Ulu,LGND,effect_text
car_d2b49934d7ce,cards_lua,lua,,card=Legend - Cetra;field=display_name;set=LGND,Legend: Cetra,传奇：塞特拉,draft,,Legend - Cetra,LGND,display_name
car_37c9767ca5a4,cards_lua,lua,,card=Legend - Cetra;field=effect_text;set=LGND,"Once this turn, you may put a Hero from your discard pile on top of your deck.",本回合一次， 你可以放置英雄从 你的弃牌堆放到你的牌库顶.,draft,pass11,Legend - Cetra,LGND,effect_text
car_4c669d8fd9df,cards_lua,lua,,card=Legend - Naira;field=display_name;set=LGND,Legend: Naira,传奇：奈拉,draft,,Legend - Naira,LGND,display_name
car_0e069ff09083,cards_lua,lua,,card=Legend - Naira;field=effect_text;set=LGND,"Once this turn, gain 2H.",本回合一次， 获得2荣誉.,draft,pass11,Legend - Naira,LGND,effect_text
car_8f9ba82af8f8,cards_lua,lua,,card=Legend - Kor;field=display_name;set=LGND,Legend: Kor,传奇：科尔,draft,,Legend - Kor,LGND,display_name
car_d4b3b2f60423,cards_lua,lua,,card=Legend - Kor;field=effect_text;set=LGND,"Once this turn, gain 2R.",本回合一次， 获得2符文.,draft,pass11,Legend - Kor,LGND,effect_text
car_54badb630083,cards_lua,lua,,card=Legend - P.R.I.M.E.;field=display_name;set=LGND,Legend: P.R.I.M.E.,传奇：P.R.I.M.E.,draft,,Legend - P.R.I.M.E.,LGND,display_name
car_6976336ab260,cards_lua,lua,,card=Legend - P.R.I.M.E.;field=effect_text;set=LGND,"Once this turn, you may return a Construct from your discard pile to your hand.",本回合一次， 你可以返回神器从 你的弃牌堆以 你的手牌.,draft,pass11,Legend - P.R.I.M.E.,LGND,effect_text
car_f7035779ac8a,cards_lua,lua,,card=Legend - Naka;field=display_name;set=LGND,Legend: Naka,传奇：纳卡,draft,,Legend - Naka,LGND,display_name
car_bc3786fc217b,cards_lua,lua,,card=Legend - Naka;field=effect_text;set=LGND,"Once this turn, you may banish a card you played this turn.",本回合一次，你可以放逐一张本回合已打出的卡牌。,draft,pass7,Legend - Naka,LGND,effect_text
car_f57da5736b20,cards_lua,lua,,card=Legend - Emri;field=display_name;set=LGND,Legend: Emri,传奇：艾姆瑞,draft,,Legend - Emri,LGND,display_name
car_fe12f637f307,cards_lua,lua,,card=Legend - Emri;field=effect_text;set=LGND,"Once this turn, gain 2P.",本回合一次， 获得2战力.,draft,pass11,Legend - Emri,LGND,effect_text
car_5965be2ac422,cards_lua,lua,,card=Militia 10TH;field=display_name;set=,Militia,民兵,draft,,Militia 10TH,,display_name
car_c06b5f020bdf,cards_lua,lua,,card=Militia 10TH;field=effect_text;set=,Gain 1P.,获得1战力。,draft,,Militia 10TH,,effect_text
car_e04347520904,cards_lua,lua,,card=Apprentice 10TH;field=display_name;set=,Apprentice,学徒,draft,,Apprentice 10TH,,display_name
car_9948d34e340b,cards_lua,lua,,card=Apprentice 10TH;field=effect_text;set=,Gain 1R.,获得1符文。,draft,,Apprentice 10TH,,effect_text
car_2fc6bbe37599,cards_lua,lua,,card=Mystic 10TH;field=display_name;set=,Mystic,秘教士,draft,,Mystic 10TH,,display_name
car_b97f9ce5b853,cards_lua,lua,,card=Mystic 10TH;field=effect_text;set=,Gain 2R.,获得2符文。,draft,,Mystic 10TH,,effect_text
car_961ac179f755,cards_lua,lua,,card=Heavy Infantry 10TH;field=display_name;set=,Heavy Infantry,重装步兵,draft,,Heavy Infantry 10TH,,display_name
car_42a683bdcb8d,cards_lua,lua,,card=Heavy Infantry 10TH;field=effect_text;set=,Gain 2P.,获得2战力。,draft,,Heavy Infantry 10TH,,effect_text
car_0e0a070bcf47,cards_lua,lua,,card=Cultist 10TH;field=display_name;set=,Cultist,邪教徒,draft,,Cultist 10TH,,display_name
car_35c66f73ef89,cards_lua,lua,,card=Cultist 10TH;field=effect_text;set=,Reward: Gain 1H.,奖励：获得1荣誉。,draft,,Cultist 10TH,,effect_text
car_e5fbf54c2714,cards_lua,lua,,card=Arha Initiate 10TH;field=display_name;set=CotG10,Arha Initiate,亚哈新兵,draft,,Arha Initiate 10TH,CotG10,display_name
car_7437fe0bff7d,cards_lua,lua,,card=Arha Initiate 10TH;field=effect_text;set=CotG10,Draw a card.,抽一张牌。,draft,,Arha Initiate 10TH,CotG10,effect_text
car_51c3055b4898,cards_lua,lua,,card=Arha Templar 10TH;field=display_name;set=CotG10,Arha Templar,亚哈圣殿武士,draft,,Arha Templar 10TH,CotG10,display_name
car_79fe6149a853,cards_lua,lua,,card=Arha Templar 10TH;field=effect_text;set=CotG10,Defeat a Monster that has P4 or less.,击败一个战力值不高于4的怪物。,draft,,Arha Templar 10TH,CotG10,effect_text
car_cb8712974d39,cards_lua,lua,,card=Ascetic of the Lidless Eye 10TH;field=display_name;set=CotG10,Ascetic of the Lidless Eye,无目之眼苦行僧,draft,,Ascetic of the Lidless Eye 10TH,CotG10,display_name
car_989138942550,cards_lua,lua,,card=Ascetic of the Lidless Eye 10TH;field=effect_text;set=CotG10,Draw two cards.,抽两张牌。,draft,,Ascetic of the Lidless Eye 10TH,CotG10,effect_text
car_4ce52cfe4a98,cards_lua,lua,,card=Master Dhartha 10TH;field=display_name;set=CotG10,Master Dhartha,达萨大师,draft,,Master Dhartha 10TH,CotG10,display_name
car_bb3dd9993b2e,cards_lua,lua,,card=Master Dhartha 10TH;field=effect_text;set=CotG10,Draw three cards.,抽三张牌。,draft,,Master Dhartha 10TH,CotG10,effect_text
car_b8c7a3f74b3c,cards_lua,lua,,card=Oziah the Peerless 10TH;field=display_name;set=CotG10,Oziah the Peerless,无双的奥齐亚,draft,,Oziah the Peerless 10TH,CotG10,display_name
car_ef67ea9ab45f,cards_lua,lua,,card=Oziah the Peerless 10TH;field=effect_text;set=CotG10,Defeat a Monster that has P6 or less.,击败一个战力值不高于6的怪物。,draft,,Oziah the Peerless 10TH,CotG10,effect_text
car_5e596d62085c,cards_lua,lua,,card=Seer of the Forked Path 10TH;field=display_name;set=CotG10,Seer of the Forked Path,歧路预言者,draft,,Seer of the Forked Path 10TH,CotG10,display_name
car_241ad69c1a33,cards_lua,lua,,card=Seer of the Forked Path 10TH;field=effect_text;set=CotG10,Draw a card.  Then you may banish a card in the center row.,抽一张牌。然后你可以放逐中央牌列中的一张卡牌。,draft,,Seer of the Forked Path 10TH,CotG10,effect_text
car_9613b246f653,cards_lua,lua,,card=Tablet of Time's Dawn 10TH;field=display_name;set=CotG10,Tablet of Time's Dawn,时晓石板,draft,,Tablet of Time's Dawn 10TH,CotG10,display_name
car_aa07df3976da,cards_lua,lua,,card=Tablet of Time's Dawn 10TH;field=effect_text;set=CotG10,Banish this Construct to take an additional turn after this one.,放逐此神器，然后在本回合后再进行一个额外回合。,draft,,Tablet of Time's Dawn 10TH,CotG10,effect_text
car_9ce56cb8cd49,cards_lua,lua,,card=Temple Librarian 10TH;field=display_name;set=CotG10,Temple Librarian,神殿图书管理员,draft,,Temple Librarian 10TH,CotG10,display_name
car_ae4a0dcd1a97,cards_lua,lua,,card=Temple Librarian 10TH;field=effect_text;set=CotG10,"Discard a card.  If you do, draw two cards.",弃一张牌。若你如此做，抽两张牌。,draft,,Temple Librarian 10TH,CotG10,effect_text
car_1a2e67feafb7,cards_lua,lua,,card=The All-Seeing Eye 10TH;field=display_name;set=CotG10,The All-Seeing Eye,全视之眼,draft,,The All-Seeing Eye 10TH,CotG10,display_name
car_d69b028cde02,cards_lua,lua,,card=The All-Seeing Eye 10TH;field=effect_text;set=CotG10,"Once per turn, you may draw a card.",每回合一次，你可以抽一张牌。,draft,,The All-Seeing Eye 10TH,CotG10,effect_text
car_b9f0951016f1,cards_lua,lua,,card=Twofold Askara 10TH;field=display_name;set=CotG10,Twofold Askara,双重阿斯卡拉,draft,,Twofold Askara 10TH,CotG10,display_name
car_5b0e95a232ec,cards_lua,lua,,card=Twofold Askara 10TH;field=effect_text;set=CotG10,Copy the effect of a Hero played this turn.,复制本回合打出的一张英雄的效果。,draft,,Twofold Askara 10TH,CotG10,effect_text
car_3def889ab402,cards_lua,lua,,"card=Cetra, Weaver of Stars 10TH;field=display_name;set=CotG10","Cetra, Weaver of Stars",织星者塞特拉,draft,,"Cetra, Weaver of Stars 10TH",CotG10,display_name
car_d2cf450f645a,cards_lua,lua,,"card=Cetra, Weaver of Stars 10TH;field=effect_text;set=CotG10",Acquire any Hero.  Place it on top of your deck.,获取任意一个英雄。将其放到你的牌库顶。,draft,,"Cetra, Weaver of Stars 10TH",CotG10,effect_text
car_a5924a7ab597,cards_lua,lua,,card=Druids of the Stone Circle 10TH;field=display_name;set=CotG10,Druids of the Stone Circle,石环德鲁伊,draft,,Druids of the Stone Circle 10TH,CotG10,display_name
car_c3363e247b57,cards_lua,lua,,card=Druids of the Stone Circle 10TH;field=effect_text;set=CotG10,Acquire a Hero that costs R3 or less.  Place it on top of your deck.,无需支付费用获取一个费用不高于3符文的英雄。将其放到你的牌库顶。,draft,,Druids of the Stone Circle 10TH,CotG10,effect_text
car_c0bd5bfb2dd2,cards_lua,lua,,card=Flytrap Witch 10TH;field=display_name;set=CotG10,Flytrap Witch,捕蝇草女巫,draft,,Flytrap Witch 10TH,CotG10,display_name
car_502f43ff5419,cards_lua,lua,,card=Flytrap Witch 10TH;field=effect_text;set=CotG10,Gain 2H.  Draw a card.,获得2荣誉。抽一张牌。,draft,,Flytrap Witch 10TH,CotG10,effect_text
car_22752dcb2edf,cards_lua,lua,,card=Landtalker 10TH;field=display_name;set=CotG10,Landtalker,大地说书人,draft,,Landtalker 10TH,CotG10,display_name
car_57964dfea93c,cards_lua,lua,,card=Landtalker 10TH;field=effect_text;set=CotG10,Gain 3R.,获得3符文。,draft,,Landtalker 10TH,CotG10,effect_text
car_cfc3aefb863f,cards_lua,lua,,card=Lifebound Initiate 10TH;field=display_name;set=CotG10,Lifebound Initiate,命约新兵,draft,,Lifebound Initiate 10TH,CotG10,display_name
car_8e0c3040e33e,cards_lua,lua,,card=Lifebound Initiate 10TH;field=effect_text;set=CotG10,Gain 1R and 1H.,获得1符文和1荣誉。,draft,,Lifebound Initiate 10TH,CotG10,effect_text
car_2307d9cf0297,cards_lua,lua,,card=Runic Lycanthrope 10TH;field=display_name;set=CotG10,Runic Lycanthrope,符文狼化人,draft,,Runic Lycanthrope 10TH,CotG10,display_name
car_646176229144,cards_lua,lua,,card=Runic Lycanthrope 10TH;field=effect_text;set=CotG10,"Gain 2R.  If you've played a Lifebound Hero this turn, gain 2P.",获得2符文。若你本回合打出过命约英雄，获得2战力。,draft,,Runic Lycanthrope 10TH,CotG10,effect_text
car_a1ec78c77783,cards_lua,lua,,card=Snapdragon 10TH;field=display_name;set=CotG10,Snapdragon,金鱼草,draft,,Snapdragon 10TH,CotG10,display_name
car_deee645fd348,cards_lua,lua,,card=Snapdragon 10TH;field=effect_text;set=CotG10,"Once per turn, gain 1R.  The first time you play a Lifebound Hero each turn, gain 1H.",每回合一次，获得1符文。每回合你首次打出命约英雄时，获得1荣誉。,draft,,Snapdragon 10TH,CotG10,effect_text
car_a463d4f4011e,cards_lua,lua,,card=Wolf Shaman 10TH;field=display_name;set=CotG10,Wolf Shaman,狼萨满,draft,,Wolf Shaman 10TH,CotG10,display_name
car_777f7217b61d,cards_lua,lua,,card=Wolf Shaman 10TH;field=effect_text;set=CotG10,Gain 1R.  Draw a card.,获得1符文。抽一张牌。,draft,,Wolf Shaman 10TH,CotG10,effect_text
car_7aaa8ef86a01,cards_lua,lua,,card=Yggdrasil Staff 10TH;field=display_name;set=CotG10,Yggdrasil Staff,世界树法杖,draft,,Yggdrasil Staff 10TH,CotG10,display_name
car_466a8cb17bd1,cards_lua,lua,,card=Yggdrasil Staff 10TH;field=effect_text;set=CotG10,"Once per turn, gain 1P.
Once per turn, you may spend 4R to gain 3H.",每回合一次，获得1战力。若你本回合打出过命约英雄，获得2荣誉。,draft,,Yggdrasil Staff 10TH,CotG10,effect_text
car_1acc35de952b,cards_lua,lua,,card=Avatar Golem 10TH;field=display_name;set=CotG10,Avatar Golem,化身魔像,draft,,Avatar Golem 10TH,CotG10,display_name
car_29943f78c64d,cards_lua,lua,,card=Avatar Golem 10TH;field=effect_text;set=CotG10,Gain 2P.  Gain 1H for each type of Construct you control.,获得2战力。你每控制一种神器，获得1荣誉。,draft,,Avatar Golem 10TH,CotG10,effect_text
car_de068c017fb8,cards_lua,lua,,card=Burrower Mark II 10TH;field=display_name;set=CotG10,Burrower Mark II,钻地机II型,draft,,Burrower Mark II 10TH,CotG10,display_name
car_42ee0a141f5e,cards_lua,lua,,card=Burrower Mark II 10TH;field=effect_text;set=CotG10,Draw a card the first time you put a Mechana construct into play each turn (including this one).,每回合你首次将机械神器进入战场时（包括此牌），抽一张牌。,draft,,Burrower Mark II 10TH,CotG10,effect_text
car_395e91ee3155,cards_lua,lua,,card=Hedron Cannon 10TH;field=display_name;set=CotG10,Hedron Cannon,多面体加农,draft,,Hedron Cannon 10TH,CotG10,display_name
car_c0b83b18c149,cards_lua,lua,,card=Hedron Cannon 10TH;field=effect_text;set=CotG10,"Once per turn, gain 1P for each Mechana Construct you control.",每回合一次，你每控制一个机械神器，获得1战力。,draft,,Hedron Cannon 10TH,CotG10,effect_text
car_71b27fb4767f,cards_lua,lua,,card=Hedron Link Device 10TH;field=display_name;set=CotG10,Hedron Link Device,多面体连接装置,draft,,Hedron Link Device 10TH,CotG10,display_name
car_4c200206de14,cards_lua,lua,,card=Hedron Link Device 10TH;field=effect_text;set=CotG10,You may treat all Constructs as Mechana Constructs.,你可以将所有神器视为机械神器。,draft,,Hedron Link Device 10TH,CotG10,effect_text
car_c5c6df9442a4,cards_lua,lua,,"card=Kor, the Ferromancer 10TH;field=display_name;set=CotG10","Kor, the Ferromancer",铁术师科尔,draft,,"Kor, the Ferromancer 10TH",CotG10,display_name
car_61111e7b6b5d,cards_lua,lua,,"card=Kor, the Ferromancer 10TH;field=effect_text;set=CotG10",Gain 2P.  Draw a card if you control 2 or more Constructs.,获得2战力. 抽一张牌若 你控制的 2 或更高神器.,draft,kw_pass3,"Kor, the Ferromancer 10TH",CotG10,effect_text
car_ae301b0fca82,cards_lua,lua,,card=Mechana Initiate 10TH;field=display_name;set=CotG10,Mechana Initiate,机械新兵,draft,,Mechana Initiate 10TH,CotG10,display_name
car_6ec9ac1b547f,cards_lua,lua,,card=Mechana Initiate 10TH;field=effect_text;set=CotG10,Gain 1R or 1P.,获得1符文或1战力。,draft,,Mechana Initiate 10TH,CotG10,effect_text
car_bc214649b562,cards_lua,lua,,card=Reactor Monk 10TH;field=display_name;set=CotG10,Reactor Monk,反应堆僧侣,draft,,Reactor Monk 10TH,CotG10,display_name
car_9894c14d8fcf,cards_lua,lua,,card=Reactor Monk 10TH;field=effect_text;set=CotG10,Gain 2R.  The next Construct you acquire this turn costs 1R less.,获得2符文。你本回合下一张获取的神器费用减少1符文。,draft,,Reactor Monk 10TH,CotG10,effect_text
car_621d5d061784,cards_lua,lua,,card=Rocket Courier X-99 10TH;field=display_name;set=CotG10,Rocket Courier X-99,火箭信使X-99,draft,,Rocket Courier X-99 10TH,CotG10,display_name
car_0d75d2e9b501,cards_lua,lua,,card=Rocket Courier X-99 10TH;field=effect_text;set=CotG10,"Once per turn, when you acquire another Mechana Construct, you may put it directly into play.",每回合一次，当你获取另一张机械神器时，你可以将其直接进入战场。,draft,,Rocket Courier X-99 10TH,CotG10,effect_text
car_0de78379f069,cards_lua,lua,,card=The Grand Design 10TH;field=display_name;set=CotG10,The Grand Design,宏伟设计,draft,,The Grand Design 10TH,CotG10,display_name
car_baeec152f636,cards_lua,lua,,card=The Grand Design 10TH;field=effect_text;set=CotG10,"Once per turn, gain 2R.  You may spend it only to acquire Mechana Constructs.",每回合一次，获得2符文。你只能用它来获取机械神器。,draft,,The Grand Design 10TH,CotG10,effect_text
car_794d45408528,cards_lua,lua,,card=Watchmaker's Altar 10TH;field=display_name;set=CotG10,Watchmaker's Altar,制表师祭坛,draft,,Watchmaker's Altar 10TH,CotG10,display_name
car_a02f8a2181b9,cards_lua,lua,,card=Watchmaker's Altar 10TH;field=effect_text;set=CotG10,"Once per turn, gain 1R.  You may spend it only to acquire Mechana Constructs.",每回合一次，获得1符文。你只能用它来获取机械神器。,draft,,Watchmaker's Altar 10TH,CotG10,effect_text
car_455d98f96a4c,cards_lua,lua,,card=Arbiter of the Precipice 10TH;field=display_name;set=CotG10,Arbiter of the Precipice,悬崖仲裁者,draft,,Arbiter of the Precipice 10TH,CotG10,display_name
car_4bfad8babfbe,cards_lua,lua,,card=Arbiter of the Precipice 10TH;field=effect_text;set=CotG10,Draw two cards.  Then banish any card in your hand.,抽两张牌。然后放逐你手牌中的一张卡牌。,draft,,Arbiter of the Precipice 10TH,CotG10,effect_text
car_3f555cf79715,cards_lua,lua,,card=Demon Slayer 10TH;field=display_name;set=CotG10,Demon Slayer,恶魔杀手,draft,,Demon Slayer 10TH,CotG10,display_name
car_e6cea398a067,cards_lua,lua,,card=Demon Slayer 10TH;field=effect_text;set=CotG10,Gain 3P.,获得3战力。,draft,,Demon Slayer 10TH,CotG10,effect_text
car_e3d7b0697616,cards_lua,lua,,"card=Emri, One with the Void 10TH;field=display_name;set=CotG10","Emri, One with the Void",与虚空合一的艾姆瑞,draft,,"Emri, One with the Void 10TH",CotG10,display_name
car_0dd1ff04c877,cards_lua,lua,,"card=Emri, One with the Void 10TH;field=effect_text;set=CotG10",Gain 4P.,获得4战力。,draft,,"Emri, One with the Void 10TH",CotG10,effect_text
car_6fd104dade45,cards_lua,lua,,card=Muramasa 10TH;field=display_name;set=CotG10,Muramasa,村正,draft,,Muramasa 10TH,CotG10,display_name
car_1e3d61549a99,cards_lua,lua,,card=Muramasa 10TH;field=effect_text;set=CotG10,"Once per turn, gain 3P.",每回合一次，获得3战力。,draft,,Muramasa 10TH,CotG10,effect_text
car_224af92a4d73,cards_lua,lua,,card=Shade of the Black Watch 10TH;field=display_name;set=CotG10,Shade of the Black Watch,黑卫之影,draft,,Shade of the Black Watch 10TH,CotG10,display_name
car_32817293060b,cards_lua,lua,,card=Shade of the Black Watch 10TH;field=effect_text;set=CotG10,Gain 2P.  You may banish a card in your hand or discard pile.,获得2战力。你可以放逐一张手牌或弃牌堆中的卡牌。,draft,,Shade of the Black Watch 10TH,CotG10,effect_text
car_17e99f489940,cards_lua,lua,,card=Shadow Star 10TH;field=display_name;set=CotG10,Shadow Star,暗影之星,draft,,Shadow Star 10TH,CotG10,display_name
car_061fca0af3d2,cards_lua,lua,,card=Shadow Star 10TH;field=effect_text;set=CotG10,"Once per turn, gain 1P.",每回合一次，获得1战力。,draft,,Shadow Star 10TH,CotG10,effect_text
car_fd3aff301442,cards_lua,lua,,card=Spike Vixen 10TH;field=display_name;set=CotG10,Spike Vixen,尖刺雌狐,draft,,Spike Vixen 10TH,CotG10,display_name
car_58348cb52b50,cards_lua,lua,,card=Spike Vixen 10TH;field=effect_text;set=CotG10,Gain 1P.  Draw a card.,获得1战力。抽一张牌。,draft,,Spike Vixen 10TH,CotG10,effect_text
car_7452965cfab2,cards_lua,lua,,card=Void Initiate 10TH;field=display_name;set=CotG10,Void Initiate,虚空新兵,draft,,Void Initiate 10TH,CotG10,display_name
car_a32919403307,cards_lua,lua,,card=Void Initiate 10TH;field=effect_text;set=CotG10,Gain 1R.  You may banish a card in your hand or discard pile.,获得1符文。你可以放逐一张手牌或弃牌堆中的卡牌。,draft,,Void Initiate 10TH,CotG10,effect_text
car_82d090a14d83,cards_lua,lua,,card=Voidthirster 10TH;field=display_name;set=CotG10,Voidthirster,渴虚者,draft,,Voidthirster 10TH,CotG10,display_name
car_5f4bd7a5a15f,cards_lua,lua,,card=Voidthirster 10TH;field=effect_text;set=CotG10,"Once per turn, gain 1P.  The first time you defeat a Monster in the center row each turn, gain 1H.",每回合一次，获得1战力。每回合你首次击败中央牌列中的怪物时，获得1荣誉。,draft,,Voidthirster 10TH,CotG10,effect_text
car_dd1f7f053b66,cards_lua,lua,,card=Avatar of the Fallen 10TH;field=display_name;set=CotG10,Avatar of the Fallen,堕落者化身,draft,,Avatar of the Fallen 10TH,CotG10,display_name
car_28a7232d822c,cards_lua,lua,,card=Avatar of the Fallen 10TH;field=effect_text;set=CotG10,"This Monster can't be banished unless defeated.
Reward: Gain 4H.  Acquire or Defeat any other card in the center row.",除非被击败，否则此怪物不可被放逐。奖励：获得4荣誉。你可以无需支付费用获取或击败中央牌列中的任意一张卡牌。,draft,,Avatar of the Fallen 10TH,CotG10,effect_text
car_38d2cf65f22e,cards_lua,lua,,card=Corrosive Widow 10TH;field=display_name;set=CotG10,Corrosive Widow,腐蚀寡妇,draft,,Corrosive Widow 10TH,CotG10,display_name
car_57214e7b951b,cards_lua,lua,,card=Corrosive Widow 10TH;field=effect_text;set=CotG10,Reward: Gain 3H.  Each opponent must put a Construct he controls into his discard pile.,奖励：获得3荣誉。每位对手须将其控制的一张神器置入弃牌堆。,draft,,Corrosive Widow 10TH,CotG10,effect_text
car_962ec0684c91,cards_lua,lua,,card=Earth Tyrant 10TH;field=display_name;set=CotG10,Earth Tyrant,大地暴君,draft,,Earth Tyrant 10TH,CotG10,display_name
car_cd691ad46515,cards_lua,lua,,card=Earth Tyrant 10TH;field=effect_text;set=CotG10,Reward: Gain 5H.  Draw two cards.,奖励：获得5荣誉。抽两张牌。,draft,,Earth Tyrant 10TH,CotG10,effect_text
car_f05d2b1d35e4,cards_lua,lua,,card=Mephit 10TH;field=display_name;set=CotG10,Mephit,恶臭精,draft,,Mephit 10TH,CotG10,display_name
car_475f0492341d,cards_lua,lua,,card=Mephit 10TH;field=effect_text;set=CotG10,Reward: Gain 2H.  You may banish a card in the center row.,奖励：获得2荣誉。你可以放逐中央牌列中的一张卡牌。,draft,,Mephit 10TH,CotG10,effect_text
car_2833f5a708f7,cards_lua,lua,,card=Mistake of Creation 10TH;field=display_name;set=CotG10,Mistake of Creation,造物之误,draft,,Mistake of Creation 10TH,CotG10,display_name
car_03cec7a82201,cards_lua,lua,,card=Mistake of Creation 10TH;field=effect_text;set=CotG10,Reward: Gain 4H.  You may banish a card in the center row and/or a card in your discard pile.,奖励：获得4荣誉。你可以放逐中央牌列和/或你弃牌堆中的一张卡牌。,draft,,Mistake of Creation 10TH,CotG10,effect_text
car_4ec416725247,cards_lua,lua,,card=Samael's Trickster 10TH;field=display_name;set=CotG10,Samael's Trickster,萨麦尔的诡术师,draft,,Samael's Trickster 10TH,CotG10,display_name
car_8be67d31304f,cards_lua,lua,,card=Samael's Trickster 10TH;field=effect_text;set=CotG10,Reward: Gain 1H.  Gain 1R.,奖励：获得1荣誉。获得1符文。,draft,,Samael's Trickster 10TH,CotG10,effect_text
car_a447ac1bb367,cards_lua,lua,,card=Sea Tyrant 10TH;field=display_name;set=CotG10,Sea Tyrant,海中暴君,draft,,Sea Tyrant 10TH,CotG10,display_name
car_5ecc1413eefb,cards_lua,lua,,card=Sea Tyrant 10TH;field=effect_text;set=CotG10,Reward: Gain 5H.  Each opponent must choose a Construct they control and put the rest into their discard pile.,奖励：获得5荣誉。每位对手须选择一张其控制的神器，将其余神器置入弃牌堆。,draft,,Sea Tyrant 10TH,CotG10,effect_text
car_dd3db574b6d1,cards_lua,lua,,card=Tormented Soul 10TH;field=display_name;set=CotG10,Tormented Soul,受折磨的灵魂,draft,,Tormented Soul 10TH,CotG10,display_name
car_4be32bce1252,cards_lua,lua,,card=Tormented Soul 10TH;field=effect_text;set=CotG10,Reward: Gain 1H.  Draw a card.,奖励：获得1荣誉。抽一张牌。,draft,,Tormented Soul 10TH,CotG10,effect_text
car_1f00c4a3ccbc,cards_lua,lua,,card=Wind Tyrant 10TH;field=display_name;set=CotG10,Wind Tyrant,风之暴君,draft,,Wind Tyrant 10TH,CotG10,display_name
car_b2f56edd15ee,cards_lua,lua,,card=Wind Tyrant 10TH;field=effect_text;set=CotG10,Reward: Gain 3H.  Gain 3R.,奖励：获得3荣誉。获得3符文。,draft,,Wind Tyrant 10TH,CotG10,effect_text
car_6e2e0c66c29d,cards_lua,lua,,"card=Xeron, Duke of Lies 10TH;field=display_name;set=CotG10","Xeron, Duke of Lies",谎言之公爵泽伦,draft,,"Xeron, Duke of Lies 10TH",CotG10,display_name
car_355308369233,cards_lua,lua,,"card=Xeron, Duke of Lies 10TH;field=effect_text;set=CotG10",Reward: Gain 3H.  Take a card at random from each opponent's hand and add that card to your hand.,奖励：获得3荣誉. 拿取一张卡牌随机从 每位对手之手牌和 将该卡牌加入以 你的手牌.,draft,,"Xeron, Duke of Lies 10TH",CotG10,effect_text
car_27ca05c7a7a3,cards_lua,lua,,card=Militia;field=display_name;set=,Militia,民兵,draft,,Militia,,display_name
car_bcb059f2b702,cards_lua,lua,,card=Militia;field=effect_text;set=,Gain 1P.,获得1战力。,draft,,Militia,,effect_text
car_053a1a7afa66,cards_lua,lua,,card=Apprentice;field=display_name;set=,Apprentice,学徒,draft,,Apprentice,,display_name
car_06a9f31eb5cf,cards_lua,lua,,card=Apprentice;field=effect_text;set=,Gain 1R.,获得1符文。,draft,,Apprentice,,effect_text
car_2a6d63e3386e,cards_lua,lua,,card=Mystic;field=display_name;set=,Mystic,秘教士,draft,,Mystic,,display_name
car_39a01fe90630,cards_lua,lua,,card=Mystic;field=effect_text;set=,Gain 2R.,获得2符文。,draft,,Mystic,,effect_text
car_61f22f30b249,cards_lua,lua,,card=Heavy Infantry;field=display_name;set=,Heavy Infantry,重装步兵,draft,,Heavy Infantry,,display_name
car_b64a4611c6cf,cards_lua,lua,,card=Heavy Infantry;field=effect_text;set=,Gain 2P.,获得2战力。,draft,,Heavy Infantry,,effect_text
car_523ce82aec58,cards_lua,lua,,card=Cultist;field=display_name;set=,Cultist,邪教徒,draft,,Cultist,,display_name
car_db6d061f9090,cards_lua,lua,,card=Cultist;field=effect_text;set=,Reward: Gain 1H.,奖励：获得1荣誉。,draft,,Cultist,,effect_text
car_8868bb9545f6,cards_lua,lua,,card=Arha Initiate;field=display_name;set=CotG,Arha Initiate,亚哈新兵,draft,,Arha Initiate,CotG,display_name
car_bad5933f41e5,cards_lua,lua,,card=Arha Initiate;field=effect_text;set=CotG,Draw a card.,抽一张牌。,draft,,Arha Initiate,CotG,effect_text
car_f98615b7855f,cards_lua,lua,,card=Arha Templar;field=display_name;set=CotG,Arha Templar,亚哈圣殿武士,draft,,Arha Templar,CotG,display_name
car_abc19ced5dc1,cards_lua,lua,,card=Arha Templar;field=effect_text;set=CotG,Defeat a Monster that has P4 or less.,击败一个战力值不高于4的怪物。,draft,,Arha Templar,CotG,effect_text
car_5d520d63e7b4,cards_lua,lua,,card=Ascetic of the Lidless Eye;field=display_name;set=CotG,Ascetic of the Lidless Eye,无目之眼苦行僧,draft,,Ascetic of the Lidless Eye,CotG,display_name
car_84c4d7f34679,cards_lua,lua,,card=Ascetic of the Lidless Eye;field=effect_text;set=CotG,Draw two cards.,抽两张牌。,draft,,Ascetic of the Lidless Eye,CotG,effect_text
car_56a0c6933587,cards_lua,lua,,card=Master Dhartha;field=display_name;set=CotG,Master Dhartha,达萨大师,draft,,Master Dhartha,CotG,display_name
car_eed816528e97,cards_lua,lua,,card=Master Dhartha;field=effect_text;set=CotG,Draw three cards.,抽三张牌。,draft,,Master Dhartha,CotG,effect_text
car_ba8c18d66c9b,cards_lua,lua,,card=Oziah the Peerless;field=display_name;set=CotG,Oziah the Peerless,无双的奥齐亚,draft,,Oziah the Peerless,CotG,display_name
car_bb8dc30dfadd,cards_lua,lua,,card=Oziah the Peerless;field=effect_text;set=CotG,Defeat a Monster that has P6 or less.,击败一个战力值不高于6的怪物。,draft,,Oziah the Peerless,CotG,effect_text
car_f0f026bd350b,cards_lua,lua,,card=Seer of the Forked Path;field=display_name;set=CotG,Seer of the Forked Path,歧路预言者,draft,,Seer of the Forked Path,CotG,display_name
car_235a420a1afd,cards_lua,lua,,card=Seer of the Forked Path;field=effect_text;set=CotG,Draw a card.  Then you may banish a card in the center row.,抽一张牌。然后你可以放逐中央牌列中的一张卡牌。,draft,,Seer of the Forked Path,CotG,effect_text
car_ef7d0a36c78e,cards_lua,lua,,card=Tablet of Time's Dawn;field=display_name;set=CotG,Tablet of Time's Dawn,时晓石板,draft,,Tablet of Time's Dawn,CotG,display_name
car_912a0782a55a,cards_lua,lua,,card=Tablet of Time's Dawn;field=effect_text;set=CotG,Banish this Construct to take an additional turn after this one.,放逐此神器，然后在本回合后再进行一个额外回合。,draft,,Tablet of Time's Dawn,CotG,effect_text
car_0457f8fa7ede,cards_lua,lua,,card=Temple Librarian;field=display_name;set=CotG,Temple Librarian,神殿图书管理员,draft,,Temple Librarian,CotG,display_name
car_445d81d6da97,cards_lua,lua,,card=Temple Librarian;field=effect_text;set=CotG,"Discard a card.  If you do, draw two cards.",弃一张牌。若你如此做，抽两张牌。,draft,,Temple Librarian,CotG,effect_text
car_5be196994a69,cards_lua,lua,,card=The All-Seeing Eye;field=display_name;set=CotG,The All-Seeing Eye,全视之眼,draft,,The All-Seeing Eye,CotG,display_name
car_bd0ca865e52f,cards_lua,lua,,card=The All-Seeing Eye;field=effect_text;set=CotG,"Once per turn, you may draw a card.",每回合一次，你可以抽一张牌。,draft,,The All-Seeing Eye,CotG,effect_text
car_57495171f0e0,cards_lua,lua,,card=Twofold Askara;field=display_name;set=CotG,Twofold Askara,双重阿斯卡拉,draft,,Twofold Askara,CotG,display_name
car_28b5aa98e801,cards_lua,lua,,card=Twofold Askara;field=effect_text;set=CotG,Copy the effect of a Hero played this turn.,复制本回合打出的一张英雄的效果。,draft,,Twofold Askara,CotG,effect_text
car_c3823239e7c4,cards_lua,lua,,"card=Cetra, Weaver of Stars;field=display_name;set=CotG","Cetra, Weaver of Stars",织星者塞特拉,draft,,"Cetra, Weaver of Stars",CotG,display_name
car_1d817de68583,cards_lua,lua,,"card=Cetra, Weaver of Stars;field=effect_text;set=CotG",Acquire any Hero.  Place it on top of your deck.,获取任意一个英雄。将其放到你的牌库顶。,draft,,"Cetra, Weaver of Stars",CotG,effect_text
car_09f294f5e511,cards_lua,lua,,card=Druids of the Stone Circle;field=display_name;set=CotG,Druids of the Stone Circle,石环德鲁伊,draft,,Druids of the Stone Circle,CotG,display_name
car_4d09a2c218e9,cards_lua,lua,,card=Druids of the Stone Circle;field=effect_text;set=CotG,Acquire a Hero that costs R3 or less.  Place it on top of your deck.,无需支付费用获取一个费用不高于3符文的英雄。将其放到你的牌库顶。,draft,,Druids of the Stone Circle,CotG,effect_text
car_b83613d81f67,cards_lua,lua,,card=Flytrap Witch;field=display_name;set=CotG,Flytrap Witch,捕蝇草女巫,draft,,Flytrap Witch,CotG,display_name
car_ce4f073d43ac,cards_lua,lua,,card=Flytrap Witch;field=effect_text;set=CotG,Gain 2H.  Draw a card.,获得2荣誉。抽一张牌。,draft,,Flytrap Witch,CotG,effect_text
car_57503870163f,cards_lua,lua,,card=Landtalker;field=display_name;set=CotG,Landtalker,大地说书人,draft,,Landtalker,CotG,display_name
car_a1e027b1a68f,cards_lua,lua,,card=Landtalker;field=effect_text;set=CotG,Gain 3R.,获得3符文。,draft,,Landtalker,CotG,effect_text
car_c221444dfab5,cards_lua,lua,,card=Lifebound Initiate;field=display_name;set=CotG,Lifebound Initiate,命约新兵,draft,,Lifebound Initiate,CotG,display_name
car_80a04e5dd42b,cards_lua,lua,,card=Lifebound Initiate;field=effect_text;set=CotG,Gain 1R and 1H.,获得1符文和1荣誉。,draft,,Lifebound Initiate,CotG,effect_text
car_683ac75acc7c,cards_lua,lua,,card=Runic Lycanthrope;field=display_name;set=CotG,Runic Lycanthrope,符文狼化人,draft,,Runic Lycanthrope,CotG,display_name
car_735be2ae2d6d,cards_lua,lua,,card=Runic Lycanthrope;field=effect_text;set=CotG,"Gain 2R.  If you've played a Lifebound Hero this turn, gain 2P.",获得2符文。若你本回合打出过命约英雄，获得2战力。,draft,,Runic Lycanthrope,CotG,effect_text
car_3c81eace694c,cards_lua,lua,,card=Snapdragon;field=display_name;set=CotG,Snapdragon,金鱼草,draft,,Snapdragon,CotG,display_name
car_877c76b89839,cards_lua,lua,,card=Snapdragon;field=effect_text;set=CotG,"Once per turn, gain 1R.  The first time you play a Lifebound Hero each turn, gain 1H.",每回合一次，获得1符文。每回合你首次打出命约英雄时，获得1荣誉。,draft,,Snapdragon,CotG,effect_text
car_e23e4cc2665c,cards_lua,lua,,card=Wolf Shaman;field=display_name;set=CotG,Wolf Shaman,狼萨满,draft,,Wolf Shaman,CotG,display_name
car_7e720a93c729,cards_lua,lua,,card=Wolf Shaman;field=effect_text;set=CotG,Gain 1R.  Draw a card.,获得1符文。抽一张牌。,draft,,Wolf Shaman,CotG,effect_text
car_a8f27734cd4b,cards_lua,lua,,card=Yggdrasil Staff;field=display_name;set=CotG,Yggdrasil Staff,世界树法杖,draft,,Yggdrasil Staff,CotG,display_name
car_687a30fb6cc9,cards_lua,lua,,card=Yggdrasil Staff;field=effect_text;set=CotG,"Once per turn, gain 1P.
Once per turn, you may spend 4R to gain 3H.",每回合一次，获得1战力。若你本回合打出过命约英雄，获得2荣誉。,draft,,Yggdrasil Staff,CotG,effect_text
car_5d4b6951db47,cards_lua,lua,,card=Avatar Golem;field=display_name;set=CotG,Avatar Golem,化身魔像,draft,,Avatar Golem,CotG,display_name
car_9532bdb09c21,cards_lua,lua,,card=Avatar Golem;field=effect_text;set=CotG,Gain 2P.  Gain 1H for each type of Construct you control.,获得2战力。你每控制一种神器，获得1荣誉。,draft,,Avatar Golem,CotG,effect_text
car_cdd07a72dff3,cards_lua,lua,,card=Burrower Mark II;field=display_name;set=CotG,Burrower Mark II,钻地机II型,draft,,Burrower Mark II,CotG,display_name
car_7df4a03818e2,cards_lua,lua,,card=Burrower Mark II;field=effect_text;set=CotG,Draw a card the first time you put a Mechana construct into play each turn (including this one).,每回合你首次将机械神器进入战场时（包括此牌），抽一张牌。,draft,,Burrower Mark II,CotG,effect_text
car_154682840829,cards_lua,lua,,card=Hedron Cannon;field=display_name;set=CotG,Hedron Cannon,多面体加农,draft,,Hedron Cannon,CotG,display_name
car_11e6fa2f73e4,cards_lua,lua,,card=Hedron Cannon;field=effect_text;set=CotG,"Once per turn, gain 1P for each Mechana Construct you control.",每回合一次，你每控制一个机械神器，获得1战力。,draft,,Hedron Cannon,CotG,effect_text
car_4fa5334fac2b,cards_lua,lua,,card=Hedron Link Device;field=display_name;set=CotG,Hedron Link Device,多面体连接装置,draft,,Hedron Link Device,CotG,display_name
car_8be74cb59674,cards_lua,lua,,card=Hedron Link Device;field=effect_text;set=CotG,You may treat all Constructs as Mechana Constructs.,你可以将所有神器视为机械神器。,draft,,Hedron Link Device,CotG,effect_text
car_aa20e7556e82,cards_lua,lua,,"card=Kor, the Ferromancer;field=display_name;set=CotG","Kor, the Ferromancer",铁术师科尔,draft,,"Kor, the Ferromancer",CotG,display_name
car_0b8e450946e9,cards_lua,lua,,"card=Kor, the Ferromancer;field=effect_text;set=CotG",Gain 2P.  Draw a card if you control 2 or more Constructs.,获得2战力. 抽一张牌若 你控制的 2 或更高神器.,draft,kw_pass3,"Kor, the Ferromancer",CotG,effect_text
car_a485821b2e20,cards_lua,lua,,card=Mechana Initiate;field=display_name;set=CotG,Mechana Initiate,机械新兵,draft,,Mechana Initiate,CotG,display_name
car_925564e61d5f,cards_lua,lua,,card=Mechana Initiate;field=effect_text;set=CotG,Gain 1R or 1P.,获得1符文或1战力。,draft,,Mechana Initiate,CotG,effect_text
car_e0af4b1b09d4,cards_lua,lua,,card=Reactor Monk;field=display_name;set=CotG,Reactor Monk,反应堆僧侣,draft,,Reactor Monk,CotG,display_name
car_1b7e7cd1b2c4,cards_lua,lua,,card=Reactor Monk;field=effect_text;set=CotG,Gain 2R.  The next Construct you acquire this turn costs 1R less.,获得2符文。你本回合下一张获取的神器费用减少1符文。,draft,,Reactor Monk,CotG,effect_text
car_8f5c5f5849f5,cards_lua,lua,,card=Rocket Courier X-99;field=display_name;set=CotG,Rocket Courier X-99,火箭信使X-99,draft,,Rocket Courier X-99,CotG,display_name
car_4c4eefdf188b,cards_lua,lua,,card=Rocket Courier X-99;field=effect_text;set=CotG,"Once per turn, when you acquire another Mechana Construct, you may put it directly into play.",每回合一次，当你获取另一张机械神器时，你可以将其直接进入战场。,draft,,Rocket Courier X-99,CotG,effect_text
car_813260909e37,cards_lua,lua,,card=The Grand Design;field=display_name;set=CotG,The Grand Design,宏伟设计,draft,,The Grand Design,CotG,display_name
car_1e015e58b7e5,cards_lua,lua,,card=The Grand Design;field=effect_text;set=CotG,"Once per turn, gain 2R.  You may spend it only to acquire Mechana Constructs.",每回合一次，获得2符文。你只能用它来获取机械神器。,draft,,The Grand Design,CotG,effect_text
car_b68f40d313c4,cards_lua,lua,,card=Watchmaker's Altar;field=display_name;set=CotG,Watchmaker's Altar,制表师祭坛,draft,,Watchmaker's Altar,CotG,display_name
car_f5a8eafdcc13,cards_lua,lua,,card=Watchmaker's Altar;field=effect_text;set=CotG,"Once per turn, gain 1R.  You may spend it only to acquire a Mechana Construct.",每回合一次，获得1符文。你只能用它来获取机械神器。,draft,,Watchmaker's Altar,CotG,effect_text
car_7aab07598744,cards_lua,lua,,card=Arbiter of the Precipice;field=display_name;set=CotG,Arbiter of the Precipice,悬崖仲裁者,draft,,Arbiter of the Precipice,CotG,display_name
car_814934d618dc,cards_lua,lua,,card=Arbiter of the Precipice;field=effect_text;set=CotG,Draw two cards.  Then banish any card in your hand.,抽两张牌。然后放逐你手牌中的一张卡牌。,draft,,Arbiter of the Precipice,CotG,effect_text
car_5d9caadd7a41,cards_lua,lua,,card=Demon Slayer;field=display_name;set=CotG,Demon Slayer,恶魔杀手,draft,,Demon Slayer,CotG,display_name
car_d19e9a57bb27,cards_lua,lua,,card=Demon Slayer;field=effect_text;set=CotG,Gain 3P.,获得3战力。,draft,,Demon Slayer,CotG,effect_text
car_d92488c42a75,cards_lua,lua,,"card=Emri, One with the Void;field=display_name;set=CotG","Emri, One with the Void",与虚空合一的艾姆瑞,draft,,"Emri, One with the Void",CotG,display_name
car_6d5483e97d2e,cards_lua,lua,,"card=Emri, One with the Void;field=effect_text;set=CotG",Gain 4P.,获得4战力。,draft,,"Emri, One with the Void",CotG,effect_text
car_ac7df76f8866,cards_lua,lua,,card=Muramasa;field=display_name;set=CotG,Muramasa,村正,draft,,Muramasa,CotG,display_name
car_7224e0f71782,cards_lua,lua,,card=Muramasa;field=effect_text;set=CotG,"Once per turn, gain 3P.",每回合一次，获得3战力。,draft,,Muramasa,CotG,effect_text
car_f67e3a95939c,cards_lua,lua,,card=Shade of the Black Watch;field=display_name;set=CotG,Shade of the Black Watch,黑卫之影,draft,,Shade of the Black Watch,CotG,display_name
car_2997f8654002,cards_lua,lua,,card=Shade of the Black Watch;field=effect_text;set=CotG,Gain 2P.  You may banish a card in your hand or discard pile.,获得2战力。你可以放逐一张手牌或弃牌堆中的卡牌。,draft,,Shade of the Black Watch,CotG,effect_text
car_7729bf914852,cards_lua,lua,,card=Shadow Star;field=display_name;set=CotG,Shadow Star,暗影之星,draft,,Shadow Star,CotG,display_name
car_1a54fd6250d5,cards_lua,lua,,card=Shadow Star;field=effect_text;set=CotG,"Once per turn, gain 1P.",每回合一次，获得1战力。,draft,,Shadow Star,CotG,effect_text
car_0e99afd84407,cards_lua,lua,,card=Spike Vixen;field=display_name;set=CotG,Spike Vixen,尖刺雌狐,draft,,Spike Vixen,CotG,display_name
car_88ba63f8f3eb,cards_lua,lua,,card=Spike Vixen;field=effect_text;set=CotG,Gain 1P.  Draw a card.,获得1战力。抽一张牌。,draft,,Spike Vixen,CotG,effect_text
car_39cf3a5ed095,cards_lua,lua,,card=Void Initiate;field=display_name;set=CotG,Void Initiate,虚空新兵,draft,,Void Initiate,CotG,display_name
car_bed5cc48ae34,cards_lua,lua,,card=Void Initiate;field=effect_text;set=CotG,Gain 1R.  You may banish a card in your hand or discard pile.,获得1符文。你可以放逐一张手牌或弃牌堆中的卡牌。,draft,,Void Initiate,CotG,effect_text
car_0cc29912f701,cards_lua,lua,,card=Voidthirster;field=display_name;set=CotG,Voidthirster,渴虚者,draft,,Voidthirster,CotG,display_name
car_fc01eca1aa69,cards_lua,lua,,card=Voidthirster;field=effect_text;set=CotG,"Once per turn, gain 1P.  The first time you defeat a Monster in the center row each turn, gain 1H.",每回合一次，获得1战力。每回合你首次击败中央牌列中的怪物时，获得1荣誉。,draft,,Voidthirster,CotG,effect_text
car_643bb5bd433e,cards_lua,lua,,card=Avatar of the Fallen;field=display_name;set=CotG,Avatar of the Fallen,堕落者化身,draft,,Avatar of the Fallen,CotG,display_name
car_8535698eb28a,cards_lua,lua,,card=Avatar of the Fallen;field=effect_text;set=CotG,"This Monster can't be banished unless defeated.
Reward: Gain 4H.  Acquire or Defeat any other card in the center row.",除非被击败，否则此怪物不可被放逐。奖励：获得4荣誉。你可以无需支付费用获取或击败中央牌列中的任意一张卡牌。,draft,,Avatar of the Fallen,CotG,effect_text
car_c20b4c06ad92,cards_lua,lua,,card=Corrosive Widow;field=display_name;set=CotG,Corrosive Widow,腐蚀寡妇,draft,,Corrosive Widow,CotG,display_name
car_b2fb80f12df7,cards_lua,lua,,card=Corrosive Widow;field=effect_text;set=CotG,Reward: Gain 3H.  Each opponent must put a Construct he controls into his discard pile.,奖励：获得3荣誉。每位对手须将其控制的一张神器置入弃牌堆。,draft,,Corrosive Widow,CotG,effect_text
car_260e0edd9259,cards_lua,lua,,card=Earth Tyrant;field=display_name;set=CotG,Earth Tyrant,大地暴君,draft,,Earth Tyrant,CotG,display_name
car_f3af54833c10,cards_lua,lua,,card=Earth Tyrant;field=effect_text;set=CotG,Reward: Gain 5H.  Draw two cards.,奖励：获得5荣誉。抽两张牌。,draft,,Earth Tyrant,CotG,effect_text
car_3ca8f136cfef,cards_lua,lua,,card=Mephit;field=display_name;set=CotG,Mephit,恶臭精,draft,,Mephit,CotG,display_name
car_9cbb4125d7bb,cards_lua,lua,,card=Mephit;field=effect_text;set=CotG,Reward: Gain 2H.  You may banish a card in the center row.,奖励：获得2荣誉。你可以放逐中央牌列中的一张卡牌。,draft,,Mephit,CotG,effect_text
car_5e62fa64043a,cards_lua,lua,,card=Mistake of Creation;field=display_name;set=CotG,Mistake of Creation,造物之误,draft,,Mistake of Creation,CotG,display_name
car_888de66f6f47,cards_lua,lua,,card=Mistake of Creation;field=effect_text;set=CotG,Reward: Gain 4H.  You may banish a card in the center row and/or a card in your discard pile.,奖励：获得4荣誉。你可以放逐中央牌列和/或你弃牌堆中的一张卡牌。,draft,,Mistake of Creation,CotG,effect_text
car_6b627c6ff464,cards_lua,lua,,card=Samael's Trickster;field=display_name;set=CotG,Samael's Trickster,萨麦尔的诡术师,draft,,Samael's Trickster,CotG,display_name
car_1e5068c34a0f,cards_lua,lua,,card=Samael's Trickster;field=effect_text;set=CotG,Reward: Gain 1H.  Gain 1R.,奖励：获得1荣誉。获得1符文。,draft,,Samael's Trickster,CotG,effect_text
car_9dbb061a8973,cards_lua,lua,,card=Sea Tyrant;field=display_name;set=CotG,Sea Tyrant,海中暴君,draft,,Sea Tyrant,CotG,display_name
car_804bfd7dd29e,cards_lua,lua,,card=Sea Tyrant;field=effect_text;set=CotG,Reward: Gain 5H.  Each opponent must choose a Construct they control and put the rest into their discard pile.,奖励：获得5荣誉。每位对手须选择一张其控制的神器，将其余神器置入弃牌堆。,draft,,Sea Tyrant,CotG,effect_text
car_0a5ba731f111,cards_lua,lua,,card=Tormented Soul;field=display_name;set=CotG,Tormented Soul,受折磨的灵魂,draft,,Tormented Soul,CotG,display_name
car_b882930d40df,cards_lua,lua,,card=Tormented Soul;field=effect_text;set=CotG,Reward: Gain 1H.  Draw a card.,奖励：获得1荣誉。抽一张牌。,draft,,Tormented Soul,CotG,effect_text
car_ad4cc9459980,cards_lua,lua,,card=Wind Tyrant;field=display_name;set=CotG,Wind Tyrant,风之暴君,draft,,Wind Tyrant,CotG,display_name
car_090bef1f9c6a,cards_lua,lua,,card=Wind Tyrant;field=effect_text;set=CotG,Reward: Gain 3H.  Gain 3R.,奖励：获得3荣誉。获得3符文。,draft,,Wind Tyrant,CotG,effect_text
car_e47bbdf8fb1c,cards_lua,lua,,"card=Xeron, Duke of Lies;field=display_name;set=CotG","Xeron, Duke of Lies",谎言之公爵泽伦,draft,,"Xeron, Duke of Lies",CotG,display_name
car_93b2c1f6d77d,cards_lua,lua,,"card=Xeron, Duke of Lies;field=effect_text;set=CotG",Reward: Gain 3H.  Take a card at random from each opponent's hand and add that card to your hand.,奖励：获得3荣誉. 拿取一张卡牌随机从 每位对手之手牌和 将该卡牌加入以 你的手牌.,draft,,"Xeron, Duke of Lies",CotG,effect_text
car_e4054394fd05,cards_lua,lua,,card=Adayu the Omnipotent;field=display_name;set=RotF,"Adayu, the Chosen",天选者阿达尤,draft,,Adayu the Omnipotent,RotF,display_name
car_c8f777bcffe1,cards_lua,lua,,card=Adayu the Omnipotent;field=effect_text;set=RotF,Acquire or defeat any card in the center row.  (You do not have to pay Runes or Power).,获取或 击败任意卡牌在中央牌列. (你无需支付符文或 战力).,draft,,Adayu the Omnipotent,RotF,effect_text
car_d05c73f317e2,cards_lua,lua,,card=Arha Sensei;field=display_name;set=RotF,Arha Sensei,亚哈导师,draft,,Arha Sensei,RotF,display_name
car_3ef816a70ec4,cards_lua,lua,,card=Arha Sensei;field=effect_text;set=RotF,"Banish a card in your hand.  If you do, acquire a Mystic or Heavy Infantry.  Add it to your hand.",从你的手牌放逐一张卡牌. 若你如此做，获取秘教士或 重装步兵. 加入它以 你的手牌.,draft,pass13,Arha Sensei,RotF,effect_text
car_b4fc2ba0fb5f,cards_lua,lua,,card=Askara of Fate;field=display_name;set=RotF,Askara of Fate,命运阿斯卡拉,draft,,Askara of Fate,RotF,display_name
car_7eb202b7eadf,cards_lua,lua,,card=Askara of Fate;field=effect_text;set=RotF,"FATE: When this enters the center row, each player may draw a card.
Draw two cards.  Each other player may draw a card.  Then you may banish a card in the center row.","天命： 当此牌进入中央牌列时, 每位玩家可以抽一张牌.
抽两张牌. 每位其他玩家可以抽一张牌. 然后你可以放逐中央牌列的一张卡牌.",draft,pass13,Askara of Fate,RotF,effect_text
car_9eff837286a2,cards_lua,lua,,card=Dhartha's Retreat;field=display_name;set=RotF,Dhartha's Retreat,达萨的隐修处,draft,,Dhartha's Retreat,RotF,display_name
car_8eb278646335,cards_lua,lua,,card=Dhartha's Retreat;field=effect_text;set=RotF,"If you do not acquire or defeat a card on your turn, you may draw two additional cards at the end of your turn.","若你如此做，不获取或 击败卡牌在 你的回合, 你可以抽两 额外的卡牌在 结束时你的回合.",draft,,Dhartha's Retreat,RotF,effect_text
car_fa3071343389,cards_lua,lua,,card=Eternal Askara;field=display_name;set=RotF,Eternal Askara,永恒阿斯卡拉,draft,,Eternal Askara,RotF,display_name
car_70bd1bca2de5,cards_lua,lua,,card=Eternal Askara;field=effect_text;set=RotF,"Banish a card in the center row.   If you banish a monster this way, gain 3H.","放逐中央牌列的一张卡牌. 若你 放逐怪物以此方式, 获得3荣誉.",draft,pass13,Eternal Askara,RotF,effect_text
car_d46f59bc8d3b,cards_lua,lua,,card=Hectic Scribe;field=display_name;set=RotF,Hectic Scribe,忙乱书记,draft,,Hectic Scribe,RotF,display_name
car_4d689814307b,cards_lua,lua,,card=Hectic Scribe;field=effect_text;set=RotF,"Draw two cards, then discard two cards.","抽两张牌, 然后弃掉两 卡牌.",draft,,Hectic Scribe,RotF,effect_text
car_df2e79f11676,cards_lua,lua,,"card=Nairi, Henge Queen;field=display_name;set=RotF","Nairi, Henge Queen",环石女王奈莉,draft,,"Nairi, Henge Queen",RotF,display_name
car_87dbe4d991a4,cards_lua,lua,,"card=Nairi, Henge Queen;field=effect_text;set=RotF",Gain 5H.,获得5荣誉.,draft,,"Nairi, Henge Queen",RotF,effect_text
car_7c04e2c0ae23,cards_lua,lua,,card=Dandelion Witch;field=display_name;set=RotF,Dandelion Witch,蒲公英女巫,draft,,Dandelion Witch,RotF,display_name
car_a77f00dc2737,cards_lua,lua,,card=Dandelion Witch;field=effect_text;set=RotF,Draw a card.  Gain 1H for each Lifebound Hero you play or have played this turn (including this one).,抽一张牌. 获得1荣誉以 每个命约英雄你 打出或 已打出本回合 (包括此牌).,draft,pass6,Dandelion Witch,RotF,effect_text
car_3bc56784dbb9,cards_lua,lua,,card=Great-Omen Raven;field=display_name;set=RotF,Great-Omen Raven,大兆乌鸦,draft,,Great-Omen Raven,RotF,display_name
car_e5ad79bd145a,cards_lua,lua,,card=Great-Omen Raven;field=effect_text;set=RotF,"Name a card.  Reveal the top card of your deck and put it into your hand.  If it is the named card, gain 3H.","命名卡牌. 展示你牌库顶的卡牌，并将其放入你的手牌. 若它 为被命名为卡牌, 获得3荣誉.",draft,pass6;pass13,Great-Omen Raven,RotF,effect_text
car_e669d43b6b21,cards_lua,lua,,card=Lunar Stag;field=display_name;set=RotF,Lunar Stag,月鹿,draft,,Lunar Stag,RotF,display_name
car_cbb9539b8ba6,cards_lua,lua,,card=Lunar Stag;field=effect_text;set=RotF,Gain 2R or 2H.,获得2符文或 2荣誉.,draft,,Lunar Stag,RotF,effect_text
car_e023151c8ebf,cards_lua,lua,,card=Serpentcall;field=display_name;set=RotF,Serpentcall,唤蛇,draft,,Serpentcall,RotF,display_name
car_4ab761a93b41,cards_lua,lua,,card=Serpentcall;field=effect_text;set=RotF,"Once per turn, gain 2R.
Once per turn, you may acquire a hero from the Void by paying its Rune cost.","每回合一次，获得 2 符文。
每回合一次，你可以支付符文费用从虚空区获取一张英雄。",draft,pass4,Serpentcall,RotF,effect_text
car_649e43f894d6,cards_lua,lua,,card=Stone Circle;field=display_name;set=,Stone Circle,石环,draft,,Stone Circle,,display_name
car_5b0dd8f731e0,cards_lua,lua,,card=Stone Circle;field=effect_text;set=,"Once per turn, you may reveal the top card of your deck.  If it's a Lifebound Hero, draw it.
Once per turn, you may spend 2R to gain 1H.","天命： 当此牌进入中央牌列时, 每位玩家可以获取秘教士. 将其放在其牌库顶.
每回合一次，当你获取一个英雄, 你可以将它放置放到你的牌库顶.",draft,pass6;pass13,Stone Circle,,effect_text
car_649e43f894d6,cards_lua,lua,,card=Stone Circle;field=display_name;set=RotF,Stone Circle,石环,draft,,Stone Circle,RotF,display_name
car_5b0dd8f731e0,cards_lua,lua,,card=Stone Circle;field=effect_text;set=RotF,"FATE: When this enters the center row, each player may acquire a Mystic.  Put it on top of their deck.
Once per turn, when you acquire a Hero, you may put it on top of your deck.","天命： 当此牌进入中央牌列时, 每位玩家可以获取秘教士. 将其放在其牌库顶.
每回合一次，当你获取一个英雄, 你可以将它放置放到你的牌库顶.",draft,pass6;pass13,Stone Circle,RotF,effect_text
car_9c922ddb78bd,cards_lua,lua,,card=Project Alpha;field=display_name;set=RotF,Project Alpha,阿尔法计划,draft,,Project Alpha,RotF,display_name
car_f9b5f56bf354,cards_lua,lua,,card=Project Alpha;field=effect_text;set=RotF,"Once per turn, you may acquire a Hero or Construct with cost less than or equal to the number of Mechana Constructs you control.",每回合一次，你可以获取一个英雄或 神器以 费用低于或 等同于 数量为机械神器你控制的.,draft,pass6,Project Alpha,RotF,effect_text
car_38fd5c760d1e,cards_lua,lua,,card=Dimension Diver;field=display_name;set=RotF,Dimension Diver,维度潜者,draft,,Dimension Diver,RotF,display_name
car_2d2d63b1d346,cards_lua,lua,,card=Dimension Diver;field=effect_text;set=RotF,Gain 2R.  You may treat all Constructs as Mechana Constructs this turn.,获得2符文. 你可以将所有神器作为机械神器本回合.,draft,kw_pass3,Dimension Diver,RotF,effect_text
car_00de3932fbd3,cards_lua,lua,,card=Combustion Idol;field=display_name;set=RotF,Combustion Idol,燃烧偶像,draft,,Combustion Idol,RotF,display_name
car_6bbb4edf8353,cards_lua,lua,,card=Combustion Idol;field=effect_text;set=RotF,"Once per turn, you may draw a card if you control three or more Mechana Constructs.",每回合一次，你可以抽一张牌若 你控制的三 或更高机械神器.,draft,,Combustion Idol,RotF,effect_text
car_d9da72209682,cards_lua,lua,,card=Battery Monk;field=display_name;set=RotF,Battery Monk,电池僧侣,draft,,Battery Monk,RotF,display_name
car_673ada1a84fc,cards_lua,lua,,card=Battery Monk;field=effect_text;set=RotF,You may pay 1R less the next time you acquire a Construct this turn.  Draw a card.,你可以少支付 1 符文下次你获取神器本回合. 抽一张牌.,draft,pass6,Battery Monk,RotF,effect_text
car_b7ca9de46394,cards_lua,lua,,card=Reclamax;field=display_name;set=RotF,Reclamax,回收机,draft,,Reclamax,RotF,display_name
car_76afa96a9d66,cards_lua,lua,,card=Reclamax;field=effect_text;set=RotF,"FATE: When this enters the center row, each player may choose a Construct in their discard pile and put it in their hand.
","天命： 当此牌进入中央牌列时, 每位玩家可以选择神器在 其弃牌堆和 将它放置在其手牌中.",draft,,Reclamax,RotF,effect_text
car_1930d80f0e20,cards_lua,lua,,card=Socket Altar;field=display_name;set=RotF,Socket Altar,嵌口祭坛,draft,,Socket Altar,RotF,display_name
car_538d423045fd,cards_lua,lua,,card=Socket Altar;field=effect_text;set=RotF,"Once per turn, when you put a Mechana Construct into play (including this one), gain 2R.","每回合一次，当你 放置机械神器进入战场 (包括此牌), 获得2符文.",draft,pass6,Socket Altar,RotF,effect_text
car_e45a21879935,cards_lua,lua,,card=Ferromancer's Helper;field=display_name;set=,Ferromancer's Helper,铁术师助手,draft,,Ferromancer's Helper,,display_name
car_7f60736cfd4e,cards_lua,lua,,card=Ferromancer's Helper;field=effect_text;set=,"Gain 2R.  You may put a Construct you control into your discard pile.  If you do, gain 2P.",获得2符文. 你可以放置神器你控制的置入你的弃牌堆. 若你如此做，获得2战力.,draft,,Ferromancer's Helper,,effect_text
car_6f649a78f6e6,cards_lua,lua,,card=Arbiter of Fate;field=display_name;set=RotF,Arbiter of Fate,仲裁者天命,draft,,Arbiter of Fate,RotF,display_name
car_2d54f481d976,cards_lua,lua,,card=Arbiter of Fate;field=effect_text;set=RotF,"FATE: When this enters the center row, each player may banish a card from their hand or discard pile.
Draw a card. You may banish a card in your hand or discard pile.","天命： 当此牌进入中央牌列时, 每位玩家可以放逐一张卡牌从其手牌或 弃牌堆.
抽一张牌. 你可以从你的手牌或弃牌堆放逐一张卡牌.",draft,pass13,Arbiter of Fate,RotF,effect_text
car_9f6544342c75,cards_lua,lua,,card=Guardian of Sadranis;field=display_name;set=RotF,Guardian of Sadranis,守卫萨德拉尼斯,draft,,Guardian of Sadranis,RotF,display_name
car_ffa9007ff375,cards_lua,lua,,card=Guardian of Sadranis;field=effect_text;set=RotF,"Gain 1P. The next time you defeat a Monster in the center row or the Void this turn, gain 2H.","获得1战力. 下次你在中央牌列击败一个怪物或 虚空区本回合, 获得2荣誉.",draft,pass13,Guardian of Sadranis,RotF,effect_text
car_93653855d51d,cards_lua,lua,,card=Black Hole;field=display_name;set=RotF,Black Hole,黑洞,draft,,Black Hole,RotF,display_name
car_36026d7df666,cards_lua,lua,,card=Black Hole;field=effect_text;set=RotF,"Once per turn, you may banish a card in your hand.  If you do, gain 1P.",每回合一次，你可以从你的手牌放逐一张卡牌. 若你如此做，获得1战力.,draft,pass13,Black Hole,RotF,effect_text
car_ad0d51dbcdb5,cards_lua,lua,,card=Deathseeker;field=display_name;set=RotF,Deathseeker,寻死者,draft,,Deathseeker,RotF,display_name
car_42ca3950b3b9,cards_lua,lua,,card=Deathseeker;field=effect_text;set=RotF,"Gain 2P.  If this is banished from your hand or discard pile, gain 3H.","获得2战力. 若此 为被放逐从你的手牌或 弃牌堆, 获得3荣誉.",draft,,Deathseeker,RotF,effect_text
car_b00fc3e68fa7,cards_lua,lua,,"card=Sadranis, Dark Emissary;field=display_name;set=RotF","Sadranis, Dark Emissary",黑暗使者萨德拉尼斯,draft,,"Sadranis, Dark Emissary",RotF,display_name
car_28de7a36f7ee,cards_lua,lua,,"card=Sadranis, Dark Emissary;field=effect_text;set=RotF",Gain 3P. You may defeat a Monster from the Void by paying its Power cost. Put it on the bottom of the center deck.,获得3战力. 你可以击败一个怪物从虚空区被 支付其 战力费用. 将它放置置于其底： 传送门牌库.,draft,,"Sadranis, Dark Emissary",RotF,effect_text
car_40d84aa49c2b,cards_lua,lua,,card=Black Watch Elite;field=display_name;set=RotF,Black Watch Elite,黑卫精锐,draft,,Black Watch Elite,RotF,display_name
car_01c1fe3661cc,cards_lua,lua,,card=Black Watch Elite;field=effect_text;set=RotF,Gain 3P.  You may banish a card in your hand or discard pile.,获得3战力. 你可以从你的手牌或弃牌堆放逐一张卡牌.,draft,pass13,Black Watch Elite,RotF,effect_text
car_cfee1dc23bf4,cards_lua,lua,,"card=Bazu, Duke of Scorn;field=display_name;set=RotF","Bazu, Duke of Scorn",轻蔑公爵巴祖,draft,,"Bazu, Duke of Scorn",RotF,display_name
car_5a4a00cc0439,cards_lua,lua,,"card=Bazu, Duke of Scorn;field=effect_text;set=RotF",Reward: Gain 4H.  Each opponent either discards a card for each Construct they control or puts all Constructs into their discard pile.,奖励：获得4荣誉. 每位对手要么弃掉卡牌以 每个神器其控制的要么放置所有神器置入其弃牌堆.,draft,kw_pass3,"Bazu, Duke of Scorn",RotF,effect_text
car_4d30fcd71f13,cards_lua,lua,,card=Doom Weeper;field=display_name;set=RotF,Doom Weeper,末日哀泣者,draft,,Doom Weeper,RotF,display_name
car_06adc815f2f6,cards_lua,lua,,card=Doom Weeper;field=effect_text;set=RotF,Reward: Gain 2H.  Gain 2R.,奖励：获得2荣誉. 获得2符文.,draft,,Doom Weeper,RotF,effect_text
car_f80a435133e0,cards_lua,lua,,card=Fire Tyrant;field=display_name;set=RotF,Fire Tyrant,火焰暴君,draft,,Fire Tyrant,RotF,display_name
car_b7b7e93891d8,cards_lua,lua,,card=Fire Tyrant;field=effect_text;set=RotF,Reward: Gain 6H.  Each opponent must discard a card.,奖励：获得6荣誉. 每位对手须弃掉卡牌.,draft,,Fire Tyrant,RotF,effect_text
car_1c6d5144963f,cards_lua,lua,,card=Ravenous Gorph;field=display_name;set=RotF,Ravenous Gorph,贪婪戈尔夫,draft,,Ravenous Gorph,RotF,display_name
car_b2d0de48f90a,cards_lua,lua,,card=Ravenous Gorph;field=effect_text;set=RotF,"FATE: When this enters the center row, banish all cards adjacent to it.
Reward: Gain 3H. You may banish a card that was adjacent to this.","天命： 当此牌进入中央牌列时, 放逐所有卡牌相邻以 它.
奖励：获得3荣誉. 你可以放逐一张卡牌该 曾是相邻以 此.",draft,,Ravenous Gorph,RotF,effect_text
car_abb2276a38e0,cards_lua,lua,,card=Samael the Fallen;field=display_name;set=RotF,Samael the Fallen,堕落之神萨麦尔,draft,,Samael the Fallen,RotF,display_name
car_d0b1345e2de3,cards_lua,lua,,card=Samael the Fallen;field=effect_text;set=RotF,"Unbanishable.
Reward: Gain 8H.  Place this face up in front of you.  For the rest of the game, when you defeat a Monster in the center row, acquire it.  Monsters in your deck are considered Heroes that gain you Power equal to their cost.",不可放逐。,draft,,Samael the Fallen,RotF,effect_text
car_a1744d8b69ee,cards_lua,lua,,card=Sordid Asp;field=display_name;set=RotF,Sordid Asp,污秽蝮蛇,draft,,Sordid Asp,RotF,display_name
car_31a192ec1701,cards_lua,lua,,card=Sordid Asp;field=effect_text;set=RotF,"Reward: Gain 1H, then steal 2H from an opponent with the most Honor if they have more than you.","奖励：获得1荣誉, 然后偷取 2荣誉从 对手以 最多的荣誉若 其拥有超过你.",draft,,Sordid Asp,RotF,effect_text
car_eca5cc195f8b,cards_lua,lua,,card=Vaultbreaker Wurm;field=display_name;set=RotF,Vaultbreaker Wurm,破库巨虫,draft,,Vaultbreaker Wurm,RotF,display_name
car_51298b6c6266,cards_lua,lua,,card=Vaultbreaker Wurm;field=effect_text;set=RotF,Reward: Gain 4H.  Each other player must discard their highest cost Construct. (They choose in case of a tie).,奖励：获得4荣誉. 每位其他玩家须弃掉其 最高费用神器. (他们选择在 情况的 平局).,draft,,Vaultbreaker Wurm,RotF,effect_text
car_2677c4a4b878,cards_lua,lua,,card=Militia SoS;field=display_name;set=,Militia,民兵,draft,,Militia SoS,,display_name
car_d91bb2dde4d1,cards_lua,lua,,card=Militia SoS;field=effect_text;set=,Gain 1P.,获得1战力。,draft,,Militia SoS,,effect_text
car_2ee94c4519ea,cards_lua,lua,,card=Apprentice SoS;field=display_name;set=,Apprentice,学徒,draft,,Apprentice SoS,,display_name
car_dd77d4a742b7,cards_lua,lua,,card=Apprentice SoS;field=effect_text;set=,Gain 1R.,获得1符文。,draft,,Apprentice SoS,,effect_text
car_9509c25f2089,cards_lua,lua,,card=Mystic SoS;field=display_name;set=,Mystic,秘教士,draft,,Mystic SoS,,display_name
car_fd6e5f5acacc,cards_lua,lua,,card=Mystic SoS;field=effect_text;set=,Gain 2R.,获得2符文。,draft,,Mystic SoS,,effect_text
car_44dc95a97ab4,cards_lua,lua,,card=Heavy Infantry SoS;field=display_name;set=,Heavy Infantry,重装步兵,draft,,Heavy Infantry SoS,,display_name
car_7e065e00c663,cards_lua,lua,,card=Heavy Infantry SoS;field=effect_text;set=,Gain 2P.,获得2战力。,draft,,Heavy Infantry SoS,,effect_text
car_8099290548cc,cards_lua,lua,,card=Cultist SoS;field=display_name;set=,Cultist,邪教徒,draft,,Cultist SoS,,display_name
car_340dc1c2ef40,cards_lua,lua,,card=Cultist SoS;field=effect_text;set=,Reward: Gain 1H.,奖励：获得1荣誉。,draft,,Cultist SoS,,effect_text
car_fbfd860b7e08,cards_lua,lua,,card=Fanatic SoS;field=display_name;set=SoS,Fanatic,狂信者,draft,,Fanatic SoS,SoS,display_name
car_1e6ec0e5b193,cards_lua,lua,,card=Fanatic SoS;field=effect_text;set=SoS,"Reward: Gain 2H.
",奖励：获得2荣誉。,draft,,Fanatic SoS,SoS,effect_text
car_1f230fa24495,cards_lua,lua,,card=Arha Rising;field=display_name;set=SoS,Arha Rising,亚哈崛起,draft,,Arha Rising,SoS,display_name
car_9b87a9bc7d0c,cards_lua,lua,,card=Arha Rising;field=effect_text;set=SoS,"Once per turn, when a player discards any number of cards, they may return one of them to their hand.
EVENT TROPHY: Draw a card.","每回合一次，当一名玩家弃掉任意数量的卡牌时，其可将其中一张收回手牌。
事件战利品：抽一张牌。",draft,pass4,Arha Rising,SoS,effect_text
car_3ef853a4278e,cards_lua,lua,,card=Dreamer's Glass;field=display_name;set=SoS,Dreamer's Glass,梦者琉璃,draft,,Dreamer's Glass,SoS,display_name
car_1329751902ad,cards_lua,lua,,card=Dreamer's Glass;field=effect_text;set=SoS,"Once per turn, you may put a card from your hand under this face up.
If you do, draw a card.
When Dreamer's Glass leaves play or the game ends, put all cards under it into your discard pile.","每回合一次，你可以放置卡牌从你的手牌此牌下方 面朝上.
若你如此做，抽一张牌.
当梦者琉璃离开打出或 游戏结束, 放置所有卡牌其下它 置入你的弃牌堆.",draft,pass6,Dreamer's Glass,SoS,effect_text
car_8f4291588ecf,cards_lua,lua,,card=Tower Askara;field=display_name;set=SoS,Tower Askara,高塔阿斯卡拉,draft,,Tower Askara,SoS,display_name
car_0289a37f1036,cards_lua,lua,,card=Tower Askara;field=effect_text;set=SoS,"Draw 3 cards.  Then, discard 2 cards or an Enlightened card.","抽 3 张牌. 然后, 弃 2 张牌或 圣贤卡牌.",draft,pass5;pass6,Tower Askara,SoS,effect_text
car_0aaa23ce98a6,cards_lua,lua,,"card=Raj, Psionic Master;field=display_name;set=SoS","Raj, Psionic Master",灵能大师拉吉,draft,,"Raj, Psionic Master",SoS,display_name
car_172758f3901a,cards_lua,lua,,"card=Raj, Psionic Master;field=effect_text;set=SoS","Banish a Hero from your hand.
If you do, acquire a Hero with honor up to two more than that of the banished card and put it into your hand.","放逐一个英雄从你的手牌.
若你如此做，获取一个英雄以 荣誉至多两 超过该 的被放逐卡牌，并将其放入你的手牌.",draft,pass6;pass13,"Raj, Psionic Master",SoS,effect_text
car_59ede0f74197,cards_lua,lua,,card=Eye of Destiny;field=display_name;set=SoS,Eye of Destiny,命运之眼,draft,,Eye of Destiny,SoS,display_name
car_cafb9af35801,cards_lua,lua,,card=Eye of Destiny;field=effect_text;set=SoS,"Once per turn, when you acquire a Hero, you may put it into your hand.","每回合一次，当你获取一个英雄, 你可以将其放入你的手牌.",draft,pass6;pass13,Eye of Destiny,SoS,effect_text
car_f7f17c339fbd,cards_lua,lua,,card=Elder Skeptic;field=display_name;set=SoS,Elder Skeptic,长老怀疑者,draft,,Elder Skeptic,SoS,display_name
car_9eb5eb4d4f3c,cards_lua,lua,,card=Elder Skeptic;field=effect_text;set=SoS,"Draw 2 cards.  Then, discard a card.","抽 2 张牌. 然后, 弃掉卡牌.",draft,pass6,Elder Skeptic,SoS,effect_text
car_02ad821209f5,cards_lua,lua,,card=Elemental Adept;field=display_name;set=SoS,Elemental Adept,元素能手,draft,,Elemental Adept,SoS,display_name
car_a53fa551b641,cards_lua,lua,,card=Elemental Adept;field=effect_text;set=SoS,"Draw a card.
If the Current event is Enlightened, draw an additional 1 card.
You may banish a card in the center row.","抽一张牌.
若当前事件为 圣贤, 额外抽一张牌.
你可以放逐中央牌列的一张卡牌.",draft,pass5;pass6;pass13,Elemental Adept,SoS,effect_text
car_470045e9a4f1,cards_lua,lua,,card=Nook Hound;field=display_name;set=SoS,Nook Hound,角落猎犬,draft,,Nook Hound,SoS,display_name
car_817c0b6cfdfb,cards_lua,lua,,card=Nook Hound;field=effect_text;set=SoS,"FATE: When this enters the center row, each player may look at the top card of their deck.  They may put it into their discard pile.","天命： 当此牌进入中央牌列时, 每位玩家可以查看牌库顶卡牌的 其牌库. 他们可以将其放入其弃牌堆.",draft,pass6,Nook Hound,SoS,effect_text
car_1738486b3538,cards_lua,lua,,card=Prodigal;field=display_name;set=SoS,Prodigal,浪子,draft,,Prodigal,SoS,display_name
car_b16613855ca4,cards_lua,lua,,card=Prodigal;field=effect_text;set=SoS,Defeat a monster with P3 or less.,击败一个怪物以P3 或更低.,draft,,Prodigal,SoS,effect_text
car_787a0e2ed2d0,cards_lua,lua,,card=Treasures of the Study;field=display_name;set=SoS,Treasures of the Study,宝藏书房,draft,,Treasures of the Study,SoS,display_name
car_0a4f6b077243,cards_lua,lua,,card=Treasures of the Study;field=effect_text;set=SoS,"Once per turn, you may discard 2 cards.  If you do, gain 3H.",每回合一次，你可以弃 2 张牌. 若你如此做，获得3荣誉.,draft,pass6,Treasures of the Study,SoS,effect_text
car_10e1efed2a96,cards_lua,lua,,card=Ogo Rising;field=display_name;set=SoS,Ogo Rising,奥戈崛起,draft,,Ogo Rising,SoS,display_name
car_24e38be60177,cards_lua,lua,,card=Ogo Rising;field=effect_text;set=SoS,"The first Hero played this turn is also a Lifebound Hero.
  EVENT TROPHY: Gain 1R.","本回合打出的第一张英雄也视为命约英雄。
事件战利品：获得 1 符文。",draft,pass4,Ogo Rising,SoS,effect_text
car_4d816192e95a,cards_lua,lua,,card=Starchild;field=display_name;set=SoS,Starchild,星之子,draft,,Starchild,SoS,display_name
car_e0e645dedaef,cards_lua,lua,,card=Starchild;field=effect_text;set=SoS,"Gain 1R and 1H.  Then, draw a card.","获得1符文和 1荣誉. 然后, 抽一张牌.",draft,,Starchild,SoS,effect_text
car_f466e0c9334a,cards_lua,lua,,card=Granger;field=display_name;set=SoS,Granger,农夫,draft,,Granger,SoS,display_name
car_e1b6672888f2,cards_lua,lua,,card=Granger;field=effect_text;set=SoS,Gain 1R and 1H.  UNITE: Gain 1R and 1H.,获得1符文和 1荣誉. 联合： 获得1符文和 1荣誉.,draft,,Granger,SoS,effect_text
car_80742e1c1927,cards_lua,lua,,"card=Syril, Runic Alpha;field=display_name;set=SoS","Syril, Runic Alpha",符文首领西里尔,draft,,"Syril, Runic Alpha",SoS,display_name
car_7e22d5ea2730,cards_lua,lua,,"card=Syril, Runic Alpha;field=effect_text;set=SoS",Gain 3R.  UNITE: Gain 3P.,获得3符文. 联合： 获得3战力.,draft,,"Syril, Runic Alpha",SoS,effect_text
car_d9bdc1cce9ad,cards_lua,lua,,card=Lionheart;field=display_name;set=SoS,Lionheart,狮心,draft,,Lionheart,SoS,display_name
car_e56f512bc2f6,cards_lua,lua,,card=Lionheart;field=effect_text;set=SoS,Gain 3H.  UNITE: Draw a card.,获得3荣誉. 联合： 抽一张牌.,draft,,Lionheart,SoS,effect_text
car_0a5922411b08,cards_lua,lua,,card=Everbloom;field=display_name;set=SoS,Everbloom,永绽,draft,,Everbloom,SoS,display_name
car_c9fa04da8f83,cards_lua,lua,,card=Everbloom;field=effect_text;set=SoS,"Once per turn, gain 1 Honor.",每回合一次，获得1 荣誉.,draft,,Everbloom,SoS,effect_text
car_00626fad054a,cards_lua,lua,,card=Snake Shaman;field=display_name;set=SoS,Snake Shaman,蛇萨满,draft,,Snake Shaman,SoS,display_name
car_9f2aedf9208d,cards_lua,lua,,card=Snake Shaman;field=effect_text;set=SoS,"Gain 1R.  If the Current Event is Lifebound, gain an additional 1R.
Once this turn, you may spend up to 4R to gain that much honor.","获得1符文. 若当前事件为 生命, 获得额外的 1符文.
本回合一次， 你可以花费至多 4符文以 获得该等量的荣誉.",draft,pass11,Snake Shaman,SoS,effect_text
car_39d282576e1a,cards_lua,lua,,card=Honey Siren;field=display_name;set=SoS,Honey Siren,蜜海妖,draft,,Honey Siren,SoS,display_name
car_c6d04106b4fb,cards_lua,lua,,card=Honey Siren;field=effect_text;set=SoS,"FATE: When Honey Siren enters the center row, each player may put a Hero from their discard pile on top of their deck.
","天命： 当蜜 海妖进入中央牌列, 每位玩家可以放置英雄从 其弃牌堆在 顶部的 其牌库.",draft,,Honey Siren,SoS,effect_text
car_f308309f9eac,cards_lua,lua,,card=Avatar of Aiyana;field=display_name;set=SoS,Avatar of Aiyana,化身·艾雅娜,draft,,Avatar of Aiyana,SoS,display_name
car_595a16293f3a,cards_lua,lua,,card=Avatar of Aiyana;field=effect_text;set=SoS,"Gain 2R.
This turn, you may acquire Heroes in the center row by paying runes equal to their Honor instead of paying their rune cost.","获得2符文.
此回合, 你可以获取英雄在中央牌列被 支付符文等同于 其荣誉而非支付其 符文费用.",draft,pass6,Avatar of Aiyana,SoS,effect_text
car_a9733eff9aeb,cards_lua,lua,,card=Aiyana's Messenger;field=display_name;set=SoS,Aiyana's Messenger,艾雅娜的信使,draft,,Aiyana's Messenger,SoS,display_name
car_d48d043a54e7,cards_lua,lua,,card=Aiyana's Messenger;field=effect_text;set=SoS,Gain 1R.  You may pay 1 less Rune the next time you aquire a Hero this turn.,获得1符文. 你可以支付 1 更低符文下次你获取英雄本回合.,draft,,Aiyana's Messenger,SoS,effect_text
car_7e8eed334c05,cards_lua,lua,,card=Hedron Rising;field=display_name;set=SoS,Hedron Rising,多面体崛起,draft,,Hedron Rising,SoS,display_name
car_af612236b5b6,cards_lua,lua,,card=Hedron Rising;field=effect_text;set=SoS,"All Constructs are also Mechana Constructs.
EVENT TROPHY: When a Construct you control would be destroyed, you may prevent it from being destroyed.","所有神器也视为机械神器。
事件战利品：当你控制的神器将被摧毁时，你可以防止其被摧毁。",draft,kw_pass3;pass4,Hedron Rising,SoS,effect_text
car_1c63998e3108,cards_lua,lua,,card=Weapon 303-V;field=display_name;set=SoS,Weapon 303-V,武器303-V,draft,,Weapon 303-V,SoS,display_name
car_022aaa75c5e9,cards_lua,lua,,card=Weapon 303-V;field=effect_text;set=SoS,"Once per turn, when you play a Mechana Construct (including this one), you gain 3P.","每回合一次，当你 打出机械神器 (包括此牌), 你获得3战力.",draft,pass6,Weapon 303-V,SoS,effect_text
car_6a37701edcf2,cards_lua,lua,,card=Scrap Flinger;field=display_name;set=SoS,Scrap Flinger,废料投掷者,draft,,Scrap Flinger,SoS,display_name
car_27e9ffa1ef07,cards_lua,lua,,card=Scrap Flinger;field=effect_text;set=SoS,"Gain 2P.  You may destroy a Construct you control.  If you do, gain an additional 2P.",获得2战力. 你可以摧毁一个神器你控制的. 若你如此做，获得额外的 2战力.,draft,,Scrap Flinger,SoS,effect_text
car_adf6daccb94d,cards_lua,lua,,card=Dream Machine;field=display_name;set=SoS,Dream Machine,梦机器,draft,,Dream Machine,SoS,display_name
car_2d668e7b3182,cards_lua,lua,,card=Dream Machine;field=effect_text;set=SoS,"FATE: When Dream Machine enters the center row, each player may return a Construct they control to their hand.
","天命： 当梦 机器进入中央牌列, 每位玩家可以返回神器其控制的以 其手牌.",draft,,Dream Machine,SoS,effect_text
car_e1137cb2530c,cards_lua,lua,,card=Brazer Drone;field=display_name;set=SoS,Brazer Drone,铜匠无人机,draft,,Brazer Drone,SoS,display_name
car_e81e3351bb34,cards_lua,lua,,card=Brazer Drone;field=effect_text;set=SoS,Gain 1R.  You may return a Construct from your discard pile to your hand.,获得1符文. 你可以返回神器从 你的弃牌堆以 你的手牌.,draft,,Brazer Drone,SoS,effect_text
car_ea5a910df4da,cards_lua,lua,,card=Autobuilder 5.0;field=display_name;set=SoS,Autobuilder 5.0,自动建造机5.0,draft,,Autobuilder 5.0,SoS,display_name
car_5bcb9f87e13c,cards_lua,lua,,card=Autobuilder 5.0;field=effect_text;set=SoS,You may destroy this to pay 2R less the next time you acquire a Mechana Construct this turn.,你可以摧毁此 以少支付 2 符文下次你获取机械神器本回合.,draft,pass6,Autobuilder 5.0,SoS,effect_text
car_513d58b30785,cards_lua,lua,,card=P.R.I.M.E.;field=display_name;set=SoS,P.R.I.M.E.,P.R.I.M.E.,draft,,P.R.I.M.E.,SoS,display_name
car_891d76681233,cards_lua,lua,,card=P.R.I.M.E.;field=effect_text;set=SoS,"Gain 3R or acquire a Construct in the center row.
When you play a Mechana Construct, you may return P.R.I.M.E. from your discard pile to your hand.","获得3符文或 获取神器在中央牌列.
当你 打出机械神器, 你可以返回P.R.I.M.E. 从你的弃牌堆以 你的手牌.",draft,,P.R.I.M.E.,SoS,effect_text
car_3c6890808fc5,cards_lua,lua,,card=Personal Wormhole;field=display_name;set=SoS,Personal Wormhole,私人虫洞,draft,,Personal Wormhole,SoS,display_name
car_f5f84225d3bf,cards_lua,lua,,card=Personal Wormhole;field=effect_text;set=SoS,"Once per turn, when you play a Mechana Construct (including this one), you may banish a card in your hand or discard pile.","每回合一次，当你 打出机械神器 (包括此牌), 你可以从你的手牌或弃牌堆放逐一张卡牌.",draft,pass6;pass13,Personal Wormhole,SoS,effect_text
car_6e5862eb1096,cards_lua,lua,,card=Cog Maw;field=display_name;set=SoS,Cog Maw,齿轮巨口,draft,,Cog Maw,SoS,display_name
car_0ee96f912a5a,cards_lua,lua,,card=Cog Maw;field=effect_text;set=SoS,"Once per turn, you may destroy a Mechana Construct you control to gain 1R.
If the Current event is Mechana, gain an additional 1R.","每回合一次，你可以摧毁机械神器你控制的以 获得1符文.
若当前事件为 机械, 获得额外的 1符文.",draft,,Cog Maw,SoS,effect_text
car_a9a8467b10bb,cards_lua,lua,,card=Synchronizer;field=display_name;set=SoS,Synchronizer,同步者,draft,,Synchronizer,SoS,display_name
car_5f738f8db8d8,cards_lua,lua,,card=Synchronizer;field=effect_text;set=SoS,"Once per turn, when you play a Mechana Construct (including this one), gain 1R.","每回合一次，当你 打出机械神器 (包括此牌), 获得1符文.",draft,pass6,Synchronizer,SoS,effect_text
car_1e0295e10893,cards_lua,lua,,card=Grease Monk;field=display_name;set=SoS,Grease Monk,油污僧侣,draft,,Grease Monk,SoS,display_name
car_a253ce69dda8,cards_lua,lua,,card=Grease Monk;field=effect_text;set=SoS,Gain 1R.  You may pay 1 Rune less the next time you acquire a Construct this turn.,获得1符文. 你可以支付 1 符文更低下次你获取神器本回合.,draft,,Grease Monk,SoS,effect_text
car_8343066369ac,cards_lua,lua,,card=Void Rising;field=display_name;set=SoS,Void Rising,虚空崛起,draft,,Void Rising,SoS,display_name
car_7a42d5260f0f,cards_lua,lua,,card=Void Rising;field=effect_text;set=SoS,"Once per turn, when a player defeats a Monster in the Center Row, that player gains 1H.
EVENT TROPHY: Banish a card in your hand or discard pile.","每回合一次，当一名玩家在中央牌列击败怪物时，该玩家获得 1 荣誉。
事件战利品：放逐你手牌或弃牌堆中的一张牌。",draft,pass4,Void Rising,SoS,effect_text
car_c758a7767b10,cards_lua,lua,,card=Void Militia;field=display_name;set=SoS,Void Militia,虚空民兵,draft,,Void Militia,SoS,display_name
car_6ffe3999b032,cards_lua,lua,,card=Void Militia;field=effect_text;set=SoS,Gain 1P.  You may pay 1 Power less the next time you defeat a Monster in the center row this turn.,获得1战力. 你可以支付 1 战力更低本回合下次你在中央牌列击败怪物时.,draft,pass13,Void Militia,SoS,effect_text
car_f915310f65b0,cards_lua,lua,,card=Abolisher;field=display_name;set=SoS,Abolisher,废除者,draft,,Abolisher,SoS,display_name
car_a37f61616073,cards_lua,lua,,card=Abolisher;field=effect_text;set=SoS,"Gain 1R.  You may banish a card in you hand; if you do, gain an additional 1R.","获得1符文. 你可以放逐一张卡牌在 你手牌; 若你 做, 获得额外的 1符文.",draft,,Abolisher,SoS,effect_text
car_bbdb915fefe7,cards_lua,lua,,card=Nihilmancer;field=display_name;set=SoS,Nihilmancer,虚无法师,draft,,Nihilmancer,SoS,display_name
car_7dab2c68370f,cards_lua,lua,,card=Nihilmancer;field=effect_text;set=SoS,"Gain 2P.  You may banish a card in you hand; if you do, gain an additional 1P.","获得2战力. 你可以放逐一张卡牌在 你手牌; 若你 做, 获得额外的 1战力.",draft,,Nihilmancer,SoS,effect_text
car_a7c6cdff2470,cards_lua,lua,,card=Canopic Jar;field=display_name;set=SoS,Canopic Jar,卡诺皮克罐,draft,,Canopic Jar,SoS,display_name
car_f64a475ff419,cards_lua,lua,,card=Canopic Jar;field=effect_text;set=SoS,"Once per turn, gain 1P.
Once per turn, when you defeat a Monster in the center row, gain 1R.","每回合一次，获得1战力.
每回合一次，当你在中央牌列击败怪物时, 获得1符文.",draft,pass13,Canopic Jar,SoS,effect_text
car_cbc1306a184b,cards_lua,lua,,card=Soul Assassin;field=display_name;set=SoS,Soul Assassin,灵魂刺客,draft,,Soul Assassin,SoS,display_name
car_3e9b990310ba,cards_lua,lua,,card=Soul Assassin;field=effect_text;set=SoS,"Gain 2P. The next time you defeat a Monster in the center row, gain 2R.","获得2战力. 下次你在中央牌列击败一个怪物, 获得2符文.",draft,pass13,Soul Assassin,SoS,effect_text
car_28934536c8c8,cards_lua,lua,,card=Shadowcaster;field=display_name;set=SoS,Shadowcaster,影咏者,draft,,Shadowcaster,SoS,display_name
car_d06150640089,cards_lua,lua,,card=Shadowcaster;field=effect_text;set=SoS,"Draw a card.
You may banish a card from your hand; if you do, you may draw an additional 1 card.
If the current event is Void, you may banish a card in your discard pile.","抽一张牌.
你可以放逐一张卡牌从你的手牌; 若你 做, 你可以额外抽一张牌.
若当前事件为 虚空, 你可以从你的弃牌堆放逐一张卡牌.",draft,pass6;pass13,Shadowcaster,SoS,effect_text
car_326c13bb46b8,cards_lua,lua,,card=Penumbral Edge;field=display_name;set=SoS,Penumbral Edge,半影刃锋,draft,,Penumbral Edge,SoS,display_name
car_4b9eebaf322b,cards_lua,lua,,card=Penumbral Edge;field=effect_text;set=SoS,"Once per turn, gain 2P.  Gain an additional 2P if you control Umbral Edge.",每回合一次，获得2战力. 获得额外的 2战力若 你控制的暗影刃锋.,draft,,Penumbral Edge,SoS,effect_text
car_4c6e3357b86a,cards_lua,lua,,card=Umbral Edge;field=display_name;set=SoS,Umbral Edge,暗影刃锋,draft,,Umbral Edge,SoS,display_name
car_f4ed45606e68,cards_lua,lua,,card=Umbral Edge;field=effect_text;set=SoS,"Once per turn, gain 2P.  Gain an additional 2P if you control Penumbral Edge.",每回合一次，获得2战力. 获得额外的 2战力若 你控制的半影刃锋.,draft,,Umbral Edge,SoS,effect_text
car_545d70b41ed5,cards_lua,lua,,"card=Emri, Soulslayer;field=display_name;set=SoS","Emri, Soulslayer",斩魂者艾姆瑞,draft,,"Emri, Soulslayer",SoS,display_name
car_8a2b2193c848,cards_lua,lua,,"card=Emri, Soulslayer;field=effect_text;set=SoS","FATE: Each player may banish 2 cards from their hand and/or discard pile.
",天命： 每位玩家可以放逐 2 卡牌从其手牌和/或弃牌堆.,draft,,"Emri, Soulslayer",SoS,effect_text
car_edd6fe0f3f8b,cards_lua,lua,,card=Rise of the Cult;field=display_name;set=SoS,Rise of the Cult,邪教崛起,draft,,Rise of the Cult,SoS,display_name
car_a06fd9f8d683,cards_lua,lua,,card=Rise of the Cult;field=effect_text;set=SoS,"Cultists and Fanatics have +1P and their rewards have +1P.
EVENT TROPHY: Gain 1H.","邪教徒与狂信者拥有 +1 战力，且其奖励拥有 +1 战力。
事件战利品：获得 1 荣誉。",draft,pass4,Rise of the Cult,SoS,effect_text
car_30c3d9f0c083,cards_lua,lua,,card=Unchained Fates;field=display_name;set=SoS,Unchained Fates,挣脱的命运,draft,,Unchained Fates,SoS,display_name
car_1d1c2e54ed16,cards_lua,lua,,card=Unchained Fates;field=effect_text;set=SoS,Reward: 5H.  TROPHY: Draw 2 cards.,奖励：5荣誉. 战利品： 抽 2 张牌.,draft,pass6,Unchained Fates,SoS,effect_text
car_eb7a5dff422f,cards_lua,lua,,card=Minotaur;field=display_name;set=SoS,Minotaur,牛头人,draft,,Minotaur,SoS,display_name
car_7f4d1c24eec4,cards_lua,lua,,card=Minotaur;field=effect_text;set=SoS,Reward: 3H.  TROPHY: Draw 1 card.,奖励：3荣誉. 战利品： 抽 1 张牌.,draft,pass6,Minotaur,SoS,effect_text
car_e7e7d59ecdad,cards_lua,lua,,card=Hoarding Whelp;field=display_name;set=SoS,Hoarding Whelp,囤积幼龙,draft,,Hoarding Whelp,SoS,display_name
car_4858ef1cbc2e,cards_lua,lua,,card=Hoarding Whelp;field=effect_text;set=SoS,Reward: 2H.  TROPHY: Gain 1P.,奖励：2荣誉. 战利品： 获得1战力.,draft,,Hoarding Whelp,SoS,effect_text
car_6475ee3a2952,cards_lua,lua,,card=Hoarding Tyrant;field=display_name;set=SoS,Hoarding Tyrant,囤积暴君,draft,,Hoarding Tyrant,SoS,display_name
car_25a1c87595f7,cards_lua,lua,,card=Hoarding Tyrant;field=effect_text;set=SoS,Reward: 4H.  TROPHY: Gain 2R.,奖励：4荣誉. 战利品： 获得2符文.,draft,,Hoarding Tyrant,SoS,effect_text
car_d09212f7ba6c,cards_lua,lua,,card=Fettered Soul;field=display_name;set=SoS,Fettered Soul,枷锁灵魂,draft,,Fettered Soul,SoS,display_name
car_c1a2269b12ef,cards_lua,lua,,card=Fettered Soul;field=effect_text;set=SoS,Reward: Gain 2H.  You may banish a card in the center row.,奖励：获得2荣誉. 你可以放逐中央牌列的一张卡牌.,draft,pass13,Fettered Soul,SoS,effect_text
car_ec5118e70f3d,cards_lua,lua,,card=Vandal Soul;field=display_name;set=SoS,Vandal Soul,破坏灵魂,draft,,Vandal Soul,SoS,display_name
car_3dddb53e2e95,cards_lua,lua,,card=Vandal Soul;field=effect_text;set=SoS,Reward: 3H.  Each opponent destroys the lowest cost construct they control.,奖励：3荣誉. 每位对手摧毁最低费用神器其控制的.,draft,,Vandal Soul,SoS,effect_text
car_4cda2cecd5e3,cards_lua,lua,,card=Polaris Demon;field=display_name;set=SoS,Polaris Demon,北极星恶魔,draft,,Polaris Demon,SoS,display_name
car_da04843cf5b8,cards_lua,lua,,card=Polaris Demon;field=effect_text;set=SoS,"Reward: 5H.  Choose one:
Destroy all even cost Constructs opponents control OR destroy all odd cost Contructs opponents control.","奖励：获得 5 荣誉。
选择一项：摧毁对手控制的所有偶数费用神器，或摧毁对手控制的所有奇数费用神器。",draft,kw_pass3;pass13,Polaris Demon,SoS,effect_text
car_2e83f2cc0975,cards_lua,lua,,card=Nemesis;field=display_name;set=SoS,Nemesis,宿敌,draft,,Nemesis,SoS,display_name
car_694b8946c0fe,cards_lua,lua,,card=Nemesis;field=effect_text;set=SoS,"FATE: Banish the current event.
",天命： 放逐当前事件.,draft,,Nemesis,SoS,effect_text
car_0a3a7fae43ae,cards_lua,lua,,"card=Tarik, the Trickster;field=display_name;set=SoS","Tarik, the Trickster",诡术师塔里克,draft,,"Tarik, the Trickster",SoS,display_name
car_631ee55b5a90,cards_lua,lua,,"card=Tarik, the Trickster;field=effect_text;set=SoS",Reward: 5H.  You may choose a Hero in the center row and copy its effect.,奖励：5荣誉. 你可以选择英雄在中央牌列和 复制其效果.,draft,,"Tarik, the Trickster",SoS,effect_text
car_309983adb925,cards_lua,lua,,card=Noxious Soul;field=display_name;set=SoS,Noxious Soul,毒害灵魂,draft,,Noxious Soul,SoS,display_name
car_45aa81290430,cards_lua,lua,,card=Noxious Soul;field=effect_text;set=SoS,Reward: 4H.  Each opponent must discard a card at random from their hand.,奖励：4荣誉. 每位对手须弃掉卡牌随机从其手牌.,draft,,Noxious Soul,SoS,effect_text
car_38ed64b5795d,cards_lua,lua,,card=Moment of Clarity;field=display_name;set=IH,Moment of Clarity,片刻澄明,draft,,Moment of Clarity,IH,display_name
car_3a3491b71ca2,cards_lua,lua,,card=Moment of Clarity;field=effect_text;set=IH,"When a player acquires an Enlightened card, that player may draw a card.
  EVENT TROPHY: Banish a card in your hand. If you do, acquire a Mystic without paying its cost. Put it into your hand.","当一名玩家获取圣贤卡牌时，该玩家可以抽一张牌。
事件战利品：放逐一张手牌。若如此做，无需支付费用获取一张秘教士，并将其放入你的手牌。",draft,pass4,Moment of Clarity,IH,effect_text
car_9231a057e583,cards_lua,lua,,"card=Aaron, the Godslayer;field=display_name;set=IH","Aaron, the Godslayer",亚伦·弑神者,draft,,"Aaron, the Godslayer",IH,display_name
car_6dcfede29973,cards_lua,lua,,"card=Aaron, the Godslayer;field=effect_text;set=IH",Defeat a Monster without paying its cost.,击败一个怪物无需支付费用.,draft,,"Aaron, the Godslayer",IH,effect_text
car_5a702b236234,cards_lua,lua,,card=Arha Medium;field=display_name;set=IH,Arha Medium,亚哈灵媒,draft,,Arha Medium,IH,display_name
car_5e48fa75ec2b,cards_lua,lua,,card=Arha Medium;field=effect_text;set=IH,You may banish this to acquire a Mystic or Heavy Infantry without paying its cost.  Put it into your hand.,你可以放逐此牌以 无需支付费用获取秘教士或重装步兵. 将其放入你的手牌.,draft,pass6;pass13,Arha Medium,IH,effect_text
car_e4c76a711d7d,cards_lua,lua,,card=Askara of Souls;field=display_name;set=IH,Askara of Souls,灵魂阿斯卡拉,draft,,Askara of Souls,IH,display_name
car_88155adde0f7,cards_lua,lua,,card=Askara of Souls;field=effect_text;set=IH,Gain a Soul Gem.,获得灵魂宝石.,draft,,Askara of Souls,IH,effect_text
car_20113e88ec82,cards_lua,lua,,"card=Elan, Soul Marshal;field=display_name;set=IH","Elan, Soul Marshal",埃兰·灵魂元帅,draft,,"Elan, Soul Marshal",IH,display_name
car_2309aeb2af55,cards_lua,lua,,"card=Elan, Soul Marshal;field=effect_text;set=IH",Gain a Soul Gem.  Draw a card.,获得灵魂宝石. 抽一张牌.,draft,,"Elan, Soul Marshal",IH,effect_text
car_df56af18b572,cards_lua,lua,,card=Temple Guardian;field=display_name;set=IH,Temple Guardian,神殿守卫,draft,,Temple Guardian,IH,display_name
car_2b7f3492db39,cards_lua,lua,,card=Temple Guardian;field=effect_text;set=IH,"Defeat a Monster with P5 or less without paying its cost.
If the current Event is Enlightened, draw a card.","击败一个怪物以P5 或更低无需支付费用.
若当前事件为 圣贤, 抽一张牌.",draft,pass5,Temple Guardian,IH,effect_text
car_c30ab9cecc7e,cards_lua,lua,,card=Wandering Askara;field=display_name;set=IH,Wandering Askara,流浪阿斯卡拉,draft,,Wandering Askara,IH,display_name
car_c404f0584825,cards_lua,lua,,card=Wandering Askara;field=effect_text;set=IH,"Draw a card, then you may banish a card in the center row.
If you have played another Wandering Askara this turn, you may banish both cards to take another turn after this one.","抽一张牌, 然后你可以放逐中央牌列的一张卡牌.
若你打出过另一流浪阿斯卡拉本回合, 你可以放逐两者卡牌以 拿取另一回合在此之后.",draft,pass13,Wandering Askara,IH,effect_text
car_157faac00ad3,cards_lua,lua,,card=The Great Eclipse;field=display_name;set=IH,The Great Eclipse,大日食,draft,,The Great Eclipse,IH,display_name
car_0b3546a847e9,cards_lua,lua,,card=The Great Eclipse;field=effect_text;set=IH,"When a player acquires a Lifebound Hero, that player may put it on top of their deck.
  EVENT TROPHY: Name a Hero. That Hero is also Lifebound this turn.","当一名玩家获取命约英雄时，该玩家可以将其放在自己的牌库顶。
事件战利品：说出一个英雄名。本回合该英雄也视为命约。",draft,pass4,The Great Eclipse,IH,effect_text
car_5e2eb1686b44,cards_lua,lua,,"card=Sabre, the Moonlit;field=display_name;set=IH","Sabre, the Moonlit",军刀·月下,draft,,"Sabre, the Moonlit",IH,display_name
car_b9a8363775b0,cards_lua,lua,,"card=Sabre, the Moonlit;field=effect_text;set=IH","Gain 1R. Gain 1P. Gain 1H. Draw a card. 
UNITE: Gain 1R. Gain 1P. Gain 1H. Draw a card.","获得1符文. 获得1战力. 获得1荣誉. 抽一张牌. 
联合： 获得1符文. 获得1战力. 获得1荣誉. 抽一张牌.",draft,,"Sabre, the Moonlit",IH,effect_text
car_ba4c4d85d670,cards_lua,lua,,card=Spider Witch;field=display_name;set=IH,Spider Witch,蜘蛛女巫,draft,,Spider Witch,IH,display_name
car_5a61d3c3758b,cards_lua,lua,,card=Spider Witch;field=effect_text;set=IH,Gain 2H.  UNITE: Gain a Soul Gem.,获得2荣誉. 联合： 获得灵魂宝石.,draft,,Spider Witch,IH,effect_text
car_35dec316e574,cards_lua,lua,,card=Stone Circle Elder;field=display_name;set=IH,Stone Circle Elder,石环长老,draft,,Stone Circle Elder,IH,display_name
car_264c5cb5cac6,cards_lua,lua,,card=Stone Circle Elder;field=effect_text;set=IH,"Acquire a Hero that costs R5 or less without paying its cost.  Put it on top of your deck.
If the current Event is Lifebound, draw a card.","获取一个英雄费用不高于5 或更低无需支付费用. 将它放置放到你的牌库顶.
若当前事件为 生命, 抽一张牌.",draft,,Stone Circle Elder,IH,effect_text
car_b0ac957db2b9,cards_lua,lua,,card=Wolf Acolyte;field=display_name;set=IH,Wolf Acolyte,狼侍僧,draft,,Wolf Acolyte,IH,display_name
car_2fd953be6495,cards_lua,lua,,card=Wolf Acolyte;field=effect_text;set=IH,Gain 1R.  UNITE: Draw a card.,获得1符文. 联合： 抽一张牌.,draft,,Wolf Acolyte,IH,effect_text
car_a744fbe0813a,cards_lua,lua,,card=Beast Staff;field=display_name;set=IH,Beast Staff,野兽法杖,draft,,Beast Staff,IH,display_name
car_445d15048ff5,cards_lua,lua,,card=Beast Staff;field=effect_text;set=IH,"Once per turn, gain 1P.
Once per turn, you may pay 1R to reveal the top card of you deck. Gain Honor equal to its Honor Value.","每回合一次，获得 1 战力。
每回合一次，你可以支付 1 符文展示你牌库顶的牌，获得等同于其荣誉值的荣誉。",draft,pass4,Beast Staff,IH,effect_text
car_598d96be8fcd,cards_lua,lua,,card=The World Tree;field=display_name;set=IH,The World Tree,世界树,draft,,The World Tree,IH,display_name
car_9062defe2936,cards_lua,lua,,card=The World Tree;field=effect_text;set=IH,"Once per turn, you may pay up to 5R to gain that much H. 
When you play a Lifebound Hero, gain 1R.","每回合一次，你可以支付至多 5符文以 获得该等量的H. 
当你 打出命约英雄, 获得1符文.",draft,,The World Tree,IH,effect_text
car_d7517abdef05,cards_lua,lua,,card=Cosmic Protocol;field=display_name;set=IH,Cosmic Protocol,宇宙协议,draft,,Cosmic Protocol,IH,display_name
car_37bf79f939d9,cards_lua,lua,,card=Cosmic Protocol;field=effect_text;set=IH,"When a player acquires a Mechana Construct, that player may put it directly into play.
  EVENT TROPHY: You pay 2R less to acquire your next Mechana Construct this turn.","当一名玩家获取机械神器时，该玩家可以将其直接放入战场。
事件战利品：本回合你获取下一张机械神器时少支付 2 符文。",draft,pass4,Cosmic Protocol,IH,effect_text
car_1eb2858d219f,cards_lua,lua,,card=Energy Monk;field=display_name;set=IH,Energy Monk,能量僧侣,draft,,Energy Monk,IH,display_name
car_8401e2b3d98e,cards_lua,lua,,card=Energy Monk;field=effect_text;set=IH,Gain 2P.  You may return a Construct you control to your hand.,获得2战力. 你可以返回神器你控制的以 你的手牌.,draft,,Energy Monk,IH,effect_text
car_ba1fadeb773c,cards_lua,lua,,card=Hedron Pyromaniac;field=display_name;set=IH,Hedron Pyromaniac,多面体纵火狂,draft,,Hedron Pyromaniac,IH,display_name
car_2ca9c22297d2,cards_lua,lua,,card=Hedron Pyromaniac;field=effect_text;set=IH,Gain 2R.  You may destroy a Construct you control to gain a Soul Gem.,获得2符文. 你可以摧毁一个神器你控制的以 获得灵魂宝石.,draft,,Hedron Pyromaniac,IH,effect_text
car_bd18b46db681,cards_lua,lua,,card=Astroblade TRX;field=display_name;set=IH,Astroblade TRX,星刃TRX,draft,,Astroblade TRX,IH,display_name
car_3096b06f2825,cards_lua,lua,,card=Astroblade TRX;field=effect_text;set=IH,"Once per turn, when you play a Mechana Construct (including this one), gain 1H.","每回合一次，当你 打出机械神器 (包括此牌), 获得1荣誉.",draft,pass6,Astroblade TRX,IH,effect_text
car_712f5ca2ac60,cards_lua,lua,,card=Driller Mark IV;field=display_name;set=IH,Driller Mark IV,钻机型号IV,draft,,Driller Mark IV,IH,display_name
car_fa2a362ab5ce,cards_lua,lua,,card=Driller Mark IV;field=effect_text;set=IH,"Once per turn, when you play a Mechana Construct (including this one), gain a Soul Gem.","每回合一次，当你 打出机械神器 (包括此牌), 获得灵魂宝石.",draft,pass6,Driller Mark IV,IH,effect_text
car_5e7a688fe669,cards_lua,lua,,card=Recyclicrab;field=display_name;set=IH,Recyclicrab,循环蟹,draft,,Recyclicrab,IH,display_name
car_4620df7c6c2f,cards_lua,lua,,card=Recyclicrab;field=effect_text;set=IH,"When you play a Mechana Construct, if this is in your discard pile you may return it to your hand.","当你 打出机械神器, 若此 为在你的弃牌堆你可以将其收回你的手牌.",draft,pass6,Recyclicrab,IH,effect_text
car_d9175487fae9,cards_lua,lua,,card=Repurposer;field=display_name;set=IH,Repurposer,再造者,draft,,Repurposer,IH,display_name
car_17139fc77925,cards_lua,lua,,card=Repurposer;field=effect_text;set=IH,"Once per turn, when you play a Mechana Construct (including this one), you may return a Construct from your discard pile to your hand.","每回合一次，当你 打出机械神器 (包括此牌), 你可以返回神器从 你的弃牌堆以 你的手牌.",draft,pass6,Repurposer,IH,effect_text
car_4a103996b2ce,cards_lua,lua,,card=Spark Sprayer;field=display_name;set=IH,Spark Sprayer,火花喷射器,draft,,Spark Sprayer,IH,display_name
car_82fed8bd2a91,cards_lua,lua,,card=Spark Sprayer;field=effect_text;set=IH,"Once per turn, you may destroy a Mechana Construct you control to gain 1P.
  If the current Event is Mechana, gain an additional 1P.","每回合一次，你可以摧毁机械神器你控制的以 获得1战力.
 若当前事件为 机械, 获得额外的 1战力.",draft,,Spark Sprayer,IH,effect_text
car_7e60a6a0877b,cards_lua,lua,,card=Annihilation;field=display_name;set=IH,Annihilation,歼灭,draft,,Annihilation,IH,display_name
car_477368b28a03,cards_lua,lua,,card=Annihilation;field=effect_text;set=IH,"When a player acquires a Void card, that player may banish a card in their hand or discard pile.
  EVENT TROPHY: Gain 1P.","当一名玩家获取虚空卡牌时，该玩家可以放逐其手牌或弃牌堆中的一张牌。
事件战利品：获得 1 战力。",draft,pass4,Annihilation,IH,effect_text
car_697f01e21e6c,cards_lua,lua,,"card=Belthar, Soul Collector;field=display_name;set=IH","Belthar, Soul Collector",贝尔萨·集魂者,draft,,"Belthar, Soul Collector",IH,display_name
car_3f0371bf4aa8,cards_lua,lua,,"card=Belthar, Soul Collector;field=effect_text;set=IH","Gain 3P. The next time you defeat a Monster in the center row this turn, gain 3R.","获得3战力. 本回合下次你在中央牌列击败怪物时, 获得3符文.",draft,pass13,"Belthar, Soul Collector",IH,effect_text
car_77fcc3dc1229,cards_lua,lua,,card=Deathsworn Warrior;field=display_name;set=IH,Deathsworn Warrior,誓死战士,draft,,Deathsworn Warrior,IH,display_name
car_43ef60e20954,cards_lua,lua,,card=Deathsworn Warrior;field=effect_text;set=IH,"FATE: Each player may banish a card from their hand or discard pile.
",天命： 每位玩家可以放逐一张卡牌从其手牌或 弃牌堆.,draft,,Deathsworn Warrior,IH,effect_text
car_1e2f2ccdf16c,cards_lua,lua,,card=Soulshaper;field=display_name;set=IH,Soulshaper,塑魂者,draft,,Soulshaper,IH,display_name
car_de22490aec83,cards_lua,lua,,card=Soulshaper;field=effect_text;set=IH,"You may banish this or another card in your hand. 
If you do, gain a Soul Gem. If the current event is Void, you may banish a card in your discard pile to gain a Soul Gem instead.","你可以放逐此牌或 另一卡牌在你的手牌中. 
若你如此做，获得灵魂宝石. 若当前事件为 虚空, 你可以从你的弃牌堆放逐一张卡牌以 获得灵魂宝石改为.",draft,pass13,Soulshaper,IH,effect_text
car_cfec3fe4371d,cards_lua,lua,,card=Trophy Hunter;field=display_name;set=IH,Trophy Hunter,战利品猎手,draft,,Trophy Hunter,IH,display_name
car_d04e246e7d9d,cards_lua,lua,,card=Trophy Hunter;field=effect_text;set=IH,Gain 2P.  You pay 1P less the next time you defeat a Trophy Monster this turn.,获得2战力. 你支付 1战力更低下次你击败战利品怪物本回合.,draft,,Trophy Hunter,IH,effect_text
car_c9ed6767bb74,cards_lua,lua,,card=Void Avenger;field=display_name;set=IH,Void Avenger,虚空复仇者,draft,,Void Avenger,IH,display_name
car_7c23762d0592,cards_lua,lua,,card=Void Avenger;field=effect_text;set=IH,"Gain 3P. The next time you defeat a Monster in the center row, gain a Soul Gem.","获得3战力. 下次你在中央牌列击败一个怪物, 获得灵魂宝石.",draft,pass13,Void Avenger,IH,effect_text
car_aa664f3d8743,cards_lua,lua,,card=Orb of Nyx;field=display_name;set=IH,Orb of Nyx,宝珠尼克斯,draft,,Orb of Nyx,IH,display_name
car_df92ec1affe2,cards_lua,lua,,card=Orb of Nyx;field=effect_text;set=IH,"Once per turn, gain 3P.
When you defeat a Monster in the center row, gain a Soul Gem.","每回合一次，获得3战力.
当你在中央牌列击败怪物时, 获得灵魂宝石.",draft,pass13,Orb of Nyx,IH,effect_text
car_90928197c225,cards_lua,lua,,card=Souls Unbound;field=display_name;set=IH,Souls Unbound,灵魂解缚,draft,,Souls Unbound,IH,display_name
car_f2a188149171,cards_lua,lua,,card=Souls Unbound;field=effect_text;set=IH,"Monsters in the center row are Unbanishable.
  EVENT TROPHY: Discard a card. If you do, gain a Soul Gem.","中央牌列的怪物不可放逐。
事件战利品：弃一张牌。若如此做，获得一枚灵魂宝石。",draft,pass4,Souls Unbound,IH,effect_text
car_5a2f45f6b13b,cards_lua,lua,,card=Acidic Crawler;field=display_name;set=IH,Acidic Crawler,酸性爬行者,draft,,Acidic Crawler,IH,display_name
car_b66da303d025,cards_lua,lua,,card=Acidic Crawler;field=effect_text;set=IH,"Reward: 5H.  If an opponent controls the most Constructs, destroy all Constructs that player controls.","奖励：5荣誉. 若对手控制最多的神器, 摧毁所有神器该玩家控制.",draft,kw_pass3,Acidic Crawler,IH,effect_text
car_ffdfc966d6ba,cards_lua,lua,,"card=Akam, the Genie;field=display_name;set=IH","Akam, the Genie",阿卡姆·灯神,draft,,"Akam, the Genie",IH,display_name
car_5c2f33e0c70c,cards_lua,lua,,"card=Akam, the Genie;field=effect_text;set=IH","Reward: 3H.  ONGOING TROPHY: Put three Wish counters on Akam. 
",奖励：3荣誉. 持续战利品： 放置三 愿望指示物在 阿卡姆.,draft,pass3b,"Akam, the Genie",IH,effect_text
car_8418b0f6674b,cards_lua,lua,,card=Cackling Jackal;field=display_name;set=IH,Cackling Jackal,狂笑豺狼,draft,,Cackling Jackal,IH,display_name
car_544b8e7770e4,cards_lua,lua,,card=Cackling Jackal;field=effect_text;set=IH,Reward: 2H.  TROPHY: Banish this to gain 1R.,奖励：2荣誉. 战利品： 放逐此 以获得1符文.,draft,,Cackling Jackal,IH,effect_text
car_42ba7bba269f,cards_lua,lua,,card=Growmites;field=display_name;set=IH,Growmites,增生螨,draft,,Growmites,IH,display_name
car_02a080695e7b,cards_lua,lua,,card=Growmites;field=effect_text;set=IH,"Reward: Gain 2H.  ONGOING TROPHY: When you defeat another Growmites, gain 2H.","奖励：获得2荣誉. 持续战利品： 当你击败另一增生螨, 获得2荣誉.",draft,pass3b;pass13,Growmites,IH,effect_text
car_7489df5ec88d,cards_lua,lua,,card=Nothing Man;field=display_name;set=IH,Nothing Man,虚无之人,draft,,Nothing Man,IH,display_name
car_057825540562,cards_lua,lua,,card=Nothing Man;field=effect_text;set=IH,Reward: 3H.  TROPHY: Banish this to gain a Soul Gem.,奖励：3荣誉. 战利品： 放逐此 以获得灵魂宝石.,draft,,Nothing Man,IH,effect_text
car_583b0efb409d,cards_lua,lua,,"card=Kythis, Rebel Godling;field=display_name;set=IH","Kythis, Rebel Godling",凯西斯·反叛神子,draft,,"Kythis, Rebel Godling",IH,display_name
car_fb1c75486168,cards_lua,lua,,"card=Kythis, Rebel Godling;field=effect_text;set=IH","Reward: 8H.  ONGOING TROPHY: Once per turn, gain a Soul Gem.",奖励：8 荣誉。持续战利品：每回合一次，获得灵魂宝石。,draft,pass3b,"Kythis, Rebel Godling",IH,effect_text
car_cb5bcf14ccb7,cards_lua,lua,,"card=Kythis, Rebel Godling v2;field=display_name;set=IH","Kythis, Rebel Godling v2",叛神子凯西斯,draft,,"Kythis, Rebel Godling v2",IH,display_name
car_2f9d41dddf25,cards_lua,lua,,"card=Kythis, Rebel Godling v2;field=effect_text;set=IH","Reward: 8H.  ONGOING TROPHY: Once per turn, gain a Soul Gem.",奖励：8荣誉. 持续战利品： 每回合一次，获得灵魂宝石.,draft,pass3b,"Kythis, Rebel Godling v2",IH,effect_text
car_13632321241d,cards_lua,lua,,card=Soul Gem - Arha Initiate;field=display_name;set=IH,Arha Initiate,亚哈新兵,draft,,Soul Gem - Arha Initiate,IH,display_name
car_70458d3b20bf,cards_lua,lua,,card=Soul Gem - Arha Initiate;field=effect_text;set=IH,Draw a card.,抽一张牌.,draft,,Soul Gem - Arha Initiate,IH,effect_text
car_b4f8c2660552,cards_lua,lua,,card=Soul Gem - Arha Templar;field=display_name;set=IH,Arha Templar,亚哈圣殿武士,draft,,Soul Gem - Arha Templar,IH,display_name
car_3f50048b85fe,cards_lua,lua,,card=Soul Gem - Arha Templar;field=effect_text;set=IH,Defeat a Monster that has P4 or less.,击败一个怪物战力值不高于4 或更低.,draft,,Soul Gem - Arha Templar,IH,effect_text
car_34681d088cb3,cards_lua,lua,,card=Soul Gem - Ascetic of the Lidless Eye;field=display_name;set=IH,Ascetic of the Lidless Eye,无目之眼苦行僧,draft,,Soul Gem - Ascetic of the Lidless Eye,IH,display_name
car_bbe1a35b4986,cards_lua,lua,,card=Soul Gem - Ascetic of the Lidless Eye;field=effect_text;set=IH,Draw two cards.,抽两张牌.,draft,,Soul Gem - Ascetic of the Lidless Eye,IH,effect_text
car_413f09f12330,cards_lua,lua,,card=Soul Gem - Askara of Fate;field=display_name;set=IH,Askara of Fate,命运阿斯卡拉,draft,,Soul Gem - Askara of Fate,IH,display_name
car_9977e77b1417,cards_lua,lua,,card=Soul Gem - Askara of Fate;field=effect_text;set=IH,Draw two cards.  Each other player may draw a card.  Then you may banish a card in the center row.,抽两张牌. 每位其他玩家可以抽一张牌. 然后你可以放逐中央牌列的一张卡牌.,draft,pass13,Soul Gem - Askara of Fate,IH,effect_text
car_a9df5fd679e1,cards_lua,lua,,card=Soul Gem - Master Dhartha;field=display_name;set=IH,Master Dhartha,达萨大师,draft,,Soul Gem - Master Dhartha,IH,display_name
car_534bfa1ffb88,cards_lua,lua,,card=Soul Gem - Master Dhartha;field=effect_text;set=IH,Draw three cards.,抽三张牌.,draft,,Soul Gem - Master Dhartha,IH,effect_text
car_556dc4938966,cards_lua,lua,,card=Soul Gem - Seer of the Forked Path;field=display_name;set=IH,Seer of the Forked Path,歧路预言者,draft,,Soul Gem - Seer of the Forked Path,IH,display_name
car_a84a44297bbd,cards_lua,lua,,card=Soul Gem - Seer of the Forked Path;field=effect_text;set=IH,Draw a card.  Then you may banish a card in the center row.,抽一张牌. 然后你可以放逐中央牌列的一张卡牌.,draft,pass13,Soul Gem - Seer of the Forked Path,IH,effect_text
car_3f38b115fd5a,cards_lua,lua,,card=Soul Gem - Druids of the Stone Circle;field=display_name;set=IH,Druids of the Stone Circle,石环德鲁伊,draft,,Soul Gem - Druids of the Stone Circle,IH,display_name
car_ced29433cab5,cards_lua,lua,,card=Soul Gem - Druids of the Stone Circle;field=effect_text;set=IH,Acquire a Hero that costs R3 or less.  Place it on top of your deck.,获取一个英雄费用不高于3 或更低. 将它放到你的牌库顶.,draft,,Soul Gem - Druids of the Stone Circle,IH,effect_text
car_2832287ea26f,cards_lua,lua,,card=Soul Gem - Great-Omen Raven;field=display_name;set=IH,Great-Omen Raven,大兆乌鸦,draft,,Soul Gem - Great-Omen Raven,IH,display_name
car_217868424ddb,cards_lua,lua,,card=Soul Gem - Great-Omen Raven;field=effect_text;set=IH,"Name a card.  Reveal the top card of your deck and put it into your hand.  If it is the named card, gain 3H.","命名卡牌. 展示你牌库顶的卡牌，并将其放入你的手牌. 若它 为被命名为卡牌, 获得3荣誉.",draft,pass6;pass13,Soul Gem - Great-Omen Raven,IH,effect_text
car_6f36b333d96b,cards_lua,lua,,card=Soul Gem - Landtalker;field=display_name;set=IH,Landtalker,大地说书人,draft,,Soul Gem - Landtalker,IH,display_name
car_d904b51a17a9,cards_lua,lua,,card=Soul Gem - Landtalker;field=effect_text;set=IH,Gain 3R.,获得3符文.,draft,,Soul Gem - Landtalker,IH,effect_text
car_1fe7028c133f,cards_lua,lua,,card=Soul Gem - Lifebound Initiate;field=display_name;set=IH,Lifebound Initiate,生命新兵,draft,,Soul Gem - Lifebound Initiate,IH,display_name
car_a0e7bb6f09d1,cards_lua,lua,,card=Soul Gem - Lifebound Initiate;field=effect_text;set=IH,Gain 1R and 1H.,获得1符文和 1荣誉.,draft,,Soul Gem - Lifebound Initiate,IH,effect_text
car_8374c5ad7674,cards_lua,lua,,card=Soul Gem - Runic Lycanthrope;field=display_name;set=IH,Runic Lycanthrope,符文狼化人,draft,,Soul Gem - Runic Lycanthrope,IH,display_name
car_7a0b8157bec7,cards_lua,lua,,card=Soul Gem - Runic Lycanthrope;field=effect_text;set=IH,"Gain 2R.  If you've played a Lifebound Hero this turn, gain 2P.","获得2符文. 若你打出过命约英雄本回合, 获得2战力.",draft,,Soul Gem - Runic Lycanthrope,IH,effect_text
car_0d8186651569,cards_lua,lua,,card=Soul Gem - Wolf Shaman;field=display_name;set=IH,Wolf Shaman,狼萨满,draft,,Soul Gem - Wolf Shaman,IH,display_name
car_95b33d679517,cards_lua,lua,,card=Soul Gem - Wolf Shaman;field=effect_text;set=IH,Gain 1R.  Draw a card.,获得1符文. 抽一张牌.,draft,,Soul Gem - Wolf Shaman,IH,effect_text
car_17de18b79c6a,cards_lua,lua,,card=Soul Gem - Avatar Golem;field=display_name;set=IH,Avatar Golem,化身魔像,draft,,Soul Gem - Avatar Golem,IH,display_name
car_19ec9216f6b5,cards_lua,lua,,card=Soul Gem - Avatar Golem;field=effect_text;set=IH,Gain 2P.  Gain 1H for each type of Construct you control.,获得 2 战力。你每控制一种类型的神器，获得 1 荣誉。,draft,pass4,Soul Gem - Avatar Golem,IH,effect_text
car_0a6892d895f9,cards_lua,lua,,card=Soul Gem - Dimension Diver;field=display_name;set=IH,Dimension Diver,维度潜者,draft,,Soul Gem - Dimension Diver,IH,display_name
car_8571335b5135,cards_lua,lua,,card=Soul Gem - Dimension Diver;field=effect_text;set=IH,Gain 2R.  You may treat all Constructs as Mechana Constructs this turn.,获得2符文. 你可以将所有神器作为机械神器本回合.,draft,kw_pass3,Soul Gem - Dimension Diver,IH,effect_text
car_9b4cebbc4f20,cards_lua,lua,,card=Soul Gem - Mechana Initiate;field=display_name;set=IH,Mechana Initiate,机械新兵,draft,,Soul Gem - Mechana Initiate,IH,display_name
car_7ae0e50ceae8,cards_lua,lua,,card=Soul Gem - Mechana Initiate;field=effect_text;set=IH,Gain 1R or 1P.,获得1符文或 1战力.,draft,,Soul Gem - Mechana Initiate,IH,effect_text
car_ada0563c27d0,cards_lua,lua,,card=Soul Gem - Reactor Monk;field=display_name;set=IH,Reactor Monk,反应堆僧侣,draft,,Soul Gem - Reactor Monk,IH,display_name
car_01f6d768816c,cards_lua,lua,,card=Soul Gem - Reactor Monk;field=effect_text;set=IH,Gain 2R.  The next Construct you acquire this turn costs 1R less.,获得2符文. 下一神器你 获取本回合费用为 1符文更低.,draft,,Soul Gem - Reactor Monk,IH,effect_text
car_a8c64bd178de,cards_lua,lua,,card=Soul Gem - Arbiter of Fate;field=display_name;set=IH,Arbiter of Fate,仲裁者天命,draft,,Soul Gem - Arbiter of Fate,IH,display_name
car_30fb3c295ce7,cards_lua,lua,,card=Soul Gem - Arbiter of Fate;field=effect_text;set=IH,"FATE: When this enters the center row, each player may banish a card from their hand or discard pile.
","天命： 当此牌进入中央牌列时, 每位玩家可以放逐一张卡牌从其手牌或 弃牌堆.",draft,,Soul Gem - Arbiter of Fate,IH,effect_text
car_f51a2e96d088,cards_lua,lua,,card=Soul Gem - Demon Slayer;field=display_name;set=IH,Demon Slayer,恶魔杀手,draft,,Soul Gem - Demon Slayer,IH,display_name
car_e5bb18b31b5d,cards_lua,lua,,card=Soul Gem - Demon Slayer;field=effect_text;set=IH,Gain 3P.,获得3战力.,draft,,Soul Gem - Demon Slayer,IH,effect_text
car_daadf6864a36,cards_lua,lua,,card=Soul Gem - Shade of the Black Watch;field=display_name;set=IH,Shade of the Black Watch,黑卫之影,draft,,Soul Gem - Shade of the Black Watch,IH,display_name
car_acab8464a079,cards_lua,lua,,card=Soul Gem - Shade of the Black Watch;field=effect_text;set=IH,Gain 2P.  You may banish a card in your hand or discard pile.,获得2战力. 你可以从你的手牌或弃牌堆放逐一张卡牌.,draft,pass13,Soul Gem - Shade of the Black Watch,IH,effect_text
car_8d436df52531,cards_lua,lua,,card=Soul Gem - Spike Vixen;field=display_name;set=IH,Spike Vixen,尖刺雌狐,draft,,Soul Gem - Spike Vixen,IH,display_name
car_ad939365a8a3,cards_lua,lua,,card=Soul Gem - Spike Vixen;field=effect_text;set=IH,Gain 1P.  Draw a card.,获得1战力. 抽一张牌.,draft,,Soul Gem - Spike Vixen,IH,effect_text
car_b2a0e11f0bd9,cards_lua,lua,,card=Soul Gem - Void Initiate;field=display_name;set=IH,Void Initiate,虚空新兵,draft,,Soul Gem - Void Initiate,IH,display_name
car_66fff62acaba,cards_lua,lua,,card=Soul Gem - Void Initiate;field=effect_text;set=IH,Gain 1R.  You may banish a card in your hand or discard pile.,获得1符文. 你可以从你的手牌或弃牌堆放逐一张卡牌.,draft,pass13,Soul Gem - Void Initiate,IH,effect_text
car_c9ba56f772a4,cards_lua,lua,,card=Energy Shard Start;field=display_name;set=RoV,Energy Shard,能量碎片,draft,,Energy Shard Start,RoV,display_name
car_07677a9f0e48,cards_lua,lua,,card=Energy Shard Start;field=effect_text;set=RoV,Gain 1E. Draw a card.,获得1E. 抽一张牌.,draft,,Energy Shard Start,RoV,effect_text
car_49cf73067728,cards_lua,lua,,card=Energy Shard;field=display_name;set=RoV,Energy Shard,能量碎片,draft,,Energy Shard,RoV,display_name
car_04e6dfd5ac3f,cards_lua,lua,,card=Energy Shard;field=effect_text;set=RoV,Gain 1E. Draw a card.,获得1E. 抽一张牌.,draft,,Energy Shard,RoV,effect_text
car_393f56425a07,cards_lua,lua,,card=Militia RoV;field=display_name;set=RoV,Militia,民兵,draft,,Militia RoV,RoV,display_name
car_8d125395bef0,cards_lua,lua,,card=Militia RoV;field=effect_text;set=RoV,Gain 1P.,获得1战力。,draft,,Militia RoV,RoV,effect_text
car_120891148fd4,cards_lua,lua,,card=Apprentice RoV;field=display_name;set=RoV,Apprentice,学徒,draft,,Apprentice RoV,RoV,display_name
car_eeda337be7da,cards_lua,lua,,card=Apprentice RoV;field=effect_text;set=RoV,Gain 1R.,获得1符文。,draft,,Apprentice RoV,RoV,effect_text
car_176843348acc,cards_lua,lua,,card=Mystic RoV;field=display_name;set=RoV,Mystic,秘教士,draft,,Mystic RoV,RoV,display_name
car_4d5c65e77fac,cards_lua,lua,,card=Mystic RoV;field=effect_text;set=RoV,Gain 2R.,获得2符文。,draft,,Mystic RoV,RoV,effect_text
car_b141d9d3bc89,cards_lua,lua,,card=Heavy Infantry RoV;field=display_name;set=RoV,Heavy Infantry,重装步兵,draft,,Heavy Infantry RoV,RoV,display_name
car_d2d4f845b896,cards_lua,lua,,card=Heavy Infantry RoV;field=effect_text;set=RoV,Gain 2P.,获得2战力。,draft,,Heavy Infantry RoV,RoV,effect_text
car_3fca4b47967c,cards_lua,lua,,card=Cultist RoV;field=display_name;set=RoV,Cultist,邪教徒,draft,,Cultist RoV,RoV,display_name
car_3a7afe8a59b7,cards_lua,lua,,card=Cultist RoV;field=effect_text;set=RoV,Reward: Gain 1H.,奖励：获得1荣誉。,draft,,Cultist RoV,RoV,effect_text
car_f66d643da507,cards_lua,lua,,card=Monastic Tutor;field=display_name;set=RoV,Monastic Tutor,寺院导师,draft,,Monastic Tutor,RoV,display_name
car_0c92d8cf6a56,cards_lua,lua,,card=Monastic Tutor;field=effect_text;set=RoV,"Acquire a Mystic or Heavy Infantry without paying its cost.
ENERGIZE 1E: Put the acquired card into your hand.","获取一个秘教士或 重装步兵无需支付费用.
充能 1E: 放置所获取的卡牌置入你的手牌.",draft,kw_pass3,Monastic Tutor,RoV,effect_text
car_6623c3517e74,cards_lua,lua,,card=Monk of the Lidless Eye;field=display_name;set=RoV,Monk of the Lidless Eye,无目之眼僧侣,draft,,Monk of the Lidless Eye,RoV,display_name
car_ff744939514c,cards_lua,lua,,card=Monk of the Lidless Eye;field=effect_text;set=RoV,"FATE: When this enters the center row, for each treasure under this, ","天命： 当此牌进入中央牌列时, 以每个宝藏此牌下方,",draft,pass6,Monk of the Lidless Eye,RoV,effect_text
car_b620ba87f447,cards_lua,lua,,"card=Oziah, Judge of Logos;field=display_name;set=RoV","Oziah, Judge of Logos",逻各斯审判者奥齐亚,draft,,"Oziah, Judge of Logos",RoV,display_name
car_893772d723f9,cards_lua,lua,,"card=Oziah, Judge of Logos;field=effect_text;set=RoV","While this is in the center row, you may acquire this without paying its cost if you have gained 7E or more this turn.
Defeat all Monsters in the center row without paying their costs.","当此 为在中央牌列, 你可以获取此 无需支付费用若 你拥有已获得 7E或更高本回合.
击败所有怪物在中央牌列无需支付费用.",draft,,"Oziah, Judge of Logos",RoV,effect_text
car_f4117e727d33,cards_lua,lua,,card=Reality Sculptor;field=display_name;set=RoV,Reality Sculptor,现实塑造者,draft,,Reality Sculptor,RoV,display_name
car_b33126ddeae7,cards_lua,lua,,card=Reality Sculptor;field=effect_text;set=RoV,Copy the effect of a Hero played this turn with cost 3R or less.,复制本回合已打出的、费用为 3 符文或更低的英雄之效果。,draft,pass7,Reality Sculptor,RoV,effect_text
car_a1ee84a67059,cards_lua,lua,,card=Righteous Templar;field=display_name;set=RoV,Righteous Templar,正义圣殿武士,draft,,Righteous Templar,RoV,display_name
car_4a45ce9b0d7b,cards_lua,lua,,card=Righteous Templar;field=effect_text;set=RoV,"Defeat a Monster that costs 4P or less without paying its cost.
ENERGIZE 3E: Instead, defeat any Monster without paying its cost.","击败一个怪物费用为4战力或更低无需支付费用.
充能 3E: 改为， 击败任意怪物无需支付费用.",draft,kw_pass3,Righteous Templar,RoV,effect_text
car_ab8df9ef3b04,cards_lua,lua,,card=Tablet of the Dreamer;field=display_name;set=RoV,Tablet of the Dreamer,石板梦者,draft,,Tablet of the Dreamer,RoV,display_name
car_8754666ba87b,cards_lua,lua,,card=Tablet of the Dreamer;field=effect_text;set=RoV,"ENERGIZE 4E: Once this turn, acquire or defeat any card in the center row without paying its cost.",充能 4E: 本回合一次， 获取或 击败任意卡牌在中央牌列无需支付费用.,draft,kw_pass3;pass11,Tablet of the Dreamer,RoV,effect_text
car_ecc64f82e864,cards_lua,lua,,card=Temporal Eye;field=display_name;set=RoV,Temporal Eye,时光之眼,draft,,Temporal Eye,RoV,display_name
car_619a31ab28c8,cards_lua,lua,,card=Temporal Eye;field=effect_text;set=RoV,"When this enters play, draw a card.
You may banish this and another Temporal Eye you control to take an additional turn.","当此牌进入战场时, 抽一张牌.
你可以放逐此牌和 另一时光之眼你控制的以 拿取额外回合.",draft,,Temporal Eye,RoV,effect_text
car_f79e7bb30d71,cards_lua,lua,,card=Truth Seeker;field=display_name;set=RoV,Truth Seeker,真理追寻者,draft,,Truth Seeker,RoV,display_name
car_6fbdce3454f3,cards_lua,lua,,card=Truth Seeker;field=effect_text;set=RoV,"Draw a card. You may banish a card in the center row. If the next card to enter the center row is a Treasure, acquire it.","抽一张牌. 你可以放逐中央牌列的一张卡牌. 若下一卡牌以 进入中央牌列为 宝藏, 获取它.",draft,pass13,Truth Seeker,RoV,effect_text
car_eabfd7f22863,cards_lua,lua,,"card=Ulu, Askara Prince;field=display_name;set=RoV","Ulu, Askara Prince",乌鲁·阿斯卡拉王子,draft,,"Ulu, Askara Prince",RoV,display_name
car_60ccfa7d6ccf,cards_lua,lua,,"card=Ulu, Askara Prince;field=effect_text;set=RoV","Copy the effect of a Hero played this turn. This effect cannot be copied.
ENERGIZE 2E: Copy the chosen effect an additional time.","复制本回合打出的一张英雄的效果。 此效果不能是 被复制.
充能 2E: 复制所选效果额外的次.",draft,kw_pass3,"Ulu, Askara Prince",RoV,effect_text
car_f74f33a32d38,cards_lua,lua,,card=Beacon Shaman;field=display_name;set=RoV,Beacon Shaman,信标萨满,draft,,Beacon Shaman,RoV,display_name
car_30a90803625f,cards_lua,lua,,card=Beacon Shaman;field=effect_text;set=RoV,"Reveal the top card of your deck and put it in your hand. If it is a Treasure, gain 3H.","展示你牌库顶的卡牌，并将其放入你的手牌. 若它 为宝藏, 获得3荣誉.",draft,pass6;pass13,Beacon Shaman,RoV,effect_text
car_a70b70860528,cards_lua,lua,,card=Leotan's Familiar;field=display_name;set=RoV,Leotan's Familiar,莱奥坦的使魔,draft,,Leotan's Familiar,RoV,display_name
car_42a51a3ff734,cards_lua,lua,,card=Leotan's Familiar;field=effect_text;set=RoV,"Gain 1R.
ENERGIZE 1E: Gain 2H.","获得1符文.
充能 1E: 获得2荣誉.",draft,kw_pass3,Leotan's Familiar,RoV,effect_text
car_3e7f3be8e443,cards_lua,lua,,card=Lifebound Muse;field=display_name;set=RoV,Lifebound Muse,生命缪斯,draft,,Lifebound Muse,RoV,display_name
car_c9542e541970,cards_lua,lua,,card=Lifebound Muse;field=effect_text;set=RoV,"Acquire a Hero with cost 4R or less without paying its cost.
ENERGIZE 2E: Instead, acquire any Hero without paying its cost.","获取一个英雄以 费用 4符文或更低无需支付费用.
充能 2E: 改为， 获取任意英雄无需支付费用.",draft,kw_pass3,Lifebound Muse,RoV,effect_text
car_d5d115a17c85,cards_lua,lua,,card=Loamspeaker Druid;field=display_name;set=RoV,Loamspeaker Druid,沃土语者德鲁伊,draft,,Loamspeaker Druid,RoV,display_name
car_947d95f74d73,cards_lua,lua,,card=Loamspeaker Druid;field=effect_text;set=RoV,"FATE: When this enters the center row, for each Treasure under this, ","天命： 当此牌进入中央牌列时, 以每个宝藏此牌下方,",draft,pass6,Loamspeaker Druid,RoV,effect_text
car_8dc7892ffedd,cards_lua,lua,,card=Ogo Demontrap;field=display_name;set=RoV,Ogo Demontrap,奥戈捕魔阱,draft,,Ogo Demontrap,RoV,display_name
car_a33319ac607c,cards_lua,lua,,card=Ogo Demontrap;field=effect_text;set=RoV,"Once per turn, gain 1P.
ENERGIZE 4E: Once this turn, gain 3H.","每回合一次，获得1战力.
充能 4E: 本回合一次， 获得3荣誉.",draft,kw_pass3;pass11,Ogo Demontrap,RoV,effect_text
car_32f57ab43983,cards_lua,lua,,"card=Oras, the Redeemer;field=display_name;set=RoV","Oras, the Redeemer",奥拉斯·救赎者,draft,,"Oras, the Redeemer",RoV,display_name
car_f5991adc4047,cards_lua,lua,,"card=Oras, the Redeemer;field=effect_text;set=RoV","Gain 4R.
Each time you acquire a Hero from the center row this turn, gain honor equal to its honor value.","获得4符文.
每位次 你获取一个英雄从中央牌列本回合, 获得荣誉等同于 其荣誉值.",draft,pass6,"Oras, the Redeemer",RoV,effect_text
car_f822223edf85,cards_lua,lua,,card=Runic Honiskrot;field=display_name;set=RoV,Runic Honiskrot,符文霍尼斯克洛特,draft,,Runic Honiskrot,RoV,display_name
car_7204f8eb7083,cards_lua,lua,,card=Runic Honiskrot;field=effect_text;set=RoV,"Gain 2R.
ENERGIZE 3E: Gain 2P.","获得2符文.
充能 3E: 获得2战力.",draft,kw_pass3,Runic Honiskrot,RoV,effect_text
car_d7a971546ecd,cards_lua,lua,,card=Starcaller Leotan;field=display_name;set=RoV,Starcaller Leotan,唤星者莱奥坦,draft,,Starcaller Leotan,RoV,display_name
car_bb3a1e598a0f,cards_lua,lua,,card=Starcaller Leotan;field=effect_text;set=RoV,"Gain 4H.
ENERGIZE: Gain an additional 1H for each 1E you have gained this turn.","获得4荣誉.
充能： 获得额外的 1荣誉以 每个 1E你拥有已获得本回合.",draft,,Starcaller Leotan,RoV,effect_text
car_f0666ab84826,cards_lua,lua,,card=Wildcall Staff;field=display_name;set=RoV,Wildcall Staff,野性呼唤法杖,draft,,Wildcall Staff,RoV,display_name
car_af29147a472c,cards_lua,lua,,card=Wildcall Staff;field=effect_text;set=RoV,"Once per turn, you pay 2R less to acquire a card with Treasure under it.",每回合一次，你支付 2符文少支付以 获取卡牌以 宝藏其下它.,draft,pass6,Wildcall Staff,RoV,effect_text
car_d90388107ea9,cards_lua,lua,,card=Cognition Courier;field=display_name;set=RoV,Cognition Courier,认知信使,draft,,Cognition Courier,RoV,display_name
car_b6970ee0bb9c,cards_lua,lua,,card=Cognition Courier;field=effect_text;set=RoV,"Gain 2R.
ENERGIZE: You pay 1R less the next time you acquire a Construct this turn for each 1E you have gained this turn.","获得2符文.
充能： 你少支付 1 符文下次你获取神器本回合以 每个 1E你拥有已获得本回合.",draft,pass6,Cognition Courier,RoV,effect_text
car_b456d0eac807,cards_lua,lua,,card=Foresight Monacle;field=display_name;set=RoV,Foresight Monacle,预见单片镜,draft,,Foresight Monacle,RoV,display_name
car_d348b6ac764f,cards_lua,lua,,card=Foresight Monacle;field=effect_text;set=RoV,"ENERGIZE 4E: Once this turn, gain 1R for each Mechana Construct you control.",充能 4E: 本回合一次， 获得1符文以 每个机械神器你控制的.,draft,kw_pass3;pass11,Foresight Monacle,RoV,effect_text
car_b4aede7c0c6e,cards_lua,lua,,card=Magnet Monk;field=display_name;set=RoV,Magnet Monk,磁僧侣,draft,,Magnet Monk,RoV,display_name
car_b8ac36f8ad3a,cards_lua,lua,,card=Magnet Monk;field=effect_text;set=RoV,"Gain 2P.
Gain 1E for each faction among Constructs you control.","获得2战力.
获得1E以每个派系在你控制的神器之中.",draft,,Magnet Monk,RoV,effect_text
car_cd84436e528d,cards_lua,lua,,card=Omnicron;field=display_name;set=RoV,Omnicron,全时者,draft,,Omnicron,RoV,display_name
car_f838da5269bf,cards_lua,lua,,card=Omnicron;field=effect_text;set=RoV,"FATE: When this enters the center row, for each Treasure under this, ","天命： 当此牌进入中央牌列时, 以每个宝藏此牌下方,",draft,pass6,Omnicron,RoV,effect_text
car_44ad824c79cf,cards_lua,lua,,card=Portabillet;field=display_name;set=RoV,Portabillet,便携弹,draft,,Portabillet,RoV,display_name
car_c808f36318b6,cards_lua,lua,,card=Portabillet;field=effect_text;set=RoV,"Once per turn, when you play a Mechana Construct (including this one), draw a card.
ENERGIZE 5E: Once this turn, draw a card.","每回合一次，当你 打出机械神器 (包括此牌), 抽一张牌.
充能 5E: 本回合一次， 抽一张牌.",draft,kw_pass3;pass6;pass11,Portabillet,RoV,effect_text
car_bf0ed69b8309,cards_lua,lua,,card=Prototype CH32;field=display_name;set=RoV,Prototype CH32,原型CH32,draft,,Prototype CH32,RoV,display_name
car_297f4738ae5f,cards_lua,lua,,card=Prototype CH32;field=effect_text;set=RoV,"ENERGIZE 1E: Once this turn, when you acquire a Mechana Construct, you may put it directly into play.","充能 1E: 本回合一次， 当你获取机械神器, 你可以将其直接进入战场.",draft,kw_pass3;pass11;pass13,Prototype CH32,RoV,effect_text
car_76a29c27aff7,cards_lua,lua,,card=Reactor Shrine;field=display_name;set=RoV,Reactor Shrine,反应堆神龛,draft,,Reactor Shrine,RoV,display_name
car_d68176a94a55,cards_lua,lua,,card=Reactor Shrine;field=effect_text;set=RoV,"ENERGIZE 2E: Once this turn, gain 1H for each Mechana Construct you control.",充能 2E: 本回合一次， 获得1荣誉以 每个机械神器你控制的.,draft,kw_pass3;pass11,Reactor Shrine,RoV,effect_text
car_afd7223bcdbf,cards_lua,lua,,card=Skyrocket Drone;field=display_name;set=RoV,Skyrocket Drone,冲天无人机,draft,,Skyrocket Drone,RoV,display_name
car_a0af3c95caae,cards_lua,lua,,card=Skyrocket Drone;field=effect_text;set=RoV,Gain 1R and an additional 1R if you control a Construct.,获得1符文和 额外的 1符文若 你控制的神器.,draft,,Skyrocket Drone,RoV,effect_text
car_0a6e0dd778c3,cards_lua,lua,,card=Zeta Arsenal;field=display_name;set=RoV,Zeta Arsenal,泽塔武库,draft,,Zeta Arsenal,RoV,display_name
car_483d87726fa9,cards_lua,lua,,card=Zeta Arsenal;field=effect_text;set=RoV,"ENERGIZE 3E: Once this turn, gain 1P for each Mechana Construct you control.",充能 3E: 本回合一次， 获得1战力以 每个机械神器你控制的.,draft,kw_pass3;pass11,Zeta Arsenal,RoV,effect_text
car_b0ee2be6f5f2,cards_lua,lua,,card=Blackwatch Vanquisher;field=display_name;set=RoV,Blackwatch Vanquisher,黑卫征服者,draft,,Blackwatch Vanquisher,RoV,display_name
car_25df7a9a900f,cards_lua,lua,,card=Blackwatch Vanquisher;field=effect_text;set=RoV,"Gain 2P.
ENERGIZE 3E: Gain an additional 2P.","获得2战力.
充能 3E: 获得额外的 2战力.",draft,kw_pass3,Blackwatch Vanquisher,RoV,effect_text
car_c65cafd8530f,cards_lua,lua,,card=Darkwalker;field=display_name;set=RoV,Darkwalker,暗行者,draft,,Darkwalker,RoV,display_name
car_620ab9b27d9e,cards_lua,lua,,card=Darkwalker;field=effect_text;set=RoV,"Gain 2P.
ENERGIZE 1E: You may banish a card in your hand or discard pile.","获得2战力.
充能 1E: 你可以从你的手牌或弃牌堆放逐一张卡牌.",draft,kw_pass3;pass13,Darkwalker,RoV,effect_text
car_b6de19177d30,cards_lua,lua,,card=Illiya the Demonborn;field=display_name;set=RoV,Illiya the Demonborn,伊利亚魔生,draft,,Illiya the Demonborn,RoV,display_name
car_717e1d0dd89e,cards_lua,lua,,card=Illiya the Demonborn;field=effect_text;set=RoV,"Gain 4P.
ENERGIZE: Gain an additional 1P for each 1E you have gained this turn.","获得4战力.
充能： 获得额外的 1战力以 每个 1E你拥有已获得本回合.",draft,,Illiya the Demonborn,RoV,effect_text
car_541f671f3781,cards_lua,lua,,card=Nyxian Spiritcaster;field=display_name;set=RoV,Nyxian Spiritcaster,尼克斯魂咏者,draft,,Nyxian Spiritcaster,RoV,display_name
car_57b7b7e965f5,cards_lua,lua,,card=Nyxian Spiritcaster;field=effect_text;set=RoV,"Gain 3E.
Draw a card.","获得3E.
抽一张牌.",draft,,Nyxian Spiritcaster,RoV,effect_text
car_f286c0a0b170,cards_lua,lua,,card=Spirit Merchant;field=display_name;set=RoV,Spirit Merchant,精魂商人,draft,,Spirit Merchant,RoV,display_name
car_ec057e1af2a2,cards_lua,lua,,card=Spirit Merchant;field=effect_text;set=RoV,"FATE: When this enters the center row, for each Treasure under this, ","天命： 当此牌进入中央牌列时, 以每个宝藏此牌下方,",draft,pass6,Spirit Merchant,RoV,effect_text
car_a31691de4c7d,cards_lua,lua,,card=Tome of Erabus;field=display_name;set=RoV,Tome of Erabus,典籍埃拉布斯,draft,,Tome of Erabus,RoV,display_name
car_c25154e684bc,cards_lua,lua,,card=Tome of Erabus;field=effect_text;set=RoV,"Once per turn, gain 1E.",每回合一次，获得1E.,draft,,Tome of Erabus,RoV,effect_text
car_b6f70f25e389,cards_lua,lua,,card=Treasure Hunter;field=display_name;set=RoV,Treasure Hunter,宝藏猎手,draft,,Treasure Hunter,RoV,display_name
car_75f224990430,cards_lua,lua,,card=Treasure Hunter;field=effect_text;set=RoV,"Gain 2P.
You may pay 1P less the next time you defeat a Monster with Treasure under it this turn.","获得2战力.
你可以支付 1战力更低下次你击败一个怪物以 宝藏其下它 本回合.",draft,,Treasure Hunter,RoV,effect_text
car_e5813dad8ce7,cards_lua,lua,,card=Voidfeeder;field=display_name;set=RoV,Voidfeeder,饲虚者,draft,,Voidfeeder,RoV,display_name
car_5e24ff092e3f,cards_lua,lua,,card=Voidfeeder;field=effect_text;set=RoV,"Once per turn, gain 1P.
ENERGIZE 2E: Once this turn, you may banish a card in your hand or discard pile.","每回合一次，获得1战力.
充能 2E: 本回合一次， 你可以从你的手牌或弃牌堆放逐一张卡牌.",draft,kw_pass3;pass11;pass13,Voidfeeder,RoV,effect_text
car_8b8df726478d,cards_lua,lua,,card=Deviant Fiend;field=display_name;set=RoV,Deviant Fiend,畸变邪魔,draft,,Deviant Fiend,RoV,display_name
car_b215f1a71585,cards_lua,lua,,card=Deviant Fiend;field=effect_text;set=RoV,"REWARD: Gain 3H.
ENERGIZE: Gain an additional 1H for each 1E you have gained this turn.","奖励： 获得3荣誉.
充能： 获得额外的 1荣誉以 每个 1E你拥有已获得本回合.",draft,,Deviant Fiend,RoV,effect_text
car_62f2324088f4,cards_lua,lua,,card=Firestorm Effigy;field=display_name;set=RoV,Firestorm Effigy,火暴偶像,draft,,Firestorm Effigy,RoV,display_name
car_bd8b63e3c74a,cards_lua,lua,,card=Firestorm Effigy;field=effect_text;set=RoV,"REWARD: Gain 3H. You may banish a card in your hand or discard pile.
ENERGIZE 1E: You may banish an additional card in your hand or discard pile.","奖励： 获得3荣誉. 你可以从你的手牌或弃牌堆放逐一张卡牌.
充能 1E: 你可以放逐额外的卡牌在你的手牌或弃牌堆.",draft,kw_pass3;pass13,Firestorm Effigy,RoV,effect_text
car_fbf1f219b0ca,cards_lua,lua,,card=Herald of Doom;field=display_name;set=RoV,Herald of Doom,先驱末日,draft,,Herald of Doom,RoV,display_name
car_55df6cb9c439,cards_lua,lua,,card=Herald of Doom;field=effect_text;set=RoV,"REWARD: Gain 6H. Acquire or defeat a card in the center row without paying its cost.
ENERGIZE 7E: Instead, acquire and defeat all cards in the center row without paying their costs.","奖励： 获得6荣誉. 获取或 击败卡牌在中央牌列无需支付费用.
充能 7E: 改为， 获取和 击败所有卡牌在中央牌列无需支付费用.",draft,kw_pass3,Herald of Doom,RoV,effect_text
car_1cdc6fc97704,cards_lua,lua,,card=Lagoon Troll;field=display_name;set=RoV,Lagoon Troll,潟湖巨魔,draft,,Lagoon Troll,RoV,display_name
car_8d3c289f35ba,cards_lua,lua,,card=Lagoon Troll;field=effect_text;set=RoV,REWARD: Gain 2H. Draw a card.,奖励： 获得2荣誉. 抽一张牌.,draft,,Lagoon Troll,RoV,effect_text
car_8a1a3000d196,cards_lua,lua,,card=Mordant Widow;field=display_name;set=RoV,Mordant Widow,蚀骨寡妇,draft,,Mordant Widow,RoV,display_name
car_edeffe74d3ad,cards_lua,lua,,card=Mordant Widow;field=effect_text;set=RoV,"REWARD: Gain 4H. For each opponent, you choose and destroy a Construct they control.","奖励： 获得4荣誉. 以每位对手, 你选择和 摧毁一个神器其控制的.",draft,,Mordant Widow,RoV,effect_text
car_4998e41cd1fa,cards_lua,lua,,card=Protean Sea Slug;field=display_name;set=RoV,Protean Sea Slug,多变海蛞蝓,draft,,Protean Sea Slug,RoV,display_name
car_8e7065bc38b3,cards_lua,lua,,card=Protean Sea Slug;field=effect_text;set=RoV,REWARD: Gain 5H. Each opponent destroys all Constructs they control.,奖励： 获得5荣誉. 每位对手摧毁所有神器其控制的.,draft,kw_pass3,Protean Sea Slug,RoV,effect_text
car_93bb9719d11a,cards_lua,lua,,card=Raging Ursine;field=display_name;set=RoV,Raging Ursine,暴怒熊,draft,,Raging Ursine,RoV,display_name
car_e26f27117d2a,cards_lua,lua,,card=Raging Ursine;field=effect_text;set=RoV,"REWARD: Gain 3H.
ENERGIZE 2E: Gain 2R.","奖励： 获得3荣誉.
充能 2E: 获得2符文.",draft,kw_pass3,Raging Ursine,RoV,effect_text
car_595e63c937f4,cards_lua,lua,,card=Serpent Siren;field=display_name;set=RoV,Serpent Siren,巨蛇海妖,draft,,Serpent Siren,RoV,display_name
car_978ff1bc46f2,cards_lua,lua,,card=Serpent Siren;field=effect_text;set=RoV,"REWARD: Gain 1H.
",奖励： 获得1荣誉.,draft,,Serpent Siren,RoV,effect_text
car_906441236a58,cards_lua,lua,,"card=Terrus, Paragon of Strife;field=display_name;set=RoV","Terrus, Paragon of Strife",特鲁斯·争斗典范,draft,,"Terrus, Paragon of Strife",RoV,display_name
car_061370e6e78c,cards_lua,lua,,"card=Terrus, Paragon of Strife;field=effect_text;set=RoV",REWARD: Gain 5H. Each opponent discards a random card from their hand. You may choose a card discarded this way and put it in your hand.,奖励： 获得5荣誉. 每位对手弃掉随机卡牌从其手牌. 你可以选择卡牌已弃掉以此方式，并将其放入你的手牌.,draft,pass6;pass13,"Terrus, Paragon of Strife",RoV,effect_text
car_6d77ec623ee5,cards_lua,lua,,card=Twisted Tyrant;field=display_name;set=RoV,Twisted Tyrant,扭曲暴君,draft,,Twisted Tyrant,RoV,display_name
car_e8fe157fa9f5,cards_lua,lua,,card=Twisted Tyrant;field=effect_text;set=RoV,"REWARD: Gain 6H.
ENERGIZE 3E: Draw three cards.","奖励： 获得6荣誉.
充能 3E: 抽三张牌.",draft,kw_pass3,Twisted Tyrant,RoV,effect_text
car_978c79543c64,cards_lua,lua,,card=Vault Sphinx;field=display_name;set=RoV,Vault Sphinx,宝库狮身人面,draft,,Vault Sphinx,RoV,display_name
car_7e404b2745cc,cards_lua,lua,,card=Vault Sphinx;field=effect_text;set=RoV,"REWARD: Gain 2H.
",奖励： 获得2荣誉.,draft,,Vault Sphinx,RoV,effect_text
car_7b6f2fcf41ff,cards_lua,lua,,card=Dark Energy Shard;field=display_name;set=DU,Dark Energy Shard,黑暗能量碎片,draft,,Dark Energy Shard,DU,display_name
car_63b70b745a55,cards_lua,lua,,card=Dark Energy Shard;field=effect_text;set=DU,"FATE: Each player may banish a card in their discard pile.
",天命： 每位玩家可以放逐一张卡牌在 其弃牌堆.,draft,,Dark Energy Shard,DU,effect_text
car_505006966dad,cards_lua,lua,,card=Anointed Askara;field=display_name;set=DU,Anointed Askara,涂油阿斯卡拉,draft,,Anointed Askara,DU,display_name
car_7a57ba153f3b,cards_lua,lua,,card=Anointed Askara;field=effect_text;set=DU,"Draw a card.
Once this turn, when you acquire a Hero or Consruct from the center row, put it into your hand.","抽一张牌.
本回合一次， 当你获取一个英雄或 神器从中央牌列, 将其放入你的手牌.",draft,pass6;pass11;pass13,Anointed Askara,DU,effect_text
car_b81e6cd73883,cards_lua,lua,,card=Arha Mentor;field=display_name;set=DU,Arha Mentor,亚哈导师,draft,,Arha Mentor,DU,display_name
car_08bebd0534bd,cards_lua,lua,,card=Arha Mentor;field=effect_text;set=DU,"ENERGIZE 2E: Draw a card.
You may banish a card from your hand. If you do, acquire a Mystic or Heavy Infantry without paying its cost and put it into your hand.","充能 2E: 抽一张牌.
你可以放逐一张卡牌从你的手牌. 若你如此做，无需支付费用获取秘教士或重装步兵，并将其放入你的手牌.",draft,kw_pass3;pass6;pass13,Arha Mentor,DU,effect_text
car_0fe97a09461e,cards_lua,lua,,card=Shardfinder Compass;field=display_name;set=DU,Shardfinder Compass,寻晶者罗盘,draft,,Shardfinder Compass,DU,display_name
car_6ee8472b7623,cards_lua,lua,,card=Shardfinder Compass;field=effect_text;set=DU,You may banish this to acquire all of the Treasures in the center row.,你可以放逐此牌以 获取所有的 宝藏s在中央牌列.,draft,,Shardfinder Compass,DU,effect_text
car_dcd9ae50a578,cards_lua,lua,,card=Valiant Ascetic;field=display_name;set=DU,Valiant Ascetic,勇毅苦行僧,draft,,Valiant Ascetic,DU,display_name
car_04240ad85cb5,cards_lua,lua,,card=Valiant Ascetic;field=effect_text;set=DU,You may banish this to defeat a Monster with cost 5P or less without paying its cost.,你可以放逐此牌以 击败一个怪物以 费用 5战力或更低无需支付费用.,draft,,Valiant Ascetic,DU,effect_text
car_df939ae5008a,cards_lua,lua,,"card=Veya, Handmaiden of Logos;field=display_name;set=DU","Veya, Handmaiden of Logos",维雅·逻各斯侍女,draft,,"Veya, Handmaiden of Logos",DU,display_name
car_70f5406a2f25,cards_lua,lua,,"card=Veya, Handmaiden of Logos;field=effect_text;set=DU","Choose one: Acquire a Hero with cost 6R or less without paying its cost, or defeat a Monster with cost 6P or less without paying its cost.
ENERGIZE 2E: Instead, you may choose both.","选择一项：获取一个英雄以 费用 6符文或更低无需支付费用, 或击败一个怪物以 费用 6战力或更低无需支付费用.
充能 2E: 改为， 你可以选择两者.",draft,kw_pass3;pass13,"Veya, Handmaiden of Logos",DU,effect_text
car_5a86da583482,cards_lua,lua,,card=Gemcatcher Spirit;field=display_name;set=DU,Gemcatcher Spirit,捕晶者精魂,draft,,Gemcatcher Spirit,DU,display_name
car_0b54ce4ddf29,cards_lua,lua,,card=Gemcatcher Spirit;field=effect_text;set=DU,"ENERGIZE 2E: Transform this into Otherworldly Guide. (Ignore the rest of this card's effect.)
Draw a card.","充能 2E: 将此牌转化为异界向导. (忽略此牌的其余卡牌之效果.)
抽一张牌.",draft,kw_pass3,Gemcatcher Spirit,DU,effect_text
car_7e2717520499,cards_lua,lua,,card=Otherworldly Guide;field=display_name;set=DU,Otherworldly Guide,异界向导,draft,,Otherworldly Guide,DU,display_name
car_5ea76d2288eb,cards_lua,lua,,card=Otherworldly Guide;field=effect_text;set=DU,Draw two cards.,抽两张牌.,draft,,Otherworldly Guide,DU,effect_text
car_c2b5b407c5e6,cards_lua,lua,,"card=Toric, Devoted Disciple;field=display_name;set=DU","Toric, Devoted Disciple",托里克·虔诚门徒,draft,,"Toric, Devoted Disciple",DU,display_name
car_77aeab31af83,cards_lua,lua,,"card=Toric, Devoted Disciple;field=effect_text;set=DU","ENERGIZE 4E: Transform this into Toric, Ascendant. (Ignore the rest of this card's effect.)
Copy the effect of a Hero in the center row.","充能 4E: 将此牌转化为托里克, 飞升者. (忽略此牌的其余卡牌之效果.)
复制效果的 英雄在中央牌列.",draft,kw_pass3,"Toric, Devoted Disciple",DU,effect_text
car_7f47adba64e3,cards_lua,lua,,"card=Toric, Ascendant;field=display_name;set=DU","Toric, Ascendant",托里克·飞升者,draft,,"Toric, Ascendant",DU,display_name
car_a65ea580ffac,cards_lua,lua,,"card=Toric, Ascendant;field=effect_text;set=DU",Acquire a Hero without paying its cost and put it into your hand.,获取一个英雄无需支付费用，并将其放入你的手牌.,draft,pass6;pass13,"Toric, Ascendant",DU,effect_text
car_5f41fc7b20b7,cards_lua,lua,,card=Dendris the Gladewyrm;field=display_name;set=DU,Dendris the Gladewyrm,登德里斯林间巨虫,draft,,Dendris the Gladewyrm,DU,display_name
car_52c30d4250b0,cards_lua,lua,,card=Dendris the Gladewyrm;field=effect_text;set=DU,"Gain 2R, 2P, and 2H.
ENERGIZE 3E: Gain an additional 2R, 2P, and 2H.","获得2符文, 2战力, 和 2荣誉.
充能 3E: 获得额外的 2符文, 2战力, 和 2荣誉.",draft,kw_pass3,Dendris the Gladewyrm,DU,effect_text
car_82d3270dcea1,cards_lua,lua,,card=Gem-Eater Leprechaun;field=display_name;set=DU,Gem-Eater Leprechaun,噬晶小矮妖,draft,,Gem-Eater Leprechaun,DU,display_name
car_74182e419bf6,cards_lua,lua,,card=Gem-Eater Leprechaun;field=effect_text;set=DU,Gain 2R and 2E.,获得2符文和 2E.,draft,,Gem-Eater Leprechaun,DU,effect_text
car_93f65d26d895,cards_lua,lua,,"card=Moken, the Huntmaster;field=display_name;set=DU","Moken, the Huntmaster",莫肯·猎主,draft,,"Moken, the Huntmaster",DU,display_name
car_f03607fe9973,cards_lua,lua,,"card=Moken, the Huntmaster;field=effect_text;set=DU","Gain 5H.
At the end of the game, Moken, the Huntmaster's honor value is equal to the number of Treasure cards in your deck.","获得 5 荣誉。
游戏结束时，猎主莫肯的荣誉值等同于你牌库中宝藏卡的数量。",draft,pass6;pass13,"Moken, the Huntmaster",DU,effect_text
car_ff0ea1b6a7b5,cards_lua,lua,,card=Mosaic Horn;field=display_name;set=DU,Mosaic Horn,镶嵌号角,draft,,Mosaic Horn,DU,display_name
car_6eb64960e5ae,cards_lua,lua,,card=Mosaic Horn;field=effect_text;set=DU,"ENERGIZE 2E: Once this turn, gain 2R.",充能 2E: 本回合一次， 获得2符文.,draft,kw_pass3;pass11,Mosaic Horn,DU,effect_text
car_66424cbbd0a1,cards_lua,lua,,card=Raven Siren;field=display_name;set=DU,Raven Siren,乌鸦海妖,draft,,Raven Siren,DU,display_name
car_0569670ba42b,cards_lua,lua,,card=Raven Siren;field=effect_text;set=DU,"Gain 1R.
ENERGIZE: You pay 1R less for each 1E you have gained this turn the next time you acquire a Hero this turn.","获得1符文.
充能： 你支付 1符文少支付以 每个 1E你拥有已获得本回合下次你获取一个英雄本回合.",draft,pass6,Raven Siren,DU,effect_text
car_ed3a9a78cc98,cards_lua,lua,,card=Honiskrot Tribesman;field=display_name;set=DU,Honiskrot Tribesman,霍尼斯克洛特部族人,draft,,Honiskrot Tribesman,DU,display_name
car_59d545730a90,cards_lua,lua,,card=Honiskrot Tribesman;field=effect_text;set=DU,"ENERGIZE 2E: Transform this into Honiskrot Chieftain. (Ignore the rest of this card's effect.)
Gain 1R.","充能 2E: 将此牌转化为霍尼斯克洛特酋长. (忽略此牌的其余卡牌之效果.)
获得1符文.",draft,kw_pass3,Honiskrot Tribesman,DU,effect_text
car_03d7d4a96890,cards_lua,lua,,card=Honiskrot Chieftain;field=display_name;set=DU,Honiskrot Chieftain,霍尼斯克洛特酋长,draft,,Honiskrot Chieftain,DU,display_name
car_80d655828b08,cards_lua,lua,,card=Honiskrot Chieftain;field=effect_text;set=DU,Gain 3R.,获得3符文.,draft,,Honiskrot Chieftain,DU,effect_text
car_ae747affd1cd,cards_lua,lua,,"card=Jakeb, Cobra Shaman;field=display_name;set=DU","Jakeb, Cobra Shaman",杰克布·眼镜蛇萨满,draft,,"Jakeb, Cobra Shaman",DU,display_name
car_21a488f2b1e4,cards_lua,lua,,"card=Jakeb, Cobra Shaman;field=effect_text;set=DU","ENERGIZE 4E: Transform this into Jakeb, Cobra King. (Ignore the rest of this card's effect.)
Gain 3H.","充能 4E: 将此牌转化为杰克布, 眼镜蛇王. (忽略此牌的其余卡牌之效果.)
获得3荣誉.",draft,kw_pass3,"Jakeb, Cobra Shaman",DU,effect_text
car_1a5aebcb21f1,cards_lua,lua,,"card=Jakeb, Cobra King;field=display_name;set=DU","Jakeb, Cobra King",杰克布·眼镜蛇王,draft,,"Jakeb, Cobra King",DU,display_name
car_eb708a62d318,cards_lua,lua,,"card=Jakeb, Cobra King;field=effect_text;set=DU","Gain 6H.
When you gain honor from another card this turn, gain twice that much honor instead.","获得6荣誉.
当你 获得荣誉从 另一卡牌本回合, 获得两次该 等量的荣誉改为.",draft,,"Jakeb, Cobra King",DU,effect_text
car_11e9a2b6a194,cards_lua,lua,,card=Charging Chamber;field=display_name;set=DU,Charging Chamber,充能室,draft,,Charging Chamber,DU,display_name
car_819ace510011,cards_lua,lua,,card=Charging Chamber;field=effect_text;set=DU,"Once per turn, when you play a Mechana Construct (including this one), gain 1E.","每回合一次，当你 打出机械神器 (包括此牌), 获得1E.",draft,pass6,Charging Chamber,DU,effect_text
car_cfe8e7101144,cards_lua,lua,,card=Crystalline Monk;field=display_name;set=DU,Crystalline Monk,水晶僧侣,draft,,Crystalline Monk,DU,display_name
car_cf9911a91928,cards_lua,lua,,card=Crystalline Monk;field=effect_text;set=DU,"Gain 2R.
You may move a Treasure from underneath a card in the center row to another card in the center row.","获得 2 符文。
你可以将中央牌列某张牌下方的一张宝藏移到另一张中央牌列卡牌下方。",draft,pass4,Crystalline Monk,DU,effect_text
car_61bce31142a4,cards_lua,lua,,card=Hedron Dredger;field=display_name;set=DU,Hedron Dredger,多面体挖掘者,draft,,Hedron Dredger,DU,display_name
car_e844bcab5c18,cards_lua,lua,,card=Hedron Dredger;field=effect_text;set=DU,"Once per turn, if you control three or more Mechana Constructs, you may Energize a Construct you control.","每回合一次，若你控制的三 或更高机械神器, 你可以充能神器你控制的.",draft,,Hedron Dredger,DU,effect_text
car_7261f8de1e32,cards_lua,lua,,card=Replication Drone;field=display_name;set=DU,Replication Drone,复制无人机,draft,,Replication Drone,DU,display_name
car_42162721339c,cards_lua,lua,,card=Replication Drone;field=effect_text;set=DU,You are considered to control an additional Mechana Construct.,你为 视为以 控制额外的机械神器.,draft,,Replication Drone,DU,effect_text
car_1000674b2db9,cards_lua,lua,,card=Scrap Scrabbler;field=display_name;set=DU,Scrap Scrabbler,废料翻捡者,draft,,Scrap Scrabbler,DU,display_name
car_8ece5d45bd79,cards_lua,lua,,card=Scrap Scrabbler;field=effect_text;set=DU,"ENERGIZE 2E: Transform this into Scrabbling Squad. (Ignore the rest of this card's effect.)
Gain 1R and 1P.","充能 2E: 将此牌转化为翻捡小队. (忽略此牌的其余卡牌之效果.)
获得1符文和 1战力.",draft,kw_pass3,Scrap Scrabbler,DU,effect_text
car_0a36a81f8993,cards_lua,lua,,card=Scrabbling Squad;field=display_name;set=DU,Scrabbling Squad,翻捡小队,draft,,Scrabbling Squad,DU,display_name
car_90e6d80f1fe0,cards_lua,lua,,card=Scrabbling Squad;field=effect_text;set=DU,Gain 2R and 2P.,获得2符文和 2战力.,draft,,Scrabbling Squad,DU,effect_text
car_21eb6a3107d9,cards_lua,lua,,card=Yolothian Monolith;field=display_name;set=DU,Yolothian Monolith,约洛斯巨石,draft,,Yolothian Monolith,DU,display_name
car_88e3f3fd03c8,cards_lua,lua,,card=Yolothian Monolith;field=effect_text;set=DU,"ENERGIZE 4E: Transform this into Yolocryx, the Guardian and put it into your hand.","充能 4E: 将此牌转化为约洛克瑞克斯, 守卫，并将其放入你的手牌.",draft,kw_pass3;pass6;pass13,Yolothian Monolith,DU,effect_text
car_49496bd42739,cards_lua,lua,,"card=Yolocryx, the Guardian;field=display_name;set=DU","Yolocryx, the Guardian",约洛克瑞克斯·守卫,draft,,"Yolocryx, the Guardian",DU,display_name
car_3599cb17aad8,cards_lua,lua,,"card=Yolocryx, the Guardian;field=effect_text;set=DU","Gain 5P and an additional 1P for each Mechana Construct you control.
When you play a Mechana Construct, you may return this from your discard pile to your hand.","获得5战力和 额外的 1战力以 每个机械神器你控制的.
当你 打出机械神器, 你可以将此牌返回从 你的弃牌堆以 你的手牌.",draft,,"Yolocryx, the Guardian",DU,effect_text
car_f997d9e6393e,cards_lua,lua,,card=Arbiter of the Lost;field=display_name;set=DU,Arbiter of the Lost,仲裁者迷失,draft,,Arbiter of the Lost,DU,display_name
car_a1e2fb2841e0,cards_lua,lua,,card=Arbiter of the Lost;field=effect_text;set=DU,"Gain 2E.
You may banish a card in your hand or discard pile.","获得2E.
你可以从你的手牌或弃牌堆放逐一张卡牌.",draft,pass13,Arbiter of the Lost,DU,effect_text
car_e1a94ef17d4b,cards_lua,lua,,card=Nightmare Sentinel;field=display_name;set=DU,Nightmare Sentinel,梦魇哨卫,draft,,Nightmare Sentinel,DU,display_name
car_657c349e675f,cards_lua,lua,,card=Nightmare Sentinel;field=effect_text;set=DU,"Gain 2P.
The next time you defeat a Monster in the center row this turn, you may banish a card in your hand or discard pile.","获得2战力.
本回合下次你在中央牌列击败怪物时, 你可以从你的手牌或弃牌堆放逐一张卡牌.",draft,pass13,Nightmare Sentinel,DU,effect_text
car_e4800c2fd3cc,cards_lua,lua,,card=Nyxian Ritualist;field=display_name;set=DU,Nyxian Ritualist,尼克斯祭仪师,draft,,Nyxian Ritualist,DU,display_name
car_51643bbcb696,cards_lua,lua,,card=Nyxian Ritualist;field=effect_text;set=DU,Gain 3P and 3E.,获得3战力和 3E.,draft,,Nyxian Ritualist,DU,effect_text
car_bc7148635283,cards_lua,lua,,card=Riftwalker's Axe;field=display_name;set=DU,Riftwalker's Axe,裂隙行者的斧,draft,,Riftwalker's Axe,DU,display_name
car_4c46f03e01f0,cards_lua,lua,,card=Riftwalker's Axe;field=effect_text;set=DU,"ENERGIZE 2E: Once this turn, gain 2P.",充能 2E: 本回合一次， 获得2战力.,draft,kw_pass3;pass11,Riftwalker's Axe,DU,effect_text
car_354d93e9d795,cards_lua,lua,,card=Voidsworn Warrior;field=display_name;set=DU,Voidsworn Warrior,誓虚战士,draft,,Voidsworn Warrior,DU,display_name
car_5a05318c59fc,cards_lua,lua,,card=Voidsworn Warrior;field=effect_text;set=DU,"ENERGIZE 2E: Transform this into Voidsworn Champion. (Ignore the rest of this card's effect.)
Gain 1P.","充能 2E: 将此牌转化为誓虚冠军. (忽略此牌的其余卡牌之效果.)
获得1战力.",draft,kw_pass3,Voidsworn Warrior,DU,effect_text
car_8d0e2398fad5,cards_lua,lua,,card=Voidsworn Champion;field=display_name;set=DU,Voidsworn Champion,誓虚冠军,draft,,Voidsworn Champion,DU,display_name
car_a4fccceba376,cards_lua,lua,,card=Voidsworn Champion;field=effect_text;set=DU,Gain 4P.,获得4战力.,draft,,Voidsworn Champion,DU,effect_text
car_da8bf5770029,cards_lua,lua,,card=Azerax of the Black Watch;field=display_name;set=DU,Azerax of the Black Watch,阿泽拉克斯黑卫,draft,,Azerax of the Black Watch,DU,display_name
car_353742fee4a6,cards_lua,lua,,card=Azerax of the Black Watch;field=effect_text;set=DU,"ENERGIZE 4E: Transform this into Azerax, Nyx's Chosen. (Ignore the rest of this card's effect.)
Gain 4P.
You may banish a card in your hand or discard pile.","充能 4E: 将此牌转化为阿泽拉克斯, 尼克斯的天选者. (忽略此牌的其余卡牌之效果.)
获得4战力.
你可以从你的手牌或弃牌堆放逐一张卡牌.",draft,kw_pass3;pass13,Azerax of the Black Watch,DU,effect_text
car_aa51d8aa9ece,cards_lua,lua,,"card=Azerax, Nyx's Chosen;field=display_name;set=DU","Azerax, Nyx's Chosen",阿泽拉克斯·尼克斯的天选者,draft,,"Azerax, Nyx's Chosen",DU,display_name
car_73bac67636d7,cards_lua,lua,,"card=Azerax, Nyx's Chosen;field=effect_text;set=DU","Gain 6P.
You may banish any number of cards in your hand and/or discard pile.","获得6战力.
你可以放逐任意数量的 卡牌在你的手牌中和/或弃牌堆.",draft,,"Azerax, Nyx's Chosen",DU,effect_text
car_e5fa6ea6b1d0,cards_lua,lua,,card=Cacklecast Wretch;field=display_name;set=DU,Cacklecast Wretch,狂笑施法可怜虫,draft,,Cacklecast Wretch,DU,display_name
car_8c37370d9ed8,cards_lua,lua,,card=Cacklecast Wretch;field=effect_text;set=DU,"If you have gained 4E or more this turn, you may defeat this without paying its cost.
REWARD: Gain 4H.","若你 拥有已获得 4E或更高本回合, 你可以击败此 无需支付费用.
奖励： 获得4荣誉.",draft,,Cacklecast Wretch,DU,effect_text
car_4a2528f5c537,cards_lua,lua,,card=Oxipede;field=display_name;set=DU,Oxipede,牛蜈,draft,,Oxipede,DU,display_name
car_c48d5262b690,cards_lua,lua,,card=Oxipede;field=effect_text;set=DU,"REWARD: Gain 2H.
ENERGIZE 2E: Gain 2H.","奖励： 获得2荣誉.
充能 2E: 获得2荣誉.",draft,kw_pass3,Oxipede,DU,effect_text
car_504f749e6f5a,cards_lua,lua,,card=Phasefiend;field=display_name;set=DU,Phasefiend,相位邪魔,draft,,Phasefiend,DU,display_name
car_10bfe9bae79a,cards_lua,lua,,card=Phasefiend;field=effect_text;set=DU,REWARD: Gain 1H. You may banish a card in your hand or discard pile.,奖励： 获得1荣誉. 你可以从你的手牌或弃牌堆放逐一张卡牌.,draft,pass13,Phasefiend,DU,effect_text
car_32e201d9881d,cards_lua,lua,,card=Plunder Devil;field=display_name;set=DU,Plunder Devil,掠夺恶魔,draft,,Plunder Devil,DU,display_name
car_ad2e18055373,cards_lua,lua,,card=Plunder Devil;field=effect_text;set=DU,"REWARD: Gain 5H. You may acquire a Hero or Construct with cost 3R or less without paying its cost.
ENERGIZE 2E: Instead, you may acquire a Hero or Construct with cost 6R or less without paying its cost.","奖励： 获得5荣誉. 你可以获取一个英雄或 神器以 费用 3符文或更低无需支付费用.
充能 2E: 改为， 你可以获取一个英雄或 神器以 费用 6符文或更低无需支付费用.",draft,kw_pass3,Plunder Devil,DU,effect_text
car_3dcb27ad4ec9,cards_lua,lua,,card=Smoke Tyrant;field=display_name;set=DU,Smoke Tyrant,烟雾暴君,draft,,Smoke Tyrant,DU,display_name
car_f46bfae86a93,cards_lua,lua,,card=Smoke Tyrant;field=effect_text;set=DU,REWARD: Gain 4H. Banish the top seven cards of the center deck. ,奖励： 获得4荣誉. 放逐顶部七张卡牌的 传送门牌库.,draft,,Smoke Tyrant,DU,effect_text
car_cfd879e1b83b,cards_lua,lua,,card=Vault Lich;field=display_name;set=DU,Vault Lich,宝库巫妖,draft,,Vault Lich,DU,display_name
car_46d069ed623c,cards_lua,lua,,card=Vault Lich;field=effect_text;set=DU,"FATE: When this enters the center row, banish each card in the center row with Treasure under it.
","天命： 当此牌进入中央牌列时, 放逐每个卡牌在中央牌列以 宝藏其下它.",draft,,Vault Lich,DU,effect_text
car_3167c3ad09e4,cards_lua,lua,,card=Webclaw;field=display_name;set=DU,Webclaw,网爪,draft,,Webclaw,DU,display_name
car_193e2cd14e78,cards_lua,lua,,card=Webclaw;field=effect_text;set=DU,"REWARD: Gain 3H. Each opponent with three or more Constructs in play desroys a construct they control.
ENERGIZE 3E: Instead, each opponent destroys a Construct they control.","奖励：获得 3 荣誉。每位控制三件或更多神器的对手摧毁一件其控制的神器。
充能 3 能量：改为，每位对手摧毁一件其控制的神器。",draft,qa_pass2,Webclaw,DU,effect_text
car_cd228b4b0497,cards_lua,lua,,"card=Erabus, the Exiled;field=display_name;set=DU","Erabus, the Exiled",埃拉布斯·流放者,draft,,"Erabus, the Exiled",DU,display_name
car_f80b0c3cf317,cards_lua,lua,,"card=Erabus, the Exiled;field=effect_text;set=DU","If you have played a Dark Energy Shard this turn, you pay 2P less to defeat this.
REWARD: Transform this into Erabus, Son of Nyx and put it into your hand.","若你打出过黑暗能量碎片本回合, 你支付 2战力少支付以 击败此.
奖励： 将此牌转化为埃拉布斯, 之子的 尼克斯，并将其放入你的手牌.",draft,pass6;pass13,"Erabus, the Exiled",DU,effect_text
car_cb653d251d1d,cards_lua,lua,,"card=Erabus, Son of Nyx;field=display_name;set=DU","Erabus, Son of Nyx",埃拉布斯·之子尼克斯,draft,,"Erabus, Son of Nyx",DU,display_name
car_53e221f516b7,cards_lua,lua,,"card=Erabus, Son of Nyx;field=effect_text;set=DU",Defeat a Monster in the Void without paying its cost and put it on the bottom of the center deck.,击败一个怪物在 虚空区无需支付费用和 将它放置置于其底： 传送门牌库.,draft,,"Erabus, Son of Nyx",DU,effect_text
car_537fa3f59eea,cards_lua,lua,,card=Militia RU;field=display_name;set=RU,Militia,民兵,draft,,Militia RU,RU,display_name
car_3575ab6e7159,cards_lua,lua,,card=Militia RU;field=effect_text;set=RU,Gain 1P.,获得1战力。,draft,,Militia RU,RU,effect_text
car_551c055b741f,cards_lua,lua,,card=Apprentice RU;field=display_name;set=RU,Apprentice,学徒,draft,,Apprentice RU,RU,display_name
car_8eaf5b2a64fd,cards_lua,lua,,card=Apprentice RU;field=effect_text;set=RU,Gain 1R.,获得1符文。,draft,,Apprentice RU,RU,effect_text
car_5254cafe45fe,cards_lua,lua,,card=Mystic RU;field=display_name;set=RU,Mystic,秘教士,draft,,Mystic RU,RU,display_name
car_2a82cb8a01ec,cards_lua,lua,,card=Mystic RU;field=effect_text;set=RU,Gain 2R.,获得2符文。,draft,,Mystic RU,RU,effect_text
car_cec5fdd4e0e1,cards_lua,lua,,card=Heavy Infantry RU;field=display_name;set=RU,Heavy Infantry,重装步兵,draft,,Heavy Infantry RU,RU,display_name
car_da8b89e371ed,cards_lua,lua,,card=Heavy Infantry RU;field=effect_text;set=RU,Gain 2P.,获得2战力。,draft,,Heavy Infantry RU,RU,effect_text
car_0828df8d8449,cards_lua,lua,,card=Cultist RU;field=display_name;set=RU,Cultist,邪教徒,draft,,Cultist RU,RU,display_name
car_8c3924f95c94,cards_lua,lua,,card=Cultist RU;field=effect_text;set=RU,Reward: Gain 1H.,奖励：获得1荣誉。,draft,,Cultist RU,RU,effect_text
car_a006b1efbf23,cards_lua,lua,,"card=Dhartha, the Eternal;field=display_name;set=RU","Dhartha, the Eternal",达萨·永恒,draft,,"Dhartha, the Eternal",RU,display_name
car_15acc92dbe0e,cards_lua,lua,,"card=Dhartha, the Eternal;field=effect_text;set=RU","Reveal the top card of the center deck. Acquire or defeat that card without paying its cost.
MULTI-UNITE: You may repeat this.","展示传送门牌库顶的卡牌. 获取或 击败该 卡牌无需支付费用.
多重联合： 你可以重复此.",draft,,"Dhartha, the Eternal",RU,effect_text
car_357beddb46c5,cards_lua,lua,,card=Journeyman Outrider;field=display_name;set=RU,Journeyman Outrider,旅者先驱骑手,draft,,Journeyman Outrider,RU,display_name
car_e510784316f2,cards_lua,lua,,card=Journeyman Outrider;field=effect_text;set=RU,Acquire a Hero or Construct with cost 5R or less without paying its cost.,获取一个英雄或 神器以 费用 5符文或更低无需支付费用.,draft,,Journeyman Outrider,RU,effect_text
car_ca39a7d35236,cards_lua,lua,,card=Neophyte Mentor;field=display_name;set=RU,Neophyte Mentor,新入门者导师,draft,,Neophyte Mentor,RU,display_name
car_bba27f10e90e,cards_lua,lua,,card=Neophyte Mentor;field=effect_text;set=RU,"Draw a card.
The next Mystic or Heavy Infantry you play this turn counts as a faction of your choice.","抽一张牌。
本回合你打出的下一张秘教士或重装步兵视为你选择的一个派系。",draft,pass4,Neophyte Mentor,RU,effect_text
car_af67dbd78ef2,cards_lua,lua,,card=Sage of Lucid Dreams;field=display_name;set=,Sage of Lucid Dreams,贤者清明诸梦,draft,,Sage of Lucid Dreams,,display_name
car_a35ed534f9d5,cards_lua,lua,,card=Sage of Lucid Dreams;field=effect_text;set=,"Once this turn, banish a card in your hand. If you do, acquire a Hero with H value up to one more than that of the banished card and put it in your hand.
MULTI-UNITE: You may repeat this.","本回合一次， 从你的手牌放逐一张卡牌. 若你如此做，获取一个英雄以H值至多一 超过该 的被放逐卡牌，并将其放入你的手牌.
多重联合： 你可以重复此.",draft,pass6;pass11;pass13,Sage of Lucid Dreams,,effect_text
car_e4b3adda9641,cards_lua,lua,,card=Oziah's Familiar;field=display_name;set=RU,Oziah's Familiar,奥齐亚的使魔,draft,,Oziah's Familiar,RU,display_name
car_cfa9e9b7c4f8,cards_lua,lua,,card=Oziah's Familiar;field=effect_text;set=RU,"Defeat a Monster with cost 4P or less without paying its cost.
MULTI-UNITE: Repeat this effect.","击败一个怪物以 费用 4战力或更低无需支付费用.
多重联合： 重复此效果.",draft,,Oziah's Familiar,RU,effect_text
car_7423e417a872,cards_lua,lua,,card=Scryer of the Lidless Eye;field=display_name;set=RU,Scryer of the Lidless Eye,无目之眼占卜者,draft,,Scryer of the Lidless Eye,RU,display_name
car_41dca80f6af1,cards_lua,lua,,card=Scryer of the Lidless Eye;field=effect_text;set=RU,"Draw two card, then discard a card. If the discarded card is Enlightened, return it to your hand.","抽两 卡牌, 然后弃掉卡牌. 若已弃掉卡牌为 圣贤, 将其收回你的手牌.",draft,pass5;pass6,Scryer of the Lidless Eye,RU,effect_text
car_afc3056d3ffe,cards_lua,lua,,card=Disciple of Oziah;field=display_name;set=RU,Disciple of Oziah,之徒·奥齐亚,draft,,Disciple of Oziah,RU,display_name
car_71ce210fb9e6,cards_lua,lua,,card=Disciple of Oziah;field=effect_text;set=RU,"While this is in your hand, if you have played another Enlightened Hero this turn, transform this into Scion of Oziah.
Defeat a Monster with cost 3P or less without paying its cost.","当此 为在你的手牌中, 若你 已打出另一圣贤英雄本回合, 将此牌转化为后裔· 奥齐亚.
击败一个怪物以 费用 3战力或更低无需支付费用.",draft,pass6,Disciple of Oziah,RU,effect_text
car_243c03bbb918,cards_lua,lua,,card=Scion of Oziah;field=display_name;set=RU,Scion of Oziah,后裔·奥齐亚,draft,,Scion of Oziah,RU,display_name
car_f2c82efeca68,cards_lua,lua,,card=Scion of Oziah;field=effect_text;set=RU,Defeat a Monster with cost 5P or less without paying its cost.,击败一个怪物以 费用 5战力或更低无需支付费用.,draft,,Scion of Oziah,RU,effect_text
car_b28c36db13a0,cards_lua,lua,,"card=Vir, Ascetic Master;field=display_name;set=RU","Vir, Ascetic Master",维尔·苦行僧大师,draft,,"Vir, Ascetic Master",RU,display_name
car_28cf7925b5f1,cards_lua,lua,,"card=Vir, Ascetic Master;field=effect_text;set=RU","While this is in your hand, if you have played a Hero of every faction this turn, transform this into Vir, Ephemeral Guru.
Acquire a Hero in the center row without paying its cost and put it in your hand.","当此 为在你的手牌中, 若你 已打出英雄的 每个派系本回合, 将此牌转化为维尔, 昙花古鲁.
获取中央牌列的一张英雄无需支付费用，并将其放入你的手牌.",draft,pass6;pass13,"Vir, Ascetic Master",RU,effect_text
car_1c06c804f387,cards_lua,lua,,"card=Vir, Ephemeral Guru;field=display_name;set=RU","Vir, Ephemeral Guru",维尔·昙花古鲁,draft,,"Vir, Ephemeral Guru",RU,display_name
car_01c2c1e445c4,cards_lua,lua,,"card=Vir, Ephemeral Guru;field=effect_text;set=RU",Acquire all Heroes in the center row without paying their costs and put them in your hand.,获取所有英雄在中央牌列无需支付费用和 放置它们在你的手牌中.,draft,,"Vir, Ephemeral Guru",RU,effect_text
car_101a191cfd3b,cards_lua,lua,,card=Forgotten Scripture;field=display_name;set=RU,Forgotten Scripture,遗忘经文,draft,,Forgotten Scripture,RU,display_name
car_76681288082f,cards_lua,lua,,card=Forgotten Scripture;field=effect_text;set=RU,"If you have played two of more Enlightened Heroes this turn, transform this into Mantra of True Sight.","若你打出过两 的更多圣贤英雄本回合, 将此牌转化为真言的 真正视界.",draft,,Forgotten Scripture,RU,effect_text
car_906e7e6a6b01,cards_lua,lua,,card=Mantra of True Sight;field=display_name;set=RU,Mantra of True Sight,真言真正视界,draft,,Mantra of True Sight,RU,display_name
car_aa31cb98ea7b,cards_lua,lua,,card=Mantra of True Sight;field=effect_text;set=RU,"Once per turn, you may draw a card.",每回合一次，你可以抽一张牌.,draft,,Mantra of True Sight,RU,effect_text
car_19d3896015af,cards_lua,lua,,card=Animus of the Wild;field=display_name;set=RU,Animus of the Wild,魂魄荒野,draft,,Animus of the Wild,RU,display_name
car_5527f4e29784,cards_lua,lua,,card=Animus of the Wild;field=effect_text;set=RU,"Gain 2R.
You pay 1R less the next time you acquire a Hero this turn.","获得2符文.
你少支付 1 符文下次你获取一个英雄本回合.",draft,pass6,Animus of the Wild,RU,effect_text
car_3b904781be25,cards_lua,lua,,"card=Cetra, Matron of Stars;field=display_name;set=RU","Cetra, Matron of Stars",星辰主母塞特拉,draft,,"Cetra, Matron of Stars",RU,display_name
car_0338ead8fbb6,cards_lua,lua,,"card=Cetra, Matron of Stars;field=effect_text;set=RU","Once this turn, acquire a Hero without paying its cost. Put it on top of your deck.
MULTI-UNITE: You may repeat this.","本回合一次， 获取一个英雄无需支付费用. 将它放置放到你的牌库顶.
多重联合： 你可以重复此.",draft,pass11,"Cetra, Matron of Stars",RU,effect_text
car_21b80120d35a,cards_lua,lua,,card=Everbloom Clique;field=display_name;set=RU,Everbloom Clique,永绽小圈子,draft,,Everbloom Clique,RU,display_name
car_081f1958540a,cards_lua,lua,,card=Everbloom Clique;field=effect_text;set=RU,"Gain 2H.
MULTI-UNITE: Gain 1H.","获得2荣誉.
多重联合： 获得1荣誉.",draft,,Everbloom Clique,RU,effect_text
car_aeafe658d9b3,cards_lua,lua,,card=Snapdragon Witch;field=display_name;set=RU,Snapdragon Witch,金鱼草女巫,draft,,Snapdragon Witch,RU,display_name
car_6219ffcd49d6,cards_lua,lua,,card=Snapdragon Witch;field=effect_text;set=RU,"Gain 1H.
Draw a card.
If you have more H than every other player, draw an additional card.","获得1荣誉.
抽一张牌.
若你 拥有更多H于每个其他玩家, 额外抽一张牌.",draft,pass6,Snapdragon Witch,RU,effect_text
car_63e1780c935d,cards_lua,lua,,card=Wolf Shaman RU;field=display_name;set=RU,Wolf Shaman,狼萨满,draft,,Wolf Shaman RU,RU,display_name
car_ab789a20be4b,cards_lua,lua,,card=Wolf Shaman RU;field=effect_text;set=RU,"Gain 1R.
Draw a card.",获得1符文。抽一张牌。,draft,,Wolf Shaman RU,RU,effect_text
car_b4fde4a8c78e,cards_lua,lua,,card=Disciple of Cetra;field=display_name;set=RU,Disciple of Cetra,之徒·塞特拉,draft,,Disciple of Cetra,RU,display_name
car_c1fcfe7808b0,cards_lua,lua,,card=Disciple of Cetra;field=effect_text;set=RU,"While this is in your hand, if you have played another Lifebound Hero this turn, transform this into Scion of Cetra.
Gain 1R and 1H.","当此 为在你的手牌中, 若你 已打出另一命约英雄本回合, 将此牌转化为后裔· 塞特拉.
获得1符文和 1荣誉.",draft,pass6,Disciple of Cetra,RU,effect_text
car_72327cccff13,cards_lua,lua,,card=Scion of Cetra;field=display_name;set=RU,Scion of Cetra,后裔·塞特拉,draft,,Scion of Cetra,RU,display_name
car_7d33401a3ec6,cards_lua,lua,,card=Scion of Cetra;field=effect_text;set=RU,Gain 2R and 2H.,获得2符文和 2荣誉.,draft,,Scion of Cetra,RU,effect_text
car_9ae4afaabcac,cards_lua,lua,,"card=Remus, Pack Guardian;field=display_name;set=RU","Remus, Pack Guardian",雷穆斯·兽群守卫,draft,,"Remus, Pack Guardian",RU,display_name
car_0457798073e1,cards_lua,lua,,"card=Remus, Pack Guardian;field=effect_text;set=RU","While this is in your hand, if you have gained 3H or more this turn, transform this into Remus, Wild Emissary.
Gain 3R.","当此 为在你的手牌中, 若你 拥有已获得 3荣誉或更高本回合, 将此牌转化为雷穆斯, 荒野使者.
获得3符文.",draft,,"Remus, Pack Guardian",RU,effect_text
car_040d57d7d099,cards_lua,lua,,"card=Remus, Wild Emissary;field=display_name;set=RU","Remus, Wild Emissary",雷穆斯·荒野使者,draft,,"Remus, Wild Emissary",RU,display_name
car_15602b3ad5f8,cards_lua,lua,,"card=Remus, Wild Emissary;field=effect_text;set=RU","Gain 3R.
You may spend R as through it was P this turn.","获得3符文.
你可以花费R作为穿过它 曾是P本回合.",draft,,"Remus, Wild Emissary",RU,effect_text
car_dea584d92c56,cards_lua,lua,,card=Druid's Wreath;field=display_name;set=RU,Druid's Wreath,德鲁伊花环,draft,,Druid's Wreath,RU,display_name
car_3030255bcc39,cards_lua,lua,,card=Druid's Wreath;field=effect_text;set=RU,"If you have played two or more Lifebound Heroes this turn, transform this into Verdant Crown.","若你打出过两 或更高命约英雄本回合, 将此牌转化为翠绿冠冕.",draft,,Druid's Wreath,RU,effect_text
car_4a3b2187a7d2,cards_lua,lua,,card=Verdant Crown;field=display_name;set=RU,Verdant Crown,翠绿冠冕,draft,,Verdant Crown,RU,display_name
car_428afea4af28,cards_lua,lua,,card=Verdant Crown;field=effect_text;set=RU,"Once per turn, gain 2H.",每回合一次，获得2荣誉.,draft,,Verdant Crown,RU,effect_text
car_46184d7208ec,cards_lua,lua,,card=Air Support Squadron;field=display_name;set=RU,Air Support Squadron,空中支援中队,draft,,Air Support Squadron,RU,display_name
car_039531421314,cards_lua,lua,,card=Air Support Squadron;field=effect_text;set=RU,"Once per turn, when you acquire a Mechana card, you may put it in your hand.","每回合一次，当你获取机械卡牌, 你可以将其放入你的手牌.",draft,pass6;pass13,Air Support Squadron,RU,effect_text
car_aad5b41eb532,cards_lua,lua,,card=Defense Generator;field=display_name;set=RU,Defense Generator,防御发生器,draft,,Defense Generator,RU,display_name
car_ecaab6456411,cards_lua,lua,,card=Defense Generator;field=effect_text;set=RU,"Once per turn, when you acquire a Mechana card, gain 2P.","每回合一次，当你获取机械卡牌, 获得2战力.",draft,pass13,Defense Generator,RU,effect_text
car_cb5739f5865a,cards_lua,lua,,card=Hedron Watchtower;field=display_name;set=RU,Hedron Watchtower,多面体瞭望塔,draft,,Hedron Watchtower,RU,display_name
car_77ce955b77e6,cards_lua,lua,,card=Hedron Watchtower;field=effect_text;set=RU,"Once per turn, when you acquire a Mechana card, gain H equal to that card's H value.","每回合一次，当你获取机械卡牌, 获得H等同于 该卡牌之H值.",draft,pass6;pass13,Hedron Watchtower,RU,effect_text
car_111337b57cda,cards_lua,lua,,card=Matron of Discovery;field=display_name;set=RU,Matron of Discovery,发现主母,draft,,Matron of Discovery,RU,display_name
car_0a84f6b0e72d,cards_lua,lua,,card=Matron of Discovery;field=effect_text;set=RU,"Gain 2R.
MULTI-UNITE: Gain 1R.","获得2符文.
多重联合： 获得1符文.",draft,,Matron of Discovery,RU,effect_text
car_6c2ec698378a,cards_lua,lua,,card=Upgrade Foundry;field=display_name;set=RU,Upgrade Foundry,升级铸造厂,draft,,Upgrade Foundry,RU,display_name
car_28bf998cb121,cards_lua,lua,,card=Upgrade Foundry;field=effect_text;set=RU,"Once per turn, when you acquire a Mechana card, draw two cards.","每回合一次，当你获取机械卡牌, 抽两张牌.",draft,pass13,Upgrade Foundry,RU,effect_text
car_212fed82a391,cards_lua,lua,,card=Workshop Gargoyle;field=display_name;set=RU,Workshop Gargoyle,工坊石像鬼,draft,,Workshop Gargoyle,RU,display_name
car_3909f7ebd1d9,cards_lua,lua,,card=Workshop Gargoyle;field=effect_text;set=RU,"Once per turn, when you acquire a Mechana card, gain 1H.","每回合一次，当你获取机械卡牌, 获得1荣誉.",draft,pass13,Workshop Gargoyle,RU,effect_text
car_2c909cbc412b,cards_lua,lua,,card=Disciple of Euloth;field=display_name;set=RU,Disciple of Euloth,之徒·尤洛斯,draft,,Disciple of Euloth,RU,display_name
car_12e7ad31fab0,cards_lua,lua,,card=Disciple of Euloth;field=effect_text;set=RU,"While this is in your hand, if you have played another Mechana Hero this turn, transform this into Scion of Euloth.
Gain 1R and 1P.","当此 为在你的手牌中, 若你 已打出另一机械英雄本回合, 将此牌转化为后裔· 尤洛斯.
获得1符文和 1战力.",draft,pass6,Disciple of Euloth,RU,effect_text
car_49cb0e676687,cards_lua,lua,,card=Scion of Euloth;field=display_name;set=RU,Scion of Euloth,后裔·尤洛斯,draft,,Scion of Euloth,RU,display_name
car_930df5a7a039,cards_lua,lua,,card=Scion of Euloth;field=effect_text;set=RU,Gain 2R and 2P.,获得2符文和 2战力.,draft,,Scion of Euloth,RU,effect_text
car_73a6892cd04b,cards_lua,lua,,"card=Alset, Monk Prodigy;field=display_name;set=RU","Alset, Monk Prodigy",阿尔塞特·僧侣神童,draft,,"Alset, Monk Prodigy",RU,display_name
car_5c1cd06195a5,cards_lua,lua,,"card=Alset, Monk Prodigy;field=effect_text;set=RU","While this is in your hand, if you control 2 or more Constructs, transform this into Alset, Reactor Savant.
Gain 3R.","当此 为在你的手牌中, 若你控制的 2 或更高神器, 将此牌转化为阿尔塞特, 反应堆学者.
获得3符文.",draft,kw_pass3,"Alset, Monk Prodigy",RU,effect_text
car_0ab0d8042a27,cards_lua,lua,,"card=Alset, Reactor Savant;field=display_name;set=RU","Alset, Reactor Savant",阿尔塞特·反应堆学者,draft,,"Alset, Reactor Savant",RU,display_name
car_3a22b4981b9d,cards_lua,lua,,"card=Alset, Reactor Savant;field=effect_text;set=RU","Gain 4R.
When you acquire a Construct this turn, you may put it into play.","获得4符文.
当你获取神器本回合, 你可以将它放置进入战场.",draft,pass13,"Alset, Reactor Savant",RU,effect_text
car_757fc3b76826,cards_lua,lua,,card=Secluded Laboratory;field=display_name;set=RU,Secluded Laboratory,隐秘实验室,draft,,Secluded Laboratory,RU,display_name
car_30228775c6d5,cards_lua,lua,,card=Secluded Laboratory;field=effect_text;set=RU,"If you have played two or more Mechana Heroes, transform this into Zero Point Reactor.","若你打出过两 或更高机械英雄, 将此牌转化为零 点反应堆.",draft,,Secluded Laboratory,RU,effect_text
car_71931dc345ed,cards_lua,lua,,card=Zero Point Reactor;field=display_name;set=RU,Zero Point Reactor,零点反应堆,draft,,Zero Point Reactor,RU,display_name
car_77000ca84037,cards_lua,lua,,card=Zero Point Reactor;field=effect_text;set=RU,"Once per turn, gain 2R.",每回合一次，获得2符文.,draft,,Zero Point Reactor,RU,effect_text
car_36403142a4c3,cards_lua,lua,,card=Black Watch Exemplar;field=display_name;set=RU,Black Watch Exemplar,黑卫典范,draft,,Black Watch Exemplar,RU,display_name
car_a3f748564a8b,cards_lua,lua,,card=Black Watch Exemplar;field=effect_text;set=RU,"Gain 3P.
MULTI-UNITE: You may banish a card in your discard pile.","获得3战力.
多重联合： 你可以从你的弃牌堆放逐一张卡牌.",draft,pass13,Black Watch Exemplar,RU,effect_text
car_8677ff7648d8,cards_lua,lua,,card=Deathdealer Noble;field=display_name;set=RU,Deathdealer Noble,死神贵族,draft,,Deathdealer Noble,RU,display_name
car_5073145f39fb,cards_lua,lua,,card=Deathdealer Noble;field=effect_text;set=RU,"Gain 2P.
MULTI-UNITE: Gain 1P.","获得2战力.
多重联合： 获得1战力.",draft,,Deathdealer Noble,RU,effect_text
car_0783706a99f9,cards_lua,lua,,card=Shadow Stalker;field=display_name;set=RU,Shadow Stalker,暗影潜行者,draft,,Shadow Stalker,RU,display_name
car_1defeb727d25,cards_lua,lua,,card=Shadow Stalker;field=effect_text;set=RU,"You may banish a card in your discard pile.
Draw a card.","你可以从你的弃牌堆放逐一张卡牌.
抽一张牌.",draft,pass13,Shadow Stalker,RU,effect_text
car_84301be81fa5,cards_lua,lua,,card=Spike Vixen RU;field=display_name;set=RU,Spike Vixen,尖刺雌狐,draft,,Spike Vixen RU,RU,display_name
car_4f5798583d4c,cards_lua,lua,,card=Spike Vixen RU;field=effect_text;set=RU,"Gain 1P.
Draw a card.",获得1战力。抽一张牌。,draft,,Spike Vixen RU,RU,effect_text
car_3a399f3fd550,cards_lua,lua,,card=Disciple of Emri;field=display_name;set=RU,Disciple of Emri,之徒·艾姆瑞,draft,,Disciple of Emri,RU,display_name
car_6ab633267acb,cards_lua,lua,,card=Disciple of Emri;field=effect_text;set=RU,"While this is in your hand, if you have played another Void Hero this turn, transform this into Scion of Emri.
Gain 1P.
You may banish a card in your discard pile.","当此 为在你的手牌中, 若你 已打出另一虚空英雄本回合, 将此牌转化为后裔· 艾姆瑞.
获得1战力.
你可以从你的弃牌堆放逐一张卡牌.",draft,pass6;pass13,Disciple of Emri,RU,effect_text
car_5576b9d7cce5,cards_lua,lua,,card=Scion of Emri;field=display_name;set=RU,Scion of Emri,后裔·艾姆瑞,draft,,Scion of Emri,RU,display_name
car_125ce2db832f,cards_lua,lua,,card=Scion of Emri;field=effect_text;set=RU,"Gain 3P.
You may banish a card in your discard pile.","获得3战力.
你可以从你的弃牌堆放逐一张卡牌.",draft,pass13,Scion of Emri,RU,effect_text
car_731f90b3e480,cards_lua,lua,,"card=Emri, the Unmaker;field=display_name;set=RU","Emri, the Unmaker",解构者艾姆瑞,draft,,"Emri, the Unmaker",RU,display_name
car_c7b1c38471ae,cards_lua,lua,,"card=Emri, the Unmaker;field=effect_text;set=RU","While this is in your hand, if there are 8 or more Monsters in the Void, transform this into Emri, Demonsbane.
Gain 4P.","当此 为在你的手牌中, 若那里为 8 或更高怪物在 虚空区, 将此牌转化为恶魔克星艾姆瑞.
获得4战力.",draft,,"Emri, the Unmaker",RU,effect_text
car_607c06d47094,cards_lua,lua,,"card=Emri, Demonsbane;field=display_name;set=RU","Emri, Demonsbane",恶魔克星艾姆瑞,draft,,"Emri, Demonsbane",RU,display_name
car_4274c7f92b55,cards_lua,lua,,"card=Emri, Demonsbane;field=effect_text;set=RU","Gain 5P.
This turn, you may defeat Monsters in the Void as through they were in the center row. Put Monsters defeated this way on the bottom of the center deck.","获得5战力.
此回合, 你可以击败怪物在 虚空区作为穿过他们处于在中央牌列. 放置怪物被击败以此方式置于其底： 传送门牌库.",draft,,"Emri, Demonsbane",RU,effect_text
car_90a2081091b0,cards_lua,lua,,card=Initiate's Gauntlets;field=display_name;set=RU,Initiate's Gauntlets,新兵的护手,draft,,Initiate's Gauntlets,RU,display_name
car_b149a8533167,cards_lua,lua,,card=Initiate's Gauntlets;field=effect_text;set=RU,"If you have played two or more Void Heroes this turn, transform this into Clutch of Darkness.","若你打出过两 或更高虚空英雄本回合, 将此牌转化为黑暗之握.",draft,,Initiate's Gauntlets,RU,effect_text
car_e2dec8842347,cards_lua,lua,,card=Clutch of Darkness;field=display_name;set=RU,Clutch of Darkness,黑暗之握,draft,,Clutch of Darkness,RU,display_name
car_8dabd56719a1,cards_lua,lua,,card=Clutch of Darkness;field=effect_text;set=RU,"Once per turn, gain 2P.",每回合一次，获得2战力.,draft,,Clutch of Darkness,RU,effect_text
car_8c8c72120c09,cards_lua,lua,,card=Canon Templar;field=display_name;set=RU,Canon Templar,圣典圣殿武士,draft,,Canon Templar,RU,display_name
car_435e92e2705d,cards_lua,lua,,card=Canon Templar;field=effect_text;set=RU,"Gain 2R.
You may defeat a Monster with P cost less than or equal to the R cost of a Construct you control.","获得2符文.
你可以击败一个怪物以P费用低于或 等同于R费用的 神器你控制的.",draft,pass6,Canon Templar,RU,effect_text
car_4e04eeb5ee05,cards_lua,lua,,card=Deathbound Druid;field=display_name;set=RU,Deathbound Druid,缚死德鲁伊,draft,,Deathbound Druid,RU,display_name
car_7671cfdb398a,cards_lua,lua,,card=Deathbound Druid;field=effect_text;set=RU,"Gain 3H.
You may banish a card in your discard pile.","获得3荣誉.
你可以从你的弃牌堆放逐一张卡牌.",draft,pass13,Deathbound Druid,RU,effect_text
car_5013080de423,cards_lua,lua,,card=Nightmare Delver;field=display_name;set=RU,Nightmare Delver,梦魇深掘者,draft,,Nightmare Delver,RU,display_name
car_6341eb10c70d,cards_lua,lua,,card=Nightmare Delver;field=effect_text;set=RU,"Gain 2R.
If you control two or more Constructs, you may banish a card in your discard pile.","获得2符文.
若你控制的两 或更高神器, 你可以从你的弃牌堆放逐一张卡牌.",draft,kw_pass3;pass13,Nightmare Delver,RU,effect_text
car_077201572ac7,cards_lua,lua,,card=Timestream Seer;field=display_name;set=RU,Timestream Seer,时流预言者,draft,,Timestream Seer,RU,display_name
car_2caf721b0fc8,cards_lua,lua,,card=Timestream Seer;field=effect_text;set=RU,"Gain 2R.
You may banish a card in the center row.","获得2符文.
你可以放逐中央牌列的一张卡牌.",draft,pass13,Timestream Seer,RU,effect_text
car_49e64f743da9,cards_lua,lua,,card=Voidforged Paladin;field=display_name;set=RU,Voidforged Paladin,虚空锻圣骑士,draft,,Voidforged Paladin,RU,display_name
car_dadbaf409d94,cards_lua,lua,,card=Voidforged Paladin;field=effect_text;set=RU,"Gain 2P.
The first time you defeat a Monster in the center row this turn, draw two cards.","获得2战力.
 首先次 你在中央牌列击败一个怪物本回合, 抽两张牌.",draft,pass13,Voidforged Paladin,RU,effect_text
car_dc4289ebacff,cards_lua,lua,,card=Wildgear Druid;field=display_name;set=RU,Wildgear Druid,野性齿轮德鲁伊,draft,,Wildgear Druid,RU,display_name
car_2089fd42d768,cards_lua,lua,,card=Wildgear Druid;field=effect_text;set=RU,"Gain 2R.
If you control two or more Constructs, gain 2H.","获得2符文.
若你控制的两 或更高神器, 获得2荣誉.",draft,kw_pass3,Wildgear Druid,RU,effect_text
car_4aa836ecf197,cards_lua,lua,,card=Foundation Burrower;field=display_name;set=RU,Foundation Burrower,根基钻地者,draft,,Foundation Burrower,RU,display_name
car_04dd5e870b6a,cards_lua,lua,,card=Foundation Burrower;field=effect_text;set=RU,REWARD: Gain 1H. You may banish a card in the center row.,奖励： 获得1荣誉. 你可以放逐中央牌列的一张卡牌.,draft,pass13,Foundation Burrower,RU,effect_text
car_f86344afc150,cards_lua,lua,,card=Sadistic Giant;field=display_name;set=RU,Sadistic Giant,虐杀巨人,draft,,Sadistic Giant,RU,display_name
car_555a09de0d0a,cards_lua,lua,,card=Sadistic Giant;field=effect_text;set=RU,REWARD: Gain 5H.,奖励： 获得5荣誉.,draft,,Sadistic Giant,RU,effect_text
car_e7c79b1822ef,cards_lua,lua,,card=Sower of Betrayal;field=display_name;set=RU,Sower of Betrayal,播种者背叛,draft,,Sower of Betrayal,RU,display_name
car_cca050db6141,cards_lua,lua,,card=Sower of Betrayal;field=effect_text;set=RU,REWARD: Gain 3H. Name a faction. Gain an additional 2H for each Hero of that faction you have played this turn.,奖励： 获得3荣誉. 命名派系. 获得额外的 2荣誉以 每个英雄的 该派系你 已打出本回合.,draft,pass6,Sower of Betrayal,RU,effect_text
car_4c44767b3cbb,cards_lua,lua,,card=Sower of Discontent;field=display_name;set=RU,Sower of Discontent,播种者不满,draft,,Sower of Discontent,RU,display_name
car_598774b35ba8,cards_lua,lua,,card=Sower of Discontent;field=effect_text;set=RU,REWARD: Gain 2H. Name a faction. Gain an additional 1H for each Hero of that faction you have played this turn.,奖励： 获得2荣誉. 命名派系. 获得额外的 1荣誉以 每个英雄的 该派系你 已打出本回合.,draft,pass6,Sower of Discontent,RU,effect_text
car_7a0433165aa8,cards_lua,lua,,card=Terrorizing Fiend;field=display_name;set=RU,Terrorizing Fiend,威吓邪魔,draft,,Terrorizing Fiend,RU,display_name
car_2c2fad7359dc,cards_lua,lua,,card=Terrorizing Fiend;field=effect_text;set=RU,REWARD: Gain 2H. Draw two cards.,奖励： 获得2荣誉. 抽两张牌.,draft,,Terrorizing Fiend,RU,effect_text
car_b27212f8a01f,cards_lua,lua,,card=Wailing Spectre;field=display_name;set=RU,Wailing Spectre,哀嚎幽灵,draft,,Wailing Spectre,RU,display_name
car_d18114213744,cards_lua,lua,,card=Wailing Spectre;field=effect_text;set=RU,REWARD: Gain 4H. You may banish up to two cards in your discard pile.,奖励： 获得4荣誉. 你可以放逐至多两 卡牌在你的弃牌堆.,draft,,Wailing Spectre,RU,effect_text
car_42bb2a2bd4ed,cards_lua,lua,,card=Borderland Nihilist;field=display_name;set=RU,Borderland Nihilist,边地虚无者,draft,,Borderland Nihilist,RU,display_name
car_6f212a6b059c,cards_lua,lua,,card=Borderland Nihilist;field=effect_text;set=RU,REWARD: Transform this into Borderland Mercenary and acquire it.,奖励： 将此牌转化为边地佣兵并获取它.,draft,pass11,Borderland Nihilist,RU,effect_text
car_5063291d8c41,cards_lua,lua,,card=Borderland Mercenary;field=display_name;set=RU,Borderland Mercenary,边地佣兵,draft,,Borderland Mercenary,RU,display_name
car_3fe95c2f8eb1,cards_lua,lua,,card=Borderland Mercenary;field=effect_text;set=RU,"Draw a card.
Name a faction. This Hero counts as that faction this turn.","抽一张牌.
命名派系. 此英雄视为该 派系本回合.",draft,pass6,Borderland Mercenary,RU,effect_text
car_9fd58b0ec0b5,cards_lua,lua,,card=Adayu the Tormented;field=display_name;set=RU,Adayu the Tormented,阿达尤受折磨,draft,,Adayu the Tormented,RU,display_name
car_ee54b1612013,cards_lua,lua,,card=Adayu the Tormented;field=effect_text;set=RU,REWARD: Transform this into Adayu the Serene and acquire it.,奖励： 将此牌转化为阿达尤宁静并获取它.,draft,pass11,Adayu the Tormented,RU,effect_text
car_cd834cde524b,cards_lua,lua,,card=Adayu the Serene;field=display_name;set=RU,Adayu the Serene,阿达尤宁静,draft,,Adayu the Serene,RU,display_name
car_b702fe7ce3ff,cards_lua,lua,,card=Adayu the Serene;field=effect_text;set=RU,"This Hero counts as all factions.
Gain 1R, 1P and 1H. Draw a card.
MULTI-UNITE: Gain 1R for each Mechana Hero, 1P for each Void Hero,1H for each Lifebound Hero, and draw a card for each Enlightened Hero you play or have played this turn.","此英雄视为所有派系.
获得1符文, 1战力和 1荣誉. 抽一张牌.
多重联合： 获得1符文以 每个机械英雄, 1战力以 每个虚空英雄,1荣誉以 每个命约英雄, 和抽一张牌以 每个圣贤英雄你 打出或 已打出本回合.",draft,pass6,Adayu the Serene,RU,effect_text
car_3ed861db8452,cards_lua,lua,,card=Eye of Potential;field=display_name;set=,Eye of Potential,潜能之眼,draft,,Eye of Potential,,display_name
car_3ccbacaa8a47,cards_lua,lua,,card=Eye of Potential;field=effect_text;set=,"Once per turn, you may banish a card in your hand. If you do, acquire a Mystic or Heavy Infantry without paying its cost and put it in your hand.",每回合一次，你可以从你的手牌放逐一张卡牌. 若你如此做，无需支付费用获取秘教士或重装步兵，并将其放入你的手牌.,draft,pass6;pass13,Eye of Potential,,effect_text
car_aedb76f0f0f2,cards_lua,lua,,"card=Cetra, Benefactor of All;field=display_name;set=","Cetra, Benefactor of All",所有之恩塞特拉,draft,pass6,"Cetra, Benefactor of All",,display_name
car_9e34e84ddb0a,cards_lua,lua,,"card=Cetra, Benefactor of All;field=effect_text;set=","Starting with you, and then going in turn order, each player acquires a Hero without paying its cost. The Heroes acquired this way are put on top of their owners' decks.",从你开始，再按回合顺序，每位玩家无需支付费用获取一张英雄。以此方式获取的英雄置于其拥有者的牌库顶。,draft,qa_pass2,"Cetra, Benefactor of All",,effect_text
car_8e53841636c4,cards_lua,lua,,card=Nyxian Corruptor;field=display_name;set=,Nyxian Corruptor,尼克斯腐蚀者,draft,,Nyxian Corruptor,,display_name
car_ab895ad61ab8,cards_lua,lua,,card=Nyxian Corruptor;field=effect_text;set=,"Gain 3P.
You may spend R as though it was P this turn.","获得3战力.
你可以花费R视为P本回合.",draft,,Nyxian Corruptor,,effect_text
car_307016b63f57,cards_lua,lua,,card=Sadistic Laboratory;field=display_name;set=,Sadistic Laboratory,虐杀实验室,draft,,Sadistic Laboratory,,display_name
car_e47402f57354,cards_lua,lua,,card=Sadistic Laboratory;field=effect_text;set=,"Once per turn, gain 1P.
When you defeat a Monster in the Center Row, banish any Monsters under this and place the defeated monster under this. You may defeat the monster under this as though it were in the center row. If this leaves play, banish any monsters under this.","每回合一次，获得 1 战力。
当你在中央牌列击败怪物时，放逐此牌下方的所有怪物，并将被击败的怪物置于此牌下方。你可以视同中央牌列击败此牌下方的怪物。若此牌离开战场，放逐其下方的所有怪物。",draft,pass4,Sadistic Laboratory,,effect_text
car_b7b021254cd8,cards_lua,lua,,card=Foul Replicant;field=display_name;set=,Foul Replicant,污秽复制体,draft,,Foul Replicant,,display_name
car_27716e62b881,cards_lua,lua,,card=Foul Replicant;field=effect_text;set=,"REWARD: Gain 4H.
ONGOING TROPHY: Once per turn, choose a Construct you control. This gains the text of the chosen Construct for this turn.","奖励：获得 4 荣誉。
持续战利品：每回合一次，选择一件你控制的神器。本回合此牌获得所选神器的文字效果。",draft,qa_pass2,Foul Replicant,,effect_text
car_69bf9a927ec2,cards_lua,lua,,card=Dhartha;field=display_name;set=DoC,Dhartha,达萨,draft,,Dhartha,DoC,display_name
car_bff6c6cc5c6e,cards_lua,lua,,card=Dhartha;field=effect_text;set=DoC,"+1: Whenever you acquire or defeat an Enlightened card from the center row, gain 1rep.
",+1：每当你从中央牌列获取或击败圣贤卡牌时，获得 1 名望。,draft,pass4,Dhartha,DoC,effect_text
car_1ae824077c51,cards_lua,lua,,"card=Dhartha, Master of Sight;field=display_name;set=DoC","Dhartha, Master of Sight",达萨·大师视界,draft,,"Dhartha, Master of Sight",DoC,display_name
car_3a63b7c4a812,cards_lua,lua,,"card=Dhartha, Master of Sight;field=effect_text;set=DoC","You may banish this or a card in your hand. If you do, acquire a Mystic or Heavy Infantry without paying its cost and put it in your hand.",你可以放逐此牌或 卡牌在你的手牌中. 若你如此做，无需支付费用获取秘教士或重装步兵，并将其放入你的手牌.,draft,pass6;pass13,"Dhartha, Master of Sight",DoC,effect_text
car_f3022cdc96d7,cards_lua,lua,,card=Nairi;field=display_name;set=DoC,Nairi,奈莉,draft,,Nairi,DoC,display_name
car_7ee60e350410,cards_lua,lua,,card=Nairi;field=effect_text;set=DoC,"+1: Whenever you acquire or defeat an Lifebound card from the center row, gain 1rep.
",+1：每当你从中央牌列获取或击败命约卡牌时，获得 1 名望。,draft,pass4,Nairi,DoC,effect_text
car_ecdcc1acc954,cards_lua,lua,,"card=Nairi, Wild Queen;field=display_name;set=DoC","Nairi, Wild Queen",奈莉·荒野女王,draft,,"Nairi, Wild Queen",DoC,display_name
car_a1c08858ba84,cards_lua,lua,,"card=Nairi, Wild Queen;field=effect_text;set=DoC","Gain 1H. Draw a card.
UNITE: Gain 1H. Draw a card.","获得1荣誉. 抽一张牌.
联合： 获得1荣誉. 抽一张牌.",draft,,"Nairi, Wild Queen",DoC,effect_text
car_f5cae13479e7,cards_lua,lua,,card=Kor;field=display_name;set=DoC,Kor,科尔,draft,,Kor,DoC,display_name
car_1bc657dd61ca,cards_lua,lua,,card=Kor;field=effect_text;set=DoC,"+1: Whenever you acquire or defeat an Mechana card from the center row, gain 1rep.
",+1：每当你从中央牌列获取或击败机械卡牌时，获得 1 名望。,draft,pass4,Kor,DoC,effect_text
car_fe455058e683,cards_lua,lua,,"card=Kor, the Ironmind;field=display_name;set=DoC","Kor, the Ironmind",科尔·铁心,draft,,"Kor, the Ironmind",DoC,display_name
car_61421e4d45e9,cards_lua,lua,,"card=Kor, the Ironmind;field=effect_text;set=DoC","Gain 2R and 2P.
If you control two or more Constructs, draw a card.","获得2符文和 2战力.
若你控制的两 或更高神器, 抽一张牌.",draft,kw_pass3,"Kor, the Ironmind",DoC,effect_text
car_f9f2db7e940d,cards_lua,lua,,card=Sadranis;field=display_name;set=DoC,Sadranis,萨德拉尼斯,draft,,Sadranis,DoC,display_name
car_a02de04b9238,cards_lua,lua,,card=Sadranis;field=effect_text;set=DoC,"+1: Whenever you acquire or defeat an Void card from the center row, gain 1rep.
",+1：每当你从中央牌列获取或击败虚空卡牌时，获得 1 名望。,draft,pass4,Sadranis,DoC,effect_text
car_f16a1536d674,cards_lua,lua,,"card=Sadranis, Dark Savant;field=display_name;set=DoC","Sadranis, Dark Savant",萨德拉尼斯·黑暗学者,draft,,"Sadranis, Dark Savant",DoC,display_name
car_aeb76a7adea8,cards_lua,lua,,"card=Sadranis, Dark Savant;field=effect_text;set=DoC","Draw two cards, then discard a card. You may banish a card in your discard pile.","抽两张牌, 然后弃掉卡牌. 你可以从你的弃牌堆放逐一张卡牌.",draft,pass13,"Sadranis, Dark Savant",DoC,effect_text
car_0f883d131b41,cards_lua,lua,,card=Seer of Days Past;field=display_name;set=DoC,Seer of Days Past,预言者往日过去,draft,,Seer of Days Past,DoC,display_name
car_cbbd80b8f033,cards_lua,lua,,card=Seer of Days Past;field=effect_text;set=DoC,"When you acquire this, Rally: Enlightened.
Draw a card. If you have 8rep or more, draw an additional card.","当你获取此牌时，集结：圣贤。
抽一张牌。若你有 8 点或更多名望，额外抽一张牌。",draft,pass4,Seer of Days Past,DoC,effect_text
car_68c0ad3988cf,cards_lua,lua,,card=Daybreak Askara;field=display_name;set=DoC,Daybreak Askara,破晓阿斯卡拉,draft,,Daybreak Askara,DoC,display_name
car_8b5ab9e092b0,cards_lua,lua,,card=Daybreak Askara;field=effect_text;set=DoC,"Copy the effect of a Hero play this turn. If the Hero was Enlightened, copy that Hero's effect an additional time. This effect cannot be copied.","复制效果的 英雄打出本回合. 若英雄曾是圣贤, 复制该 英雄之效果额外的次. 此效果不能是 被复制.",draft,pass5,Daybreak Askara,DoC,effect_text
car_9595248852db,cards_lua,lua,,card=Austere Sage;field=display_name;set=DoC,Austere Sage,严苛贤者,draft,,Austere Sage,DoC,display_name
car_456f1dab53fb,cards_lua,lua,,card=Austere Sage;field=effect_text;set=DoC,"Draw a card.
You may banish a card in the center row, then Rally: Enlightened.","抽一张牌.
你可以放逐中央牌列的一张卡牌, 然后集结: 圣贤.",draft,pass5;pass13,Austere Sage,DoC,effect_text
car_025af8a0a87b,cards_lua,lua,,card=Serene Ascetic;field=display_name;set=DoC,Serene Ascetic,宁静苦行僧,draft,,Serene Ascetic,DoC,display_name
car_c71e86d33616,cards_lua,lua,,card=Serene Ascetic;field=effect_text;set=DoC,"When you acquire this, you may put it on top of your deck.
Draw two cards.","当你获取此, 你可以将它放置放到你的牌库顶.
抽两张牌.",draft,pass13,Serene Ascetic,DoC,effect_text
car_fd7a4326824b,cards_lua,lua,,"card=Surya, Light's Sword;field=display_name;set=DoC","Surya, Light's Sword",苏尔亚·光明的剑,draft,,"Surya, Light's Sword",DoC,display_name
car_09c96c39dc62,cards_lua,lua,,"card=Surya, Light's Sword;field=effect_text;set=DoC","Defeat a Monster in the center row without paying its cost.If it cost 7P or more, take an additional turn after this one.","在中央牌列击败一个怪物无需支付费用.若它 费用 7战力或更高, 拿取额外回合在此之后.",draft,pass13,"Surya, Light's Sword",DoC,effect_text
car_0b592218db56,cards_lua,lua,,card=Mantra of Renewal;field=display_name;set=DoC,Mantra of Renewal,真言更新,draft,,Mantra of Renewal,DoC,display_name
car_3394096a7484,cards_lua,lua,,card=Mantra of Renewal;field=effect_text;set=DoC,"Once per turn, if you have played two or more Enlightened cards (including this one), draw a card.","每回合一次，若你 已打出两 或更高圣贤卡牌 (包括此牌), 抽一张牌.",draft,pass5;pass6,Mantra of Renewal,DoC,effect_text
car_66f4b3945607,cards_lua,lua,,card=Premonition Bell;field=display_name;set=DoC,Premonition Bell,预感钟,draft,,Premonition Bell,DoC,display_name
car_8e3ca44377e4,cards_lua,lua,,card=Premonition Bell;field=effect_text;set=DoC,You may destroy this to copy the effect of a Hero in the center row with cost 5R or less.,你可以摧毁此 以复制效果的 英雄在中央牌列以 费用 5符文或更低.,draft,,Premonition Bell,DoC,effect_text
car_a6534f5c6a95,cards_lua,lua,,card=Pack Leader;field=display_name;set=DoC,Pack Leader,兽群首领,draft,,Pack Leader,DoC,display_name
car_d9a49206c3cb,cards_lua,lua,,card=Pack Leader;field=effect_text;set=DoC,"When you acquire this, Rally: Lifebound.
Gain 2R.
You may spend R as though it was power to defeat Lifebound Monsters this turn.","当你获取此, 集结: 生命.
获得2符文.
你可以花费R视为战力以 击败命约怪物本回合.",draft,pass5;pass13,Pack Leader,DoC,effect_text
car_19efb140aee4,cards_lua,lua,,card=Ogo Courier;field=display_name;set=DoC,Ogo Courier,奥戈信使,draft,,Ogo Courier,DoC,display_name
car_fc46518d4b18,cards_lua,lua,,card=Ogo Courier;field=effect_text;set=DoC,"Gain 2R.
The next time you acquire a Hero in the center row, Rally: Lifebound.","获得2符文.
下次你获取中央牌列的一张英雄, 集结: 生命.",draft,pass13,Ogo Courier,DoC,effect_text
car_57df10168efd,cards_lua,lua,,card=Moonveil Clique;field=display_name;set=DoC,Moonveil Clique,月纱小圈子,draft,,Moonveil Clique,DoC,display_name
car_9a70af906b18,cards_lua,lua,,card=Moonveil Clique;field=effect_text;set=DoC,"Gain 2R.
UNITE: At the end of the turn, put this in your hand instead of your discard pile.","获得 2 符文。
联合：回合结束时，将此牌放入你的手牌而非弃牌堆。",draft,pass13,Moonveil Clique,DoC,effect_text
car_0d638e96ae77,cards_lua,lua,,card=Emissary of Dawn;field=display_name;set=DoC,Emissary of Dawn,使者黎明,draft,,Emissary of Dawn,DoC,display_name
car_22d3a3dcfd70,cards_lua,lua,,card=Emissary of Dawn;field=effect_text;set=DoC,Acquire a Hero without paying its cost. Gain H equal to its H value.,获取一个英雄无需支付费用. 获得H等同于 其H值.,draft,pass6,Emissary of Dawn,DoC,effect_text
car_af930ac39774,cards_lua,lua,,card=Flytrap Staff;field=display_name;set=DoC,Flytrap Staff,捕蝇草法杖,draft,,Flytrap Staff,DoC,display_name
car_2650b48769be,cards_lua,lua,,card=Flytrap Staff;field=effect_text;set=DoC,"Once per turn, if you have played two or more Lifebound cards (including this one), gain 2H.","每回合一次，若你 已打出两 或更高命约卡牌 (包括此牌), 获得2荣誉.",draft,pass5;pass6,Flytrap Staff,DoC,effect_text
car_fcdacec40157,cards_lua,lua,,card=Starlight Sanctum;field=display_name;set=DoC,Starlight Sanctum,星光圣所,draft,,Starlight Sanctum,DoC,display_name
car_88c40ac9904a,cards_lua,lua,,card=Starlight Sanctum;field=effect_text;set=DoC,"Once per turn, gain 2R.
Once per turn, when you acquire a Hero in the center row, you may acquire a Hero of equal or lesser cost without paying its cost.","每回合一次，获得 2 符文。
每回合一次，当你获取中央牌列的一张英雄时，你可以无需支付费用再获取一张费用相等或更低的英雄。",draft,pass13,Starlight Sanctum,DoC,effect_text
car_6e9328533b12,cards_lua,lua,,card=Overhaul Cleric;field=display_name;set=DoC,Overhaul Cleric,大修神职者,draft,,Overhaul Cleric,DoC,display_name
car_06670d306afd,cards_lua,lua,,card=Overhaul Cleric;field=effect_text;set=DoC,"When you acquire this, Rally: Mechana.
Gain 2R.
If you control two or more Constructs, gain an additional 1R.","当你获取此, 集结: 机械.
获得2符文.
若你控制的两 或更高神器, 获得额外的 1符文.",draft,kw_pass3;pass13,Overhaul Cleric,DoC,effect_text
car_1f75ac5768fa,cards_lua,lua,,card=Prospector Scout;field=display_name;set=DoC,Prospector Scout,探矿者斥候,draft,,Prospector Scout,DoC,display_name
car_24a4e2cb9e79,cards_lua,lua,,card=Prospector Scout;field=effect_text;set=DoC,"Gain 2R.
The next time you acquire a Construct in the center row this turn, Rally: Mechana.","获得2符文.
下次你获取神器在中央牌列本回合, 集结: 机械.",draft,,Prospector Scout,DoC,effect_text
car_e5a4a65a1a12,cards_lua,lua,,"card=Adam, Builder Adept;field=display_name;set=DoC","Adam, Builder Adept",亚当·建造者能手,draft,,"Adam, Builder Adept",DoC,display_name
car_1b9cf3376329,cards_lua,lua,,"card=Adam, Builder Adept;field=effect_text;set=DoC","When you acquire this, you may acquire a Construct in the center row without paying its cost.
Gain 4R.","当你获取此, 你可以获取神器在中央牌列无需支付费用.
获得4符文.",draft,pass13,"Adam, Builder Adept",DoC,effect_text
car_5968350ef79c,cards_lua,lua,,card=Spark Bug;field=display_name;set=DoC,Spark Bug,火花虫,draft,,Spark Bug,DoC,display_name
car_69b364a4e163,cards_lua,lua,,card=Spark Bug;field=effect_text;set=DoC,"Once per turn, if you have played two or more Mechana cards (including this one), gain 2R.","每回合一次，若你 已打出两 或更高机械卡牌 (包括此牌), 获得2符文.",draft,pass6,Spark Bug,DoC,effect_text
car_56ded1e15ad9,cards_lua,lua,,card=Gnome Repairbot;field=display_name;set=DoC,Gnome Repairbot,侏儒修理机,draft,,Gnome Repairbot,DoC,display_name
car_06677c0ecc8b,cards_lua,lua,,card=Gnome Repairbot;field=effect_text;set=DoC,"Once per turn, you may put a Mechana Construct from your discard pile on top of your deck.",每回合一次，你可以放置机械神器从 你的弃牌堆放到你的牌库顶.,draft,,Gnome Repairbot,DoC,effect_text
car_d2cc739e9fcc,cards_lua,lua,,card=Plasma Cannon;field=display_name;set=DoC,Plasma Cannon,等离子加农,draft,,Plasma Cannon,DoC,display_name
car_7c293d365380,cards_lua,lua,,card=Plasma Cannon;field=effect_text;set=DoC,"Once per turn, if you control four or more Mechana Constructs, you may acquire or defeat any card in the center row without paying its cost.","每回合一次，若你控制的四 或更高机械神器, 你可以获取或 击败任意卡牌在中央牌列无需支付费用.",draft,,Plasma Cannon,DoC,effect_text
car_dee3c9ca1960,cards_lua,lua,,card=Conversion Port;field=display_name;set=DoC,Conversion Port,转化端口,draft,,Conversion Port,DoC,display_name
car_07f9708c8ed8,cards_lua,lua,,card=Conversion Port;field=effect_text;set=DoC,You may treat all Constructs as though they are all factions.,你可以将所有神器作为如同他们为 所有派系.,draft,kw_pass3,Conversion Port,DoC,effect_text
car_6dd7588615f3,cards_lua,lua,,card=Emri's Sting;field=display_name;set=DoC,Emri's Sting,艾姆瑞的毒刺,draft,,Emri's Sting,DoC,display_name
car_e37f28d6d060,cards_lua,lua,,card=Emri's Sting;field=effect_text;set=DoC,"Once per turn, gain 2P.
When this enters play, you may banish a card in your hand or discard pile.","每回合一次，获得2战力.
当此牌进入战场时, 你可以从你的手牌或弃牌堆放逐一张卡牌.",draft,pass13,Emri's Sting,DoC,effect_text
car_b033ad611cf2,cards_lua,lua,,card=Undaunted Scout;field=display_name;set=DoC,Undaunted Scout,无畏斥候,draft,,Undaunted Scout,DoC,display_name
car_b98f42545a58,cards_lua,lua,,card=Undaunted Scout;field=effect_text;set=DoC,"When you acquire this, Rally: Void.
Gain 2P.","当你获取此, 集结: 虚空.
获得2战力.",draft,pass13,Undaunted Scout,DoC,effect_text
car_adb7820695d5,cards_lua,lua,,card=Maniacal Crusher;field=display_name;set=DoC,Maniacal Crusher,狂乱粉碎者,draft,,Maniacal Crusher,DoC,display_name
car_09c17a48647d,cards_lua,lua,,card=Maniacal Crusher;field=effect_text;set=DoC,"Gain 2P.
The next time you defeat a Monster in the center row this turn, Rally: Void.","获得2战力.
本回合下次你在中央牌列击败怪物时, 集结: 虚空.",draft,pass13,Maniacal Crusher,DoC,effect_text
car_cd7648ac9f9c,cards_lua,lua,,card=Riftgate Conjuror;field=display_name;set=DoC,Riftgate Conjuror,裂隙门咒术师,draft,,Riftgate Conjuror,DoC,display_name
car_7ebd80822eb0,cards_lua,lua,,card=Riftgate Conjuror;field=effect_text;set=DoC,"Gain 3P.
The next time you defeat a Void Monster this turn, gain its reward an additional time.","获得 3 战力。
本回合下次你击败虚空怪物时，额外获得一次其奖励。",draft,pass4,Riftgate Conjuror,DoC,effect_text
car_da39895109ba,cards_lua,lua,,card=Shade's Bargain;field=display_name;set=DoC,Shade's Bargain,暗影交易,draft,,Shade's Bargain,DoC,display_name
car_1a805ef15dab,cards_lua,lua,,card=Shade's Bargain;field=effect_text;set=DoC,"Once per turn, if you have played two or more Void cards (including this one), gain 2P.","每回合一次，若你 已打出两 或更高虚空卡牌 (包括此牌), 获得2战力.",draft,pass6,Shade's Bargain,DoC,effect_text
car_1406a8dbdbe2,cards_lua,lua,,card=Morbid Hammer;field=display_name;set=DoC,Morbid Hammer,病态锤,draft,,Morbid Hammer,DoC,display_name
car_21ec8b04972b,cards_lua,lua,,card=Morbid Hammer;field=effect_text;set=DoC,"Once per turn, gain 1P.
When this enters play, you may banish a card in your hand or discard pile.","每回合一次，获得1战力.
当此牌进入战场时, 你可以从你的手牌或弃牌堆放逐一张卡牌.",draft,pass13,Morbid Hammer,DoC,effect_text
car_0ec20bbcf40c,cards_lua,lua,,card=Rootscryer;field=display_name;set=DoC,Rootscryer,根卜者,draft,,Rootscryer,DoC,display_name
car_d8857cb6f5fc,cards_lua,lua,,card=Rootscryer;field=effect_text;set=DoC,"Reveal the top card of your deck and put it into your hand. If it is Enlightened or Lifebound, gain 3H.","展示你牌库顶的卡牌，并将其放入你的手牌. 若它 为圣贤或 命约, 获得3荣誉.",draft,pass5;pass6;pass13,Rootscryer,DoC,effect_text
car_dd1e472e91c4,cards_lua,lua,,card=Canopy Sanctuary;field=display_name;set=DoC,Canopy Sanctuary,树冠圣所,draft,,Canopy Sanctuary,DoC,display_name
car_c1b2d10c690b,cards_lua,lua,,card=Canopy Sanctuary;field=effect_text;set=DoC,"Once per turn, you may reveal the top card of your deck and put it in your hand. If it is Enlightened or Lifebound, gain 3H.","每回合一次，你可以展示你牌库顶的卡牌，并将其放入你的手牌. 若它 为圣贤或 命约, 获得3荣誉.",draft,pass5;pass6;pass13,Canopy Sanctuary,DoC,effect_text
car_1152273f5754,cards_lua,lua,,card=Surge Protector;field=display_name;set=DoC,Surge Protector,浪涌保护者,draft,,Surge Protector,DoC,display_name
car_64ed44c61087,cards_lua,lua,,card=Surge Protector;field=effect_text;set=DoC,"Choose one: Acquire a Contruct with cost 5R or less without paying its cost, or defeat a Monster with cost 5P or less without paying its cost.","选择一项：获取一个神器以 费用 5符文或更低无需支付费用, 或击败一个怪物以 费用 5战力或更低无需支付费用.",draft,pass13,Surge Protector,DoC,effect_text
car_fdcf7440d678,cards_lua,lua,,card=Library Familiar;field=display_name;set=DoC,Library Familiar,图书馆使魔,draft,,Library Familiar,DoC,display_name
car_bf4a64963612,cards_lua,lua,,card=Library Familiar;field=effect_text;set=DoC,"Once per turn, when you play an Enlightened Construct or a Mechana Construct (including this one), draw a card.","每回合一次，当你 打出圣贤神器或 机械神器 (包括此牌), 抽一张牌.",draft,pass5;pass6,Library Familiar,DoC,effect_text
car_859c4f36ef60,cards_lua,lua,,card=Guide of Lost Souls;field=display_name;set=DoC,Guide of Lost Souls,迷途灵魂向导,draft,,Guide of Lost Souls,DoC,display_name
car_0c908ad37f74,cards_lua,lua,,card=Guide of Lost Souls;field=effect_text;set=DoC,"You may banish a card in your hand or discard pile. If you do, replace it with a Mystic or Heavy Infantry.",你可以从你的手牌或弃牌堆放逐一张卡牌. 若你如此做，将其替换为 秘教士或 重装步兵.,draft,pass13,Guide of Lost Souls,DoC,effect_text
car_bd75c7efd3fc,cards_lua,lua,,card=Riftdrake Rider;field=display_name;set=DoC,Riftdrake Rider,裂隙龙兽骑手,draft,,Riftdrake Rider,DoC,display_name
car_4c25bd69ac67,cards_lua,lua,,card=Riftdrake Rider;field=effect_text;set=DoC,"Draw two cards.
You may banish up to two cards in your hand or discard pile.","抽两张牌.
你可以放逐至多两 卡牌在你的手牌或弃牌堆.",draft,,Riftdrake Rider,DoC,effect_text
car_1673a9439860,cards_lua,lua,,card=Wildgear Sower;field=display_name;set=DoC,Wildgear Sower,野性齿轮播种者,draft,,Wildgear Sower,DoC,display_name
car_e225e20eaa34,cards_lua,lua,,card=Wildgear Sower;field=effect_text;set=DoC,"Gain 2R.
Gain 1H for each faction among Constructs your control. (Factions are Enlightened, Lifebound, Mechana and Void).","获得2符文.
获得1荣誉以 每个派系之中神器你的控制. (派系为圣贤, 命约, 机械和 虚空).",draft,kw_pass3;pass5,Wildgear Sower,DoC,effect_text
car_bd366a709bcd,cards_lua,lua,,card=Genesis Capsule;field=display_name;set=DoC,Genesis Capsule,创世舱,draft,,Genesis Capsule,DoC,display_name
car_3b5ac50108d2,cards_lua,lua,,card=Genesis Capsule;field=effect_text;set=DoC,"Once per turn, when you acquire a Lifebound Hero or Mechana Construct, you may put it on top of your deck.","每回合一次，当你获取命约英雄或 机械神器, 你可以将它放置放到你的牌库顶.",draft,pass13,Genesis Capsule,DoC,effect_text
car_d2c6ef7d654b,cards_lua,lua,,card=Shepherd of the Lost;field=display_name;set=DoC,Shepherd of the Lost,牧者迷失,draft,,Shepherd of the Lost,DoC,display_name
car_624e9f03d37a,cards_lua,lua,,card=Shepherd of the Lost;field=effect_text;set=DoC,"Gain 2R.
If this is banished from your hand or discard pile, gain 5H.","获得2符文.
若此 为被放逐从你的手牌或 弃牌堆, 获得5荣誉.",draft,,Shepherd of the Lost,DoC,effect_text
car_cf113b26c2c8,cards_lua,lua,,card=Muse of Rebirth;field=display_name;set=DoC,Muse of Rebirth,缪斯重生,draft,,Muse of Rebirth,DoC,display_name
car_8d3f571bb9fe,cards_lua,lua,,card=Muse of Rebirth;field=effect_text;set=DoC,"Gain 2R.
You may banish a card in your hand or discard pile.","获得2符文.
你可以从你的手牌或弃牌堆放逐一张卡牌.",draft,pass13,Muse of Rebirth,DoC,effect_text
car_1760c4ff77d6,cards_lua,lua,,card=Clockwork Sentry;field=display_name;set=DoC,Clockwork Sentry,发条哨兵,draft,,Clockwork Sentry,DoC,display_name
car_4949b5e8f7d9,cards_lua,lua,,card=Clockwork Sentry;field=effect_text;set=DoC,"Gain 2P.
If you control two or more Constructs, gain an additional 2P.","获得2战力.
若你控制的两 或更高神器, 获得额外的 2战力.",draft,kw_pass3,Clockwork Sentry,DoC,effect_text
car_83afca1470e2,cards_lua,lua,,card=Riftwatch Turret;field=display_name;set=DoC,Riftwatch Turret,裂隙守望炮塔,draft,,Riftwatch Turret,DoC,display_name
car_27e0e3d13ca2,cards_lua,lua,,card=Riftwatch Turret;field=effect_text;set=DoC,"Once per turn, gain 1P.
Once per turn, when you play a Mechana Construct (including this one), gain 1P.","每回合一次，获得1战力.
每回合一次，当你 打出机械神器 (包括此牌), 获得1战力.",draft,pass6,Riftwatch Turret,DoC,effect_text
car_481169102ebc,cards_lua,lua,,card=Corrupted Sage;field=display_name;set=DoC,Corrupted Sage,腐化贤者,draft,,Corrupted Sage,DoC,display_name
car_e502d78628f0,cards_lua,lua,,card=Corrupted Sage;field=effect_text;set=DoC,"REWARD: Gain 2H. Draw a card.
Rally: Enlightened.","奖励： 获得2荣誉. 抽一张牌.
集结: 圣贤.",draft,pass5,Corrupted Sage,DoC,effect_text
car_eb71fe6f44a1,cards_lua,lua,,card=Betrayed Templar;field=display_name;set=DoC,Betrayed Templar,被弃圣殿武士,draft,,Betrayed Templar,DoC,display_name
car_2307e7c592be,cards_lua,lua,,card=Betrayed Templar;field=effect_text;set=DoC,REWARD: Gain 5H. You may defeat a Monster in the center row with cost 5P or less without paying its cost.,奖励： 获得5荣誉. 你可以无需支付费用击败中央牌列费用为 5 战力或更低的一只怪物.,draft,pass13,Betrayed Templar,DoC,effect_text
car_e49152037249,cards_lua,lua,,card=Thorned Charger;field=display_name;set=DoC,Thorned Charger,棘刺冲锋者,draft,,Thorned Charger,DoC,display_name
car_4615bd87ae7f,cards_lua,lua,,card=Thorned Charger;field=effect_text;set=DoC,"REWARD: Gain 3H. You may put a Hero from your discard pile on top of your deck.
Rally: Lifebound.","奖励： 获得3荣誉. 你可以放置英雄从 你的弃牌堆放到你的牌库顶.
集结: 生命.",draft,,Thorned Charger,DoC,effect_text
car_aa72f756352c,cards_lua,lua,,card=Cult of the False Circle;field=display_name;set=DoC,Cult of the False Circle,邪教虚假环,draft,,Cult of the False Circle,DoC,display_name
car_0d397ae7a2bf,cards_lua,lua,,card=Cult of the False Circle;field=effect_text;set=DoC,REWARD: Gain 5H. You may acquire a Hero with cost 5R or less without paying its cost.,奖励： 获得5荣誉. 你可以获取一个英雄以 费用 5符文或更低无需支付费用.,draft,,Cult of the False Circle,DoC,effect_text
car_1bd1b0c3f1ad,cards_lua,lua,,card=Rejected Prototype;field=display_name;set=DoC,Rejected Prototype,废弃原型,draft,,Rejected Prototype,DoC,display_name
car_1668c9460ec0,cards_lua,lua,,card=Rejected Prototype;field=effect_text;set=DoC,"REWARD: Gain 3H. You pay 3R less the next time you acquire a Construct this turn.
Rally: Mechana.","奖励： 获得3荣誉. 你少支付 3 符文下次你获取神器本回合.
集结: 机械.",draft,pass6,Rejected Prototype,DoC,effect_text
car_2b268fc2b610,cards_lua,lua,,card=Exhaust Lurker;field=display_name;set=DoC,Exhaust Lurker,废气潜伏者,draft,,Exhaust Lurker,DoC,display_name
car_48322d5da245,cards_lua,lua,,card=Exhaust Lurker;field=effect_text;set=DoC,REWARD: Gain 5H. Each opponent destroys a Construct they control for each Construct you control.,奖励： 获得5荣誉. 每位对手摧毁神器其控制的以 每个神器你控制的.,draft,,Exhaust Lurker,DoC,effect_text
car_507575673fc4,cards_lua,lua,,card=Deathfinder;field=display_name;set=DoC,Deathfinder,寻死者,draft,,Deathfinder,DoC,display_name
car_b8b77abc3576,cards_lua,lua,,card=Deathfinder;field=effect_text;set=DoC,"REWARD: Gain 2H. You may banish a card in your hand or discard pile.
Rally: Void.","奖励： 获得2荣誉. 你可以从你的手牌或弃牌堆放逐一张卡牌.
集结: 虚空.",draft,pass13,Deathfinder,DoC,effect_text
car_345708f45d76,cards_lua,lua,,card=Wild Riftdrake;field=display_name;set=DoC,Wild Riftdrake,荒野裂隙龙兽,draft,,Wild Riftdrake,DoC,display_name
car_9d9593dfc93e,cards_lua,lua,,card=Wild Riftdrake;field=effect_text;set=DoC,REWARD: Gain 4H. You may banish up to two cards from your hand or discard pile.,奖励： 获得4荣誉. 你可以放逐至多两 卡牌从你的手牌或 弃牌堆.,draft,,Wild Riftdrake,DoC,effect_text
car_ef49b919bb4b,cards_lua,lua,,"card=Aranyx, the Glutton;field=display_name;set=DoC","Aranyx, the Glutton",阿兰尼克斯·贪食者,draft,,"Aranyx, the Glutton",DoC,display_name
car_6c7d1ce4b7a2,cards_lua,lua,,"card=Aranyx, the Glutton;field=effect_text;set=DoC","REWARD: Gain 4H. Gain 7P.
Rally: Monster.","奖励： 获得4荣誉. 获得7战力.
集结: 怪物.",draft,,"Aranyx, the Glutton",DoC,effect_text
car_cdf98a07b353,cards_lua,lua,,"card=Xeron, Lord of Deofol;field=display_name;set=DoC","Xeron, Lord of Deofol",泽伦·迪奥福尔之主,draft,,"Xeron, Lord of Deofol",DoC,display_name
car_66a4fb07e2f7,cards_lua,lua,,"card=Xeron, Lord of Deofol;field=effect_text;set=DoC","REWARD: Gain 6H.
",奖励： 获得6荣誉.,draft,,"Xeron, Lord of Deofol",DoC,effect_text
car_ecf0fde004cb,cards_lua,lua,,card=Ephemeral Monk;field=display_name;set=DS,Ephemeral Monk,昙花僧侣,draft,,Ephemeral Monk,DS,display_name
car_21a6c6f30625,cards_lua,lua,,card=Ephemeral Monk;field=effect_text;set=DS,"Draw 2 cards, then banish this.","抽 2 张牌, 然后放逐此牌.",draft,pass6,Ephemeral Monk,DS,effect_text
car_88f59f8dcd01,cards_lua,lua,,card=Auspicious Askara;field=display_name;set=DS,Auspicious Askara,吉兆阿斯卡拉,draft,,Auspicious Askara,DS,display_name
car_86ba4c6d2a89,cards_lua,lua,,card=Auspicious Askara;field=effect_text;set=DS,"Draw a card.
UNITE: You may banish a card in the center row.","抽一张牌.
联合： 你可以放逐中央牌列的一张卡牌.",draft,pass13,Auspicious Askara,DS,effect_text
car_b84ed5049d49,cards_lua,lua,,card=Nocturnal Seer;field=display_name;set=DS,Nocturnal Seer,夜行预言者,draft,,Nocturnal Seer,DS,display_name
car_4681c054a047,cards_lua,lua,,card=Nocturnal Seer;field=effect_text;set=DS,"Draw a card.
You may pay 1R less the next time you acquire a Dreamborn card this turn.","抽一张牌.
你可以少支付 1 符文下次你获取梦生卡牌本回合.",draft,pass6,Nocturnal Seer,DS,effect_text
car_07d744eb23d1,cards_lua,lua,,card=Arha Sensei DS;field=display_name;set=DS,Arha Sensei,亚哈导师,draft,,Arha Sensei DS,DS,display_name
car_68ff8c04bdf9,cards_lua,lua,,card=Arha Sensei DS;field=effect_text;set=DS,"Banish a card in your hand. If you do, acquire a Mystic or Heavy Infantry without paying its cost. Add it to your hand.",从你的手牌放逐一张卡牌. 若你如此做，无需支付费用获取秘教士或重装步兵. 加入它以 你的手牌.,draft,pass13,Arha Sensei DS,DS,effect_text
car_82a744ea3f05,cards_lua,lua,,card=Garden Attendant;field=display_name;set=DS,Garden Attendant,园丁侍从,draft,,Garden Attendant,DS,display_name
car_bb7523f5c993,cards_lua,lua,,card=Garden Attendant;field=effect_text;set=DS,"Gain 1I.
Draw a card.","获得1洞察.
抽一张牌.",draft,,Garden Attendant,DS,effect_text
car_0affcc738ced,cards_lua,lua,,card=Templar Dragoon;field=display_name;set=DS,Templar Dragoon,圣殿武士龙骑兵,draft,,Templar Dragoon,DS,display_name
car_baa487da4721,cards_lua,lua,,card=Templar Dragoon;field=effect_text;set=DS,"Defeat a Monster with cost 4 or less without paying its cost, or add a card to your Dreamscape.","击败一个怪物以 费用 4 或更低无需支付费用, 或将一张卡牌加入你的梦境.",draft,,Templar Dragoon,DS,effect_text
car_e62fb4acdd4d,cards_lua,lua,,card=Pasythea's Ward;field=display_name;set=DS,Pasythea's Ward,帕西提亚的守护,draft,,Pasythea's Ward,DS,display_name
car_b2468476f7ed,cards_lua,lua,,card=Pasythea's Ward;field=effect_text;set=DS,"Once per turn, gain 1I.",每回合一次，获得1洞察.,draft,,Pasythea's Ward,DS,effect_text
car_3e132414d33c,cards_lua,lua,,"card=Loa, Sleeping Dragon;field=display_name;set=DS","Loa, Sleeping Dragon",洛阿·沉睡龙,draft,,"Loa, Sleeping Dragon",DS,display_name
car_cd5ed1d87464,cards_lua,lua,,"card=Loa, Sleeping Dragon;field=effect_text;set=DS","Gain 3I.
Draw a card.","获得3洞察.
抽一张牌.",draft,,"Loa, Sleeping Dragon",DS,effect_text
car_f4c8d3eb158c,cards_lua,lua,,card=Dreamshaper Jesse;field=display_name;set=DS,Dreamshaper Jesse,塑梦者杰西,draft,,Dreamshaper Jesse,DS,display_name
car_11cb79844609,cards_lua,lua,,card=Dreamshaper Jesse;field=effect_text;set=DS,Acquire the top card of the Dream deck without paying its cost.,获取顶部卡牌的 梦牌库无需支付费用.,draft,,Dreamshaper Jesse,DS,effect_text
car_6ad06e126272,cards_lua,lua,,card=Unbound Emissary;field=display_name;set=DS,Unbound Emissary,解缚使者,draft,,Unbound Emissary,DS,display_name
car_fe09e1fb3ad1,cards_lua,lua,,card=Unbound Emissary;field=effect_text;set=DS,"You may spend I as though it was R to acquire this.
Acquire or defeat any card in the center row or your Dreamscape without paying its cost.","你可以花费I视为R以获取此.
获取或 击败任意卡牌在中央牌列或 你的梦境无需支付费用.",draft,,Unbound Emissary,DS,effect_text
car_09b12b17d7dc,cards_lua,lua,,card=Ephemeral Druid;field=display_name;set=DS,Ephemeral Druid,昙花德鲁伊,draft,,Ephemeral Druid,DS,display_name
car_8118668267ff,cards_lua,lua,,card=Ephemeral Druid;field=effect_text;set=DS,"Gain 5H, then banish this.","获得5荣誉, 然后放逐此牌.",draft,,Ephemeral Druid,DS,effect_text
car_773d565cbda7,cards_lua,lua,,card=Alluring Shaman;field=display_name;set=DS,Alluring Shaman,魅惑萨满,draft,,Alluring Shaman,DS,display_name
car_994685fbfef0,cards_lua,lua,,card=Alluring Shaman;field=effect_text;set=DS,"Gain 1R.
You may pay 1I to gain 3H.","获得1符文.
你可以支付 1洞察以 获得3荣誉.",draft,,Alluring Shaman,DS,effect_text
car_4d76f63c9d2f,cards_lua,lua,,card=Verdant Hatchling;field=display_name;set=DS,Verdant Hatchling,翠绿幼体,draft,,Verdant Hatchling,DS,display_name
car_4ff017b8be18,cards_lua,lua,,card=Verdant Hatchling;field=effect_text;set=DS,"Gain 2H.
UNITE: Gain 2R.","获得2荣誉.
联合： 获得2符文.",draft,,Verdant Hatchling,DS,effect_text
car_c79e7d23174e,cards_lua,lua,,card=Flytrap Fairy;field=display_name;set=DS,Flytrap Fairy,捕蝇草妖精,draft,,Flytrap Fairy,DS,display_name
car_514da295569a,cards_lua,lua,,card=Flytrap Fairy;field=effect_text;set=DS,"Gain 1R, 1H, and 1I.","获得1符文, 1荣誉, 和 1洞察.",draft,,Flytrap Fairy,DS,effect_text
car_c5236b4ed5b8,cards_lua,lua,,card=Dreamwillow Druids;field=display_name;set=DS,Dreamwillow Druids,梦柳德鲁伊,draft,,Dreamwillow Druids,DS,display_name
car_e3117c880ab8,cards_lua,lua,,card=Dreamwillow Druids;field=effect_text;set=DS,Choose one: acquire a Hero with cost 5R or less without paying its cost; or add a card to your Dreamscape.,选择一项：获取一个英雄以 费用 5符文或更低无需支付费用; 或将一张卡牌加入你的梦境.,draft,pass13,Dreamwillow Druids,DS,effect_text
car_4f0e5a74ffb8,cards_lua,lua,,card=Lunar Pack;field=display_name;set=DS,Lunar Pack,月兽群,draft,,Lunar Pack,DS,display_name
car_ec8ab43ba265,cards_lua,lua,,card=Lunar Pack;field=effect_text;set=DS,"Gain 2R.
UNITE: Gain 2I.","获得2符文.
联合： 获得2洞察.",draft,,Lunar Pack,DS,effect_text
car_60349dd825fc,cards_lua,lua,,card=Dreamwillow;field=display_name;set=DS,Dreamwillow,梦柳,draft,,Dreamwillow,DS,display_name
car_bd0fe7caf37b,cards_lua,lua,,card=Dreamwillow;field=effect_text;set=DS,"Once per turn, gain 1R.
The first time you play a Lifebound Hero each turn, gain 1I.","每回合一次，获得1符文.
每回合你首次打出命约英雄时, 获得1洞察.",draft,,Dreamwillow,DS,effect_text
car_0b0af053acca,cards_lua,lua,,"card=Raka, Dreamtender;field=display_name;set=DS","Raka, Dreamtender",拉卡·守梦者,draft,,"Raka, Dreamtender",DS,display_name
car_1941263ede0c,cards_lua,lua,,"card=Raka, Dreamtender;field=effect_text;set=DS","Gain 5H.
Add a card to your Dreamscape.","获得5荣誉.
将一张卡牌加入你的梦境.",draft,,"Raka, Dreamtender",DS,effect_text
car_361048b6fd1b,cards_lua,lua,,"card=Verdagris, the Wild;field=display_name;set=DS","Verdagris, the Wild",维达格里斯·荒野,draft,,"Verdagris, the Wild",DS,display_name
car_cb02683c7056,cards_lua,lua,,"card=Verdagris, the Wild;field=effect_text;set=DS","Gain 4R.
Each time you acquire a Hero this turn, gain I equal to its H value.","获得4符文.
每位次 你获取一个英雄本回合, 获得I等同于 其H值.",draft,pass6,"Verdagris, the Wild",DS,effect_text
car_1c45d6b78eff,cards_lua,lua,,card=Ephemeral Inventor;field=display_name;set=DS,Ephemeral Inventor,昙花发明家,draft,,Ephemeral Inventor,DS,display_name
car_2955d906d432,cards_lua,lua,,card=Ephemeral Inventor;field=effect_text;set=DS,"Gain 3R, then banish this.","获得3符文, 然后放逐此牌.",draft,,Ephemeral Inventor,DS,effect_text
car_e9c79fcc87ef,cards_lua,lua,,card=Planar Aperture;field=display_name;set=DS,Planar Aperture,位面孔径,draft,,Planar Aperture,DS,display_name
car_6583ea6d4930,cards_lua,lua,,card=Planar Aperture;field=effect_text;set=DS,"When you acquire a Mechana Construct, you may pay 1I to put it directly into play.","当你获取机械神器, 你可以支付 1洞察以 将其直接进入战场.",draft,pass13,Planar Aperture,DS,effect_text
car_d8a0d02b5638,cards_lua,lua,,card=ID34 Detector;field=display_name;set=DS,ID34 Detector,ID34探测器,draft,,ID34 Detector,DS,display_name
car_7ad06e3d811c,cards_lua,lua,,card=ID34 Detector;field=effect_text;set=DS,"Once per turn, when you play a Mechana Construct (including this one), gain 1I.","每回合一次，当你 打出机械神器 (包括此牌), 获得1洞察.",draft,pass6,ID34 Detector,DS,effect_text
car_63cfb587dc01,cards_lua,lua,,card=Synapse Spire;field=display_name;set=DS,Synapse Spire,突触尖塔,draft,,Synapse Spire,DS,display_name
car_10a90928c15b,cards_lua,lua,,card=Synapse Spire;field=effect_text;set=DS,"Once per turn, when you play a Mechana Construct (including this one), add a card to your Dreamscape.","每回合一次，当你 打出机械神器 (包括此牌), 将一张卡牌加入你的梦境.",draft,pass6,Synapse Spire,DS,effect_text
car_4abdc89a0577,cards_lua,lua,,card=Hedron Berserker;field=display_name;set=DS,Hedron Berserker,多面体狂战,draft,,Hedron Berserker,DS,display_name
car_74cd8175729a,cards_lua,lua,,card=Hedron Berserker;field=effect_text;set=DS,"Gain 3R or 3P. If you control three or more Constructs, gain both instead.","获得3符文或 3战力. 若你控制的三 或更高神器, 获得两者改为.",draft,kw_pass3,Hedron Berserker,DS,effect_text
car_efab341f20fd,cards_lua,lua,,card=Deluxe Capacitor;field=display_name;set=DS,Deluxe Capacitor,豪华电容,draft,,Deluxe Capacitor,DS,display_name
car_d9fed37a0233,cards_lua,lua,,card=Deluxe Capacitor;field=effect_text;set=DS,"You may treat Dream Constructs as though they are Mechana Constructs.
Once per turn, when you play a Mechana Construct (including this one), draw a card.","你可以视为梦神器作为如同他们为 机械神器.
每回合一次，当你 打出机械神器 (包括此牌), 抽一张牌.",draft,kw_pass3;pass6,Deluxe Capacitor,DS,effect_text
car_a8f2750a6d28,cards_lua,lua,,card=TH07 Tank;field=display_name;set=DS,TH07 Tank,TH07坦克,draft,,TH07 Tank,DS,display_name
car_13671f516e3c,cards_lua,lua,,card=TH07 Tank;field=effect_text;set=DS,"Once per turn, you may pay 1I to gain 3R. You may spend them only to acquire Mechana Constructs.",每回合一次，你可以支付 1洞察以 获得3符文. 你可以花费它们只 以获取机械神器.,draft,,TH07 Tank,DS,effect_text
car_4d96fcfc62c2,cards_lua,lua,,card=Inquarry Hydra;field=display_name;set=DS,Inquarry Hydra,采石九头蛇,draft,,Inquarry Hydra,DS,display_name
car_3bdc8066ad4c,cards_lua,lua,,card=Inquarry Hydra;field=effect_text;set=DS,"Once per turn, gain 1I for each Mechana Contruct you control (including this one).",每回合一次，获得1洞察以 每个机械神器你控制的 (包括此牌).,draft,pass6,Inquarry Hydra,DS,effect_text
car_93f3683fcecd,cards_lua,lua,,card=Chaos Cannon;field=display_name;set=DS,Chaos Cannon,混沌加农,draft,,Chaos Cannon,DS,display_name
car_80ce69ade0f7,cards_lua,lua,,card=Chaos Cannon;field=effect_text;set=DS,"Once per turn, you may pay 5I to gain 10P. You may pay 1I less to use this ability for each other Mechana Construct you control.",每回合一次，你可以支付 5 洞察获得 10 战力。你每控制一件其他机械神器，使用此异能少支付 1 洞察。,draft,pass4,Chaos Cannon,DS,effect_text
car_07355bc0bafc,cards_lua,lua,,card=Ephemeral Ritualist;field=display_name;set=DS,Ephemeral Ritualist,昙花祭仪师,draft,,Ephemeral Ritualist,DS,display_name
car_9dd1f38df4ed,cards_lua,lua,,card=Ephemeral Ritualist;field=effect_text;set=DS,"Gain 4P, then banish this.","获得4战力, 然后放逐此牌.",draft,,Ephemeral Ritualist,DS,effect_text
car_c6424d453764,cards_lua,lua,,card=Caustic Conjurer;field=display_name;set=DS,Caustic Conjurer,腐蚀咒术师,draft,,Caustic Conjurer,DS,display_name
car_7c73c50a16d1,cards_lua,lua,,card=Caustic Conjurer;field=effect_text;set=DS,"Gain 1I.
You may banish a card in your hand or discard pile.","获得1洞察.
你可以从你的手牌或弃牌堆放逐一张卡牌.",draft,pass13,Caustic Conjurer,DS,effect_text
car_fc2a4846269d,cards_lua,lua,,card=Dreamkiller;field=display_name;set=DS,Dreamkiller,弑梦者,draft,,Dreamkiller,DS,display_name
car_466810d87cd6,cards_lua,lua,,card=Dreamkiller;field=effect_text;set=DS,Gain 2P and 1I.,获得2战力和 1洞察.,draft,,Dreamkiller,DS,effect_text
car_adff90530707,cards_lua,lua,,card=Loam Summoner;field=display_name;set=DS,Loam Summoner,沃土召唤师,draft,,Loam Summoner,DS,display_name
car_a042f661c0c4,cards_lua,lua,,card=Loam Summoner;field=effect_text;set=DS,"Add a card to your Dreamscape.
You may banish a card in your hand or discard pile.","将一张卡牌加入你的梦境.
你可以从你的手牌或弃牌堆放逐一张卡牌.",draft,pass13,Loam Summoner,DS,effect_text
car_755deb28ebac,cards_lua,lua,,card=Fear Wielder;field=display_name;set=DS,Fear Wielder,恐惧持有者,draft,,Fear Wielder,DS,display_name
car_4894effc8833,cards_lua,lua,,card=Fear Wielder;field=effect_text;set=DS,"Gain 3P.
The next time you defeat a Monster in the center row this turn, add a card to your Dreamscape.","获得3战力.
本回合下次你在中央牌列击败怪物时, 将一张卡牌加入你的梦境.",draft,pass13,Fear Wielder,DS,effect_text
car_6d46159c9eec,cards_lua,lua,,card=Fatality Blades;field=display_name;set=DS,Fatality Blades,致命双刃,draft,,Fatality Blades,DS,display_name
car_6750c2937820,cards_lua,lua,,card=Fatality Blades;field=effect_text;set=DS,"Once per turn, gain 1P.
Once per turn, when you defeat a Monster in the center row, gain 1I.","每回合一次，获得1战力.
每回合一次，当你在中央牌列击败怪物时, 获得1洞察.",draft,pass13,Fatality Blades,DS,effect_text
car_20ab138b4394,cards_lua,lua,,card=Nightmare Harvester;field=display_name;set=DS,Nightmare Harvester,梦魇收割者,draft,,Nightmare Harvester,DS,display_name
car_a20ffc68abff,cards_lua,lua,,card=Nightmare Harvester;field=effect_text;set=DS,Gain 4P. You may pay 1I to gain 4R instead.,获得4战力. 你可以支付 1洞察以 获得4符文改为.,draft,,Nightmare Harvester,DS,effect_text
car_589b0b89ff83,cards_lua,lua,,"card=Emri, Shadowslayer;field=display_name;set=DS","Emri, Shadowslayer",斩影者艾姆瑞,draft,,"Emri, Shadowslayer",DS,display_name
car_9996afd2afc1,cards_lua,lua,,"card=Emri, Shadowslayer;field=effect_text;set=DS","Gain 5P.
You may spend P as though it was I this turn.","获得5战力.
你可以花费P视为I本回合.",draft,,"Emri, Shadowslayer",DS,effect_text
car_da455abfefcc,cards_lua,lua,,card=Rust Gremlin;field=display_name;set=DS,Rust Gremlin,锈小妖,draft,,Rust Gremlin,DS,display_name
car_37a0b63e3d8d,cards_lua,lua,,card=Rust Gremlin;field=effect_text;set=DS,REWARD: Gain 1H. Draw a card.,奖励： 获得1荣誉. 抽一张牌.,draft,,Rust Gremlin,DS,effect_text
car_50829edbdb3e,cards_lua,lua,,card=Thieving Gryphon;field=display_name;set=DS,Thieving Gryphon,偷窃狮鹫,draft,,Thieving Gryphon,DS,display_name
car_932ecae1c374,cards_lua,lua,,card=Thieving Gryphon;field=effect_text;set=DS,REWARD: Gain 2H. Gain 2R.,奖励： 获得2荣誉. 获得2符文.,draft,,Thieving Gryphon,DS,effect_text
car_2c5c4297374f,cards_lua,lua,,card=Tidestalker;field=display_name;set=DS,Tidestalker,潮潜者,draft,,Tidestalker,DS,display_name
car_2e6feaf9d412,cards_lua,lua,,card=Tidestalker;field=effect_text;set=DS,REWARD: Gain 4H.,奖励： 获得4荣誉.,draft,,Tidestalker,DS,effect_text
car_4c931a1ac24d,cards_lua,lua,,card=Fen Maw;field=display_name;set=DS,Fen Maw,沼巨口,draft,,Fen Maw,DS,display_name
car_57be1027f776,cards_lua,lua,,card=Fen Maw;field=effect_text;set=DS,REWARD: Gain 3H. Gain 2I.,奖励： 获得3荣誉. 获得2洞察.,draft,,Fen Maw,DS,effect_text
car_b0a5419c46af,cards_lua,lua,,card=Trinket Harpy;field=display_name;set=DS,Trinket Harpy,饰品鹰身女妖,draft,,Trinket Harpy,DS,display_name
car_5c5ad7c786d0,cards_lua,lua,,card=Trinket Harpy;field=effect_text;set=DS,REWARD: Gain 3H. Add a card to your Dreamscape.,奖励： 获得3荣誉. 将一张卡牌加入你的梦境.,draft,,Trinket Harpy,DS,effect_text
car_0fa512bfc117,cards_lua,lua,,card=Deluding Djinn;field=display_name;set=DS,Deluding Djinn,欺瞒灯神,draft,,Deluding Djinn,DS,display_name
car_5cb907bb2807,cards_lua,lua,,card=Deluding Djinn;field=effect_text;set=DS,"REWARD: Gain 5H.
You may spend I as though it was P to defeat this.","奖励： 获得5荣誉.
你可以花费I视为P以击败此.",draft,,Deluding Djinn,DS,effect_text
car_30dc25b2157f,cards_lua,lua,,card=Hulking Crab;field=display_name;set=DS,Hulking Crab,庞大蟹,draft,,Hulking Crab,DS,display_name
car_5b087bf1eaf3,cards_lua,lua,,card=Hulking Crab;field=effect_text;set=DS,REWARD: Gain 4H. Each opponent destroys half of their Constructs rounded up.,奖励：获得 4 荣誉。每位对手摧毁其神器数量的一半（向上取整）。,draft,kw_pass3;pass4,Hulking Crab,DS,effect_text
car_fc02d3f312d0,cards_lua,lua,,card=Puppetmaster;field=display_name;set=DS,Puppetmaster,傀儡师,draft,,Puppetmaster,DS,display_name
car_01f82052d8fc,cards_lua,lua,,card=Puppetmaster;field=effect_text;set=DS,REWARD: Gain 4H. Take 1I from each opponent.,奖励： 获得4荣誉. 拿取1洞察从 每位对手.,draft,,Puppetmaster,DS,effect_text
car_25319d0f0ad4,cards_lua,lua,,card=Fleeting Hope Djinn;field=display_name;set=DS,Fleeting Hope Djinn,飞逝希望灯神,draft,,Fleeting Hope Djinn,DS,display_name
car_5dd4afe556b2,cards_lua,lua,,card=Fleeting Hope Djinn;field=effect_text;set=DS,REWARD: Gain 5H. Add two cards to your Dreamscape.,奖励： 获得5荣誉. 加入两卡牌以 你的梦境.,draft,,Fleeting Hope Djinn,DS,effect_text
car_1204fb57fe3f,cards_lua,lua,,card=Nightmare Tyrant;field=display_name;set=DS,Nightmare Tyrant,梦魇暴君,draft,,Nightmare Tyrant,DS,display_name
car_57c4dff5198c,cards_lua,lua,,card=Nightmare Tyrant;field=effect_text;set=DS,REWARD: Gain 5H. Acquire a card from your Dreamscape without paying its cost.,奖励： 获得5荣誉. 获取一个卡牌从 你的梦境无需支付费用.,draft,,Nightmare Tyrant,DS,effect_text
car_c122aeb517f9,cards_lua,lua,,card=Engulfing Kraken;field=display_name;set=DS,Engulfing Kraken,吞噬克拉肯,draft,,Engulfing Kraken,DS,display_name
car_589438f3d2bc,cards_lua,lua,,card=Engulfing Kraken;field=effect_text;set=DS,"REWARD: Gain 6H. Take a card at random from each opponent's Dreamscape, and add them to your Dreamscape.","奖励： 获得6荣誉. 拿取一张卡牌随机从 每位对手之梦境, 和将它们加入你的梦境.",draft,,Engulfing Kraken,DS,effect_text
car_9b7279b0ff4f,cards_lua,lua,,"card=Nilus, the Despair;field=display_name;set=DS","Nilus, the Despair",尼卢斯·绝望,draft,,"Nilus, the Despair",DS,display_name
car_4c7a9a7c20c1,cards_lua,lua,,"card=Nilus, the Despair;field=effect_text;set=DS",REWARD: Gain 7H. Acquire the top three cards of the Dream deck without paying their cost.,奖励： 获得7荣誉. 获取顶部三 卡牌的 梦牌库无需支付其费用.,draft,pass13,"Nilus, the Despair",DS,effect_text
car_d44be05025dc,cards_lua,lua,,card=Imaginative Matron;field=display_name;set=DS,Imaginative Matron,想象主母,draft,,Imaginative Matron,DS,display_name
car_e4059252965c,cards_lua,lua,,card=Imaginative Matron;field=effect_text;set=DS,"Draw a card, then discard a card.
UNITE: Return a card from your discard pile to your hand.","抽一张牌，然后弃一张牌。
联合：从你的弃牌堆将一张牌收回手牌。",draft,pass4,Imaginative Matron,DS,effect_text
car_325139e87141,cards_lua,lua,,card=Reverie Muse;field=display_name;set=DS,Reverie Muse,幻想缪斯,draft,,Reverie Muse,DS,display_name
car_9e339f1cacf9,cards_lua,lua,,card=Reverie Muse;field=effect_text;set=DS,"Gain 1R.
UNITE: Double your R.","获得 1 符文。
联合：将你的符文加倍。",draft,kw_pass3,Reverie Muse,DS,effect_text
car_f86a698efe3d,cards_lua,lua,,card=Brainstorm Sentry;field=display_name;set=DS,Brainstorm Sentry,头脑风暴哨兵,draft,,Brainstorm Sentry,DS,display_name
car_727885606d18,cards_lua,lua,,card=Brainstorm Sentry;field=effect_text;set=DS,Gain 1R and 1P for each Mechana Construct you control.,获得1符文和 1战力以 每个机械神器你控制的.,draft,,Brainstorm Sentry,DS,effect_text
car_a76c3270a7ed,cards_lua,lua,,card=Bringer of Despair;field=display_name;set=DS,Bringer of Despair,带来者绝望,draft,,Bringer of Despair,DS,display_name
car_46def7675472,cards_lua,lua,,card=Bringer of Despair;field=effect_text;set=DS,"Gain 2P.
UNITE: Double your P.","获得 2 战力。
联合：将你的战力加倍。",draft,kw_pass3,Bringer of Despair,DS,effect_text
car_a31f56fead6b,cards_lua,lua,,"card=Pasythea, the Aegis;field=display_name;set=DS","Pasythea, the Aegis",帕西提亚·神盾,draft,,"Pasythea, the Aegis",DS,display_name
car_e0d0a7c48bd9,cards_lua,lua,,"card=Pasythea, the Aegis;field=effect_text;set=DS","This Hero counts as all factions. Gain 3R, 3P, 3H.
If you control Pasythea's Ward, you may acquire this without paying its cost and put it into your hand.","此英雄视为所有派系. 获得3符文, 3战力, 3荣誉.
若你控制的帕西提亚的守护, 你可以获取此 无需支付费用，并将其放入你的手牌.",draft,pass6;pass13,"Pasythea, the Aegis",DS,effect_text
car_af7a9c110faf,cards_lua,lua,,card=Chronicle of Vigil;field=display_name;set=DS,Chronicle of Vigil,祈夜编年史,draft,,Chronicle of Vigil,DS,display_name
car_3d87ba9505be,cards_lua,lua,,card=Chronicle of Vigil;field=effect_text;set=DS,"Once per turn, gain 1H for each faction among Constructs you control. (This card has no faction.)",每回合一次，获得1荣誉以 每个派系在你控制的神器之中. (此卡牌具有没有派系.),draft,,Chronicle of Vigil,DS,effect_text
car_532a37023aa4,cards_lua,lua,,card=Vigil's Resolve;field=display_name;set=DS,Vigil's Resolve,祈夜的决意,draft,,Vigil's Resolve,DS,display_name
car_14ab3ed6e531,cards_lua,lua,,card=Vigil's Resolve;field=effect_text;set=DS,"When you play a Mystic, gain 1R.
When you play a Heavy Infantry, gain 1P.","当你 打出秘教士, 获得1符文.
当你 打出重装步兵, 获得1战力.",draft,,Vigil's Resolve,DS,effect_text
car_807f7196d008,cards_lua,lua,,card=Askaran Armor;field=display_name;set=DS,Askaran Armor,阿斯卡拉甲,draft,,Askaran Armor,DS,display_name
car_228f462ba13c,cards_lua,lua,,card=Askaran Armor;field=effect_text;set=DS,"Once per turn, when you acquire a card from your Dreamscape, you may add a card to your Dreamscape.","每回合一次，当你获取卡牌从 你的梦境, 你可以将一张卡牌加入你的梦境.",draft,pass13,Askaran Armor,DS,effect_text
car_dff9c5ad600f,cards_lua,lua,,card=Yggdrasil Canopy;field=display_name;set=DS,Yggdrasil Canopy,世界树树冠,draft,,Yggdrasil Canopy,DS,display_name
car_d232fa97e029,cards_lua,lua,,card=Yggdrasil Canopy;field=effect_text;set=DS,"When you would gain H without defeating a Monster, gain twice that much H instead.","当你 会获得H没有击败怪物, 获得两次该 等量的H改为.",draft,,Yggdrasil Canopy,DS,effect_text
car_9d87c4f9c06d,cards_lua,lua,,card=Dream Lab;field=display_name;set=DS,Dream Lab,梦实验室,draft,,Dream Lab,DS,display_name
car_50fa4ffa4f61,cards_lua,lua,,card=Dream Lab;field=effect_text;set=DS,You may pay 1R less to acquire Constructs in the center row.,你可以支付 1符文少支付以 获取神器在中央牌列.,draft,kw_pass3;pass6,Dream Lab,DS,effect_text
car_fb1d878c40f9,cards_lua,lua,,card=Arbiter's Censer;field=display_name;set=DS,Arbiter's Censer,仲裁者香炉,draft,,Arbiter's Censer,DS,display_name
car_ef253b73459a,cards_lua,lua,,card=Arbiter's Censer;field=effect_text;set=DS,"When you defeat a Monster in the center row, gain 2H.","当你在中央牌列击败怪物时, 获得2荣誉.",draft,pass13,Arbiter's Censer,DS,effect_text
car_96a6f53c1166,cards_lua,lua,,card=Ashes to Ashes;field=display_name;set=DS,Ashes to Ashes,灰烬归于灰烬,draft,,Ashes to Ashes,DS,display_name
car_9b7b828afb47,cards_lua,lua,,card=Ashes to Ashes;field=effect_text;set=DS,Banish all cards in the center row.,放逐所有卡牌在中央牌列.,draft,,Ashes to Ashes,DS,effect_text
car_9689e7aa874c,cards_lua,lua,,card=Dust to Dust;field=display_name;set=DS,Dust to Dust,尘土归于尘土,draft,,Dust to Dust,DS,display_name
car_89f442f0395f,cards_lua,lua,,card=Dust to Dust;field=effect_text;set=DS,Destroy all Constructs your opponents control.,摧毁所有神器你的对手控制.,draft,kw_pass3,Dust to Dust,DS,effect_text
car_737582890cd3,cards_lua,lua,,card=Armistice;field=display_name;set=DS,Armistice,停战,draft,,Armistice,DS,display_name
car_9c64946279c3,cards_lua,lua,,card=Armistice;field=effect_text;set=DS,Each player discards their hand and draws five cards.,每位玩家弃掉其 手牌和 抽五 卡牌.,draft,,Armistice,DS,effect_text
car_4b0f22728f46,cards_lua,lua,,card=Wicked End;field=display_name;set=DS,Wicked End,邪终结,draft,,Wicked End,DS,display_name
car_7d682ede82db,cards_lua,lua,,card=Wicked End;field=effect_text;set=DS,Defeat a Monster in the center row without paying its cost.,在中央牌列击败一个怪物无需支付费用.,draft,pass13,Wicked End,DS,effect_text
car_ce5a124bfb14,cards_lua,lua,,card=Test of Faith;field=display_name;set=DS,Test of Faith,试炼信仰,draft,,Test of Faith,DS,display_name
car_bf3d26199832,cards_lua,lua,,card=Test of Faith;field=effect_text;set=DS,"Reveal the top card of the center deck. Acquire or defeat it without paying its cost. If you acquire a Hero this way, put it into your hand.","展示传送门牌库顶的卡牌. 获取或 击败它 无需支付费用. 若你 获取一个英雄以此方式, 将其放入你的手牌.",draft,pass6,Test of Faith,DS,effect_text
car_e4ed368f12fc,cards_lua,lua,,card=Aura of the Askara;field=display_name;set=DS,Aura of the Askara,灵光阿斯卡拉,draft,,Aura of the Askara,DS,display_name
car_1bd8845244b2,cards_lua,lua,,card=Aura of the Askara;field=effect_text;set=DS,"If you have played two Enlightened Heroes with the same name this turn, you may acquire this without paying its cost.
ONGOING: Once per turn, you may copy the effect of a Hero you have played this turn.","若你打出过两 圣贤英雄以 同名本回合, 你可以获取此 无需支付费用.
持续: 每回合一次，你可以复制效果的 英雄你 已打出本回合.",draft,kw_pass3;pass6,Aura of the Askara,DS,effect_text
car_9c49013d15f4,cards_lua,lua,,card=Lunar Embrace;field=display_name;set=DS,Lunar Embrace,月拥抱,draft,,Lunar Embrace,DS,display_name
car_e653ccc58608,cards_lua,lua,,card=Lunar Embrace;field=effect_text;set=DS,This turn you may spend R as though it was P.,此回合你可以花费R视为P.,draft,,Lunar Embrace,DS,effect_text
car_df71d2b6252d,cards_lua,lua,,card=Cetra's Respite;field=display_name;set=DS,Cetra's Respite,塞特拉的喘息,draft,,Cetra's Respite,DS,display_name
car_69a551de943c,cards_lua,lua,,card=Cetra's Respite;field=effect_text;set=DS,Acquire a Hero in the center row without paying its cost.,获取中央牌列的一张英雄无需支付费用.,draft,pass13,Cetra's Respite,DS,effect_text
car_3327b38f212b,cards_lua,lua,,card=Nairi's Blessing;field=display_name;set=DS,Nairi's Blessing,奈莉的祝福,draft,,Nairi's Blessing,DS,display_name
car_96eca8a7f3dd,cards_lua,lua,,card=Nairi's Blessing;field=effect_text;set=DS,"If you have played three or more Lifebound Heroes this turn, you may acquire this without paying its cost.
Gain 10H.
ONGOING: You are considered to have played a Lifebound Hero each turn.","若你打出过三 或更高命约英雄本回合, 你可以获取此 无需支付费用.
获得10荣誉.
持续: 你为 视为以 已打出命约英雄每回合.",draft,kw_pass3;pass6,Nairi's Blessing,DS,effect_text
car_3c5a7d9c43e5,cards_lua,lua,,card=Technological Leap;field=display_name;set=DS,Technological Leap,科技跃进,draft,,Technological Leap,DS,display_name
car_b5cc97ada06a,cards_lua,lua,,card=Technological Leap;field=effect_text;set=DS,Acquire all Constructs in the center row without paying their cost.,获取所有神器在中央牌列无需支付其费用.,draft,kw_pass3;pass13,Technological Leap,DS,effect_text
car_bc2be6d52fc1,cards_lua,lua,,card=Order of the Gear;field=display_name;set=DS,Order of the Gear,秩序齿轮,draft,,Order of the Gear,DS,display_name
car_7ff9999042ae,cards_lua,lua,,card=Order of the Gear;field=effect_text;set=DS,"If you control four or more Constructs, you may acquire this without paying its cost.
ONGOING: Your Mechana Heroes are Constructs instead. You may use their abilities once per turn.","若你控制四件或更多神器，你可以无需支付费用获取此牌。
持续：你的机械英雄改为神器。你每回合可使用它们的异能一次。",draft,kw_pass3,Order of the Gear,DS,effect_text
car_c82d66c26a65,cards_lua,lua,,card=Stalk the Shadows;field=display_name;set=DS,Stalk the Shadows,潜行暗影,draft,,Stalk the Shadows,DS,display_name
car_9a319e69b49e,cards_lua,lua,,card=Stalk the Shadows;field=effect_text;set=DS,This turn you may defeat Monsters in the void as though they were in the center row.,此回合你可以击败怪物在 虚空区视为在中央牌列.,draft,,Stalk the Shadows,DS,effect_text
car_5f26ac4e913d,cards_lua,lua,,card=Call of Darkness;field=display_name;set=DS,Call of Darkness,黑暗呼唤,draft,,Call of Darkness,DS,display_name
car_d1398cf8f69a,cards_lua,lua,,card=Call of Darkness;field=effect_text;set=DS,Banish up to 5 cards in your hand or discard pile.,放逐至多 5 卡牌在你的手牌或弃牌堆.,draft,,Call of Darkness,DS,effect_text
car_9c3ddaba4103,cards_lua,lua,,card=Berserker Frenzy;field=display_name;set=DS,Berserker Frenzy,狂战狂乱,draft,,Berserker Frenzy,DS,display_name
car_bb0ac72185f0,cards_lua,lua,,card=Berserker Frenzy;field=effect_text;set=DS,"If you have defeated three or more Monsters in the center row this turn, you may acquire this without paying its cost.
Gain 10H.
ONGOING: Once per turn, when you defeat a Monster, double its H reward.","若你本回合已在中央牌列击败三只或更多怪物，你可以无需支付费用获取此牌。
获得 10 荣誉。
持续：每回合一次，当你击败怪物时，将其荣誉奖励加倍。",draft,kw_pass3,Berserker Frenzy,DS,effect_text
