id,area,match,key,context,en,zh,status,notes
car_1d53b8038011,cards_sheet,key,CARDNAME_AARONTHEGODSLAYER,CARDNAME_AARONTHEGODSLAYER,"<size=104>A</size>aron, the Godslayer",亚伦·弑神者,draft,
car_4774063310f2,cards_sheet,key,CARDNAME_ABOLISHER,CARDNAME_ABOLISHER,<size=104>A</size>bolisher,废除者,draft,
car_5c07393ddfc3,cards_sheet,key,CARDNAME_ABOLISHERETER,CARDNAME_ABOLISHERETER,<size=104>A</size>bolisher,废除者,draft,
car_1be6e6fe95f7,cards_sheet,key,CARDNAME_ACIDICCRAWLER,CARDNAME_ACIDICCRAWLER,<size=104>A</size>cidic Crawler,酸性爬行者,draft,
car_108fa384bb2c,cards_sheet,key,CARDNAME_ADAMBUILDERADEPT,CARDNAME_ADAMBUILDERADEPT,"<size=104>A</size>dam, Builder Adept",亚当·建造者能手,draft,
car_e2a28ed7ebc3,cards_sheet,key,CARDNAME_ADAYUTHEOMNIPOTENT,CARDNAME_ADAYUTHEOMNIPOTENT,"<size=104>A</size>dayu, the Chosen",天选者阿达尤,draft,
car_b676884291d8,cards_sheet,key,CARDNAME_ADAYUTHESERENE,CARDNAME_ADAYUTHESERENE,<size=104>A</size>dayu the Serene,阿达尤宁静,draft,
car_a0ddef6193a1,cards_sheet,key,CARDNAME_ADAYUTHETORMENTED,CARDNAME_ADAYUTHETORMENTED,<size=104>A</size>dayu the T<space=-.1em>ormented,阿达尤受折磨,draft,pass8_lua_name
car_bb92607eaf05,cards_sheet,key,CARDNAME_AEGISKNIGHT,CARDNAME_AEGISKNIGHT,<size=104>A</size>egis Knight,神盾骑士,draft,
car_f1a64df30c57,cards_sheet,key,CARDNAME_AETHERCHANNELER,CARDNAME_AETHERCHANNELER,<size=104>Æ</size>ther Channeler,以太引导者,draft,
car_232f40f66d50,cards_sheet,key,CARDNAME_AETHERCURATOR,CARDNAME_AETHERCURATOR,<size=104>Æ</size>ther Curator,以太策展者,draft,
car_d78f81eff9bb,cards_sheet,key,CARDNAME_AETHERRITUALIST,CARDNAME_AETHERRITUALIST,<size=104>Æ</size>ther Ritualist,以太祭仪师,draft,
car_f941ecc4abf0,cards_sheet,key,CARDNAME_AETHERSPRINGWITCH,CARDNAME_AETHERSPRINGWITCH,<size=104>Æ</size>therspring Witch,以太泉女巫,draft,
car_5e6993bacac2,cards_sheet,key,CARDNAME_AETHERWARRIOR,CARDNAME_AETHERWARRIOR,<size=104>A</size>ether Warrior,以太战士,draft,
car_a6e224893d2f,cards_sheet,key,CARDNAME_AIRSUPPORTSQUADRON,CARDNAME_AIRSUPPORTSQUADRON,<size=104>A</size>ir Support Squadron,空中支援中队,draft,
car_65fd4e464e15,cards_sheet,key,CARDNAME_AIYANASMESSENGER,CARDNAME_AIYANASMESSENGER,<size=104>A</size>iyana's Messenger,艾雅娜的信使,draft,
car_d5c9939aa074,cards_sheet,key,CARDNAME_AIYANASMESSENGERETER,CARDNAME_AIYANASMESSENGERETER,<size=104>A</size>iyana's Messenger,艾雅娜的信使,draft,
car_a733453a7c35,cards_sheet,key,CARDNAME_AKAMTHEGENIE,CARDNAME_AKAMTHEGENIE,"<size=104>A</size>kam, the Genie",阿卡姆·灯神,draft,
car_9b684af48569,cards_sheet,key,CARDNAME_AKLYSTHESCOURGE,CARDNAME_AKLYSTHESCOURGE,"<size=104>A</size>klys, the Scourge",阿克里斯·灾祸,draft,
car_2cb7d2f9f3fb,cards_sheet,key,CARDNAME_ALLURINGSHAMAN,CARDNAME_ALLURINGSHAMAN,<size=104>A</size>lluring Shaman,魅惑萨满,draft,
car_cb8fcc6b0730,cards_sheet,key,CARDNAME_ALOSYANGUIDE,CARDNAME_ALOSYANGUIDE,<size=104>A</size>losyan Guide,阿洛西亚向导,draft,
car_4d5bfef9d629,cards_sheet,key,CARDNAME_ALSETMONKPRODIGY,CARDNAME_ALSETMONKPRODIGY,"<size=104>A</size>lset, Monk Prodigy",阿尔塞特·僧侣神童,draft,
car_fd95d37139bb,cards_sheet,key,CARDNAME_ALSETREACTORSAVANT,CARDNAME_ALSETREACTORSAVANT,"<size=104>A</size>lset, Reactor Savant",阿尔塞特·反应堆学者,draft,
car_6fdcd9664ea5,cards_sheet,key,CARDNAME_ANCIENTSTAG,CARDNAME_ANCIENTSTAG,<size=104>A</size>ncient Stag,上古鹿,draft,
car_39780e94f678,cards_sheet,key,CARDNAME_ANIMUSOFTHEWILD,CARDNAME_ANIMUSOFTHEWILD,<size=104>A</size>nimus of the Wild,魂魄荒野,draft,
car_c42b994f977c,cards_sheet,key,CARDNAME_ANIMUSOFTHEWILDETER,CARDNAME_ANIMUSOFTHEWILDETER,<size=104>A</size>nimus of the Wild,魂魄荒野,draft,
car_5195f6e2694e,cards_sheet,key,CARDNAME_ANNIHILATION,CARDNAME_ANNIHILATION,<size=104>A</size>nnihilation,歼灭,draft,
car_d4a5ea70c08c,cards_sheet,key,CARDNAME_ANOINTEDASKARA,CARDNAME_ANOINTEDASKARA,<size=104>A</size>nointed Askara,涂油阿斯卡拉,draft,
car_30c14aad3a0c,cards_sheet,key,CARDNAME_APPRENTICE,CARDNAME_APPRENTICE,<sprite=142>,学徒,draft,
car_92cd20e4e4d4,cards_sheet,key,CARDNAME_APPRENTICE10TH,CARDNAME_APPRENTICE10TH,<size=104>A</size>pprentice,学徒,draft,
car_6d74ee7634ca,cards_sheet,key,CARDNAME_APPRENTICEROV,CARDNAME_APPRENTICEROV,<size=104>A</size>pprentice,学徒,draft,
car_2b2b3b050764,cards_sheet,key,CARDNAME_APPRENTICERU,CARDNAME_APPRENTICERU,<size=104>A</size>pprentice,学徒,draft,
car_8017d365bd64,cards_sheet,key,CARDNAME_APPRENTICESOS,CARDNAME_APPRENTICESOS,<size=104>A</size>pprentice,学徒,draft,
car_12803d8f6ee8,cards_sheet,key,CARDNAME_ARANYXTHEGLUTTON,CARDNAME_ARANYXTHEGLUTTON,"<size=104>A</size>ranyx, the Glutton",阿兰尼克斯·贪食者,draft,
car_36e2395d14b5,cards_sheet,key,CARDNAME_ARBITERCIRCLET,CARDNAME_ARBITERCIRCLET,<size=104>A</size>rbiter Circlet,仲裁者头环,draft,
car_a4af325ba402,cards_sheet,key,CARDNAME_ARBITEROFFATE,CARDNAME_ARBITEROFFATE,<size=104>A</size>rbiter of Fate,仲裁者天命,draft,
car_8cb5d33f0119,cards_sheet,key,CARDNAME_ARBITEROFTHELOST,CARDNAME_ARBITEROFTHELOST,<size=104>A</size>rbiter of the Lost,仲裁者迷失,draft,
car_34762883e3c9,cards_sheet,key,CARDNAME_ARBITEROFTHEPRECIPICE,CARDNAME_ARBITEROFTHEPRECIPICE,<size=104>A</size>rbiter of the Precipice,悬崖仲裁者,draft,
car_d23b571a6f57,cards_sheet,key,CARDNAME_ARBITEROFTHEPRECIPICE10TH,CARDNAME_ARBITEROFTHEPRECIPICE10TH,<size=104>A</size>rbiter of the Precipice,悬崖仲裁者,draft,
car_c46fe6feb481,cards_sheet,key,CARDNAME_ARBITERSCENSER,CARDNAME_ARBITERSCENSER,<size=104>A</size>rbiter's Censer,仲裁者香炉,draft,
car_9198a286ffd6,cards_sheet,key,CARDNAME_ARHAEMISSARY,CARDNAME_ARHAEMISSARY,<size=104>A</size>rha Emissary,亚哈使者,draft,
car_af16d58bd38b,cards_sheet,key,CARDNAME_ARHAHISTORIAN,CARDNAME_ARHAHISTORIAN,<size=104>A</size>rha Historian,亚哈史官,draft,
car_01d944f7e7ba,cards_sheet,key,CARDNAME_ARHAINITIATE,CARDNAME_ARHAINITIATE,<size=104>A</size>rha Initiate,亚哈新兵,draft,
car_143fd959c490,cards_sheet,key,CARDNAME_ARHAINITIATE10TH,CARDNAME_ARHAINITIATE10TH,<size=104>A</size>rha Initiate,亚哈新兵,draft,
car_556a8b5bc3ab,cards_sheet,key,CARDNAME_ARHAMEDIUM,CARDNAME_ARHAMEDIUM,<size=104>A</size>rha Medium,亚哈灵媒,draft,
car_4adf7bc99860,cards_sheet,key,CARDNAME_ARHAMEDIUMETER,CARDNAME_ARHAMEDIUMETER,<size=104>A</size>rha Medium,亚哈灵媒,draft,
car_1ebc40e56b7b,cards_sheet,key,CARDNAME_ARHAMENTOR,CARDNAME_ARHAMENTOR,<size=104>A</size>rha Mentor,亚哈导师,draft,
car_9ab3a700f52e,cards_sheet,key,CARDNAME_ARHARECRUIT,CARDNAME_ARHARECRUIT,<size=104>A</size>rha Recruit,亚哈新兵,draft,
car_0ebb5fd19356,cards_sheet,key,CARDNAME_ARHARISING,CARDNAME_ARHARISING,<size=104>A</size>rha Rising,亚哈崛起,draft,
car_c68c6a4048c0,cards_sheet,key,CARDNAME_ARHASANCTUARY,CARDNAME_ARHASANCTUARY,<size=104>A</size>rha Sanctuary,亚哈圣所,draft,
car_f5ea7e31ca39,cards_sheet,key,CARDNAME_ARHASENSEI,CARDNAME_ARHASENSEI,<size=104>A</size>rha Sensei,亚哈导师,draft,
car_65b5099e790f,cards_sheet,key,CARDNAME_ARHASENSEIDS,CARDNAME_ARHASENSEIDS,<size=104>A</size>rha Sensei,亚哈导师,draft,
car_250c7c6d6915,cards_sheet,key,CARDNAME_ARHASENSEIETER,CARDNAME_ARHASENSEIETER,<size=104>A</size>rha Sensei,亚哈导师,draft,
car_6b0b9ba086b1,cards_sheet,key,CARDNAME_ARHATEMPLAR,CARDNAME_ARHATEMPLAR,<sprite=121>,亚哈圣殿武士,draft,
car_e1cec6919b4c,cards_sheet,key,CARDNAME_ARHATEMPLAR10TH,CARDNAME_ARHATEMPLAR10TH,<size=104>A</size>rha T<space=-.1em>emplar,亚哈圣殿武士,draft,pass8_lua_name
car_4c55ead9212f,cards_sheet,key,CARDNAME_ARMISTICE,CARDNAME_ARMISTICE,<size=104>A</size>rmistice,停战,draft,
car_d0299e8d19cd,cards_sheet,key,CARDNAME_ASALASTHEIMPALER,CARDNAME_ASALASTHEIMPALER,"<size=104>A</size>salas, the Impaler",阿萨拉斯·穿刺者,draft,
car_f77f4ab67f52,cards_sheet,key,CARDNAME_ASCETICOFTHELIDLESSEYE,CARDNAME_ASCETICOFTHELIDLESSEYE,<size=104>A</size>scetic of the Lidless Eye,无目之眼苦行僧,draft,
car_d918f2a5d1c4,cards_sheet,key,CARDNAME_ASCETICOFTHELIDLESSEYE10TH,CARDNAME_ASCETICOFTHELIDLESSEYE10TH,<size=104>A</size>scetic of the Lidless Eye,无目之眼苦行僧,draft,
car_b73f94843d73,cards_sheet,key,CARDNAME_ASHESTOASHES,CARDNAME_ASHESTOASHES,<size=104>A</size>shes to Ashes,灰烬归于灰烬,draft,
car_16194c3a0fe1,cards_sheet,key,CARDNAME_ASKARANARMOR,CARDNAME_ASKARANARMOR,<size=104>A</size>skaran Armor,阿斯卡拉甲,draft,
car_b2d15a82bf40,cards_sheet,key,CARDNAME_ASKARAOFFATE,CARDNAME_ASKARAOFFATE,<size=104>A</size>skara of Fate,命运阿斯卡拉,draft,
car_b4bf232da99a,cards_sheet,key,CARDNAME_ASKARAOFFORTUNE,CARDNAME_ASKARAOFFORTUNE,<size=104>A</size>skara of Fortune,幸运阿斯卡拉,draft,
car_9ecf43f9b21b,cards_sheet,key,CARDNAME_ASKARAOFJUDGEMENT,CARDNAME_ASKARAOFJUDGEMENT,<size=104>A</size>skara of Judgement,审判阿斯卡拉,draft,
car_9b6beaecd8ae,cards_sheet,key,CARDNAME_ASKARAOFSOULS,CARDNAME_ASKARAOFSOULS,<size=104>A</size>skara of Souls,灵魂阿斯卡拉,draft,
car_370faf7d8e48,cards_sheet,key,CARDNAME_ASTROBLADETRX,CARDNAME_ASTROBLADETRX,<size=104>A</size>strolabe TRX,星盘 TRX,draft,pass9;pass9
car_9ab8c26bad45,cards_sheet,key,CARDNAME_AURAOFTHEASKARA,CARDNAME_AURAOFTHEASKARA,<size=104>A</size>ura of the Askara,灵光阿斯卡拉,draft,
car_a0ee4763bce2,cards_sheet,key,CARDNAME_AUSPICIOUSASKARA,CARDNAME_AUSPICIOUSASKARA,<size=104>A</size>uspicious Askara,吉兆阿斯卡拉,draft,
car_130ab9a46485,cards_sheet,key,CARDNAME_AUSTERESAGE,CARDNAME_AUSTERESAGE,<size=104>A</size>ustere Sage,严苛贤者,draft,
car_647ba035c942,cards_sheet,key,CARDNAME_AUTOBUILDER50,CARDNAME_AUTOBUILDER50,<size=104>A</size>utobuilder 5.0,自动建造机5.0,draft,
car_e51c3e243659,cards_sheet,key,CARDNAME_AVATARGOLEM,CARDNAME_AVATARGOLEM,<sprite=66>,化身魔像,draft,
car_2f0c256b52f8,cards_sheet,key,CARDNAME_AVATARGOLEM10TH,CARDNAME_AVATARGOLEM10TH,<size=104>A</size>vatar Golem,化身魔像,draft,
car_b9273136a471,cards_sheet,key,CARDNAME_AVATAROFAIYANA,CARDNAME_AVATAROFAIYANA,<size=104>A</size><space=-.05em>vatar of Aiyana,化身·艾雅娜,draft,
car_49ea227a373d,cards_sheet,key,CARDNAME_AVATAROFTHEFALLEN10TH,CARDNAME_AVATAROFTHEFALLEN10TH,<size=104>A</size>vatar of the Fallen,堕落者化身,draft,
car_95ca786d8242,cards_sheet,key,CARDNAME_AZERAXNYXSCHOSEN,CARDNAME_AZERAXNYXSCHOSEN,"<size=104>A</size>zerax, Nyx's Chosen",阿泽拉克斯·尼克斯的天选者,draft,
car_e64d56e9a37f,cards_sheet,key,CARDNAME_AZERAXOFTHEBLACKWATCH,CARDNAME_AZERAXOFTHEBLACKWATCH,<size=104>A</size>zerax of the Black W<space=-.1em>atch,阿泽拉克斯黑卫,draft,pass8_lua_name
car_efbbfbd585b4,cards_sheet,key,CARDNAME_AZURITECHANNELER,CARDNAME_AZURITECHANNELER,<size=104>A</size>zurite Channeler,蓝铜引导者,draft,
car_4949ef49262c,cards_sheet,key,CARDNAME_BAMTRIBEGREMLINS,CARDNAME_BAMTRIBEGREMLINS,<size=104>B</size><space=-.05em>am T<space=-.1em>ribe Gremlins,巴姆部落小妖们,draft,pass8_lua_name
car_1e80d6c1e31b,cards_sheet,key,CARDNAME_BATTERYMONK,CARDNAME_BATTERYMONK,<size=104>B</size>attery Monk,电池僧侣,draft,
car_b0d3d567870a,cards_sheet,key,CARDNAME_BATTERYMONKETER,CARDNAME_BATTERYMONKETER,<size=104>B</size>attery Monk,电池僧侣,draft,
car_c6602ea9e1eb,cards_sheet,key,CARDNAME_BAZUDUKEOFSCORN,CARDNAME_BAZUDUKEOFSCORN,"<size=104>B</size>azu, Duke of Scorn",轻蔑公爵巴祖,draft,
car_3d10de1152b2,cards_sheet,key,CARDNAME_BEACONOFTHELOST,CARDNAME_BEACONOFTHELOST,<size=104>B</size>eacon of the Lost,信标迷失,draft,
car_50de757ee87d,cards_sheet,key,CARDNAME_BEACONSHAMAN,CARDNAME_BEACONSHAMAN,<size=104>B</size>eacon Shaman,信标萨满,draft,
car_6904c820c3f2,cards_sheet,key,CARDNAME_BEASTSTAFF,CARDNAME_BEASTSTAFF,<size=104>B</size>east Staff,野兽法杖,draft,
car_11c83a6b10f4,cards_sheet,key,CARDNAME_BELTHARSOULCOLLECTOR,CARDNAME_BELTHARSOULCOLLECTOR,"<size=104>B</size><space=-.05em>elthar, Soul Collector",贝尔萨·集魂者,draft,
car_c3b79becf5f2,cards_sheet,key,CARDNAME_BERSERKERFRENZY,CARDNAME_BERSERKERFRENZY,<size=104>B</size>erserker Frenzy,狂战狂乱,draft,
car_c3c6b416b647,cards_sheet,key,CARDNAME_BETRAYEDTEMPLAR,CARDNAME_BETRAYEDTEMPLAR,<size=104>B</size>etrayed T<space=-.1em>emplar,被弃圣殿武士,draft,pass8_lua_name
car_25e7d20dc2f5,cards_sheet,key,CARDNAME_BLACKHOLE,CARDNAME_BLACKHOLE,<size=104>B</size>lack Hole,黑洞,draft,
car_f9a99eb93861,cards_sheet,key,CARDNAME_BLACKWATCHDREAMER,CARDNAME_BLACKWATCHDREAMER,<size=104>B</size>lackwatch Dreamer,黑卫梦者,draft,
car_1867903a6a09,cards_sheet,key,CARDNAME_BLACKWATCHELITE,CARDNAME_BLACKWATCHELITE,<size=104>B</size>lack W<space=-.1em>atch Elite,黑卫精锐,draft,pass8_lua_name
car_b7e21a5bc22d,cards_sheet,key,CARDNAME_BLACKWATCHEXEMPLAR,CARDNAME_BLACKWATCHEXEMPLAR,<size=104>B</size>lack Watch Exemplar,黑卫典范,draft,
car_d58627e5a804,cards_sheet,key,CARDNAME_BLACKWATCHVANQUISHER,CARDNAME_BLACKWATCHVANQUISHER,<size=104>B</size>lackwatch V<space=-.1em>anquisher,黑卫征服者,draft,pass8_lua_name
car_dcb9fc85651d,cards_sheet,key,CARDNAME_BLASTGOGGLES,CARDNAME_BLASTGOGGLES,<size=104>B</size>last Goggles,爆破护目镜,draft,
car_28154a02eb57,cards_sheet,key,CARDNAME_BLEAKTOAD,CARDNAME_BLEAKTOAD,<size=104>B</size>leaktoad,荒蟾,draft,
car_58d28fce4fbc,cards_sheet,key,CARDNAME_BLINDSEER,CARDNAME_BLINDSEER,<size=104>B</size>lind Seer,盲预言者,draft,
car_e648668e9c14,cards_sheet,key,CARDNAME_BOMBCRAFTER,CARDNAME_BOMBCRAFTER,<size=104>B</size>ombcrafter,炸弹匠,draft,
car_6ffe7639630c,cards_sheet,key,CARDNAME_BOON:CETRA,CARDNAME_BOON:CETRA,Boon: Cetra,恩赐：塞特拉,draft,
car_cbca7e4d168e,cards_sheet,key,CARDNAME_BOON:KOR,CARDNAME_BOON:KOR,Boon: Kor,恩赐：科尔,draft,
car_4f8f40201979,cards_sheet,key,CARDNAME_BOON:MASTERDHARTHA,CARDNAME_BOON:MASTERDHARTHA,Boon: Master Dhartha,恩赐：达萨大师,draft,
car_7a0ea6fd4d4b,cards_sheet,key,CARDNAME_BOON:NAKA,CARDNAME_BOON:NAKA,Boon: Naka,恩赐：纳卡,draft,
car_e276b7ea8113,cards_sheet,key,CARDNAME_BOONCETRA,CARDNAME_BOONCETRA,Boon: Cetra,恩赐：塞特拉,draft,
car_3bbddaecd0ea,cards_sheet,key,CARDNAME_BOONEMRI,CARDNAME_BOONEMRI,Boon: Emri,恩赐：艾姆瑞,draft,
car_99375954dcdf,cards_sheet,key,CARDNAME_BOONKOR,CARDNAME_BOONKOR,Boon: Kor,恩赐：科尔,draft,
car_06ddb3be05b3,cards_sheet,key,CARDNAME_BOONMASTERDHARTHA,CARDNAME_BOONMASTERDHARTHA,Boon: Master Dhartha,恩赐：达萨大师,draft,
car_eced8b0b7a56,cards_sheet,key,CARDNAME_BOONNAIRA,CARDNAME_BOONNAIRA,Boon: Nairi,恩赐：奈莉,draft,
car_3f76a69706ce,cards_sheet,key,CARDNAME_BOONNAKA,CARDNAME_BOONNAKA,Boon: Naka,恩赐：纳卡,draft,
car_180b14e477f9,cards_sheet,key,CARDNAME_BOONPRIME,CARDNAME_BOONPRIME,Boon: P.R.I.M.E.,恩赐：P.R.I.M.E.,draft,
car_95643ff3daf0,cards_sheet,key,CARDNAME_BOONULU,CARDNAME_BOONULU,Boon: Ulu,恩赐：乌鲁,draft,
car_f38535da608f,cards_sheet,key,CARDNAME_BORDERLANDMERCENARY,CARDNAME_BORDERLANDMERCENARY,<size=104>B</size>orderland Mercenary,边地佣兵,draft,
car_5df305ed7674,cards_sheet,key,CARDNAME_BORDERLANDNIHILIST,CARDNAME_BORDERLANDNIHILIST,<size=104>B</size>orderland Nihilist,边地虚无者,draft,
car_5cb261942d76,cards_sheet,key,CARDNAME_BRAINSTORMSENTRY,CARDNAME_BRAINSTORMSENTRY,<size=104>B</size>rainstorm Sentry,头脑风暴哨兵,draft,
car_249fdcb687fc,cards_sheet,key,CARDNAME_BRAMBLEELEMENTAL,CARDNAME_BRAMBLEELEMENTAL,<size=104>B</size>ramble Elemental,荆棘元素,draft,
car_a091b86e6cee,cards_sheet,key,CARDNAME_BRAZERDRONE,CARDNAME_BRAZERDRONE,<size=104>B</size>razer Drone,铜匠无人机,draft,
car_59f811033466,cards_sheet,key,CARDNAME_BRINGEROFDESPAIR,CARDNAME_BRINGEROFDESPAIR,<size=104>B</size>ringer of Despair,带来者绝望,draft,
car_e5ecb508a135,cards_sheet,key,CARDNAME_BRINGEROFHOPE,CARDNAME_BRINGEROFHOPE,<size=104>B</size>ringer of Hope,带来者希望,draft,
car_7b640707c122,cards_sheet,key,CARDNAME_BROTHERLAIAS,CARDNAME_BROTHERLAIAS,<size=104>B</size>rother Laias,修士莱亚斯,draft,
car_831ce2466ecd,cards_sheet,key,CARDNAME_BROTHERMARIUS,CARDNAME_BROTHERMARIUS,<size=104>B</size>rother Marius,修士马里乌斯,draft,
car_45ce463a6620,cards_sheet,key,CARDNAME_BURIALGUARDIAN,CARDNAME_BURIALGUARDIAN,<size=104>B</size>urial Guardian,埋葬守卫,draft,
car_11f6eca9e8e1,cards_sheet,key,CARDNAME_BURROWERMARKII,CARDNAME_BURROWERMARKII,<sprite=125>,钻地机 II 型,draft,pass9;pass9
car_66520c431322,cards_sheet,key,CARDNAME_BURROWERMARKII10TH,CARDNAME_BURROWERMARKII10TH,<size=104>B</size>urrower Mark II,钻地机 II 型,draft,pass8_lua_name;pass9;pass9
car_2ffb114372cb,cards_sheet,key,CARDNAME_CAARODESERTBREAKER,CARDNAME_CAARODESERTBREAKER,"<size=104>C</size>aaro, Desert Breaker",卡罗·沙漠破碎者,draft,
car_bc077b80d210,cards_sheet,key,CARDNAME_CACKLECASTWRETCH,CARDNAME_CACKLECASTWRETCH,<size=104>C</size>acklecast W<space=-.05em>retch,狂笑施法可怜虫,draft,pass8_lua_name
car_d09a9eed8841,cards_sheet,key,CARDNAME_CACKLINGJACKAL,CARDNAME_CACKLINGJACKAL,<size=104>C</size>ackling Jackal,狂笑豺狼,draft,
car_59592557b315,cards_sheet,key,CARDNAME_CALLOFDARKNESS,CARDNAME_CALLOFDARKNESS,<size=104>C</size>all of Darkness,黑暗呼唤,draft,
car_6769ff880e65,cards_sheet,key,CARDNAME_CANONTEMPLAR,CARDNAME_CANONTEMPLAR,<size=104>C</size>anon T<space=-.1em>emplar,圣典圣殿武士,draft,pass8_lua_name
car_2457ea72dc8f,cards_sheet,key,CARDNAME_CANOPICJAR,CARDNAME_CANOPICJAR,<size=104>C</size>anopic Jar,卡诺皮克罐,draft,
car_fe71d3f6df2d,cards_sheet,key,CARDNAME_CANOPYSANCTUARY,CARDNAME_CANOPYSANCTUARY,<size=104>C</size>anopy Sanctuary,树冠圣所,draft,
car_971e47e2fa4e,cards_sheet,key,CARDNAME_CARETAKERZAHRAL,CARDNAME_CARETAKERZAHRAL,<size=104>C</size>aretaker Zahral,看护者扎拉尔,draft,
car_10b7f040655a,cards_sheet,key,CARDNAME_CAUSTICCONJURER,CARDNAME_CAUSTICCONJURER,<size=104>C</size>austic Conjurer,腐蚀咒术师,draft,
car_72e501ba24a6,cards_sheet,key,CARDNAME_CAVERNCREEPER,CARDNAME_CAVERNCREEPER,<size=104>C</size>avern Creeper,洞穴爬行者,draft,
car_8987edf2ad1f,cards_sheet,key,CARDNAME_CAVERNHORROR,CARDNAME_CAVERNHORROR,<size=104>C</size>avern Horror,洞穴恐魔,draft,
car_d9f77cd246a5,cards_sheet,key,CARDNAME_CELLBLOCKE,CARDNAME_CELLBLOCKE,<size=104>C</size>ell Block E,牢房E区,draft,
car_6562d1cf28b4,cards_sheet,key,CARDNAME_CETRABENEFACTOROFALL,CARDNAME_CETRABENEFACTOROFALL,"<size=104>C</size>etra, Benefactor of All",所有之恩塞特拉,draft,pass9b
car_89c98a8b3091,cards_sheet,key,CARDNAME_CETRACELESTIALBODY,CARDNAME_CETRACELESTIALBODY,"<size=104>C</size>etra, Celestial Body",天体塞特拉,draft,
car_83cff31019db,cards_sheet,key,CARDNAME_CETRAGUIDEOFOGO,CARDNAME_CETRAGUIDEOFOGO,"<size=104>C</size>etra, Guide of Ogo",奥戈向导塞特拉,draft,
car_765262e59288,cards_sheet,key,CARDNAME_CETRAMATRONOFSTARS,CARDNAME_CETRAMATRONOFSTARS,"<size=104>C</size>etra, Matron of Stars",星辰主母塞特拉,draft,
car_b0d211e819ae,cards_sheet,key,CARDNAME_CETRASRESPITE,CARDNAME_CETRASRESPITE,<size=104>C</size><space=-.05em>etra's Respite,塞特拉的喘息,draft,
car_00ba49db41f0,cards_sheet,key,CARDNAME_CETRASTRIAL,CARDNAME_CETRASTRIAL,Cetra's T<space=-.1em>rial,塞特拉的试炼,draft,pass8_lua_name
car_4271e182d230,cards_sheet,key,CARDNAME_CETRAVOIDMOTHER,CARDNAME_CETRAVOIDMOTHER,"<size=104>C</size><space=-.05em>etra, V<space=-.1em>oidmother",虚空之母塞特拉,draft,pass8_lua_name
car_b51f498e931d,cards_sheet,key,CARDNAME_CETRAWEAVEROFSTARS,CARDNAME_CETRAWEAVEROFSTARS,<sprite=8>,织星者塞特拉,draft,
car_2f17f9e348d3,cards_sheet,key,CARDNAME_CETRAWEAVEROFSTARS10TH,CARDNAME_CETRAWEAVEROFSTARS10TH,"<size=104>C</size>etra, Weaver of Stars",织星者塞特拉,draft,
car_83406ebaeaeb,cards_sheet,key,CARDNAME_CHAOSCANNON,CARDNAME_CHAOSCANNON,<size=104>C</size>haos Cannon,混沌加农,draft,
car_457addce6173,cards_sheet,key,CARDNAME_CHAOSRIDER,CARDNAME_CHAOSRIDER,<size=104>C</size>haos Rider,混沌骑手,draft,
car_1d7535af7f0d,cards_sheet,key,CARDNAME_CHAOTICCANNON,CARDNAME_CHAOTICCANNON,<size=104>C</size>haotic Cannon,混沌加农,draft,
car_7e662cf47e7a,cards_sheet,key,CARDNAME_CHARGINGCHAMBER,CARDNAME_CHARGINGCHAMBER,<size=104>C</size>harging Chamber,充能室,draft,
car_8f655a23756b,cards_sheet,key,CARDNAME_CHEERFULCONSORT,CARDNAME_CHEERFULCONSORT,<size=104>C</size>heerful Consort,欢快伴侣,draft,
car_953ae547ff02,cards_sheet,key,CARDNAME_CHEERFULCONSORTETER,CARDNAME_CHEERFULCONSORTETER,<size=104>C</size>heerful Consort,欢快伴侣,draft,
car_ad1cec308fa5,cards_sheet,key,CARDNAME_CHRONICLEOFVIGIL,CARDNAME_CHRONICLEOFVIGIL,<size=104>C</size>hronicle of Vigil,祈夜编年史,draft,
car_7170d934a778,cards_sheet,key,CARDNAME_CLAWSOFDEOFUL,CARDNAME_CLAWSOFDEOFUL,<size=104>C</size>laws of Deoful,爪迪奥福尔,draft,
car_785e544073c3,cards_sheet,key,CARDNAME_CLOCKWORKBLADE,CARDNAME_CLOCKWORKBLADE,<size=104>C</size>lockwork Blade,发条刃,draft,
car_3f2462032568,cards_sheet,key,CARDNAME_CLOCKWORKFAMILIAR,CARDNAME_CLOCKWORKFAMILIAR,<size=104>C</size>lockwork Familiar,发条使魔,draft,
car_d443cc574c3d,cards_sheet,key,CARDNAME_CLOCKWORKHELM,CARDNAME_CLOCKWORKHELM,<size=104>C</size>lockwork Helm,发条盔,draft,
car_d2d7b2c7ca8f,cards_sheet,key,CARDNAME_CLOCKWORKSENTRY,CARDNAME_CLOCKWORKSENTRY,<size=104>C</size>lockwork Sentry,发条哨兵,draft,
car_39e4a326ebd5,cards_sheet,key,CARDNAME_CLOCKWORKSHIELD,CARDNAME_CLOCKWORKSHIELD,<size=104>C</size>lockwork Shield,发条盾,draft,
car_beb9fb163b16,cards_sheet,key,CARDNAME_CLUTCHOFDARKNESS,CARDNAME_CLUTCHOFDARKNESS,<size=104>C</size>lutch of Darkness,黑暗之握,draft,
car_e2052834193a,cards_sheet,key,CARDNAME_COGMAW,CARDNAME_COGMAW,<size=104>C</size>og Maw,齿轮巨口,draft,
car_ba2d25b58671,cards_sheet,key,CARDNAME_COGNITIONCOURIER,CARDNAME_COGNITIONCOURIER,<size=104>C</size>ognition Courier,认知信使,draft,
car_54a79e8b5a53,cards_sheet,key,CARDNAME_COMBUSTIONIDOL,CARDNAME_COMBUSTIONIDOL,<size=104>C</size>ombustion Idol,燃烧偶像,draft,
car_4035af6a673a,cards_sheet,key,CARDNAME_COMBUSTIONIDOLETER,CARDNAME_COMBUSTIONIDOLETER,<size=104>C</size>ombustion Idol,燃烧偶像,draft,
car_d4aacb96a536,cards_sheet,key,CARDNAME_CONDUITMONK,CARDNAME_CONDUITMONK,<size=104>C</size>onduit Monk,导管僧侣,draft,
car_d27dd012ccce,cards_sheet,key,CARDNAME_CONSTRICTINGHORROR,CARDNAME_CONSTRICTINGHORROR,<size=104>C</size>onstricting Horror,绞杀恐魔,draft,
car_8be392175d02,cards_sheet,key,CARDNAME_CONTROLROOM,CARDNAME_CONTROLROOM,<size=104>C</size>ontrol Room,控制室,draft,
car_db72f5b10552,cards_sheet,key,CARDNAME_CONTROLSMITH,CARDNAME_CONTROLSMITH,<size=104>C</size>ontrolsmith,控术匠,draft,
car_2d8b6c2e2f5a,cards_sheet,key,CARDNAME_CONVERSIONPORT,CARDNAME_CONVERSIONPORT,<size=104>C</size>onversion Port,转化端口,draft,
car_7c391710915a,cards_sheet,key,CARDNAME_CORITEMECHANADON,CARDNAME_CORITEMECHANADON,<size=104>C</size>orite Mechanadon,刚玉机械兽,draft,
car_d0b16ccf03ad,cards_sheet,key,CARDNAME_CORRECTIONOFCREATION,CARDNAME_CORRECTIONOFCREATION,<size=104>C</size>orrection of Creation,校正造物,draft,
car_49b9624d075d,cards_sheet,key,CARDNAME_CORROSIVEWIDOW,CARDNAME_CORROSIVEWIDOW,<sprite=116>,腐蚀寡妇,draft,
car_c4232eb6be23,cards_sheet,key,CARDNAME_CORROSIVEWIDOW10TH,CARDNAME_CORROSIVEWIDOW10TH,<size=104>C</size>orrosive Widow,腐蚀寡妇,draft,
car_9c1e42f870ad,cards_sheet,key,CARDNAME_CORROSIVEWIDOWETER,CARDNAME_CORROSIVEWIDOWETER,<size=104>C</size>orrosive Widow,腐蚀寡妇,draft,
car_dad786cdd5b0,cards_sheet,key,CARDNAME_CORRUPTEDSAGE,CARDNAME_CORRUPTEDSAGE,<size=104>C</size>orrupted Sage,腐化贤者,draft,
car_ba121220acfb,cards_sheet,key,CARDNAME_COSMICPROTOCOL,CARDNAME_COSMICPROTOCOL,<size=104>C</size>osmic Protocol,宇宙协议,draft,
car_22c5342b2057,cards_sheet,key,CARDNAME_CRYPTLURKER,CARDNAME_CRYPTLURKER,<size=104>C</size>r<space=.05em>ypt Lurker,地穴潜伏者,draft,pass8_lua_name
car_3300f91ea530,cards_sheet,key,CARDNAME_CRYSTALLINEMONK,CARDNAME_CRYSTALLINEMONK,<size=104>C</size><space=-.1em>rystalline Monk,水晶僧侣,draft,
car_1e6e07ef6252,cards_sheet,key,CARDNAME_CULTIST,CARDNAME_CULTIST,<sprite=68>,邪教徒,draft,
car_fad073b739ed,cards_sheet,key,CARDNAME_CULTIST10TH,CARDNAME_CULTIST10TH,<size=104>C</size>ultist,邪教徒,draft,
car_124ce3c4712e,cards_sheet,key,CARDNAME_CULTISTROV,CARDNAME_CULTISTROV,<size=104>C</size>ultist,邪教徒,draft,
car_2066dcf2466b,cards_sheet,key,CARDNAME_CULTISTRU,CARDNAME_CULTISTRU,<size=104>C</size>ultist,邪教徒,draft,
car_2244b086f73e,cards_sheet,key,CARDNAME_CULTISTSOS,CARDNAME_CULTISTSOS,<size=104>C</size>ultist,邪教徒,draft,
car_3db46600f9d0,cards_sheet,key,CARDNAME_CULTOFTHEFALSECIRCLE,CARDNAME_CULTOFTHEFALSECIRCLE,<size=104>C</size>ult of the False Circle,邪教虚假环,draft,
car_9271a91cb102,cards_sheet,key,CARDNAME_DANDELIONWITCH,CARDNAME_DANDELIONWITCH,<size=104>D</size><space=-.1em>andelion Witch,蒲公英女巫,draft,
car_1ca8c197d182,cards_sheet,key,CARDNAME_DARKENERGYSHARD,CARDNAME_DARKENERGYSHARD,<size=104>D</size><space=-.1em>ark Energy Shard,黑暗能量碎片,draft,
car_f1a6822a2a44,cards_sheet,key,CARDNAME_DARKGLADIATOR,CARDNAME_DARKGLADIATOR,<size=104>D</size><space=-.1em>ark Gladiator,黑暗角斗士,draft,
car_16b2e701ad86,cards_sheet,key,CARDNAME_DARKMONK,CARDNAME_DARKMONK,<size=104>D</size>ark Monk,黑暗僧侣,draft,
car_577c01ba90eb,cards_sheet,key,CARDNAME_DARKTOMELIBRARIAN,CARDNAME_DARKTOMELIBRARIAN,<size=104>D</size><space=-.1em>arktome Librarian,暗典图书管理员,draft,
car_a7e538274d2e,cards_sheet,key,CARDNAME_DARKWALKER,CARDNAME_DARKWALKER,<size=104>D</size><space=-.05em>arkwalker,暗行者,draft,
car_6bbe703dc875,cards_sheet,key,CARDNAME_DAVIDPROPHETICGUIDE,CARDNAME_DAVIDPROPHETICGUIDE,"<size=104>D</size>avid, Prophetic Guide",大卫·预言向导,draft,
car_607ee9b1b3c9,cards_sheet,key,CARDNAME_DAYBREAKASKARA,CARDNAME_DAYBREAKASKARA,<size=104>D</size><space=-.1em>aybreak Askara,破晓阿斯卡拉,draft,
car_11c2ca880cf1,cards_sheet,key,CARDNAME_DEADEYEASSASSIN,CARDNAME_DEADEYEASSASSIN,<size=104>D</size><space=-.1em>eadeye Assassin,死眼刺客,draft,
car_0ff5700451d7,cards_sheet,key,CARDNAME_DEATHBOUNDDRUID,CARDNAME_DEATHBOUNDDRUID,<size=104>D</size><space=-.075em>eathbound Druid,缚死德鲁伊,draft,
car_a84d756d568a,cards_sheet,key,CARDNAME_DEATHDEALERNOBLE,CARDNAME_DEATHDEALERNOBLE,<size=104>D</size><space=-.1em>eathdealer Noble,死神贵族,draft,
car_dcfc81d0a201,cards_sheet,key,CARDNAME_DEATHFINDER,CARDNAME_DEATHFINDER,<size=104>D</size><space=-.05em>eathfinder,寻死者,draft,
car_8fa54e7c08f2,cards_sheet,key,CARDNAME_DEATHSEEKER,CARDNAME_DEATHSEEKER,<size=104>D</size><space=-.05em>eathseeker,寻死者,draft,
car_21e717402859,cards_sheet,key,CARDNAME_DEATHSWIDOW,CARDNAME_DEATHSWIDOW,<size=104>D</size><space=-.05em>eath's Widow,死亡寡妇,draft,
car_9f571dc775e4,cards_sheet,key,CARDNAME_DEATHSWORNWARRIOR,CARDNAME_DEATHSWORNWARRIOR,<size=104>D</size><space=-.15em>eathsworn Warrior,誓死战士,draft,
car_9ad443e222f7,cards_sheet,key,CARDNAME_DECEITFULGHOUL,CARDNAME_DECEITFULGHOUL,<size=104>D</size>eceitful Ghoul,欺诈食尸鬼,draft,
car_8606734268d7,cards_sheet,key,CARDNAME_DEEPDRONE,CARDNAME_DEEPDRONE,<size=104>D</size>eep Drone,深潜无人机,draft,
car_af407ec4e652,cards_sheet,key,CARDNAME_DEFENDEROFVIGIL,CARDNAME_DEFENDEROFVIGIL,<size=104>D</size>efender of Vigil,防御者祈夜,draft,
car_4f8cd26e1e52,cards_sheet,key,CARDNAME_DEFENSEGENERATOR,CARDNAME_DEFENSEGENERATOR,<size=104>D</size>efense Generator,防御发生器,draft,
car_5d1ad6e6c506,cards_sheet,key,CARDNAME_DELIRIUMNYMPH,CARDNAME_DELIRIUMNYMPH,<size=104>D</size><space=-.05em>elirium Nymph,谵妄宁芙,draft,
car_a545d512ab8c,cards_sheet,key,CARDNAME_DELIRIUMPIXIES,CARDNAME_DELIRIUMPIXIES,<size=104>D</size><space=-.05em>elirium Pixies,谵妄小仙,draft,
car_7b7a771d2647,cards_sheet,key,CARDNAME_DELIRIUMPIXIESETER,CARDNAME_DELIRIUMPIXIESETER,<size=104>D</size>elirium Pixies,谵妄小仙,draft,
car_eeb53d3b0a02,cards_sheet,key,CARDNAME_DELUDINGDJINN,CARDNAME_DELUDINGDJINN,<size=104>D</size><space=-.05em>eluding Djinn,欺瞒灯神,draft,
car_c2d9992908f5,cards_sheet,key,CARDNAME_DELUGEELEMENTAL,CARDNAME_DELUGEELEMENTAL,<size=104>D</size><space=-.1em>eluge Elemental,洪水元素,draft,
car_410318979c20,cards_sheet,key,CARDNAME_DELUXECAPACITOR,CARDNAME_DELUXECAPACITOR,<size=104>D</size>eluxe Capacitor,豪华电容,draft,
car_d044b5ccdc6d,cards_sheet,key,CARDNAME_DEMONHUNTER,CARDNAME_DEMONHUNTER,<size=104>D</size>emon Hunter,恶魔猎手,draft,
car_4fbfebe66060,cards_sheet,key,CARDNAME_DEMONMASTER,CARDNAME_DEMONMASTER,<size=104>D</size>emon Master,恶魔大师,draft,
car_c9bba5aebea4,cards_sheet,key,CARDNAME_DEMONPUPS,CARDNAME_DEMONPUPS,<size=104>D</size><space=-.05em>emon Pups,恶魔幼崽,draft,
car_f51d6ef13450,cards_sheet,key,CARDNAME_DEMONSLAYER,CARDNAME_DEMONSLAYER,<size=104>D</size><space=-.05em>emon Slayer,恶魔杀手,draft,
car_ee150a9a0ba3,cards_sheet,key,CARDNAME_DEMONSLAYER10TH,CARDNAME_DEMONSLAYER10TH,<size=104>D</size><space=-.05em>emon Slayer,恶魔杀手,draft,
car_a557ad89f5c7,cards_sheet,key,CARDNAME_DENDRISTHEGLADEWYRM,CARDNAME_DENDRISTHEGLADEWYRM,<size=104>D</size><space=-.15em>endris the Gladewyrm,登德里斯林间巨虫,draft,
car_4216b83e4378,cards_sheet,key,CARDNAME_DERANGEDASPIRANT,CARDNAME_DERANGEDASPIRANT,<size=104>D</size><space=-.1em>eranged Aspirant,发狂追求者,draft,
car_5957aee5a820,cards_sheet,key,CARDNAME_DERANGEDDIRGE,CARDNAME_DERANGEDDIRGE,<size=104>D</size>eranged Dirge,发狂挽歌,draft,
car_64afb256af63,cards_sheet,key,CARDNAME_DESTROYERSGATE,CARDNAME_DESTROYERSGATE,<size=104>D</size>estroyer's Gate,毁灭者之门,draft,
car_9e5639cc925f,cards_sheet,key,CARDNAME_DEVIANTFIEND,CARDNAME_DEVIANTFIEND,<size=104>D</size><space=-.05em>eviant Fiend,畸变邪魔,draft,
car_f070a1bdda81,cards_sheet,key,CARDNAME_DHARTHA,CARDNAME_DHARTHA,Dhartha,达萨,draft,
car_1f45961536af,cards_sheet,key,CARDNAME_DHARTHADREAMMASTER,CARDNAME_DHARTHADREAMMASTER,"<size=104>D</size>hartha, Dream Master",达萨·梦大师,draft,
car_9a36b6c1cfd7,cards_sheet,key,CARDNAME_DHARTHAETERNALSEER,CARDNAME_DHARTHAETERNALSEER,"<size=104>D</size>hartha, Eternal Seer",达萨·永恒预言者,draft,
car_34d064f297ca,cards_sheet,key,CARDNAME_DHARTHAMASTEROFSIGHT,CARDNAME_DHARTHAMASTEROFSIGHT,"<size=104>D</size>hartha, Master of Sight",达萨·大师视界,draft,
car_b4aa8d489453,cards_sheet,key,CARDNAME_DHARTHAMECHAMONK,CARDNAME_DHARTHAMECHAMONK,"<size=104>D</size>hartha, Mechamonk",达萨·机械僧,draft,
car_3c703a80b310,cards_sheet,key,CARDNAME_DHARTHASRETREAT,CARDNAME_DHARTHASRETREAT,<size=104>D</size>hartha's Retreat,达萨的隐修处,draft,
car_957dfcf13947,cards_sheet,key,CARDNAME_DHARTHASTRIAL,CARDNAME_DHARTHASTRIAL,Dhartha's T<space=-.1em>rial,达萨的试炼,draft,pass8_lua_name
car_3bfee0d4982c,cards_sheet,key,CARDNAME_DHARTHATHEETERNAL,CARDNAME_DHARTHATHEETERNAL,"<size=104>D</size><space=-.05em>hartha, the Eternal",达萨·永恒,draft,
car_b90e943540e5,cards_sheet,key,CARDNAME_DIMENSIONDIVER,CARDNAME_DIMENSIONDIVER,<size=104>D</size>imension Diver,维度潜者,draft,
car_8b04cc3a26c8,cards_sheet,key,CARDNAME_DIMENSIONDIVERETER,CARDNAME_DIMENSIONDIVERETER,<size=104>D</size>imension Diver,维度潜者,draft,
car_4bb3d44690b7,cards_sheet,key,CARDNAME_DIMENSIONMONK,CARDNAME_DIMENSIONMONK,<size=104>D</size>imension Monk,维度僧侣,draft,
car_19207abf1340,cards_sheet,key,CARDNAME_DISCIPLEOFCETRA,CARDNAME_DISCIPLEOFCETRA,<size=104>D</size>isciple of Cetra,之徒·塞特拉,draft,
car_7edb18dfd86b,cards_sheet,key,CARDNAME_DISCIPLEOFEMRI,CARDNAME_DISCIPLEOFEMRI,<size=104>D</size>isciple of Emri,之徒·艾姆瑞,draft,
car_738a8d7b9a51,cards_sheet,key,CARDNAME_DISCIPLEOFEULOTH,CARDNAME_DISCIPLEOFEULOTH,<size=104>D</size>isciple of Euloth,之徒·尤洛斯,draft,
car_ba27b55f7331,cards_sheet,key,CARDNAME_DISCIPLEOFOZIAH,CARDNAME_DISCIPLEOFOZIAH,<size=104>D</size>isciple of Oziah,之徒·奥齐亚,draft,
car_41724b6f35dd,cards_sheet,key,CARDNAME_DIVINEASKARA,CARDNAME_DIVINEASKARA,<size=104>D</size>ivine Askara,神圣阿斯卡拉,draft,
car_c8107c7f8737,cards_sheet,key,CARDNAME_DOGSOFWAR,CARDNAME_DOGSOFWAR,<size=104>D</size><space=-.05em>ogs of W<space=-.05em>ar,犬战争,draft,pass8_lua_name
car_1aba235ed206,cards_sheet,key,CARDNAME_DOOMWEEPER,CARDNAME_DOOMWEEPER,<size=104>D</size><space=-.05em>oom W<space=-.05em>eeper,末日哀泣者,draft,pass8_lua_name
car_0d3f48392f0d,cards_sheet,key,CARDNAME_DREADCONJURER,CARDNAME_DREADCONJURER,<size=104>D</size>read Conjurer,恐惧咒术师,draft,
car_b5819d513cb5,cards_sheet,key,CARDNAME_DREADMAGE,CARDNAME_DREADMAGE,<size=104>D</size>readmage,恐惧法师,draft,
car_ebaa381ed776,cards_sheet,key,CARDNAME_DREADMARE,CARDNAME_DREADMARE,<size=104>D</size>readmare,惧马,draft,
car_732962d6228a,cards_sheet,key,CARDNAME_DREAMANCHOR,CARDNAME_DREAMANCHOR,<size=104>D</size>ream Anchor,梦锚,draft,
car_0ffda9858738,cards_sheet,key,CARDNAME_DREAMCHAMBERDISCIPLES,CARDNAME_DREAMCHAMBERDISCIPLES,<size=104>D</size><space=-.15em>ream Chamber Disciples,梦室门徒们,draft,
car_fe9c6f57cb8c,cards_sheet,key,CARDNAME_DREAMDEALER,CARDNAME_DREAMDEALER,<size=104>D</size>ream Dealer,梦交易者,draft,
car_94c727277b32,cards_sheet,key,CARDNAME_DREAMEATER,CARDNAME_DREAMEATER,<size=104>D</size>ream Eater,梦吞噬者,draft,
car_58a3abac6dfd,cards_sheet,key,CARDNAME_DREAMERSGLASS,CARDNAME_DREAMERSGLASS,<size=104>D</size>reamer's Glass,梦者琉璃,draft,
car_76009962551b,cards_sheet,key,CARDNAME_DREAMGUIDE,CARDNAME_DREAMGUIDE,<size=104>D</size>ream Guide,梦向导,draft,
car_89cafe298ae8,cards_sheet,key,CARDNAME_DREAMKILLER,CARDNAME_DREAMKILLER,<size=104>D</size><space=-.05em>reamkiller,弑梦者,draft,
car_95b0234ce07c,cards_sheet,key,CARDNAME_DREAMLAB,CARDNAME_DREAMLAB,<size=104>D</size>ream Lab,梦实验室,draft,
car_927eb01a37b3,cards_sheet,key,CARDNAME_DREAMMACHINE,CARDNAME_DREAMMACHINE,<size=104>D</size>ream Machine,梦机器,draft,
car_dcdbee7918ed,cards_sheet,key,CARDNAME_DREAMSCAPEDIVINER,CARDNAME_DREAMSCAPEDIVINER,<size=104>D</size>reamscape Diviner,梦境占卜者,draft,
car_055042b378da,cards_sheet,key,CARDNAME_DREAMSCAPEDRYAD,CARDNAME_DREAMSCAPEDRYAD,<size=104>D</size>reamscape Dryad,梦境树灵,draft,
car_75d8a01d8f44,cards_sheet,key,CARDNAME_DREAMSCARREDHUNTER,CARDNAME_DREAMSCARREDHUNTER,<size=104>D</size><space=-.1em>reamscarred Hunter,梦痕猎手,draft,
car_cf4aa6548001,cards_sheet,key,CARDNAME_DREAMSEEKER,CARDNAME_DREAMSEEKER,<size=104>D</size>reamseeker,寻梦者,draft,
car_0f076f077b0d,cards_sheet,key,CARDNAME_DREAMSEEKERSTART,CARDNAME_DREAMSEEKERSTART,<size=104>D</size>reamseeker,寻梦者,draft,
car_36abfffac2bb,cards_sheet,key,CARDNAME_DREAMSHAPERJESSE,CARDNAME_DREAMSHAPERJESSE,<size=104>D</size><space=-.05em>reamshaper Jesse,塑梦者杰西,draft,
car_3356f773e5b7,cards_sheet,key,CARDNAME_DREAMSTONE,CARDNAME_DREAMSTONE,<size=104>D</size>ream Stone,梦石,draft,
car_2ceea4b13f1a,cards_sheet,key,CARDNAME_DREAMTITAN,CARDNAME_DREAMTITAN,<size=104>D</size>ream Titan,梦泰坦,draft,
car_88cbf6ddba59,cards_sheet,key,CARDNAME_DREAMTYRANT,CARDNAME_DREAMTYRANT,<size=104>D</size>ream Tyrant,梦境暴君,draft,
car_34c9501f619f,cards_sheet,key,CARDNAME_DREAMWALKER,CARDNAME_DREAMWALKER,<size=104>D</size>reamwalker,梦行者,draft,
car_354017422b6e,cards_sheet,key,CARDNAME_DREAMWILLOW,CARDNAME_DREAMWILLOW,<size=104>D</size>reamwillow,梦柳,draft,
car_3348a6ae7132,cards_sheet,key,CARDNAME_DREAMWILLOWDRUIDS,CARDNAME_DREAMWILLOWDRUIDS,<size=104>D</size><space=-.1em>reamwillow Druids,梦柳德鲁伊,draft,
car_d95ba9557a97,cards_sheet,key,CARDNAME_DRILLERMARKIV,CARDNAME_DRILLERMARKIV,<size=104>D</size>riller Mark IV,钻机 IV 型,draft,pass8_lua_name;pass9;pass9
car_bcb869287956,cards_sheet,key,CARDNAME_DRUIDSOFTHESTONECIRCLE10TH,CARDNAME_DRUIDSOFTHESTONECIRCLE10TH,<size=104>D</size><space=-.2em>ruids of the Stone Circle,石环德鲁伊,draft,
car_32dfd5054527,cards_sheet,key,CARDNAME_DRUIDSWREATH,CARDNAME_DRUIDSWREATH,<size=104>D</size>ruid's Wreath,德鲁伊花环,draft,
car_a630692e4f4e,cards_sheet,key,CARDNAME_DUSTTODUST,CARDNAME_DUSTTODUST,<size=104>D</size><space=-.05em>ust to D<space=-.05em>ust,尘土归于尘土,draft,pass8_lua_name
car_607c02a13283,cards_sheet,key,CARDNAME_EARTHMENDERPURA,CARDNAME_EARTHMENDERPURA,<size=104>E</size>arthmender Pura,愈地者普拉,draft,
car_ae664da5f5c2,cards_sheet,key,CARDNAME_EARTHTYRANT10TH,CARDNAME_EARTHTYRANT10TH,<size=104>E</size>arth Tyrant,大地暴君,draft,
car_4e34626b6cba,cards_sheet,key,CARDNAME_EARTHTYRANTETER,CARDNAME_EARTHTYRANTETER,<size=104>E</size>arth Tyrant,大地暴君,draft,
car_4f8f6e53342a,cards_sheet,key,CARDNAME_EEKTRIBEGREMLIN,CARDNAME_EEKTRIBEGREMLIN,<size=104>E</size>ek T<space=-.1em>ribe Gremlin,伊克部落小妖,draft,pass8_lua_name
car_68a5f7739472,cards_sheet,key,CARDNAME_ELANSOULMARSHAL,CARDNAME_ELANSOULMARSHAL,"<size=104>E</size>lan, Soul Marshal",埃兰·灵魂元帅,draft,
car_708e2537b3bd,cards_sheet,key,CARDNAME_ELDERSKEPTIC,CARDNAME_ELDERSKEPTIC,<size=104>E</size>lder Skeptic,长老怀疑者,draft,
car_274f5c83b0bd,cards_sheet,key,CARDNAME_ELDERSKEPTICETER,CARDNAME_ELDERSKEPTICETER,<size=104>E</size>lder Skeptic,长老怀疑者,draft,
car_84666d528034,cards_sheet,key,CARDNAME_ELEMENTALADEPT,CARDNAME_ELEMENTALADEPT,<size=104>E</size>lemental Adept,元素能手,draft,
car_701ed0cbe2bd,cards_sheet,key,CARDNAME_ELEMENTALPROJECTOR,CARDNAME_ELEMENTALPROJECTOR,<size=104>E</size>lemental Projector,元素投射器,draft,
car_ae8e0123cefc,cards_sheet,key,CARDNAME_EMBERWINGMOTH,CARDNAME_EMBERWINGMOTH,<size=104>E</size>mberwing Moth,烬翼蛾,draft,
car_f1829a0c0c9d,cards_sheet,key,CARDNAME_EMISSARYOFDAWN,CARDNAME_EMISSARYOFDAWN,<size=104>E</size>missary of Dawn,使者黎明,draft,
car_b09a8ee3e573,cards_sheet,key,CARDNAME_EMMAIRONHEART,CARDNAME_EMMAIRONHEART,<size=104>E</size>mma Ironheart,艾玛铁之心,draft,
car_6354146dc61c,cards_sheet,key,CARDNAME_EMMASMECHANNON,CARDNAME_EMMASMECHANNON,<size=104>E</size>mma's Mechannon,艾玛的机加农,draft,
car_9b3a66f39f85,cards_sheet,key,CARDNAME_EMMASTELETRANSMITTER,CARDNAME_EMMASTELETRANSMITTER,<size=104>E</size>mma's Teletransmitter,艾玛的远传器,draft,
car_dc3ff9636e9b,cards_sheet,key,CARDNAME_EMMASVOIDCYCLER,CARDNAME_EMMASVOIDCYCLER,<size=104>E</size>mma's Voidcycler,艾玛的虚空循环器,draft,
car_90acf3145a0b,cards_sheet,key,CARDNAME_EMMASWORKSHOP,CARDNAME_EMMASWORKSHOP,<size=104>E</size>mma's Workshop,艾玛的工坊,draft,
car_bdd839ebeee1,cards_sheet,key,CARDNAME_EMRIBORNOFBATTLE,CARDNAME_EMRIBORNOFBATTLE,"<size=104>E</size>mri, Born of Battle",战生艾姆瑞,draft,
car_96277836e526,cards_sheet,key,CARDNAME_EMRIDEMONSBANE,CARDNAME_EMRIDEMONSBANE,"<size=104>E</size>mri, Demonsbane",恶魔克星艾姆瑞,draft,
car_5502f1b69007,cards_sheet,key,CARDNAME_EMRILIGHTBRINGER,CARDNAME_EMRILIGHTBRINGER,"<size=104>E</size>mri, Lightbringer",携光者艾姆瑞,draft,
car_9de20aa50470,cards_sheet,key,CARDNAME_EMRIONEWITHTHEVOID,CARDNAME_EMRIONEWITHTHEVOID,"<size=104>E</size>mri, One with the Void",与虚空合一的艾姆瑞,draft,
car_5ddb6f1ddc98,cards_sheet,key,CARDNAME_EMRIONEWITHTHEVOID10TH,CARDNAME_EMRIONEWITHTHEVOID10TH,"<size=104>E</size>mri, One with the Void",与虚空合一的艾姆瑞,draft,
car_d2ce1eb0da5a,cards_sheet,key,CARDNAME_EMRISHADOWSLAYER,CARDNAME_EMRISHADOWSLAYER,"<size=104>E</size>mri, Shadowslayer",斩影者艾姆瑞,draft,
car_3a4bd4535753,cards_sheet,key,CARDNAME_EMRISOULSLAYER,CARDNAME_EMRISOULSLAYER,"<size=104>E</size>mri, Soulslayer",斩魂者艾姆瑞,draft,
car_91d649d67e52,cards_sheet,key,CARDNAME_EMRISOULSTEALER,CARDNAME_EMRISOULSTEALER,"<size=104>E</size>mri, Soulstealer",窃魂者艾姆瑞,draft,
car_17d0c1e79f45,cards_sheet,key,CARDNAME_EMRISSTING,CARDNAME_EMRISSTING,<size=104>E</size>mri's Sting,艾姆瑞的毒刺,draft,
car_eeea83045e89,cards_sheet,key,CARDNAME_EMRISTRIAL,CARDNAME_EMRISTRIAL,Emri's T<space=-.1em>rial,艾姆瑞的试炼,draft,pass8_lua_name
car_0d51b5005b96,cards_sheet,key,CARDNAME_EMRITHEUNMAKER,CARDNAME_EMRITHEUNMAKER,"<size=104>E</size>mri, the Unmaker",解构者艾姆瑞,draft,
car_c16adf28ff8b,cards_sheet,key,CARDNAME_ENDBRINGERJORA,CARDNAME_ENDBRINGERJORA,<size=104>E</size>ndbringer Jora,终末使者乔拉,draft,
car_bb73b8c28433,cards_sheet,key,CARDNAME_ENDEROFDAYS,CARDNAME_ENDEROFDAYS,<size=104>E</size>nder of Days,终日者,draft,
car_10963b6fb8f0,cards_sheet,key,CARDNAME_ENERGYMONK,CARDNAME_ENERGYMONK,<size=104>E</size>nergy Monk,能量僧侣,draft,
car_ee5275a216a3,cards_sheet,key,CARDNAME_ENERGYSHARD,CARDNAME_ENERGYSHARD,<size=104>E</size>nergy Shard,能量碎片,draft,
car_9555fd0d7bb9,cards_sheet,key,CARDNAME_ENERGYSHARDSTART,CARDNAME_ENERGYSHARDSTART,<size=104>E</size>nergy Shard,能量碎片,draft,
car_e562e9d16a49,cards_sheet,key,CARDNAME_ENGULFINGKRAKEN,CARDNAME_ENGULFINGKRAKEN,<size=104>E</size>ngulfing Kraken,吞噬克拉肯,draft,
car_9f70e28b2ec1,cards_sheet,key,CARDNAME_ENLIGHTENEDREMNANT,CARDNAME_ENLIGHTENEDREMNANT,<size=104>E</size>nlightened Remnant,圣贤残响,draft,pass9b
car_6b00f20ae040,cards_sheet,key,CARDNAME_ENTROPHANTASM,CARDNAME_ENTROPHANTASM,<size=104>E</size>ntrophantasm,熵幻象,draft,
car_6d4eb14a284a,cards_sheet,key,CARDNAME_EPHEMERALDRUID,CARDNAME_EPHEMERALDRUID,<size=104>E</size>phemeral Druid,昙花德鲁伊,draft,
car_015c7eb7ddf3,cards_sheet,key,CARDNAME_EPHEMERALINVENTOR,CARDNAME_EPHEMERALINVENTOR,<size=104>E</size>phemeral Inventor,昙花发明家,draft,
car_e3cdf39c4cf9,cards_sheet,key,CARDNAME_EPHEMERALMONK,CARDNAME_EPHEMERALMONK,<size=104>E</size>phemeral Monk,昙花僧侣,draft,
car_afc9b6d29729,cards_sheet,key,CARDNAME_EPHEMERALRITUALIST,CARDNAME_EPHEMERALRITUALIST,<size=104>E</size>phemeral Ritualist,昙花祭仪师,draft,
car_a1f6950f1050,cards_sheet,key,CARDNAME_ERABUSSONOFNYX,CARDNAME_ERABUSSONOFNYX,"<size=104>E</size>rabus, Son of Nyx",埃拉布斯·之子尼克斯,draft,
car_98f9e8b5f116,cards_sheet,key,CARDNAME_ERABUSTHEEXILED,CARDNAME_ERABUSTHEEXILED,"<size=104>E</size>rabus, the Exiled",埃拉布斯·流放者,draft,
car_2034e9161d5c,cards_sheet,key,CARDNAME_ETERNALASKARA,CARDNAME_ETERNALASKARA,<size=104>E</size>ternal Askara,永恒阿斯卡拉,draft,
car_15d070220f74,cards_sheet,key,CARDNAME_ETERNALTORMENTOR,CARDNAME_ETERNALTORMENTOR,<size=104>E</size>ternal Tormentor,永恒折磨者,draft,
car_6f50da72893d,cards_sheet,key,CARDNAME_ETHEREALHUNTRESS,CARDNAME_ETHEREALHUNTRESS,<size=104>E</size>thereal Huntress,空灵女猎手,draft,
car_4d7c67dae23f,cards_sheet,key,CARDNAME_EVERBLOOM,CARDNAME_EVERBLOOM,<size=104>E</size>verbloom,永绽,draft,
car_ab04021d6e13,cards_sheet,key,CARDNAME_EVERBLOOMCLIQUE,CARDNAME_EVERBLOOMCLIQUE,<size=104>E</size>verbloom Clique,永绽小圈子,draft,
car_02a8bb795ad6,cards_sheet,key,CARDNAME_EVERBLOOMETER,CARDNAME_EVERBLOOMETER,<size=104>E</size>verbloom,永绽,draft,
car_519503b66335,cards_sheet,key,CARDNAME_EVERBLOOMWITCH,CARDNAME_EVERBLOOMWITCH,<size=104>E</size>verbloom Witch,永绽女巫,draft,
car_3b0093f81aac,cards_sheet,key,CARDNAME_EVVYOGOSGIFT,CARDNAME_EVVYOGOSGIFT,"<size=104>E</size>vvy, Ogo's Gift",艾薇·奥戈的馈赠,draft,
car_a8ab225ecdeb,cards_sheet,key,CARDNAME_EXCAVATIONSENTRY,CARDNAME_EXCAVATIONSENTRY,<size=104>E</size>xcavation Sentry,发掘哨兵,draft,
car_9932e26b7e4b,cards_sheet,key,CARDNAME_EXCAVATORPILOT,CARDNAME_EXCAVATORPILOT,<size=104>E</size>xcavator Pilot,挖掘机驾驶员,draft,
car_72ecf513906b,cards_sheet,key,CARDNAME_EXHAUSTLURKER,CARDNAME_EXHAUSTLURKER,<size=104>E</size>xhaust Lurker,废气潜伏者,draft,
car_57575ce64241,cards_sheet,key,CARDNAME_EXPLOSIVESWARM,CARDNAME_EXPLOSIVESWARM,<size=104>E</size>xplosive Swarm,爆裂虫群,draft,
car_0cd4ab4c79dc,cards_sheet,key,CARDNAME_EYEOFDESTINY,CARDNAME_EYEOFDESTINY,<size=104>E</size>ye of Destiny,命运之眼,draft,
car_059a84ce4ad7,cards_sheet,key,CARDNAME_EYEOFPOTENTIAL,CARDNAME_EYEOFPOTENTIAL,<size=104>E</size>ye of Potential,潜能之眼,draft,
car_85352fb1fe9a,cards_sheet,key,CARDNAME_FAERIECOMMANDER,CARDNAME_FAERIECOMMANDER,<size=104>F</size><space=-.1em>aerie Commander,仙灵指挥官,draft,
car_be85b683cda0,cards_sheet,key,CARDNAME_FAITHFULGUIDE,CARDNAME_FAITHFULGUIDE,<size=104>F</size>aithful Guide,忠信向导,draft,pass9;pass9
car_cd66909d87a2,cards_sheet,key,CARDNAME_FALLENFAE,CARDNAME_FALLENFAE,<size=104>F</size>allen Fae,堕落者仙灵,draft,
car_05acd0c5096b,cards_sheet,key,CARDNAME_FANATICSOS,CARDNAME_FANATICSOS,<size=104>F</size><space=-.05em>anatic,狂信者,draft,
car_b008b198526c,cards_sheet,key,CARDNAME_FATALITYBLADES,CARDNAME_FATALITYBLADES,<size=104>F</size><space=-.1em>atality Blades,致命双刃,draft,
car_e89cd99b34f7,cards_sheet,key,CARDNAME_FEARWIELDER,CARDNAME_FEARWIELDER,<size=104>F</size><space=-.1em>ear Wielder,恐惧持有者,draft,
car_6c59e42c58cc,cards_sheet,key,CARDNAME_FENMAW,CARDNAME_FENMAW,<size=104>F</size><space=-.05em>en Maw,沼巨口,draft,
car_4107e9a22d99,cards_sheet,key,CARDNAME_FETTEREDSOUL,CARDNAME_FETTEREDSOUL,<size=104>F</size><space=-.1em>ettered Soul,枷锁灵魂,draft,
car_36de27bb942e,cards_sheet,key,CARDNAME_FIRESTORMEFFIGY,CARDNAME_FIRESTORMEFFIGY,<size=104>F</size>irestorm Effigy,火暴偶像,draft,
car_eed0a7b27d1b,cards_sheet,key,CARDNAME_FIRETYRANT,CARDNAME_FIRETYRANT,<size=104>F</size>ire T<space=-.1em>yrant,火焰暴君,draft,pass8_lua_name
car_1f1301397ab9,cards_sheet,key,CARDNAME_FISTOFTHEDRAGON,CARDNAME_FISTOFTHEDRAGON,<size=104>F</size>ist of the Dragon,拳龙,draft,
car_0990387d7984,cards_sheet,key,CARDNAME_FISTOFTHEDRAGONETER,CARDNAME_FISTOFTHEDRAGONETER,<size=104>F</size>ist of the Dragon,拳龙,draft,
car_8bacd3359227,cards_sheet,key,CARDNAME_FLANKINGASKARA,CARDNAME_FLANKINGASKARA,<size=104>F</size>lanking Askara,侧击阿斯卡拉,draft,
car_f7343277c304,cards_sheet,key,CARDNAME_FLARETRACKER,CARDNAME_FLARETRACKER,<size=104>F</size>lare T<space=-.1em>racker,闪光追踪者,draft,pass8_lua_name
car_b02c27bb7913,cards_sheet,key,CARDNAME_FLEETINGHOPEDJINN,CARDNAME_FLEETINGHOPEDJINN,<size=104>F</size><space=-.1em>leeting Hope Djinn,飞逝希望灯神,draft,
car_fb7e39806c0d,cards_sheet,key,CARDNAME_FLOURISHINGDRUIDESS,CARDNAME_FLOURISHINGDRUIDESS,<size=104>F</size><space=-.1em>lourishing Druidess,繁盛女德鲁伊,draft,
car_3c10e63ef8a6,cards_sheet,key,CARDNAME_FLYTRAPFAIRY,CARDNAME_FLYTRAPFAIRY,<size=104>F</size>lytrap Fairy,捕蝇草妖精,draft,
car_b7ce6375c363,cards_sheet,key,CARDNAME_FLYTRAPSTAFF,CARDNAME_FLYTRAPSTAFF,<size=104>F</size>lytrap Staff,捕蝇草法杖,draft,
car_5d0e1434f589,cards_sheet,key,CARDNAME_FLYTRAPWITCH10TH,CARDNAME_FLYTRAPWITCH10TH,<size=104>F</size>lytrap Witch,捕蝇草女巫,draft,
car_15181627af57,cards_sheet,key,CARDNAME_FORESIGHTMONACLE,CARDNAME_FORESIGHTMONACLE,<size=104>F</size><space=-.1em>oresight Monacle,预见单片镜,draft,
car_ac9a4a0d9857,cards_sheet,key,CARDNAME_FORESTEMISSARY,CARDNAME_FORESTEMISSARY,<size=104>F</size>orest Emissary,森林使者,draft,
car_57b3cb25f7e0,cards_sheet,key,CARDNAME_FORGEMASTERSSUIT,CARDNAME_FORGEMASTERSSUIT,<size=104>F</size><space=-.1em>orgemaster's Suit,锻主的套装,draft,
car_d211d4a4857b,cards_sheet,key,CARDNAME_FORGEMOTHERREYSA,CARDNAME_FORGEMOTHERREYSA,<size=104>F</size><space=-.1em>orgemother Reysa,锻母雷萨,draft,
car_6c1a5795f5d8,cards_sheet,key,CARDNAME_FORGOTTENSCRIPTURE,CARDNAME_FORGOTTENSCRIPTURE,<size=104>F</size><space=-.1em>orgotten Scripture,遗忘经文,draft,
car_dd66d2149f6b,cards_sheet,key,CARDNAME_FORRESTBEASTWARDEN,CARDNAME_FORRESTBEASTWARDEN,"<size=104>F</size>orrest, Beastwarden",福雷斯特·兽卫,draft,
car_170943a61fc9,cards_sheet,key,CARDNAME_FOUNDATIONBURROWER,CARDNAME_FOUNDATIONBURROWER,<size=104>F</size><space=-.15em>oundation Burrower,根基钻地者,draft,
car_9377b49d73a8,cards_sheet,key,CARDNAME_FOUNDRYHOUND,CARDNAME_FOUNDRYHOUND,<size=104>F</size><space=-.1em>oundry Hound,铸造厂猎犬,draft,
car_cec8f29dfd50,cards_sheet,key,CARDNAME_GARDENATTENDANT,CARDNAME_GARDENATTENDANT,<size=104>G</size>arden Attendant,园丁侍从,draft,
car_6a4393b75898,cards_sheet,key,CARDNAME_GEARSEER,CARDNAME_GEARSEER,<size=104>G</size>earseer,齿轮预言者,draft,
car_c2ef819de962,cards_sheet,key,CARDNAME_GEMCATCHERSPIRIT,CARDNAME_GEMCATCHERSPIRIT,<size=104>G</size>emcatcher Spirit,捕晶者精魂,draft,
car_68b83a445226,cards_sheet,key,CARDNAME_GEMEATERLEPRECHAUN,CARDNAME_GEMEATERLEPRECHAUN,<size=104>G</size><space=-.05em>em-Eater Leprechaun,噬晶小矮妖,draft,
car_c1338a9aa852,cards_sheet,key,CARDNAME_GENESISCAPSULE,CARDNAME_GENESISCAPSULE,<size=104>G</size>enesis Capsule,创世舱,draft,
car_bcada27a7450,cards_sheet,key,CARDNAME_GIANTRAT,CARDNAME_GIANTRAT,<size=104>G</size>iant Rat,巨鼠,draft,
car_664ddfa40c97,cards_sheet,key,CARDNAME_GLOVERDREAMTITAN,CARDNAME_GLOVERDREAMTITAN,"<size=104>G</size>lover, Dream Titan",格洛弗·梦泰坦,draft,
car_980601b30fcb,cards_sheet,key,CARDNAME_GNOMEREPAIRBOT,CARDNAME_GNOMEREPAIRBOT,<size=104>G</size>nome Repairbot,侏儒修理机,draft,
car_057b368744c3,cards_sheet,key,CARDNAME_GRANDARBITERTODD,CARDNAME_GRANDARBITERTODD,<size=104>G</size>rand-Arbiter T<space=-.1em>odd,大仲裁者托德,draft,pass8_lua_name
car_08744faf40df,cards_sheet,key,CARDNAME_GRANGER,CARDNAME_GRANGER,<size=104>G</size>ranger,农夫,draft,
car_401b09f5e3f0,cards_sheet,key,CARDNAME_GRAVEGOLEM,CARDNAME_GRAVEGOLEM,<size=104>G</size>rave Golem,坟墓魔像,draft,
car_9ced104e3b85,cards_sheet,key,CARDNAME_GREASEMONK,CARDNAME_GREASEMONK,<size=104>G</size>rease Monk,油污僧侣,draft,
car_8a8dc93e048f,cards_sheet,key,CARDNAME_GREATOMENRAVEN,CARDNAME_GREATOMENRAVEN,<size=104>G</size>reat-Omen Raven,大兆乌鸦,draft,
car_c634151daf40,cards_sheet,key,CARDNAME_GREENSPRITELINGS,CARDNAME_GREENSPRITELINGS,<size=104>G</size>reen Spritelings,绿小精灵,draft,
car_5cdd2596802d,cards_sheet,key,CARDNAME_GROWMITES,CARDNAME_GROWMITES,<size=104>G</size>rowmites,增生螨,draft,
car_ec571786f05b,cards_sheet,key,CARDNAME_GUARDIANOFSADRANIS,CARDNAME_GUARDIANOFSADRANIS,<size=104>G</size>uardian of Sadranis,守卫萨德拉尼斯,draft,
car_d05e095accbe,cards_sheet,key,CARDNAME_GUIDEOFLOSTSOULS,CARDNAME_GUIDEOFLOSTSOULS,<size=104>G</size>uide of Lost Souls,迷途灵魂向导,draft,
car_5f534292d6fa,cards_sheet,key,CARDNAME_HAUNTINGSPECTER,CARDNAME_HAUNTINGSPECTER,<size=104>H</size>aunting Specter,萦绕幽灵,draft,pass9;pass9
car_7e28fb034d1e,cards_sheet,key,CARDNAME_HEARTHGLOWCLIQUE,CARDNAME_HEARTHGLOWCLIQUE,<size=104>H</size><space=-.1em>earthglow Clique,炉辉小圈子,draft,
car_7a8d6c963fd3,cards_sheet,key,CARDNAME_HEAVYINFANTRY,CARDNAME_HEAVYINFANTRY,<size=104>H</size>eavy Infantry,重装步兵,draft,
car_ef3ef0a30b47,cards_sheet,key,CARDNAME_HEAVYINFANTRY10TH,CARDNAME_HEAVYINFANTRY10TH,<size=104>H</size>eavy Infantry,重装步兵,draft,
car_2e7ef523b05a,cards_sheet,key,CARDNAME_HEAVYINFANTRYROV,CARDNAME_HEAVYINFANTRYROV,<size=104>H</size>eavy Infantry,重装步兵,draft,
car_11ecead2cf82,cards_sheet,key,CARDNAME_HEAVYINFANTRYRU,CARDNAME_HEAVYINFANTRYRU,<size=104>H</size>eavy Infantry,重装步兵,draft,
car_2fc0bb5bd83d,cards_sheet,key,CARDNAME_HEAVYINFANTRYSOS,CARDNAME_HEAVYINFANTRYSOS,<size=104>H</size>eavy Infantry,重装步兵,draft,
car_20ab519ed21d,cards_sheet,key,CARDNAME_HECTICSCRIBE,CARDNAME_HECTICSCRIBE,<size=104>H</size><space=-.05em>ectic Scribe,忙乱书记,draft,
car_4270fac86701,cards_sheet,key,CARDNAME_HEDRONBERSERKER,CARDNAME_HEDRONBERSERKER,<size=104>H</size><space=-.05em>edron Berserker,多面体狂战,draft,
car_b0ee7707fd82,cards_sheet,key,CARDNAME_HEDRONCANNON,CARDNAME_HEDRONCANNON,<size=104>H</size>edron Cannon,多面体加农,draft,
car_0df6dea18f91,cards_sheet,key,CARDNAME_HEDRONCANNON10TH,CARDNAME_HEDRONCANNON10TH,<size=104>H</size>edron Cannon,多面体加农,draft,
car_4ea39b1dd3c0,cards_sheet,key,CARDNAME_HEDRONDREDGER,CARDNAME_HEDRONDREDGER,<size=104>H</size>edron Dredger,多面体挖掘者,draft,
car_7c842632c776,cards_sheet,key,CARDNAME_HEDRONFLARE,CARDNAME_HEDRONFLARE,<size=104>H</size>edron Flare,多面体闪耀,draft,
car_8644cf878f37,cards_sheet,key,CARDNAME_HEDRONLINKDEVICE,CARDNAME_HEDRONLINKDEVICE,<size=104>H</size>edron Link Device,多面体连接装置,draft,
car_e514f632c47b,cards_sheet,key,CARDNAME_HEDRONLINKDEVICE10TH,CARDNAME_HEDRONLINKDEVICE10TH,<size=104>H</size>edron Link Device,多面体连接装置,draft,
car_d32310238471,cards_sheet,key,CARDNAME_HEDRONPYROMANIAC,CARDNAME_HEDRONPYROMANIAC,<size=104>H</size><space=-.1em>edron Pyromaniac,多面体纵火狂,draft,
car_37ec4597429c,cards_sheet,key,CARDNAME_HEDRONRISING,CARDNAME_HEDRONRISING,<size=104>HS</size>edron Rising,多面体崛起,draft,
car_2e06753b7290,cards_sheet,key,CARDNAME_HEDRONWATCHTOWER,CARDNAME_HEDRONWATCHTOWER,<size=104>H</size>edron Watchtower,多面体瞭望塔,draft,
car_ac06609aee55,cards_sheet,key,CARDNAME_HELLFROSTIMPS,CARDNAME_HELLFROSTIMPS,<size=104>H</size>ellfrost Imps,狱霜小恶魔,draft,
car_bb6816810a1f,cards_sheet,key,CARDNAME_HELLSTRINGBLADES,CARDNAME_HELLSTRINGBLADES,<size=104>H</size>ellstring Blades,狱弦双刃,draft,
car_1be76bdeb2a0,cards_sheet,key,CARDNAME_HERALDOFDOOM,CARDNAME_HERALDOFDOOM,<size=104>H</size>erald of Doom,先驱末日,draft,
car_4633163ae914,cards_sheet,key,CARDNAME_HOARDINGTYRANT,CARDNAME_HOARDINGTYRANT,<size=104>H</size><space=-.05em>oarding Tyrant,囤积暴君,draft,
car_7b8dc6e9a06f,cards_sheet,key,CARDNAME_HOARDINGWHELP,CARDNAME_HOARDINGWHELP,<size=104>H</size><space=-.05em>oarding Whelp,囤积幼龙,draft,
car_d25e21987c2b,cards_sheet,key,CARDNAME_HONEYSIREN,CARDNAME_HONEYSIREN,<size=104>H</size>oney Siren,蜜海妖,draft,
car_2b6e81f71d6c,cards_sheet,key,CARDNAME_HONISKROTCHIEFTAIN,CARDNAME_HONISKROTCHIEFTAIN,<size=104>H</size>oniskrot Chieftain,霍尼斯克洛特酋长,draft,
car_8eeddbd3b7b3,cards_sheet,key,CARDNAME_HONISKROTTRIBESMAN,CARDNAME_HONISKROTTRIBESMAN,<size=104>H</size>oniskrot T<space=-.1em>ribesman,霍尼斯克洛特部族人,draft,pass8_lua_name
car_a945e5e54ea0,cards_sheet,key,CARDNAME_HULKINGCRAB,CARDNAME_HULKINGCRAB,<size=104>H</size>ulking Crab,庞大蟹,draft,
car_53c8faa6c64a,cards_sheet,key,CARDNAME_HURRASSEASFURY,CARDNAME_HURRASSEASFURY,"<size=104>H</size>urras, Sea's Fury",胡拉斯·海之狂怒,draft,
car_b06e5a398c67,cards_sheet,key,CARDNAME_HURRICANEWARLOCK,CARDNAME_HURRICANEWARLOCK,<size=104>H</size>urricane Warlock,飓风术士,draft,
car_4427a3a2ba12,cards_sheet,key,CARDNAME_ID34DETECTOR,CARDNAME_ID34DETECTOR,<size=104>I</size>D34 Detector,ID34 探测器,draft,pass8_lua_name;pass9;pass9
car_a2d1c6472bb6,cards_sheet,key,CARDNAME_IKUSMINIONS,CARDNAME_IKUSMINIONS,<size=104>I</size>ku's Minions,伊库的爪牙,draft,
car_ffbede5cbbc9,cards_sheet,key,CARDNAME_IKUVALLEYTYRANT,CARDNAME_IKUVALLEYTYRANT,"<size=104>I</size>ku, V<space=-.1em>alley T<space=-.1em>yrant",山谷暴君伊库,draft,pass8_lua_name
car_17fc759fff23,cards_sheet,key,CARDNAME_ILLIYATHEDEMONBORN,CARDNAME_ILLIYATHEDEMONBORN,<size=104>I</size>lliya the Demonborn,伊利亚魔生,draft,
car_f8107bf8b9ae,cards_sheet,key,CARDNAME_ILLUMINATOR,CARDNAME_ILLUMINATOR,<size=104>I</size>lluminator,照明者,draft,
car_25b5bedac11b,cards_sheet,key,CARDNAME_IMAGINATIVEMATRON,CARDNAME_IMAGINATIVEMATRON,<size=104>I</size><space=-.05em>maginative M<space=-.05em>atron,想象主母,draft,pass8_lua_name
car_ddd6d7f24e2f,cards_sheet,key,CARDNAME_INFERNATEMPLAR,CARDNAME_INFERNATEMPLAR,<size=104>I</size><space=-.1em>nferna Templar,炼狱圣殿武士,draft,
car_b858d2857163,cards_sheet,key,CARDNAME_INITIATESGAUNTLETS,CARDNAME_INITIATESGAUNTLETS,<size=104>I</size>nitiate's Gauntlets,新兵的护手,draft,
car_6da533acebd3,cards_sheet,key,CARDNAME_INNOVATIVEASPIRANT,CARDNAME_INNOVATIVEASPIRANT,<size=104>I</size>nnovative Aspirant,创新追求者,draft,
car_9a8d7e4a18d5,cards_sheet,key,CARDNAME_INQUARRYHYDRA,CARDNAME_INQUARRYHYDRA,<size=104>I</size>nquarry Hydra,采石九头蛇,draft,
car_8fbca4a7eaa9,cards_sheet,key,CARDNAME_INSPIREDTEMPLAR,CARDNAME_INSPIREDTEMPLAR,<size=104>I</size>nspired T<space=-.1em>emplar,受启圣殿武士,draft,pass8_lua_name
car_a3b3866e836c,cards_sheet,key,CARDNAME_INVOKIST,CARDNAME_INVOKIST,<size=104>I</size>nvokist,祈唤师,draft,
car_2722c3fda31c,cards_sheet,key,CARDNAME_IRONELEMENTAL,CARDNAME_IRONELEMENTAL,<size=104>I</size>ron Elemental,铁元素,draft,
car_2ba7e42ae886,cards_sheet,key,CARDNAME_IRONHEARTBLUEPRINT,CARDNAME_IRONHEARTBLUEPRINT,<size=104>I</size>ronheart Blueprint,铁之心蓝图,draft,
car_4d7d9dc8bdf6,cards_sheet,key,CARDNAME_IRONHEARTENGINE,CARDNAME_IRONHEARTENGINE,<size=104>I</size>ronheart Engine,铁之心引擎,draft,
car_378b988564a1,cards_sheet,key,CARDNAME_ISHATHEPURSUER,CARDNAME_ISHATHEPURSUER,"<size=104>I</size>sha, the Pursuer",伊莎·追猎者,draft,
car_4e2ec1ab6e3c,cards_sheet,key,CARDNAME_ISLASERENEPRODIGY,CARDNAME_ISLASERENEPRODIGY,"<size=104>I</size>sla, Serene Prodigy",伊斯拉·宁静神童,draft,
car_0bf66ea68869,cards_sheet,key,CARDNAME_JAKEBCOBRAKING,CARDNAME_JAKEBCOBRAKING,"<size=104>J</size><space=-.05em>akeb, Cobra King",杰克布·眼镜蛇王,draft,
car_4adc8e979bf6,cards_sheet,key,CARDNAME_JAKEBCOBRASHAMAN,CARDNAME_JAKEBCOBRASHAMAN,"<size=104>J</size><space=-.1em>akeb, Cobra Shaman",杰克布·眼镜蛇萨满,draft,
car_a557c847e09e,cards_sheet,key,CARDNAME_JOURNEYMANOUTRIDER,CARDNAME_JOURNEYMANOUTRIDER,<size=104>J</size><space=-.1em>ourneyman Outrider,旅者先驱骑手,draft,
car_b6f775247af8,cards_sheet,key,CARDNAME_JOURNEYMANSAGE,CARDNAME_JOURNEYMANSAGE,<size=104>J</size>ourneyman Sage,旅者贤者,draft,
car_6631a7eb7d27,cards_sheet,key,CARDNAME_JUBILANTMONK,CARDNAME_JUBILANTMONK,<size=104>J</size>ubilant Monk,欢庆僧侣,draft,
car_0a17b0579a72,cards_sheet,key,CARDNAME_KANZIRTHERAVAGER,CARDNAME_KANZIRTHERAVAGER,"<size=104>K</size>an'zir, the Ravager",坎齐尔·毁灭者,draft,
car_b11c13a273d4,cards_sheet,key,CARDNAME_KARION,CARDNAME_KARION,<size=104>K</size>arion,卡里昂,draft,
car_3f8b295632cc,cards_sheet,key,CARDNAME_KEENEYEDASPIRANT,CARDNAME_KEENEYEDASPIRANT,<size=104>K</size>een-eyed Aspirant,锐眼追求者,draft,
car_cf46e5c48e7c,cards_sheet,key,CARDNAME_KEEPEROFSECRETS,CARDNAME_KEEPEROFSECRETS,<size=104>K</size>eeper of Secrets,看守秘密,draft,
car_375a9785af03,cards_sheet,key,CARDNAME_KIRIMEADOWWITCH,CARDNAME_KIRIMEADOWWITCH,"<size=104>K</size>iri, Meadow Witch",基莉·草地女巫,draft,
car_55ff8b6ae387,cards_sheet,key,CARDNAME_KIRIMEADOWWITCHETER,CARDNAME_KIRIMEADOWWITCHETER,"<size=104>K</size>iri, Meadow Witch",基莉·草地女巫,draft,
car_8f00ca63baa0,cards_sheet,key,CARDNAME_KOR,CARDNAME_KOR,Kor,科尔,draft,
car_a161f9ed0400,cards_sheet,key,CARDNAME_KORMASTERINNOVATOR,CARDNAME_KORMASTERINNOVATOR,"<size=104>K</size>or, Master Innovator",科尔·创新大师,draft,pass9;pass9
car_f9f067e29ae2,cards_sheet,key,CARDNAME_KORPSEMAKER,CARDNAME_KORPSEMAKER,<size=104>K</size>orpse Maker,尸科尔制造者,draft,
car_b5ad105ee2bf,cards_sheet,key,CARDNAME_KORTHEFERROMANCER,CARDNAME_KORTHEFERROMANCER,"<size=104>K</size>or, the Ferromancer",铁术师科尔,draft,
car_79a8a93ed55c,cards_sheet,key,CARDNAME_KORTHEFERROMANCER10TH,CARDNAME_KORTHEFERROMANCER10TH,"<size=104>K</size>or, the Ferromancer",铁术师科尔,draft,
car_2465234e9f6e,cards_sheet,key,CARDNAME_KORTHEIRONMIND,CARDNAME_KORTHEIRONMIND,"<size=104>K</size>or, the Ironmind",科尔·铁心,draft,
car_4aa5f9a19ac1,cards_sheet,key,CARDNAME_KORWORLDBREAKER,CARDNAME_KORWORLDBREAKER,"<size=104>K</size>or, Worldbreaker",科尔·碎界者,draft,
car_d0a0ee9373f3,cards_sheet,key,CARDNAME_KYL3REPAIRBOT,CARDNAME_KYL3REPAIRBOT,<size=104>K</size>-YL3 Repairbot,K-YL3 修理机,draft,pass8_lua_name;pass9;pass9
car_6e1fc98e0814,cards_sheet,key,CARDNAME_KYTHISREBELGODLING,CARDNAME_KYTHISREBELGODLING,"<size=104>K</size>ythis, Rebel Godling",凯西斯·反叛神子,draft,
car_e5eef393e8b7,cards_sheet,key,CARDNAME_KYTHISREBELGODLINGV2,CARDNAME_KYTHISREBELGODLINGV2,"<size=104>K</size>ythis, Rebel Godling",凯西斯·反叛神子,draft,
car_c38264d77ea6,cards_sheet,key,CARDNAME_KYTHISTHEGATEKEEPER,CARDNAME_KYTHISTHEGATEKEEPER,"<size=104>K</size>ythis, the Gatekeeper",守门人凯西斯,draft,
car_2ed28022ea44,cards_sheet,key,CARDNAME_LAGOONTROLL,CARDNAME_LAGOONTROLL,<size=104>L</size>agoon Troll,潟湖巨魔,draft,
car_90819d879009,cards_sheet,key,CARDNAME_LAGOONTROLLETER,CARDNAME_LAGOONTROLLETER,<size=104>L</size>agoon Troll,潟湖巨魔,draft,
car_c0e288d1b0a3,cards_sheet,key,CARDNAME_LANDISPOTIONS&PIES,CARDNAME_LANDISPOTIONS&PIES,<size=104>L</size>andis' Potions & Pies,兰迪斯的药剂与馅饼,draft,
car_637aeb53be90,cards_sheet,key,CARDNAME_LANDTALKER,CARDNAME_LANDTALKER,<sprite=0>,大地说书人,draft,
car_79b50eb82f47,cards_sheet,key,CARDNAME_LANDTALKER10TH,CARDNAME_LANDTALKER10TH,<size=104>L</size>andtalker,大地说书人,draft,
car_dc9a3cc36ed7,cards_sheet,key,CARDNAME_LEGENDARYBOONENLIGHTENED,CARDNAME_LEGENDARYBOONENLIGHTENED,<size=50>Legendary Boon: Enlightened</size>,传奇恩赐：圣贤,draft,pass9b
car_d0bd666e2a17,cards_sheet,key,CARDNAME_LEGENDARYBOONLIFEBOUND,CARDNAME_LEGENDARYBOONLIFEBOUND,<size=54>Legendary Boon: Lifebound</size>,传奇恩赐：生命,draft,
car_6fc45888d2ce,cards_sheet,key,CARDNAME_LEGENDARYBOONMECHANA,CARDNAME_LEGENDARYBOONMECHANA,<size=54>Legendary Boon: Mechana</size>,传奇恩赐：机械,draft,
car_be1efad70898,cards_sheet,key,CARDNAME_LEGENDARYBOONVOID,CARDNAME_LEGENDARYBOONVOID,<size=64>Legendary Boon: Void</size>,传奇恩赐：虚空,draft,
car_81dff3683c85,cards_sheet,key,CARDNAME_LEGENDCETRA,CARDNAME_LEGENDCETRA,Cetra,塞特拉,draft,
car_1affaea9eaab,cards_sheet,key,CARDNAME_LEGENDEMRI,CARDNAME_LEGENDEMRI,Emri,艾姆瑞,draft,
car_6dcac44dc57a,cards_sheet,key,CARDNAME_LEGENDKOR,CARDNAME_LEGENDKOR,Kor,科尔,draft,
car_ddccb0093ae0,cards_sheet,key,CARDNAME_LEGENDMASTERDHARTHA,CARDNAME_LEGENDMASTERDHARTHA,Master Dhartha,达萨大师,draft,
car_35370eba799c,cards_sheet,key,CARDNAME_LEGENDNAIRA,CARDNAME_LEGENDNAIRA,Nairi,奈莉,draft,
car_93a7574d9364,cards_sheet,key,CARDNAME_LEGENDNAKA,CARDNAME_LEGENDNAKA,Naka,纳卡,draft,
car_dd22689a139e,cards_sheet,key,CARDNAME_LEGENDPRIME,CARDNAME_LEGENDPRIME,P.R.I.M.E.,P.R.I.M.E.,draft,
car_d20f5447a6e9,cards_sheet,key,CARDNAME_LEGENDULU,CARDNAME_LEGENDULU,Ulu,乌鲁,draft,
car_a3f27ef8373b,cards_sheet,key,CARDNAME_LEGIONOFAKLYS,CARDNAME_LEGIONOFAKLYS,<size=104>L</size>egion of Aklys,军团阿克里斯,draft,
car_59f93a212671,cards_sheet,key,CARDNAME_LEOTANSFAMILIAR,CARDNAME_LEOTANSFAMILIAR,<size=104>L</size>eotan's Familiar,莱奥坦的使魔,draft,
car_9ed6afa1ba1b,cards_sheet,key,CARDNAME_LEPRECHAUN,CARDNAME_LEPRECHAUN,<size=104>L</size>eprechaun,小矮妖,draft,
car_4dc7cbf9ef60,cards_sheet,key,CARDNAME_LIBRARYFAMILIAR,CARDNAME_LIBRARYFAMILIAR,<size=104>L</size>ibrary Familiar,图书馆使魔,draft,
car_8a4d564a93b6,cards_sheet,key,CARDNAME_LIEUTENANTDUROS,CARDNAME_LIEUTENANTDUROS,<size=104>L</size>ieutenant Duros,副官杜洛斯,draft,
car_4fd04d1b2899,cards_sheet,key,CARDNAME_LIFEBOUNDINITIATE,CARDNAME_LIFEBOUNDINITIATE,<sprite=36>,命约新兵,draft,
car_ba8ee7b93fcb,cards_sheet,key,CARDNAME_LIFEBOUNDINITIATE10TH,CARDNAME_LIFEBOUNDINITIATE10TH,<size=104>L</size>ifebound Initiate,生命新兵,draft,
car_0e9d8805b895,cards_sheet,key,CARDNAME_LIFEBOUNDMUSE,CARDNAME_LIFEBOUNDMUSE,<size=104>L</size>ifebound Muse,生命缪斯,draft,
car_005dfe54d0f4,cards_sheet,key,CARDNAME_LIFEBOUNDREMNANT,CARDNAME_LIFEBOUNDREMNANT,<size=104>L</size>ifebound Remnant,生命残响,draft,
car_65d091e851bc,cards_sheet,key,CARDNAME_LIGHTOFFALSEHOPE,CARDNAME_LIGHTOFFALSEHOPE,<size=104>L</size>ight of False Hope,光虚假希望,draft,
car_f85a72f540c4,cards_sheet,key,CARDNAME_LIONHEART,CARDNAME_LIONHEART,<size=104>L</size>ionheart,狮心,draft,
car_ad1622f622ad,cards_sheet,key,CARDNAME_LOADREAMDRAGON,CARDNAME_LOADREAMDRAGON,"<size=104>L</size>oa, Dream Dragon",洛阿·梦龙,draft,
car_9217ea6afa89,cards_sheet,key,CARDNAME_LOAMSPEAKERDRUID,CARDNAME_LOAMSPEAKERDRUID,<size=104>L</size>oamspeaker Druid,沃土语者德鲁伊,draft,
car_55d132d57971,cards_sheet,key,CARDNAME_LOAMSUMMONER,CARDNAME_LOAMSUMMONER,<size=104>L</size>oam Summoner,沃土召唤师,draft,
car_cfb1c9216568,cards_sheet,key,CARDNAME_LOASLEEPINGDRAGON,CARDNAME_LOASLEEPINGDRAGON,"<size=104>L</size>oa, Sleeping Dragon",洛阿·沉睡龙,draft,
car_150d2ac1a263,cards_sheet,key,CARDNAME_LOTUSSIREN,CARDNAME_LOTUSSIREN,<size=104>L</size>otus Siren,莲花海妖,draft,
car_b6e827994e5d,cards_sheet,key,CARDNAME_LUNAREMBRACE,CARDNAME_LUNAREMBRACE,<size=104>L</size>unar Embrace,月拥抱,draft,
car_c800b8e04550,cards_sheet,key,CARDNAME_LUNARGUARDIAN,CARDNAME_LUNARGUARDIAN,<size=104>L</size>unar Guardian,月守卫,draft,
car_40b0cb12b87b,cards_sheet,key,CARDNAME_LUNARMATRIARCH,CARDNAME_LUNARMATRIARCH,<size=104>L</size>unar Matriarch,月女族长,draft,
car_20483fadf274,cards_sheet,key,CARDNAME_LUNARPACK,CARDNAME_LUNARPACK,<size=104>L</size>unar P<space=-.05em>ack,月兽群,draft,pass8_lua_name
car_47d81ad3c0f8,cards_sheet,key,CARDNAME_LUNARSTAG,CARDNAME_LUNARSTAG,<size=104>L</size>unar Stag,月鹿,draft,
car_22ac65def5d1,cards_sheet,key,CARDNAME_LUROTHEHUNTER,CARDNAME_LUROTHEHUNTER,"<size=104>L</size>uro, the Hunter",卢罗·猎手,draft,
car_93dee210c1c0,cards_sheet,key,CARDNAME_LYCANFANG,CARDNAME_LYCANFANG,<size=104>L</size>ycan Fang,狼化人牙,draft,
car_aa851a572877,cards_sheet,key,CARDNAME_LYCHANBEAST,CARDNAME_LYCHANBEAST,<size=104>L</size>ychan Beast,狼化野兽,draft,
car_8116fe70951d,cards_sheet,key,CARDNAME_LYCHANRANGER,CARDNAME_LYCHANRANGER,<size=104>L</size>ychan Ranger,狼化游侠,draft,
car_68c9ec6a5961,cards_sheet,key,CARDNAME_MADNESSEMBRACE,CARDNAME_MADNESSEMBRACE,<size=104>M</size>adness' Embrace,疯狂之拥,draft,
car_0a81582ce59c,cards_sheet,key,CARDNAME_MAGNETMONK,CARDNAME_MAGNETMONK,<size=104>M</size>agnet Monk,磁僧侣,draft,
car_ea16a73cfa3c,cards_sheet,key,CARDNAME_MAMMOTHBEETLE,CARDNAME_MAMMOTHBEETLE,<size=104>M</size>ammoth Beetle,巨甲虫,draft,
car_d43a9d67b3e5,cards_sheet,key,CARDNAME_MANIACALCRUSHER,CARDNAME_MANIACALCRUSHER,<size=104>M</size>aniacal Crusher,狂乱粉碎者,draft,
car_8e1c2a261691,cards_sheet,key,CARDNAME_MANTRAOFRENEWAL,CARDNAME_MANTRAOFRENEWAL,<size=104>M</size>antra of Renewal,真言更新,draft,
car_6f659298de3d,cards_sheet,key,CARDNAME_MANTRAOFTRUESIGHT,CARDNAME_MANTRAOFTRUESIGHT,<size=104>M</size>antra of True Sight,真言真正视界,draft,
car_f89a1f106390,cards_sheet,key,CARDNAME_MAPOFTHESTARS,CARDNAME_MAPOFTHESTARS,<size=104>M</size>ap of the Stars,星图,draft,
car_0e26fce65861,cards_sheet,key,CARDNAME_MARROWWYRMRIDER,CARDNAME_MARROWWYRMRIDER,<size=104>M</size>arrowWyrm Rider,髓虫骑手,draft,
car_0aa17248665e,cards_sheet,key,CARDNAME_MARSHRANGER,CARDNAME_MARSHRANGER,<size=104>M</size>arsh Ranger,沼泽游侠,draft,
car_3a5d40e88b53,cards_sheet,key,CARDNAME_MASTERDHARTHA,CARDNAME_MASTERDHARTHA,<sprite=118>,达萨大师,draft,
car_84c9b4e4ea35,cards_sheet,key,CARDNAME_MASTERDHARTHA10TH,CARDNAME_MASTERDHARTHA10TH,<size=104>M</size>aster Dhartha,达萨大师,draft,
car_bf5f76e90a1e,cards_sheet,key,CARDNAME_MASTERDHARTHAETER,CARDNAME_MASTERDHARTHAETER,<size=104>M</size>aster Dhartha,达萨大师,draft,
car_18d41d6f7528,cards_sheet,key,CARDNAME_MASTERVAYA,CARDNAME_MASTERVAYA,<size=104>M</size>aster Vaya,大师瓦娅,draft,
car_fdef7668fc2f,cards_sheet,key,CARDNAME_MATRONOFDISCOVERY,CARDNAME_MATRONOFDISCOVERY,<size=104>M</size>atron of Discovery,发现主母,draft,
car_d58d1ff70faf,cards_sheet,key,CARDNAME_MECHACETRA,CARDNAME_MECHACETRA,<size=104>M</size>echa Cetra,机甲塞特拉,draft,
car_02a2130934d6,cards_sheet,key,CARDNAME_MECHAEMISSARY,CARDNAME_MECHAEMISSARY,<size=104>M</size>echa Emissary,机甲使者,draft,
car_ab79cd9b2927,cards_sheet,key,CARDNAME_MECHANAINITIATE,CARDNAME_MECHANAINITIATE,<sprite=33>,机械新兵,draft,
car_a278a9732282,cards_sheet,key,CARDNAME_MECHANAINITIATE10TH,CARDNAME_MECHANAINITIATE10TH,<size=104>M</size>echana Initiate,机械新兵,draft,
car_5bdc4e9b422a,cards_sheet,key,CARDNAME_MECHANAREMNANT,CARDNAME_MECHANAREMNANT,<size=104>M</size>echana Remnant,机械残响,draft,
car_14f18e12750e,cards_sheet,key,CARDNAME_MECHANNIHILATOR,CARDNAME_MECHANNIHILATOR,<size=104>M</size>echannihilator,机歼灭者,draft,
car_a953cd18f36b,cards_sheet,key,CARDNAME_MECHANNONBLUEPRINT,CARDNAME_MECHANNONBLUEPRINT,<size=104>M</size>echannon Blueprint,机加农蓝图,draft,
car_c755f052a74e,cards_sheet,key,CARDNAME_MECHAPHOENIX,CARDNAME_MECHAPHOENIX,<size=104>M</size>echaphoenix,机凤凰,draft,
car_b1394f65fee6,cards_sheet,key,CARDNAME_MEPHIT10TH,CARDNAME_MEPHIT10TH,<size=104>M</size>ephit,恶臭精,draft,
car_6f3b0cec3aa8,cards_sheet,key,CARDNAME_MILESGOLDENPRODIGY,CARDNAME_MILESGOLDENPRODIGY,"<size=104>M</size>iles, Golden Prodigy",黄金神童迈尔斯,draft,
car_7b5cbd8fef68,cards_sheet,key,CARDNAME_MILITIA,CARDNAME_MILITIA,<size=104>M</size>ilitia,民兵,draft,
car_f80b02ef4636,cards_sheet,key,CARDNAME_MILITIA10TH,CARDNAME_MILITIA10TH,<size=104>M</size>ilitia,民兵,draft,
car_8ce9e3888880,cards_sheet,key,CARDNAME_MILITIAROV,CARDNAME_MILITIAROV,<size=104>M</size>ilitia,民兵,draft,
car_b990950e765a,cards_sheet,key,CARDNAME_MILITIARU,CARDNAME_MILITIARU,<size=104>M</size>ilitia,民兵,draft,
car_df11ec8c089a,cards_sheet,key,CARDNAME_MILITIASOS,CARDNAME_MILITIASOS,<size=104>M</size>ilitia,民兵,draft,
car_c1601b64f43d,cards_sheet,key,CARDNAME_MINOTAUR,CARDNAME_MINOTAUR,<size=104>M</size>inotaur,牛头人,draft,
car_95c47c9e03ce,cards_sheet,key,CARDNAME_MISTAKEOFCREATION,CARDNAME_MISTAKEOFCREATION,<sprite=103>,造物之误,draft,
car_09a7aff9306e,cards_sheet,key,CARDNAME_MISTAKEOFCREATION10TH,CARDNAME_MISTAKEOFCREATION10TH,<size=104>M</size>istake of Creation,造物之误,draft,
car_3a54d209c381,cards_sheet,key,CARDNAME_MOKENTHEHUNTMASTER,CARDNAME_MOKENTHEHUNTMASTER,"<size=104>M</size>oken, the Huntmaster",莫肯·猎主,draft,
car_87cc9fa2b7b0,cards_sheet,key,CARDNAME_MOMENTOFCLARITY,CARDNAME_MOMENTOFCLARITY,<size=104>M</size>oment of Clarity,片刻澄明,draft,
car_d044efe88a24,cards_sheet,key,CARDNAME_MONASTICTUTOR,CARDNAME_MONASTICTUTOR,<size=104>M</size>onastic T<space=-.1em>utor,寺院导师,draft,pass8_lua_name
car_7c8d3d1340b0,cards_sheet,key,CARDNAME_MONKOFTHELIDLESSEYE,CARDNAME_MONKOFTHELIDLESSEYE,<size=104>M</size>onk of the Lidless Eye,无目之眼僧侣,draft,
car_94f7e304c819,cards_sheet,key,CARDNAME_MONKOFTHESTONECIRCLE,CARDNAME_MONKOFTHESTONECIRCLE,<size=104>M</size>onk of the Stone Circle,僧侣石环,draft,
car_a647dc278009,cards_sheet,key,CARDNAME_MOONSTAFF,CARDNAME_MOONSTAFF,<size=104>M</size>oon Staff,月杖,draft,
car_9d05225edd10,cards_sheet,key,CARDNAME_MOONVEILCLIQUE,CARDNAME_MOONVEILCLIQUE,<size=104>M</size>oonveil Clique,月纱小圈子,draft,
car_374bb6330199,cards_sheet,key,CARDNAME_MORBIDHAMMER,CARDNAME_MORBIDHAMMER,<size=104>M</size>orbid Hammer,病态锤,draft,
car_006d0b8864b0,cards_sheet,key,CARDNAME_MORDANTWIDOW,CARDNAME_MORDANTWIDOW,<size=104>M</size>ordant Widow,蚀骨寡妇,draft,
car_e0d91ab28ed9,cards_sheet,key,CARDNAME_MOSAICHORN,CARDNAME_MOSAICHORN,<size=104>M</size>osaic Horn,镶嵌号角,draft,
car_f539f92bc1e8,cards_sheet,key,CARDNAME_MOUNTAINSEER,CARDNAME_MOUNTAINSEER,<size=104>M</size>ountain Seer,山预言者,draft,
car_bd9db78d3f8a,cards_sheet,key,CARDNAME_MURAMASA,CARDNAME_MURAMASA,<size=104>M</size>uramasa,村正,draft,
car_5b20445277a0,cards_sheet,key,CARDNAME_MURAMASA10TH,CARDNAME_MURAMASA10TH,<size=104>M</size>uramasa,村正,draft,
car_691e7c8d6703,cards_sheet,key,CARDNAME_MUSEOFMALEVOLENCE,CARDNAME_MUSEOFMALEVOLENCE,<size=104>M</size>use of Malevolence,缪斯恶意,draft,
car_27aa29ae3b67,cards_sheet,key,CARDNAME_MUSEOFREBIRTH,CARDNAME_MUSEOFREBIRTH,<size=104>M</size>use of Rebirth,缪斯重生,draft,
car_b24732a6cdde,cards_sheet,key,CARDNAME_MUSHROOMDRUID,CARDNAME_MUSHROOMDRUID,<size=104>M</size>ushroom Druid,蘑菇德鲁伊,draft,
car_e47b9adc6787,cards_sheet,key,CARDNAME_MUTATEDSCAVENGER,CARDNAME_MUTATEDSCAVENGER,<size=104>M</size>utated Scavenger,突变拾荒者,draft,
car_0a8edbcaecdc,cards_sheet,key,CARDNAME_MYCELIALMAGE,CARDNAME_MYCELIALMAGE,<size=104>M</size>ycelial Mage,菌丝法师,draft,
car_ae5e24e433c3,cards_sheet,key,CARDNAME_MYSTIC,CARDNAME_MYSTIC,<sprite=64>,秘教士,draft,
car_b852aa7c153e,cards_sheet,key,CARDNAME_MYSTIC10TH,CARDNAME_MYSTIC10TH,<size=104>M</size>ystic,秘教士,draft,
car_9dafdee8afd9,cards_sheet,key,CARDNAME_MYSTICROV,CARDNAME_MYSTICROV,<size=104>M</size>ystic,秘教士,draft,
car_2c616e5c584c,cards_sheet,key,CARDNAME_MYSTICRU,CARDNAME_MYSTICRU,<size=104>M</size>ystic,秘教士,draft,
car_263494418dfb,cards_sheet,key,CARDNAME_MYSTICSOS,CARDNAME_MYSTICSOS,<size=104>M</size>ystic,秘教士,draft,
car_08dc33838b1f,cards_sheet,key,CARDNAME_NAIRI,CARDNAME_NAIRI,Nairi,奈莉,draft,
car_5dcd8b488ef2,cards_sheet,key,CARDNAME_NAIRIHENGEQUEEN,CARDNAME_NAIRIHENGEQUEEN,"<size=104>N</size><space=-.1em>airi, Henge Queen",环石女王奈莉,draft,
car_069d9f779111,cards_sheet,key,CARDNAME_NAIRISBLESSING,CARDNAME_NAIRISBLESSING,<size=104>N</size><space=-.1em>airi's Blessing,奈莉的祝福,draft,
car_e88846e2b792,cards_sheet,key,CARDNAME_NAIRIWILDQUEEN,CARDNAME_NAIRIWILDQUEEN,"<size=104>N</size><space=-.05em>airi, Wild Queen",奈莉·荒野女王,draft,
car_73c231ae3c13,cards_sheet,key,CARDNAME_NAKAEMRISCHOSEN,CARDNAME_NAKAEMRISCHOSEN,"<size=104>N</size><space=-.1em>aka, Emri's Chosen",纳卡·艾姆瑞的天选者,draft,
car_64fa40762074,cards_sheet,key,CARDNAME_NAKASHADEBORN,CARDNAME_NAKASHADEBORN,"<size=104>N</size>aka, Shadeborn",纳卡·影生,draft,
car_9579dfa21d75,cards_sheet,key,CARDNAME_NEMESIS,CARDNAME_NEMESIS,<size=104>N</size><space=-.05em>emesis,宿敌,draft,
car_433f063aa8b5,cards_sheet,key,CARDNAME_NEOPHYTEMENTOR,CARDNAME_NEOPHYTEMENTOR,<size=104>N</size><space=-.05em>eophyte Mentor,新入门者导师,draft,
car_d839ba9c2313,cards_sheet,key,CARDNAME_NETHERSNARE,CARDNAME_NETHERSNARE,<size=104>N</size>ethersnare,冥界陷阱,draft,
car_588df5520d63,cards_sheet,key,CARDNAME_NIGHTMARAUDERS,CARDNAME_NIGHTMARAUDERS,<size=104>N</size>ightmarauders,梦魇掠夺者,draft,
car_351e563ff67c,cards_sheet,key,CARDNAME_NIGHTMAREDELVER,CARDNAME_NIGHTMAREDELVER,<size=104>N</size>ightmare Delver,梦魇深掘者,draft,
car_fb22d36098b4,cards_sheet,key,CARDNAME_NIGHTMAREHARVESTER,CARDNAME_NIGHTMAREHARVESTER,<size=104>N</size><space=-.05em>ightmare Harvester,梦魇收割者,draft,
car_b3953effcfaa,cards_sheet,key,CARDNAME_NIGHTMARESENTINEL,CARDNAME_NIGHTMARESENTINEL,<size=104>N</size><space=-.1em>ightmare Sentinel,梦魇哨卫,draft,
car_3366592bc1ec,cards_sheet,key,CARDNAME_NIGHTMARETYRANT,CARDNAME_NIGHTMARETYRANT,<size=104>N</size><space=-.05em>ightmare T<space=-.1em>yrant,梦魇暴君,draft,pass8_lua_name
car_a313ab19fd8a,cards_sheet,key,CARDNAME_NIHILBOMBER,CARDNAME_NIHILBOMBER,<size=104>N</size>ihil Bomber,虚无投弹者,draft,
car_f172b112f633,cards_sheet,key,CARDNAME_NIHILCHEMIST,CARDNAME_NIHILCHEMIST,<size=104>N</size>ihil Chemist,虚无药剂师,draft,
car_4a5f27ac08ad,cards_sheet,key,CARDNAME_NIHILMANCER,CARDNAME_NIHILMANCER,<size=104>N</size>ihilmancer,虚无法师,draft,
car_ec01362a4e07,cards_sheet,key,CARDNAME_NIHILMANCERETER,CARDNAME_NIHILMANCERETER,<size=104>N</size>ihilmancer,虚无法师,draft,
car_6abd291a20e1,cards_sheet,key,CARDNAME_NILHAMMER,CARDNAME_NILHAMMER,<size=104>N</size>ilhammer,虚无锤,draft,
car_6f4fb1516191,cards_sheet,key,CARDNAME_NILIATHESHATTERED,CARDNAME_NILIATHESHATTERED,"<size=104>N</size>ilia, The Shattered",尼莉亚·破碎,draft,
car_a442428d3245,cards_sheet,key,CARDNAME_NILUSTHEDESPAIR,CARDNAME_NILUSTHEDESPAIR,"<size=104>N</size>ilus, the Despair",尼卢斯·绝望,draft,
car_6bc8ceb1150e,cards_sheet,key,CARDNAME_NINE,CARDNAME_NINE,<size=104>N.I.N.E.</size>,N.I.N.E.,draft,
car_86b43eaf15de,cards_sheet,key,CARDNAME_NOCTURNALSEER,CARDNAME_NOCTURNALSEER,<size=104>N</size><space=-.05em>octurnal Seer,夜行预言者,draft,
car_39dd0ac924f5,cards_sheet,key,CARDNAME_NOMTRIBEGREMLIN,CARDNAME_NOMTRIBEGREMLIN,<size=104>N</size><space=-.1em>om T<space=-.1em>ribe Gremlin,诺姆部落小妖,draft,pass8_lua_name
car_5f5b65b9ac68,cards_sheet,key,CARDNAME_NOOKHOUND,CARDNAME_NOOKHOUND,<size=104>N</size><space=-.05em>ook Hound,角落猎犬,draft,
car_c31e79e93faa,cards_sheet,key,CARDNAME_NOTHINGMAN,CARDNAME_NOTHINGMAN,<size=104>N</size><space=-.05em>othing Man,虚无之人,draft,
car_e05e581d101c,cards_sheet,key,CARDNAME_NOVABORNOFCHAOS,CARDNAME_NOVABORNOFCHAOS,"<size=104>N</size>ova, Born of Chaos",诺娃·混沌所生,draft,
car_e0e319cecebc,cards_sheet,key,CARDNAME_NOXIOUSSOUL,CARDNAME_NOXIOUSSOUL,<size=104>N</size>oxious Soul,毒害灵魂,draft,
car_127f6afb8930,cards_sheet,key,CARDNAME_NYXIANCORRUPTOR,CARDNAME_NYXIANCORRUPTOR,<size=104>N</size>yxian Corruptor,尼克斯腐蚀者,draft,
car_101f51883155,cards_sheet,key,CARDNAME_NYXIANRITUALIST,CARDNAME_NYXIANRITUALIST,<size=104>N</size><space=-.05em>yxian Ritualist,尼克斯祭仪师,draft,
car_3abff765db0e,cards_sheet,key,CARDNAME_NYXIANSPIRITCASTER,CARDNAME_NYXIANSPIRITCASTER,<size=104>N</size>yxian Spiritcaster,尼克斯魂咏者,draft,
car_7800c941e5f3,cards_sheet,key,CARDNAME_OAKOFSOULS,CARDNAME_OAKOFSOULS,<size=104>O</size>ak of Souls,橡灵魂,draft,
car_5c9f4ed6a3f7,cards_sheet,key,CARDNAME_OBFUSCASPIRIT,CARDNAME_OBFUSCASPIRIT,<size=104>O</size>bfusca Spirit,朦胧精魂,draft,
car_3856aefc99bc,cards_sheet,key,CARDNAME_OBLIVIONBLOSSOMS,CARDNAME_OBLIVIONBLOSSOMS,<size=104>O</size>blivion Blossoms,湮灭花,draft,
car_b7cb6e344c8f,cards_sheet,key,CARDNAME_OGOCOURIER,CARDNAME_OGOCOURIER,<size=104>O</size>go Courier,奥戈信使,draft,
car_0a850d9c3faf,cards_sheet,key,CARDNAME_OGODEMONTRAP,CARDNAME_OGODEMONTRAP,<size=104>O</size>go Demontrap,奥戈捕魔阱,draft,
car_da90a76504b1,cards_sheet,key,CARDNAME_OGORISING,CARDNAME_OGORISING,<size=104>O</size>go Rising,奥戈崛起,draft,
car_40c43655efe7,cards_sheet,key,CARDNAME_OGOWARTREE,CARDNAME_OGOWARTREE,<size=104>O</size>go War Tree,奥戈战争树,draft,
car_98ec163656ef,cards_sheet,key,CARDNAME_OMINOUSAUGUR,CARDNAME_OMINOUSAUGUR,<size=104>O</size>minous Augur,不祥占兆者,draft,
car_3678dc9fdb84,cards_sheet,key,CARDNAME_OMNICRON,CARDNAME_OMNICRON,<size=104>O</size>mnicron,全时者,draft,
car_a115ebfde6e4,cards_sheet,key,CARDNAME_ORASTHEREDEEMER,CARDNAME_ORASTHEREDEEMER,"<size=104>O</size>ras, the Redeemer",奥拉斯·救赎者,draft,
car_452b045cdef7,cards_sheet,key,CARDNAME_ORBOFNYX,CARDNAME_ORBOFNYX,<size=104>O</size>rb of Nyx,宝珠尼克斯,draft,
car_c5b1642fd612,cards_sheet,key,CARDNAME_ORDEROFTHEGEAR,CARDNAME_ORDEROFTHEGEAR,<size=104>O</size>rder of the Gear,秩序齿轮,draft,
car_ff39a8461c7a,cards_sheet,key,CARDNAME_OTHERWORLDLYGUIDE,CARDNAME_OTHERWORLDLYGUIDE,<size=104>O</size>therworldly Guide,异界向导,draft,
car_353d25516f56,cards_sheet,key,CARDNAME_OVERHAULCLERIC,CARDNAME_OVERHAULCLERIC,<size=104>O</size>verhaul Cleric,大修神职者,draft,
car_4738771d3f7d,cards_sheet,key,CARDNAME_OXIPEDE,CARDNAME_OXIPEDE,<size=104>O</size>xipede,牛蜈,draft,
car_1e6d313a20ea,cards_sheet,key,CARDNAME_OZIAHJUDGEOFLOGOS,CARDNAME_OZIAHJUDGEOFLOGOS,"<size=104>O</size><space=-.1em>ziah, Judge of Logos",逻各斯审判者奥齐亚,draft,
car_e6b4d9bd2be0,cards_sheet,key,CARDNAME_OZIAHSFAMILIAR,CARDNAME_OZIAHSFAMILIAR,<size=104>O</size>ziah's Familiar,奥齐亚的使魔,draft,
car_367c8b312ff9,cards_sheet,key,CARDNAME_OZIAHTHEPEERLESS,CARDNAME_OZIAHTHEPEERLESS,<size=104>O</size>ziah the Peerless,无双的奥齐亚,draft,
car_8250fb08e3e0,cards_sheet,key,CARDNAME_OZIAHTHEPEERLESS10TH,CARDNAME_OZIAHTHEPEERLESS10TH,<size=104>O</size>ziah the Peerless,无双的奥齐亚,draft,
car_3e3e48613ed5,cards_sheet,key,CARDNAME_OZIAHTHEPEERLESSETER,CARDNAME_OZIAHTHEPEERLESSETER,<size=104>O</size>ziah the Peerless,无双的奥齐亚,draft,
car_9661f95d8426,cards_sheet,key,CARDNAME_PACKLEADER,CARDNAME_PACKLEADER,<size=104>P</size><space=-.1em>ack Leader,兽群首领,draft,
car_319e134fcca1,cards_sheet,key,CARDNAME_PASYTHEASCUTLASS,CARDNAME_PASYTHEASCUTLASS,<size=104>P</size><space=-.2em>asythea's Cutlass,帕西提亚的弯刀,draft,
car_5466b2d60494,cards_sheet,key,CARDNAME_PASYTHEASKATANA,CARDNAME_PASYTHEASKATANA,<size=104>P</size><space=-.2em>asythea's Katana,帕西提亚的刀,draft,
car_7497b981bfa7,cards_sheet,key,CARDNAME_PASYTHEASMACE,CARDNAME_PASYTHEASMACE,<size=104>P</size><space=-.1em>asythea's Mace,帕西提亚的锤矛,draft,
car_7e56557b0b46,cards_sheet,key,CARDNAME_PASYTHEASSCIMITAR,CARDNAME_PASYTHEASSCIMITAR,<size=104>P</size><space=-.2em>asythea's Scimitar,帕西提亚的弯刀,draft,
car_367dde5d4177,cards_sheet,key,CARDNAME_PASYTHEASWARD,CARDNAME_PASYTHEASWARD,<size=104>P</size><space=-.1em>asythea's W<space=-.1em>ard,帕西提亚的守护,draft,pass8_lua_name
car_72c7fc5a4e1b,cards_sheet,key,CARDNAME_PASYTHEATHEAEGIS,CARDNAME_PASYTHEATHEAEGIS,"<size=104>P</size><space=-.2em>asythea, the Aegis",帕西提亚·神盾,draft,
car_6c5cfcd1ad56,cards_sheet,key,CARDNAME_PASYTHEATHEREDEEMED,CARDNAME_PASYTHEATHEREDEEMED,"<size=104>P</size><space=-.4em>asythea, The Redeemed",帕西提亚·救赎者,draft,
car_5b6921a9dd47,cards_sheet,key,CARDNAME_PATHFINDERSTOTEM,CARDNAME_PATHFINDERSTOTEM,<size=104>P</size><space=-.2em>athfinder's Totem,探路者的图腾,draft,
car_3e4edbbf96d8,cards_sheet,key,CARDNAME_PATHSEEKERSENSEI,CARDNAME_PATHSEEKERSENSEI,<size=104>P</size>athseeker Sensei,寻路者导师,draft,
car_2e00671e341c,cards_sheet,key,CARDNAME_PATHWARDEN,CARDNAME_PATHWARDEN,<size=104>P</size>athwarden,巡路者,draft,
car_457137c6d1ec,cards_sheet,key,CARDNAME_PATIENTASSASSIN,CARDNAME_PATIENTASSASSIN,<size=104>P</size><space=-.1em>atient Assassin,耐心刺客,draft,
car_eb0f8049506d,cards_sheet,key,CARDNAME_PENUMBRALEDGE,CARDNAME_PENUMBRALEDGE,<size=104>P</size><space=-.1em>enumbral Edge,半影刃锋,draft,
car_19f776fce814,cards_sheet,key,CARDNAME_PENUMBRALEDGEETER,CARDNAME_PENUMBRALEDGEETER,<size=104>P</size><space=-.1em>enumbral Edge,半影刃锋,draft,
car_30374bdfa16b,cards_sheet,key,CARDNAME_PERSONALWORMHOLE,CARDNAME_PERSONALWORMHOLE,<size=104>P</size><space=-.2em>ersonal W<space=-.05em>ormhole,私人虫洞,draft,pass8_lua_name
car_5ef513a31f63,cards_sheet,key,CARDNAME_PHASEFIEND,CARDNAME_PHASEFIEND,<size=104>P</size>hasefiend,相位邪魔,draft,
car_22491bc31ae1,cards_sheet,key,CARDNAME_PHASEFIENDETER,CARDNAME_PHASEFIENDETER,<size=104>P</size>hasefiend,相位邪魔,draft,
car_63b7d90fe3be,cards_sheet,key,CARDNAME_PIERCINGEYE,CARDNAME_PIERCINGEYE,<size=104>P</size>iercing Eye,贯穿之眼,draft,
car_5aff8779a83b,cards_sheet,key,CARDNAME_PIERCINGEYEETER,CARDNAME_PIERCINGEYEETER,<size=104>P</size>iercing Eye,贯穿之眼,draft,
car_3c6b112b325c,cards_sheet,key,CARDNAME_PILLAROFRESOLVE,CARDNAME_PILLAROFRESOLVE,<size=104>P</size><space=-.05em>illar of Resolve,柱决意,draft,
car_75a306024719,cards_sheet,key,CARDNAME_PLANARAPERTURE,CARDNAME_PLANARAPERTURE,<size=104>P</size>lanar Aperture,位面孔径,draft,
car_305ec39d77e1,cards_sheet,key,CARDNAME_PLASMACANNON,CARDNAME_PLASMACANNON,<size=104>P</size>lasma Cannon,等离子加农,draft,
car_240d4603a152,cards_sheet,key,CARDNAME_PLASMACANNONETER,CARDNAME_PLASMACANNONETER,<size=104>P</size>lasma Cannon,等离子加农,draft,
car_fee308e6f151,cards_sheet,key,CARDNAME_PLUNDERDEVIL,CARDNAME_PLUNDERDEVIL,<size=104>P</size>lunder Devil,掠夺恶魔,draft,
car_55c956d0c225,cards_sheet,key,CARDNAME_POLARISDEMON,CARDNAME_POLARISDEMON,<size=104>P</size><space=-.1em>olaris Demon,北极星恶魔,draft,
car_1d59f88508a4,cards_sheet,key,CARDNAME_POLLENPIXIE,CARDNAME_POLLENPIXIE,<size=104>P</size><space=-.1em>ollen Pixie,花粉小仙,draft,
car_990d9a69c7aa,cards_sheet,key,CARDNAME_PORTABILLET,CARDNAME_PORTABILLET,<size=104>P</size><space=-.1em>ortabillet,便携弹,draft,
car_fd902ff68a79,cards_sheet,key,CARDNAME_PORTAL,CARDNAME_PORTAL,Portal,传送门,draft,
car_77ce48a4e5b0,cards_sheet,key,CARDNAME_PORTALNINJA,CARDNAME_PORTALNINJA,<size=104>P</size>ortal Ninja,传送门忍者,draft,
car_fe9bfe56647b,cards_sheet,key,CARDNAME_POTOFGOLD,CARDNAME_POTOFGOLD,<size=104>P</size>ot of Gold,金罐,draft,
car_bbeb500b1ab9,cards_sheet,key,CARDNAME_PREMONITIONBELL,CARDNAME_PREMONITIONBELL,<size=104>P</size><space=-.1em>remonition Bell,预感钟,draft,
car_41608ce31f16,cards_sheet,key,CARDNAME_PRIME,CARDNAME_PRIME,<size=104>P.R.I.M.E.</size>,P.R.I.M.E.,draft,
car_abe24a143329,cards_sheet,key,CARDNAME_PRIMEDIRECTIVE,CARDNAME_PRIMEDIRECTIVE,<size=104>P</size><space=-.2em>.R.I.M.E. Directive,P.R.I.M.E.指令,draft,
car_ddcbaf634c90,cards_sheet,key,CARDNAME_PROCESSINGHUB,CARDNAME_PROCESSINGHUB,<size=104>P</size><space=-.1em>rocessing Hub,处理枢纽,draft,
car_4c4cc9469061,cards_sheet,key,CARDNAME_PROCESSINGHUBETER,CARDNAME_PROCESSINGHUBETER,<size=104>P</size>rocessing Hub,处理枢纽,draft,
car_637a0af6fff0,cards_sheet,key,CARDNAME_PRODIGAL,CARDNAME_PRODIGAL,<size=104>P</size><space=-.1em>rodigal,浪子,draft,
car_9e0b244126eb,cards_sheet,key,CARDNAME_PROJECTALPHA,CARDNAME_PROJECTALPHA,<size=104>P</size><space=-.1em>roject Alpha,阿尔法计划,draft,
car_f4811fd58950,cards_sheet,key,CARDNAME_PROSPECTORSCOUT,CARDNAME_PROSPECTORSCOUT,<size=104>P</size><space=-.15em>rospector Scout,探矿者斥候,draft,
car_87c8dd45c268,cards_sheet,key,CARDNAME_PROTEANSEASLUG,CARDNAME_PROTEANSEASLUG,<size=104>P</size><space=-.1em>rotean Sea Slug,多变海蛞蝓,draft,
car_1d629b44785b,cards_sheet,key,CARDNAME_PROTEANSEASLUGETER,CARDNAME_PROTEANSEASLUGETER,<size=104>P</size><space=-.1em>rotean Sea Slug,多变海蛞蝓,draft,
car_bc3c0e74e095,cards_sheet,key,CARDNAME_PROTOTYPECH32,CARDNAME_PROTOTYPECH32,<size=104>P</size><space=-.1em>rototype CH32,原型 CH32,draft,pass8_lua_name;pass9;pass9
car_b4c9226081eb,cards_sheet,key,CARDNAME_PSIONICMONK,CARDNAME_PSIONICMONK,<size=104>P</size>sionic Monk,灵能僧侣,draft,
car_0587ae85515e,cards_sheet,key,CARDNAME_PSYCHEASKARA,CARDNAME_PSYCHEASKARA,<size=104>P</size><space=-.1em>syche Askara,心灵阿斯卡拉,draft,
car_aeb020ea90ea,cards_sheet,key,CARDNAME_PSYCHICAMULET,CARDNAME_PSYCHICAMULET,<size=104>P</size>sychic Amulet,心灵护符,draft,
car_6e47377ff7d6,cards_sheet,key,CARDNAME_PSYONICAPPRENTICE,CARDNAME_PSYONICAPPRENTICE,<size=104>P</size><space=-.2em>syonic Apprentice,心灵学徒,draft,
car_dac0c3b79dce,cards_sheet,key,CARDNAME_PSYONICPALADIN,CARDNAME_PSYONICPALADIN,<size=104>P</size><space=-.1em>syonic Paladin,心灵圣骑士,draft,
car_e56a09b6a96c,cards_sheet,key,CARDNAME_PUGGAGEDDON,CARDNAME_PUGGAGEDDON,<size=104>P</size>uggageddon,巴哥末日,draft,
car_bda956281b5c,cards_sheet,key,CARDNAME_PUPPETMASTER,CARDNAME_PUPPETMASTER,<size=104>P</size><space=-.1em>uppetmaster,傀儡师,draft,
car_047aa03539a7,cards_sheet,key,CARDNAME_QADIMSTALKER,CARDNAME_QADIMSTALKER,<size=104>Q</size>adim Stalker,卡迪姆潜行者,draft,
car_47d45f7515a1,cards_sheet,key,CARDNAME_RADIANTASPIRANT,CARDNAME_RADIANTASPIRANT,<size=104>R</size>adiant Aspirant,辉耀追求者,draft,
car_e0068ad150b6,cards_sheet,key,CARDNAME_RAGINGURSINE,CARDNAME_RAGINGURSINE,<size=104>R</size>aging Ursine,暴怒熊,draft,
car_0a5dc168a90f,cards_sheet,key,CARDNAME_RAIYNARIFTWALKER,CARDNAME_RAIYNARIFTWALKER,"<size=104>R</size>aiyna, Riftwalker",蕾娜·裂隙行者,draft,
car_cc80de3198ae,cards_sheet,key,CARDNAME_RAJPSIONICMASTER,CARDNAME_RAJPSIONICMASTER,"<size=104>R</size>aj, Psionic Master",灵能大师拉吉,draft,
car_6abcb68cdb4c,cards_sheet,key,CARDNAME_RAKADREAMTENDER,CARDNAME_RAKADREAMTENDER,"<size=104>R</size>aka, Dreamtender",拉卡·守梦者,draft,
car_538d0d90b803,cards_sheet,key,CARDNAME_RAKARCORRUPTASKARA,CARDNAME_RAKARCORRUPTASKARA,"<size=104>R</size>akar, Corrupt Askara",拉卡尔·腐化阿斯卡拉,draft,
car_941212dfe7e3,cards_sheet,key,CARDNAME_RANDALLUMBRALSAGE,CARDNAME_RANDALLUMBRALSAGE,"<size=104>R</size>andall, Umbral Sage",兰德尔·暗影贤者,draft,
car_ba757a22fb19,cards_sheet,key,CARDNAME_RATKING,CARDNAME_RATKING,<size=104>R</size>at King,鼠王,draft,
car_6b77ca316e11,cards_sheet,key,CARDNAME_RAVENOUSGORPH,CARDNAME_RAVENOUSGORPH,<size=104>R</size>avenous Gorph,贪婪戈尔夫,draft,
car_88542dd3768d,cards_sheet,key,CARDNAME_RAVENSIREN,CARDNAME_RAVENSIREN,<size=104>R</size>aven Siren,乌鸦海妖,draft,
car_8da4c14fded2,cards_sheet,key,CARDNAME_REACTORMONK,CARDNAME_REACTORMONK,<size=104>R</size>eactor Monk,反应堆僧侣,draft,
car_b2f91ce6a6f8,cards_sheet,key,CARDNAME_REACTORMONK10TH,CARDNAME_REACTORMONK10TH,<size=104>R</size>eactor Monk,反应堆僧侣,draft,
car_35c60b47d70a,cards_sheet,key,CARDNAME_REACTORSHRINE,CARDNAME_REACTORSHRINE,<size=104>R</size>eactor Shrine,反应堆神龛,draft,
car_77d482c6c29b,cards_sheet,key,CARDNAME_REALITYSCULPTOR,CARDNAME_REALITYSCULPTOR,<size=104>R</size>eality Sculptor,现实塑造者,draft,
car_dd5daa44b3d5,cards_sheet,key,CARDNAME_RECKLESSEXCAVATOR,CARDNAME_RECKLESSEXCAVATOR,<size=104>R</size>eckless Excavator,鲁莽挖掘机,draft,
car_4df48db8c889,cards_sheet,key,CARDNAME_RECLAMAX,CARDNAME_RECLAMAX,<size=104>R</size>eclamax,回收机,draft,
car_8b35521a8f4c,cards_sheet,key,CARDNAME_RECYCLICRAB,CARDNAME_RECYCLICRAB,<size=104>R</size>ecyclicrab,循环蟹,draft,
car_58cee2c45482,cards_sheet,key,CARDNAME_REJECTEDPROTOTYPE,CARDNAME_REJECTEDPROTOTYPE,<size=104>R</size>ejected Prototype,废弃原型,draft,
car_84c8d1a856a7,cards_sheet,key,CARDNAME_REMNANTOFTHEFALLEN,CARDNAME_REMNANTOFTHEFALLEN,<size=104>R</size>emnant of the Fallen,残响·堕落者,draft,
car_98ce70881064,cards_sheet,key,CARDNAME_REMUSPACKGUARDIAN,CARDNAME_REMUSPACKGUARDIAN,"<size=104>R</size>emus, Pack Guardian",雷穆斯·兽群守卫,draft,
car_ffeb694be80e,cards_sheet,key,CARDNAME_REMUSWILDEMISSARY,CARDNAME_REMUSWILDEMISSARY,"<size=104>R</size>emus, Wild Emissary",雷穆斯·荒野使者,draft,
car_d4b538566dec,cards_sheet,key,CARDNAME_REPLICATIONDRONE,CARDNAME_REPLICATIONDRONE,<size=104>R</size>eplication Drone,复制无人机,draft,
car_6ab063e7c455,cards_sheet,key,CARDNAME_REPURPOSER,CARDNAME_REPURPOSER,<size=104>R</size>epurposer,再造者,draft,
car_ff842d7d2faf,cards_sheet,key,CARDNAME_RESCUEBOT505,CARDNAME_RESCUEBOT505,<size=104>R</size>escuebot 505,救援机505,draft,
car_9e08e99fab20,cards_sheet,key,CARDNAME_RESOURCEFULTRADER,CARDNAME_RESOURCEFULTRADER,<size=104>R</size>esourceful T<space=-.1em>rader,机智商人,draft,pass8_lua_name
car_7ee80e48c643,cards_sheet,key,CARDNAME_REVERIEMUSE,CARDNAME_REVERIEMUSE,<size=104>R</size>everie Muse,幻想缪斯,draft,
car_6e609ecb483d,cards_sheet,key,CARDNAME_REYSASTRIAL,CARDNAME_REYSASTRIAL,Reysa's T<space=-.1em>rial,雷萨的试炼,draft,pass8_lua_name
car_17eddfd2607d,cards_sheet,key,CARDNAME_RIFTCLAW,CARDNAME_RIFTCLAW,<size=104>R</size>iftclaw,裂隙爪,draft,
car_efe570a51b48,cards_sheet,key,CARDNAME_RIFTDRAKERIDER,CARDNAME_RIFTDRAKERIDER,<size=104>R</size>iftdrake Rider,裂隙龙兽骑手,draft,
car_ea34cd72289e,cards_sheet,key,CARDNAME_RIFTGATECONJUROR,CARDNAME_RIFTGATECONJUROR,<size=104>R</size>iftgate Conjuror,裂隙门咒术师,draft,
car_ce3e239bb638,cards_sheet,key,CARDNAME_RIFTWALKERSAXE,CARDNAME_RIFTWALKERSAXE,<size=104>R</size>iftwalker's Axe,裂隙行者的斧,draft,
car_7fb62821ea51,cards_sheet,key,CARDNAME_RIFTWATCHOUTPOST,CARDNAME_RIFTWATCHOUTPOST,<size=104>R</size>iftwatch Outpost,裂隙守望前哨,draft,
car_74e007f011da,cards_sheet,key,CARDNAME_RIFTWATCHTURRET,CARDNAME_RIFTWATCHTURRET,<size=104>R</size>iftwatch T<space=-.1em>urret,裂隙守望炮塔,draft,pass8_lua_name
car_dc9cc98ac653,cards_sheet,key,CARDNAME_RIGHTEOUSTEMPLAR,CARDNAME_RIGHTEOUSTEMPLAR,<size=104>R</size>ighteous T<space=-.1em>emplar,正义圣殿武士,draft,pass8_lua_name
car_2773d1efc0bf,cards_sheet,key,CARDNAME_RINGOFLIFE,CARDNAME_RINGOFLIFE,<size=104>R</size>ing of Life,生命之环,draft,
car_1e3d22b577ae,cards_sheet,key,CARDNAME_RISEOFTHECULT,CARDNAME_RISEOFTHECULT,<size=104>R</size>ise of the Cult,邪教崛起,draft,
car_14e13ba86cfe,cards_sheet,key,CARDNAME_RIVERREAPER,CARDNAME_RIVERREAPER,<size=104>R</size>iver Reaper,河收割者,draft,
car_5f3f00b0a0b4,cards_sheet,key,CARDNAME_ROCKETCOURIERX9910TH,CARDNAME_ROCKETCOURIERX9910TH,<size=104>R</size>ocket Courier X-99,火箭信使X-99,draft,
car_9cff3f15c446,cards_sheet,key,CARDNAME_ROCKETCOURIERX99ETER,CARDNAME_ROCKETCOURIERX99ETER,<size=104>R</size>ocket Courier X-99,火箭信使X-99,draft,
car_ca46a42615a8,cards_sheet,key,CARDNAME_ROOTSCRYER,CARDNAME_ROOTSCRYER,<size=104>R</size>ootscryer,根卜者,draft,
car_f4d8fc0e210f,cards_sheet,key,CARDNAME_RUNICHONISKROT,CARDNAME_RUNICHONISKROT,<size=104>R</size>unic Honiskrot,符文霍尼斯克洛特,draft,
car_258b59bb10a5,cards_sheet,key,CARDNAME_RUNICLYCANTHROPE,CARDNAME_RUNICLYCANTHROPE,<sprite=39>,符文狼化人,draft,
car_de7d60358caa,cards_sheet,key,CARDNAME_RUNICLYCANTHROPE10TH,CARDNAME_RUNICLYCANTHROPE10TH,<size=104>R</size>unic Lycanthrope,符文狼化人,draft,
car_989d57a04411,cards_sheet,key,CARDNAME_RUNICLYCANTHROPEETER,CARDNAME_RUNICLYCANTHROPEETER,<size=104>R</size>unic Lycanthrope,符文狼化人,draft,
car_9d50da2b0693,cards_sheet,key,CARDNAME_RUSTGREMLIN,CARDNAME_RUSTGREMLIN,<size=104>R</size>ust Gremlin,锈小妖,draft,
car_708187ee9d0a,cards_sheet,key,CARDNAME_RUTOAKENMASTER,CARDNAME_RUTOAKENMASTER,"<size=104>R</size>ūt, Oaken Master",橡木大师鲁特,draft,
car_ed9baae2f0f0,cards_sheet,key,CARDNAME_SABLESPARKSISTERS,CARDNAME_SABLESPARKSISTERS,<size=104>S</size>ablespark Sisters,黑火花姐妹,draft,
car_9033b86d7e97,cards_sheet,key,CARDNAME_SABRETHEMOONLIT,CARDNAME_SABRETHEMOONLIT,"<size=104>S</size>abre, the Moonlit",军刀·月下,draft,
car_11799d48c17c,cards_sheet,key,CARDNAME_SACREDPOT,CARDNAME_SACREDPOT,<size=104>S</size>acred Pot,神圣罐,draft,
car_678cbcf8e69d,cards_sheet,key,CARDNAME_SADISTICGIANT,CARDNAME_SADISTICGIANT,<size=104>S</size>adistic Giant,虐杀巨人,draft,
car_2d4948ee7533,cards_sheet,key,CARDNAME_SADRANIS,CARDNAME_SADRANIS,Sadranis,萨德拉尼斯,draft,
car_f28664862fd1,cards_sheet,key,CARDNAME_SADRANISDARKEMISSARY,CARDNAME_SADRANISDARKEMISSARY,"<size=104>S</size>adranis, Dark Emissary",黑暗使者萨德拉尼斯,draft,
car_635e811229a8,cards_sheet,key,CARDNAME_SADRANISDARKSAVANT,CARDNAME_SADRANISDARKSAVANT,"<size=104>S</size>adranis, Dark Savant",萨德拉尼斯·黑暗学者,draft,
car_9ee0ffe6c265,cards_sheet,key,CARDNAME_SALVAGEMASTERMILA,CARDNAME_SALVAGEMASTERMILA,<size=104>S</size>alvagemaster Mila,打捞大师米拉,draft,
car_e975f53b1b63,cards_sheet,key,CARDNAME_SALVAGEYARD,CARDNAME_SALVAGEYARD,<size=104>S</size>alvage Yard,打捞场,draft,
car_a2b428992b33,cards_sheet,key,CARDNAME_SAMAELETERNALSINNER,CARDNAME_SAMAELETERNALSINNER,"<size=104>S</size>amael, Eternal Sinner",萨麦尔·永恒罪人,draft,pass9;pass9
car_ca6a6ee3ca80,cards_sheet,key,CARDNAME_SAMAELSTRICKSTER,CARDNAME_SAMAELSTRICKSTER,<sprite=105>,萨麦尔的诡术师,draft,
car_2e986d358d66,cards_sheet,key,CARDNAME_SAMAELSTRICKSTER10TH,CARDNAME_SAMAELSTRICKSTER10TH,<size=104>S</size>amael's Trickster,萨麦尔的诡术师,draft,
car_a328562fce3d,cards_sheet,key,CARDNAME_SAMAELTHEFALLEN,CARDNAME_SAMAELTHEFALLEN,<size=104>S</size>amael the Fallen,堕落之神萨麦尔,draft,
car_3fbec4c71653,cards_sheet,key,CARDNAME_SCAVENGERANTS,CARDNAME_SCAVENGERANTS,<size=104>S</size>cavenger Ants,拾荒者蚁群,draft,
car_9fca6efd8b44,cards_sheet,key,CARDNAME_SCIONOFCETRA,CARDNAME_SCIONOFCETRA,<size=104>S</size>cion of Cetra,后裔·塞特拉,draft,
car_01eff1b461ea,cards_sheet,key,CARDNAME_SCIONOFEMRI,CARDNAME_SCIONOFEMRI,<size=104>S</size>cion of Emri,后裔·艾姆瑞,draft,
car_7796c982a15d,cards_sheet,key,CARDNAME_SCIONOFEULOTH,CARDNAME_SCIONOFEULOTH,<size=104>S</size>cion of Euloth,后裔·尤洛斯,draft,
car_a5909f5e05f6,cards_sheet,key,CARDNAME_SCIONOFOZIAH,CARDNAME_SCIONOFOZIAH,<size=104>S</size>cion of Oziah,后裔·奥齐亚,draft,
car_e9d5298818b4,cards_sheet,key,CARDNAME_SCRABBLINGSQUAD,CARDNAME_SCRABBLINGSQUAD,<size=104>S</size>crabbling Squad,翻捡小队,draft,
car_f57a8f6b2e10,cards_sheet,key,CARDNAME_SCRAPBOTSCRAPPER,CARDNAME_SCRAPBOTSCRAPPER,<size=104>S</size>crapbot Scrapper,废料机拆解者,draft,
car_cb9433200840,cards_sheet,key,CARDNAME_SCRAPFLINGER,CARDNAME_SCRAPFLINGER,<size=104>S</size>crap Flinger,废料投掷者,draft,
car_b0109d7a33b4,cards_sheet,key,CARDNAME_SCRAPSCRABBLER,CARDNAME_SCRAPSCRABBLER,<size=104>S</size>crap Scrabbler,废料翻捡者,draft,
car_9d359f497c24,cards_sheet,key,CARDNAME_SCRAPWEAVER,CARDNAME_SCRAPWEAVER,<size=104>S</size>crap W<space=-.05em>eaver,废料编织者,draft,pass8_lua_name
car_1544a499c31c,cards_sheet,key,CARDNAME_SCRYEROFTHELIDLESSEYE,CARDNAME_SCRYEROFTHELIDLESSEYE,<size=104>S</size><space=-.05em>cryer of the Lidless Eye,无目之眼占卜者,draft,
car_b8a8c98e2067,cards_sheet,key,CARDNAME_SEARINGASKARA,CARDNAME_SEARINGASKARA,<size=104>S</size>earing Askara,灼热阿斯卡拉,draft,
car_5634b6464dcb,cards_sheet,key,CARDNAME_SEATYRANT,CARDNAME_SEATYRANT,<sprite=101>,海中暴君,draft,
car_b35502ccb362,cards_sheet,key,CARDNAME_SEATYRANT10TH,CARDNAME_SEATYRANT10TH,<size=104>S</size>ea Tyrant,海中暴君,draft,
car_a5c22a6c0a2d,cards_sheet,key,CARDNAME_SECLUDEDLABORATORY,CARDNAME_SECLUDEDLABORATORY,<size=104>S</size>ecluded Laboratory,隐秘实验室,draft,
car_bb305668fc86,cards_sheet,key,CARDNAME_SEEDOFTHEWORLD,CARDNAME_SEEDOFTHEWORLD,<size=104>S</size>eed of the World,种子世界,draft,
car_c691327260a3,cards_sheet,key,CARDNAME_SEEROFDAYSPAST,CARDNAME_SEEROFDAYSPAST,<size=104>S</size>eer of Days Past,预言者往日过去,draft,
car_7d539909456a,cards_sheet,key,CARDNAME_SEEROFTHEFORKEDPATH,CARDNAME_SEEROFTHEFORKEDPATH,<size=104>S</size>eer of the Forked Path,歧路预言者,draft,
car_204cb1a46aed,cards_sheet,key,CARDNAME_SEEROFTHEFORKEDPATH10TH,CARDNAME_SEEROFTHEFORKEDPATH10TH,<size=104>S</size>eer of the Forked Path,歧路预言者,draft,
car_223ee2c02561,cards_sheet,key,CARDNAME_SERENEASCETIC,CARDNAME_SERENEASCETIC,<size=104>S</size>erene Ascetic,宁静苦行僧,draft,
car_7cc43108002e,cards_sheet,key,CARDNAME_SERPENTCALL,CARDNAME_SERPENTCALL,<size=104>S</size>erpentcall,唤蛇,draft,
car_2cbdc69d7ac9,cards_sheet,key,CARDNAME_SERPENTSIREN,CARDNAME_SERPENTSIREN,<size=104>S</size>erpent Siren,巨蛇海妖,draft,
car_85b2bc98837a,cards_sheet,key,CARDNAME_SHADEASKARA,CARDNAME_SHADEASKARA,<size=104>S</size>hade Askara,暗影阿斯卡拉,draft,
car_70847b9e4967,cards_sheet,key,CARDNAME_SHADECONVERTER,CARDNAME_SHADECONVERTER,<size=104>S</size>hade Converter,暗影转化者,draft,
car_3ad5903294e7,cards_sheet,key,CARDNAME_SHADEFEATHER,CARDNAME_SHADEFEATHER,<size=104>S</size>hade Feather,暗影羽,draft,
car_59443a60a1e9,cards_sheet,key,CARDNAME_SHADEOFSADRANIS,CARDNAME_SHADEOFSADRANIS,<size=104>S</size>hade of Sadranis,暗影萨德拉尼斯,draft,
car_f2bf86048049,cards_sheet,key,CARDNAME_SHADEOFTHEBLACKWATCH,CARDNAME_SHADEOFTHEBLACKWATCH,<size=104>S</size>hade of the Black W<space=-.075em>atch,黑卫之影,draft,
car_9324c03869ce,cards_sheet,key,CARDNAME_SHADEOFTHEBLACKWATCH10TH,CARDNAME_SHADEOFTHEBLACKWATCH10TH,<size=104>S</size>hade of the Black W<space=-.075em>atch,黑卫之影,draft,pass8_lua_name
car_8d73c9612fa4,cards_sheet,key,CARDNAME_SHADESBARGAIN,CARDNAME_SHADESBARGAIN,<size=104>S</size>hade's Bargain,暗影交易,draft,
car_0209be4f44bd,cards_sheet,key,CARDNAME_SHADEVIPER,CARDNAME_SHADEVIPER,<size=104>S</size>hade Viper,暗影毒蛇,draft,
car_8a9f67064d5c,cards_sheet,key,CARDNAME_SHADOWARBITER,CARDNAME_SHADOWARBITER,<size=104>S</size>hadow Arbiter,暗影仲裁者,draft,
car_3505a31649e5,cards_sheet,key,CARDNAME_SHADOWBLADESENTRY,CARDNAME_SHADOWBLADESENTRY,<size=104>S</size>hadowblade Sentry,影刃哨兵,draft,pass9;pass9
car_40a016d932af,cards_sheet,key,CARDNAME_SHADOWCASTER,CARDNAME_SHADOWCASTER,<size=104>S</size>hadowcaster,影咏者,draft,
car_09346914cdee,cards_sheet,key,CARDNAME_SHADOWELEMENTAL,CARDNAME_SHADOWELEMENTAL,<size=104>S</size>hadow Elemental,暗影元素,draft,
car_5ff44aac12d5,cards_sheet,key,CARDNAME_SHADOWMENDER,CARDNAME_SHADOWMENDER,<size=104>S</size>hadow Mender,暗影修复者,draft,
car_dc8e9a9fda29,cards_sheet,key,CARDNAME_SHADOWRIDGESCOUT,CARDNAME_SHADOWRIDGESCOUT,<size=104>S</size>hadowridge Scout,影脊斥候,draft,
car_7c7c5c59744e,cards_sheet,key,CARDNAME_SHADOWSTALKER,CARDNAME_SHADOWSTALKER,<size=104>S</size>hadow Stalker,暗影潜行者,draft,
car_714f372df5e2,cards_sheet,key,CARDNAME_SHADOWSTAR,CARDNAME_SHADOWSTAR,<sprite=71>,暗影之星,draft,
car_71d342deaf84,cards_sheet,key,CARDNAME_SHADOWSTAR10TH,CARDNAME_SHADOWSTAR10TH,<size=104>S</size>hadow Star,暗影之星,draft,
car_dfb3fc4d9288,cards_sheet,key,CARDNAME_SHADOWSTARETER,CARDNAME_SHADOWSTARETER,<size=104>S</size>hadow Star,暗影之星,draft,
car_03d5edb7e953,cards_sheet,key,CARDNAME_SHARDFINDERCOMPASS,CARDNAME_SHARDFINDERCOMPASS,<size=104>S</size>hardfinder Compass,寻晶者罗盘,draft,
car_4289fcd75fed,cards_sheet,key,CARDNAME_SHARDWINGBEETLE,CARDNAME_SHARDWINGBEETLE,<size=104>S</size>hardwing Beetle,晶翼甲虫,draft,
car_1ad014a4bed1,cards_sheet,key,CARDNAME_SHEPHERDOFTHELOST,CARDNAME_SHEPHERDOFTHELOST,<size=104>S</size>hepherd of the Lost,牧者迷失,draft,
car_ada69d07ec3f,cards_sheet,key,CARDNAME_SHIELDBEARER,CARDNAME_SHIELDBEARER,<size=104>S</size>hield Bearer,盾持有者,draft,
car_aba7ba723865,cards_sheet,key,CARDNAME_SHRINEATTENDANT,CARDNAME_SHRINEATTENDANT,<size=104>S</size>hrine Attendant,神龛侍从,draft,
car_ace0c27d3948,cards_sheet,key,CARDNAME_SIEGEMASTERSRAM,CARDNAME_SIEGEMASTERSRAM,<size=104>S</size>iegemaster's Ram,攻城主的攻城槌,draft,
car_3706c08a2974,cards_sheet,key,CARDNAME_SILENCEDPROPHET,CARDNAME_SILENCEDPROPHET,<size=104>S</size>ilenced Prophet,噤声先知,draft,
car_72d740f13200,cards_sheet,key,CARDNAME_SIREWOODELDER,CARDNAME_SIREWOODELDER,<size=104>S</size>irewood Elder,父木长老,draft,
car_905716fff5d5,cards_sheet,key,CARDNAME_SISTEROFTHEWIND,CARDNAME_SISTEROFTHEWIND,<size=104>S</size>ister of the Wind,姐妹风,draft,
car_ccd78e773331,cards_sheet,key,CARDNAME_SKYROCKETDRONE,CARDNAME_SKYROCKETDRONE,<size=104>S</size>kyrocket Drone,冲天无人机,draft,
car_85b737d1e4e5,cards_sheet,key,CARDNAME_SMOKETYRANT,CARDNAME_SMOKETYRANT,<size=104>S</size>moke T<space=-.1em>yrant,烟雾暴君,draft,pass8_lua_name
car_cb8e54d5440a,cards_sheet,key,CARDNAME_SNAKESHAMAN,CARDNAME_SNAKESHAMAN,<size=104>S</size>nake Shaman,蛇萨满,draft,
car_e1b93178dfa9,cards_sheet,key,CARDNAME_SNAPDRAGON,CARDNAME_SNAPDRAGON,<sprite=5>,金鱼草,draft,
car_08b1bcc2a076,cards_sheet,key,CARDNAME_SNAPDRAGON10TH,CARDNAME_SNAPDRAGON10TH,<size=104>S</size>napdragon,金鱼草,draft,
car_6ba0259f8603,cards_sheet,key,CARDNAME_SNAPDRAGONWITCH,CARDNAME_SNAPDRAGONWITCH,<size=104>S</size>napdragon Witch,金鱼草女巫,draft,
car_cbcbf378dd8d,cards_sheet,key,CARDNAME_SNOWSTRIDERLYCAN,CARDNAME_SNOWSTRIDERLYCAN,<size=104>S</size>nowstrider Lycan,踏雪者狼化人,draft,
car_48483f155eb9,cards_sheet,key,CARDNAME_SOCKETALTAR,CARDNAME_SOCKETALTAR,<size=104>S</size>ocket Altar,嵌口祭坛,draft,
car_5163328a0e18,cards_sheet,key,CARDNAME_SOLARSENTRY,CARDNAME_SOLARSENTRY,<size=104>S</size>olar Sentry,日哨兵,draft,
car_187a582db530,cards_sheet,key,CARDNAME_SONNYLIGHTWIELDER,CARDNAME_SONNYLIGHTWIELDER,"<size=104>S</size>onny, Lightwielder",桑尼·持光者,draft,
car_e47aaac7419c,cards_sheet,key,CARDNAME_SORDIDASP,CARDNAME_SORDIDASP,<size=104>S</size>ordid Asp,污秽蝮蛇,draft,
car_a692b177fd0d,cards_sheet,key,CARDNAME_SOULASSASSIN,CARDNAME_SOULASSASSIN,<size=104>S</size>oul Assassin,灵魂刺客,draft,
car_7c068b53ae76,cards_sheet,key,CARDNAME_SOULCOLLECTOR,CARDNAME_SOULCOLLECTOR,<size=104>S</size>oul Collector,集魂者,draft,
car_809d13e51319,cards_sheet,key,CARDNAME_SOULGEMARBITEROFFATE,CARDNAME_SOULGEMARBITEROFFATE,<size=104>A</size>rbiter of Fate,仲裁者天命,draft,
car_8f1d892dc506,cards_sheet,key,CARDNAME_SOULGEMARHAINITIATE,CARDNAME_SOULGEMARHAINITIATE,<size=104>A</size>rha Initiate,亚哈新兵,draft,
car_8cc50ab5ce81,cards_sheet,key,CARDNAME_SOULGEMARHATEMPLAR,CARDNAME_SOULGEMARHATEMPLAR,<size=104>A</size>rha T<space=-.1em>emplar,亚哈圣殿武士,draft,pass8_lua_name
car_69ef278dea67,cards_sheet,key,CARDNAME_SOULGEMASCETICOFTHELIDLESSEYE,CARDNAME_SOULGEMASCETICOFTHELIDLESSEYE,<size=104>A</size>scetic of the Lidless Eye,无目之眼苦行僧,draft,
car_ddb83b3a8af1,cards_sheet,key,CARDNAME_SOULGEMASKARAOFFATE,CARDNAME_SOULGEMASKARAOFFATE,<size=104>A</size>skara of Fate,命运阿斯卡拉,draft,
car_91dd514008ed,cards_sheet,key,CARDNAME_SOULGEMAVATARGOLEM,CARDNAME_SOULGEMAVATARGOLEM,<size=104>A</size>vatar Golem,化身魔像,draft,
car_54417d47eecd,cards_sheet,key,CARDNAME_SOULGEMDEMONSLAYER,CARDNAME_SOULGEMDEMONSLAYER,<size=104>D</size><space=-.05em>emon Slayer,恶魔杀手,draft,
car_676770c7a7e9,cards_sheet,key,CARDNAME_SOULGEMDIMENSIONDIVER,CARDNAME_SOULGEMDIMENSIONDIVER,<size=104>D</size>imension Diver,维度潜者,draft,
car_f8c1f70a723d,cards_sheet,key,CARDNAME_SOULGEMDRUIDSOFTHESTONECIRCLE,CARDNAME_SOULGEMDRUIDSOFTHESTONECIRCLE,<size=104>D</size>ruids of the Stone Circle,石环德鲁伊,draft,
car_afddfeff7b49,cards_sheet,key,CARDNAME_SOULGEMGREATOMENRAVEN,CARDNAME_SOULGEMGREATOMENRAVEN,<size=104>G</size>reat-Omen Raven,大兆乌鸦,draft,
car_211b4c4aa86e,cards_sheet,key,CARDNAME_SOULGEMLANDTALKER,CARDNAME_SOULGEMLANDTALKER,<size=104>L</size>andtalker,大地说书人,draft,
car_69bd58e16a0b,cards_sheet,key,CARDNAME_SOULGEMLIFEBOUNDINITIATE,CARDNAME_SOULGEMLIFEBOUNDINITIATE,<size=104>L</size>ifebound Initiate,生命新兵,draft,
car_f631e3f7fea1,cards_sheet,key,CARDNAME_SOULGEMMASTERDHARTHA,CARDNAME_SOULGEMMASTERDHARTHA,<size=104>M</size>aster Dhartha,达萨大师,draft,
car_aec190758f50,cards_sheet,key,CARDNAME_SOULGEMMECHANAINITIATE,CARDNAME_SOULGEMMECHANAINITIATE,<size=104>M</size>echana Initiate,机械新兵,draft,
car_90517a22e655,cards_sheet,key,CARDNAME_SOULGEMREACTORMONK,CARDNAME_SOULGEMREACTORMONK,<size=104>R</size>eactor Monk,反应堆僧侣,draft,
car_ef0b9ec76d90,cards_sheet,key,CARDNAME_SOULGEMRUNICLYCANTHROPE,CARDNAME_SOULGEMRUNICLYCANTHROPE,<size=104>R</size>unic Lycanthrope,符文狼化人,draft,
car_6f14f2befa9f,cards_sheet,key,CARDNAME_SOULGEMSEEROFTHEFORKEDPATH,CARDNAME_SOULGEMSEEROFTHEFORKEDPATH,<size=104>S</size>eer of the Forked Path,歧路预言者,draft,
car_2c0b80ce38ea,cards_sheet,key,CARDNAME_SOULGEMSHADEOFTHEBLACKWATCH,CARDNAME_SOULGEMSHADEOFTHEBLACKWATCH,<size=104>S</size>hade of the Black W<space=-.075em>atch,黑卫之影,draft,pass8_lua_name
car_c9fd9d5333e1,cards_sheet,key,CARDNAME_SOULGEMSPIKEVIXEN,CARDNAME_SOULGEMSPIKEVIXEN,<size=104>S</size>pike Vixen,尖刺雌狐,draft,
car_a4325be898f6,cards_sheet,key,CARDNAME_SOULGEMVOIDINITIATE,CARDNAME_SOULGEMVOIDINITIATE,<size=104>V</size><space=-.2em>oid Initiate,虚空新兵,draft,
car_cf108ffff58d,cards_sheet,key,CARDNAME_SOULGEMWOLFSHAMAN,CARDNAME_SOULGEMWOLFSHAMAN,<size=104>W</size><space=-.1em>olf Shaman,狼萨满,draft,
car_0157dbccc0e2,cards_sheet,key,CARDNAME_SOULSHAPER,CARDNAME_SOULSHAPER,<size=104>S</size>oulshaper,塑魂者,draft,
car_eaa663e8423d,cards_sheet,key,CARDNAME_SOULSNAREHUNTER,CARDNAME_SOULSNAREHUNTER,<size=104>S</size>oulsnare Hunter,魂阱猎手,draft,
car_610157772803,cards_sheet,key,CARDNAME_SOULSUNBOUND,CARDNAME_SOULSUNBOUND,<size=104>S</size>ouls Unbound,灵魂解缚,draft,
car_feaf7cae909e,cards_sheet,key,CARDNAME_SOWEROFBETRAYAL,CARDNAME_SOWEROFBETRAYAL,<size=104>S</size>ower of Betrayal,播种者背叛,draft,
car_8b5cd664fb47,cards_sheet,key,CARDNAME_SOWEROFDISCONTENT,CARDNAME_SOWEROFDISCONTENT,<size=104>S</size>ower of Discontent,播种者不满,draft,
car_884b771b52c4,cards_sheet,key,CARDNAME_SPARKBUG,CARDNAME_SPARKBUG,<size=104>S</size>park Bug,火花虫,draft,
car_c3a78f0181fa,cards_sheet,key,CARDNAME_SPARKSPRAYER,CARDNAME_SPARKSPRAYER,<size=104>S</size>park Sprayer,火花喷射器,draft,
car_8fd18781250d,cards_sheet,key,CARDNAME_SPIDERWITCH,CARDNAME_SPIDERWITCH,<size=104>S</size>pider Witch,蜘蛛女巫,draft,
car_5c315c3dd458,cards_sheet,key,CARDNAME_SPIKEVIXEN,CARDNAME_SPIKEVIXEN,<size=104>S</size>pike Vixen,尖刺雌狐,draft,
car_a29a713634d8,cards_sheet,key,CARDNAME_SPIKEVIXEN10TH,CARDNAME_SPIKEVIXEN10TH,<size=104>S</size>pike Vixen,尖刺雌狐,draft,
car_d0033960164e,cards_sheet,key,CARDNAME_SPIKEVIXENETER,CARDNAME_SPIKEVIXENETER,<size=104>S</size>pike Vixen,尖刺雌狐,draft,
car_4f43bcf74451,cards_sheet,key,CARDNAME_SPIKEVIXENRU,CARDNAME_SPIKEVIXENRU,<size=104>S</size>pike Vixen,尖刺雌狐,draft,
car_155884ba8085,cards_sheet,key,CARDNAME_SPIREOFINSIGHT,CARDNAME_SPIREOFINSIGHT,<size=104>S</size>pire of Insight,尖塔洞察,draft,
car_36cd7ba3797c,cards_sheet,key,CARDNAME_SPIREOFTHEWIND,CARDNAME_SPIREOFTHEWIND,<size=104>S</size>pire of the Wind,尖塔风,draft,
car_74811f0b2e0c,cards_sheet,key,CARDNAME_SPIRITMERCHANT,CARDNAME_SPIRITMERCHANT,<size=104>S</size>pirit Merchant,精魂商人,draft,
car_a60de9eecb3b,cards_sheet,key,CARDNAME_SPIRITOFTHEANCIENTS,CARDNAME_SPIRITOFTHEANCIENTS,<size=104>S</size>pirit of the Ancients,上古之灵,draft,
car_528b1e4ed568,cards_sheet,key,CARDNAME_SPITEFULGLADIATOR,CARDNAME_SPITEFULGLADIATOR,<size=104>S</size>piteful Gladiator,怨毒角斗士,draft,
car_7518ea83497a,cards_sheet,key,CARDNAME_STALKTHESHADOWS,CARDNAME_STALKTHESHADOWS,<size=104>S</size>talk the Shadows,潜行暗影,draft,
car_9391bf99e465,cards_sheet,key,CARDNAME_STARCALLERLEOTAN,CARDNAME_STARCALLERLEOTAN,<size=104>S</size>tarcaller Leotan,唤星者莱奥坦,draft,
car_fb9aea7399b6,cards_sheet,key,CARDNAME_STARCHILD,CARDNAME_STARCHILD,<size=104>S</size>tarchild,星之子,draft,
car_f33fe0ae25a0,cards_sheet,key,CARDNAME_STARLIGHTSANCTUM,CARDNAME_STARLIGHTSANCTUM,<size=104>S</size>tarlight Sanctum,星光圣所,draft,
car_8747f41a8143,cards_sheet,key,CARDNAME_STARVEDABOMINATION,CARDNAME_STARVEDABOMINATION,<size=104>S</size>tarved Abomination,饥馑憎恶,draft,
car_bae8502c39ae,cards_sheet,key,CARDNAME_STATICELEMENTAL,CARDNAME_STATICELEMENTAL,<size=104>S</size>tatic Elemental,静电元素,draft,
car_bb25711d02a7,cards_sheet,key,CARDNAME_STEELWEAVER,CARDNAME_STEELWEAVER,<size=104>S</size>teelweaver,织钢者,draft,
car_eff576e85a0a,cards_sheet,key,CARDNAME_STONEARTIFICERS,CARDNAME_STONEARTIFICERS,<size=104>S</size>tone Artificers,石神器师,draft,
car_acfe48c7ccac,cards_sheet,key,CARDNAME_STONEBLADETEMPLAR,CARDNAME_STONEBLADETEMPLAR,<size=104>S</size>tone Blade Templar,石刃圣殿武士,draft,
car_4043d6434394,cards_sheet,key,CARDNAME_STONECIRCLE,CARDNAME_STONECIRCLE,<size=104>S</size>tone Circle,石环,draft,
car_c6562297a1d8,cards_sheet,key,CARDNAME_STONECIRCLEELDER,CARDNAME_STONECIRCLEELDER,<size=104>S</size>tone Circle Elder,石环长老,draft,
car_4d3238e3190b,cards_sheet,key,CARDNAME_STORMSMITHANVIL,CARDNAME_STORMSMITHANVIL,<size=104>S</size>tormsmith Anvil,风暴匠铁砧,draft,
car_6197ae64b44a,cards_sheet,key,CARDNAME_SUNSTREAKCOURIER,CARDNAME_SUNSTREAKCOURIER,<size=104>S</size>unstreak Courier,日迹信使,draft,
car_fe3387760b84,cards_sheet,key,CARDNAME_SURESHOTTRACKER,CARDNAME_SURESHOTTRACKER,<size=104>S</size>ureshot T<space=-.1em>racker,神射追踪者,draft,pass8_lua_name
car_c59aed301092,cards_sheet,key,CARDNAME_SURGEPROTECTOR,CARDNAME_SURGEPROTECTOR,<size=104>S</size>urge Protector,浪涌保护者,draft,
car_0dbe897fa1d9,cards_sheet,key,CARDNAME_SURYALIGHTSSWORD,CARDNAME_SURYALIGHTSSWORD,"<size=104>S</size>urya, Light's Sword",苏尔亚·光明的剑,draft,
car_35cbc6d6e6ba,cards_sheet,key,CARDNAME_SYNAPSESPIRE,CARDNAME_SYNAPSESPIRE,<size=104>S</size>ynapse Spire,突触尖塔,draft,
car_987c2678bc8c,cards_sheet,key,CARDNAME_SYNCHRONIZER,CARDNAME_SYNCHRONIZER,<size=104>S</size>ynchronizer,同步者,draft,
car_7185518325e1,cards_sheet,key,CARDNAME_SYRILRUNICALPHA,CARDNAME_SYRILRUNICALPHA,"<size=104>S</size>yril, Runic Alpha",符文首领西里尔,draft,
car_4bffe9e6e043,cards_sheet,key,CARDNAME_TABLETOFTHEDREAMER,CARDNAME_TABLETOFTHEDREAMER,<size=104>T</size><space=-.2em>ablet of the Dreamer,石板梦者,draft,
car_9d89d292e48c,cards_sheet,key,CARDNAME_TABLETOFTHETEMPLAR,CARDNAME_TABLETOFTHETEMPLAR,<size=104>T</size>ablet of the Templar,石板圣殿武士,draft,
car_4e857ab02d7c,cards_sheet,key,CARDNAME_TABLETOFTIMESDAWN,CARDNAME_TABLETOFTIMESDAWN,<size=104>T</size><space=-.2em>ablet of Time's Dawn,时晓石板,draft,
car_71a1b2cc803e,cards_sheet,key,CARDNAME_TABLETOFTIMESDAWN10TH,CARDNAME_TABLETOFTIMESDAWN10TH,<size=104>T</size><space=-.2em>ablet of Time's Dawn,时晓石板,draft,
car_9a87b81524a8,cards_sheet,key,CARDNAME_TAHYRTHESUN,CARDNAME_TAHYRTHESUN,"<size=104>T<space=-.15em></size>a<space=-.1em>'hyr, the Sun",塔希尔·太阳,draft,pass8_lua_name
car_455dac58ea30,cards_sheet,key,CARDNAME_TARIKTHETRICKSTER,CARDNAME_TARIKTHETRICKSTER,"<size=104>T</size><space=-.2em>arik, the T<space=-.1em>rickster",诡术师塔里克,draft,pass8_lua_name
car_6d0ce023343a,cards_sheet,key,CARDNAME_TECHNOLOGICALLEAP,CARDNAME_TECHNOLOGICALLEAP,<size=104>T</size><space=-.2em>echnological Leap,科技跃进,draft,
car_a58933e62b50,cards_sheet,key,CARDNAME_TECTONICTHRASHER,CARDNAME_TECTONICTHRASHER,<size=104>T</size><space=-.2em>ectonic Thrasher,地壳鞭笞者,draft,
car_68387570be02,cards_sheet,key,CARDNAME_TECTONICTHRASHERETER,CARDNAME_TECTONICTHRASHERETER,<size=104>T</size>ectonic Thrasher,地壳鞭笞者,draft,
car_b2b9b73740f2,cards_sheet,key,CARDNAME_TELETRANSMITTERBLUEPRINT,CARDNAME_TELETRANSMITTERBLUEPRINT,<size=104>T</size><space=-.2em>eletransmitter Blueprint,远传器蓝图,draft,
car_0a7f33f54c5d,cards_sheet,key,CARDNAME_TEMPLARDRAGOON,CARDNAME_TEMPLARDRAGOON,<size=104>T</size><space=-.2em>emplar Dragoon,圣殿武士龙骑兵,draft,
car_a054b92cd5f1,cards_sheet,key,CARDNAME_TEMPLARGENERAL,CARDNAME_TEMPLARGENERAL,<size=104>T</size><space=-.2em>emplar General,圣殿武士将军,draft,
car_fd3d8d380f1d,cards_sheet,key,CARDNAME_TEMPLAROUTPOST,CARDNAME_TEMPLAROUTPOST,<size=104>T</size><space=-.15em>emplar Outpost,圣殿武士前哨,draft,
car_ce535e992de5,cards_sheet,key,CARDNAME_TEMPLEGUARDIAN,CARDNAME_TEMPLEGUARDIAN,<size=104>T</size><space=-.2em>emple Guardian,神殿守卫,draft,
car_26a275076166,cards_sheet,key,CARDNAME_TEMPLELIBRARIAN,CARDNAME_TEMPLELIBRARIAN,<size=104>T</size><space=-.15em>emple Librarian,神殿图书管理员,draft,
car_d18f2f75e1f1,cards_sheet,key,CARDNAME_TEMPLELIBRARIAN10TH,CARDNAME_TEMPLELIBRARIAN10TH,<size=104>T</size><space=-.15em>emple Librarian,神殿图书管理员,draft,
car_c01a508fb486,cards_sheet,key,CARDNAME_TEMPLEOFARHA,CARDNAME_TEMPLEOFARHA,<size=104>T</size>emple of Arha,亚哈神殿,draft,pass9;pass9
car_448e6a9e5e7b,cards_sheet,key,CARDNAME_TEMPLEOFDEATH,CARDNAME_TEMPLEOFDEATH,<size=104>T</size><space=-.2em>emple of Death,死亡神殿,draft,
car_9d018a12196a,cards_sheet,key,CARDNAME_TEMPLEOFHEROES,CARDNAME_TEMPLEOFHEROES,<size=104>T</size><space=-.2em>emple of Heroes,英雄神殿,draft,
car_7576631f218f,cards_sheet,key,CARDNAME_TEMPLEOFIMMORTALITY,CARDNAME_TEMPLEOFIMMORTALITY,<size=104>T</size><space=-.2em>emple of Immortality,不朽神殿,draft,
car_66f534b86bed,cards_sheet,key,CARDNAME_TEMPLEOFLIFE,CARDNAME_TEMPLEOFLIFE,<size=104>T</size><space=-.2em>emple of Life,生命神殿,draft,
car_f859d579122d,cards_sheet,key,CARDNAME_TEMPLEOFTHEWIND,CARDNAME_TEMPLEOFTHEWIND,<size=104>T</size><space=-.2em>emple of the Wind,风之神殿,draft,
car_f1bdf4ff021c,cards_sheet,key,CARDNAME_TEMPORALEXCAVATOR,CARDNAME_TEMPORALEXCAVATOR,<size=104>T</size>emporal Excavator,时光发掘者,draft,
car_67d1dd5c05a3,cards_sheet,key,CARDNAME_TEMPORALEYE,CARDNAME_TEMPORALEYE,<size=104>T</size><space=-.15em>emporal Eye,时光之眼,draft,
car_4c20f28992e5,cards_sheet,key,CARDNAME_TERMINITES,CARDNAME_TERMINITES,<size=104>T</size><space=-10>erminites,终末蚁,draft,
car_aea88d6e0302,cards_sheet,key,CARDNAME_TERRORIZINGFIEND,CARDNAME_TERRORIZINGFIEND,<size=104>T</size><space=-.2em>errorizing Fiend,威吓邪魔,draft,
car_7bdc8f8f0b0d,cards_sheet,key,CARDNAME_TERRUSPARAGONOFSTRIFE,CARDNAME_TERRUSPARAGONOFSTRIFE,"<size=104>T</size><space=-.3em>errus, Paragon of Strife",特鲁斯·争斗典范,draft,
car_78de33b43504,cards_sheet,key,CARDNAME_TESTOFFAITH,CARDNAME_TESTOFFAITH,<size=104>T</size><space=-.15em>est of Faith,试炼信仰,draft,
car_6e0d5ae90f63,cards_sheet,key,CARDNAME_TEYNWOLFKING,CARDNAME_TEYNWOLFKING,"<size=104>T</size>eyn, Wolf King",泰恩·狼王,draft,pass9;pass9
car_5a7fc79ee80b,cards_sheet,key,CARDNAME_TH07TANK,CARDNAME_TH07TANK,<size=104>T</size>H07 T<space=-.1em>ank,TH07 坦克,draft,pass8_lua_name;pass9;pass9
car_967a90a5eafd,cards_sheet,key,CARDNAME_THEAETHERMOURNE,CARDNAME_THEAETHERMOURNE,<size=104>T</size>he Aethermourne,以太哀歌,draft,
car_73ad891d4278,cards_sheet,key,CARDNAME_THEALLSEEINGEYE,CARDNAME_THEALLSEEINGEYE,<sprite=96>,全视之眼,draft,
car_a2d60dfcc295,cards_sheet,key,CARDNAME_THEALLSEEINGEYE10TH,CARDNAME_THEALLSEEINGEYE10TH,<size=104>T</size><space=-.1em>he All-Seeing Eye,全视之眼,draft,
car_5f69ae5e96c9,cards_sheet,key,CARDNAME_THECHROMECIRCLE,CARDNAME_THECHROMECIRCLE,<size=104>T</size>he Chrome Circle,铬环,draft,
car_b914d6b37aca,cards_sheet,key,CARDNAME_THEDRAGONSEYE,CARDNAME_THEDRAGONSEYE,<size=104>T</size><space=-.1em>he Dragon's Eye,龙之眼,draft,
car_4d992ca70cce,cards_sheet,key,CARDNAME_THEDREAMSCRAPE,CARDNAME_THEDREAMSCRAPE,<size=104>T</size>he Dreamscrape,刮梦者,draft,
car_405bf9211e68,cards_sheet,key,CARDNAME_THEGRANDDESIGN,CARDNAME_THEGRANDDESIGN,<size=104>T</size><space=-.1em>he Grand Design,宏伟设计,draft,
car_bbbad08e2773,cards_sheet,key,CARDNAME_THEGRANDDESIGN10TH,CARDNAME_THEGRANDDESIGN10TH,<size=104>T</size><space=-.1em>he Grand Design,宏伟设计,draft,
car_5fa717f6adb5,cards_sheet,key,CARDNAME_THEGREATECLIPSE,CARDNAME_THEGREATECLIPSE,<size=104>T</size>he Great Eclipse,大日食,draft,
car_eb95d02d9685,cards_sheet,key,CARDNAME_THEIRONHEART,CARDNAME_THEIRONHEART,<size=104>T</size>he Ironheart,铁之心,draft,
car_c3a1effb3dc0,cards_sheet,key,CARDNAME_THEIRONSEVEN,CARDNAME_THEIRONSEVEN,<size=104>T</size>he Iron Seven,钢铁七人,draft,
car_5992aa5824b0,cards_sheet,key,CARDNAME_THEWORLDTREE,CARDNAME_THEWORLDTREE,<size=104>T</size>he W<space=-.05em>orld Tree,世界树,draft,pass8_lua_name
car_10a3fce2471c,cards_sheet,key,CARDNAME_THICKETFAMILIAR,CARDNAME_THICKETFAMILIAR,<size=104>T</size><space=-.1em>hicket Familiar,灌木丛使魔,draft,
car_1926ffde4407,cards_sheet,key,CARDNAME_THIEVINGGRYPHON,CARDNAME_THIEVINGGRYPHON,<size=104>T</size><space=-.15em>hieving Gryphon,偷窃狮鹫,draft,
car_290312d396e8,cards_sheet,key,CARDNAME_THORNEDCHARGER,CARDNAME_THORNEDCHARGER,<size=104>T</size><space=-.15em>horned Charger,棘刺冲锋者,draft,
car_203c0b3f5c10,cards_sheet,key,CARDNAME_THUNDERTEMPLAR,CARDNAME_THUNDERTEMPLAR,<size=104>T</size><space=-.1em>hunder T<space=-.1em>emplar,雷圣殿武士,draft,pass8_lua_name
car_3f83420b3913,cards_sheet,key,CARDNAME_TIDESTALKER,CARDNAME_TIDESTALKER,<size=104>T</size><space=-.1em>idestalker,潮潜者,draft,
car_250218e33ff4,cards_sheet,key,CARDNAME_TIDESTALKERETER,CARDNAME_TIDESTALKERETER,<size=104>T</size>idestalker,潮潜者,draft,
car_249a6d56938b,cards_sheet,key,CARDNAME_TIMESTREAMSEER,CARDNAME_TIMESTREAMSEER,<size=104>T</size><space=-.1em>imestream Seer,时流预言者,draft,
car_4e28cdac9e97,cards_sheet,key,CARDNAME_TINKERINGMONK,CARDNAME_TINKERINGMONK,<size=104>T</size>inkering Monk,摆弄僧侣,draft,
car_5140e9ad9975,cards_sheet,key,CARDNAME_TOLLMASTERKYLEK,CARDNAME_TOLLMASTERKYLEK,<size=104>T</size>ollmaster Ky'lek,税吏凯莱克,draft,
car_9985803bfed3,cards_sheet,key,CARDNAME_TOMEOFERABUS,CARDNAME_TOMEOFERABUS,<size=104>T</size><space=-.15em>ome of Erabus,典籍埃拉布斯,draft,
car_3715967a6215,cards_sheet,key,CARDNAME_TORICASCENDANT,CARDNAME_TORICASCENDANT,"<size=104>T</size><space=-.2em>oric, Ascendant",托里克·飞升者,draft,
car_96411af4f581,cards_sheet,key,CARDNAME_TORICDEVOTEDDISCIPLE,CARDNAME_TORICDEVOTEDDISCIPLE,"<size=104>T</size><space=-.3em>oric, Devoted Disciple",托里克·虔诚门徒,draft,
car_8ab7c8169f6f,cards_sheet,key,CARDNAME_TORMENTEDSOUL,CARDNAME_TORMENTEDSOUL,<sprite=99>,受折磨的灵魂,draft,
car_967c142fe7b6,cards_sheet,key,CARDNAME_TORMENTEDSOUL10TH,CARDNAME_TORMENTEDSOUL10TH,<size=104>T</size><space=-.15em>ormented Soul,受折磨的灵魂,draft,
car_6f9982a95d5b,cards_sheet,key,CARDNAME_TORMENTLEGIONARY,CARDNAME_TORMENTLEGIONARY,<size=104>T</size><space=-.2em>orment Legionary,折磨军团兵,draft,
car_6aea779e19c1,cards_sheet,key,CARDNAME_TOWERASKARA,CARDNAME_TOWERASKARA,<size=104>T</size><space=-.15em>ower Askara,高塔阿斯卡拉,draft,
car_6707cf47a0b2,cards_sheet,key,CARDNAME_TREASUREHUNTER,CARDNAME_TREASUREHUNTER,<size=104>T</size><space=-.1em>reasure Hunter,宝藏猎手,draft,
car_41db2c322ce8,cards_sheet,key,CARDNAME_TREASURESOFTHESTUDY,CARDNAME_TREASURESOFTHESTUDY,<size=104>T</size><space=-.2em>reasures of the Study,宝藏书房,draft,
car_5697e97db9f3,cards_sheet,key,CARDNAME_TREEOFBOUNTY,CARDNAME_TREEOFBOUNTY,<size=104>T</size><space=-.1em>ree of Bounty,树丰饶,draft,
car_155a63683651,cards_sheet,key,CARDNAME_TRINKETHARPY,CARDNAME_TRINKETHARPY,<size=104>T</size><space=-.1em>rinket Harpy,饰品鹰身女妖,draft,
car_511521e574ef,cards_sheet,key,CARDNAME_TROPHYHUNTER,CARDNAME_TROPHYHUNTER,<size=104>T</size><space=-.1em>rophy Hunter,战利品猎手,draft,
car_dc22431fd71a,cards_sheet,key,CARDNAME_TRUTHSEEKER,CARDNAME_TRUTHSEEKER,<size=104>T</size><space=-.1em>ruth Seeker,真理追寻者,draft,
car_5fe4e95b1276,cards_sheet,key,CARDNAME_TURTLERMERCHANT,CARDNAME_TURTLERMERCHANT,<size=104>T</size>urtler Merchant,龟商商人,draft,
car_4af96545bf1e,cards_sheet,key,CARDNAME_TUSKRIDER,CARDNAME_TUSKRIDER,<size=104>T</size><space=-.1em>uskrider,牙骑手,draft,
car_3f4c4b0d3bcb,cards_sheet,key,CARDNAME_TWILIGHTSCOUT,CARDNAME_TWILIGHTSCOUT,<size=104>T</size><space=-.15em>wilight Scout,暮光斥候,draft,
car_7b10299b7793,cards_sheet,key,CARDNAME_TWISTEDTYRANT,CARDNAME_TWISTEDTYRANT,<size=104>T</size><space=-.1em>wisted T<space=-.1em>yrant,扭曲暴君,draft,pass8_lua_name
car_7faadd0aedab,cards_sheet,key,CARDNAME_TWOFOLDASKARA,CARDNAME_TWOFOLDASKARA,<sprite=113>,双重阿斯卡拉,draft,
car_f06df2225e82,cards_sheet,key,CARDNAME_TWOFOLDASKARA10TH,CARDNAME_TWOFOLDASKARA10TH,<size=104>T</size><space=-.15em>wofold Askara,双重阿斯卡拉,draft,
car_6037e9307dd1,cards_sheet,key,CARDNAME_TYRANYXTHEPILLAGER,CARDNAME_TYRANYXTHEPILLAGER,"<size=104>T</size><space=-.2em>yranyx, the Pillager",泰兰尼克斯·劫掠者,draft,
car_0c010aef63f5,cards_sheet,key,CARDNAME_ULANSFIST,CARDNAME_ULANSFIST,<size=104>U</size>lan's Fist,乌兰的拳,draft,
car_216ec1d4fc3e,cards_sheet,key,CARDNAME_ULANTHECRUSHER,CARDNAME_ULANTHECRUSHER,"<size=104>U</size>lan, the Crusher",乌兰·粉碎者,draft,
car_153632981b03,cards_sheet,key,CARDNAME_ULUASKARAPRINCE,CARDNAME_ULUASKARAPRINCE,"<size=104>U</size>lu, Askara Prince",乌鲁·阿斯卡拉王子,draft,
car_e25250603387,cards_sheet,key,CARDNAME_UMBRALEDGE,CARDNAME_UMBRALEDGE,<size=104>U</size>mbral Edge,暗影刃锋,draft,
car_f968fd1abbbb,cards_sheet,key,CARDNAME_UMBRALEDGEETER,CARDNAME_UMBRALEDGEETER,<size=104>U</size>mbral Edge,暗影刃锋,draft,
car_896d3b99c6f6,cards_sheet,key,CARDNAME_UNBOUNDEMISSARY,CARDNAME_UNBOUNDEMISSARY,<size=104>U</size><space=-.1em>nbound Emissary,解缚使者,draft,
car_683d630bafcb,cards_sheet,key,CARDNAME_UNCHAINEDFATES,CARDNAME_UNCHAINEDFATES,<size=104>U</size>nchained Fates,挣脱的命运,draft,
car_5dec6f21afee,cards_sheet,key,CARDNAME_UNDAUNTEDSCOUT,CARDNAME_UNDAUNTEDSCOUT,<size=104>U</size><space=-.05em>ndaunted Scout,无畏斥候,draft,
car_d3a7b031e595,cards_sheet,key,CARDNAME_UNSPEAKABLEDOOM,CARDNAME_UNSPEAKABLEDOOM,<size=104>U</size><space=-.1em>nspeakable Doom,不可名状末日,draft,
car_1b4a3b826935,cards_sheet,key,CARDNAME_UPGRADEFOUNDRY,CARDNAME_UPGRADEFOUNDRY,<size=104>U</size>pgrade Foundry,升级铸造厂,draft,
car_6c8f918c19c1,cards_sheet,key,CARDNAME_VALIANTASCETIC,CARDNAME_VALIANTASCETIC,<size=104>V</size><space=-.15em>aliant Ascetic,勇毅苦行僧,draft,
car_c988a60f87c7,cards_sheet,key,CARDNAME_VANDALSOUL,CARDNAME_VANDALSOUL,<size=104>V</size><space=-.15em>andal Soul,破坏灵魂,draft,
car_1a999a9a5d84,cards_sheet,key,CARDNAME_VAULTBREAKERWURM,CARDNAME_VAULTBREAKERWURM,<size=104>V</size><space=-.2em>aultbreaker Wurm,破库巨虫,draft,
car_a02bb898c45c,cards_sheet,key,CARDNAME_VAULTLICH,CARDNAME_VAULTLICH,<size=104>V</size><space=-.1em>ault Lich,宝库巫妖,draft,
car_a9a4aaae401a,cards_sheet,key,CARDNAME_VAULTSPHINX,CARDNAME_VAULTSPHINX,<size=104>V</size><space=-.15em>ault Sphinx,宝库狮身人面,draft,
car_dc49060da6c4,cards_sheet,key,CARDNAME_VEDAHSAGEOFSWORDS,CARDNAME_VEDAHSAGEOFSWORDS,"<size=104>V</size>edah, Sage of Swords",剑贤维达,draft,
car_d11a5cebe921,cards_sheet,key,CARDNAME_VENOMPRIESTESS,CARDNAME_VENOMPRIESTESS,<size=104>V</size><space=-.15em>enom Priestess,毒液女祭司,draft,
car_5eef92e9a1a3,cards_sheet,key,CARDNAME_VERDAGRISTHEWILD,CARDNAME_VERDAGRISTHEWILD,"<size=104>V</size><space=-.2em>erdagris, the Wild",维达格里斯·荒野,draft,
car_5ba309cf621a,cards_sheet,key,CARDNAME_VERDANTCHANTER,CARDNAME_VERDANTCHANTER,<size=104>V</size><space=-.2em>erdant Chanter,翠绿咏者,draft,
car_e29602ca6b1f,cards_sheet,key,CARDNAME_VERDANTCROWN,CARDNAME_VERDANTCROWN,<size=104>V</size><space=-.1em>erdant Crown,翠绿冠冕,draft,
car_7b89229aa03a,cards_sheet,key,CARDNAME_VERDANTELEMENTAL,CARDNAME_VERDANTELEMENTAL,<size=104>V</size><space=-.2em>erdant Elemental,翠绿元素,draft,
car_b95f5697791f,cards_sheet,key,CARDNAME_VERDANTHATCHLING,CARDNAME_VERDANTHATCHLING,<size=104>V</size><space=-.2em>erdant Hatchling,翠绿幼体,draft,
car_49d71b3e4a8f,cards_sheet,key,CARDNAME_VEYAHANDMAIDENOFLOGOS,CARDNAME_VEYAHANDMAIDENOFLOGOS,"<size=104>V</size><space=-.4em>eya, Handmaiden of Logos",维雅·逻各斯侍女,draft,
car_662c00aae908,cards_sheet,key,CARDNAME_VIGILSRESOLVE,CARDNAME_VIGILSRESOLVE,<size=104>V</size><space=-.1em>igil's Resolve,祈夜的决意,draft,
car_6054cec38279,cards_sheet,key,CARDNAME_VINEWEAVER,CARDNAME_VINEWEAVER,<size=104>V</size><space=-.1em>ineweaver,织藤者,draft,
car_ef88e8cc95cd,cards_sheet,key,CARDNAME_VIRASCETICMASTER,CARDNAME_VIRASCETICMASTER,"<size=104>V</size><space=-.15em>ir, Ascetic Master",维尔·苦行僧大师,draft,
car_368837767b6b,cards_sheet,key,CARDNAME_VIREPHEMERALGURU,CARDNAME_VIREPHEMERALGURU,"<size=104>V</size><space=-.15em>ir, Ephemeral Guru",维尔·昙花古鲁,draft,
car_0a22fac276db,cards_sheet,key,CARDNAME_VOIDAMATHYSTDEFENDER,CARDNAME_VOIDAMATHYSTDEFENDER,<size=104>V</size><space=-.3em>oid Amathyst Defender,虚空紫晶防御者,draft,
car_b3d6ffd9f30c,cards_sheet,key,CARDNAME_VOIDAVENGER,CARDNAME_VOIDAVENGER,<size=104>V</size><space=-.15em>oid Avenger,虚空复仇者,draft,
car_d2847dc48025,cards_sheet,key,CARDNAME_VOIDCYCLERBLUEPRINT,CARDNAME_VOIDCYCLERBLUEPRINT,<size=104>V</size><space=-.2em>oidcycler Blueprint,虚空循环器蓝图,draft,
car_0186aba79d70,cards_sheet,key,CARDNAME_VOIDEMISSARY,CARDNAME_VOIDEMISSARY,<size=104>V</size>oid Emissary,虚空使者,draft,
car_0f934224afdc,cards_sheet,key,CARDNAME_VOIDFEEDER,CARDNAME_VOIDFEEDER,<size=104>V</size><space=-.15em>oidfeeder,饲虚者,draft,
car_f67c7e183589,cards_sheet,key,CARDNAME_VOIDFORGEDPALADIN,CARDNAME_VOIDFORGEDPALADIN,<size=104>V</size><space=-.2em>oidforged Paladin,虚空锻圣骑士,draft,
car_ce469592f2c1,cards_sheet,key,CARDNAME_VOIDINITIATE10TH,CARDNAME_VOIDINITIATE10TH,<size=104>V</size><space=-.1em>oid Initiate,虚空新兵,draft,
car_3162dc6b863c,cards_sheet,key,CARDNAME_VOIDMESMER,CARDNAME_VOIDMESMER,<size=104>V</size>oid Mesmer,虚空催眠师,draft,
car_9f89d6360cb9,cards_sheet,key,CARDNAME_VOIDMILITIA,CARDNAME_VOIDMILITIA,<size=104>V</size><space=-.15em>oid Militia,虚空民兵,draft,
car_400a75b5b5c0,cards_sheet,key,CARDNAME_VOIDRAGER,CARDNAME_VOIDRAGER,<size=104>V</size><space=-.1em>oidrager,虚空狂怒者,draft,
car_2035958bebcd,cards_sheet,key,CARDNAME_VOIDREMNANT,CARDNAME_VOIDREMNANT,<size=104>V</size>oid Remnant,虚空残响,draft,
car_b76c8c9b7fe0,cards_sheet,key,CARDNAME_VOIDRIFTSTALKER,CARDNAME_VOIDRIFTSTALKER,<size=104>V</size><space=-.15em>oidrift Stalker,虚空裂隙潜行者,draft,
car_9a9a7f238192,cards_sheet,key,CARDNAME_VOIDRISING,CARDNAME_VOIDRISING,<size=104>V</size>oid Rising,虚空崛起,draft,
car_4b65a605b609,cards_sheet,key,CARDNAME_VOIDSPEAKER,CARDNAME_VOIDSPEAKER,<size=104>V</size><space=-.1em>oidspeaker,虚空语者,draft,
car_c6950f8705d1,cards_sheet,key,CARDNAME_VOIDSPEAKERETER,CARDNAME_VOIDSPEAKERETER,<size=104>V</size>oidspeaker,虚空语者,draft,
car_7ccff483d6ce,cards_sheet,key,CARDNAME_VOIDSWORNCHAMPION,CARDNAME_VOIDSWORNCHAMPION,<size=104>V</size><space=-.2em>oidsworn Champion,誓虚冠军,draft,
car_90c10811182b,cards_sheet,key,CARDNAME_VOIDSWORNWARRIOR,CARDNAME_VOIDSWORNWARRIOR,<size=104>V</size><space=-.2em>oidsworn W<space=-.1em>arrior,誓虚战士,draft,pass8_lua_name
car_8ee7cff599f3,cards_sheet,key,CARDNAME_VOIDTHIRSTER,CARDNAME_VOIDTHIRSTER,<sprite=174>,渴虚者,draft,
car_7ce718c7bca7,cards_sheet,key,CARDNAME_VOIDTHIRSTER10TH,CARDNAME_VOIDTHIRSTER10TH,<size=104>V</size><space=-.1em>oidthirster,渴虚者,draft,
car_9ce6a530c592,cards_sheet,key,CARDNAME_VYRAKTHEFIRST,CARDNAME_VYRAKTHEFIRST,"<size=104>V</size><space=-.1em>yrak, the First",维拉卡·初代,draft,
car_7eca8eb13cbb,cards_sheet,key,CARDNAME_WAILINGSPECTRE,CARDNAME_WAILINGSPECTRE,<size=104>W</size><space=-.15em>ailing Spectre,哀嚎幽灵,draft,
car_d726f8b24697,cards_sheet,key,CARDNAME_WANDERINGASKARA,CARDNAME_WANDERINGASKARA,<size=104>W</size><space=-.2em>andering Askara,流浪阿斯卡拉,draft,
car_2936cb4c7ddb,cards_sheet,key,CARDNAME_WARPDRUID,CARDNAME_WARPDRUID,<size=104>W</size><space=-.1em>arpdruid,扭曲德鲁伊,draft,
car_ae805e47baf1,cards_sheet,key,CARDNAME_WARPROGUE,CARDNAME_WARPROGUE,<size=104>W</size><space=-.1em>arprogue,扭曲游荡者,draft,
car_4146e51de707,cards_sheet,key,CARDNAME_WARTORNARBITER,CARDNAME_WARTORNARBITER,<size=104>W</size><space=-.2em>artorn Arbiter,战创仲裁者,draft,
car_c0496544c426,cards_sheet,key,CARDNAME_WATCHMAKERSALTAR10TH,CARDNAME_WATCHMAKERSALTAR10TH,<size=104>W</size><space=-.2em>atchmaker's Altar,制表师祭坛,draft,
car_baf8c89ddc59,cards_sheet,key,CARDNAME_WATCHTOWERGOLEM,CARDNAME_WATCHTOWERGOLEM,<size=104>W</size><space=-.2em>atchtower Golem,瞭望塔魔像,draft,
car_3bf758ee9d26,cards_sheet,key,CARDNAME_WATERELEMENTAL,CARDNAME_WATERELEMENTAL,<size=104>W</size><space=-.1em>ater Elemental,水元素,draft,
car_9a1dfbf8b2cf,cards_sheet,key,CARDNAME_WEAPON303V,CARDNAME_WEAPON303V,<size=104>W</size><space=-.1em>eapon 303-V,武器303-V,draft,
car_8aabf831339a,cards_sheet,key,CARDNAME_WEBCLAW,CARDNAME_WEBCLAW,<size=104>W</size><space=-.1em>ebclaw,网爪,draft,
car_5d265bfe2cf0,cards_sheet,key,CARDNAME_WEREBOAR,CARDNAME_WEREBOAR,<size=104>W</size><space=-.1em>ereboar,野猪人,draft,
car_18da1ded6034,cards_sheet,key,CARDNAME_WHIRLWINDASCETIC,CARDNAME_WHIRLWINDASCETIC,<size=104>W</size><space=-.1em>hirlwind Ascetic,旋风苦行僧,draft,
car_d08be7a9ced2,cards_sheet,key,CARDNAME_WICKEDEND,CARDNAME_WICKEDEND,<size=104>W</size><space=-.1em>icked End,邪终结,draft,
car_1156680249ca,cards_sheet,key,CARDNAME_WILDBARKMAIL,CARDNAME_WILDBARKMAIL,<size=104>W</size><space=-.1em>ildbark Mail,野树皮甲胄,draft,
car_43b6c6a2a5a1,cards_sheet,key,CARDNAME_WILDCALLSTAFF,CARDNAME_WILDCALLSTAFF,<size=104>W</size><space=-.1em>ildcall Staff,野性呼唤法杖,draft,
car_cedfb1f44300,cards_sheet,key,CARDNAME_WILDFIREELEMENTAL,CARDNAME_WILDFIREELEMENTAL,<size=104>W</size><space=-.1em>ildfire Elemental,野火元素,draft,
car_09f9d2d896de,cards_sheet,key,CARDNAME_WILDGEARDRUID,CARDNAME_WILDGEARDRUID,<size=104>W</size><space=-.1em>ildgear Druid,野性齿轮德鲁伊,draft,
car_ef149a7633b3,cards_sheet,key,CARDNAME_WILDGEARSOWER,CARDNAME_WILDGEARSOWER,<size=104>W</size><space=-.1em>ildgear Sower,野性齿轮播种者,draft,
car_718d4b90a496,cards_sheet,key,CARDNAME_WILDRIFTDRAKE,CARDNAME_WILDRIFTDRAKE,<size=104>W</size>ild Riftdrake,荒野裂隙龙兽,draft,
car_5ed7227ffe83,cards_sheet,key,CARDNAME_WINDTYRANT,CARDNAME_WINDTYRANT,<sprite=74>,风之暴君,draft,
car_0b8029663659,cards_sheet,key,CARDNAME_WINDTYRANT10TH,CARDNAME_WINDTYRANT10TH,<size=104>W</size>ind Tyrant,风之暴君,draft,
car_47ccff4c941c,cards_sheet,key,CARDNAME_WOLFACOLYTE,CARDNAME_WOLFACOLYTE,<size=104>W</size><space=-.15em>olf Acolyte,狼侍僧,draft,
car_6fb5ad79a8f7,cards_sheet,key,CARDNAME_WOLFSHAMAN10TH,CARDNAME_WOLFSHAMAN10TH,<size=104>W</size><space=-.1em>olf Shaman,狼萨满,draft,
car_03f6b2b28067,cards_sheet,key,CARDNAME_WOLFSHAMANRU,CARDNAME_WOLFSHAMANRU,<size=104>W</size><space=-.1em>olf Shaman,狼萨满,draft,
car_6c75d24c39d2,cards_sheet,key,CARDNAME_WORKSHOPGARGOYLE,CARDNAME_WORKSHOPGARGOYLE,<size=104>W</size><space=-.2em>orkshop Gargoyle,工坊石像鬼,draft,
car_a9a5c734da99,cards_sheet,key,CARDNAME_WORKSHOPGARGOYLEETER,CARDNAME_WORKSHOPGARGOYLEETER,<size=104>W</size>orkshop Gargoyle,工坊石像鬼,draft,
car_e66a3d6c76f7,cards_sheet,key,CARDNAME_WRECKLAMAX,CARDNAME_WRECKLAMAX,<size=104>W</size><space=-.1em>recklamax,回收残机,draft,
car_334492c892e8,cards_sheet,key,CARDNAME_XERONDUKEOFLIES,CARDNAME_XERONDUKEOFLIES,<sprite=3>,<sprite=3>,draft,
car_98931b955f23,cards_sheet,key,CARDNAME_XERONDUKEOFLIES10TH,CARDNAME_XERONDUKEOFLIES10TH,"<size=104>X</size>eron, Duke of Lies",谎言之公爵泽伦,draft,
car_fbd27c48c720,cards_sheet,key,CARDNAME_XERONDUKEOFLIESETER,CARDNAME_XERONDUKEOFLIESETER,"<size=104>X</size>eron, Duke of Lies",谎言之公爵泽伦,draft,
car_49e8131abb0a,cards_sheet,key,CARDNAME_XERONFALSEALLY,CARDNAME_XERONFALSEALLY,"<size=104>X</size>eron, False Ally",泽伦·伪盟者,draft,
car_ff6b016b30db,cards_sheet,key,CARDNAME_XERONLORDOFDEOFOL,CARDNAME_XERONLORDOFDEOFOL,"<size=104>X</size>eron, Lord of Deofol",泽伦·迪奥福尔之主,draft,
car_c6cff45ba82e,cards_sheet,key,CARDNAME_XERONSTRIAL,CARDNAME_XERONSTRIAL,Xeron's T<space=-.1em>rial,泽伦的试炼,draft,pass8_lua_name
car_751150b8f785,cards_sheet,key,CARDNAME_YGGDRASILCANOPY,CARDNAME_YGGDRASILCANOPY,<size=104>Y</size><space=-.1em>ggdrasil Canopy,世界树树冠,draft,
car_aea3d4fec2c5,cards_sheet,key,CARDNAME_YGGDRASILSTAFF,CARDNAME_YGGDRASILSTAFF,<sprite=162>,世界树法杖,draft,
car_73ed8f830a44,cards_sheet,key,CARDNAME_YGGDRASILSTAFF10TH,CARDNAME_YGGDRASILSTAFF10TH,<size=104>Y</size><space=-.1em>ggdrasil Staff,世界树法杖,draft,
car_0c0cafbaeea9,cards_sheet,key,CARDNAME_YOLOCRYXTHEGUARDIAN,CARDNAME_YOLOCRYXTHEGUARDIAN,"<size=104>Y</size><space=-.15em>olocryx, the Guardian",约洛克瑞克斯·守卫,draft,
car_629de0774251,cards_sheet,key,CARDNAME_YOLOTHIANMONOLITH,CARDNAME_YOLOTHIANMONOLITH,<size=104>Y</size><space=-.15em>olothian Monolith,约洛斯巨石,draft,
car_c65dba5fdf05,cards_sheet,key,CARDNAME_YUKTRIBEGREMLIN,CARDNAME_YUKTRIBEGREMLIN,<size=104>Y</size><space=-.1em>uk T<space=-.1em>ribe Gremlin,尤克部落小妖,draft,pass8_lua_name
car_5730198dce4a,cards_sheet,key,CARDNAME_YUKTRIBEOUTCAST,CARDNAME_YUKTRIBEOUTCAST,<size=104>Y</size><space=-.1em>uk T<space=-.1em>ribe Outcast,尤克部落放逐者,draft,pass8_lua_name
car_8605109f1809,cards_sheet,key,CARDNAME_YUREYEOFCHAOS,CARDNAME_YUREYEOFCHAOS,"<size=104>Y</size><space=-.1em>ur, Eye of Chaos",尤尔·之眼混沌,draft,
car_8e216134a62c,cards_sheet,key,CARDNAME_ZEROPOINTREACTOR,CARDNAME_ZEROPOINTREACTOR,<size=104>Z</size>ero Point Reactor,零点反应堆,draft,
car_6bb76653d18c,cards_sheet,key,CARDNAME_ZETAARSENAL,CARDNAME_ZETAARSENAL,<size=104>Z</size>eta Arsenal,泽塔武库,draft,
car_4ecb7d285022,cards_sheet,key,CARDNAME_ZINTASBRACERS,CARDNAME_ZINTASBRACERS,<size=104>Z</size>inta's Bracers,辛塔的护腕,draft,
car_a7aca9496d42,cards_sheet,key,CARDNAME_ZISDREAMREAPER,CARDNAME_ZISDREAMREAPER,"<size=104>Z</size>is, Dreamreaper",齐斯·刈梦者,draft,
car_9776b5f02bcf,cards_sheet,key,DAY_AKLYSTHESCOURGE,DAY_AKLYSTHESCOURGE,${LABEL_DAY} This costs ${ICON_POWER5} less to defeat.,${LABEL_DAY} 击败费用降低 ${ICON_POWER5}.,draft,pass9b;pass9c
car_bb194aae8501,cards_sheet,key,DAY_EMBERWINGMOTH,DAY_EMBERWINGMOTH,"${LABEL_DAY} For each opponent, you choose and destroy a Construct they control.",${LABEL_DAY} 对每位对手，选择并摧毁其控制的一件神器.,draft,pass9c
car_eaeba66a52bf,cards_sheet,key,DAY_ILLUMINATOR,DAY_ILLUMINATOR,"${LABEL_DAY} Once per turn, gain ${ICON_RUNE1} and ${ICON_POWER1} for each Mechana Construct you control.",${LABEL_DAY} 每回合一次，获得${ICON_RUNE1} 和 ${ICON_POWER1} 你控制的每件机械神器.,draft,pass9c
car_ad2dc96f7280,cards_sheet,key,DAY_INSPIREDTEMPLAR,DAY_INSPIREDTEMPLAR,${LABEL_DAY} Defeat any Monster instead.,${LABEL_DAY} 改为可击败任意怪物.,draft,pass9c
car_1998acee7e6e,cards_sheet,key,DAY_LIEUTENANTDUROS,DAY_LIEUTENANTDUROS,${LABEL_DAY} Take a card at random from each opponent's hand and add them to your hand.,${LABEL_DAY} 从每位对手手牌中各随机拿取一张牌，加入你的手牌.,draft,pass9b;pass9c
car_e9b3a1e9c049,cards_sheet,key,DAY_SCAVENGERANTS,DAY_SCAVENGERANTS,${LABEL_DAY} Gain ${ICON_RUNE3}.,${LABEL_DAY} 获得${ICON_RUNE3}.,draft,
car_eb03094e754d,cards_sheet,key,DAY_SHADEVIPER,DAY_SHADEVIPER,"${LABEL_TROPHY} If it is Day, banish this to gain ${ICON_RUNE1}.","${LABEL_TROPHY} 若当前为昼, 放逐此牌以获得${ICON_RUNE1}.",draft,pass9c
car_71d4c68969d0,cards_sheet,key,DAY_SOLARSENTRY,DAY_SOLARSENTRY,${LABEL_DAY} Gain an additional ${ICON_RUNE2}.,${LABEL_DAY} 获得额外的 ${ICON_RUNE2}.,draft,
car_0d7b0fdaea46,cards_sheet,key,DAY_TAHYRTHESUN,DAY_TAHYRTHESUN,${LABEL_DAY} Add the acquired card to your hand.,${LABEL_DAY} 将获取的卡牌加入你的手牌.,draft,pass9c
car_5c39d96b8b8f,cards_sheet,key,DAY_TWILIGHTSCOUT,DAY_TWILIGHTSCOUT,${LABEL_DAY} Draw an additional card.,${LABEL_DAY} 额外抽一张牌.,draft,pass9b
car_6a9edb4330da,cards_sheet,key,EFFECT_AARONTHEGODSLAYER,EFFECT_AARONTHEGODSLAYER,Defeat a Monster without paying its cost.,击败一个怪物无需支付费用.,draft,
car_0b571c95a2e2,cards_sheet,key,EFFECT_ABOLISHER,EFFECT_ABOLISHER,"Gain ${ICON_RUNE1}.<br>You may banish a card in your hand. If you do, gain an additional ${ICON_RUNE1}.",获得${ICON_RUNE1}.<br>你可以从你的手牌放逐一张卡牌. 若如此做，获得额外的 ${ICON_RUNE1}.,draft,pass9b
car_de8f6996022e,cards_sheet,key,EFFECT_ABOLISHERETER,EFFECT_ABOLISHERETER,"Gain ${ICON_RUNE1}.<br>You may banish a card in your hand. If you do, gain an additional ${ICON_RUNE1}.",获得${ICON_RUNE1}.<br>你可以从你的手牌放逐一张卡牌. 若如此做，获得额外的 ${ICON_RUNE1}.,draft,pass9b
car_69317fa473ac,cards_sheet,key,EFFECT_ACIDICCRAWLER,EFFECT_ACIDICCRAWLER,"${LABEL_REWARD} Gain ${ICON_HONOR5}.  If an opponent controls the most Constructs, destroy all Constructs that player controls. <i>(If multiple opponents are tied for the most Constructs, they all destroy them. If you control the most, do nothing.)</i>","${LABEL_REWARD} 获得${ICON_HONOR5}. 若对手控制最多神器, 摧毁该玩家控制的所有神器. <i>(若多名对手为 并列拥有最多的神器, 则他们全部摧毁自己的神器. 若你控制的最多, 无事发生.)</i>",draft,pass9b
car_2bc7c6fd85eb,cards_sheet,key,EFFECT_ADAMBUILDERADEPT,EFFECT_ADAMBUILDERADEPT,"When you acquire this, you may acquire a Construct in the center row without paying its cost.<br>Gain ${ICON_RUNE4}.",当你获取此牌时，你可以无需支付费用获取中央牌列的一件神器.<br>获得${ICON_RUNE4}.,draft,pass9b;pass9c;pass11
car_2184828b5b53,cards_sheet,key,EFFECT_ADAYUTHEOMNIPOTENT,EFFECT_ADAYUTHEOMNIPOTENT,Acquire or defeat any card in the center row.  (You do not have to pay ${ICON_RUNE} or ${ICON_POWER}).,获取或击败中央牌列的任意卡牌. (你无需支付 ${ICON_RUNE} 或 ${ICON_POWER}).,draft,pass9c
car_e5bd8c342740,cards_sheet,key,EFFECT_ADAYUTHESERENE,EFFECT_ADAYUTHESERENE,"This Hero counts as all factions.<br>Gain ${ICON_RUNE1}, ${ICON_POWER1} and ${ICON_HONOR1}. Draw a card.<br>${LABEL_MULTIUNITE} Gain ${ICON_RUNE1} for each Mechana Hero, ${ICON_POWER1} for each Void Hero, ${ICON_HONOR1} for each Lifebound Hero, and draw a card for each Enlightened Hero you play or have played this turn.","此英雄视为所有派系.<br>获得${ICON_RUNE1}, ${ICON_POWER1} 和 ${ICON_HONOR1}. 抽一张牌.<br>${LABEL_MULTIUNITE} 获得${ICON_RUNE1} 以每个机械英雄, ${ICON_POWER1} 以每个虚空英雄, ${ICON_HONOR1} 以每个命约英雄, 和抽一张牌以 每个圣贤英雄你 打出或已打出本回合.",draft,pass9b
car_dfd6229cabc6,cards_sheet,key,EFFECT_ADAYUTHETORMENTED,EFFECT_ADAYUTHETORMENTED,${LABEL_REWARD} Transform this into Adayu the Serene and acquire it.,${LABEL_REWARD} 将此牌转化为阿达尤宁静并获取它.,draft,pass9c
car_b29084304887,cards_sheet,key,EFFECT_AEGISKNIGHT,EFFECT_AEGISKNIGHT,"Banish a card in your hand or discard pile. If you do, replace it with a Mystic or Heavy Infantry.",从你的手牌或弃牌堆放逐一张卡牌. 若如此做，将它替换以 秘教士或 重装步兵.,draft,pass9b
car_c59f0b22b9be,cards_sheet,key,EFFECT_AETHERCHANNELER,EFFECT_AETHERCHANNELER,"Banish a card from your hand. If you do, acquire a random Hero from any Ascension expansion without paying its cost. Put it into your hand.",从你的手牌放逐一张卡牌. 若如此做，无需支付费用从任意创升纪元扩展获取一张随机英雄。 将其放入你的手牌.,draft,pass9b;pass9c;pass11
car_7ee4171d3d46,cards_sheet,key,EFFECT_AETHERCURATOR,EFFECT_AETHERCURATOR,Banish a card in the center row. Replace it with a Portal.<br>Draw a card.,放逐中央牌列的一张卡牌. 用传送门替换它.<br>抽一张牌.,draft,pass9b;pass11
car_21f209310429,cards_sheet,key,EFFECT_AETHERRITUALIST,EFFECT_AETHERRITUALIST,"Gain ${ICON_POWER2}.<br>The next time you defeat a Monster in the center row this turn, you may acquire a Portal without paying its cost.","获得${ICON_POWER2}.<br>本回合下次你在中央牌列击败怪物时, 你可以无需支付费用获取传送门.",draft,pass9c;pass11
car_def3d769c6a6,cards_sheet,key,EFFECT_AETHERSPRINGWITCH,EFFECT_AETHERSPRINGWITCH,"Choose one: Gain ${ICON_HONOR3}, or acquire a Portal in the center row without paying its cost.","选择一项：获得${ICON_HONOR3}, 或无需支付费用获取中央牌列的一张传送门.",draft,pass9c;pass11
car_425aacc2550c,cards_sheet,key,EFFECT_AETHERWARRIOR,EFFECT_AETHERWARRIOR,"${LABEL_PHANTASM}While this is in the center row, you may pay ${ICON_INSIGHT5} to banish and play this.<br>Draw two cards.","${LABEL_PHANTASM}当此牌在中央牌列, 你可以支付 ${ICON_INSIGHT5} 放逐并打出此牌.<br>抽两张牌.",draft,pass9b;pass9c
car_6772369ea4cf,cards_sheet,key,EFFECT_AIRSUPPORTSQUADRON,EFFECT_AIRSUPPORTSQUADRON,"Once per turn, when you acquire a Mechana card, you may put it in your hand.","每回合一次，当你获取机械卡牌, 你可以将它放置在你的手牌中.",draft,pass9b
car_a1f6b16552b0,cards_sheet,key,EFFECT_AIYANASMESSENGER,EFFECT_AIYANASMESSENGER,Gain ${ICON_RUNE1}.<br>You may pay ${ICON_RUNE1} less the next time you aquire a Hero this turn.,获得${ICON_RUNE1}.<br>你可以本回合下次获取英雄时少支付 ${ICON_RUNE1}.,draft,pass9b;pass9c
car_88da8e7151d1,cards_sheet,key,EFFECT_AIYANASMESSENGERETER,EFFECT_AIYANASMESSENGERETER,Gain ${ICON_RUNE1}.<br>You may pay ${ICON_RUNE1} less the next time you aquire a Hero this turn.,获得${ICON_RUNE1}.<br>你可以本回合下次获取英雄时少支付 ${ICON_RUNE1}.,draft,pass9b;pass9c
car_16e7d0c58b43,cards_sheet,key,EFFECT_AKAMTHEGENIE,EFFECT_AKAMTHEGENIE,${LABEL_REWARD} Gain ${ICON_HONOR3}.,${LABEL_REWARD} 获得${ICON_HONOR3}.,draft,
car_068128c89a6d,cards_sheet,key,EFFECT_AKLYSTHESCOURGE,EFFECT_AKLYSTHESCOURGE,${LABEL_REWARD} Gain ${ICON_HONOR6}.,${LABEL_REWARD} 获得${ICON_HONOR6}.,draft,
car_f8d34f79f8d4,cards_sheet,key,EFFECT_ALLURINGSHAMAN,EFFECT_ALLURINGSHAMAN,Gain ${ICON_RUNE1}.<br>You may pay ${ICON_INSIGHT1} to gain ${ICON_HONOR3}.,获得${ICON_RUNE1}.<br>你可以支付 ${ICON_INSIGHT1} 以获得${ICON_HONOR3}.,draft,
car_88810251b061,cards_sheet,key,EFFECT_ALOSYANGUIDE,EFFECT_ALOSYANGUIDE,"When you acquire this, if you have played a Lifebound Hero this turn, put this directly into your hand.<br>Gain ${ICON_HONOR3}.","当你获取此牌时，若你本回合已打出命约英雄, 直接将其放入你的手牌.<br>获得${ICON_HONOR3}.",draft,pass9b;pass9c;pass11
car_8eda44d9af4f,cards_sheet,key,EFFECT_ALSETMONKPRODIGY,EFFECT_ALSETMONKPRODIGY,"While this is in your hand, if you control two or more Constructs, transform this into Alset, Reactor Savant.<br>Gain ${ICON_RUNE3}.","当此牌在你的手牌中, 若你控制两件或更多神器， 将此牌转化为阿尔塞特, 反应堆学者.<br>获得${ICON_RUNE3}.",draft,pass9b;pass9c
car_7bd20cc79a75,cards_sheet,key,EFFECT_ALSETREACTORSAVANT,EFFECT_ALSETREACTORSAVANT,"Gain ${ICON_RUNE4}.<br>When you acquire a Construct this turn, you may put it into play.",获得${ICON_RUNE4}.<br>本回合当你获取神器时，你可以将其放入战场.,draft,pass9b;pass9c;pass11
car_87cdd79edfcc,cards_sheet,key,EFFECT_ANCIENTSTAG,EFFECT_ANCIENTSTAG,Gain ${ICON_HONOR3}.<br>${LABEL_UNITE} Gain ${ICON_LIFE}.,获得${ICON_HONOR3}.<br>${LABEL_UNITE} 获得${ICON_LIFE}.,draft,
car_b7eb052a5e10,cards_sheet,key,EFFECT_ANIMUSOFTHEWILD,EFFECT_ANIMUSOFTHEWILD,Gain ${ICON_RUNE2}.<br>You pay ${ICON_RUNE1} less the next time you acquire a Hero this turn.,获得${ICON_RUNE2}.<br>你本回合下次获取英雄时少支付 ${ICON_RUNE1}.,draft,pass9b;pass9c
car_0607f873c581,cards_sheet,key,EFFECT_ANIMUSOFTHEWILDETER,EFFECT_ANIMUSOFTHEWILDETER,Gain ${ICON_RUNE2}.<br>You may pay ${ICON_RUNE1} less the next time you acquire a Hero this turn.,获得${ICON_RUNE2}.<br>你可以本回合下次获取英雄时少支付 ${ICON_RUNE1}.,draft,pass9b;pass9c
car_9a242c4fd00e,cards_sheet,key,EFFECT_ANNIHILATION,EFFECT_ANNIHILATION,"When a player acquires a Void card, that player may banish a card in their hand or discard pile.<br>${LABEL_EVENT_TROPHY} Gain ${ICON_POWER1}.",当玩家获取虚空卡牌时， 该玩家可以从其手牌或弃牌堆放逐一张卡牌.<br>${LABEL_EVENT_TROPHY} 获得${ICON_POWER1}.,draft,pass11
car_a63be24f27be,cards_sheet,key,EFFECT_ANOINTEDASKARA,EFFECT_ANOINTEDASKARA,"Draw a card.<br>Once this turn, when you acquire a Hero or Consruct from the center row, put it into your hand.","抽一张牌.<br>本回合一次, 当你获取一个英雄或 神器从中央牌列, 将其放入你的手牌.",draft,pass9b
car_1dfed1c0a5cf,cards_sheet,key,EFFECT_APPRENTICE,EFFECT_APPRENTICE,<sprite=161>,获得1符文。,draft,
car_1f3f771d8c38,cards_sheet,key,EFFECT_APPRENTICE10TH,EFFECT_APPRENTICE10TH,Gain ${ICON_RUNE1}.,获得${ICON_RUNE1}.,draft,
car_7778cdcee900,cards_sheet,key,EFFECT_APPRENTICEROV,EFFECT_APPRENTICEROV,Gain ${ICON_RUNE1}.,获得${ICON_RUNE1}.,draft,
car_001cf28311b5,cards_sheet,key,EFFECT_APPRENTICERU,EFFECT_APPRENTICERU,Gain ${ICON_RUNE1}.,获得${ICON_RUNE1}.,draft,
car_3cd0ba2c2df6,cards_sheet,key,EFFECT_APPRENTICESOS,EFFECT_APPRENTICESOS,Gain ${ICON_RUNE1}.,获得${ICON_RUNE1}.,draft,
car_3e762880dd9e,cards_sheet,key,EFFECT_ARANYXTHEGLUTTON,EFFECT_ARANYXTHEGLUTTON,${LABEL_REWARD} Gain ${ICON_HONOR4}. Gain ${ICON_POWER7}.<br>${LABEL_RALLY_MONSTER}.,${LABEL_REWARD} 获得${ICON_HONOR4}. 获得${ICON_POWER7}.<br>${LABEL_RALLY_MONSTER}.,draft,
car_cc84d26370cb,cards_sheet,key,EFFECT_ARBITERCIRCLET,EFFECT_ARBITERCIRCLET,"Once per turn, gain ${ICON_POWER1}.",每回合一次，获得${ICON_POWER1}.,draft,
car_2b53f286e5e8,cards_sheet,key,EFFECT_ARBITEROFFATE,EFFECT_ARBITEROFFATE,Draw a card.<br>You may banish a card in your hand or discard pile.,抽一张牌.<br>你可以从你的手牌或弃牌堆放逐一张卡牌.,draft,pass9b
car_176f940937a2,cards_sheet,key,EFFECT_ARBITEROFTHELOST,EFFECT_ARBITEROFTHELOST,Gain ${ICON_ENERGY2}.<br>You may banish a card in your hand or discard pile.,获得${ICON_ENERGY2}.<br>你可以从你的手牌或弃牌堆放逐一张卡牌.,draft,pass9b
car_4108f5a6b1df,cards_sheet,key,EFFECT_ARBITEROFTHEPRECIPICE,EFFECT_ARBITEROFTHEPRECIPICE,Draw two cards.  Banish a card in your hand.,抽两张牌。然后放逐你手牌中的一张卡牌。,draft,
car_36bc6a914c81,cards_sheet,key,EFFECT_ARBITEROFTHEPRECIPICE10TH,EFFECT_ARBITEROFTHEPRECIPICE10TH,Draw two cards.  Banish a card in your hand.,抽两张牌. 从你的手牌放逐一张卡牌.,draft,pass9b
car_d72e8071671c,cards_sheet,key,EFFECT_ARBITERSCENSER,EFFECT_ARBITERSCENSER,"When you defeat a Monster in the center row, gain ${ICON_HONOR2}.","当你在中央牌列击败一个怪物, 获得${ICON_HONOR2}.",draft,pass9b;pass11
car_a5e50f11b452,cards_sheet,key,EFFECT_ARHAEMISSARY,EFFECT_ARHAEMISSARY,"Draw a card.<br>If you play or have played an Emissary of each faction this turn, you win the game.","抽一张牌.<br>若你 打出或已打出使者的 每个派系本回合, 你获胜.",draft,pass9b
car_5ac6a509884a,cards_sheet,key,EFFECT_ARHAHISTORIAN,EFFECT_ARHAHISTORIAN,"Draw a card. If you play or have played a Mystic or Heavy Infantry this turn, draw an additional card.","抽一张牌. 若你 打出或已打出秘教士或 重装步兵本回合, 额外抽一张牌.",draft,pass9b
car_c3bf6e45a4af,cards_sheet,key,EFFECT_ARHAINITIATE,EFFECT_ARHAINITIATE,Draw a card.,抽一张牌。,draft,
car_128d59951ab9,cards_sheet,key,EFFECT_ARHAINITIATE10TH,EFFECT_ARHAINITIATE10TH,Draw a card.,抽一张牌.,draft,
car_dbe96e8a132c,cards_sheet,key,EFFECT_ARHAMEDIUM,EFFECT_ARHAMEDIUM,You may banish this to acquire a Mystic or Heavy Infantry without paying its cost.  Put it into your hand.,你可以放逐此牌以 无需支付费用获取秘教士或重装步兵. 将其放入你的手牌.,draft,pass9b;pass11b
car_f0eff6c30803,cards_sheet,key,EFFECT_ARHAMEDIUMETER,EFFECT_ARHAMEDIUMETER,You may banish this to acquire a Mystic or Heavy Infantry for free and add it to your hand.,你可以放逐此牌以 无需支付费用获取秘教士或重装步兵和 加入你的手牌.,draft,pass11b
car_7bb5463959b0,cards_sheet,key,EFFECT_ARHAMENTOR,EFFECT_ARHAMENTOR,"You may banish a card from your hand. If you do, acquire a Mystic or Heavy Infantry without paying its cost and put it into your hand.",你可以从你的手牌放逐一张卡牌. 若如此做，无需支付费用获取秘教士或重装步兵和 将其放入你的手牌.,draft,pass9b;pass11b
car_a760acab3545,cards_sheet,key,EFFECT_ARHARECRUIT,EFFECT_ARHARECRUIT,"Draw a card.<br>Gain ${ICON_RENOWN1}, then banish this.","抽一张牌.<br>获得${ICON_RENOWN1}, 然后放逐此牌.",draft,
car_8c94eedcf0ad,cards_sheet,key,EFFECT_ARHARISING,EFFECT_ARHARISING,"Once per turn, when a player discards any number of cards, they may return one of them to their hand.<br>${LABEL_EVENT_TROPHY} Draw a card.","每回合一次，当玩家弃掉任意数量的 卡牌, 他们可以返回一 的它们以 其手牌.<br>${LABEL_EVENT_TROPHY} 抽一张牌.",draft,
car_9a400bdec134,cards_sheet,key,EFFECT_ARHASANCTUARY,EFFECT_ARHASANCTUARY,"When this enters play, put the top card of your deck under this face up.<br>Once per turn, you may swap a card in your hand for the card under Arha Sanctuary.<br>When Arha Sanctuary leaves play of the game ends, put the card under it into your discard pile.",当此牌进入战场时，将你牌库顶的牌正面朝上置于此牌下方。<br>每回合一次，你可以用手牌中的一张牌与亚哈圣所下方的牌交换。<br>当亚哈圣所离开战场时，将其下方的牌放入你的弃牌堆。,draft,pass12
car_b6a8497fdd37,cards_sheet,key,EFFECT_ARHASENSEI,EFFECT_ARHASENSEI,"Banish a card in your hand.  If you do, acquire a Mystic or Heavy Infantry.  Add it to your hand.",从你的手牌放逐一张卡牌. 若如此做，获取秘教士或 重装步兵. 加入它以 你的手牌.,draft,pass9b
car_e865b3dde254,cards_sheet,key,EFFECT_ARHASENSEIDS,EFFECT_ARHASENSEIDS,"Banish a card in your hand. If you do, acquire a Mystic or Heavy Infantry without paying its cost. Add it to your hand.",从你的手牌放逐一张卡牌. 若如此做，无需支付费用获取秘教士或重装步兵. 加入它以 你的手牌.,draft,pass9b;pass11b
car_1240bb884416,cards_sheet,key,EFFECT_ARHASENSEIETER,EFFECT_ARHASENSEIETER,"Banish a card in your hand. If you do, acquire a Mystic or Heavy Infantry for free and add it to your hand.",从你的手牌放逐一张卡牌. 若如此做，无需支付费用获取秘教士或重装步兵和 加入你的手牌.,draft,pass9b;pass11b
car_c134fadaf7dd,cards_sheet,key,EFFECT_ARHATEMPLAR,EFFECT_ARHATEMPLAR,<sprite=122>,击败一个战力值不高于4的怪物。,draft,
car_91956095a434,cards_sheet,key,EFFECT_ARHATEMPLAR10TH,EFFECT_ARHATEMPLAR10TH,Defeat a Monster that has ${ICON_POWER4} or less for free.,击败一个怪物该 具有${ICON_POWER4} 或更低无需支付费用.,draft,
car_be1a5ed9d42c,cards_sheet,key,EFFECT_ARMISTICE,EFFECT_ARMISTICE,Each player discards their hand and draws five cards.,每位玩家弃掉其 手牌和 抽五 卡牌.,draft,
car_04cea0a8e591,cards_sheet,key,EFFECT_ASALASTHEIMPALER,EFFECT_ASALASTHEIMPALER,"Gain ${ICON_RUNE2}.<br>The next time you acquire a Hero this turn, gain ${ICON_POWER} equal to the acquired Hero's ${ICON_RUNE} cost.","获得${ICON_RUNE2}.<br>下次你获取一个英雄本回合, 获得${ICON_POWER} 等同于 已获取英雄之 ${ICON_RUNE} 费用.",draft,pass11
car_552b473dc2ab,cards_sheet,key,EFFECT_ASCETICOFTHELIDLESSEYE,EFFECT_ASCETICOFTHELIDLESSEYE,Draw two cards.,抽两张牌。,draft,
car_b205371765d7,cards_sheet,key,EFFECT_ASCETICOFTHELIDLESSEYE10TH,EFFECT_ASCETICOFTHELIDLESSEYE10TH,Draw two cards.,抽两张牌.,draft,
car_acdaab1ee1a1,cards_sheet,key,EFFECT_ASHESTOASHES,EFFECT_ASHESTOASHES,Banish all cards in the center row.,放逐中央牌列的所有卡牌.,draft,pass11
car_26f769103672,cards_sheet,key,EFFECT_ASKARANARMOR,EFFECT_ASKARANARMOR,"Once per turn, when you acquire a card from your Dreamscape, you may add a card to your Dreamscape.","每回合一次，当你获取卡牌从 你的梦境, 你可以将一张卡牌加入你的梦境.",draft,pass9b
car_e5259eb9ffca,cards_sheet,key,EFFECT_ASKARAOFFATE,EFFECT_ASKARAOFFATE,Draw two cards.  Each other player may draw a card.  Then you may banish a card in the center row.,抽两张牌. 每位其他玩家可以抽一张牌. 然后你可以放逐中央牌列的一张卡牌.,draft,pass11
car_6ca9d47669d0,cards_sheet,key,EFFECT_ASKARAOFFORTUNE,EFFECT_ASKARAOFFORTUNE,Each player reveals the top card of their deck. Choose a Hero revealed this way and copy its effect.,每位玩家展示顶部卡牌的 其牌库. 选择一个英雄已展示以此方式和 复制其效果.,draft,
car_0460f08f6503,cards_sheet,key,EFFECT_ASKARAOFJUDGEMENT,EFFECT_ASKARAOFJUDGEMENT,Draw a card.,抽一张牌.,draft,
car_f7aa5e9816e5,cards_sheet,key,EFFECT_ASKARAOFSOULS,EFFECT_ASKARAOFSOULS,Gain a Soul Gem.,获得灵魂宝石.,draft,
car_e2aa76fc3692,cards_sheet,key,EFFECT_ASTROBLADETRX,EFFECT_ASTROBLADETRX,"Once per turn, when you play a Mechana Construct (including this one), gain ${ICON_HONOR1}.","每回合一次，当你打出机械神器 (包括此牌), 获得${ICON_HONOR1}.",draft,pass9b
car_d7d80c26e655,cards_sheet,key,EFFECT_AURAOFTHEASKARA,EFFECT_AURAOFTHEASKARA,"If you have played two Enlightened Heroes with the same name this turn, you may acquire this without paying its cost.<br>${LABEL_ONGOING} Once per turn, you may copy the effect of a Hero you have played this turn.","若你打出过两张同名圣贤英雄本回合, 你可以无需支付费用获取此牌.<br>${LABEL_ONGOING} 每回合一次，你可以复制效果的 本回合已打出的英雄.",draft,pass9b;pass11
car_184eabb423b3,cards_sheet,key,EFFECT_AUSPICIOUSASKARA,EFFECT_AUSPICIOUSASKARA,Draw a card.<br>${LABEL_UNITE} You may banish a card in the center row.,抽一张牌.<br>${LABEL_UNITE} 你可以放逐中央牌列的一张卡牌.,draft,pass11
car_7c86cb76eb56,cards_sheet,key,EFFECT_AUSTERESAGE,EFFECT_AUSTERESAGE,"Draw a card.<br>You may banish a card in the center row, then ${LABEL_RALLY_ENLIGHTENED}.","抽一张牌.<br>你可以放逐中央牌列的一张卡牌, 然后 ${LABEL_RALLY_ENLIGHTENED}.",draft,pass11
car_bfe3c2da3170,cards_sheet,key,EFFECT_AUTOBUILDER50,EFFECT_AUTOBUILDER50,You may destroy this to pay ${ICON_RUNE2} less the next time you acquire a Mechana Construct this turn.,你可以摧毁此 以少支付 ${ICON_RUNE2}下次你获取机械神器本回合.,draft,pass9b
car_20949cc0591c,cards_sheet,key,EFFECT_AVATARGOLEM,EFFECT_AVATARGOLEM,<sprite=67>,获得2战力。你每控制一种神器，获得1荣誉。,draft,
car_3aadc1147887,cards_sheet,key,EFFECT_AVATARGOLEM10TH,EFFECT_AVATARGOLEM10TH,"Gain ${ICON_POWER2}.<br>Gain ${ICON_HONOR1} for each faction among Construct you control. <i>(Factions are Enlightened, Mechana, Lifebound, and Void.)</i>","获得${ICON_POWER2}.<br>获得${ICON_HONOR1} 你控制的每个派系之中神器. <i>(派系为圣贤, 机械, 生命, 和虚空.)</i>",draft,pass9b;pass9c
car_c15fdf676035,cards_sheet,key,EFFECT_AVATAROFAIYANA,EFFECT_AVATAROFAIYANA,"Gain ${ICON_RUNE2}.<br>This turn, you may acquire Heroes in the center row by paying ${ICON_RUNE} equal to their ${ICON_HONOR} instead of paying their ${ICON_RUNE} cost.",获得${ICON_RUNE2}.<br>本回合， 你可以获取中央牌列的英雄支付等同于其 ${ICON_HONOR} 的 ${ICON_RUNE}，而非其 ${ICON_RUNE} 费用.,draft,pass11
car_37f35b375fd8,cards_sheet,key,EFFECT_AVATAROFTHEFALLEN10TH,EFFECT_AVATAROFTHEFALLEN10TH,<b>Unbanishable</b>.<br>${LABEL_REWARD} Gain ${ICON_HONOR4}. You may acquire or defeat any card in the center row for free.,<b>不可放逐</b>.<br>${LABEL_REWARD} 获得${ICON_HONOR4}. 你可以获取或击败中央牌列的任意卡牌无需支付费用.,draft,pass9c
car_1f9ae9f3802b,cards_sheet,key,EFFECT_AZERAXNYXSCHOSEN,EFFECT_AZERAXNYXSCHOSEN,Gain ${ICON_POWER6}.<br>You may banish any number of cards in your hand and/or discard pile.,获得${ICON_POWER6}.<br>你可以放逐任意数量的 卡牌在你的手牌中和/或弃牌堆.,draft,
car_e42ebc760354,cards_sheet,key,EFFECT_AZERAXOFTHEBLACKWATCH,EFFECT_AZERAXOFTHEBLACKWATCH,Gain ${ICON_POWER4}.<br>You may banish a card in your hand or discard pile.,获得${ICON_POWER4}.<br>你可以从你的手牌或弃牌堆放逐一张卡牌.,draft,pass9b
car_7f24fd3038f0,cards_sheet,key,EFFECT_AZURITECHANNELER,EFFECT_AZURITECHANNELER,"Banish a card in your hand and replace it with a Mystic or Heavy Infantry.<br>${LABEL_PLUNDER}This turn, if you acquire a card AND defeat a Monster, both in the center row, gain ${ICON_INSIGHT2}.","从你的手牌放逐一张卡牌并将其替换以 秘教士或 重装步兵.<br>${LABEL_PLUNDER}本回合， 若你 获取卡牌和 击败一个怪物, 两者在中央牌列, 获得${ICON_INSIGHT2}.",draft,pass9b;pass11
car_38a43d71b625,cards_sheet,key,EFFECT_BAMTRIBEGREMLINS,EFFECT_BAMTRIBEGREMLINS,"${LABEL_REWARD} Gain ${ICON_HONOR2}.<br>${LABEL_INFEST} When you defeat Bam Tribe Gremlins, you may put it into a player's discard pile.<br><i>(Monsters have no effect when played from hand.)</i>","${LABEL_REWARD} 获得${ICON_HONOR2}.<br>${LABEL_INFEST} 当你击败巴姆部落小妖们, 你可以将其放入一名玩家的弃牌堆.<br><i>(从手牌打出时怪物没有效果.)</i>",draft,pass9b
car_02fe85c80714,cards_sheet,key,EFFECT_BATTERYMONK,EFFECT_BATTERYMONK,You may pay ${ICON_RUNE1} less the next time you acquire a Construct this turn.<br>Draw a card.,你可以少支付 ${ICON_RUNE1}下次你获取神器本回合.<br>抽一张牌.,draft,pass9b
car_19c30dccda5b,cards_sheet,key,EFFECT_BATTERYMONKETER,EFFECT_BATTERYMONKETER,Draw a card..<br>You may pay ${ICON_RUNE1} less the next time you acquire a Construct this turn.,抽一张牌。<br>你可以少支付 ${ICON_RUNE1}下次你获取神器本回合.,draft,pass9b
car_343d4d0a9661,cards_sheet,key,EFFECT_BAZUDUKEOFSCORN,EFFECT_BAZUDUKEOFSCORN,${LABEL_REWARD} Gain ${ICON_HONOR4}.  Each opponent either discards a card for each Construct they control or puts all Constructs into their discard pile.,${LABEL_REWARD} 获得${ICON_HONOR4}. 每位对手要么弃一张牌以 每个神器其控制的要么放置所有神器置入其弃牌堆.,draft,pass9b;pass11b
car_4e3bd0479219,cards_sheet,key,EFFECT_BEACONOFTHELOST,EFFECT_BEACONOFTHELOST,"${LABEL_ECHO} Once per turn, gain ${ICON_POWER1}. <i>(Gain this effect if there is a Void card in your discard pile.)</i>",${LABEL_ECHO} 每回合一次，获得${ICON_POWER1}. <i>(获得此效果若 存在虚空卡牌在你的弃牌堆.)</i>,draft,
car_50b4dad5713b,cards_sheet,key,EFFECT_BEACONSHAMAN,EFFECT_BEACONSHAMAN,"Reveal the top card of your deck and put it in your hand. If it is a Treasure, gain ${ICON_HONOR3}.","展示你牌库顶的卡牌并将其放入你的手牌. 若它 为宝藏, 获得${ICON_HONOR3}.",draft,pass9b;pass11
car_6d467cabe650,cards_sheet,key,EFFECT_BEASTSTAFF,EFFECT_BEASTSTAFF,"Once per turn, gain ${ICON_POWER1}.<br>Once per turn, you may pay ${ICON_RUNE1} to reveal the top card of your deck. Gain ${ICON_HONOR} equal to its ${ICON_HONOR} value.",每回合一次，获得${ICON_POWER1}.<br>每回合一次，你可以支付 ${ICON_RUNE1} 以展示你牌库顶的卡牌. 获得${ICON_HONOR} 等同于 其 ${ICON_HONOR} 值.,draft,pass11
car_3ba914910232,cards_sheet,key,EFFECT_BELTHARSOULCOLLECTOR,EFFECT_BELTHARSOULCOLLECTOR,"Gain ${ICON_POWER3}.<br>The next time you defeat a Monster in the center row this turn, gain ${ICON_RUNE3}.","获得${ICON_POWER3}.<br>本回合下次你在中央牌列击败怪物时, 获得${ICON_RUNE3}.",draft,pass9c
car_54a67ac281f6,cards_sheet,key,EFFECT_BERSERKERFRENZY,EFFECT_BERSERKERFRENZY,"If you have defeated three or more Monsters in the center row this turn, you may acquire this without paying its cost.<br>Gain ${ICON_HONOR10}.<br>${LABEL_ONGOING} Once per turn, when you defeat a Monster, double its ${ICON_HONOR} reward.","若你 拥有被击败本回合在中央牌列击败三只或更多怪物, 你可以无需支付费用获取此牌.<br>获得${ICON_HONOR10}.<br>${LABEL_ONGOING} 每回合一次，当你击败一个怪物时， 将其 ${ICON_HONOR} 奖励翻倍.",draft,pass9b;pass11
car_953f40f99ccd,cards_sheet,key,EFFECT_BETRAYEDTEMPLAR,EFFECT_BETRAYEDTEMPLAR,${LABEL_REWARD} Gain ${ICON_HONOR5}. You may defeat a Monster in the center row with cost ${ICON_POWER5} or less without paying its cost.,${LABEL_REWARD} 获得${ICON_HONOR5}. 你可以在中央牌列击败一个怪物以 费用 ${ICON_POWER5} 或更低无需支付费用.,draft,pass11
car_f7258d6280bc,cards_sheet,key,EFFECT_BLACKHOLE,EFFECT_BLACKHOLE,"Once per turn, you may banish a card in your hand.  If you do, gain ${ICON_POWER1}.",每回合一次，你可以从你的手牌放逐一张卡牌. 若如此做，获得${ICON_POWER1}.,draft,pass9b
car_0607dc79f727,cards_sheet,key,EFFECT_BLACKWATCHDREAMER,EFFECT_BLACKWATCHDREAMER,"${LABEL_PHANTASM}While this is in the center row, you may pay ${ICON_INSIGHT2} to banish and play this.<br>Gain ${ICON_POWER1}. You may banish a card in your hand or discard pile.","${LABEL_PHANTASM}当此牌在中央牌列, 你可以支付 ${ICON_INSIGHT2} 放逐并打出此牌.<br>获得${ICON_POWER1}. 你可以从你的手牌或弃牌堆放逐一张卡牌.",draft,pass9b;pass9c
car_8186126b52ca,cards_sheet,key,EFFECT_BLACKWATCHELITE,EFFECT_BLACKWATCHELITE,Gain ${ICON_POWER3}.<br>You may banish a card in your hand or discard pile.,获得${ICON_POWER3}.<br>你可以从你的手牌或弃牌堆放逐一张卡牌.,draft,pass9b
car_c26d96d0f136,cards_sheet,key,EFFECT_BLACKWATCHEXEMPLAR,EFFECT_BLACKWATCHEXEMPLAR,Gain ${ICON_POWER3}.<br>${LABEL_MULTIUNITE} You may banish a card in your discard pile.,获得${ICON_POWER3}.<br>${LABEL_MULTIUNITE} 你可以从你的弃牌堆放逐一张卡牌.,draft,pass11
car_ab2383745f20,cards_sheet,key,EFFECT_BLACKWATCHVANQUISHER,EFFECT_BLACKWATCHVANQUISHER,Gain ${ICON_POWER2}.,获得${ICON_POWER2}.,draft,
car_8757cdc07cc5,cards_sheet,key,EFFECT_BLASTGOGGLES,EFFECT_BLASTGOGGLES,"Once per turn, if you control five or more Mechana Constructs, gain ${ICON_HONOR5}.","每回合一次，若你控制的五 或更高机械神器, 获得${ICON_HONOR5}.",draft,
car_7b756cd343db,cards_sheet,key,EFFECT_BLEAKTOAD,EFFECT_BLEAKTOAD,${LABEL_REWARD} Gain ${ICON_HONOR4}. You may banish a card in your hand or discard pile. You may pay ${ICON_INSIGHT2} to banish an additional card in your hand or discard pile.,${LABEL_REWARD} 获得${ICON_HONOR4}. 你可以从你的手牌或弃牌堆放逐一张卡牌. 你可以支付 ${ICON_INSIGHT2} 以放逐额外的卡牌在你的手牌或弃牌堆.,draft,pass9b
car_7898add2f9cf,cards_sheet,key,EFFECT_BLINDSEER,EFFECT_BLINDSEER,Draw a card.<br>${LABEL_SERENITY} Gain ${ICON_LIFE}. <i>(Gain this effect if there are no cards in your discard pile.)</i>,抽一张牌.<br>${LABEL_SERENITY} 获得${ICON_LIFE}. <i>(获得此效果若 那里为 没有卡牌在你的弃牌堆.)</i>,draft,
car_7aeba2a5ac04,cards_sheet,key,EFFECT_BOMBCRAFTER,EFFECT_BOMBCRAFTER,"Draw a card.<br>Gain ${ICON_POWER2}, then banish this.","抽一张牌.<br>获得${ICON_POWER2}, 然后放逐此牌.",draft,
car_f421d626e101,cards_sheet,key,EFFECT_BOON:CETRA,EFFECT_BOON:CETRA,"Once this turn, you may put a Hero from your discard pile on top of your deck.","本回合一次, 你可以放置英雄从 你的弃牌堆放到你的牌库顶.",draft,pass9b
car_8aafd58da83c,cards_sheet,key,EFFECT_BOON:KOR,EFFECT_BOON:KOR,"Once this turn, gain ${ICON_RUNE2}.","本回合一次, 获得${ICON_RUNE2}.",draft,pass9b
car_a8a7ef69e8d1,cards_sheet,key,EFFECT_BOON:MASTERDHARTHA,EFFECT_BOON:MASTERDHARTHA,"Once this turn, draw a card.","本回合一次, 抽一张牌.",draft,pass9b
car_c977edff3448,cards_sheet,key,EFFECT_BOON:NAKA,EFFECT_BOON:NAKA,"Once this turn, you may banish a card you played this turn.","本回合一次, 你可以放逐一张本回合已打出的卡牌.",draft,pass9b
car_ceb7b2fa4145,cards_sheet,key,EFFECT_BOONCETRA,EFFECT_BOONCETRA,"Once this turn, you may put a Hero from your discard pile on top of your deck.","本回合一次, 你可以放置英雄从 你的弃牌堆放到你的牌库顶.",draft,pass9b
car_fad619f9547a,cards_sheet,key,EFFECT_BOONEMRI,EFFECT_BOONEMRI,"Once this turn, gain ${ICON_POWER2}.","本回合一次, 获得${ICON_POWER2}.",draft,pass9b
car_5c4e03e06d50,cards_sheet,key,EFFECT_BOONKOR,EFFECT_BOONKOR,"Once this turn, gain ${ICON_RUNE2}.","本回合一次, 获得${ICON_RUNE2}.",draft,pass9b
car_dbf449b67015,cards_sheet,key,EFFECT_BOONMASTERDHARTHA,EFFECT_BOONMASTERDHARTHA,"Once this turn, draw a card.","本回合一次, 抽一张牌.",draft,pass9b
car_242cb27764d3,cards_sheet,key,EFFECT_BOONNAIRA,EFFECT_BOONNAIRA,"Once this turn, gain ${ICON_HONOR2}.","本回合一次, 获得${ICON_HONOR2}.",draft,pass9b
car_ab90ad29e546,cards_sheet,key,EFFECT_BOONNAKA,EFFECT_BOONNAKA,"Once this turn, you may banish a card you played this turn.","本回合一次, 你可以放逐一张本回合已打出的卡牌.",draft,pass9b
car_153557116e20,cards_sheet,key,EFFECT_BOONPRIME,EFFECT_BOONPRIME,"Once this turn, you may return a Construct from your discard pile to your hand.","本回合一次, 你可以返回神器从 你的弃牌堆以 你的手牌.",draft,pass9b
car_caecdd4ebe3b,cards_sheet,key,EFFECT_BOONULU,EFFECT_BOONULU,"Once this turn, gain ${ICON_RENOWN1} in another faction.","本回合一次, 获得${ICON_RENOWN1} 在另一派系.",draft,pass9b
car_37ed57547e12,cards_sheet,key,EFFECT_BORDERLANDMERCENARY,EFFECT_BORDERLANDMERCENARY,Draw a card.<br>Name a faction. This Hero counts as that faction this turn.,抽一张牌.<br>命名派系. 此英雄视为该 派系本回合.,draft,pass9b
car_a211e9edf02a,cards_sheet,key,EFFECT_BORDERLANDNIHILIST,EFFECT_BORDERLANDNIHILIST,${LABEL_REWARD} Transform this into Borderland Mercenary and acquire it.,${LABEL_REWARD} 将此牌转化为边地佣兵并获取它.,draft,pass9c
car_6d9d77708d9d,cards_sheet,key,EFFECT_BRAINSTORMSENTRY,EFFECT_BRAINSTORMSENTRY,Gain ${ICON_RUNE1} and ${ICON_POWER1} for each Mechana Construct you control.,获得${ICON_RUNE1} 和 ${ICON_POWER1} 你控制的每件机械神器.,draft,pass9c
car_a17494b5ff90,cards_sheet,key,EFFECT_BRAMBLEELEMENTAL,EFFECT_BRAMBLEELEMENTAL,${LABEL_REWARD} Gain ${ICON_HONOR5}. You may banish a card in your hand or discard pile.,${LABEL_REWARD} 获得${ICON_HONOR5}. 你可以从你的手牌或弃牌堆放逐一张卡牌.,draft,pass9b
car_4f253bed58a8,cards_sheet,key,EFFECT_BRAZERDRONE,EFFECT_BRAZERDRONE,Gain ${ICON_RUNE1}.<br>You may return a Construct from your discard pile to your hand.,获得${ICON_RUNE1}.<br>你可以返回神器从 你的弃牌堆以 你的手牌.,draft,
car_e16c2e8c9cf6,cards_sheet,key,EFFECT_BRINGEROFDESPAIR,EFFECT_BRINGEROFDESPAIR,Gain ${ICON_POWER2}.<br>${LABEL_UNITE} Double your ${ICON_POWER}.,获得${ICON_POWER2}.<br>${LABEL_UNITE} 将你的 ${ICON_POWER} 翻倍。,draft,pass12
car_487dc1631fcc,cards_sheet,key,EFFECT_BRINGEROFHOPE,EFFECT_BRINGEROFHOPE,"Banish a card in your hand. If you do, add a Mystic AND a Heavy Infantry to your hand.",从你的手牌放逐一张卡牌. 若如此做，加入秘教士和 重装步兵以 你的手牌.,draft,pass9b
car_9c242758f8c0,cards_sheet,key,EFFECT_BROTHERLAIAS,EFFECT_BROTHERLAIAS,"Empower <i>(When you acquire this, you may banish a card you have played this turn.)</i><br>When you acquire Brother Laias, put it into your hand if you have played a Mystic this turn.<br>Draw two cards.","赋力 <i>(当你获取此牌时，你可以放逐一张已打出的卡牌本回合.)</i><br>当你获取修士莱亚斯, 将其放入你的手牌若 你已打出秘教士本回合.<br>抽两张牌.",draft,pass9b;pass9c;pass11
car_204eae53d3e4,cards_sheet,key,EFFECT_BROTHERMARIUS,EFFECT_BROTHERMARIUS,Gain ${ICON_RUNE1}.<br>Gain an additional ${ICON_RUNE1} for each faction among Constructs you control.,获得${ICON_RUNE1}.<br>获得额外的 ${ICON_RUNE1} 你控制的每个派系在神器之中.,draft,pass9c
car_b06bbb111eca,cards_sheet,key,EFFECT_BURIALGUARDIAN,EFFECT_BURIALGUARDIAN,"Gain ${ICON_RUNE2}.<br>The next time you acquire a Lifebound card this turn, gain ${ICON_DEATH}.","获得${ICON_RUNE2}.<br>下次你获取命约卡牌本回合, 获得${ICON_DEATH}.",draft,pass9b
car_351ce5aed46c,cards_sheet,key,EFFECT_BURROWERMARKII,EFFECT_BURROWERMARKII,<sprite=136>,每回合你首次将机械神器进入战场时（包括此牌），抽一张牌。,draft,
car_b0d96b69b521,cards_sheet,key,EFFECT_BURROWERMARKII10TH,EFFECT_BURROWERMARKII10TH,"Once per turn, when you play a Mechana Construct (including this one), draw a card.","每回合一次，当你打出机械神器 (包括此牌), 抽一张牌.",draft,pass9b
car_50c4a505a061,cards_sheet,key,EFFECT_CAARODESERTBREAKER,EFFECT_CAARODESERTBREAKER,"${LABEL_REWARD} Gain ${ICON_HONOR4}. For each opponent, you choose and destroy a Construct they control.<br>${LABEL_DREAMBIND} ${ICON_INSIGHT2}",${LABEL_REWARD} 获得${ICON_HONOR4}. 对每位对手，选择并摧毁其控制的一件神器.<br>${LABEL_DREAMBIND} ${ICON_INSIGHT2},draft,pass9c
car_97e231d00ded,cards_sheet,key,EFFECT_CACKLECASTWRETCH,EFFECT_CACKLECASTWRETCH,"If you have gained ${ICON_ENERGY4} or more this turn, you may defeat this without paying its cost.<br>${LABEL_REWARD} Gain ${ICON_HONOR4}.","若你 拥有已获得 ${ICON_ENERGY4} 或更高本回合, 你可以击败此 无需支付费用.<br>${LABEL_REWARD} 获得${ICON_HONOR4}.",draft,
car_648b652a4f81,cards_sheet,key,EFFECT_CACKLINGJACKAL,EFFECT_CACKLINGJACKAL,${LABEL_REWARD} Gain ${ICON_HONOR2}.,${LABEL_REWARD} 获得${ICON_HONOR2}.,draft,
car_8e5f28a03f94,cards_sheet,key,EFFECT_CALLOFDARKNESS,EFFECT_CALLOFDARKNESS,Banish up to 5 cards in your hand or discard pile.,放逐至多 5 卡牌在你的手牌或弃牌堆.,draft,
car_7d54f5a094ec,cards_sheet,key,EFFECT_CANONTEMPLAR,EFFECT_CANONTEMPLAR,Gain ${ICON_RUNE2}.<br>You may defeat a Monster with ${ICON_POWER} cost less than or equal to the ${ICON_RUNE} cost of a Construct you control.,获得${ICON_RUNE2}.<br>你可以击败一个怪物以 ${ICON_POWER} 费用低于或 等同于 ${ICON_RUNE} 费用的 神器你控制的.,draft,pass11
car_a7671b1a959f,cards_sheet,key,EFFECT_CANOPICJAR,EFFECT_CANOPICJAR,"Once per turn, gain ${ICON_POWER1}.<br>Once per turn, when you defeat a Monster in the center row, gain ${ICON_RUNE1}.","每回合一次，获得${ICON_POWER1}.<br>每回合一次，当你在中央牌列击败一个怪物, 获得${ICON_RUNE1}.",draft,pass9b;pass11
car_1fb5f6fa99f1,cards_sheet,key,EFFECT_CANOPYSANCTUARY,EFFECT_CANOPYSANCTUARY,"Once per turn, you may reveal the top card of your deck and put it in your hand. If it is Enlightened or Lifebound, gain ${ICON_HONOR3}.","每回合一次，你可以展示你牌库顶的卡牌并将其放入你的手牌. 若它 为圣贤或 命约, 获得${ICON_HONOR3}.",draft,pass9b;pass11
car_b916d6acf411,cards_sheet,key,EFFECT_CARETAKERZAHRAL,EFFECT_CARETAKERZAHRAL,"Gain ${ICON_RUNE3}.<br>The next time you acquire a Hero this turn, you may put it on top of your deck.","获得${ICON_RUNE3}.<br>下次你获取一个英雄本回合, 你可以将它放置放到你的牌库顶.",draft,
car_4ce102821726,cards_sheet,key,EFFECT_CAUSTICCONJURER,EFFECT_CAUSTICCONJURER,Gain ${ICON_INSIGHT1}.<br>You may banish a card in your hand or discard pile.,获得${ICON_INSIGHT1}.<br>你可以从你的手牌或弃牌堆放逐一张卡牌.,draft,pass9b
car_affacf616f16,cards_sheet,key,EFFECT_CAVERNCREEPER,EFFECT_CAVERNCREEPER,${LABEL_REWARD} Gain ${ICON_HONOR1} and ${ICON_RUNE1}.,${LABEL_REWARD} 获得${ICON_HONOR1} 和 ${ICON_RUNE1}.,draft,
car_3100625de94c,cards_sheet,key,EFFECT_CAVERNHORROR,EFFECT_CAVERNHORROR,${LABEL_REWARD} Gain ${ICON_HONOR1}. You may shuffle your discard pile into your deck. <i>(Cards played this turn do not go to your discard pile until the end of the turn.)</i>,${LABEL_REWARD} 获得${ICON_HONOR1}. 你可以洗牌你的弃牌堆置入你的牌库. <i>(卡牌本回合已打出不 进入以 你的弃牌堆直到结束时回合.)</i>,draft,pass9b
car_dc2c33443f10,cards_sheet,key,EFFECT_CELLBLOCKE,EFFECT_CELLBLOCKE,"When you defeat a Monster in the center row or play a Monster, you may put it directly into play and treat it as a Mechana Construct.","当你在中央牌列击败一个怪物或 打出怪物, 你可以将其直接进入战场和 视为它作为机械神器.",draft,pass9b;pass11
car_642014cdf007,cards_sheet,key,EFFECT_CETRABENEFACTOROFALL,EFFECT_CETRABENEFACTOROFALL,"Starting with you, and then going in turn order, each player acquires a Hero without paying its cost. The Heroes acquired this way are put on top of their owners' decks.",从你开始，然后按回合顺序，每位玩家无需支付费用获取一张英雄。以此方式获取的英雄放在其拥有者的牌库顶。,draft,pass12
car_29b7c6fbd545,cards_sheet,key,EFFECT_CETRACELESTIALBODY,EFFECT_CETRACELESTIALBODY,Gain ${ICON_HONOR} equal to the total ${ICON_HONOR} of all Heroes and Constructs in the center row.,获得${ICON_HONOR} 等同于总 ${ICON_HONOR} 的所有中央牌列的英雄与神器.,draft,pass9b;pass11
car_85b2fbd90166,cards_sheet,key,EFFECT_CETRAGUIDEOFOGO,EFFECT_CETRAGUIDEOFOGO,Acquire all Heroes in the center row without paying their costs. Put them on top of your deck in any order.,获取中央牌列的所有英雄无需支付费用. 以任意顺序将它们放在你的牌库顶.,draft,pass11
car_cdc005eb82f3,cards_sheet,key,EFFECT_CETRAMATRONOFSTARS,EFFECT_CETRAMATRONOFSTARS,Acquire a Hero without paying its cost. Put it on top of your deck.<br>${LABEL_MULTIUNITE} You may repeat this.,获取一个英雄无需支付费用. 将它放置放到你的牌库顶.<br>${LABEL_MULTIUNITE} 你可以重复此.,draft,
car_7c3540930f0a,cards_sheet,key,EFFECT_CETRASRESPITE,EFFECT_CETRASRESPITE,Acquire a Hero in the center row without paying its cost.,无需支付费用获取中央牌列的一张英雄.,draft,pass11b
car_21c86af571eb,cards_sheet,key,EFFECT_CETRASTRIAL,EFFECT_CETRASTRIAL,"Heroes in the center row cost ${ICON_RUNE1} less to acquire (to a minimum of ${ICON_RUNE1}).<br>Pay ${ICON_RUNE8}: Transform this into Cetra, Celestial Body and acquire it.",中央牌列英雄的获取费用降低 ${ICON_RUNE1}（最低 ${ICON_RUNE1}）.<br>支付 ${ICON_RUNE8}: 将此牌转化为天体塞特拉并获取它.,draft,pass9c;pass11
car_74c9508d01c1,cards_sheet,key,EFFECT_CETRAVOIDMOTHER,EFFECT_CETRAVOIDMOTHER,"Gain ${ICON_POWER4}.<br>The next time you defeat a Monster in the center row this turn, you may acquire a Hero without paying its cost and put it on top of your deck.","获得${ICON_POWER4}.<br>本回合下次你在中央牌列击败怪物时, 你可以获取一个英雄无需支付费用并将其放置放到你的牌库顶.",draft,pass9b;pass9c
car_f7051906c856,cards_sheet,key,EFFECT_CETRAWEAVEROFSTARS,EFFECT_CETRAWEAVEROFSTARS,<sprite=9>,获取任意一个英雄。将其放到你的牌库顶。,draft,
car_11ac41397fee,cards_sheet,key,EFFECT_CETRAWEAVEROFSTARS10TH,EFFECT_CETRAWEAVEROFSTARS10TH,Acquire a Hero without paying its cost.  Place it on top of your deck.,获取一个英雄无需支付费用. 将它放到你的牌库顶.,draft,
car_7dba7362a95b,cards_sheet,key,EFFECT_CHAOSCANNON,EFFECT_CHAOSCANNON,"Once per turn, you may pay ${ICON_INSIGHT5} to gain ${ICON_POWER10}. You may pay ${ICON_INSIGHT1} less to use this ability for each other Mechana Construct you control.",每回合一次，你可以支付 ${ICON_INSIGHT5} 获得 ${ICON_POWER10}。你控制的每件其他机械神器，使使用此异能少支付 ${ICON_INSIGHT1}。,draft,pass9b;pass12
car_e9937f79ba6d,cards_sheet,key,EFFECT_CHAOSRIDER,EFFECT_CHAOSRIDER,Gain ${ICON_POWER3}.<br>You may return a Void card from your discard pile to your hand.,获得${ICON_POWER3}.<br>你可以返回虚空卡牌从 你的弃牌堆以 你的手牌.,draft,
car_31e6ab071e83,cards_sheet,key,EFFECT_CHAOTICCANNON,EFFECT_CHAOTICCANNON,"Once per turn, discard the top card of your deck to gain ${ICON_POWER} equal to its ${ICON_HONOR} value.<br>If it is a Mechana Construct, put it in your hand.","每回合一次，弃掉你牌库顶的卡牌以 获得${ICON_POWER} 等同于 其 ${ICON_HONOR} 值.<br>若它 为机械神器, 将它放置在你的手牌中.",draft,pass11
car_8a3c32722d48,cards_sheet,key,EFFECT_CHARGINGCHAMBER,EFFECT_CHARGINGCHAMBER,"Once per turn, when you play a Mechana Construct (including this one), gain ${ICON_ENERGY1}.","每回合一次，当你打出机械神器 (包括此牌), 获得${ICON_ENERGY1}.",draft,pass9b
car_7ac70180b6d9,cards_sheet,key,EFFECT_CHEERFULCONSORT,EFFECT_CHEERFULCONSORT,Gain ${ICON_HONOR1}.<br>Draw a card.,获得${ICON_HONOR1}.<br>抽一张牌.,draft,
car_f8fe466903a9,cards_sheet,key,EFFECT_CHEERFULCONSORTETER,EFFECT_CHEERFULCONSORTETER,Gain ${ICON_HONOR1}.<br>Draw a card.,获得${ICON_HONOR1}.<br>抽一张牌.,draft,
car_1cba3cd39069,cards_sheet,key,EFFECT_CHRONICLEOFVIGIL,EFFECT_CHRONICLEOFVIGIL,"Once per turn, gain ${ICON_HONOR1} for each faction among Constructs you control. (This card has no faction.)",每回合一次，获得${ICON_HONOR1} 你控制的每个派系在神器之中. (此卡牌具有没有派系.),draft,pass9c
car_115ad7fc9bfc,cards_sheet,key,EFFECT_CLAWSOFDEOFUL,EFFECT_CLAWSOFDEOFUL,${LABEL_REWARD} Gain ${ICON_HONOR4}. Gain ${ICON_RENOWN1} in any faction.,${LABEL_REWARD} 获得${ICON_HONOR4}. 获得${ICON_RENOWN1} 在任意派系.,draft,
car_9a574413631a,cards_sheet,key,EFFECT_CLOCKWORKBLADE,EFFECT_CLOCKWORKBLADE,"Once per turn, when you play a Mechana Construct (including this one), gain ${ICON_POWER1} for each Mechana Construct your control.","每回合一次，当你打出机械神器 (包括此牌), 获得${ICON_POWER1} 以每个机械神器你的控制.",draft,pass9b
car_bee68c536359,cards_sheet,key,EFFECT_CLOCKWORKFAMILIAR,EFFECT_CLOCKWORKFAMILIAR,"Once per turn, when you play a Mechana Construct (including this one), gain ${ICON_RUNE1} for each Mechana Construct your control.","每回合一次，当你打出机械神器 (包括此牌), 获得${ICON_RUNE1} 以每个机械神器你的控制.",draft,pass9b
car_362843efd1be,cards_sheet,key,EFFECT_CLOCKWORKHELM,EFFECT_CLOCKWORKHELM,"Once per turn, when you play a Mechana Construct (including this one), gain ${ICON_INSIGHT1} for each Mechana Construct your control.","每回合一次，当你打出机械神器 (包括此牌), 获得${ICON_INSIGHT1} 以每个机械神器你的控制.",draft,pass9b
car_a278c01aea61,cards_sheet,key,EFFECT_CLOCKWORKSENTRY,EFFECT_CLOCKWORKSENTRY,"Gain ${ICON_POWER2}.<br>If you control two or more Constructs, gain an additional ${ICON_POWER2}.",获得${ICON_POWER2}.<br>若你控制两件或更多神器， 获得额外的 ${ICON_POWER2}.,draft,pass9b;pass9c
car_d112e4ec92eb,cards_sheet,key,EFFECT_CLOCKWORKSHIELD,EFFECT_CLOCKWORKSHIELD,"Once per turn, when you play a Mechana Construct (including this one), gain ${ICON_HONOR1} for each Mechana Construct your control.","每回合一次，当你打出机械神器 (包括此牌), 获得${ICON_HONOR1} 以每个机械神器你的控制.",draft,pass9b
car_75a9da36c783,cards_sheet,key,EFFECT_CLUTCHOFDARKNESS,EFFECT_CLUTCHOFDARKNESS,"Once per turn, gain ${ICON_POWER2}.",每回合一次，获得${ICON_POWER2}.,draft,
car_38add1fad41c,cards_sheet,key,EFFECT_COGMAW,EFFECT_COGMAW,"Once per turn, you may destroy a Mechana Construct you control to gain ${ICON_RUNE1}. If the current event is Mechana, gain an additional ${ICON_RUNE1}.","每回合一次，你可以摧毁机械神器你控制的以 获得${ICON_RUNE1}. 若当前事件为 机械, 获得额外的 ${ICON_RUNE1}.",draft,
car_e2a1308dab49,cards_sheet,key,EFFECT_COGNITIONCOURIER,EFFECT_COGNITIONCOURIER,Gain ${ICON_RUNE2}.,获得${ICON_RUNE2}.,draft,
car_fa577b35705c,cards_sheet,key,EFFECT_COMBUSTIONIDOL,EFFECT_COMBUSTIONIDOL,"Once per turn, you may draw a card if you control three or more Mechana Constructs.",每回合一次，你可以若你控制的三 或更高机械神器.,draft,pass11
car_bb5ae9db2ff0,cards_sheet,key,EFFECT_COMBUSTIONIDOLETER,EFFECT_COMBUSTIONIDOLETER,"Once per turn, if you control three or more Mechana Constructs, you may draw a card.","每回合一次，若你控制的三 或更高机械神器, 你可以抽一张牌.",draft,
car_21446d99371f,cards_sheet,key,EFFECT_CONDUITMONK,EFFECT_CONDUITMONK,"Empower <i>(When you acquire this, you may banish a card you have played this turn.)</i><br>Gain ${ICON_RUNE3}.<br>You are considered to control two additional Mechana Constructs this turn.",赋力 <i>(当你获取此牌时，你可以放逐一张已打出的卡牌本回合.)</i><br>获得${ICON_RUNE3}.<br>你为 视为以 控制两 额外的机械神器本回合.,draft,pass9b;pass9c;pass11
car_cb39dbd067d8,cards_sheet,key,EFFECT_CONSTRICTINGHORROR,EFFECT_CONSTRICTINGHORROR,${LABEL_REWARD} Gain ${ICON_HONOR4}. Reveal cards from the center deck until you reveal a Hero. Acquire that Hero without paying its cost and banish each other card revealed this way.,${LABEL_REWARD} 获得${ICON_HONOR4}. 展示卡牌从中央牌库直到你 展示英雄. 获取该 英雄无需支付费用和 放逐每个其他卡牌已展示以此方式.,draft,
car_433455ff595a,cards_sheet,key,EFFECT_CONTROLROOM,EFFECT_CONTROLROOM,"Once per turn, you may put a Mechana Construct you control on top of the center deck. If you do, acquire a Mechana Construct in the center row and put it in your hand.",每回合一次，你可以将你控制的一件机械神器放在传送门牌库顶. 若如此做，获取中央牌列的机械神器并将其放入你的手牌.,draft,pass9b;pass11
car_5bf26ba95bfc,cards_sheet,key,EFFECT_CONTROLSMITH,EFFECT_CONTROLSMITH,"Gain ${ICON_RUNE2}. If you control a Transformed Construct, draw a card.","获得${ICON_RUNE2}. 若你控制的已转化神器, 抽一张牌.",draft,
car_b300707b90de,cards_sheet,key,EFFECT_CONVERSIONPORT,EFFECT_CONVERSIONPORT,You may treat all Constructs as though they are all factions.,你可以将所有神器作为如同他们为 所有派系.,draft,pass9b
car_0b53eee2b256,cards_sheet,key,EFFECT_CORITEMECHANADON,EFFECT_CORITEMECHANADON,"${LABEL_PHANTASM}While this is in the center row, you may pay ${ICON_INSIGHT2} to banish and play this.<br>Gain ${ICON_RUNE1} and ${ICON_POWER1}.","${LABEL_PHANTASM}当此牌在中央牌列, 你可以支付 ${ICON_INSIGHT2} 放逐并打出此牌.<br>获得${ICON_RUNE1} 和 ${ICON_POWER1}.",draft,pass9b;pass9c
car_eafece3162a0,cards_sheet,key,EFFECT_CORRECTIONOFCREATION,EFFECT_CORRECTIONOFCREATION,${LABEL_REWARD} Gain ${ICON_HONOR2}. You may banish a card from your hand or discard pile.,${LABEL_REWARD} 获得${ICON_HONOR2}. 你可以从你的手牌放逐一张卡牌或 弃牌堆.,draft,pass9b
car_163eb857608f,cards_sheet,key,EFFECT_CORROSIVEWIDOW,EFFECT_CORROSIVEWIDOW,<sprite=117>,奖励：获得3荣誉。每位对手须将其控制的一张神器置入弃牌堆。,draft,
car_66d72b80cfc5,cards_sheet,key,EFFECT_CORROSIVEWIDOW10TH,EFFECT_CORROSIVEWIDOW10TH,${LABEL_REWARD} Gain ${ICON_HONOR3}.  Each opponent must choose and destroy a Construct they control.,${LABEL_REWARD} 获得${ICON_HONOR3}. 每位对手须选择和 摧毁一个神器其控制的.,draft,
car_6669b1c7bfda,cards_sheet,key,EFFECT_CORROSIVEWIDOWETER,EFFECT_CORROSIVEWIDOWETER,${LABEL_REWARD} Gain ${ICON_HONOR3}.  Each opponent must choose and destroy a Construct they control.,${LABEL_REWARD} 获得${ICON_HONOR3}. 每位对手须选择和 摧毁一个神器其控制的.,draft,
car_c0bddf36972d,cards_sheet,key,EFFECT_CORRUPTEDSAGE,EFFECT_CORRUPTEDSAGE,${LABEL_REWARD} Gain ${ICON_HONOR2}. Draw a card.<br>${LABEL_RALLY_ENLIGHTENED}.,${LABEL_REWARD} 获得${ICON_HONOR2}. 抽一张牌.<br>${LABEL_RALLY_ENLIGHTENED}.,draft,
car_e63d68e9773e,cards_sheet,key,EFFECT_COSMICPROTOCOL,EFFECT_COSMICPROTOCOL,"When a player acquires a Mechana Construct, that player may put it directly into play.<br>${LABEL_EVENT_TROPHY} You pay ${ICON_RUNE2} less to acquire your next Mechana Construct this turn.","当玩家获取机械神器, 该玩家可以将其直接进入战场.<br>${LABEL_EVENT_TROPHY} 你少支付 ${ICON_RUNE2}以 获取你的下一机械神器本回合.",draft,pass9b
car_6dd7fe88300b,cards_sheet,key,EFFECT_CRYPTLURKER,EFFECT_CRYPTLURKER,${LABEL_REWARD} Gain ${ICON_HONOR3}. Gain ${ICON_DEATH}.,${LABEL_REWARD} 获得${ICON_HONOR3}. 获得${ICON_DEATH}.,draft,
car_17d5c5d23cae,cards_sheet,key,EFFECT_CRYSTALLINEMONK,EFFECT_CRYSTALLINEMONK,Gain ${ICON_RUNE2}.<br>You may move a Treasure from underneath a card in the center row to another card in the center row.,获得${ICON_RUNE2}.<br>你可以将中央牌列某张牌下方的宝藏移到另一张中央牌列卡牌下方.,draft,pass11b
car_963c21e807aa,cards_sheet,key,EFFECT_CULTIST,EFFECT_CULTIST,<sprite=69>,奖励：获得1荣誉。,draft,
car_d3513abe5c19,cards_sheet,key,EFFECT_CULTIST10TH,EFFECT_CULTIST10TH,${LABEL_REWARD} Gain ${ICON_HONOR1}.,${LABEL_REWARD} 获得${ICON_HONOR1}.,draft,
car_e4b632e3b4b9,cards_sheet,key,EFFECT_CULTISTROV,EFFECT_CULTISTROV,${LABEL_REWARD} Gain ${ICON_HONOR1}.,${LABEL_REWARD} 获得${ICON_HONOR1}.,draft,
car_30c6a8c4d098,cards_sheet,key,EFFECT_CULTISTRU,EFFECT_CULTISTRU,${LABEL_REWARD} Gain ${ICON_HONOR1}.,${LABEL_REWARD} 获得${ICON_HONOR1}.,draft,
car_f1d4ebdae297,cards_sheet,key,EFFECT_CULTISTSOS,EFFECT_CULTISTSOS,${LABEL_REWARD} Gain ${ICON_HONOR1}.,${LABEL_REWARD} 获得${ICON_HONOR1}.,draft,
car_5f306a72dd36,cards_sheet,key,EFFECT_CULTOFTHEFALSECIRCLE,EFFECT_CULTOFTHEFALSECIRCLE,${LABEL_REWARD} Gain ${ICON_HONOR5}. You may acquire a Hero with cost ${ICON_RUNE5} or less without paying its cost.,${LABEL_REWARD} 获得${ICON_HONOR5}. 你可以无需支付费用获取费用为 ${ICON_RUNE5} 或更低的一张英雄.,draft,pass11
car_d5d56561cfb5,cards_sheet,key,EFFECT_DANDELIONWITCH,EFFECT_DANDELIONWITCH,Draw a card.<br>Gain ${ICON_HONOR1} for each Lifebound Hero you play or have played this turn (including this one).,抽一张牌.<br>获得${ICON_HONOR1} 以每个命约英雄你 打出或已打出本回合 (包括此牌).,draft,pass9b
car_321bab8f82b7,cards_sheet,key,EFFECT_DARKENERGYSHARD,EFFECT_DARKENERGYSHARD,Gain ${ICON_ENERGY1}. Draw a card.,获得${ICON_ENERGY1}. 抽一张牌.,draft,
car_c5ec5a1af9c9,cards_sheet,key,EFFECT_DARKGLADIATOR,EFFECT_DARKGLADIATOR,Gain ${ICON_POWER2}.,获得${ICON_POWER2}.,draft,
car_52d361465bc6,cards_sheet,key,EFFECT_DARKMONK,EFFECT_DARKMONK,Gain ${ICON_POWER2}.<br>${LABEL_UNITE}  Draw a card.,获得${ICON_POWER2}.<br>${LABEL_UNITE} 抽一张牌.,draft,
car_eb42ba4151da,cards_sheet,key,EFFECT_DARKTOMELIBRARIAN,EFFECT_DARKTOMELIBRARIAN,Gain ${ICON_INSIGHT2}.<br>You may banish a card in your hand or discard pile.,获得${ICON_INSIGHT2}.<br>你可以从你的手牌或弃牌堆放逐一张卡牌.,draft,pass9b
car_7954f7f5b3fd,cards_sheet,key,EFFECT_DARKWALKER,EFFECT_DARKWALKER,Gain ${ICON_POWER2}.,获得${ICON_POWER2}.,draft,
car_cb3ecced7059,cards_sheet,key,EFFECT_DAVIDPROPHETICGUIDE,EFFECT_DAVIDPROPHETICGUIDE,"Draw three cards, then put two cards from your hand on top of your deck in any order.","抽三张牌, 然后放置两 卡牌从你的手牌放到你的牌库顶在 任意秩序.",draft,
car_7416296fbfd1,cards_sheet,key,EFFECT_DAYBREAKASKARA,EFFECT_DAYBREAKASKARA,"Copy the effect of a Hero played this turn. If the Hero was Enlightened, copy that Hero's effect an additional time. This effect cannot be copied.","复制本回合打出的一张英雄的效果。 若英雄曾是圣贤, 复制该 英雄之效果额外的次. 此效果不能是 被复制.",draft,pass9b
car_1a6245388541,cards_sheet,key,EFFECT_DEADEYEASSASSIN,EFFECT_DEADEYEASSASSIN,Gain ${ICON_POWER3}.<br>Gain an additional ${ICON_POWER1} for each Void card in your discard pile.,获得${ICON_POWER3}.<br>获得额外的 ${ICON_POWER1} 以每个虚空卡牌在你的弃牌堆.,draft,
car_7cc36ca9ddb2,cards_sheet,key,EFFECT_DEATHBOUNDDRUID,EFFECT_DEATHBOUNDDRUID,Gain ${ICON_HONOR3}.<br>You may banish a card in your discard pile.,获得${ICON_HONOR3}.<br>你可以从你的弃牌堆放逐一张卡牌.,draft,pass11
car_03bd8b34dd61,cards_sheet,key,EFFECT_DEATHDEALERNOBLE,EFFECT_DEATHDEALERNOBLE,Gain ${ICON_POWER2}.<br>${LABEL_MULTIUNITE} Gain ${ICON_POWER1}. <i>(Gain this effect for each other Void Hero you play or have played this turn.)</i>,获得${ICON_POWER2}.<br>${LABEL_MULTIUNITE} 获得${ICON_POWER1}. <i>(获得此效果以 每个其他虚空英雄你 打出或已打出本回合.)</i>,draft,pass9b
car_e72df649c542,cards_sheet,key,EFFECT_DEATHFINDER,EFFECT_DEATHFINDER,${LABEL_REWARD} Gain ${ICON_HONOR2}. You may banish a card in your hand or discard pile.<br>${LABEL_RALLY_VOID}.,${LABEL_REWARD} 获得${ICON_HONOR2}. 你可以从你的手牌或弃牌堆放逐一张卡牌.<br>${LABEL_RALLY_VOID}.,draft,pass9b
car_44bfdb959d35,cards_sheet,key,EFFECT_DEATHSEEKER,EFFECT_DEATHSEEKER,"Gain ${ICON_POWER2}.<br>If this is banished from your hand or discard pile, gain ${ICON_HONOR3}.","获得${ICON_POWER2}.<br>若此 为被放逐从你的手牌或 弃牌堆, 获得${ICON_HONOR3}.",draft,
car_79a7b186b1f0,cards_sheet,key,EFFECT_DEATHSWIDOW,EFFECT_DEATHSWIDOW,${LABEL_REWARD} Gain ${ICON_HONOR2}. Each opponent must destroy a Construct they control. Draw a card for each opponent that did not destroy a Construct this way.,${LABEL_REWARD} 获得${ICON_HONOR2}. 每位对手须摧毁一个神器其控制的. 抽一张牌以 每位对手该 做了不 摧毁一个神器以此方式.,draft,
car_17bbe9ea7b4d,cards_sheet,key,EFFECT_DEATHSWORNWARRIOR,EFFECT_DEATHSWORNWARRIOR,"Gain ${ICON_POWER1}.<br>You may banish a card in your hand or discard pile. Then, you may banish this to banish a second card in your hand or discard pile.","获得${ICON_POWER1}.<br>你可以从你的手牌或弃牌堆放逐一张卡牌. 然后, 你可以放逐此牌以 放逐第二卡牌在你的手牌或弃牌堆.",draft,pass9b
car_db2878808a7f,cards_sheet,key,EFFECT_DECEITFULGHOUL,EFFECT_DECEITFULGHOUL,${LABEL_REWARD} Gain ${ICON_HONOR2}.,${LABEL_REWARD} 获得${ICON_HONOR2}.,draft,
car_371e5331feda,cards_sheet,key,EFFECT_DEEPDRONE,EFFECT_DEEPDRONE,Gain ${ICON_RUNE2}.<br>Put the next construct you acquire this turn directly into play.,获得${ICON_RUNE2}.<br>放置下一神器你 获取本回合直接进入战场.,draft,
car_d5f366a6d6b6,cards_sheet,key,EFFECT_DEFENDEROFVIGIL,EFFECT_DEFENDEROFVIGIL,Gain ${ICON_RUNE2} and ${ICON_POWER2}.<br>Gain ${ICON_RUNE1} for each Apprentice you play or have played this turn.<br>Gain ${ICON_POWER1} for each Militia you play or have played this turn.,获得${ICON_RUNE2} 和 ${ICON_POWER2}.<br>获得${ICON_RUNE1} 以每个学徒你 打出或已打出本回合.<br>获得${ICON_POWER1} 以每个民兵你 打出或已打出本回合.,draft,pass9b
car_ef1bd37436bb,cards_sheet,key,EFFECT_DEFENSEGENERATOR,EFFECT_DEFENSEGENERATOR,"Once per turn, when you acquire a Mechana card, gain ${ICON_POWER2}.","每回合一次，当你获取机械卡牌, 获得${ICON_POWER2}.",draft,pass9b
car_c5af7e259438,cards_sheet,key,EFFECT_DELIRIUMNYMPH,EFFECT_DELIRIUMNYMPH,Gain ${ICON_RUNE1}.<br>${LABEL_UNITE} Draw 2 cards. <i>(Gain this effect once if you play or have played another Lifebound Hero this turn.)</i>,获得${ICON_RUNE1}.<br>${LABEL_UNITE} 抽 2 卡牌. <i>(获得此效果一次若 你打出或已打出另一命约英雄本回合.)</i>,draft,pass9b
car_b23526c543f7,cards_sheet,key,EFFECT_DELIRIUMPIXIES,EFFECT_DELIRIUMPIXIES,${LABEL_REWARD} Gain ${ICON_HONOR2} and ${ICON_RUNE3}.,${LABEL_REWARD} 获得${ICON_HONOR2} 和 ${ICON_RUNE3}.,draft,
car_6403d7512300,cards_sheet,key,EFFECT_DELIRIUMPIXIESETER,EFFECT_DELIRIUMPIXIESETER,${LABEL_REWARD} Gain ${ICON_HONOR2} and ${ICON_RUNE3}.,${LABEL_REWARD} 获得${ICON_HONOR2} 和 ${ICON_RUNE3}.,draft,
car_ca2f1da973ea,cards_sheet,key,EFFECT_DELUDINGDJINN,EFFECT_DELUDINGDJINN,${LABEL_REWARD} Gain ${ICON_HONOR5}.<br>You may spend ${ICON_INSIGHT} as though it was ${ICON_POWER} to defeat this.,${LABEL_REWARD} 获得${ICON_HONOR5}.<br>你可以花费 ${ICON_INSIGHT} 视为 ${ICON_POWER} 以击败此.,draft,
car_e995ddf59b05,cards_sheet,key,EFFECT_DELUGEELEMENTAL,EFFECT_DELUGEELEMENTAL,"${LABEL_REWARD} Gain ${ICON_HONOR6}. You may banish up to four cards in your hand, deck, discard pile, and/or cards played this turn. If you do, shuffle your deck.","${LABEL_REWARD} 获得${ICON_HONOR6}. 你可以放逐至多四 卡牌在你的手牌中, 牌库, 弃牌堆, 和/或卡牌本回合已打出. 若如此做，洗牌你的牌库.",draft,pass9b
car_2a60970b1b66,cards_sheet,key,EFFECT_DELUXECAPACITOR,EFFECT_DELUXECAPACITOR,"You may treat Dream Constructs as though they are Mechana Constructs.<br>Once per turn, when you play a Mechana Construct (including this one), draw a card.","你可以视为梦神器作为如同他们为 机械神器.<br>每回合一次，当你打出机械神器 (包括此牌), 抽一张牌.",draft,pass9b
car_8270de09e9a2,cards_sheet,key,EFFECT_DEMONHUNTER,EFFECT_DEMONHUNTER,"While this is in your hand, you may pay ${ICON_INSIGHT8} to transform it into Demon Master.<br>Gain ${ICON_POWER2}.","当此牌在你的手牌中, 你可以支付 ${ICON_INSIGHT8} 以转化它 置入恶魔大师.<br>获得${ICON_POWER2}.",draft,pass9b
car_e40c1714965f,cards_sheet,key,EFFECT_DEMONMASTER,EFFECT_DEMONMASTER,Gain ${ICON_POWER5}. You may banish a card in your hand or discard pile.,获得${ICON_POWER5}. 你可以从你的手牌或弃牌堆放逐一张卡牌.,draft,pass9b
car_f63a93d3a00b,cards_sheet,key,EFFECT_DEMONPUPS,EFFECT_DEMONPUPS,"${LABEL_REWARD} Gain ${ICON_HONOR1}. Draw a card. Then, you may pay ${ICON_INSIGHT1} to draw an additional card.","${LABEL_REWARD} 获得${ICON_HONOR1}. 抽一张牌. 然后, 你可以支付 ${ICON_INSIGHT1} 以抽 额外的卡牌.",draft,
car_5001aa15b301,cards_sheet,key,EFFECT_DEMONSLAYER,EFFECT_DEMONSLAYER,Gain ${ICON_POWER3}.,获得3战力。,draft,
car_cf887818db13,cards_sheet,key,EFFECT_DEMONSLAYER10TH,EFFECT_DEMONSLAYER10TH,Gain ${ICON_POWER3}.,获得${ICON_POWER3}.,draft,
car_428d8e98c5dc,cards_sheet,key,EFFECT_DENDRISTHEGLADEWYRM,EFFECT_DENDRISTHEGLADEWYRM,"Gain ${ICON_RUNE2}, ${ICON_POWER2}, and ${ICON_HONOR2}.","获得${ICON_RUNE2}, ${ICON_POWER2}, 和 ${ICON_HONOR2}.",draft,
car_1e7f4fb4dc02,cards_sheet,key,EFFECT_DERANGEDASPIRANT,EFFECT_DERANGEDASPIRANT,"Empower <i>(When you acquire this, you may banish a card you have played this turn.)</i><br>You may banish a card in your hand or discard pile.",赋力 <i>(当你获取此牌时，你可以放逐一张已打出的卡牌本回合.)</i><br>你可以从你的手牌或弃牌堆放逐一张卡牌.,draft,pass9b;pass9c;pass11
car_cfb5ed412c57,cards_sheet,key,EFFECT_DERANGEDDIRGE,EFFECT_DERANGEDDIRGE,"Once per turn, gain ${ICON_POWER1}.<br>You may destroy this to banish a card in your hand or discard pile.",每回合一次，获得${ICON_POWER1}.<br>你可以摧毁此 以从你的手牌或弃牌堆放逐一张卡牌.,draft,pass9b
car_3e64252ec4af,cards_sheet,key,EFFECT_DESTROYERSGATE,EFFECT_DESTROYERSGATE,"After a certain amount of time, this transforms into something awesome!",经过一段时间后，此牌会转化成某种很厉害的东西！,draft,
car_caf3747ad65e,cards_sheet,key,EFFECT_DEVIANTFIEND,EFFECT_DEVIANTFIEND,${LABEL_REWARD} Gain ${ICON_HONOR3}.,${LABEL_REWARD} 获得${ICON_HONOR3}.,draft,
car_727e2f82f24b,cards_sheet,key,EFFECT_DHARTHADREAMMASTER,EFFECT_DHARTHADREAMMASTER,"${LABEL_PHANTASM}While this is in the center row, you may pay ${ICON_INSIGHT9} to banish and play this.<br>Acquire a card in the center row without paying its cost and put it in your hand.","${LABEL_PHANTASM}当此牌在中央牌列, 你可以支付 ${ICON_INSIGHT9} 放逐并打出此牌.<br>获取中央牌列的一张卡牌无需支付费用并将其放入你的手牌.",draft,pass9b;pass9c;pass11
car_86b1149d19b7,cards_sheet,key,EFFECT_DHARTHAETERNALSEER,EFFECT_DHARTHAETERNALSEER,Draw four cards.,抽四张牌.,draft,pass11
car_4e2a5c2eb932,cards_sheet,key,EFFECT_DHARTHAMASTEROFSIGHT,EFFECT_DHARTHAMASTEROFSIGHT,"You may banish this or a card in your hand. If you do, acquire a Mystic or Heavy Infantry without paying its cost and put it in your hand.",你可以放逐此牌或 卡牌在你的手牌中. 若如此做，无需支付费用获取秘教士或重装步兵并将其放入你的手牌.,draft,pass9b;pass11;pass11b
car_87afdee0bc19,cards_sheet,key,EFFECT_DHARTHAMECHAMONK,EFFECT_DHARTHAMECHAMONK,"Once per turn, when you play a Mechana Construct (including this one), draw a card for each Mechana Construct your control.","每回合一次，当你打出机械神器 (包括此牌), 抽一张牌以 每个机械神器你的控制.",draft,pass9b
car_24e157839da9,cards_sheet,key,EFFECT_DHARTHASRETREAT,EFFECT_DHARTHASRETREAT,"If you do not acquire or defeat a card during your turn, you may draw two additional cards at the end of your turn.","若如此做，不获取或 击败卡牌在期间你的回合, 你可以抽两 额外的卡牌在 结束时你的回合.",draft,pass9b
car_705b120f4b0f,cards_sheet,key,EFFECT_DHARTHASTRIAL,EFFECT_DHARTHASTRIAL,"Once per turn, if you have played a Mystic or Heavy Infantry, draw a card.<br>Pay ${ICON_RUNE8}: Transform this into Dhartha, Eternal Seer and acquire it.","每回合一次，若你已打出秘教士或 重装步兵, 抽一张牌.<br>支付 ${ICON_RUNE8}: 将此牌转化为达萨, 永恒预言者并获取它.",draft,pass9b;pass9c
car_f99c94db8c64,cards_sheet,key,EFFECT_DHARTHATHEETERNAL,EFFECT_DHARTHATHEETERNAL,Reveal the top card of the center deck. Acquire or defeat that card without paying its cost.<br>${LABEL_MULTIUNITE} You may repeat this.,展示传送门牌库顶的卡牌. 获取或 击败该 卡牌无需支付费用.<br>${LABEL_MULTIUNITE} 你可以重复此.,draft,
car_0ed2b17edebb,cards_sheet,key,EFFECT_DIMENSIONDIVER,EFFECT_DIMENSIONDIVER,Gain ${ICON_RUNE2}.<br>You may treat all Constructs as Mechana Constructs this turn.,获得${ICON_RUNE2}.<br>你可以将所有神器作为机械神器本回合.,draft,pass9b
car_c538ba9fc2ec,cards_sheet,key,EFFECT_DIMENSIONDIVERETER,EFFECT_DIMENSIONDIVERETER,Gain ${ICON_RUNE2}.<br>You may treat all Constructs as Mechana Constructs this turn.,获得${ICON_RUNE2}.<br>你可以将所有神器作为机械神器本回合.,draft,pass9b
car_42f7db7b16ae,cards_sheet,key,EFFECT_DIMENSIONMONK,EFFECT_DIMENSIONMONK,Draw a card.<br>You may pay ${ICON_INSIGHT1} to <b>Recur</b>. <i>(Gain the effect listed above an additional time. You may only Recur once.)</i>,抽一张牌.<br>你可以支付 ${ICON_INSIGHT1} 以 <b>再次发生</b>. <i>(获得效果列出的上方额外的次. 你可以只再次发生一次.)</i>,draft,
car_890745a7372c,cards_sheet,key,EFFECT_DISCIPLEOFCETRA,EFFECT_DISCIPLEOFCETRA,"While this is in your hand, if you have played another Lifebound Hero this turn, transform this into Scion of Cetra.<br>Gain ${ICON_RUNE1} and ${ICON_HONOR1}.","当此牌在你的手牌中, 若你已打出另一命约英雄本回合, 将此牌转化为后裔· 塞特拉.<br>获得${ICON_RUNE1} 和 ${ICON_HONOR1}.",draft,pass9b
car_614b96e91b95,cards_sheet,key,EFFECT_DISCIPLEOFEMRI,EFFECT_DISCIPLEOFEMRI,"While this is in your hand, if you have played another Void Hero this turn, transform this into Scion of Emri.<br>Gain ${ICON_POWER1}.<br>You may banish a card in your discard pile.","当此牌在你的手牌中, 若你已打出另一虚空英雄本回合, 将此牌转化为后裔· 艾姆瑞.<br>获得${ICON_POWER1}.<br>你可以从你的弃牌堆放逐一张卡牌.",draft,pass9b;pass11
car_7ccf87fe264f,cards_sheet,key,EFFECT_DISCIPLEOFEULOTH,EFFECT_DISCIPLEOFEULOTH,"While this is in your hand, if you have played another Mechana Hero this turn, transform this into Scion of Euloth.<br>Gain ${ICON_RUNE1} and ${ICON_POWER1}.","当此牌在你的手牌中, 若你已打出另一机械英雄本回合, 将此牌转化为后裔· 尤洛斯.<br>获得${ICON_RUNE1} 和 ${ICON_POWER1}.",draft,pass9b
car_5992efa8674e,cards_sheet,key,EFFECT_DISCIPLEOFOZIAH,EFFECT_DISCIPLEOFOZIAH,"While this is in your hand, if you have played another Enlightened Hero this turn, transform this into Scion of Oziah.<br>Defeat a Monster with cost ${ICON_POWER3} or less without paying its cost.","当此牌在你的手牌中, 若你已打出另一圣贤英雄本回合, 将此牌转化为后裔· 奥齐亚.<br>击败一个怪物以 费用 ${ICON_POWER3} 或更低无需支付费用.",draft,pass9b
car_ffefef278e3d,cards_sheet,key,EFFECT_DIVINEASKARA,EFFECT_DIVINEASKARA,Copy the effect of a Hero played this turn.<br>You may pay ${ICON_INSIGHT3} to copy the chosen effect twice instead.<br>This effect cannot be copied.,复制本回合打出的一张英雄的效果。<br>你可以支付 ${ICON_INSIGHT3} 以复制所选效果两次改为.<br>此效果不能是 被复制.,draft,
car_beeb74fd55b6,cards_sheet,key,EFFECT_DOGSOFWAR,EFFECT_DOGSOFWAR,"Gain ${ICON_POWER1}.<br>You may banish a card in your hand or discard pile. If you do, gain an additional ${ICON_POWER1}.",获得${ICON_POWER1}.<br>你可以从你的手牌或弃牌堆放逐一张卡牌. 若如此做，获得额外的 ${ICON_POWER1}.,draft,pass9b
car_7940722a5333,cards_sheet,key,EFFECT_DOOMWEEPER,EFFECT_DOOMWEEPER,${LABEL_REWARD} Gain ${ICON_HONOR2}.  Gain ${ICON_RUNE2}.,${LABEL_REWARD} 获得${ICON_HONOR2}. 获得${ICON_RUNE2}.,draft,
car_868ed907a568,cards_sheet,key,EFFECT_DREADCONJURER,EFFECT_DREADCONJURER,Draw a card.,抽一张牌.,draft,
car_4c2b753b1cc0,cards_sheet,key,EFFECT_DREADMAGE,EFFECT_DREADMAGE,"${LABEL_REWARD} Gain ${ICON_HONOR2} and draw two cards.<br>${LABEL_DREAMBIND} ${ICON_INSIGHT4}. (<i>When you defeat this, you may pay its Dreambind cost. If you do, put this in your discard pile. When you play this, gain its Reward.</i>)","${LABEL_REWARD} 获得${ICON_HONOR2} 和抽两张牌.<br>${LABEL_DREAMBIND} ${ICON_INSIGHT4}. (<i>当你击败此, 你可以支付其 梦缚费用. 若如此做，放置此 在你的弃牌堆. 当你打出此, 获得其奖励.</i>)",draft,pass9b
car_dafcb84391f4,cards_sheet,key,EFFECT_DREADMARE,EFFECT_DREADMARE,${LABEL_REWARD} Gain ${ICON_HONOR4} and ${ICON_INSIGHT3}.,${LABEL_REWARD} 获得${ICON_HONOR4} 和 ${ICON_INSIGHT3}.,draft,
car_fe2562ddc882,cards_sheet,key,EFFECT_DREAMANCHOR,EFFECT_DREAMANCHOR,"${LABEL_PLUNDER}Once per turn, if you acquire a card AND defeat a Monster, both in the center row, gain ${ICON_INSIGHT2}.","${LABEL_PLUNDER}每回合一次，若你 获取卡牌和 击败一个怪物, 两者在中央牌列, 获得${ICON_INSIGHT2}.",draft,
car_5d4add9b4feb,cards_sheet,key,EFFECT_DREAMCHAMBERDISCIPLES,EFFECT_DREAMCHAMBERDISCIPLES,Draw a card.<br>${LABEL_SERENITY} Gain ${ICON_INSIGHT2}. (<i>Gain this effect if there are no cards in your discard pile.</i>),抽一张牌.<br>${LABEL_SERENITY} 获得${ICON_INSIGHT2}. (<i>获得此效果若 那里为 没有卡牌在你的弃牌堆.</i>),draft,
car_9986463d3fd6,cards_sheet,key,EFFECT_DREAMDEALER,EFFECT_DREAMDEALER,"Draw a card, then banish a card in the center row. Then, if there is an Enlightened, Lifebound, Mechana, AND Void card in the center row, roll the Delirium Die.","抽一张牌, 然后放逐中央牌列的一张卡牌. 然后, 若中央牌列同时存在圣贤、命约、机械和虚空卡牌, 掷谵妄骰.",draft,pass9b;pass11;pass11b
car_5cad9a95cf43,cards_sheet,key,EFFECT_DREAMEATER,EFFECT_DREAMEATER,${LABEL_REWARD} Gain ${ICON_HONOR2} and ${ICON_INSIGHT1}.,${LABEL_REWARD} 获得${ICON_HONOR2} 和 ${ICON_INSIGHT1}.,draft,
car_43ee475ad61e,cards_sheet,key,EFFECT_DREAMERSGLASS,EFFECT_DREAMERSGLASS,"Once per turn, you may put a card in your hand under this face up. If you do, draw a card.
<br>When Dreamer's Glass leaves play or the game ends, put all cards under it into your discard pile.","每回合一次，你可以放置卡牌在你的手牌中其下此 面朝上. 若如此做，抽一张牌.
<br>当梦者琉璃离开打出或 游戏结束, 放置所有卡牌其下它 置入你的弃牌堆.",draft,pass9b
car_55c00b98c9ac,cards_sheet,key,EFFECT_DREAMGUIDE,EFFECT_DREAMGUIDE,Gain ${ICON_RUNE2} and ${ICON_INSIGHT1}.,获得${ICON_RUNE2} 和 ${ICON_INSIGHT1}.,draft,
car_525775c4f8dc,cards_sheet,key,EFFECT_DREAMKILLER,EFFECT_DREAMKILLER,Gain ${ICON_POWER2} and ${ICON_INSIGHT1}.,获得${ICON_POWER2} 和 ${ICON_INSIGHT1}.,draft,
car_e0fa05e3a33e,cards_sheet,key,EFFECT_DREAMLAB,EFFECT_DREAMLAB,You may pay ${ICON_RUNE1} less to acquire Constructs in the center row.,你可以少支付 ${ICON_RUNE1}以 获取中央牌列的神器.,draft,pass9b;pass11
car_6cddcdf00de4,cards_sheet,key,EFFECT_DREAMMACHINE,EFFECT_DREAMMACHINE,"Once per turn, you may return another Mechana Construct you control to your hand.",每回合一次，你可以返回另一机械神器你控制的以 你的手牌.,draft,
car_4d463ade58eb,cards_sheet,key,EFFECT_DREAMSCAPEDIVINER,EFFECT_DREAMSCAPEDIVINER,Gain ${ICON_INSIGHT2}.,获得${ICON_INSIGHT2}.,draft,
car_9a709ffe16bf,cards_sheet,key,EFFECT_DREAMSCAPEDRYAD,EFFECT_DREAMSCAPEDRYAD,Gain ${ICON_HONOR3}.<br>You may pay ${ICON_INSIGHT3} to <b>Recur</b>. <i>(Gain the effect listed above an additional time. You may only Recur once.)</i>,获得${ICON_HONOR3}.<br>你可以支付 ${ICON_INSIGHT3} 以 <b>再次发生</b>. <i>(获得效果列出的上方额外的次. 你可以只再次发生一次.)</i>,draft,
car_c6cb80a2e6cc,cards_sheet,key,EFFECT_DREAMSCARREDHUNTER,EFFECT_DREAMSCARREDHUNTER,"Draw a card.<br>${LABEL_PLUNDER}This turn, if you acquire a card AND defeat a Monster, both in the center row, gain ${ICON_HONOR3}.","抽一张牌.<br>${LABEL_PLUNDER}本回合， 若你 获取卡牌和 击败一个怪物, 两者在中央牌列, 获得${ICON_HONOR3}.",draft,pass11
car_4dba906ff9d2,cards_sheet,key,EFFECT_DREAMSEEKER,EFFECT_DREAMSEEKER,Gain ${ICON_INSIGHT1} and draw a card.,获得${ICON_INSIGHT1} 和抽一张牌.,draft,
car_97982bef03e0,cards_sheet,key,EFFECT_DREAMSEEKERSTART,EFFECT_DREAMSEEKERSTART,Gain ${ICON_INSIGHT1} and draw a card.,获得${ICON_INSIGHT1} 和抽一张牌.,draft,
car_ff9138683596,cards_sheet,key,EFFECT_DREAMSHAPERJESSE,EFFECT_DREAMSHAPERJESSE,Acquire the top card of the Dream deck without paying its cost.,获取顶部卡牌的 梦牌库无需支付费用.,draft,
car_88cc57264d38,cards_sheet,key,EFFECT_DREAMSTONE,EFFECT_DREAMSTONE,You may banish this to roll the Delirium Die.,你可以放逐此牌以 掷谵妄骰.,draft,
car_c9d74e0b6a4d,cards_sheet,key,EFFECT_DREAMTITAN,EFFECT_DREAMTITAN,${LABEL_REWARD} Gain ${ICON_HONOR6}.,${LABEL_REWARD} 获得${ICON_HONOR6}.,draft,
car_35dba23d1a12,cards_sheet,key,EFFECT_DREAMTYRANT,EFFECT_DREAMTYRANT,${LABEL_REWARD} Gain ${ICON_HONOR5} and ${ICON_INSIGHT5}.,${LABEL_REWARD} 获得${ICON_HONOR5} 和 ${ICON_INSIGHT5}.,draft,
car_ed7e08ee47f3,cards_sheet,key,EFFECT_DREAMWALKER,EFFECT_DREAMWALKER,"Banish a card in the center row.<br>If it is replaced by a Monster, gain ${ICON_INSIGHT2}.<br>If it is replaced by a Hero, gain ${ICON_HONOR2}.<br>If it is replaced by a Construct, draw 2 cards.","放逐中央牌列的一张卡牌.<br>若它 为被替换被 怪物, 获得${ICON_INSIGHT2}.<br>若它 为被替换被 英雄, 获得${ICON_HONOR2}.<br>若它 为被替换被 神器, 抽 2 卡牌.",draft,pass11
car_c9143a2f750e,cards_sheet,key,EFFECT_DREAMWILLOW,EFFECT_DREAMWILLOW,"Once per turn, gain ${ICON_RUNE1}.<br>The first time you play a Lifebound Hero each turn, gain ${ICON_INSIGHT1}.","每回合一次，获得${ICON_RUNE1}.<br>每回合你首次打出命约英雄时, 获得${ICON_INSIGHT1}.",draft,
car_94af3d5e400e,cards_sheet,key,EFFECT_DREAMWILLOWDRUIDS,EFFECT_DREAMWILLOWDRUIDS,Choose one: acquire a Hero with cost ${ICON_RUNE5} or less without paying its cost; or add a card to your Dreamscape.,选择一项：无需支付费用获取费用为 ${ICON_RUNE5} 或更低的一张英雄; 或将一张卡牌加入你的梦境.,draft,pass11
car_40da7eb3b227,cards_sheet,key,EFFECT_DRILLERMARKIV,EFFECT_DRILLERMARKIV,"Once per turn, when you play a Mechana Construct (including this one), gain a Soul Gem.","每回合一次，当你打出机械神器 (包括此牌), 获得灵魂宝石.",draft,pass9b
car_25d4f99049cc,cards_sheet,key,EFFECT_DRUIDSOFTHESTONECIRCLE10TH,EFFECT_DRUIDSOFTHESTONECIRCLE10TH,Acquire a Hero that costs ${ICON_RUNE4} or less without paying its cost for free.  Place it on top of your deck.,获取一个英雄费用为${ICON_RUNE4} 或更低无需支付费用无需支付费用. 将它放到你的牌库顶.,draft,
car_69a6b79151f4,cards_sheet,key,EFFECT_DRUIDSWREATH,EFFECT_DRUIDSWREATH,"If you have played two or more Lifebound Heroes this turn, transform this into Verdant Crown.","若你打出过两 或更高命约英雄本回合, 将此牌转化为翠绿冠冕.",draft,
car_1cd0629e4ab1,cards_sheet,key,EFFECT_DUSTTODUST,EFFECT_DUSTTODUST,Destroy all Constructs your opponents control.,摧毁所有神器你的对手控制.,draft,pass9b
car_0d775a99aa51,cards_sheet,key,EFFECT_EARTHMENDERPURA,EFFECT_EARTHMENDERPURA,Gain ${ICON_RUNE3}.<br>You may put a Monster from your hand or discard pile into an opponent's discard pile.,获得${ICON_RUNE3}.<br>你可以放置怪物从你的手牌或 弃牌堆置入对手之弃牌堆.,draft,
car_2aefb0c6bb9d,cards_sheet,key,EFFECT_EARTHTYRANT10TH,EFFECT_EARTHTYRANT10TH,${LABEL_REWARD} Gain ${ICON_HONOR5}.  Draw two cards.,${LABEL_REWARD} 获得${ICON_HONOR5}. 抽两张牌.,draft,
car_981fae3bda23,cards_sheet,key,EFFECT_EARTHTYRANTETER,EFFECT_EARTHTYRANTETER,${LABEL_REWARD} Gain ${ICON_HONOR5}.<br>Draw two cards.,${LABEL_REWARD} 获得${ICON_HONOR5}.<br>抽两张牌.,draft,
car_2bc84e36daf5,cards_sheet,key,EFFECT_EEKTRIBEGREMLIN,EFFECT_EEKTRIBEGREMLIN,"${LABEL_REWARD} Gain ${ICON_HONOR5}. Put a Monster from the void into a player's discard pile.<br>${LABEL_INFEST} When you defeat Eek Tribe Gremlin, you may put it into a player's discard pile.<br><i>(Monsters have no effect when played from hand.)</i>","${LABEL_REWARD} 获得${ICON_HONOR5}. 放置怪物从 虚空区置入一名玩家的弃牌堆.<br>${LABEL_INFEST} 当你击败伊克部落小妖, 你可以将其放入一名玩家的弃牌堆.<br><i>(从手牌打出时怪物没有效果.)</i>",draft,pass9b
car_877f88dbd49f,cards_sheet,key,EFFECT_ELANSOULMARSHAL,EFFECT_ELANSOULMARSHAL,Gain a Soul Gem.<br>Draw a card.,获得灵魂宝石.<br>抽一张牌.,draft,
car_728008244901,cards_sheet,key,EFFECT_ELDERSKEPTIC,EFFECT_ELDERSKEPTIC,"Draw two cards, then discard a card.","抽两张牌, 然后弃一张牌.",draft,pass11b
car_2994506df2ee,cards_sheet,key,EFFECT_ELDERSKEPTICETER,EFFECT_ELDERSKEPTICETER,"Draw two cards, then discard a card.","抽两张牌, 然后弃一张牌.",draft,pass11b
car_3da61bf392d0,cards_sheet,key,EFFECT_ELEMENTALADEPT,EFFECT_ELEMENTALADEPT,"Draw a card. If the Current event is Enlightened, draw an additional card.<br>You may banish a card in the center row.","抽一张牌. 若当前事件为 圣贤, 额外抽一张牌.<br>你可以放逐中央牌列的一张卡牌.",draft,pass9b;pass11
car_84a03dba61b8,cards_sheet,key,EFFECT_ELEMENTALPROJECTOR,EFFECT_ELEMENTALPROJECTOR,"Once per turn, if you control two or more Mechana Constructs, gain ${ICON_POWER2}.","每回合一次，若你控制的两 或更高机械神器, 获得${ICON_POWER2}.",draft,
car_405312475df8,cards_sheet,key,EFFECT_EMBERWINGMOTH,EFFECT_EMBERWINGMOTH,${LABEL_REWARD} Gain ${ICON_HONOR5}.,${LABEL_REWARD} 获得${ICON_HONOR5}.,draft,
car_b41bd48ddd82,cards_sheet,key,EFFECT_EMISSARYOFDAWN,EFFECT_EMISSARYOFDAWN,Acquire a Hero without paying its cost. Gain ${ICON_HONOR} equal to its ${ICON_HONOR} value.,获取一个英雄无需支付费用. 获得${ICON_HONOR} 等同于 其 ${ICON_HONOR} 值.,draft,pass11
car_2385be77680a,cards_sheet,key,EFFECT_EMMAIRONHEART,EFFECT_EMMAIRONHEART,"Gain ${ICON_RUNE3}. If you control two or more Constructs, gain ${ICON_POWER3}.<br>You may pay ${ICON_INSIGHT3} to <b>Recur</b>.",获得${ICON_RUNE3}. 若你控制两件或更多神器， 获得${ICON_POWER3}.<br>你可以支付 ${ICON_INSIGHT3} 以 <b>再次发生</b>.,draft,pass9b;pass9c
car_14075d5dfeab,cards_sheet,key,EFFECT_EMMASMECHANNON,EFFECT_EMMASMECHANNON,"Once per turn, gain ${ICON_POWER1} for each Transformed Mechana Construct you control.",每回合一次，获得${ICON_POWER1} 你控制的每个已转化机械神器.,draft,pass9c
car_fbb6e63f1301,cards_sheet,key,EFFECT_EMMASTELETRANSMITTER,EFFECT_EMMASTELETRANSMITTER,"Once per turn, gain ${ICON_HONOR1} for each Transformed Mechana Construct you contol.",每回合一次，获得${ICON_HONOR1} 以每个已转化机械神器你 控制.,draft,
car_732ade3cda4a,cards_sheet,key,EFFECT_EMMASVOIDCYCLER,EFFECT_EMMASVOIDCYCLER,"Once per turn, gain ${ICON_RUNE1} for each Transformed Mechana Construct you control.",每回合一次，获得${ICON_RUNE1} 你控制的每个已转化机械神器.,draft,pass9c
car_db66ab6c8355,cards_sheet,key,EFFECT_EMMASWORKSHOP,EFFECT_EMMASWORKSHOP,"Once per turn, you may transform a Mechana Construct without paying its cost.",每回合一次，你可以转化机械神器无需支付费用.,draft,
car_edc3f51fd644,cards_sheet,key,EFFECT_EMRIBORNOFBATTLE,EFFECT_EMRIBORNOFBATTLE,"Gain ${ICON_POWER4}.<br>Once per turn, when you defeat a Monster in the center row, take ${ICON_HONOR2} from each other player.","获得${ICON_POWER4}.<br>每回合一次，当你在中央牌列击败一个怪物, 拿取${ICON_HONOR2} 从每个其他玩家.",draft,pass9b;pass11
car_b1c5307d411d,cards_sheet,key,EFFECT_EMRIDEMONSBANE,EFFECT_EMRIDEMONSBANE,"Gain ${ICON_POWER5}.<br>This turn, you may defeat Monsters in the Void as though they were in the center row. Put Monsters defeated this way on the bottom of the center deck.",获得${ICON_POWER5}.<br>本回合， 你可以击败怪物在 虚空区视为在中央牌列. 放置怪物被击败以此方式置于其底： 传送门牌库.,draft,pass11
car_460335df3387,cards_sheet,key,EFFECT_EMRILIGHTBRINGER,EFFECT_EMRILIGHTBRINGER,Defeat a Monster in the center row or the void without paying its cost. Put that Monster on the bottom of the center deck.,在中央牌列击败一个怪物或 虚空区无需支付费用. 放置该 怪物置于其底： 传送门牌库.,draft,pass11
car_f5d936e0ebf6,cards_sheet,key,EFFECT_EMRIONEWITHTHEVOID,EFFECT_EMRIONEWITHTHEVOID,Gain ${ICON_POWER4}.,获得4战力。,draft,
car_543b0fcf2be3,cards_sheet,key,EFFECT_EMRIONEWITHTHEVOID10TH,EFFECT_EMRIONEWITHTHEVOID10TH,Gain ${ICON_POWER4}.,获得${ICON_POWER4}.,draft,
car_7b5a7b429c71,cards_sheet,key,EFFECT_EMRISHADOWSLAYER,EFFECT_EMRISHADOWSLAYER,Gain ${ICON_POWER5}.<br>You may spend ${ICON_POWER} as though it was ${ICON_INSIGHT} this turn.,获得${ICON_POWER5}.<br>你可以花费 ${ICON_POWER} 视为 ${ICON_INSIGHT} 本回合.,draft,
car_03fbc95b79fd,cards_sheet,key,EFFECT_EMRISOULSLAYER,EFFECT_EMRISOULSLAYER,Gain ${ICON_POWER4}.  You may banish up to two cards from your hand or discard pile. Gain an additional ${ICON_POWER1} for each card banished from your hand this way.,获得${ICON_POWER4}. 你可以放逐至多两 卡牌从你的手牌或 弃牌堆. 获得额外的 ${ICON_POWER1} 以每个卡牌被放逐从你的手牌以此方式.,draft,
car_b9cfcda9f182,cards_sheet,key,EFFECT_EMRISOULSTEALER,EFFECT_EMRISOULSTEALER,"Gain ${ICON_POWER5}. If there are 10 or more Monsters in the Void, gain ${ICON_POWER10} instead.","获得${ICON_POWER5}. 若虚空区有 10 只或更多怪物, 改为获得${ICON_POWER10}.",draft,pass11
car_e3ddc24fd760,cards_sheet,key,EFFECT_EMRISSTING,EFFECT_EMRISSTING,"Once per turn, gain ${ICON_POWER2}.<br>When this enters play, you may banish a card in your hand or discard pile.","每回合一次，获得${ICON_POWER2}.<br>当此牌进入战场时, 你可以从你的手牌或弃牌堆放逐一张卡牌.",draft,pass9b
car_1aaadc1d6bb3,cards_sheet,key,EFFECT_EMRISTRIAL,EFFECT_EMRISTRIAL,"Monsters in the center row cost ${ICON_POWER1} less to defeat (to a minimum of ${ICON_POWER1}).<br>Pay ${ICON_RUNE8}: Transform this into Emri, Born of Battle and acquire it.",中央牌列怪物的击败费用降低 ${ICON_POWER1}（最低 ${ICON_POWER1}）.<br>支付 ${ICON_RUNE8}: 将此牌转化为战生艾姆瑞并获取它.,draft,pass9b;pass9c;pass11
car_03d77afdfd51,cards_sheet,key,EFFECT_EMRITHEUNMAKER,EFFECT_EMRITHEUNMAKER,"While this is in your hand, if there are 8 or more Monsters in the Void, transform this into Emri, Demonsbane.<br>Gain ${ICON_POWER4}.","当此牌在你的手牌中, 若虚空区有 8 只或更多怪物, 将此牌转化为恶魔克星艾姆瑞.<br>获得${ICON_POWER4}.",draft,pass9b;pass11
car_e77327d7d2ff,cards_sheet,key,EFFECT_ENDBRINGERJORA,EFFECT_ENDBRINGERJORA,"Gain ${ICON_POWER3}.<br>Whenever you defeat a Monster in the center row this turn, gain ${ICON_RUNE2}.","获得${ICON_POWER3}.<br>每当你在中央牌列击败一个怪物本回合, 获得${ICON_RUNE2}.",draft,pass9b;pass11
car_91ce31da73e0,cards_sheet,key,EFFECT_ENDEROFDAYS,EFFECT_ENDEROFDAYS,${LABEL_REWARD} Gain ${ICON_HONOR10}. Remove all ${ICON_HONOR} from the ${ICON_HONOR} Pool.,${LABEL_REWARD} 获得 ${ICON_HONOR10}。从 ${ICON_HONOR} 荣誉池移除所有 ${ICON_HONOR}。,draft,pass12
car_c794d49e0371,cards_sheet,key,EFFECT_ENERGYMONK,EFFECT_ENERGYMONK,Gain ${ICON_POWER2}.<br>You may return a Construct you control to your hand.,获得${ICON_POWER2}.<br>你可以返回神器你控制的以 你的手牌.,draft,
car_09c85e3a935c,cards_sheet,key,EFFECT_ENERGYSHARD,EFFECT_ENERGYSHARD,Gain ${ICON_ENERGY1}. Draw a card.,获得${ICON_ENERGY1}. 抽一张牌.,draft,
car_65e9c161af55,cards_sheet,key,EFFECT_ENERGYSHARDSTART,EFFECT_ENERGYSHARDSTART,Gain ${ICON_ENERGY1}. Draw a card.,获得${ICON_ENERGY1}. 抽一张牌.,draft,
car_a1ff10cf1a08,cards_sheet,key,EFFECT_ENGULFINGKRAKEN,EFFECT_ENGULFINGKRAKEN,"${LABEL_REWARD} Gain ${ICON_HONOR6}. Take a card at random from each opponent's Dreamscape, and add them to your Dreamscape.",${LABEL_REWARD} 获得${ICON_HONOR6}. 从每位对手的梦境中各随机拿取一张牌，加入你的梦境.,draft,pass11
car_469b50b76ece,cards_sheet,key,EFFECT_ENLIGHTENEDREMNANT,EFFECT_ENLIGHTENEDREMNANT,"${LABEL_REWARD} Gain ${ICON_HONOR5}.<br>If you have played or acquired an Enlightened card this turn, draw two cards.","${LABEL_REWARD} 获得${ICON_HONOR5}.<br>若你打出过或 已获取圣贤卡牌本回合, 抽两张牌.",draft,pass9b
car_89ab7f055fdb,cards_sheet,key,EFFECT_ENTROPHANTASM,EFFECT_ENTROPHANTASM,Gain ${ICON_RUNE1} and ${ICON_INSIGHT1}.<br>${LABEL_UNITE} Draw a card. (<i>Gain this effect if you play or have played another Lifebound Hero this turn.</i>),获得${ICON_RUNE1} 和 ${ICON_INSIGHT1}.<br>${LABEL_UNITE} 抽一张牌. (<i>获得此效果若 你打出或已打出另一命约英雄本回合.</i>),draft,pass9b
car_40812f58de0f,cards_sheet,key,EFFECT_EPHEMERALDRUID,EFFECT_EPHEMERALDRUID,"Gain ${ICON_HONOR5}, then banish this.","获得${ICON_HONOR5}, 然后放逐此牌.",draft,
car_252884503f00,cards_sheet,key,EFFECT_EPHEMERALINVENTOR,EFFECT_EPHEMERALINVENTOR,"Gain ${ICON_RUNE3}, then banish this.","获得${ICON_RUNE3}, 然后放逐此牌.",draft,
car_07b8099676d3,cards_sheet,key,EFFECT_EPHEMERALMONK,EFFECT_EPHEMERALMONK,"Draw 2 cards, then banish this.","抽 2 卡牌, 然后放逐此牌.",draft,
car_9c82176ae959,cards_sheet,key,EFFECT_EPHEMERALRITUALIST,EFFECT_EPHEMERALRITUALIST,"Gain ${ICON_POWER4}, then banish this.","获得${ICON_POWER4}, 然后放逐此牌.",draft,
car_5d83b663fdf6,cards_sheet,key,EFFECT_ERABUSSONOFNYX,EFFECT_ERABUSSONOFNYX,Defeat a Monster in the Void without paying its cost and put it on the bottom of the center deck.,击败一个怪物在 虚空区无需支付费用并将其放置置于其底： 传送门牌库.,draft,pass9b
car_9903e091fd16,cards_sheet,key,EFFECT_ERABUSTHEEXILED,EFFECT_ERABUSTHEEXILED,"If you have played a Dark Energy Shard this turn, you pay ${ICON_POWER2} less to defeat this.<br>${LABEL_REWARD} Transform this into Erabus, Son of Nyx and put it into your hand.","若你打出过黑暗能量碎片本回合, 你支付 ${ICON_POWER2} 降低以击败此.<br>${LABEL_REWARD} 将此牌转化为埃拉布斯, 之子的 尼克斯和 将其放入你的手牌.",draft,pass9b
car_1c8d7b586e4e,cards_sheet,key,EFFECT_ETERNALASKARA,EFFECT_ETERNALASKARA,"Banish a card in the center row.   If you banish a monster this way, gain ${ICON_HONOR3}.","放逐中央牌列的一张卡牌. 若你 放逐怪物以此方式, 获得${ICON_HONOR3}.",draft,pass11
car_08fa061537d4,cards_sheet,key,EFFECT_ETERNALTORMENTOR,EFFECT_ETERNALTORMENTOR,Defeat a random Monster in the void without paying its costs and put it on the bottom of the center deck.,击败一个随机怪物在 虚空区无需支付费用s和将它放置置于其底： 传送门牌库.,draft,
car_4cf63bc318fe,cards_sheet,key,EFFECT_ETHEREALHUNTRESS,EFFECT_ETHEREALHUNTRESS,Gain ${ICON_POWER3}.<br>You may put a Monster from the Void on top of the center deck.,获得${ICON_POWER3}.<br>你可以放置怪物从虚空区在 顶部的 传送门牌库.,draft,
car_3bc43a2317ee,cards_sheet,key,EFFECT_EVERBLOOM,EFFECT_EVERBLOOM,"Once per turn, gain ${ICON_HONOR1}.",每回合一次，获得${ICON_HONOR1}.,draft,
car_fa541b15422d,cards_sheet,key,EFFECT_EVERBLOOMCLIQUE,EFFECT_EVERBLOOMCLIQUE,Gain ${ICON_HONOR2}.<br>${LABEL_MULTIUNITE} Gain ${ICON_HONOR1}. <i>(Gain this effect for each other Lifebound Hero you play or have played this turn.),获得${ICON_HONOR2}.<br>${LABEL_MULTIUNITE} 获得${ICON_HONOR1}. <i>(获得此效果以 每个其他命约英雄你 打出或已打出本回合.),draft,pass9b
car_2d3207bad32a,cards_sheet,key,EFFECT_EVERBLOOMETER,EFFECT_EVERBLOOMETER,"Once per turn, gain ${ICON_HONOR1}.",每回合一次，获得${ICON_HONOR1}.,draft,
car_bcc6d4f31cbe,cards_sheet,key,EFFECT_EVERBLOOMWITCH,EFFECT_EVERBLOOMWITCH,Gain ${ICON_HONOR3}.<br>${LABEL_UNITE} Gain ${ICON_HONOR3}.<br><i>(Gain this effect once if you play or have played another Lifebound Hero this turn.)</i>,获得${ICON_HONOR3}.<br>${LABEL_UNITE} 获得${ICON_HONOR3}.<br><i>(获得此效果一次若 你打出或已打出另一命约英雄本回合.)</i>,draft,pass9b
car_8c77e4e64a14,cards_sheet,key,EFFECT_EVVYOGOSGIFT,EFFECT_EVVYOGOSGIFT,Acquire a Hero without paying its cost and put it on top of your deck.<br>You may pay ${ICON_INSIGHT3} to <b>Recur</b>. <i>(Gain the effect listed above an additional time. You may only Recur once.)</i>,获取一个英雄无需支付费用并将其放置放到你的牌库顶.<br>你可以支付 ${ICON_INSIGHT3} 以 <b>再次发生</b>. <i>(获得效果列出的上方额外的次. 你可以只再次发生一次.)</i>,draft,pass9b
car_6b90e4855bad,cards_sheet,key,EFFECT_EXCAVATIONSENTRY,EFFECT_EXCAVATIONSENTRY,"Gain ${ICON_POWER2}.<br>Put the top card of your deck into your discard pile, then you may banish a card in your hand or discard pile.","获得${ICON_POWER2}.<br>放置你牌库顶的卡牌置入你的弃牌堆, 然后你可以从你的手牌或弃牌堆放逐一张卡牌.",draft,pass9b
car_d6a8823dad62,cards_sheet,key,EFFECT_EXCAVATORPILOT,EFFECT_EXCAVATORPILOT,"Gain ${ICON_RUNE2}.<br>If you control two or more Constructs, gain ${ICON_LIFE}.",获得${ICON_RUNE2}.<br>若你控制两件或更多神器， 获得${ICON_LIFE}.,draft,pass9b;pass9c
car_d3bde6f8e9f4,cards_sheet,key,EFFECT_EXHAUSTLURKER,EFFECT_EXHAUSTLURKER,${LABEL_REWARD} Gain ${ICON_HONOR5}. Each opponent destroys a Construct they control for each Construct you control.,${LABEL_REWARD} 获得${ICON_HONOR5}. 每位对手摧毁神器其控制的以 每个神器你控制的.,draft,
car_ba95d6e30b4d,cards_sheet,key,EFFECT_EXPLOSIVESWARM,EFFECT_EXPLOSIVESWARM,"When an adjacent non-Monster space would be replaced, replace it with a copy of this Monster instead.<br>${LABEL_REWARD} Gain ${ICON_HONOR4}.",当相邻的非怪物栏位将被替换时，改为用此怪物的复制替换它。<br>${LABEL_REWARD} 获得 ${ICON_HONOR4}。,draft,pass12
car_9d7c5ba89046,cards_sheet,key,EFFECT_EYEOFDESTINY,EFFECT_EYEOFDESTINY,"Once per turn, when you acquire a Hero, you may put it into your hand.","每回合一次，当你获取一个英雄, 你可以将其放入你的手牌.",draft,pass9b
car_fc9daa1b55b2,cards_sheet,key,EFFECT_EYEOFPOTENTIAL,EFFECT_EYEOFPOTENTIAL,"Once per turn, you may banish a card in your hand. If you do, acquire a Mystic or Heavy Infantry without paying its cost and put it in your hand.",每回合一次，你可以从你的手牌放逐一张卡牌. 若如此做，无需支付费用获取秘教士或重装步兵并将其放入你的手牌.,draft,pass9b;pass11;pass11b
car_53e82405743f,cards_sheet,key,EFFECT_FAERIECOMMANDER,EFFECT_FAERIECOMMANDER,"Gain ${ICON_RUNE2}. The next time you acquire a Hero in the center row this turn, gain ${ICON_POWER2}.","获得${ICON_RUNE2}. 本回合下次你获取中央牌列的一张英雄时, 获得${ICON_POWER2}.",draft,pass11b
car_9a58c8ca4438,cards_sheet,key,EFFECT_FAITHFULGUIDE,EFFECT_FAITHFULGUIDE,"Draw a card. If you play or have played a Mystic or Heavy Infantry this turn, gain ${ICON_HONOR2}.","抽一张牌. 若你 打出或已打出秘教士或 重装步兵本回合, 获得${ICON_HONOR2}.",draft,pass9b
car_cfec0150e665,cards_sheet,key,EFFECT_FALLENFAE,EFFECT_FALLENFAE,Gain ${ICON_POWER2}.<br>${LABEL_UNITE} Gain ${ICON_HONOR1}.,获得${ICON_POWER2}.<br>${LABEL_UNITE} 获得${ICON_HONOR1}.,draft,
car_584c708bd153,cards_sheet,key,EFFECT_FANATICSOS,EFFECT_FANATICSOS,${LABEL_REWARD} Gain ${ICON_HONOR1}.,${LABEL_REWARD} 获得${ICON_HONOR1}.,draft,
car_256c6ccac8d3,cards_sheet,key,EFFECT_FATALITYBLADES,EFFECT_FATALITYBLADES,"Once per turn, gain ${ICON_POWER1}.<br>Once per turn, when you defeat a Monster in the center row, gain ${ICON_INSIGHT1}.","每回合一次，获得${ICON_POWER1}.<br>每回合一次，当你在中央牌列击败一个怪物, 获得${ICON_INSIGHT1}.",draft,pass9b;pass11
car_5e535cc16771,cards_sheet,key,EFFECT_FEARWIELDER,EFFECT_FEARWIELDER,"Gain ${ICON_POWER3}.<br>The next time you defeat a Monster in the center row this turn, add a card to your Dreamscape.","获得${ICON_POWER3}.<br>本回合下次你在中央牌列击败怪物时, 将一张卡牌加入你的梦境.",draft,pass9c
car_e28d1c53d877,cards_sheet,key,EFFECT_FENMAW,EFFECT_FENMAW,${LABEL_REWARD} Gain ${ICON_HONOR3}. Gain ${ICON_INSIGHT2}.,${LABEL_REWARD} 获得${ICON_HONOR3}. 获得${ICON_INSIGHT2}.,draft,
car_0524660884b8,cards_sheet,key,EFFECT_FETTEREDSOUL,EFFECT_FETTEREDSOUL,${LABEL_REWARD} Gain ${ICON_HONOR2}.  You may banish a card in the center row.,${LABEL_REWARD} 获得${ICON_HONOR2}. 你可以放逐中央牌列的一张卡牌.,draft,pass11
car_519e23fdbff8,cards_sheet,key,EFFECT_FIRESTORMEFFIGY,EFFECT_FIRESTORMEFFIGY,${LABEL_REWARD} Gain ${ICON_HONOR3}. You may banish a card in your hand or discard pile.,${LABEL_REWARD} 获得${ICON_HONOR3}. 你可以从你的手牌或弃牌堆放逐一张卡牌.,draft,pass9b
car_d43fefb4b1dc,cards_sheet,key,EFFECT_FIRETYRANT,EFFECT_FIRETYRANT,${LABEL_REWARD} Gain ${ICON_HONOR6}.  Each opponent must discard a card.,${LABEL_REWARD} 获得${ICON_HONOR6}. 每位对手须弃一张牌.,draft,pass11b
car_9be1a64842fa,cards_sheet,key,EFFECT_FISTOFTHEDRAGON,EFFECT_FISTOFTHEDRAGON,"Draw a card. Banish a card in the center row. If the next card to enter the center row is a Monster, defeat it without paying its cost.","抽一张牌. 放逐中央牌列的一张卡牌. 若下一卡牌以 进入中央牌列为 怪物, 击败它 无需支付费用.",draft,pass11
car_382c67c62d57,cards_sheet,key,EFFECT_FISTOFTHEDRAGONETER,EFFECT_FISTOFTHEDRAGONETER,"Draw a card. Banish a card in the center row. If the next card to enter the center row is a Monster, defeat it for free.","抽一张牌. 放逐中央牌列的一张卡牌. 若下一卡牌以 进入中央牌列为 怪物, 击败它 无需支付费用.",draft,pass11
car_6269b74e09c0,cards_sheet,key,EFFECT_FLANKINGASKARA,EFFECT_FLANKINGASKARA,Draw a card.<br>Copy the effect of the next Hero you play this turn with cost ${ICON_RUNE3} or less.,抽一张牌.<br>复制效果的 下一英雄你 打出本回合以 费用 ${ICON_RUNE3} 或更低.,draft,
car_31ecb5ab4a16,cards_sheet,key,EFFECT_FLARETRACKER,EFFECT_FLARETRACKER,"Gain ${ICON_RUNE2}.<br>If you play or have played a Sureshot Tracker this turn, draw a card.","获得${ICON_RUNE2}.<br>若你 打出或已打出神射追踪者本回合, 抽一张牌.",draft,pass9b
car_39c5ff6d86ac,cards_sheet,key,EFFECT_FLEETINGHOPEDJINN,EFFECT_FLEETINGHOPEDJINN,${LABEL_REWARD} Gain ${ICON_HONOR5}. Add two cards to your Dreamscape.,${LABEL_REWARD} 获得${ICON_HONOR5}. 加入两卡牌以 你的梦境.,draft,
car_2de3eaebc20d,cards_sheet,key,EFFECT_FLOURISHINGDRUIDESS,EFFECT_FLOURISHINGDRUIDESS,"Empower <i>(When you acquire this, you may banish a card you have played this turn.)</i><br>Gain ${ICON_RUNE2}. If you have more ${ICON_HONOR} than every other player, gain an additional ${ICON_RUNE1}.","赋力 <i>(当你获取此牌时，你可以放逐一张已打出的卡牌本回合.)</i><br>获得${ICON_RUNE2}. 若你 拥有更多 ${ICON_HONOR} 于每个其他玩家, 获得额外的 ${ICON_RUNE1}.",draft,pass9b;pass9c;pass11
car_8a6e01fc6dd0,cards_sheet,key,EFFECT_FLYTRAPFAIRY,EFFECT_FLYTRAPFAIRY,"Gain ${ICON_RUNE1}, ${ICON_HONOR1}, and ${ICON_INSIGHT1}.","获得${ICON_RUNE1}, ${ICON_HONOR1}, 和 ${ICON_INSIGHT1}.",draft,
car_89a2570c4dff,cards_sheet,key,EFFECT_FLYTRAPSTAFF,EFFECT_FLYTRAPSTAFF,"Once per turn, if you have played two or more Lifebound cards (including this one), gain ${ICON_HONOR2}.","每回合一次，若你已打出两 或更高命约卡牌 (包括此牌), 获得${ICON_HONOR2}.",draft,pass9b
car_4f7335e1fc7f,cards_sheet,key,EFFECT_FLYTRAPWITCH10TH,EFFECT_FLYTRAPWITCH10TH,Gain ${ICON_HONOR2}.<br>Draw a card.,获得${ICON_HONOR2}.<br>抽一张牌.,draft,
car_1589b13006b6,cards_sheet,key,EFFECT_FORESTEMISSARY,EFFECT_FORESTEMISSARY,Draw a card.<br>Unite-Emissary: Gain ${ICON_HONOR2}. (Gain this effect once if you play or have played another Emissary this turn.),抽一张牌.<br>联合-使者: 获得${ICON_HONOR2}. (获得此效果一次若 你打出或已打出另一使者本回合.),draft,pass9b
car_324a34a449fe,cards_sheet,key,EFFECT_FORGEMASTERSSUIT,EFFECT_FORGEMASTERSSUIT,"Once per turn, when you play a Mechana Construct (including this one) or if you control a Temple, gain ${ICON_HONOR1}.","每回合一次，当你打出机械神器 (包括此牌) 或若 你控制的神殿, 获得${ICON_HONOR1}.",draft,pass9b
car_ab30694d90fd,cards_sheet,key,EFFECT_FORGEMOTHERREYSA,EFFECT_FORGEMOTHERREYSA,Choose one: Draw a card OR acquire any number of Constructs in the center row without paying their cost.,选择一项：抽一张牌，或获取中央牌列任意数量的神器无需支付其费用.,draft,pass9b;pass11
car_1dc42d1bc1b7,cards_sheet,key,EFFECT_FORGOTTENSCRIPTURE,EFFECT_FORGOTTENSCRIPTURE,"If you have played two or more Enlightened Heroes this turn, transform this into Mantra of True Sight.","若你打出过两 或更高圣贤英雄本回合, 将此牌转化为真言的 真正视界.",draft,
car_99e48d7251ce,cards_sheet,key,EFFECT_FORRESTBEASTWARDEN,EFFECT_FORRESTBEASTWARDEN,"Gain ${ICON_RUNE2}.<br>Once this turn, you may acquire a Hero in the void as though it were in the center row.","获得${ICON_RUNE2}.<br>本回合一次, 你可以获取一个英雄在 虚空区视为在中央牌列.",draft,pass9b
car_23c63f9ff31f,cards_sheet,key,EFFECT_FOUNDATIONBURROWER,EFFECT_FOUNDATIONBURROWER,${LABEL_REWARD} Gain ${ICON_HONOR1}. You may banish a card in the center row.,${LABEL_REWARD} 获得${ICON_HONOR1}. 你可以放逐中央牌列的一张卡牌.,draft,pass11
car_08272578a3b0,cards_sheet,key,EFFECT_FOUNDRYHOUND,EFFECT_FOUNDRYHOUND,"Once per turn, if you play a Mechana Contruct (including this one) or if it is Day, gain ${ICON_RUNE2}.","每回合一次，若你 打出机械神器 (包括此牌) 或若 它为 昼, 获得${ICON_RUNE2}.",draft,pass9b
car_256892699549,cards_sheet,key,EFFECT_GARDENATTENDANT,EFFECT_GARDENATTENDANT,Gain ${ICON_INSIGHT1}.<br>Draw a card.,获得${ICON_INSIGHT1}.<br>抽一张牌.,draft,
car_eb27ec176c83,cards_sheet,key,EFFECT_GEARSEER,EFFECT_GEARSEER,"${LABEL_PHANTASM}While this is in the center row, you may pay ${ICON_INSIGHT6} to banish and play this.<br>Gain ${ICON_RUNE3}.","${LABEL_PHANTASM}当此牌在中央牌列, 你可以支付 ${ICON_INSIGHT6} 放逐并打出此牌.<br>获得${ICON_RUNE3}.",draft,pass9b;pass9c
car_7751d68219c0,cards_sheet,key,EFFECT_GEMCATCHERSPIRIT,EFFECT_GEMCATCHERSPIRIT,Draw a card.,抽一张牌.,draft,
car_fde6cb5c0f1c,cards_sheet,key,EFFECT_GEMEATERLEPRECHAUN,EFFECT_GEMEATERLEPRECHAUN,Gain ${ICON_RUNE2} and ${ICON_ENERGY2}.,获得${ICON_RUNE2} 和 ${ICON_ENERGY2}.,draft,
car_bcd9781537e0,cards_sheet,key,EFFECT_GENESISCAPSULE,EFFECT_GENESISCAPSULE,"Once per turn, when you acquire a Lifebound Hero or Mechana Construct, you may put it on top of your deck.","每回合一次，当你获取命约英雄或 机械神器, 你可以将它放置放到你的牌库顶.",draft,pass9b
car_9c2357e5e1fa,cards_sheet,key,EFFECT_GIANTRAT,EFFECT_GIANTRAT,"Any card underneath Giant Rat cannot be acquired, banished, or defeated until Giant Rat is banished or defeated.<br>${LABEL_REWARD} Gain ${ICON_HONOR1}.",置于巨鼠下方的任何卡牌，在巨鼠被放逐或击败之前，不能被获取、放逐或击败。<br>${LABEL_REWARD} 获得 ${ICON_HONOR1}。,draft,pass12
car_936ac0d2361e,cards_sheet,key,EFFECT_GLOVERDREAMTITAN,EFFECT_GLOVERDREAMTITAN,${LABEL_REWARD} Gain ${ICON_HONOR7}.<br>Choose a player and take all of their ${ICON_INSIGHT} and a random card from their hand.<br>Add that card to your hand.,${LABEL_REWARD} 获得${ICON_HONOR7}.<br>选择一名玩家和 拿取所有的 其 ${ICON_INSIGHT} 和随机卡牌从其手牌.<br>加入该卡牌以 你的手牌.,draft,
car_c31e5bd4d52e,cards_sheet,key,EFFECT_GNOMEREPAIRBOT,EFFECT_GNOMEREPAIRBOT,"Once per turn, you may put a Mechana Construct from your discard pile on top of your deck.",每回合一次，你可以放置机械神器从 你的弃牌堆放到你的牌库顶.,draft,
car_a6a688aaddbe,cards_sheet,key,EFFECT_GRANDARBITERTODD,EFFECT_GRANDARBITERTODD,"Empower <i>(When you acquire this, you may banish a card you have played this turn.)</i><br>Draw two cards.<br>Banish a card in your hand. If you banished a Monster this way, draw an additional card.","赋力 <i>(当你获取此牌时，你可以放逐一张已打出的卡牌本回合.)</i><br>抽两张牌.<br>从你的手牌放逐一张卡牌. 若你 被放逐怪物以此方式, 额外抽一张牌.",draft,pass9b;pass9c;pass11
car_3827906ad66b,cards_sheet,key,EFFECT_GRANGER,EFFECT_GRANGER,Gain ${ICON_RUNE1} and ${ICON_HONOR1}.<br>${LABEL_UNITE} Gain ${ICON_RUNE1} and ${ICON_HONOR1}. <i>(Gain this effect once if you play or have played another Lifebound Hero this turn.)</i>,获得${ICON_RUNE1} 和 ${ICON_HONOR1}.<br>${LABEL_UNITE} 获得${ICON_RUNE1} 和 ${ICON_HONOR1}. <i>(获得此效果一次若 你打出或已打出另一命约英雄本回合.)</i>,draft,pass9b
car_703430462fb6,cards_sheet,key,EFFECT_GRAVEGOLEM,EFFECT_GRAVEGOLEM,${LABEL_REWARD} Gain ${ICON_HONOR4}. Each opponent reveals the top card of their deck and puts it into their discard pile. Choose a Hero revealed this way and copy its effect.,${LABEL_REWARD} 获得${ICON_HONOR4}. 每位对手展示顶部卡牌的 其牌库和 放置它 置入其弃牌堆. 选择一个英雄已展示以此方式和 复制其效果.,draft,
car_b8f449edbf17,cards_sheet,key,EFFECT_GREASEMONK,EFFECT_GREASEMONK,Gain ${ICON_RUNE1}.<br>You may pay ${ICON_RUNE1} less the next time you acquire a Construct this turn.,获得${ICON_RUNE1}.<br>你可以少支付 ${ICON_RUNE1}下次你获取神器本回合.,draft,pass9b
car_6653a50c05a9,cards_sheet,key,EFFECT_GREATOMENRAVEN,EFFECT_GREATOMENRAVEN,"Name a card.  Reveal the top card of your deck and put it into your hand.  If it is the named card, gain ${ICON_HONOR3}.","命名卡牌. 展示你牌库顶的卡牌和 将其放入你的手牌. 若它 为被命名为卡牌, 获得${ICON_HONOR3}.",draft,pass9b
car_1360980411fa,cards_sheet,key,EFFECT_GREENSPRITELINGS,EFFECT_GREENSPRITELINGS,"${LABEL_PHANTASM}While this is in the center row, you may pay ${ICON_INSIGHT4} to banish and play this.<br>Gain ${ICON_HONOR3}.","${LABEL_PHANTASM}当此牌在中央牌列, 你可以支付 ${ICON_INSIGHT4} 放逐并打出此牌.<br>获得${ICON_HONOR3}.",draft,pass9b;pass9c
car_cab96a940098,cards_sheet,key,EFFECT_GROWMITES,EFFECT_GROWMITES,${LABEL_REWARD} Gain ${ICON_HONOR2}.,${LABEL_REWARD} 获得${ICON_HONOR2}.,draft,
car_8e441b17a672,cards_sheet,key,EFFECT_GUARDIANOFSADRANIS,EFFECT_GUARDIANOFSADRANIS,"Gain ${ICON_POWER1}.<br>The next time you defeat a Monster in the center row or the Void this turn, gain ${ICON_HONOR2}.","获得${ICON_POWER1}.<br>下次你在中央牌列击败一个怪物或 虚空区本回合, 获得${ICON_HONOR2}.",draft,pass11
car_2ee70d39df94,cards_sheet,key,EFFECT_GUIDEOFLOSTSOULS,EFFECT_GUIDEOFLOSTSOULS,"You may banish a card in your hand or discard pile. If you do, replace it with a Mystic or Heavy Infantry.",你可以从你的手牌或弃牌堆放逐一张卡牌. 若如此做，将它替换以 秘教士或 重装步兵.,draft,pass9b
car_bd5e940c3ca2,cards_sheet,key,EFFECT_HAUNTINGSPECTER,EFFECT_HAUNTINGSPECTER,${LABEL_REWARD} Gain ${ICON_HONOR4}.  You may banish up to two cards in your hand and/or discard pile.,${LABEL_REWARD} 获得${ICON_HONOR4}. 你可以放逐至多两 卡牌在你的手牌中和/或弃牌堆.,draft,
car_aac14c3fd835,cards_sheet,key,EFFECT_HEARTHGLOWCLIQUE,EFFECT_HEARTHGLOWCLIQUE,"Empower <i>(When you acquire this, you may banish a card you have played this turn.)</i><br>Gain ${ICON_RUNE2} and ${ICON_HONOR2}.<br>${LABEL_UNITE} Draw a card.",赋力 <i>(当你获取此牌时，你可以放逐一张已打出的卡牌本回合.)</i><br>获得${ICON_RUNE2} 和 ${ICON_HONOR2}.<br>${LABEL_UNITE} 抽一张牌.,draft,pass9b;pass9c;pass11
car_8eab084a9058,cards_sheet,key,EFFECT_HEAVYINFANTRY,EFFECT_HEAVYINFANTRY,Gain ${ICON_POWER2}.,获得2战力。,draft,
car_5d4ee8456883,cards_sheet,key,EFFECT_HEAVYINFANTRY10TH,EFFECT_HEAVYINFANTRY10TH,Gain ${ICON_POWER2}.,获得${ICON_POWER2}.,draft,
car_b09b9c8d4ff0,cards_sheet,key,EFFECT_HEAVYINFANTRYROV,EFFECT_HEAVYINFANTRYROV,Gain ${ICON_POWER2}.,获得${ICON_POWER2}.,draft,
car_004d28e090a3,cards_sheet,key,EFFECT_HEAVYINFANTRYRU,EFFECT_HEAVYINFANTRYRU,Gain ${ICON_POWER2}.,获得${ICON_POWER2}.,draft,
car_352bab41039c,cards_sheet,key,EFFECT_HEAVYINFANTRYSOS,EFFECT_HEAVYINFANTRYSOS,Gain ${ICON_POWER2}.,获得${ICON_POWER2}.,draft,
car_9283f4f899f7,cards_sheet,key,EFFECT_HECTICSCRIBE,EFFECT_HECTICSCRIBE,"Draw two cards, then discard two cards.","抽两张牌, 然后弃掉两 卡牌.",draft,
car_83f51484e74f,cards_sheet,key,EFFECT_HEDRONBERSERKER,EFFECT_HEDRONBERSERKER,"Gain ${ICON_RUNE3} or ${ICON_POWER3}. If you control three or more Constructs, gain both instead.","获得${ICON_RUNE3} 或 ${ICON_POWER3}. 若你控制三件或更多神器, 改为获得两者.",draft,pass9b;pass11
car_0d000568cbae,cards_sheet,key,EFFECT_HEDRONCANNON,EFFECT_HEDRONCANNON,"Once per turn, gain ${ICON_POWER1} for each Mechana Construct you control.",每回合一次，你每控制一个机械神器，获得1战力。,draft,
car_f693dc697ca6,cards_sheet,key,EFFECT_HEDRONCANNON10TH,EFFECT_HEDRONCANNON10TH,"Once per turn, gain ${ICON_POWER1} for each Mechana Construct you control.",每回合一次，获得${ICON_POWER1} 你控制的每件机械神器.,draft,pass9c
car_53f8bbbd1288,cards_sheet,key,EFFECT_HEDRONDREDGER,EFFECT_HEDRONDREDGER,"Once per turn, if you control three or more Mechana Constructs, you may Energize a Construct you control.","每回合一次，若你控制的三 或更高机械神器, 你可以充能神器你控制的.",draft,
car_04e1b7044cf4,cards_sheet,key,EFFECT_HEDRONFLARE,EFFECT_HEDRONFLARE,"Once per turn, you may acquire a Mechana Hero in the center row without paying its cost.",每回合一次，你可以获取机械英雄在中央牌列无需支付费用.,draft,
car_fb94aac348b4,cards_sheet,key,EFFECT_HEDRONLINKDEVICE,EFFECT_HEDRONLINKDEVICE,You may treat all Constructs as Mechana Constructs.,你可以将所有神器视为机械神器。,draft,
car_32fb0f6fa858,cards_sheet,key,EFFECT_HEDRONLINKDEVICE10TH,EFFECT_HEDRONLINKDEVICE10TH,You may treat all Constructs as Mechana Constructs.,你可以将所有神器作为机械神器.,draft,pass9b
car_ef8a5c9cd94b,cards_sheet,key,EFFECT_HEDRONPYROMANIAC,EFFECT_HEDRONPYROMANIAC,Gain ${ICON_RUNE2}.<br>You may destroy a Construct you control to gain a Soul Gem.,获得${ICON_RUNE2}.<br>你可以摧毁一个神器你控制的以 获得灵魂宝石.,draft,
car_ace847b15546,cards_sheet,key,EFFECT_HEDRONRISING,EFFECT_HEDRONRISING,"All Constructs are also Mechana Constructs.<br>${LABEL_EVENT_TROPHY} When a Construct you control would be destroyed, you may prevent it from being destroyed.",所有神器也视为机械神器。<br>${LABEL_EVENT_TROPHY} 当你控制的神器将被摧毁时，你可以防止其被摧毁。,draft,pass9b;pass12
car_2a029437e4c2,cards_sheet,key,EFFECT_HEDRONWATCHTOWER,EFFECT_HEDRONWATCHTOWER,"Once per turn, when you acquire a Mechana card, gain ${ICON_HONOR} equal to that card's ${ICON_HONOR} value.","每回合一次，当你获取机械卡牌, 获得${ICON_HONOR} 等同于 该卡牌之 ${ICON_HONOR} 值.",draft,pass9b;pass11
car_afd9a33f1393,cards_sheet,key,EFFECT_HELLFROSTIMPS,EFFECT_HELLFROSTIMPS,${LABEL_REWARD} Gain ${ICON_HONOR2}. You may defeat a Monster in the center row named Hellfrost Imps without paying its cost.,${LABEL_REWARD} 获得${ICON_HONOR2}. 你可以在中央牌列击败一个怪物被命名为狱霜小恶魔无需支付费用.,draft,pass11
car_f6d09e1efb21,cards_sheet,key,EFFECT_HELLSTRINGBLADES,EFFECT_HELLSTRINGBLADES,${LABEL_REWARD} Gain ${ICON_HONOR5}. Choose and destroy up to two Constructs in play.,${LABEL_REWARD} 获得${ICON_HONOR5}. 选择和 摧毁至多两 神器在打出.,draft,pass9b
car_a29a3a26086b,cards_sheet,key,EFFECT_HERALDOFDOOM,EFFECT_HERALDOFDOOM,${LABEL_REWARD} Gain ${ICON_HONOR6}. Acquire or defeat a card in the center row without paying its cost.,${LABEL_REWARD} 获得${ICON_HONOR6}. 获取或 击败卡牌在中央牌列无需支付费用.,draft,
car_d71e5284fca1,cards_sheet,key,EFFECT_HOARDINGTYRANT,EFFECT_HOARDINGTYRANT,${LABEL_REWARD} Gain ${ICON_HONOR4}.,${LABEL_REWARD} 获得${ICON_HONOR4}.,draft,
car_0d1701ed3ba6,cards_sheet,key,EFFECT_HOARDINGWHELP,EFFECT_HOARDINGWHELP,${LABEL_REWARD} Gain ${ICON_HONOR2}.,${LABEL_REWARD} 获得${ICON_HONOR2}.,draft,
car_7bce9883888a,cards_sheet,key,EFFECT_HONEYSIREN,EFFECT_HONEYSIREN,"Gain ${ICON_RUNE2}.  The next time you acquire a Hero this turn, you may put it on top of your deck.","获得${ICON_RUNE2}. 下次你获取一个英雄本回合, 你可以将它放置放到你的牌库顶.",draft,
car_62a5638cdbbe,cards_sheet,key,EFFECT_HONISKROTCHIEFTAIN,EFFECT_HONISKROTCHIEFTAIN,Gain ${ICON_RUNE3}.,获得${ICON_RUNE3}.,draft,
car_f41787e12026,cards_sheet,key,EFFECT_HONISKROTTRIBESMAN,EFFECT_HONISKROTTRIBESMAN,Gain ${ICON_RUNE1}.,获得${ICON_RUNE1}.,draft,
car_f4ac056941da,cards_sheet,key,EFFECT_HULKINGCRAB,EFFECT_HULKINGCRAB,${LABEL_REWARD} Gain ${ICON_HONOR4}. Each opponent destroys half of their Constructs rounded up.,${LABEL_REWARD} 获得 ${ICON_HONOR4}。每位对手摧毁其神器数量的一半（向上取整）。,draft,pass9b;pass12
car_9f6411c7840b,cards_sheet,key,EFFECT_HURRASSEASFURY,EFFECT_HURRASSEASFURY,${LABEL_REWARD} Gain ${ICON_HONOR4}. Gain ${ICON_LIFE} and ${ICON_DEATH}.,${LABEL_REWARD} 获得${ICON_HONOR4}. 获得${ICON_LIFE} 和 ${ICON_DEATH}.,draft,
car_a68081d7b211,cards_sheet,key,EFFECT_HURRICANEWARLOCK,EFFECT_HURRICANEWARLOCK,${LABEL_REWARD} Gain ${ICON_HONOR2}. Draw a card.,${LABEL_REWARD} 获得${ICON_HONOR2}. 抽一张牌.,draft,
car_5663c71606ff,cards_sheet,key,EFFECT_ID34DETECTOR,EFFECT_ID34DETECTOR,"Once per turn, when you play a Mechana Construct (including this one), gain ${ICON_INSIGHT1}.","每回合一次，当你打出机械神器 (包括此牌), 获得${ICON_INSIGHT1}.",draft,pass9b
car_b2d73d21c544,cards_sheet,key,EFFECT_IKUSMINIONS,EFFECT_IKUSMINIONS,This costs ${ICON_POWER2} less to defeat if you control a Temple.<br>${LABEL_REWARD} Gain ${ICON_HONOR4}. You may banish a card in your hand or discard pile.,若你控制神殿，击败费用降低 ${ICON_POWER2}.<br>${LABEL_REWARD} 获得${ICON_HONOR4}. 你可以从你的手牌或弃牌堆放逐一张卡牌.,draft,pass9b;pass9c;pass11
car_ccfaf12498b6,cards_sheet,key,EFFECT_IKUVALLEYTYRANT,EFFECT_IKUVALLEYTYRANT,This costs ${ICON_POWER2} less to defeat for each Temple you control.<br>${LABEL_REWARD} Gain ${ICON_HONOR8}.,击败费用降低 ${ICON_POWER2}以 每个神殿你控制的.<br>${LABEL_REWARD} 获得${ICON_HONOR8}.,draft,pass9b;pass9c
car_c5bdfd824bda,cards_sheet,key,EFFECT_ILLIYATHEDEMONBORN,EFFECT_ILLIYATHEDEMONBORN,Gain ${ICON_POWER4}.,获得${ICON_POWER4}.,draft,
car_5be9976dbb6c,cards_sheet,key,EFFECT_IMAGINATIVEMATRON,EFFECT_IMAGINATIVEMATRON,"Draw a card, then discard a card.<br>${LABEL_UNITE} Return a card from your discard pile to your hand.",抽一张牌，然后弃一张牌。<br>${LABEL_UNITE} 从你的弃牌堆将一张牌收回手牌。,draft,pass11b;pass12
car_e47844031779,cards_sheet,key,EFFECT_INFERNATEMPLAR,EFFECT_INFERNATEMPLAR,"Draw a card.<br>If you control two or more Constructs, draw an additional card.",抽一张牌.<br>若你控制两件或更多神器， 额外抽一张牌.,draft,pass9b;pass9c
car_2b4896ec76af,cards_sheet,key,EFFECT_INITIATESGAUNTLETS,EFFECT_INITIATESGAUNTLETS,"If you have played two or more Void Heroes this turn, transform this into Clutch of Darkness.","若你打出过两 或更高虚空英雄本回合, 将此牌转化为黑暗之握.",draft,
car_135d66d8af1f,cards_sheet,key,EFFECT_INNOVATIVEASPIRANT,EFFECT_INNOVATIVEASPIRANT,"Empower <i>(When you acquire this, you may banish a card you have played this turn.)</i><br>Gain ${ICON_RUNE1} and ${ICON_POWER1}.",赋力 <i>(当你获取此牌时，你可以放逐一张已打出的卡牌本回合.)</i><br>获得${ICON_RUNE1} 和 ${ICON_POWER1}.,draft,pass9b;pass9c;pass11
car_a3cdcaedf4d4,cards_sheet,key,EFFECT_INQUARRYHYDRA,EFFECT_INQUARRYHYDRA,"Once per turn, gain ${ICON_INSIGHT1} for each Mechana Contruct you control (including this one).",每回合一次，获得${ICON_INSIGHT1} 你控制的每件机械神器 (包括此牌).,draft,pass9b;pass9c
car_f4d0c5b3dba0,cards_sheet,key,EFFECT_INSPIREDTEMPLAR,EFFECT_INSPIREDTEMPLAR,Defeat a Monster with cost ${ICON_POWER4} or less without paying its cost.,击败一个怪物以 费用 ${ICON_POWER4} 或更低无需支付费用.,draft,
car_80fcc12feda4,cards_sheet,key,EFFECT_INVOKIST,EFFECT_INVOKIST,"${LABEL_PHANTASM}While this is in the center row, you may pay ${ICON_INSIGHT4} to banish and play this.<br>Gain ${ICON_POWER3}.","${LABEL_PHANTASM}当此牌在中央牌列, 你可以支付 ${ICON_INSIGHT4} 放逐并打出此牌.<br>获得${ICON_POWER3}.",draft,pass9b;pass9c
car_e8808ce614ed,cards_sheet,key,EFFECT_IRONELEMENTAL,EFFECT_IRONELEMENTAL,"Gain ${ICON_RUNE2}.<br>If this is banished from anywhere during your turn, gain ${ICON_RUNE2}.","获得${ICON_RUNE2}.<br>若此 为被放逐从 任意处在期间你的回合, 获得${ICON_RUNE2}.",draft,
car_b2e341c1d524,cards_sheet,key,EFFECT_IRONHEARTBLUEPRINT,EFFECT_IRONHEARTBLUEPRINT,"You may pay ${ICON_INSIGHT15} to transform this into The Ironheart.<br>Once per turn, gain ${ICON_INSIGHT1} for each Mechana Construct you contol.",你可以支付 ${ICON_INSIGHT15} 以将此牌转化为铁之心.<br>每回合一次，获得${ICON_INSIGHT1} 以每个机械神器你 控制.,draft,
car_0a3b03031564,cards_sheet,key,EFFECT_IRONHEARTENGINE,EFFECT_IRONHEARTENGINE,"Once per turn, when you play a Mechana Construct (including this one), gain ${ICON_RUNE3}.","每回合一次，当你打出机械神器 (包括此牌), 获得${ICON_RUNE3}.",draft,pass9b
car_76ec47c7e25c,cards_sheet,key,EFFECT_ISHATHEPURSUER,EFFECT_ISHATHEPURSUER,"Gain ${ICON_POWER3}.<br>The next time you defeat a Monster this turn, gain ${ICON_RUNE} equal to the defeated Monster's ${ICON_POWER} cost.","获得${ICON_POWER3}.<br>下次你击败一个怪物本回合, 获得${ICON_RUNE} 等同于 被击败怪物之 ${ICON_POWER} 费用.",draft,pass11
car_e86f9c353fdf,cards_sheet,key,EFFECT_ISLASERENEPRODIGY,EFFECT_ISLASERENEPRODIGY,"Acquire a Hero or Construct in the center row without paying its cost.<br>Shuffle Isla, Serene Prodigy and your discard pile into your deck.",无需支付费用获取中央牌列的一张英雄或神器.<br>将伊斯拉·宁静神童与你的弃牌堆洗入你的牌库.,draft,pass11b
car_d5400ddc44bf,cards_sheet,key,EFFECT_JAKEBCOBRAKING,EFFECT_JAKEBCOBRAKING,"Gain ${ICON_HONOR6}.<br>When you gain ${ICON_HONOR} from another card this turn, gain twice that much ${ICON_HONOR} instead.","获得${ICON_HONOR6}.<br>当你 获得${ICON_HONOR} 从另一卡牌本回合, 获得两次该 等量的 ${ICON_HONOR} 改为.",draft,
car_b56a3245b74d,cards_sheet,key,EFFECT_JAKEBCOBRASHAMAN,EFFECT_JAKEBCOBRASHAMAN,Gain ${ICON_HONOR3}.,获得${ICON_HONOR3}.,draft,
car_97b1f0b498c2,cards_sheet,key,EFFECT_JOURNEYMANOUTRIDER,EFFECT_JOURNEYMANOUTRIDER,Acquire a Hero or Construct with cost ${ICON_RUNE5} or less without paying its cost.,获取一个英雄或 神器以 费用 ${ICON_RUNE5} 或更低无需支付费用.,draft,
car_ec842744d1eb,cards_sheet,key,EFFECT_JOURNEYMANSAGE,EFFECT_JOURNEYMANSAGE,"Banish a Hero in your hand.  If you do, acquire a Hero with ${ICON_HONOR} value up to one more than that of the banished card and put it in your hand.",放逐一个英雄在你的手牌中. 若如此做，获取一个英雄以 ${ICON_HONOR} 值至多一 超过该 的被放逐卡牌并将其放入你的手牌.,draft,pass9b;pass11
car_89a088265813,cards_sheet,key,EFFECT_JUBILANTMONK,EFFECT_JUBILANTMONK,"Reveal the top card of your deck and put it into your hand. Repeat this effect until you reveal a card other than a Mystic, Heavy Infantry, or Enlightened card.","展示你牌库顶的卡牌和 将其放入你的手牌. 重复此效果直到你 展示卡牌其他于 秘教士, 重装步兵, 或圣贤卡牌.",draft,pass9b
car_9fe1350f1188,cards_sheet,key,EFFECT_KANZIRTHERAVAGER,EFFECT_KANZIRTHERAVAGER,${LABEL_REWARD} Gain ${ICON_HONOR5}. Each opponent loses control of all Temples and destroys all Constructs they control.,${LABEL_REWARD} 获得 ${ICON_HONOR5}。每位对手失去其控制的所有神殿，并摧毁其控制的所有神器。,draft,pass9b;pass12
car_05294371444d,cards_sheet,key,EFFECT_KARION,EFFECT_KARION,${LABEL_REWARD} Gain ${ICON_HONOR5} and ${ICON_INSIGHT10}.,${LABEL_REWARD} 获得${ICON_HONOR5} 和 ${ICON_INSIGHT10}.,draft,
car_67b96692b99e,cards_sheet,key,EFFECT_KEENEYEDASPIRANT,EFFECT_KEENEYEDASPIRANT,"Empower <i>(When you acquire this, you may banish a card you have played this turn.)</i><br>Gain ${ICON_RUNE1} and ${ICON_HONOR1}.",赋力 <i>(当你获取此牌时，你可以放逐一张已打出的卡牌本回合.)</i><br>获得${ICON_RUNE1} 和 ${ICON_HONOR1}.,draft,pass9b;pass9c;pass11
car_5bf6aace42b4,cards_sheet,key,EFFECT_KEEPEROFSECRETS,EFFECT_KEEPEROFSECRETS,"Banish a card in your hand and replace it with a Mystic or Heavy Infantry.<br>If you play or have played a Mystic and a Heavy Infantry this turn, gain ${ICON_DEATH}.","从你的手牌放逐一张卡牌并将其替换以 秘教士或 重装步兵.<br>若你 打出或已打出秘教士和 重装步兵本回合, 获得${ICON_DEATH}.",draft,pass9b
car_c83b79836bb2,cards_sheet,key,EFFECT_KIRIMEADOWWITCH,EFFECT_KIRIMEADOWWITCH,Draw a card.<br>${LABEL_UNITE} Gain ${ICON_HONOR5}.,抽一张牌.<br>${LABEL_UNITE} 获得${ICON_HONOR5}.,draft,
car_fbc5e4d788e6,cards_sheet,key,EFFECT_KIRIMEADOWWITCHETER,EFFECT_KIRIMEADOWWITCHETER,"Draw a card.<br>${LABEL_UNITE} If you play or have played a Lifebound Hero this turn, gain ${ICON_HONOR5}.","抽一张牌.<br>${LABEL_UNITE} 若你 打出或已打出命约英雄本回合, 获得${ICON_HONOR5}.",draft,pass9b
car_cdd771ca79d1,cards_sheet,key,EFFECT_KORMASTERINNOVATOR,EFFECT_KORMASTERINNOVATOR,"Gain ${ICON_POWER4}.<br>If you control two or more Constructs, draw two cards.",获得${ICON_POWER4}.<br>若你控制两件或更多神器， 抽两张牌.,draft,pass9b;pass9c
car_e24d0f7a9d20,cards_sheet,key,EFFECT_KORPSEMAKER,EFFECT_KORPSEMAKER,"Once per turn, when you play a Mechana Construct (including this one), gain ${ICON_POWER2}.","每回合一次，当你打出机械神器 (包括此牌), 获得${ICON_POWER2}.",draft,pass9b
car_8c154504717c,cards_sheet,key,EFFECT_KORTHEFERROMANCER,EFFECT_KORTHEFERROMANCER,Gain ${ICON_POWER2}.<br>Draw a card if you control 2 or more Constructs.,获得${ICON_POWER2}.<br>若你控制两件或更多神器，抽一张牌。,draft,pass9b;pass11;pass11b
car_ccc26f531a9f,cards_sheet,key,EFFECT_KORTHEFERROMANCER10TH,EFFECT_KORTHEFERROMANCER10TH,"Gain ${ICON_POWER2}.<br>If you control 2 or more Constructs,<br>draw a card.","获得${ICON_POWER2}.<br>若你控制两件或更多神器,<br>抽一张牌.",draft,pass9b;pass11
car_2134837a2ec7,cards_sheet,key,EFFECT_KORTHEIRONMIND,EFFECT_KORTHEIRONMIND,"Gain ${ICON_RUNE2} and ${ICON_POWER2}.<br>If you control two or more Constructs, draw a card.",获得${ICON_RUNE2} 和 ${ICON_POWER2}.<br>若你控制两件或更多神器， 抽一张牌.,draft,pass9b;pass9c
car_20a8b1638958,cards_sheet,key,EFFECT_KORWORLDBREAKER,EFFECT_KORWORLDBREAKER,"Gain ${ICON_RUNE2} and draw a card.<br>If you play or have played at least two other Lifebound Heroes this turn, gain ${ICON_POWER6}.",获得 ${ICON_RUNE2} 并抽一张牌。<br>若你本回合打出或已打出至少两张其他命约英雄，获得 ${ICON_POWER6}。,draft,pass9b;pass12
car_68000382c89b,cards_sheet,key,EFFECT_KYL3REPAIRBOT,EFFECT_KYL3REPAIRBOT,"Once per turn, when you play a Mechana Construct (including this one) or if you control a Temple, draw a card.","每回合一次，当你打出机械神器 (包括此牌) 或若 你控制的神殿, 抽一张牌.",draft,pass9b
car_f6212b8c6714,cards_sheet,key,EFFECT_KYTHISREBELGODLING,EFFECT_KYTHISREBELGODLING,${LABEL_REWARD} Gain ${ICON_HONOR8}.,${LABEL_REWARD} 获得${ICON_HONOR8}.,draft,
car_98661ca1d4d8,cards_sheet,key,EFFECT_KYTHISREBELGODLINGV2,EFFECT_KYTHISREBELGODLINGV2,${LABEL_REWARD} Gain ${ICON_HONOR8}.,${LABEL_REWARD} 获得${ICON_HONOR8}.,draft,
car_175fd11408ad,cards_sheet,key,EFFECT_KYTHISTHEGATEKEEPER,EFFECT_KYTHISTHEGATEKEEPER,${LABEL_REWARD} Gain ${ICON_HONOR5} and acquire or defeat the card underneath this without paying its cost.,${LABEL_REWARD} 获得${ICON_HONOR5} 和获取或 击败卡牌其下此 无需支付费用.,draft,
car_73e3aff890dd,cards_sheet,key,EFFECT_LAGOONTROLL,EFFECT_LAGOONTROLL,${LABEL_REWARD} Gain ${ICON_HONOR2}. Draw a card.,${LABEL_REWARD} 获得${ICON_HONOR2}. 抽一张牌.,draft,
car_906fe020974a,cards_sheet,key,EFFECT_LAGOONTROLLETER,EFFECT_LAGOONTROLLETER,${LABEL_REWARD} Gain ${ICON_HONOR2}. Draw a card.,${LABEL_REWARD} 获得${ICON_HONOR2}. 抽一张牌.,draft,
car_90965bd71ab4,cards_sheet,key,EFFECT_LANDISPOTIONS&PIES,EFFECT_LANDISPOTIONS&PIES,"Once per turn, gain ${ICON_HONOR1}.<br><br>${LABEL_UNITE} Gain ${ICON_RUNE1}.",每回合一次，获得${ICON_HONOR1}.<br><br>${LABEL_UNITE} 获得${ICON_RUNE1}.,draft,
car_f01b436a5389,cards_sheet,key,EFFECT_LANDTALKER,EFFECT_LANDTALKER,<sprite=1>,获得3符文。,draft,
car_f5c1dea8fd11,cards_sheet,key,EFFECT_LANDTALKER10TH,EFFECT_LANDTALKER10TH,Gain ${ICON_RUNE3}.,获得${ICON_RUNE3}.,draft,
car_fc3258db5b60,cards_sheet,key,EFFECT_LEGENDARYBOONENLIGHTENED,EFFECT_LEGENDARYBOONENLIGHTENED,Acquire or defeat any Enlightened card from the Center Row without paying its cost.,获取或 击败任意圣贤卡牌从 中央牌列无需支付费用.,draft,pass9b
car_0b52622308b4,cards_sheet,key,EFFECT_LEGENDARYBOONLIFEBOUND,EFFECT_LEGENDARYBOONLIFEBOUND,Acquire or defeat any Lifebound card from the Center Row without paying its cost.,获取或 击败任意命约卡牌从 中央牌列无需支付费用.,draft,pass9b
car_a2a9e1deda38,cards_sheet,key,EFFECT_LEGENDARYBOONMECHANA,EFFECT_LEGENDARYBOONMECHANA,Acquire or defeat any Mechana card from the Center Row without paying its cost.,获取或 击败任意机械卡牌从 中央牌列无需支付费用.,draft,
car_46fe7b849163,cards_sheet,key,EFFECT_LEGENDARYBOONVOID,EFFECT_LEGENDARYBOONVOID,Acquire or defeat any Void card from the Center Row without paying its cost.,获取或 击败任意虚空卡牌从 中央牌列无需支付费用.,draft,
car_57969af3edde,cards_sheet,key,EFFECT_LEGENDCETRA,EFFECT_LEGENDCETRA,"Once this turn, you may put a Hero from your discard pile on top of your deck.","本回合一次, 你可以放置英雄从 你的弃牌堆放到你的牌库顶.",draft,pass9b
car_c13620e4c233,cards_sheet,key,EFFECT_LEGENDEMRI,EFFECT_LEGENDEMRI,"Once this turn, gain ${ICON_POWER2}.","本回合一次, 获得${ICON_POWER2}.",draft,pass9b
car_e84392916b06,cards_sheet,key,EFFECT_LEGENDKOR,EFFECT_LEGENDKOR,"Once this turn, gain ${ICON_RUNE2}.","本回合一次, 获得${ICON_RUNE2}.",draft,pass9b
car_e86a4702bfeb,cards_sheet,key,EFFECT_LEGENDMASTERDHARTHA,EFFECT_LEGENDMASTERDHARTHA,"Once this turn, draw a card.","本回合一次, 抽一张牌.",draft,pass9b
car_6f635c5e98e9,cards_sheet,key,EFFECT_LEGENDNAIRA,EFFECT_LEGENDNAIRA,"Once this turn, gain ${ICON_HONOR2}.","本回合一次, 获得${ICON_HONOR2}.",draft,pass9b
car_3910c519e705,cards_sheet,key,EFFECT_LEGENDNAKA,EFFECT_LEGENDNAKA,"Once this turn, you may banish a card you played this turn.","本回合一次, 你可以放逐一张本回合已打出的卡牌.",draft,pass9b
car_d766eabce26a,cards_sheet,key,EFFECT_LEGENDPRIME,EFFECT_LEGENDPRIME,"Once this turn, you may return a Construct from your discard pile to your hand.","本回合一次, 你可以返回神器从 你的弃牌堆以 你的手牌.",draft,pass9b
car_6234f8f54666,cards_sheet,key,EFFECT_LEGENDULU,EFFECT_LEGENDULU,"Once this turn, gain ${ICON_RENOWN1} in another faction.","本回合一次, 获得${ICON_RENOWN1} 在另一派系.",draft,pass9b
car_eb1899189af2,cards_sheet,key,EFFECT_LEGIONOFAKLYS,EFFECT_LEGIONOFAKLYS,"If all cards in the center row are ${ICON_NIGHT} cards, you may defeat this without paying its cost.<br>${LABEL_REWARD} Gain ${ICON_HONOR5}.","若所有卡牌在中央牌列为 ${ICON_NIGHT} 卡牌, 你可以击败此 无需支付费用.<br>${LABEL_REWARD} 获得${ICON_HONOR5}.",draft,
car_7f60db1df147,cards_sheet,key,EFFECT_LEOTANSFAMILIAR,EFFECT_LEOTANSFAMILIAR,Gain ${ICON_RUNE1}.,获得${ICON_RUNE1}.,draft,
car_1d4de80e9761,cards_sheet,key,EFFECT_LEPRECHAUN,EFFECT_LEPRECHAUN,Gain ${ICON_RUNE2}.  Acquire a Pot of Gold from the End of the Rainbow or from another player's control.,获得${ICON_RUNE2}. 获取一个罐的 金从彩虹尽头或 从另一名玩家的控制.,draft,
car_acb1b254f046,cards_sheet,key,EFFECT_LIBRARYFAMILIAR,EFFECT_LIBRARYFAMILIAR,"Once per turn, when you play an Enlightened Construct or a Mechana Construct (including this one), draw a card.","每回合一次，当你打出圣贤神器或 机械神器 (包括此牌), 抽一张牌.",draft,pass9b
car_9856f381c1ac,cards_sheet,key,EFFECT_LIEUTENANTDUROS,EFFECT_LIEUTENANTDUROS,${LABEL_REWARD} Gain ${ICON_HONOR4}.,${LABEL_REWARD} 获得${ICON_HONOR4}.,draft,
car_78d10bf783cf,cards_sheet,key,EFFECT_LIFEBOUNDINITIATE,EFFECT_LIFEBOUNDINITIATE,<sprite=37>,获得1符文和1荣誉。,draft,
car_fbaeababc2df,cards_sheet,key,EFFECT_LIFEBOUNDINITIATE10TH,EFFECT_LIFEBOUNDINITIATE10TH,Gain ${ICON_RUNE1} and ${ICON_HONOR1}.,获得${ICON_RUNE1} 和 ${ICON_HONOR1}.,draft,
car_30936b263b04,cards_sheet,key,EFFECT_LIFEBOUNDMUSE,EFFECT_LIFEBOUNDMUSE,Acquire a Hero with cost ${ICON_RUNE4} or less without paying its cost.,无需支付费用获取费用为 ${ICON_RUNE4} 或更低的一张英雄.,draft,pass11
car_53649b51bd14,cards_sheet,key,EFFECT_LIFEBOUNDREMNANT,EFFECT_LIFEBOUNDREMNANT,"${LABEL_REWARD} Gain ${ICON_HONOR3}.<br>If you have played or acquired a Lifebound card this turn, gain an additional ${ICON_HONOR2}.","${LABEL_REWARD} 获得${ICON_HONOR3}.<br>若你打出过或 已获取命约卡牌本回合, 获得额外的 ${ICON_HONOR2}.",draft,pass9b
car_cb6801eb469a,cards_sheet,key,EFFECT_LIGHTOFFALSEHOPE,EFFECT_LIGHTOFFALSEHOPE,${LABEL_REWARD} Gain ${ICON_HONOR4}.,${LABEL_REWARD} 获得${ICON_HONOR4}.,draft,
car_1b3d644ceaef,cards_sheet,key,EFFECT_LIONHEART,EFFECT_LIONHEART,Gain ${ICON_HONOR3}.<br>${LABEL_UNITE} Draw a card. <i>(Gain this effect once if you play or have played another Lifebound Hero this turn.)</i>,获得${ICON_HONOR3}.<br>${LABEL_UNITE} 抽一张牌. <i>(获得此效果一次若 你打出或已打出另一命约英雄本回合.)</i>,draft,pass9b
car_1e5be6e662a1,cards_sheet,key,EFFECT_LOADREAMDRAGON,EFFECT_LOADREAMDRAGON,Roll the Delirium Die.,掷谵妄骰。,draft,
car_ca00d8c6ece2,cards_sheet,key,EFFECT_LOAMSPEAKERDRUID,EFFECT_LOAMSPEAKERDRUID,Gain ${ICON_RUNE3}.,获得${ICON_RUNE3}.,draft,
car_1ffd54b4ff2a,cards_sheet,key,EFFECT_LOAMSUMMONER,EFFECT_LOAMSUMMONER,Add a card to your Dreamscape.<br>You may banish a card in your hand or discard pile.,将一张卡牌加入你的梦境.<br>你可以从你的手牌或弃牌堆放逐一张卡牌.,draft,pass9b
car_9276705a646b,cards_sheet,key,EFFECT_LOASLEEPINGDRAGON,EFFECT_LOASLEEPINGDRAGON,Gain ${ICON_INSIGHT3}.<br>Draw a card.,获得${ICON_INSIGHT3}.<br>抽一张牌.,draft,
car_4dc3b38477ac,cards_sheet,key,EFFECT_LOTUSSIREN,EFFECT_LOTUSSIREN,"Gain ${ICON_RUNE2}.<br>Whenever you acquire a Hero or Treasure card from the center row this turn, gain ${ICON_HONOR1}. (Gain ${ICON_HONOR} for each card acquired.)","获得${ICON_RUNE2}.<br>每当你获取一个英雄或 宝藏卡牌从中央牌列本回合, 获得${ICON_HONOR1}. (获得${ICON_HONOR} 以每个卡牌已获取.)",draft,pass9b
car_85014bed2890,cards_sheet,key,EFFECT_LUNAREMBRACE,EFFECT_LUNAREMBRACE,This turn you may spend ${ICON_RUNE} as though it was ${ICON_POWER}.,此回合你可以花费 ${ICON_RUNE} 视为 ${ICON_POWER}.,draft,
car_63b5ac79f88f,cards_sheet,key,EFFECT_LUNARGUARDIAN,EFFECT_LUNARGUARDIAN,Gain ${ICON_RUNE2}.,获得${ICON_RUNE2}.,draft,
car_c66e3f080987,cards_sheet,key,EFFECT_LUNARMATRIARCH,EFFECT_LUNARMATRIARCH,"Gain ${ICON_HONOR5}.<br>Once this turn, you may pay up to ${ICON_RUNE5} to gain that much ${ICON_HONOR}.","获得${ICON_HONOR5}.<br>本回合一次, 你可以支付至多 ${ICON_RUNE5} 以获得该等量的 ${ICON_HONOR}.",draft,pass9b
car_ea1889291218,cards_sheet,key,EFFECT_LUNARPACK,EFFECT_LUNARPACK,Gain ${ICON_RUNE2}.<br>${LABEL_UNITE} Gain ${ICON_INSIGHT2}.,获得${ICON_RUNE2}.<br>${LABEL_UNITE} 获得${ICON_INSIGHT2}.,draft,
car_d14b45da39c2,cards_sheet,key,EFFECT_LUNARSTAG,EFFECT_LUNARSTAG,Gain ${ICON_RUNE2} or ${ICON_HONOR2}.,获得${ICON_RUNE2} 或 ${ICON_HONOR2}.,draft,
car_86b2f8c63b37,cards_sheet,key,EFFECT_LUROTHEHUNTER,EFFECT_LUROTHEHUNTER,Gain ${ICON_RUNE3}.,获得${ICON_RUNE3}.,draft,
car_6b20ed12d813,cards_sheet,key,EFFECT_LYCANFANG,EFFECT_LYCANFANG,Gain ${ICON_RUNE2}.,获得${ICON_RUNE2}.,draft,
car_0c8f7644d782,cards_sheet,key,EFFECT_LYCHANBEAST,EFFECT_LYCHANBEAST,Gain ${ICON_RUNE3} and ${ICON_POWER3}.,获得${ICON_RUNE3} 和 ${ICON_POWER3}.,draft,
car_91740fcf77dd,cards_sheet,key,EFFECT_LYCHANRANGER,EFFECT_LYCHANRANGER,"While this is in your hand, you may pay ${ICON_INSIGHT6} to transform it into Lychan Beast.<br>Gain ${ICON_RUNE2} and ${ICON_POWER2}.","当此牌在你的手牌中, 你可以支付 ${ICON_INSIGHT6} 以转化它 置入狼化野兽.<br>获得${ICON_RUNE2} 和 ${ICON_POWER2}.",draft,pass9b
car_63ce75bb0a43,cards_sheet,key,EFFECT_MADNESSEMBRACE,EFFECT_MADNESSEMBRACE,"Once per turn, if you have defeated a Monster in the center row, you may banish a card in your hand or discard pile.","每回合一次，若你 拥有被在中央牌列击败怪物, 你可以从你的手牌或弃牌堆放逐一张卡牌.",draft,pass9b;pass11
car_c2f48c7c25ac,cards_sheet,key,EFFECT_MAGNETMONK,EFFECT_MAGNETMONK,Gain ${ICON_POWER2}.<br>Gain ${ICON_ENERGY1} for each faction among Constructs you control.,获得${ICON_POWER2}.<br>获得${ICON_ENERGY1} 你控制的每个派系在神器之中.,draft,pass9c
car_fe67f2c0a539,cards_sheet,key,EFFECT_MAMMOTHBEETLE,EFFECT_MAMMOTHBEETLE,${LABEL_REWARD} Gain ${ICON_HONOR3}. Each opponent destroys a Construct they control. You may pay ${ICON_INSIGHT1} to have each opponent destroy an additional Construct they control.,${LABEL_REWARD} 获得${ICON_HONOR3}. 每位对手摧毁神器其控制的. 你可以支付 ${ICON_INSIGHT1} 以拥有每位对手摧毁额外的神器其控制的.,draft,
car_85ee4eb0f9f5,cards_sheet,key,EFFECT_MANIACALCRUSHER,EFFECT_MANIACALCRUSHER,"Gain ${ICON_POWER2}.<br>The next time you defeat a Monster in the center row this turn, ${LABEL_RALLY_VOID}.","获得${ICON_POWER2}.<br>本回合下次你在中央牌列击败怪物时, ${LABEL_RALLY_VOID}.",draft,pass9c
car_2984a8f08923,cards_sheet,key,EFFECT_MANTRAOFRENEWAL,EFFECT_MANTRAOFRENEWAL,"Once per turn, if you have played two or more Enlightened cards (including this one), draw a card.","每回合一次，若你已打出两 或更高圣贤卡牌 (包括此牌), 抽一张牌.",draft,pass9b
car_2ef63b054795,cards_sheet,key,EFFECT_MANTRAOFTRUESIGHT,EFFECT_MANTRAOFTRUESIGHT,"Once per turn, you may draw a card.",每回合一次，你可以抽一张牌.,draft,
car_3432c54a229a,cards_sheet,key,EFFECT_MAPOFTHESTARS,EFFECT_MAPOFTHESTARS,"Once per turn, gain ${ICON_RUNE1} and ${ICON_POWER1}.",每回合一次，获得${ICON_RUNE1} 和 ${ICON_POWER1}.,draft,
car_75d10c9ab1d6,cards_sheet,key,EFFECT_MARROWWYRMRIDER,EFFECT_MARROWWYRMRIDER,${LABEL_REWARD} Gain ${ICON_HONOR3}. You may acquire a Hero with cost ${ICON_RUNE5} or less without paying its cost.,${LABEL_REWARD} 获得${ICON_HONOR3}. 你可以无需支付费用获取费用为 ${ICON_RUNE5} 或更低的一张英雄.,draft,pass11
car_106253fb746e,cards_sheet,key,EFFECT_MARSHRANGER,EFFECT_MARSHRANGER,Gain ${ICON_RUNE1} and ${ICON_HONOR1}. Draw a card.<br>${LABEL_UNITE} Gain ${ICON_RUNE1} and ${ICON_HONOR1}. Draw a card.<br><i>(Gain this effect once if you play or have played another Lifebound Hero this turn.)</i>,获得${ICON_RUNE1} 和 ${ICON_HONOR1}. 抽一张牌.<br>${LABEL_UNITE} 获得${ICON_RUNE1} 和 ${ICON_HONOR1}. 抽一张牌.<br><i>(获得此效果一次若 你打出或已打出另一命约英雄本回合.)</i>,draft,pass9b
car_db9b211ca942,cards_sheet,key,EFFECT_MASTERDHARTHA,EFFECT_MASTERDHARTHA,<sprite=119>,抽三张牌。,draft,
car_ed8411164999,cards_sheet,key,EFFECT_MASTERDHARTHA10TH,EFFECT_MASTERDHARTHA10TH,Draw three cards.,抽三张牌.,draft,
car_9b6a63506ea5,cards_sheet,key,EFFECT_MASTERDHARTHAETER,EFFECT_MASTERDHARTHAETER,Draw three cards.,抽三张牌.,draft,
car_5ae8a661305a,cards_sheet,key,EFFECT_MASTERVAYA,EFFECT_MASTERVAYA,Draw two cards.,抽两张牌.,draft,
car_ed130fddd35b,cards_sheet,key,EFFECT_MATRONOFDISCOVERY,EFFECT_MATRONOFDISCOVERY,Gain ${ICON_RUNE2}.<br>${LABEL_MULTIUNITE} Gain ${ICON_RUNE1}. <i>(Gain this effect for each other Mechana Hero you play or have played this turn.)</i>,获得${ICON_RUNE2}.<br>${LABEL_MULTIUNITE} 获得${ICON_RUNE1}. <i>(获得此效果以 每个其他机械英雄你 打出或已打出本回合.)</i>,draft,pass9b
car_2ae0e989a97b,cards_sheet,key,EFFECT_MECHACETRA,EFFECT_MECHACETRA,You may acquire a Hero or Construct from the Center Row without paying its cost and put it on top of your deck.,你可以获取一个英雄或 神器从 中央牌列无需支付费用并将其放置放到你的牌库顶.,draft,pass9b
car_3c102aaee028,cards_sheet,key,EFFECT_MECHAEMISSARY,EFFECT_MECHAEMISSARY,Draw a card.<br>Unite-Emissary: Gain ${ICON_RUNE2}. (Gain this effect once if you play or have played another Emissary this turn.),抽一张牌.<br>联合-使者: 获得${ICON_RUNE2}. (获得此效果一次若 你打出或已打出另一使者本回合.),draft,pass9b
car_08c4849f8570,cards_sheet,key,EFFECT_MECHANAINITIATE,EFFECT_MECHANAINITIATE,<sprite=34>,获得1符文或1战力。,draft,
car_bdff8a353ab2,cards_sheet,key,EFFECT_MECHANAINITIATE10TH,EFFECT_MECHANAINITIATE10TH,Gain ${ICON_RUNE1} and ${ICON_POWER1}.,获得${ICON_RUNE1} 和 ${ICON_POWER1}.,draft,
car_69241637233c,cards_sheet,key,EFFECT_MECHANAREMNANT,EFFECT_MECHANAREMNANT,"${LABEL_REWARD} Gain ${ICON_HONOR4}.<br>If you have played or acquired a Mechana card this turn, gain ${ICON_RUNE2}.","${LABEL_REWARD} 获得${ICON_HONOR4}.<br>若你打出过或 已获取机械卡牌本回合, 获得${ICON_RUNE2}.",draft,
car_c935f01d326b,cards_sheet,key,EFFECT_MECHANNIHILATOR,EFFECT_MECHANNIHILATOR,"Once per turn, you may destroy another one of your Mechana Constructs to gain ${ICON_POWER3}.",每回合一次，你可以摧毁另一一 的你的机械神器以 获得${ICON_POWER3}.,draft,
car_fa63507fc69f,cards_sheet,key,EFFECT_MECHANNONBLUEPRINT,EFFECT_MECHANNONBLUEPRINT,You may pay ${ICON_INSIGHT5} to transform this into Emma's Mechannon.,你可以支付 ${ICON_INSIGHT5} 以将此牌转化为艾玛的机加农.,draft,
car_cd921b60e372,cards_sheet,key,EFFECT_MECHAPHOENIX,EFFECT_MECHAPHOENIX,"Once per turn, when you play a Mechana Construct (including this one), acquire or defeat a card with cost equal to or less than its ${ICON_RUNE} cost.","每回合一次，当你打出机械神器 (包括此牌), 获取或 击败卡牌以 费用等同于 或低于其 ${ICON_RUNE} 费用.",draft,pass9b;pass11
car_929bce306ecf,cards_sheet,key,EFFECT_MEPHIT10TH,EFFECT_MEPHIT10TH,${LABEL_REWARD} Gain ${ICON_HONOR2}.  You may banish a card in the center row.,${LABEL_REWARD} 获得${ICON_HONOR2}. 你可以放逐中央牌列的一张卡牌.,draft,pass11
car_e353535db945,cards_sheet,key,EFFECT_MILESGOLDENPRODIGY,EFFECT_MILESGOLDENPRODIGY,"Draw a card.<br>Whenever you play a card of another faction this turn, draw a card. This only happens once per faction.","抽一张牌.<br>每当你打出卡牌的 另一派系本回合, 抽一张牌. 每个派系仅触发一次.",draft,pass9b
car_ba8556369474,cards_sheet,key,EFFECT_MILITIA,EFFECT_MILITIA,Gain ${ICON_POWER1}.,获得1战力。,draft,
car_78fd08206c30,cards_sheet,key,EFFECT_MILITIA10TH,EFFECT_MILITIA10TH,Gain ${ICON_POWER1}.,获得${ICON_POWER1}.,draft,
car_be9bc0cde2a3,cards_sheet,key,EFFECT_MILITIAROV,EFFECT_MILITIAROV,Gain ${ICON_POWER1}.,获得${ICON_POWER1}.,draft,
car_8a7327872758,cards_sheet,key,EFFECT_MILITIARU,EFFECT_MILITIARU,Gain ${ICON_POWER1}.,获得${ICON_POWER1}.,draft,
car_999999d19e40,cards_sheet,key,EFFECT_MILITIASOS,EFFECT_MILITIASOS,Gain ${ICON_POWER1}.,获得${ICON_POWER1}.,draft,
car_078d1cc028ed,cards_sheet,key,EFFECT_MINOTAUR,EFFECT_MINOTAUR,${LABEL_REWARD} Gain ${ICON_HONOR3}.,${LABEL_REWARD} 获得${ICON_HONOR3}.,draft,
car_ab59e7e7a92f,cards_sheet,key,EFFECT_MISTAKEOFCREATION,EFFECT_MISTAKEOFCREATION,<sprite=104>,奖励：获得4荣誉。你可以放逐中央牌列和/或你弃牌堆中的一张卡牌。,draft,
car_7ee9b51256a3,cards_sheet,key,EFFECT_MISTAKEOFCREATION10TH,EFFECT_MISTAKEOFCREATION10TH,${LABEL_REWARD} Gain ${ICON_HONOR4}.  You may banish a card in the center row and/or a card in your discard pile.,${LABEL_REWARD} 获得${ICON_HONOR4}. 你可以放逐中央牌列的一张卡牌和/或卡牌在你的弃牌堆.,draft,pass11
car_653b6e5dd32b,cards_sheet,key,EFFECT_MOKENTHEHUNTMASTER,EFFECT_MOKENTHEHUNTMASTER,"Gain ${ICON_HONOR5}.<br>At the end of the game, Moken, the Huntmaster's ${ICON_HONOR} value is equal to the number of Treasure cards in your deck.",获得 ${ICON_HONOR5}。<br>游戏结束时，猎主莫肯的 ${ICON_HONOR} 值等同于你牌库中宝藏卡的数量。,draft,pass11;pass12
car_6a47089a566a,cards_sheet,key,EFFECT_MOMENTOFCLARITY,EFFECT_MOMENTOFCLARITY,"When a player acquires an Enlightened card, that player may draw a card.<br>${LABEL_EVENT_TROPHY} Banish a card in your hand. If you do, acquire a Mystic without paying its cost. Put it into your hand.","当玩家获取圣贤卡牌, 该玩家可以抽一张牌.<br>${LABEL_EVENT_TROPHY} 从你的手牌放逐一张卡牌. 若如此做，获取秘教士无需支付费用. 将其放入你的手牌.",draft,pass9b
car_98c057944658,cards_sheet,key,EFFECT_MONASTICTUTOR,EFFECT_MONASTICTUTOR,Acquire a Mystic or Heavy Infantry without paying its cost.,获取一个秘教士或 重装步兵无需支付费用.,draft,
car_c4b25496e92d,cards_sheet,key,EFFECT_MONKOFTHELIDLESSEYE,EFFECT_MONKOFTHELIDLESSEYE,Draw two cards.,抽两张牌.,draft,
car_e788698112d5,cards_sheet,key,EFFECT_MONKOFTHESTONECIRCLE,EFFECT_MONKOFTHESTONECIRCLE,Acquire a Hero with cost ${ICON_RUNE3} or less and put it into your hand.,获取一个英雄以 费用 ${ICON_RUNE3} 或更低和 将其放入你的手牌.,draft,pass9b
car_41ed9a0c4ecb,cards_sheet,key,EFFECT_MOONSTAFF,EFFECT_MOONSTAFF,"Once per turn, you may spend ${ICON_RUNE4} to double your ${ICON_POWER}.",每回合一次，你可以花费 ${ICON_RUNE4} 以双倍你的 ${ICON_POWER}.,draft,
car_36903503c412,cards_sheet,key,EFFECT_MOONVEILCLIQUE,EFFECT_MOONVEILCLIQUE,"Gain ${ICON_RUNE2}.<br>${LABEL_UNITE} At the end of the turn, put this in your hand instead of your discard pile.",获得 ${ICON_RUNE2}。<br>${LABEL_UNITE} 回合结束时，将此牌放入你的手牌而非弃牌堆。,draft,pass12
car_b8d1931e3bd8,cards_sheet,key,EFFECT_MORBIDHAMMER,EFFECT_MORBIDHAMMER,"Once per turn, gain ${ICON_POWER1}.<br>When this enters play, you may banish a card in your hand or discard pile.","每回合一次，获得${ICON_POWER1}.<br>当此牌进入战场时, 你可以从你的手牌或弃牌堆放逐一张卡牌.",draft,pass9b
car_6584a3482ae9,cards_sheet,key,EFFECT_MORDANTWIDOW,EFFECT_MORDANTWIDOW,"${LABEL_REWARD} Gain ${ICON_HONOR4}. For each opponent, you choose and destroy a Construct they control.",${LABEL_REWARD} 获得${ICON_HONOR4}. 对每位对手，选择并摧毁其控制的一件神器.,draft,pass9c
car_4ef8f93dfe15,cards_sheet,key,EFFECT_MOUNTAINSEER,EFFECT_MOUNTAINSEER,"Draw a card, then banish a card in the Center Row. Then, gain ${ICON_RENOWN1} in each of the faction(s) that replaced the banished card.","抽一张牌, 然后放逐中央牌列的一张卡牌. 然后, 为被放逐卡牌所替换成的每个派系各获得 ${ICON_RENOWN1}.",draft,pass11b
car_50485de10f38,cards_sheet,key,EFFECT_MURAMASA,EFFECT_MURAMASA,"Once per turn, gain ${ICON_POWER3}.",每回合一次，获得3战力。,draft,
car_6b3cd1daa5fe,cards_sheet,key,EFFECT_MURAMASA10TH,EFFECT_MURAMASA10TH,"Once per turn, gain ${ICON_POWER3}.",每回合一次，获得${ICON_POWER3}.,draft,
car_85d315fde518,cards_sheet,key,EFFECT_MUSEOFMALEVOLENCE,EFFECT_MUSEOFMALEVOLENCE,${LABEL_REWARD} Gain ${ICON_HONOR5}. Gain ${ICON_RENOWN2} in any faction.,${LABEL_REWARD} 获得${ICON_HONOR5}. 获得${ICON_RENOWN2} 在任意派系.,draft,
car_94019c440be1,cards_sheet,key,EFFECT_MUSEOFREBIRTH,EFFECT_MUSEOFREBIRTH,Gain ${ICON_RUNE2}.<br>You may banish a card in your hand or discard pile.,获得${ICON_RUNE2}.<br>你可以从你的手牌或弃牌堆放逐一张卡牌.,draft,pass9b
car_ca7b82976ffc,cards_sheet,key,EFFECT_MUSHROOMDRUID,EFFECT_MUSHROOMDRUID,Gain ${ICON_HONOR3}.,获得${ICON_HONOR3}.,draft,
car_3ae47ebb94df,cards_sheet,key,EFFECT_MUTATEDSCAVENGER,EFFECT_MUTATEDSCAVENGER,${LABEL_REWARD} Gain ${ICON_HONOR4}. Gain ${ICON_RUNE5}.,${LABEL_REWARD} 获得${ICON_HONOR4}. 获得${ICON_RUNE5}.,draft,
car_4bf55459e702,cards_sheet,key,EFFECT_MYCELIALMAGE,EFFECT_MYCELIALMAGE,"Draw a card.<br>Gain ${ICON_HONOR3}, then banish this.","抽一张牌.<br>获得${ICON_HONOR3}, 然后放逐此牌.",draft,
car_b37c6e14a7b4,cards_sheet,key,EFFECT_MYSTIC,EFFECT_MYSTIC,<sprite=65>,获得2符文。,draft,
car_fc8bec13ef83,cards_sheet,key,EFFECT_MYSTIC10TH,EFFECT_MYSTIC10TH,Gain ${ICON_RUNE2}.,获得${ICON_RUNE2}.,draft,
car_bd71a75fe188,cards_sheet,key,EFFECT_MYSTICROV,EFFECT_MYSTICROV,Gain ${ICON_RUNE2}.,获得${ICON_RUNE2}.,draft,
car_8ab2bace6aaf,cards_sheet,key,EFFECT_MYSTICRU,EFFECT_MYSTICRU,Gain ${ICON_RUNE2}.,获得${ICON_RUNE2}.,draft,
car_3d7b0f7de267,cards_sheet,key,EFFECT_MYSTICSOS,EFFECT_MYSTICSOS,Gain ${ICON_RUNE2}.,获得${ICON_RUNE2}.,draft,
car_3e283c42cf8c,cards_sheet,key,EFFECT_NAIRIHENGEQUEEN,EFFECT_NAIRIHENGEQUEEN,Gain ${ICON_HONOR5}.,获得${ICON_HONOR5}.,draft,
car_c848ed33dd94,cards_sheet,key,EFFECT_NAIRISBLESSING,EFFECT_NAIRISBLESSING,"If you have played three or more Lifebound Heroes this turn, you may acquire this without paying its cost.<br>Gain ${ICON_HONOR10}.<br>${LABEL_ONGOING} You are considered to have played a Lifebound Hero each turn.","若你打出过三 或更高命约英雄本回合, 你可以无需支付费用获取此牌.<br>获得${ICON_HONOR10}.<br>${LABEL_ONGOING} 你为 视为以 已打出命约英雄每回合.",draft,pass9b;pass11
car_beefcc6b6b09,cards_sheet,key,EFFECT_NAIRIWILDQUEEN,EFFECT_NAIRIWILDQUEEN,Gain ${ICON_HONOR1}. Draw a card.<br>${LABEL_UNITE} Gain ${ICON_HONOR1}. Draw a card.,获得${ICON_HONOR1}. 抽一张牌.<br>${LABEL_UNITE} 获得${ICON_HONOR1}. 抽一张牌.,draft,
car_8c2f989e852a,cards_sheet,key,EFFECT_NAKAEMRISCHOSEN,EFFECT_NAKAEMRISCHOSEN,"Gain ${ICON_POWER4}.<br>This turn, you may pay ${ICON_INSIGHT0} for Dreambind costs.",获得${ICON_POWER4}.<br>本回合， 你可以支付 ${ICON_INSIGHT0} 以梦缚费用为.,draft,pass11
car_18dc937300e8,cards_sheet,key,EFFECT_NAKASHADEBORN,EFFECT_NAKASHADEBORN,Gain ${ICON_POWER3}.<br>You may return a Void card in your discard pile to your hand.<br>You may pay ${ICON_INSIGHT3} to <b>Recur</b>.,获得${ICON_POWER3}.<br>你可以返回虚空卡牌在你的弃牌堆以 你的手牌.<br>你可以支付 ${ICON_INSIGHT3} 以 <b>再次发生</b>.,draft,
car_91e3362b69bc,cards_sheet,key,EFFECT_NEMESIS,EFFECT_NEMESIS,${LABEL_REWARD} Gain ${ICON_HONOR6}.<br>Choose up to three Trophy Monsters from the Void and put them into play under your control.,${LABEL_REWARD} 获得${ICON_HONOR6}.<br>选择至多三 战利品怪物从虚空区和 放置它们进入战场置于你的控制下.,draft,
car_44f1295e7395,cards_sheet,key,EFFECT_NEOPHYTEMENTOR,EFFECT_NEOPHYTEMENTOR,Draw a card.<br>The next Mystic or Heavy Infantry you play this turn counts as a faction of your choice.,抽一张牌。<br>本回合你打出的下一张秘教士或重装步兵视为你选择的一个派系。,draft,pass9b;pass12
car_069568e57131,cards_sheet,key,EFFECT_NETHERSNARE,EFFECT_NETHERSNARE,"Once per turn, if there is no Monster under this, you may put a Monster from the center row under it. You may defeat Monsters under this as though they were in the center row. If this leaves play, put any monster under this on top of the center deck.","每回合一次，若此牌下没有怪物，你可以将中央牌列的一个怪物置于其下。 你可以击败怪物其下此 视为在中央牌列. 若此 离开打出, 放置任意怪物其下此 在顶部的 传送门牌库.",draft,
car_b237b6498c79,cards_sheet,key,EFFECT_NIGHTMARAUDERS,EFFECT_NIGHTMARAUDERS,${LABEL_REWARD} Gain ${ICON_HONOR1} and ${ICON_INSIGHT1}.,${LABEL_REWARD} 获得${ICON_HONOR1} 和 ${ICON_INSIGHT1}.,draft,
car_f96019439ecc,cards_sheet,key,EFFECT_NIGHTMAREDELVER,EFFECT_NIGHTMAREDELVER,"Gain ${ICON_RUNE2}.<br>If you control two or more Constructs, you may banish a card in your discard pile.",获得${ICON_RUNE2}.<br>若你控制两件或更多神器， 你可以从你的弃牌堆放逐一张卡牌.,draft,pass9b;pass9c;pass11
car_865395083de4,cards_sheet,key,EFFECT_NIGHTMAREHARVESTER,EFFECT_NIGHTMAREHARVESTER,Gain ${ICON_POWER4}. You may pay ${ICON_INSIGHT1} to gain ${ICON_RUNE4} instead.,获得${ICON_POWER4}. 你可以支付 ${ICON_INSIGHT1} 以获得${ICON_RUNE4} 改为.,draft,
car_fb6770fae405,cards_sheet,key,EFFECT_NIGHTMARESENTINEL,EFFECT_NIGHTMARESENTINEL,"Gain ${ICON_POWER2}.<br>The next time you defeat a Monster in the center row this turn, you may banish a card in your hand or discard pile.","获得${ICON_POWER2}.<br>本回合下次你在中央牌列击败怪物时, 你可以从你的手牌或弃牌堆放逐一张卡牌.",draft,pass9b;pass9c
car_7ddd59fa466c,cards_sheet,key,EFFECT_NIGHTMARETYRANT,EFFECT_NIGHTMARETYRANT,${LABEL_REWARD} Gain ${ICON_HONOR5}. Acquire a card from your Dreamscape without paying its cost.,${LABEL_REWARD} 获得${ICON_HONOR5}. 从你的梦境获取一张卡牌无需支付费用.,draft,pass11
car_3207780658bf,cards_sheet,key,EFFECT_NIHILBOMBER,EFFECT_NIHILBOMBER,"Draw a card. You may banish a card in your hand or discard pile. If you do, gain ${ICON_INSIGHT1}.",抽一张牌. 你可以从你的手牌或弃牌堆放逐一张卡牌. 若如此做，获得${ICON_INSIGHT1}.,draft,pass9b
car_649bf179cf2f,cards_sheet,key,EFFECT_NIHILCHEMIST,EFFECT_NIHILCHEMIST,Gain ${ICON_POWER1}. You may banish a card in your hand or discard pile.<br>You may pay ${ICON_INSIGHT2} to <b>Recur</b>. <i>(Gain the effect listed an additional time. You may only Recur once.)</i>,获得${ICON_POWER1}. 你可以从你的手牌或弃牌堆放逐一张卡牌.<br>你可以支付 ${ICON_INSIGHT2} 以 <b>再次发生</b>. <i>(获得效果列出的额外的次. 你可以只再次发生一次.)</i>,draft,pass9b
car_0e4d343c1674,cards_sheet,key,EFFECT_NIHILMANCER,EFFECT_NIHILMANCER,"Gain ${ICON_POWER2}.<br>You may banish a card in your hand. If you do, gain an additional ${ICON_POWER1}.",获得${ICON_POWER2}.<br>你可以从你的手牌放逐一张卡牌. 若如此做，获得额外的 ${ICON_POWER1}.,draft,pass9b
car_d0608b1e6788,cards_sheet,key,EFFECT_NIHILMANCERETER,EFFECT_NIHILMANCERETER,"Gain ${ICON_POWER2}.<br>You may banish a card in your hand. If you do, gain an additional ${ICON_POWER1}.",获得${ICON_POWER2}.<br>你可以从你的手牌放逐一张卡牌. 若如此做，获得额外的 ${ICON_POWER1}.,draft,pass9b
car_5a85f8e153f0,cards_sheet,key,EFFECT_NILHAMMER,EFFECT_NILHAMMER,"${LABEL_ECHO} Once per turn, gain ${ICON_POWER3}. <i>(Gain this effect if there is a Void card in your discard pile.)</i>",${LABEL_ECHO} 每回合一次，获得${ICON_POWER3}. <i>(获得此效果若 存在虚空卡牌在你的弃牌堆.)</i>,draft,
car_394400e5c254,cards_sheet,key,EFFECT_NILIATHESHATTERED,EFFECT_NILIATHESHATTERED,${LABEL_REWARD} Gain ${ICON_HONOR5}. Take a card at random from an opponent's hand and add that card to your hand.<br>${LABEL_DREAMBIND} ${ICON_INSIGHT7}.,${LABEL_REWARD} 获得${ICON_HONOR5}. 从对手手牌中随机拿取一张牌，加入你的手牌.<br>${LABEL_DREAMBIND} ${ICON_INSIGHT7}.,draft,pass11
car_7c3113281552,cards_sheet,key,EFFECT_NILUSTHEDESPAIR,EFFECT_NILUSTHEDESPAIR,${LABEL_REWARD} Gain ${ICON_HONOR7}. Acquire the top three cards of the Dream deck without paying their cost.,${LABEL_REWARD} 获得${ICON_HONOR7}. 获取顶部三 卡牌的 梦牌库无需支付其费用.,draft,pass11
car_8f3aed372528,cards_sheet,key,EFFECT_NINE,EFFECT_NINE,"Gain ${ICON_RUNE2}.<br>When you play a Mechana Construct, you may return this from your discard pile to your hand. <i>(Cards played during your turn do not go to your discard pile until the end of the turn.)</i>","获得${ICON_RUNE2}.<br>当你打出机械神器, 你可以将此牌返回从 你的弃牌堆以 你的手牌. <i>(卡牌打出过在期间你的回合不 进入以 你的弃牌堆直到结束时回合.)</i>",draft,pass9b
car_87ffc78986ce,cards_sheet,key,EFFECT_NOCTURNALSEER,EFFECT_NOCTURNALSEER,Draw a card.<br>You may pay ${ICON_RUNE1} less the next time you acquire a Dreamborn card this turn.,抽一张牌.<br>你可以少支付 ${ICON_RUNE1}下次你获取梦生卡牌本回合.,draft,pass9b
car_485a6346d916,cards_sheet,key,EFFECT_NOMTRIBEGREMLIN,EFFECT_NOMTRIBEGREMLIN,"${LABEL_REWARD} Gain ${ICON_HONOR1}.<br>${LABEL_INFEST} When you defeat Nom Tribe Gremlin, you may put it into a player's discard pile.<br>When you play Nom Tribe Gremlin, you may put it into another player's discard pile.","${LABEL_REWARD} 获得${ICON_HONOR1}.<br>${LABEL_INFEST} 当你击败诺姆部落小妖, 你可以将其放入一名玩家的弃牌堆.<br>当你打出诺姆部落小妖, 你可以将其放入另一一名玩家的弃牌堆.",draft,pass9b
car_ab7c88cb80b7,cards_sheet,key,EFFECT_NOOKHOUND,EFFECT_NOOKHOUND,Look at the top card of your deck.  You may put it into your discard pile.  Draw a card.,查看你牌库顶的卡牌. 你可以将其放入你的弃牌堆. 抽一张牌.,draft,pass9b
car_6b31663d0c18,cards_sheet,key,EFFECT_NOTHINGMAN,EFFECT_NOTHINGMAN,${LABEL_REWARD} Gain ${ICON_HONOR3}.,${LABEL_REWARD} 获得${ICON_HONOR3}.,draft,
car_2f174de6e58f,cards_sheet,key,EFFECT_NOVABORNOFCHAOS,EFFECT_NOVABORNOFCHAOS,"${LABEL_REWARD} All players return all honor tokens to the honor pool. If the game would end this round, it does not end.<br>Gain ${ICON_HONOR10}.",${LABEL_REWARD} 所有玩家将所有荣誉指示物归还荣誉池。若本轮游戏将结束，则不结束。<br>获得 ${ICON_HONOR10}。,draft,pass9b;pass12
car_9e96a608a39f,cards_sheet,key,EFFECT_NOXIOUSSOUL,EFFECT_NOXIOUSSOUL,${LABEL_REWARD} Gain ${ICON_HONOR4}.  Each opponent must discard a card at random from their hand.,${LABEL_REWARD} 获得${ICON_HONOR4}. 每位对手须弃一张牌随机从其手牌.,draft,pass11b
car_8cdd192138e7,cards_sheet,key,EFFECT_NYXIANCORRUPTOR,EFFECT_NYXIANCORRUPTOR,Gain ${ICON_POWER3}.<br>You may spend ${ICON_RUNE} as though it was ${ICON_POWER} this turn.,获得${ICON_POWER3}.<br>你可以花费 ${ICON_RUNE} 视为 ${ICON_POWER} 本回合.,draft,
car_b0e94d9e4356,cards_sheet,key,EFFECT_NYXIANRITUALIST,EFFECT_NYXIANRITUALIST,Gain ${ICON_POWER3} and ${ICON_ENERGY3}.,获得${ICON_POWER3} 和 ${ICON_ENERGY3}.,draft,
car_532e545170a1,cards_sheet,key,EFFECT_NYXIANSPIRITCASTER,EFFECT_NYXIANSPIRITCASTER,Gain ${ICON_ENERGY3}.<br>Draw a card.,获得${ICON_ENERGY3}.<br>抽一张牌.,draft,
car_5c0188884d86,cards_sheet,key,EFFECT_OAKOFSOULS,EFFECT_OAKOFSOULS,${LABEL_REWARD} Gain ${ICON_HONOR3}. Roll the Delirium Die.,${LABEL_REWARD} 获得${ICON_HONOR3}. 掷谵妄骰。,draft,
car_c27594806c88,cards_sheet,key,EFFECT_OBFUSCASPIRIT,EFFECT_OBFUSCASPIRIT,${LABEL_REWARD} Gain ${ICON_HONOR4}. Choose an opponent to discard a card at random from their hand.<br>${LABEL_DREAMBIND} ${ICON_INSIGHT4}.,${LABEL_REWARD} 获得${ICON_HONOR4}. 选择一名对手以 弃一张牌随机从其手牌.<br>${LABEL_DREAMBIND} ${ICON_INSIGHT4}.,draft,pass11b
car_c1200fcb1144,cards_sheet,key,EFFECT_OBLIVIONBLOSSOMS,EFFECT_OBLIVIONBLOSSOMS,"Once per turn, gain ${ICON_POWER1}.<br>Once per turn, if you have banished a card, gain ${ICON_HONOR1}.","每回合一次，获得${ICON_POWER1}.<br>每回合一次，若你 拥有被放逐卡牌, 获得${ICON_HONOR1}.",draft,
car_6aaedd21ae48,cards_sheet,key,EFFECT_OGOCOURIER,EFFECT_OGOCOURIER,"Gain ${ICON_RUNE2}.<br>The next time you acquire a Hero in the center row, ${LABEL_RALLY_LIFEBOUND}.","获得${ICON_RUNE2}.<br>下次你获取一个英雄在中央牌列, ${LABEL_RALLY_LIFEBOUND}.",draft,
car_ed60115e7162,cards_sheet,key,EFFECT_OGODEMONTRAP,EFFECT_OGODEMONTRAP,"Once per turn, gain ${ICON_POWER1}.",每回合一次，获得${ICON_POWER1}.,draft,
car_d9c1de19795a,cards_sheet,key,EFFECT_OGORISING,EFFECT_OGORISING,The first Hero played this turn is also a Lifebound Hero.<br>${LABEL_EVENT_TROPHY} Gain ${ICON_RUNE1}.,首先英雄本回合已打出为 也命约英雄.<br>${LABEL_EVENT_TROPHY} 获得${ICON_RUNE1}.,draft,pass9b
car_7290b3b1e53e,cards_sheet,key,EFFECT_OGOWARTREE,EFFECT_OGOWARTREE,"Once per turn, when you acquire a Hero in the center row, you may put it on top of your deck.","每回合一次，当你获取一个英雄在中央牌列, 你可以将它放置放到你的牌库顶.",draft,pass9b
car_a6783344c8cf,cards_sheet,key,EFFECT_OMINOUSAUGUR,EFFECT_OMINOUSAUGUR,Acquire a Hero or Construct with cost ${ICON_RUNE5} or less without paying its cost.<br>${LABEL_SERENITY} Put the acquired card in your hand. <i>(Gain this effect if there are no cards in your discard pile.)</i>,获取一个英雄或 神器以 费用 ${ICON_RUNE5} 或更低无需支付费用.<br>${LABEL_SERENITY} 放置所获取的卡牌在你的手牌中. <i>(获得此效果若 那里为 没有卡牌在你的弃牌堆.)</i>,draft,
car_d8afcd9eef41,cards_sheet,key,EFFECT_OMNICRON,EFFECT_OMNICRON,"Once per turn, gain ${ICON_ENERGY1} for each Mechana Construct you control.",每回合一次，获得${ICON_ENERGY1} 你控制的每件机械神器.,draft,pass9c
car_5397ce21e944,cards_sheet,key,EFFECT_ORASTHEREDEEMER,EFFECT_ORASTHEREDEEMER,"Gain ${ICON_RUNE4}.<br>Each time you acquire a Hero from the center row this turn, gain ${ICON_HONOR} equal to its ${ICON_HONOR} value.","获得${ICON_RUNE4}.<br>每位次 你获取一个英雄从中央牌列本回合, 获得${ICON_HONOR} 等同于 其 ${ICON_HONOR} 值.",draft,pass11
car_6ba6d130f7b8,cards_sheet,key,EFFECT_ORBOFNYX,EFFECT_ORBOFNYX,"Once per turn, gain ${ICON_POWER3}.<br>When you defeat a Monster in the center row, gain a Soul Gem.","每回合一次，获得${ICON_POWER3}.<br>当你在中央牌列击败一个怪物, 获得灵魂宝石.",draft,pass9b;pass11
car_9db414708148,cards_sheet,key,EFFECT_ORDEROFTHEGEAR,EFFECT_ORDEROFTHEGEAR,"If you control four or more Constructs, you may acquire this without paying its cost.<br>${LABEL_ONGOING} Your Mechana Heroes are Constructs instead. You may use their abilities once per turn.","若你控制四件或更多神器, 你可以无需支付费用获取此牌.<br>${LABEL_ONGOING} 你的机械英雄改为视为神器. 你可以每回合使用其异能一次.",draft,pass9b;pass11;pass11b
car_ff629284221b,cards_sheet,key,EFFECT_OTHERWORLDLYGUIDE,EFFECT_OTHERWORLDLYGUIDE,Draw two cards.,抽两张牌.,draft,
car_c906172bf1b1,cards_sheet,key,EFFECT_OVERHAULCLERIC,EFFECT_OVERHAULCLERIC,"When you acquire this, ${LABEL_RALLY_MECHANA}.<br>Gain ${ICON_RUNE2}.<br>If you control two or more Constructs, gain an additional ${ICON_RUNE1}.",当你获取此牌时，${LABEL_RALLY_MECHANA}.<br>获得${ICON_RUNE2}.<br>若你控制两件或更多神器， 获得额外的 ${ICON_RUNE1}.,draft,pass9b;pass9c;pass11
car_a4ee9233b725,cards_sheet,key,EFFECT_OXIPEDE,EFFECT_OXIPEDE,${LABEL_REWARD} Gain ${ICON_HONOR2}.,${LABEL_REWARD} 获得${ICON_HONOR2}.,draft,
car_5bde195efca9,cards_sheet,key,EFFECT_OZIAHJUDGEOFLOGOS,EFFECT_OZIAHJUDGEOFLOGOS,"While this is in the center row, you may acquire this without paying its cost if you have gained ${ICON_ENERGY7} or more this turn.<br>Defeat all Monsters in the center row without paying their costs.","当此牌在中央牌列, 若你本回合已获得 ${ICON_ENERGY7} 或更多，你可以无需支付费用获取此牌.<br>无需支付费用击败中央牌列的所有怪物.",draft,pass9b;pass11;pass11b
car_54edc24e79f0,cards_sheet,key,EFFECT_OZIAHSFAMILIAR,EFFECT_OZIAHSFAMILIAR,Defeat a Monster with cost ${ICON_POWER4} or less without paying its cost.<br>${LABEL_MULTIUNITE} Repeat this effect.,击败一个怪物以 费用 ${ICON_POWER4} 或更低无需支付费用.<br>${LABEL_MULTIUNITE} 重复此效果.,draft,
car_03268f4b1b4f,cards_sheet,key,EFFECT_OZIAHTHEPEERLESS,EFFECT_OZIAHTHEPEERLESS,Defeat a Monster that has ${ICON_POWER6} or less without paying its cost.,击败一个战力值不高于6的怪物。,draft,
car_9dcf2aea735b,cards_sheet,key,EFFECT_OZIAHTHEPEERLESS10TH,EFFECT_OZIAHTHEPEERLESS10TH,Defeat a Monster that has ${ICON_POWER6} or less for free.,击败一个怪物该 具有${ICON_POWER6} 或更低无需支付费用.,draft,
car_61697ad093fa,cards_sheet,key,EFFECT_OZIAHTHEPEERLESSETER,EFFECT_OZIAHTHEPEERLESSETER,Defeat a Monster with cost ${ICON_POWER6} or less for free.,击败一个怪物以 费用 ${ICON_POWER6} 或更低无需支付费用.,draft,
car_590cdd680e65,cards_sheet,key,EFFECT_PACKLEADER,EFFECT_PACKLEADER,"When you acquire this, ${LABEL_RALLY_LIFEBOUND}.<br>Gain ${ICON_RUNE2}.<br>You may spend ${ICON_RUNE} as though it was ${ICON_POWER} to defeat Lifebound Monsters this turn.",当你获取此牌时，${LABEL_RALLY_LIFEBOUND}.<br>获得${ICON_RUNE2}.<br>你可以花费 ${ICON_RUNE} 视为 ${ICON_POWER} 以击败命约怪物本回合.,draft,pass9b;pass9c;pass11
car_a28d4c4b4404,cards_sheet,key,EFFECT_PASYTHEASCUTLASS,EFFECT_PASYTHEASCUTLASS,"This Construct counts as all factions.<br>When you play this, gain ${ICON_POWER2}.<br>Pasythea costs you ${ICON_INSIGHT4} less to acquire.","此神器视为所有派系.<br>当你打出此, 获得${ICON_POWER2}.<br>帕西提亚费用为你 ${ICON_INSIGHT4} 更低以 获取.",draft,pass9b
car_a4b7d3db8229,cards_sheet,key,EFFECT_PASYTHEASKATANA,EFFECT_PASYTHEASKATANA,"This Construct counts as all factions.<br>When you play this, draw a card.<br>Pasythea costs you ${ICON_INSIGHT4} less to acquire.","此神器视为所有派系.<br>当你打出此, 抽一张牌.<br>帕西提亚费用为你 ${ICON_INSIGHT4} 更低以 获取.",draft,pass9b
car_e96de2e3a890,cards_sheet,key,EFFECT_PASYTHEASMACE,EFFECT_PASYTHEASMACE,"This Construct counts as all factions.<br>When you play this, gain ${ICON_RUNE2}.<br>Pasythea costs you ${ICON_INSIGHT4} less to acquire.","此神器视为所有派系.<br>当你打出此, 获得${ICON_RUNE2}.<br>帕西提亚费用为你 ${ICON_INSIGHT4} 更低以 获取.",draft,pass9b
car_2392c49208a2,cards_sheet,key,EFFECT_PASYTHEASSCIMITAR,EFFECT_PASYTHEASSCIMITAR,"This Construct counts as all factions.<br>When you play this, gain ${ICON_HONOR2}.<br>Pasythea costs you ${ICON_INSIGHT4} less to acquire.","此神器视为所有派系.<br>当你打出此, 获得${ICON_HONOR2}.<br>帕西提亚费用为你 ${ICON_INSIGHT4} 更低以 获取.",draft,pass9b
car_cf8ffa270b65,cards_sheet,key,EFFECT_PASYTHEASWARD,EFFECT_PASYTHEASWARD,"Once per turn, gain ${ICON_INSIGHT1}.",每回合一次，获得${ICON_INSIGHT1}.,draft,
car_606a19a9d762,cards_sheet,key,EFFECT_PASYTHEATHEAEGIS,EFFECT_PASYTHEATHEAEGIS,"This Hero counts as all factions.<br>Gain ${ICON_RUNE3}, ${ICON_POWER3}, and ${ICON_HONOR3}.<br>If you control Pasythea's Ward, you may acquire this without paying its cost and put it into your hand.","此英雄视为所有派系.<br>获得${ICON_RUNE3}, ${ICON_POWER3}, 和 ${ICON_HONOR3}.<br>若你控制的帕西提亚的守护, 你可以无需支付费用获取此牌和 将其放入你的手牌.",draft,pass9b;pass11
car_e5bf3ff6b859,cards_sheet,key,EFFECT_PASYTHEATHEREDEEMED,EFFECT_PASYTHEATHEREDEEMED,"This Hero counts as all factions.<br>When you acquire this, it goes directly to your hand.<br>Gain ${ICON_RUNE2}, ${ICON_POWER2}, ${ICON_HONOR2} and draw a card.",此英雄视为所有派系。<br>当你获取此牌时，它直接进入你的手牌。<br>获得 ${ICON_RUNE2}、${ICON_POWER2}、${ICON_HONOR2} 并抽一张牌。,draft,pass9b;pass9c;pass11;pass12
car_0ee9a4c23db2,cards_sheet,key,EFFECT_PATHFINDERSTOTEM,EFFECT_PATHFINDERSTOTEM,"${LABEL_UNITE} Once per turn, gain ${ICON_RUNE1}. <i>(Gain this effect if you have played a Lifebound Hero this turn.)</i>",${LABEL_UNITE} 每回合一次，获得${ICON_RUNE1}. <i>(获得此效果若 你已打出命约英雄本回合.)</i>,draft,pass9b
car_943513788967,cards_sheet,key,EFFECT_PATHSEEKERSENSEI,EFFECT_PATHSEEKERSENSEI,Defeat a monster of ${ICON_POWER4} or less without paying its cost.,击败一个怪物的 ${ICON_POWER4} 或更低无需支付费用.,draft,
car_a149fc207bee,cards_sheet,key,EFFECT_PATHWARDEN,EFFECT_PATHWARDEN,Gain ${ICON_RUNE2}.<br>You may spend ${ICON_RUNE} as though it was ${ICON_POWER} this turn.,获得${ICON_RUNE2}.<br>你可以花费 ${ICON_RUNE} 视为 ${ICON_POWER} 本回合.,draft,
car_0f520db06f74,cards_sheet,key,EFFECT_PATIENTASSASSIN,EFFECT_PATIENTASSASSIN,"Gain ${ICON_POWER2}.<br>If there is a Void card in your discard pile, gain an additional ${ICON_POWER1}.","获得${ICON_POWER2}.<br>若存在虚空卡牌在你的弃牌堆, 获得额外的 ${ICON_POWER1}.",draft,
car_c3c849d0f4ed,cards_sheet,key,EFFECT_PENUMBRALEDGE,EFFECT_PENUMBRALEDGE,"Once per turn, gain ${ICON_POWER2}.  Gain an additional ${ICON_POWER2} if you control Umbral Edge.",每回合一次，获得${ICON_POWER2}. 获得额外的 ${ICON_POWER2} 若你控制的暗影刃锋.,draft,
car_46df7c1ffa4f,cards_sheet,key,EFFECT_PENUMBRALEDGEETER,EFFECT_PENUMBRALEDGEETER,"Once per turn, gain ${ICON_POWER2}.  Gain an additional ${ICON_POWER2} if you control Umbral Edge.",每回合一次，获得${ICON_POWER2}. 获得额外的 ${ICON_POWER2} 若你控制的暗影刃锋.,draft,
car_158a9d42f34a,cards_sheet,key,EFFECT_PERSONALWORMHOLE,EFFECT_PERSONALWORMHOLE,"Once per turn, when you play a Mechana Construct (including this one), you may banish a card in your hand or discard pile.","每回合一次，当你打出机械神器 (包括此牌), 你可以从你的手牌或弃牌堆放逐一张卡牌.",draft,pass9b
car_4c05d8a5a46b,cards_sheet,key,EFFECT_PHASEFIEND,EFFECT_PHASEFIEND,${LABEL_REWARD} Gain ${ICON_HONOR1}. You may banish a card in your hand or discard pile.,${LABEL_REWARD} 获得${ICON_HONOR1}. 你可以从你的手牌或弃牌堆放逐一张卡牌.,draft,pass9b
car_6dde0882004c,cards_sheet,key,EFFECT_PHASEFIENDETER,EFFECT_PHASEFIENDETER,${LABEL_REWARD} Gain ${ICON_HONOR1}. You may banish a card in your hand or discard pile.,${LABEL_REWARD} 获得${ICON_HONOR1}. 你可以从你的手牌或弃牌堆放逐一张卡牌.,draft,pass9b
car_7848cd365172,cards_sheet,key,EFFECT_PIERCINGEYE,EFFECT_PIERCINGEYE,"Once per turn, if you have defeated a Monster in the center row, you may draw a card.","每回合一次，若你 拥有被在中央牌列击败怪物, 你可以抽一张牌.",draft,pass11
car_12652fc6ab74,cards_sheet,key,EFFECT_PIERCINGEYEETER,EFFECT_PIERCINGEYEETER,"Once per turn, if you have defeated a Monster in the center row, you may draw a card.","每回合一次，若你 拥有被在中央牌列击败怪物, 你可以抽一张牌.",draft,pass11
car_33bc59b592ad,cards_sheet,key,EFFECT_PILLAROFRESOLVE,EFFECT_PILLAROFRESOLVE,"Once per turn, if you have played a Mystic and a Heavy Infantry, draw two cards.","每回合一次，若你已打出秘教士和 重装步兵, 抽两张牌.",draft,pass9b
car_aa6ed10e6ddb,cards_sheet,key,EFFECT_PLANARAPERTURE,EFFECT_PLANARAPERTURE,"When you acquire a Mechana Construct, you may pay ${ICON_INSIGHT1} to put it directly into play.","当你获取机械神器, 你可以支付 ${ICON_INSIGHT1} 以将其直接进入战场.",draft,pass9b
car_11d304454aa8,cards_sheet,key,EFFECT_PLASMACANNON,EFFECT_PLASMACANNON,"Once per turn, if you control four or more Mechana Constructs, you may acquire or defeat any card in the center row without paying its cost.","每回合一次，若你控制的四 或更高机械神器, 你可以获取或击败中央牌列的任意卡牌无需支付费用.",draft,pass9c
car_286a33783d0e,cards_sheet,key,EFFECT_PLASMACANNONETER,EFFECT_PLASMACANNONETER,"Once per turn, if you control four or more Mechana Constructs, you may acquire or defeat any card in the center row for free.","每回合一次，若你控制的四 或更高机械神器, 你可以获取或击败中央牌列的任意卡牌无需支付费用.",draft,pass9c
car_345a9e2403a2,cards_sheet,key,EFFECT_PLUNDERDEVIL,EFFECT_PLUNDERDEVIL,${LABEL_REWARD} Gain ${ICON_HONOR5}. You may acquire a Hero or Construct with cost ${ICON_RUNE3} or less without paying its cost.,${LABEL_REWARD} 获得${ICON_HONOR5}. 你可以获取一个英雄或 神器以 费用 ${ICON_RUNE3} 或更低无需支付费用.,draft,
car_c7ec495760de,cards_sheet,key,EFFECT_POLARISDEMON,EFFECT_POLARISDEMON,${LABEL_REWARD} Gain ${ICON_HONOR5}. Choose one: Destroy all even cost Constructs opponents control or destroy all odd cost Contructs opponents control.,${LABEL_REWARD} 获得${ICON_HONOR5}. 选择一项：摧毁所有偶数费用神器对手控制或 摧毁所有奇数费用神器对手控制.,draft,pass9b;pass11
car_aa1dcfeb9736,cards_sheet,key,EFFECT_POLLENPIXIE,EFFECT_POLLENPIXIE,Gain ${ICON_RUNE2} and ${ICON_HONOR1}.,获得${ICON_RUNE2} 和 ${ICON_HONOR1}.,draft,
car_3006b00ccdcb,cards_sheet,key,EFFECT_PORTABILLET,EFFECT_PORTABILLET,"Once per turn, when you play a Mechana Construct (including this one), draw a card.","每回合一次，当你打出机械神器 (包括此牌), 抽一张牌.",draft,pass9b
car_5313fd2bde56,cards_sheet,key,EFFECT_PORTAL,EFFECT_PORTAL,This is any Hero or Construct that could be found in the center deck of any Ascension set.,此牌视为任意创升纪元扩展传送门牌库中可能出现的任意英雄或神器。,draft,pass12
car_bf205bb2b27f,cards_sheet,key,EFFECT_PORTALNINJA,EFFECT_PORTALNINJA,Gain ${ICON_RUNE2}.<br>${LABEL_UNITE} You may banish a card you played this turn.,获得${ICON_RUNE2}.<br>${LABEL_UNITE} 你可以放逐一张本回合已打出的卡牌.,draft,pass9b
car_d0b09a94dcdd,cards_sheet,key,EFFECT_POTOFGOLD,EFFECT_POTOFGOLD,"When you play this, draw a card.  When you play a Leprechaun, gain ${ICON_HONOR1}.","当你打出此, 抽一张牌. 当你打出小矮妖, 获得${ICON_HONOR1}.",draft,pass9b
car_3b53d70fb3e2,cards_sheet,key,EFFECT_PREMONITIONBELL,EFFECT_PREMONITIONBELL,You may destroy this to copy the effect of a Hero in the center row with cost ${ICON_RUNE5} or less.,你可以摧毁此 以复制英雄的效果：在中央牌列以 费用 ${ICON_RUNE5} 或更低.,draft,pass9b
car_ed81df74feae,cards_sheet,key,EFFECT_PRIME,EFFECT_PRIME,"Acquire a Construct or gain ${ICON_RUNE3}.<br>When you play a Mechana Construct, you may return this from your discard pile to your hand. <i>(Card played this turn do not go to your discard pile until the end of the turn.)</i>","获取一个神器或 获得${ICON_RUNE3}.<br>当你打出机械神器, 你可以将此牌返回从 你的弃牌堆以 你的手牌. <i>(卡牌本回合已打出不 进入以 你的弃牌堆直到结束时回合.)</i>",draft,pass9b
car_c6ab6d8dfcc6,cards_sheet,key,EFFECT_PRIMEDIRECTIVE,EFFECT_PRIMEDIRECTIVE,"If you control eight or more Mechana Constructs, you win the game.",若你控制八件或更多机械神器，你获胜。,draft,pass9b;pass12
car_2cf04758ead5,cards_sheet,key,EFFECT_PROCESSINGHUB,EFFECT_PROCESSINGHUB,"Once per turn, if you control three or more Mechana Constructs, gain ${ICON_RUNE2}.","每回合一次，若你控制的三 或更高机械神器, 获得${ICON_RUNE2}.",draft,
car_9731e3614829,cards_sheet,key,EFFECT_PROCESSINGHUBETER,EFFECT_PROCESSINGHUBETER,"Once per turn, if you control three or more Mechana Constructs, gain ${ICON_RUNE2}.","每回合一次，若你控制的三 或更高机械神器, 获得${ICON_RUNE2}.",draft,
car_6f8f049ebdbc,cards_sheet,key,EFFECT_PRODIGAL,EFFECT_PRODIGAL,Defeat a monster with ${ICON_POWER3} or less.<br><i>(You do not have to pay ${ICON_POWER}.)</i>,击败一个怪物以 ${ICON_POWER3} 或更低.<br><i>(你无需支付 ${ICON_POWER}.)</i>,draft,
car_5f848afed86b,cards_sheet,key,EFFECT_PROJECTALPHA,EFFECT_PROJECTALPHA,"Once per turn, you may acquire a Hero or Construct with ${ICON_RUNE} cost less than or equal to the number of Mechana Constructs you control.",每回合一次，你可以获取一个英雄或 神器以 ${ICON_RUNE} 费用低于或 等同于 数量为机械神器你控制的.,draft,pass11
car_f2f85d7a071b,cards_sheet,key,EFFECT_PROSPECTORSCOUT,EFFECT_PROSPECTORSCOUT,"Gain ${ICON_RUNE2}.<br>The next time you acquire a Construct in the center row this turn, ${LABEL_RALLY_MECHANA}.","获得${ICON_RUNE2}.<br>下次你获取中央牌列的神器本回合, ${LABEL_RALLY_MECHANA}.",draft,pass11
car_ba00cf9bba88,cards_sheet,key,EFFECT_PROTEANSEASLUG,EFFECT_PROTEANSEASLUG,${LABEL_REWARD} Gain ${ICON_HONOR5}. Each opponent destroys all Constructs they control.,${LABEL_REWARD} 获得${ICON_HONOR5}. 每位对手摧毁所有神器其控制的.,draft,pass9b
car_9dc3b202748b,cards_sheet,key,EFFECT_PROTEANSEASLUGETER,EFFECT_PROTEANSEASLUGETER,${LABEL_REWARD} Gain ${ICON_HONOR5}. Each opponent destroys all Constructs they control.,${LABEL_REWARD} 获得${ICON_HONOR5}. 每位对手摧毁所有神器其控制的.,draft,pass9b
car_eaeaf6c41d0b,cards_sheet,key,EFFECT_PSIONICMONK,EFFECT_PSIONICMONK,Draw 2 cards.<br>Gain ${ICON_HONOR1} for each faction among Constructs you control.,抽 2 卡牌.<br>获得${ICON_HONOR1} 你控制的每个派系在神器之中.,draft,pass9c
car_32130530f031,cards_sheet,key,EFFECT_PSYCHEASKARA,EFFECT_PSYCHEASKARA,Copy the effect of a Hero you have played this turn or a Monster Reward you have gained this turn.,复制效果的 本回合已打出的英雄或 怪物奖励你 拥有已获得本回合.,draft,pass9b
car_9f5bca7be684,cards_sheet,key,EFFECT_PSYCHICAMULET,EFFECT_PSYCHICAMULET,"Once per turn, when you play a Mechana or Enlightened Construct (including this one), draw a card.","每回合一次，当你打出机械或 圣贤神器 (包括此牌), 抽一张牌.",draft,pass9b
car_d9816b1703da,cards_sheet,key,EFFECT_PSYONICAPPRENTICE,EFFECT_PSYONICAPPRENTICE,"While this is in your hand, you may pay ${ICON_INSIGHT7} to transform it into Psyonic Paladin.<br>Defeat a Monster with cost ${ICON_POWER4} or less without paying its cost.","当此牌在你的手牌中, 你可以支付 ${ICON_INSIGHT7} 以转化它 置入心灵圣骑士.<br>击败一个怪物以 费用 ${ICON_POWER4} 或更低无需支付费用.",draft,pass9b
car_6c18ef9bd018,cards_sheet,key,EFFECT_PSYONICPALADIN,EFFECT_PSYONICPALADIN,Defeat a Monster in the center row without paying its cost.,在中央牌列击败一个怪物无需支付费用.,draft,pass11
car_d46c276cbf62,cards_sheet,key,EFFECT_PUGGAGEDDON,EFFECT_PUGGAGEDDON,"${LABEL_REWARD} Gain ${ICON_HONOR2}. Put this into another player's discard pile. <br><br>When this is played from your hand, gain ${ICON_HONOR1} and put it into another player's discard pile.","${LABEL_REWARD} 获得${ICON_HONOR2}. 放置此 置入另一一名玩家的弃牌堆. <br><br>当此 为打出过从你的手牌, 获得${ICON_HONOR1} 和将其放入另一一名玩家的弃牌堆.",draft,pass9b
car_70732e5c6637,cards_sheet,key,EFFECT_PUPPETMASTER,EFFECT_PUPPETMASTER,${LABEL_REWARD} Gain ${ICON_HONOR4}. Take ${ICON_INSIGHT1} from each opponent.,${LABEL_REWARD} 获得${ICON_HONOR4}. 拿取${ICON_INSIGHT1} 从每位对手.,draft,
car_2db2afd1b8dd,cards_sheet,key,EFFECT_QADIMSTALKER,EFFECT_QADIMSTALKER,Gain ${ICON_RUNE2} and ${ICON_POWER2}.<br>${LABEL_UNITE} Gain ${ICON_HONOR2}.,获得${ICON_RUNE2} 和 ${ICON_POWER2}.<br>${LABEL_UNITE} 获得${ICON_HONOR2}.,draft,
car_b321acbec39d,cards_sheet,key,EFFECT_RADIANTASPIRANT,EFFECT_RADIANTASPIRANT,"Empower <i>(When you acquire this, you may banish a card you have played this turn.)</i><br>Draw a card.",赋力 <i>(当你获取此牌时，你可以放逐一张已打出的卡牌本回合.)</i><br>抽一张牌.,draft,pass9b;pass9c;pass11
car_5ffc84a77431,cards_sheet,key,EFFECT_RAGINGURSINE,EFFECT_RAGINGURSINE,${LABEL_REWARD} Gain ${ICON_HONOR3}.,${LABEL_REWARD} 获得${ICON_HONOR3}.,draft,
car_0eb8fc524e2c,cards_sheet,key,EFFECT_RAIYNARIFTWALKER,EFFECT_RAIYNARIFTWALKER,"Gain ${ICON_POWER4}.<br>The next time you defeat a Monster in the Center Row this turn, gain its non-Honor Reward twice.",获得 ${ICON_POWER4}。<br>本回合下次你在中央牌列击败怪物时，获得其非荣誉奖励两次。,draft,pass12
car_2f189fadddb4,cards_sheet,key,EFFECT_RAJPSIONICMASTER,EFFECT_RAJPSIONICMASTER,"Banish a Hero in your hand. If you do, acquire a Hero with ${ICON_HONOR} up to two more than that of the banished card and put it into your hand. <i>(Cards with no Honor value are considered to be worth ${ICON_HONOR0}.)</i>",放逐一个英雄在你的手牌中. 若如此做，获取一个英雄以 ${ICON_HONOR} 至多两 超过该 的被放逐卡牌和 将其放入你的手牌. <i>(卡牌以 没有荣誉值 为视为以 是价值为 ${ICON_HONOR0}.)</i>,draft,pass9b
car_d9d967869b0d,cards_sheet,key,EFFECT_RAKADREAMTENDER,EFFECT_RAKADREAMTENDER,Gain ${ICON_HONOR5}.<br>Add a card to your Dreamscape.,获得${ICON_HONOR5}.<br>将一张卡牌加入你的梦境.,draft,
car_c908baf7a0b2,cards_sheet,key,EFFECT_RAKARCORRUPTASKARA,EFFECT_RAKARCORRUPTASKARA,${LABEL_REWARD} Gain ${ICON_HONOR6}. Add a Dreambind Monster in the Void to your hand.,${LABEL_REWARD} 获得${ICON_HONOR6}. 加入梦缚怪物在 虚空区以 你的手牌.,draft,
car_70234db94474,cards_sheet,key,EFFECT_RANDALLUMBRALSAGE,EFFECT_RANDALLUMBRALSAGE,"Gain ${ICON_POWER3}.<br>Put all cards from your deck into your discard pile, then return a Void card in your discard pile to your hand.","获得${ICON_POWER3}.<br>放置所有卡牌从 你的牌库置入你的弃牌堆, 然后返回虚空卡牌在你的弃牌堆以 你的手牌.",draft,
car_eaa2d9c13988,cards_sheet,key,EFFECT_RATKING,EFFECT_RATKING,${LABEL_REWARD} Gain ${ICON_HONOR4} and defeat all Giant Rats in the center row.,${LABEL_REWARD} 获得 ${ICON_HONOR4}，并击败中央牌列的所有巨鼠。,draft,pass12
car_2f427c279e51,cards_sheet,key,EFFECT_RAVENOUSGORPH,EFFECT_RAVENOUSGORPH,${LABEL_REWARD} Gain ${ICON_HONOR3}. You may banish a card that was adjacent to this.,${LABEL_REWARD} 获得${ICON_HONOR3}. 你可以放逐一张卡牌该 曾是相邻以 此.,draft,
car_7d34ad67976c,cards_sheet,key,EFFECT_RAVENSIREN,EFFECT_RAVENSIREN,Gain ${ICON_RUNE1}.,获得${ICON_RUNE1}.,draft,
car_54e998418184,cards_sheet,key,EFFECT_REACTORMONK,EFFECT_REACTORMONK,Gain ${ICON_RUNE2}.<br>You pay ${ICON_RUNE1} less the next time you acquire a Construct this turn.,获得2符文。你本回合下一张获取的神器费用减少1符文。,draft,
car_5bbd665782dd,cards_sheet,key,EFFECT_REACTORMONK10TH,EFFECT_REACTORMONK10TH,Gain ${ICON_RUNE2}.<br>You pay ${ICON_RUNE1} less the next time you acquire a Construct this turn.,获得${ICON_RUNE2}.<br>你少支付 ${ICON_RUNE1}下次你获取神器本回合.,draft,pass9b
car_581e93b4b646,cards_sheet,key,EFFECT_REALITYSCULPTOR,EFFECT_REALITYSCULPTOR,Copy the effect of a Hero played this turn with cost ${ICON_RUNE3} or less.,复制英雄的效果：本回合已打出以 费用 ${ICON_RUNE3} 或更低.,draft,pass9b
car_ac3ea23c3f80,cards_sheet,key,EFFECT_RECKLESSEXCAVATOR,EFFECT_RECKLESSEXCAVATOR,"Once per turn, when you play a Mechana Construct (including this one), gain ${ICON_LIFE} or ${ICON_DEATH}.","每回合一次，当你打出机械神器 (包括此牌), 获得${ICON_LIFE} 或 ${ICON_DEATH}.",draft,pass9b
car_88842bce7345,cards_sheet,key,EFFECT_RECLAMAX,EFFECT_RECLAMAX,You may discard Reclamax from play to acquire a Mechana Construct in the Void as though it were in the Center Row.,你可以弃掉回收机从战场以 获取机械神器在 虚空区视为在 中央牌列.,draft,
car_7506092bb2ac,cards_sheet,key,EFFECT_RECYCLICRAB,EFFECT_RECYCLICRAB,"When you play a Mechana Construct, if this is in your discard pile you may return it to your hand.","当你打出机械神器, 若此 为在你的弃牌堆你可以返回它 以你的手牌.",draft,pass9b
car_5302d6997120,cards_sheet,key,EFFECT_REJECTEDPROTOTYPE,EFFECT_REJECTEDPROTOTYPE,${LABEL_REWARD} Gain ${ICON_HONOR3}. You pay ${ICON_RUNE3} less the next time you acquire a Construct this turn.<br>${LABEL_RALLY_MECHANA}.,${LABEL_REWARD} 获得${ICON_HONOR3}. 你少支付 ${ICON_RUNE3}下次你获取神器本回合.<br>${LABEL_RALLY_MECHANA}.,draft,pass9b
car_aa3374b37a67,cards_sheet,key,EFFECT_REMNANTOFTHEFALLEN,EFFECT_REMNANTOFTHEFALLEN,${LABEL_REWARD} Gain ${ICON_HONOR5}. Gain ${ICON_RENOWN1} of each faction. You may acquire or defeat any card in the Center Row without paying its cost.,${LABEL_REWARD} 获得${ICON_HONOR5}. 获得${ICON_RENOWN1} 的每个派系. 你可以获取或 击败任意卡牌在 中央牌列无需支付费用.,draft,
car_19e7a77476d2,cards_sheet,key,EFFECT_REMUSPACKGUARDIAN,EFFECT_REMUSPACKGUARDIAN,"While this is in your hand, if you have gained ${ICON_HONOR3} or more this turn, transform this into Remus, Wild Emissary.<br>Gain ${ICON_RUNE3}.","当此牌在你的手牌中, 若你 拥有已获得 ${ICON_HONOR3} 或更高本回合, 将此牌转化为雷穆斯, 荒野使者.<br>获得${ICON_RUNE3}.",draft,pass9b
car_5063581ebdd7,cards_sheet,key,EFFECT_REMUSWILDEMISSARY,EFFECT_REMUSWILDEMISSARY,Gain ${ICON_RUNE3}.<br>You may spend ${ICON_RUNE} as though it was ${ICON_POWER} this turn.,获得${ICON_RUNE3}.<br>你可以花费 ${ICON_RUNE} 视为 ${ICON_POWER} 本回合.,draft,
car_958afdc20c96,cards_sheet,key,EFFECT_REPLICATIONDRONE,EFFECT_REPLICATIONDRONE,You are considered to control an additional Mechana Construct.,你为 视为以 控制额外的机械神器.,draft,
car_e94159114676,cards_sheet,key,EFFECT_REPURPOSER,EFFECT_REPURPOSER,"Once per turn, when you play a Mechana Construct (including this one), you may return a Construct from your discard pile to your hand.","每回合一次，当你打出机械神器 (包括此牌), 你可以返回神器从 你的弃牌堆以 你的手牌.",draft,pass9b
car_3c1784faae7f,cards_sheet,key,EFFECT_RESCUEBOT505,EFFECT_RESCUEBOT505,"When you acquire this and it is Day, put it directly into play.<br>When you acquire a Mechana Construct, put it directly into play.","当你获取此 和它 为昼, 将其直接进入战场.<br>当你获取机械神器, 将其直接进入战场.",draft,pass9b
car_aa619871cfd1,cards_sheet,key,EFFECT_RESOURCEFULTRADER,EFFECT_RESOURCEFULTRADER,"Draw a card.<br>The next time you acquire a Construct this turn, gain ${ICON_DEATH}.","抽一张牌.<br>下次你获取神器本回合, 获得${ICON_DEATH}.",draft,
car_fd1917899f86,cards_sheet,key,EFFECT_REVERIEMUSE,EFFECT_REVERIEMUSE,Gain ${ICON_RUNE1}.<br>${LABEL_UNITE} Double your ${ICON_RUNE}.,获得 ${ICON_RUNE1}。<br>${LABEL_UNITE} 将你的 ${ICON_RUNE} 翻倍。,draft,pass12
car_40f6fdbce6f8,cards_sheet,key,EFFECT_REYSASTRIAL,EFFECT_REYSASTRIAL,Constructs in the center row cost ${ICON_RUNE1} less to acquire (to a minimum of ${ICON_RUNE1}).<br>Pay ${ICON_RUNE8}: Transform this into Forgemother Reysa and acquire it.,中央牌列神器的获取费用降低 ${ICON_RUNE1}（最低 ${ICON_RUNE1}）.<br>支付 ${ICON_RUNE8}: 将此牌转化为锻母雷萨并获取它.,draft,pass9b;pass9c;pass11
car_4aa07ffcdebc,cards_sheet,key,EFFECT_RIFTCLAW,EFFECT_RIFTCLAW,"Once per turn, gain ${ICON_POWER1}.",每回合一次，获得${ICON_POWER1}.,draft,
car_dc2239c737ac,cards_sheet,key,EFFECT_RIFTDRAKERIDER,EFFECT_RIFTDRAKERIDER,Draw two cards.<br>You may banish up to two cards in your hand or discard pile.,抽两张牌.<br>你可以放逐至多两 卡牌在你的手牌或弃牌堆.,draft,
car_f39e7b219e45,cards_sheet,key,EFFECT_RIFTGATECONJUROR,EFFECT_RIFTGATECONJUROR,"Gain ${ICON_POWER3}.<br>The next time you defeat a Void Monster this turn, gain its reward an additional time.",获得 ${ICON_POWER3}。<br>本回合下次你击败虚空怪物时，额外获得一次其奖励。,draft,pass12
car_942accbb88f3,cards_sheet,key,EFFECT_RIFTWATCHOUTPOST,EFFECT_RIFTWATCHOUTPOST,"Once per turn, gain ${ICON_POWER1}.<br>You may destroy this to gain ${ICON_POWER1}.",每回合一次，获得${ICON_POWER1}.<br>你可以摧毁此 以获得${ICON_POWER1}.,draft,
car_ce8daec9d3e8,cards_sheet,key,EFFECT_RIFTWATCHTURRET,EFFECT_RIFTWATCHTURRET,"Once per turn, gain ${ICON_POWER1}.<br>Once per turn, when you play a Mechana Construct (including this one), gain ${ICON_POWER1}.","每回合一次，获得${ICON_POWER1}.<br>每回合一次，当你打出机械神器 (包括此牌), 获得${ICON_POWER1}.",draft,pass9b
car_807cfc543325,cards_sheet,key,EFFECT_RIGHTEOUSTEMPLAR,EFFECT_RIGHTEOUSTEMPLAR,Defeat a Monster that costs ${ICON_POWER4} or less without paying its cost.,击败一个怪物费用为${ICON_POWER4} 或更低无需支付费用.,draft,
car_ca476356b250,cards_sheet,key,EFFECT_RINGOFLIFE,EFFECT_RINGOFLIFE,"Once per turn, if you have played a Lifebound Hero, gain ${ICON_RUNE1}. When Ring of Life enters play, choose a faction. Your Heroes of that factions are also Lifebound Heroes.",每回合一次，若你已打出命约英雄，获得 ${ICON_RUNE1}。当生命之戒进入战场时，选择一个派系。你该派系的英雄也视为命约英雄。,draft,pass9b;pass12
car_080531991171,cards_sheet,key,EFFECT_RISEOFTHECULT,EFFECT_RISEOFTHECULT,Cultists and Fanatics have +1P and their rewards have +1H.<br>${LABEL_EVENT_TROPHY} Gain ${ICON_HONOR1}.,邪教徒和 狂信者拥有+1战力和 其奖励拥有+1荣誉.<br>${LABEL_EVENT_TROPHY} 获得${ICON_HONOR1}.,draft,
car_bb013c60d988,cards_sheet,key,EFFECT_RIVERREAPER,EFFECT_RIVERREAPER,${LABEL_REWARD} Gain ${ICON_HONOR6}. Each opponent destroys all but one Construct they control.,${LABEL_REWARD} 获得${ICON_HONOR6}. 每位对手摧毁只留一个，其余神器其控制的.,draft,
car_6b6aabd8d38e,cards_sheet,key,EFFECT_ROCKETCOURIERX9910TH,EFFECT_ROCKETCOURIERX9910TH,"Once per turn, when you acquire a Mechana Construct, you may put it into your hand.","每回合一次，当你获取机械神器, 你可以将其放入你的手牌.",draft,pass9b
car_ec300e0169c4,cards_sheet,key,EFFECT_ROCKETCOURIERX99ETER,EFFECT_ROCKETCOURIERX99ETER,"Once per turn, when you acquire a Mechana Construct, you may put it into your hand.","每回合一次，当你获取机械神器, 你可以将其放入你的手牌.",draft,pass9b
car_ab238c0aeb66,cards_sheet,key,EFFECT_ROOTSCRYER,EFFECT_ROOTSCRYER,"Reveal the top card of your deck and put it into your hand. If it is Enlightened or Lifebound, gain ${ICON_HONOR3}.","展示你牌库顶的卡牌和 将其放入你的手牌. 若它 为圣贤或 命约, 获得${ICON_HONOR3}.",draft,pass9b
car_932e43218983,cards_sheet,key,EFFECT_RUNICHONISKROT,EFFECT_RUNICHONISKROT,Gain ${ICON_RUNE2}.,获得${ICON_RUNE2}.,draft,
car_ce8c1dce50d1,cards_sheet,key,EFFECT_RUNICLYCANTHROPE,EFFECT_RUNICLYCANTHROPE,<sprite=40>,获得2符文。若你本回合打出过命约英雄，获得2战力。,draft,
car_0cf12ea16623,cards_sheet,key,EFFECT_RUNICLYCANTHROPE10TH,EFFECT_RUNICLYCANTHROPE10TH,"Gain ${ICON_RUNE2}.<br>${LABEL_UNITE} If you play or have played a Lifebound Hero this turn, gain ${ICON_POWER2}.","获得${ICON_RUNE2}.<br>${LABEL_UNITE} 若你 打出或已打出命约英雄本回合, 获得${ICON_POWER2}.",draft,pass9b
car_ff1d5b46f857,cards_sheet,key,EFFECT_RUNICLYCANTHROPEETER,EFFECT_RUNICLYCANTHROPEETER,"Gain ${ICON_RUNE2}.<br>${LABEL_UNITE} If you play or have played a Lifebound Hero this turn, gain ${ICON_POWER2}.","获得${ICON_RUNE2}.<br>${LABEL_UNITE} 若你 打出或已打出命约英雄本回合, 获得${ICON_POWER2}.",draft,pass9b
car_489900e485ce,cards_sheet,key,EFFECT_RUSTGREMLIN,EFFECT_RUSTGREMLIN,${LABEL_REWARD} Gain ${ICON_HONOR1}. Draw a card.,${LABEL_REWARD} 获得${ICON_HONOR1}. 抽一张牌.,draft,
car_8ca8aea3f9ec,cards_sheet,key,EFFECT_RUTOAKENMASTER,EFFECT_RUTOAKENMASTER,"Gain ${ICON_HONOR3} and draw a card.<br>${LABEL_PLUNDER}Once per turn, if you acquire a card AND defeat a Monster, both in the center row, gain an additional ${ICON_HONOR3}.","获得${ICON_HONOR3} 和抽一张牌.<br>${LABEL_PLUNDER}每回合一次，若你 获取卡牌和 击败一个怪物, 两者在中央牌列, 获得额外的 ${ICON_HONOR3}.",draft,
car_fc10e3bbf931,cards_sheet,key,EFFECT_SABLESPARKSISTERS,EFFECT_SABLESPARKSISTERS,"Draw a card.<br>Gain ${ICON_RUNE1}, then banish this.","抽一张牌.<br>获得${ICON_RUNE1}, 然后放逐此牌.",draft,
car_79ed1b9bb8d3,cards_sheet,key,EFFECT_SABRETHEMOONLIT,EFFECT_SABRETHEMOONLIT,Gain ${ICON_RUNE1}. Gain ${ICON_POWER1}. Gain ${ICON_HONOR1}. Draw a card.<br>${LABEL_UNITE} Gain ${ICON_RUNE1}. Gain ${ICON_POWER1}. Gain ${ICON_HONOR1}. Draw a card.,获得${ICON_RUNE1}. 获得${ICON_POWER1}. 获得${ICON_HONOR1}. 抽一张牌.<br>${LABEL_UNITE} 获得${ICON_RUNE1}. 获得${ICON_POWER1}. 获得${ICON_HONOR1}. 抽一张牌.,draft,
car_6a2129ffcc4e,cards_sheet,key,EFFECT_SACREDPOT,EFFECT_SACREDPOT,"${LABEL_SERENITY} Once per turn, draw a card. <i>(Gain this effect if there are no cards in your discard pile.)</i>",${LABEL_SERENITY} 每回合一次，抽一张牌. <i>(获得此效果若 那里为 没有卡牌在你的弃牌堆.)</i>,draft,
car_6c2efcfd20ad,cards_sheet,key,EFFECT_SADISTICGIANT,EFFECT_SADISTICGIANT,${LABEL_REWARD} Gain ${ICON_HONOR5}.,${LABEL_REWARD} 获得${ICON_HONOR5}.,draft,
car_3f28b0a93836,cards_sheet,key,EFFECT_SADRANISDARKEMISSARY,EFFECT_SADRANISDARKEMISSARY,"Gain ${ICON_POWER3}.<br>You may defeat a Monster in the Void as though it were in the center row. If you do, put it on the bottom of the center deck.",获得${ICON_POWER3}.<br>你可以击败一个怪物在 虚空区视为在中央牌列. 若如此做，将它放置置于其底： 传送门牌库.,draft,pass9b
car_944e5005c505,cards_sheet,key,EFFECT_SADRANISDARKSAVANT,EFFECT_SADRANISDARKSAVANT,"Draw two cards, then discard a card. You may banish a card in your discard pile.","抽两张牌, 然后弃一张牌. 你可以从你的弃牌堆放逐一张卡牌.",draft,pass11;pass11b
car_e4985681ef55,cards_sheet,key,EFFECT_SALVAGEMASTERMILA,EFFECT_SALVAGEMASTERMILA,Gain ${ICON_RUNE4}.<br>You may put any Constructs you acquire this turn directly into play.,获得${ICON_RUNE4}.<br>你可以放置任意神器你获取本回合直接进入战场.,draft,pass9b
car_402080d3c55f,cards_sheet,key,EFFECT_SALVAGEYARD,EFFECT_SALVAGEYARD,"At the start of your turn, return this to your hand.",在你的回合开始时，将此牌收回你的手牌。,draft,pass12
car_e2012a6053be,cards_sheet,key,EFFECT_SAMAELETERNALSINNER,EFFECT_SAMAELETERNALSINNER,${LABEL_REWARD} Gain ${ICON_HONOR6}.  Reveal the top three cards of the center deck. You may acquire or defeat a revealed card for free. Put the other revealed cards into the Void.,${LABEL_REWARD} 获得${ICON_HONOR6}. 展示顶部三 卡牌的 传送门牌库. 你可以获取或 击败已展示卡牌无需支付费用. 放置其他已展示卡牌置入虚空区.,draft,
car_2992d8fc7c08,cards_sheet,key,EFFECT_SAMAELSTRICKSTER,EFFECT_SAMAELSTRICKSTER,<sprite=112>,奖励：获得1荣誉。获得1符文。,draft,
car_073bdf227e9b,cards_sheet,key,EFFECT_SAMAELSTRICKSTER10TH,EFFECT_SAMAELSTRICKSTER10TH,${LABEL_REWARD} Gain ${ICON_HONOR2} and ${ICON_RUNE1}.,${LABEL_REWARD} 获得${ICON_HONOR2} 和 ${ICON_RUNE1}.,draft,
car_154498d58ca2,cards_sheet,key,EFFECT_SAMAELTHEFALLEN,EFFECT_SAMAELTHEFALLEN,"Unbanishable.<br>${LABEL_REWARD} Gain ${ICON_HONOR8}.  Place this face up in front of you.  For the rest of the game, when you defeat a Monster in the center row or the Void, you may acquire it.  Monsters in your deck are considered Heroes. When you play them, you gain their ${ICON_POWER}.",不可放逐。,draft,
car_41d7a2f43e09,cards_sheet,key,EFFECT_SCAVENGERANTS,EFFECT_SCAVENGERANTS,${LABEL_REWARD} Gain ${ICON_HONOR4}.,${LABEL_REWARD} 获得${ICON_HONOR4}.,draft,
car_b9849f575dba,cards_sheet,key,EFFECT_SCIONOFCETRA,EFFECT_SCIONOFCETRA,Gain ${ICON_RUNE2} and ${ICON_HONOR2}.,获得${ICON_RUNE2} 和 ${ICON_HONOR2}.,draft,
car_abde099c294a,cards_sheet,key,EFFECT_SCIONOFEMRI,EFFECT_SCIONOFEMRI,Gain ${ICON_POWER3}.<br>You may banish a card in your discard pile.,获得${ICON_POWER3}.<br>你可以从你的弃牌堆放逐一张卡牌.,draft,pass11
car_6c75477a9bb5,cards_sheet,key,EFFECT_SCIONOFEULOTH,EFFECT_SCIONOFEULOTH,Gain ${ICON_RUNE2} and ${ICON_POWER2}.,获得${ICON_RUNE2} 和 ${ICON_POWER2}.,draft,
car_0396d4415aba,cards_sheet,key,EFFECT_SCIONOFOZIAH,EFFECT_SCIONOFOZIAH,Defeat a Monster with cost ${ICON_POWER5} or less without paying its cost.,击败一个怪物以 费用 ${ICON_POWER5} 或更低无需支付费用.,draft,
car_c83b8ede6632,cards_sheet,key,EFFECT_SCRABBLINGSQUAD,EFFECT_SCRABBLINGSQUAD,Gain ${ICON_RUNE2} and ${ICON_POWER2}.,获得${ICON_RUNE2} 和 ${ICON_POWER2}.,draft,
car_3124e9a2f68a,cards_sheet,key,EFFECT_SCRAPBOTSCRAPPER,EFFECT_SCRAPBOTSCRAPPER,Gain ${ICON_POWER2}. You may return a Construct you control to your hand.,获得${ICON_POWER2}. 你可以返回神器你控制的以 你的手牌.,draft,
car_cf8c4244617d,cards_sheet,key,EFFECT_SCRAPFLINGER,EFFECT_SCRAPFLINGER,"Gain ${ICON_POWER2}.<br>You may destroy a Construct you control.  If you do, gain an additional ${ICON_POWER2}.",获得${ICON_POWER2}.<br>你可以摧毁一个神器你控制的. 若如此做，获得额外的 ${ICON_POWER2}.,draft,pass9b
car_2cf570b943f2,cards_sheet,key,EFFECT_SCRAPSCRABBLER,EFFECT_SCRAPSCRABBLER,Gain ${ICON_RUNE1} and ${ICON_POWER1}.,获得${ICON_RUNE1} 和 ${ICON_POWER1}.,draft,
car_fa0ebc5bb0eb,cards_sheet,key,EFFECT_SCRAPWEAVER,EFFECT_SCRAPWEAVER,Draw a card.<br>You may put the next Construct you acquire this turn directly into play.,抽一张牌.<br>你可以放置下一神器你 获取本回合直接进入战场.,draft,
car_afad7c913a14,cards_sheet,key,EFFECT_SCRYEROFTHELIDLESSEYE,EFFECT_SCRYEROFTHELIDLESSEYE,"Draw two cards, then discard a card. If the discarded card is Enlightened, return it to your hand.","抽两张牌, 然后弃一张牌. 若已弃一张牌为 圣贤, 返回它 以你的手牌.",draft,pass9b;pass11b
car_556cd1c1c5ad,cards_sheet,key,EFFECT_SEARINGASKARA,EFFECT_SEARINGASKARA,Banish a card in the center row. Then you may acquire a card with cost ${ICON_RUNE3} or less without paying its cost.,放逐中央牌列的一张卡牌. 然后你可以获取卡牌以 费用 ${ICON_RUNE3} 或更低无需支付费用.,draft,pass11
car_c91dce13e358,cards_sheet,key,EFFECT_SEATYRANT,EFFECT_SEATYRANT,<sprite=102>,奖励：获得5荣誉。每位对手须选择一张其控制的神器，将其余神器置入弃牌堆。,draft,
car_02c08877596b,cards_sheet,key,EFFECT_SEATYRANT10TH,EFFECT_SEATYRANT10TH,"${LABEL_REWARD} Gain ${ICON_HONOR5}.  If an opponent has more than one Construct, that player must destroy all but one Construct he controls.","${LABEL_REWARD} 获得${ICON_HONOR5}. 若对手拥有超过一 神器, 该玩家须摧毁只留一个，其余神器其控制的.",draft,
car_1ef32fa64532,cards_sheet,key,EFFECT_SECLUDEDLABORATORY,EFFECT_SECLUDEDLABORATORY,"If you have played two or more Mechana Heroes this turn, transform this into Zero Point Reactor.","若你打出过两 或更高机械英雄本回合, 将此牌转化为零 点反应堆.",draft,
car_e861412f0af3,cards_sheet,key,EFFECT_SEEDOFTHEWORLD,EFFECT_SEEDOFTHEWORLD,"Once per turn, when you acquire a Hero in the Center Row, gain ${ICON_HONOR} equal to its ${ICON_HONOR} value.","每回合一次，当你获取一个英雄在 中央牌列, 获得${ICON_HONOR} 等同于 其 ${ICON_HONOR} 值.",draft,pass9b;pass11
car_50b74ce80f8c,cards_sheet,key,EFFECT_SEEROFDAYSPAST,EFFECT_SEEROFDAYSPAST,"When you acquire this, ${LABEL_RALLY_ENLIGHTENED}.<br>Draw a card. If you have ${ICON_REPUTATION8} or more, draw an additional card.","当你获取此牌时，${LABEL_RALLY_ENLIGHTENED}.<br>抽一张牌. 若你 拥有${ICON_REPUTATION8} 或更高, 额外抽一张牌.",draft,pass9b;pass9c;pass11
car_f4059c2a2a25,cards_sheet,key,EFFECT_SEEROFTHEFORKEDPATH,EFFECT_SEEROFTHEFORKEDPATH,Draw a card.  You may banish a card in the center row.,抽一张牌。然后你可以放逐中央牌列中的一张卡牌。,draft,
car_7c2660ba49fd,cards_sheet,key,EFFECT_SEEROFTHEFORKEDPATH10TH,EFFECT_SEEROFTHEFORKEDPATH10TH,Draw a card.  You may banish a card in the center row.,抽一张牌. 你可以放逐中央牌列的一张卡牌.,draft,pass11
car_6d309c0a587a,cards_sheet,key,EFFECT_SERENEASCETIC,EFFECT_SERENEASCETIC,"When you acquire this, you may put it on top of your deck.<br>Draw two cards.",当你获取此牌时，你可以将它放置放到你的牌库顶.<br>抽两张牌.,draft,pass9b;pass9c;pass11
car_365d1e29a465,cards_sheet,key,EFFECT_SERPENTCALL,EFFECT_SERPENTCALL,"Once per turn, gain ${ICON_RUNE2}.<br>Once per turn, you may acquire a Hero in the Void as though it were in the center row.",每回合一次，获得${ICON_RUNE2}.<br>每回合一次，你可以获取一个英雄在 虚空区视为在中央牌列.,draft,
car_6d35bab430cb,cards_sheet,key,EFFECT_SERPENTSIREN,EFFECT_SERPENTSIREN,${LABEL_REWARD} Gain ${ICON_HONOR1}.,${LABEL_REWARD} 获得${ICON_HONOR1}.,draft,
car_563f13ebae57,cards_sheet,key,EFFECT_SHADEASKARA,EFFECT_SHADEASKARA,"Gain ${ICON_POWER3}.<br>If you have an Enlightened or Void card in your discard pile, draw a card.","获得${ICON_POWER3}.<br>若你 拥有圣贤或 虚空卡牌在你的弃牌堆, 抽一张牌.",draft,pass9b
car_95ad29fc5374,cards_sheet,key,EFFECT_SHADECONVERTER,EFFECT_SHADECONVERTER,"If you control three or more Mechana Constructs, you may treat your turn as Day.","若你控制的三 或更高机械神器, 你可以视为你的回合作为昼.",draft,
car_19d4369a7aec,cards_sheet,key,EFFECT_SHADEFEATHER,EFFECT_SHADEFEATHER,Gain ${ICON_POWER1}. You may banish a card in your hand or discard pile.,获得${ICON_POWER1}. 你可以从你的手牌或弃牌堆放逐一张卡牌.,draft,pass9b
car_2e7f7abbd649,cards_sheet,key,EFFECT_SHADEOFSADRANIS,EFFECT_SHADEOFSADRANIS,Gain ${ICON_POWER4}.,获得${ICON_POWER4}.,draft,
car_4c2448f01ac1,cards_sheet,key,EFFECT_SHADEOFTHEBLACKWATCH,EFFECT_SHADEOFTHEBLACKWATCH,Gain ${ICON_POWER2}.<br>You may banish a card in your hand or discard pile.,获得2战力。你可以放逐一张手牌或弃牌堆中的卡牌。,draft,
car_8d70a333efb2,cards_sheet,key,EFFECT_SHADEOFTHEBLACKWATCH10TH,EFFECT_SHADEOFTHEBLACKWATCH10TH,Gain ${ICON_POWER2}.<br>You may banish a card in your hand or discard pile.,获得${ICON_POWER2}.<br>你可以从你的手牌或弃牌堆放逐一张卡牌.,draft,pass9b
car_17b4d6f00954,cards_sheet,key,EFFECT_SHADESBARGAIN,EFFECT_SHADESBARGAIN,"Once per turn, if you have played two or more Void cards (including this one), gain ${ICON_POWER2}.","每回合一次，若你已打出两 或更高虚空卡牌 (包括此牌), 获得${ICON_POWER2}.",draft,pass9b
car_713e26e179f5,cards_sheet,key,EFFECT_SHADEVIPER,EFFECT_SHADEVIPER,${LABEL_REWARD} Gain ${ICON_HONOR2}.,${LABEL_REWARD} 获得${ICON_HONOR2}.,draft,
car_27965f217488,cards_sheet,key,EFFECT_SHADOWARBITER,EFFECT_SHADOWARBITER,Draw a card. You may banish a card in your hand to gain ${ICON_POWER2}.,抽一张牌. 你可以从你的手牌放逐一张卡牌以 获得${ICON_POWER2}.,draft,pass9b
car_744ad4f7f169,cards_sheet,key,EFFECT_SHADOWBLADESENTRY,EFFECT_SHADOWBLADESENTRY,"Gain ${ICON_POWER3}.<br>${LABEL_ECHO} if there is a Void card in your discard pile, draw a card.","获得${ICON_POWER3}.<br>${LABEL_ECHO} 若存在虚空卡牌在你的弃牌堆, 抽一张牌.",draft,
car_644bde0aa28f,cards_sheet,key,EFFECT_SHADOWCASTER,EFFECT_SHADOWCASTER,"Draw a card. You may banish a card from your hand. If you do, draw an additional card. If the current event is Void, you may also banish a card in your discard pile.","抽一张牌. 你可以从你的手牌放逐一张卡牌. 若如此做，额外抽一张牌. 若当前事件为 虚空, 你可以也从你的弃牌堆放逐一张卡牌.",draft,pass9b;pass11
car_736186186aa0,cards_sheet,key,EFFECT_SHADOWELEMENTAL,EFFECT_SHADOWELEMENTAL,"Gain ${ICON_POWER2}.<br>If this is banished from anywhere during your turn, gain ${ICON_POWER2}.","获得${ICON_POWER2}.<br>若此 为被放逐从 任意处在期间你的回合, 获得${ICON_POWER2}.",draft,
car_af228c131a2a,cards_sheet,key,EFFECT_SHADOWMENDER,EFFECT_SHADOWMENDER,Gain ${ICON_POWER3}.,获得${ICON_POWER3}.,draft,
car_bef9a064b9d8,cards_sheet,key,EFFECT_SHADOWRIDGESCOUT,EFFECT_SHADOWRIDGESCOUT,Gain ${ICON_POWER2}.<br>${LABEL_ECHO} Gain ${ICON_DEATH}. <i>(Gain this effect if there is a Void card in your discard pile.)</i>,获得${ICON_POWER2}.<br>${LABEL_ECHO} 获得${ICON_DEATH}. <i>(获得此效果若 存在虚空卡牌在你的弃牌堆.)</i>,draft,
car_c3adb2ce5698,cards_sheet,key,EFFECT_SHADOWSTALKER,EFFECT_SHADOWSTALKER,You may banish a card in your discard pile.<br>Draw a card.,你可以从你的弃牌堆放逐一张卡牌.<br>抽一张牌.,draft,pass11
car_258cc314ab71,cards_sheet,key,EFFECT_SHADOWSTAR,EFFECT_SHADOWSTAR,<sprite=72>,每回合一次，获得1战力。,draft,
car_e2433844c60b,cards_sheet,key,EFFECT_SHADOWSTAR10TH,EFFECT_SHADOWSTAR10TH,"Once per turn, gain ${ICON_POWER1}.",每回合一次，获得${ICON_POWER1}.,draft,
car_5c3c6f5252b5,cards_sheet,key,EFFECT_SHADOWSTARETER,EFFECT_SHADOWSTARETER,"Once per turn, gain ${ICON_POWER1}.",每回合一次，获得${ICON_POWER1}.,draft,
car_ade7acf16f7d,cards_sheet,key,EFFECT_SHARDFINDERCOMPASS,EFFECT_SHARDFINDERCOMPASS,You may banish this to acquire all of the Treasures in the center row.,你可以放逐此牌以获取所有的 宝藏s在中央牌列.,draft,pass11b
car_ca0b6f3f1f7d,cards_sheet,key,EFFECT_SHARDWINGBEETLE,EFFECT_SHARDWINGBEETLE,"${LABEL_REWARD} Gain ${ICON_HONOR3}.<br>When you defeat this, you may pay ${ICON_RUNE3} to gain an additional ${ICON_HONOR3}.","${LABEL_REWARD} 获得${ICON_HONOR3}.<br>当你击败此, 你可以支付 ${ICON_RUNE3} 以获得额外的 ${ICON_HONOR3}.",draft,pass9b
car_2c6ba71d52b1,cards_sheet,key,EFFECT_SHEPHERDOFTHELOST,EFFECT_SHEPHERDOFTHELOST,"Gain ${ICON_RUNE2}.<br>If this is banished from your hand or discard pile, gain ${ICON_HONOR5}.","获得${ICON_RUNE2}.<br>若此 为被放逐从你的手牌或 弃牌堆, 获得${ICON_HONOR5}.",draft,
car_4aeb63357ab0,cards_sheet,key,EFFECT_SHIELDBEARER,EFFECT_SHIELDBEARER,Draw a card.<br>You may banish a card in your hand or discard pile.,抽一张牌.<br>你可以从你的手牌或弃牌堆放逐一张卡牌.,draft,pass9b
car_2c6b624adeb0,cards_sheet,key,EFFECT_SHRINEATTENDANT,EFFECT_SHRINEATTENDANT,Add a Mystic or Heavy Infantry to your hand.,加入秘教士或 重装步兵以 你的手牌.,draft,
car_6069ffbcc9b8,cards_sheet,key,EFFECT_SIEGEMASTERSRAM,EFFECT_SIEGEMASTERSRAM,"Once per turn, when you play a Mechana Construct (including this one) or if you control a Temple, gain ${ICON_POWER2}.","每回合一次，当你打出机械神器 (包括此牌) 或若 你控制的神殿, 获得${ICON_POWER2}.",draft,pass9b
car_6350e5f44a7a,cards_sheet,key,EFFECT_SILENCEDPROPHET,EFFECT_SILENCEDPROPHET,"Draw a card.<br>Put the top card of your deck into your discard pile, then you may banish a card in your hand or discard pile.","抽一张牌.<br>放置你牌库顶的卡牌置入你的弃牌堆, 然后你可以从你的手牌或弃牌堆放逐一张卡牌.",draft,pass9b
car_381e460eb586,cards_sheet,key,EFFECT_SIREWOODELDER,EFFECT_SIREWOODELDER,Gain ${ICON_RUNE2}.<br>${LABEL_UNITE} Draw a card.,获得${ICON_RUNE2}.<br>${LABEL_UNITE} 抽一张牌.,draft,
car_2d6bfb1e0c62,cards_sheet,key,EFFECT_SISTEROFTHEWIND,EFFECT_SISTEROFTHEWIND,"Banish Sister of the Wind and a card in your hand. If you do, add a Mystic and/or a Heavy Infantry to your hand.",放逐姐妹的 风和 卡牌在你的手牌中. 若如此做，加入秘教士和/或重装步兵以 你的手牌.,draft,pass9b
car_7c0c0f27cf0d,cards_sheet,key,EFFECT_SKYROCKETDRONE,EFFECT_SKYROCKETDRONE,Gain ${ICON_RUNE1} and an additional ${ICON_RUNE1} if you control a Construct.,获得${ICON_RUNE1} 和额外的 ${ICON_RUNE1} 若你控制的神器.,draft,
car_210d69f8afaf,cards_sheet,key,EFFECT_SMOKETYRANT,EFFECT_SMOKETYRANT,${LABEL_REWARD} Gain ${ICON_HONOR4}. Banish the top seven cards of the center deck. Put all Treasures banished this way under this.,${LABEL_REWARD} 获得${ICON_HONOR4}. 放逐顶部七张卡牌的 传送门牌库. 放置所有宝藏s被放逐以此方式其下此.,draft,
car_d16dcf54b374,cards_sheet,key,EFFECT_SNAKESHAMAN,EFFECT_SNAKESHAMAN,"Gain ${ICON_RUNE1}.  If the Current Event is Lifebound, gain an additional ${ICON_RUNE1}.<br>Once this turn, you may spend up to ${ICON_RUNE4} to gain that much ${ICON_HONOR}.","获得${ICON_RUNE1}. 若当前事件为 生命, 获得额外的 ${ICON_RUNE1}.<br>本回合一次, 你可以花费至多 ${ICON_RUNE4} 以获得该等量的 ${ICON_HONOR}.",draft,pass9b
car_0523131f560c,cards_sheet,key,EFFECT_SNAPDRAGON,EFFECT_SNAPDRAGON,<sprite=6>,每回合一次，获得1符文。每回合你首次打出命约英雄时，获得1荣誉。,draft,
car_48892903999f,cards_sheet,key,EFFECT_SNAPDRAGON10TH,EFFECT_SNAPDRAGON10TH,"Once per turn, gain ${ICON_RUNE1}.<br>${LABEL_UNITE} Once per turn, if you have played a Lifebound Hero, gain ${ICON_HONOR1}.","每回合一次，获得${ICON_RUNE1}.<br>${LABEL_UNITE} 每回合一次，若你已打出命约英雄, 获得${ICON_HONOR1}.",draft,pass9b
car_e88d2daf1495,cards_sheet,key,EFFECT_SNAPDRAGONWITCH,EFFECT_SNAPDRAGONWITCH,"Gain ${ICON_HONOR1}.<br>Draw a card.<br>If you have more ${ICON_HONOR} than every other player, draw an additional card.","获得${ICON_HONOR1}.<br>抽一张牌.<br>若你 拥有更多 ${ICON_HONOR} 于每个其他玩家, 额外抽一张牌.",draft,pass9b
car_aeedbf5cd9e2,cards_sheet,key,EFFECT_SNOWSTRIDERLYCAN,EFFECT_SNOWSTRIDERLYCAN,"Gain ${ICON_RUNE1}, ${ICON_HONOR1}, ${ICON_POWER1}, and draw a card.","获得${ICON_RUNE1}, ${ICON_HONOR1}, ${ICON_POWER1}, 和抽一张牌.",draft,
car_835361b5f775,cards_sheet,key,EFFECT_SOCKETALTAR,EFFECT_SOCKETALTAR,"Once per turn, when you put a Mechana Construct into play (including this one), gain ${ICON_RUNE2}.","每回合一次，当你 放置机械神器进入战场 (包括此牌), 获得${ICON_RUNE2}.",draft,pass9b
car_b03dcef9b0fd,cards_sheet,key,EFFECT_SOLARSENTRY,EFFECT_SOLARSENTRY,Gain ${ICON_RUNE2}.,获得${ICON_RUNE2}.,draft,
car_522955d98033,cards_sheet,key,EFFECT_SONNYLIGHTWIELDER,EFFECT_SONNYLIGHTWIELDER,"Empower <i>(When you acquire this, you may banish a card you have played this turn.)</i><br>Defeat a Monster without paying its cost. If that Monster would go to the Void, you may put it into a player's discard pile instead.","赋力 <i>(当你获取此牌时，你可以放逐一张已打出的卡牌本回合.)</i><br>击败一个怪物无需支付费用. 若该 怪物会 进入以 虚空区, 你可以将其放入一名玩家的弃牌堆改为.",draft,pass9b;pass9c;pass11
car_ffef8aa7cb35,cards_sheet,key,EFFECT_SORDIDASP,EFFECT_SORDIDASP,"${LABEL_REWARD} Gain ${ICON_HONOR1}, then steal ${ICON_HONOR2} from an opponent with the most ${ICON_HONOR} if they have more than you.","${LABEL_REWARD} 获得${ICON_HONOR1}, 然后偷取 ${ICON_HONOR2} 从对手以 最多的 ${ICON_HONOR} 若其拥有超过你.",draft,
car_ef0d12ebfb5e,cards_sheet,key,EFFECT_SOULASSASSIN,EFFECT_SOULASSASSIN,"Gain ${ICON_POWER2}.<br>The next time you defeat a Monster in the center row this turn, gain ${ICON_RUNE2}.","获得${ICON_POWER2}.<br>本回合下次你在中央牌列击败怪物时, 获得${ICON_RUNE2}.",draft,pass9c
car_40f7312f65b1,cards_sheet,key,EFFECT_SOULCOLLECTOR,EFFECT_SOULCOLLECTOR,"Once per turn, add a Soul counter to this if you've defeated a Monster in the center row.<br>Once per turn, gain ${ICON_POWER} equal to the number of Soul counters on this.",每回合一次，若你已在中央牌列击败怪物，在此牌上放置一枚灵魂指示物。<br>每回合一次，获得等同于此牌上灵魂指示物数量的 ${ICON_POWER}。,draft,pass11;pass12
car_3315c5f91f33,cards_sheet,key,EFFECT_SOULGEMARBITEROFFATE,EFFECT_SOULGEMARBITEROFFATE,Draw a card.<br>You may banish a card in your hand or discard pile.,抽一张牌.<br>你可以从你的手牌或弃牌堆放逐一张卡牌.,draft,pass9b
car_0a879cf0a1c7,cards_sheet,key,EFFECT_SOULGEMARHAINITIATE,EFFECT_SOULGEMARHAINITIATE,Draw a card.,抽一张牌.,draft,
car_27df33193274,cards_sheet,key,EFFECT_SOULGEMARHATEMPLAR,EFFECT_SOULGEMARHATEMPLAR,Defeat a Monster that has ${ICON_POWER4} or less without paying its cost.,击败一个怪物该 具有${ICON_POWER4} 或更低无需支付费用.,draft,
car_7e6c520ba64a,cards_sheet,key,EFFECT_SOULGEMASCETICOFTHELIDLESSEYE,EFFECT_SOULGEMASCETICOFTHELIDLESSEYE,Draw two cards.,抽两张牌.,draft,
car_c2f7aeb4d755,cards_sheet,key,EFFECT_SOULGEMASKARAOFFATE,EFFECT_SOULGEMASKARAOFFATE,Draw two cards.  Each other player may draw a card.  Then you may banish a card in the center row.,抽两张牌. 每位其他玩家可以抽一张牌. 然后你可以放逐中央牌列的一张卡牌.,draft,pass11
car_72b2e35267fd,cards_sheet,key,EFFECT_SOULGEMAVATARGOLEM,EFFECT_SOULGEMAVATARGOLEM,Gain ${ICON_POWER2}.<br>Gain ${ICON_HONOR1} for each faction among Constructs you control.,获得${ICON_POWER2}.<br>获得${ICON_HONOR1} 你控制的每个派系在神器之中.,draft,pass9c
car_896b0d134301,cards_sheet,key,EFFECT_SOULGEMDEMONSLAYER,EFFECT_SOULGEMDEMONSLAYER,Gain ${ICON_POWER3}.,获得${ICON_POWER3}.,draft,
car_824fda3e9aab,cards_sheet,key,EFFECT_SOULGEMDIMENSIONDIVER,EFFECT_SOULGEMDIMENSIONDIVER,Gain ${ICON_RUNE2}.<br>You may treat all Constructs as Mechana Constructs this turn.,获得${ICON_RUNE2}.<br>你可以将所有神器作为机械神器本回合.,draft,pass9b
car_6a53f6f9cad8,cards_sheet,key,EFFECT_SOULGEMDRUIDSOFTHESTONECIRCLE,EFFECT_SOULGEMDRUIDSOFTHESTONECIRCLE,Acquire a Hero that costs ${ICON_RUNE3} or less without paying its cost. Place it on top of your deck.,获取一个英雄费用为${ICON_RUNE3} 或更低无需支付费用. 将它放到你的牌库顶.,draft,
car_8b52fd47caff,cards_sheet,key,EFFECT_SOULGEMGREATOMENRAVEN,EFFECT_SOULGEMGREATOMENRAVEN,"Name a card.  Reveal the top card of your deck and put it into your hand.  If it is the named card, gain ${ICON_HONOR3}.","命名卡牌. 展示你牌库顶的卡牌和 将其放入你的手牌. 若它 为被命名为卡牌, 获得${ICON_HONOR3}.",draft,pass9b
car_b02fb21ab1c1,cards_sheet,key,EFFECT_SOULGEMLANDTALKER,EFFECT_SOULGEMLANDTALKER,Gain ${ICON_RUNE3}.,获得${ICON_RUNE3}.,draft,
car_3309fab76b1e,cards_sheet,key,EFFECT_SOULGEMLIFEBOUNDINITIATE,EFFECT_SOULGEMLIFEBOUNDINITIATE,Gain ${ICON_RUNE1} and ${ICON_HONOR1}.,获得${ICON_RUNE1} 和 ${ICON_HONOR1}.,draft,
car_062c67235598,cards_sheet,key,EFFECT_SOULGEMMASTERDHARTHA,EFFECT_SOULGEMMASTERDHARTHA,Draw three cards.,抽三张牌.,draft,
car_8d301d739748,cards_sheet,key,EFFECT_SOULGEMMECHANAINITIATE,EFFECT_SOULGEMMECHANAINITIATE,Gain ${ICON_RUNE1} or ${ICON_POWER1}.,获得${ICON_RUNE1} 或 ${ICON_POWER1}.,draft,
car_ce6b308e6fe6,cards_sheet,key,EFFECT_SOULGEMREACTORMONK,EFFECT_SOULGEMREACTORMONK,Gain ${ICON_RUNE2}.<br>You pay ${ICON_RUNE1} less the next time you acquire a Construct this turn.,获得${ICON_RUNE2}.<br>你少支付 ${ICON_RUNE1}下次你获取神器本回合.,draft,pass9b
car_7e596ecc38d1,cards_sheet,key,EFFECT_SOULGEMRUNICLYCANTHROPE,EFFECT_SOULGEMRUNICLYCANTHROPE,"Gain ${ICON_RUNE2}.<br>If you've played a Lifebound Hero this turn, gain ${ICON_POWER2}.","获得${ICON_RUNE2}.<br>若你打出过命约英雄本回合, 获得${ICON_POWER2}.",draft,
car_29b8fff44711,cards_sheet,key,EFFECT_SOULGEMSEEROFTHEFORKEDPATH,EFFECT_SOULGEMSEEROFTHEFORKEDPATH,Draw a card.  You may banish a card in the center row.,抽一张牌. 你可以放逐中央牌列的一张卡牌.,draft,pass11
car_f85839b18ab3,cards_sheet,key,EFFECT_SOULGEMSHADEOFTHEBLACKWATCH,EFFECT_SOULGEMSHADEOFTHEBLACKWATCH,Gain ${ICON_POWER2}.<br>You may banish a card in your hand or discard pile.,获得${ICON_POWER2}.<br>你可以从你的手牌或弃牌堆放逐一张卡牌.,draft,pass9b
car_894040481bb7,cards_sheet,key,EFFECT_SOULGEMSPIKEVIXEN,EFFECT_SOULGEMSPIKEVIXEN,Gain ${ICON_POWER1}.<br>Draw a card.,获得${ICON_POWER1}.<br>抽一张牌.,draft,
car_adcde91e0ae1,cards_sheet,key,EFFECT_SOULGEMVOIDINITIATE,EFFECT_SOULGEMVOIDINITIATE,Gain ${ICON_RUNE1}.<br>You may banish a card in your hand or discard pile.,获得${ICON_RUNE1}.<br>你可以从你的手牌或弃牌堆放逐一张卡牌.,draft,pass9b
car_8bd1402a54fd,cards_sheet,key,EFFECT_SOULGEMWOLFSHAMAN,EFFECT_SOULGEMWOLFSHAMAN,Gain ${ICON_RUNE1}.<br>Draw a card.,获得${ICON_RUNE1}.<br>抽一张牌.,draft,
car_89eac560733c,cards_sheet,key,EFFECT_SOULSHAPER,EFFECT_SOULSHAPER,"You may banish this or another card in your hand. If you do, gain a Soul Gem. If the current event is Void, you may banish a card in your discard pile to gain a Soul Gem instead.","你可以放逐此牌或 另一卡牌在你的手牌中. 若如此做，获得灵魂宝石. 若当前事件为 虚空, 你可以从你的弃牌堆放逐一张卡牌以 获得灵魂宝石改为.",draft,pass9b;pass11
car_6e985684ceee,cards_sheet,key,EFFECT_SOULSNAREHUNTER,EFFECT_SOULSNAREHUNTER,"Gain ${ICON_POWER2}.<br>The next time you defeat a Monster in the center row this turn, gain ${ICON_LIFE}.","获得${ICON_POWER2}.<br>本回合下次你在中央牌列击败怪物时, 获得${ICON_LIFE}.",draft,pass9c
car_eaabb11982fd,cards_sheet,key,EFFECT_SOULSUNBOUND,EFFECT_SOULSUNBOUND,"Monsters in the center row are Unbanishable.<br>${LABEL_EVENT_TROPHY} Discard a card. If you do, gain a Soul Gem.",中央牌列的怪物不可放逐.<br>${LABEL_EVENT_TROPHY} 弃一张牌. 若如此做，获得灵魂宝石.,draft,pass9b;pass11b
car_6ba554f3ada3,cards_sheet,key,EFFECT_SOWEROFBETRAYAL,EFFECT_SOWEROFBETRAYAL,${LABEL_REWARD} Gain ${ICON_HONOR3}. Name a faction. Gain an additional ${ICON_HONOR2} for each Hero of that faction you have played this turn.,${LABEL_REWARD} 获得${ICON_HONOR3}. 命名派系. 获得额外的 ${ICON_HONOR2} 以每个英雄的 该派系你 已打出本回合.,draft,pass9b
car_952816e0f3e7,cards_sheet,key,EFFECT_SOWEROFDISCONTENT,EFFECT_SOWEROFDISCONTENT,${LABEL_REWARD} Gain ${ICON_HONOR2}. Name a faction. Gain an additional ${ICON_HONOR1} for each Hero of that faction you have played this turn.,${LABEL_REWARD} 获得${ICON_HONOR2}. 命名派系. 获得额外的 ${ICON_HONOR1} 以每个英雄的 该派系你 已打出本回合.,draft,pass9b
car_85825dbfc052,cards_sheet,key,EFFECT_SPARKBUG,EFFECT_SPARKBUG,"Once per turn, if you have played two or more Mechana cards (including this one), gain ${ICON_RUNE2}.","每回合一次，若你已打出两 或更高机械卡牌 (包括此牌), 获得${ICON_RUNE2}.",draft,pass9b
car_5f8447431955,cards_sheet,key,EFFECT_SPARKSPRAYER,EFFECT_SPARKSPRAYER,"Once per turn, you may destroy a Mechana Construct you control to gain ${ICON_POWER1}. If the current Event is Mechana, gain an additional ${ICON_POWER1}.","每回合一次，你可以摧毁机械神器你控制的以 获得${ICON_POWER1}. 若当前事件为 机械, 获得额外的 ${ICON_POWER1}.",draft,
car_6358d4bf4b99,cards_sheet,key,EFFECT_SPIDERWITCH,EFFECT_SPIDERWITCH,Gain ${ICON_HONOR2}.<br>${LABEL_UNITE} Gain a Soul Gem. <i>(Gain this effect once if you play or have played another Lifebound Hero this turn.)</i>,获得${ICON_HONOR2}.<br>${LABEL_UNITE} 获得灵魂宝石. <i>(获得此效果一次若 你打出或已打出另一命约英雄本回合.)</i>,draft,pass9b
car_b8b13fbfaf19,cards_sheet,key,EFFECT_SPIKEVIXEN,EFFECT_SPIKEVIXEN,Gain ${ICON_POWER1}.<br>Draw a card.,获得1战力。抽一张牌。,draft,
car_dcee2a7476ff,cards_sheet,key,EFFECT_SPIKEVIXEN10TH,EFFECT_SPIKEVIXEN10TH,Gain ${ICON_POWER1}. Draw a card.,获得${ICON_POWER1}. 抽一张牌.,draft,
car_d4207ffb6945,cards_sheet,key,EFFECT_SPIKEVIXENETER,EFFECT_SPIKEVIXENETER,Gain ${ICON_POWER1}.<br>Draw a card.,获得${ICON_POWER1}.<br>抽一张牌.,draft,
car_ad3651c24310,cards_sheet,key,EFFECT_SPIKEVIXENRU,EFFECT_SPIKEVIXENRU,Gain ${ICON_POWER1}.<br>Draw a card.,获得${ICON_POWER1}.<br>抽一张牌.,draft,
car_d403f103e3a2,cards_sheet,key,EFFECT_SPIREOFINSIGHT,EFFECT_SPIREOFINSIGHT,"Once per turn, if you control four or more Mechana Constructs, you may draw two cards.","每回合一次，若你控制的四 或更高机械神器, 你可以抽两张牌.",draft,
car_392ef7740c3c,cards_sheet,key,EFFECT_SPIREOFTHEWIND,EFFECT_SPIREOFTHEWIND,"Once per turn, you may discard card from your hand to draw a card.<br>If it is a Mystic or Heavy Infantry, draw 2 cards instead.","每回合一次，你可以弃一张牌从你的手牌以 抽一张牌.<br>若它 为秘教士或 重装步兵, 抽 2 卡牌改为.",draft,pass11b
car_e0aadcecd140,cards_sheet,key,EFFECT_SPIRITMERCHANT,EFFECT_SPIRITMERCHANT,Gain ${ICON_ENERGY1}.<br>You may banish a card in your hand or discard pile.,获得${ICON_ENERGY1}.<br>你可以从你的手牌或弃牌堆放逐一张卡牌.,draft,pass9b
car_732e211c66c0,cards_sheet,key,EFFECT_SPIRITOFTHEANCIENTS,EFFECT_SPIRITOFTHEANCIENTS,Choose a Lifebound Hero from any Ascension expansion that hasn't been chosen this game. Copy the effect of the chosen Hero.,选择命约英雄从 任意创升纪元扩展该 尚未被选择此 游戏. 复制效果的 所选英雄.,draft,pass9b
car_19de984041ce,cards_sheet,key,EFFECT_SPITEFULGLADIATOR,EFFECT_SPITEFULGLADIATOR,Gain ${ICON_POWER2}.<br>${LABEL_ECHO} Gain an additional ${ICON_POWER2}. <i>(Gain this effect if there is a Void card in your discard pile.)</i>,获得${ICON_POWER2}.<br>${LABEL_ECHO} 获得额外的 ${ICON_POWER2}. <i>(获得此效果若 存在虚空卡牌在你的弃牌堆.)</i>,draft,
car_70ed64d77d65,cards_sheet,key,EFFECT_STALKTHESHADOWS,EFFECT_STALKTHESHADOWS,This turn you may defeat Monsters in the void as though they were in the center row.,此回合你可以击败怪物在 虚空区视为在中央牌列.,draft,
car_41c9be18c5eb,cards_sheet,key,EFFECT_STARCALLERLEOTAN,EFFECT_STARCALLERLEOTAN,Gain ${ICON_HONOR4}.,获得${ICON_HONOR4}.,draft,
car_63fd1ff11cda,cards_sheet,key,EFFECT_STARCHILD,EFFECT_STARCHILD,Gain ${ICON_RUNE1} and ${ICON_HONOR1}.<br>Draw a card.,获得${ICON_RUNE1} 和 ${ICON_HONOR1}.<br>抽一张牌.,draft,
car_742999991f8e,cards_sheet,key,EFFECT_STARLIGHTSANCTUM,EFFECT_STARLIGHTSANCTUM,"Once per turn, gain ${ICON_RUNE2}.<br>Once per turn, when you acquire a Hero in the center row, you may acquire a Hero of equal or lesser cost without paying its cost.",每回合一次，获得 ${ICON_RUNE2}。<br>每回合一次，当你获取中央牌列的一张英雄时，你可以无需支付费用再获取一张费用相等或更低的英雄。,draft,pass9b;pass12
car_77fb56a2776b,cards_sheet,key,EFFECT_STARVEDABOMINATION,EFFECT_STARVEDABOMINATION,${LABEL_REWARD} Gain ${ICON_HONOR3}. Gain ${ICON_LIFE}.,${LABEL_REWARD} 获得${ICON_HONOR3}. 获得${ICON_LIFE}.,draft,
car_782217453b02,cards_sheet,key,EFFECT_STATICELEMENTAL,EFFECT_STATICELEMENTAL,${LABEL_REWARD} Gain ${ICON_HONOR5}. Each opponent puts all Constructs they control on top of their deck in random order.,${LABEL_REWARD} 获得${ICON_HONOR5}. 每位对手放置所有神器其控制的在 顶部的 其牌库在 随机秩序.,draft,pass9b
car_3e33fa7f568d,cards_sheet,key,EFFECT_STEELWEAVER,EFFECT_STEELWEAVER,"Gain ${ICON_RUNE1}. Once this turn, when you acquire a Construct, put it directly into play.<br>You may pay ${ICON_INSIGHT1} to <b>Recur</b>. <i>(Gain the effect listed above an additional time. You may only Recur once.)</i>","获得${ICON_RUNE1}. 本回合一次, 当你获取神器, 将其直接进入战场.<br>你可以支付 ${ICON_INSIGHT1} 以 <b>再次发生</b>. <i>(获得效果列出的上方额外的次. 你可以只再次发生一次.)</i>",draft,pass9b
car_046069a68de1,cards_sheet,key,EFFECT_STONEARTIFICERS,EFFECT_STONEARTIFICERS,Gain ${ICON_RUNE2}. You may put the next Construct you acquire this turn directly into play.,获得${ICON_RUNE2}. 你可以放置下一神器你 获取本回合直接进入战场.,draft,
car_3b105c505c1d,cards_sheet,key,EFFECT_STONEBLADETEMPLAR,EFFECT_STONEBLADETEMPLAR,Reveal and banish the top card of the Center Deck. If its faction is:<br><b>Enlightened:</b> Draw two cards.<br><b>Lifebound:</b> Gain ${ICON_HONOR3}.<br><b>Mechana:</b> Gain ${ICON_RUNE2}.<br><b>Void:</b> Gain ${ICON_POWER2}.<br><b>No Faction:</b> Choose one of the effects above.,展示和 放逐顶部卡牌的 传送门牌库. 若其 派系为:<br><b>圣贤:</b> 抽两张牌.<br><b>生命:</b> 获得${ICON_HONOR3}.<br><b>机械:</b> 获得${ICON_RUNE2}.<br><b>虚空:</b> 获得${ICON_POWER2}.<br><b>无派系：</b> 选择一 的效果上方.,draft,pass9b
car_44ae1695c0b2,cards_sheet,key,EFFECT_STONECIRCLE,EFFECT_STONECIRCLE,"Once per turn, when you acquire a Hero, you may put it on top of your deck.","每回合一次，当你获取一个英雄, 你可以将它放置放到你的牌库顶.",draft,pass9b
car_7647b42f2b02,cards_sheet,key,EFFECT_STONECIRCLEELDER,EFFECT_STONECIRCLEELDER,"Acquire a Hero that costs ${ICON_RUNE5} or less without paying its cost.  Put it on top of your deck. If the current Event is Lifebound, draw a card.","获取一个英雄费用为${ICON_RUNE5} 或更低无需支付费用. 将它放置放到你的牌库顶. 若当前事件为 生命, 抽一张牌.",draft,
car_df6e300ca7c9,cards_sheet,key,EFFECT_STORMSMITHANVIL,EFFECT_STORMSMITHANVIL,"Once per turn, when you play a Mechana Construct (including this one) or if you control a Temple, gain ${ICON_RUNE1}.","每回合一次，当你打出机械神器 (包括此牌) 或若 你控制的神殿, 获得${ICON_RUNE1}.",draft,pass9b
car_f4c78e2d1d55,cards_sheet,key,EFFECT_SUNSTREAKCOURIER,EFFECT_SUNSTREAKCOURIER,Gain ${ICON_RUNE1} and ${ICON_POWER1}.,获得${ICON_RUNE1} 和 ${ICON_POWER1}.,draft,
car_8551019d2958,cards_sheet,key,EFFECT_SURESHOTTRACKER,EFFECT_SURESHOTTRACKER,"Gain ${ICON_POWER2}.<br>If you play or have played a Flare Tracker this turn, draw a card.","获得${ICON_POWER2}.<br>若你 打出或已打出闪光追踪者本回合, 抽一张牌.",draft,pass9b
car_5860e415b966,cards_sheet,key,EFFECT_SURGEPROTECTOR,EFFECT_SURGEPROTECTOR,"Choose one: Acquire a Contruct with cost ${ICON_RUNE5} or less without paying its cost, or defeat a Monster with cost ${ICON_POWER5} or less without paying its cost.","选择一项：获取一个神器以 费用 ${ICON_RUNE5} 或更低无需支付费用, 或击败一个怪物以 费用 ${ICON_POWER5} 或更低无需支付费用.",draft,pass11
car_bdb5e225a211,cards_sheet,key,EFFECT_SURYALIGHTSSWORD,EFFECT_SURYALIGHTSSWORD,"Defeat a Monster in the center row without paying its cost.  If it cost ${ICON_POWER7} or more, take an additional turn after this one.","在中央牌列击败一个怪物无需支付费用. 若它 费用 ${ICON_POWER7} 或更高, 拿取额外回合在此之后.",draft,pass11
car_8e2d3854769f,cards_sheet,key,EFFECT_SYNAPSESPIRE,EFFECT_SYNAPSESPIRE,"Once per turn, when you play a Mechana Construct (including this one), add a card to your Dreamscape.","每回合一次，当你打出机械神器 (包括此牌), 将一张卡牌加入你的梦境.",draft,pass9b
car_75697b9fcea3,cards_sheet,key,EFFECT_SYNCHRONIZER,EFFECT_SYNCHRONIZER,"Once per turn, when you play a Mechana Construct (including this one), gain ${ICON_RUNE1}.","每回合一次，当你打出机械神器 (包括此牌), 获得${ICON_RUNE1}.",draft,pass9b
car_0fac6ce26b06,cards_sheet,key,EFFECT_SYRILRUNICALPHA,EFFECT_SYRILRUNICALPHA,Gain ${ICON_RUNE3}.<br>${LABEL_UNITE} Gain ${ICON_POWER3}. <i>(Gain this effect once if you play or have played another Lifebound Hero this turn.)</i>,获得${ICON_RUNE3}.<br>${LABEL_UNITE} 获得${ICON_POWER3}. <i>(获得此效果一次若 你打出或已打出另一命约英雄本回合.)</i>,draft,pass9b
car_8a1c70a4e0ab,cards_sheet,key,EFFECT_TABLETOFTHETEMPLAR,EFFECT_TABLETOFTHETEMPLAR,You may destroy this to defeat a Monster of cost ${ICON_POWER4} or less without paying its cost.,你可以摧毁此 以击败一个怪物的 费用 ${ICON_POWER4} 或更低无需支付费用.,draft,
car_04434b4819f2,cards_sheet,key,EFFECT_TABLETOFTIMESDAWN,EFFECT_TABLETOFTIMESDAWN,You may banish this Construct to take an additional turn after this one.,放逐此神器，然后在本回合后再进行一个额外回合。,draft,
car_526c45925180,cards_sheet,key,EFFECT_TABLETOFTIMESDAWN10TH,EFFECT_TABLETOFTIMESDAWN10TH,You may banish this Construct to take an additional turn after this one.,你可以放逐此神器以 拿取额外回合在此之后.,draft,
car_481721ff84fa,cards_sheet,key,EFFECT_TAHYRTHESUN,EFFECT_TAHYRTHESUN,"If all cards in the center row are ${ICON_DAY} cards, you may acquire this without paying its cost.<br>Acquire a card in the center row without paying its cost.","若所有卡牌在中央牌列为 ${ICON_DAY} 卡牌, 你可以无需支付费用获取此牌.<br>获取中央牌列的一张卡牌无需支付费用.",draft,pass11
car_cdbea04369a3,cards_sheet,key,EFFECT_TARIKTHETRICKSTER,EFFECT_TARIKTHETRICKSTER,${LABEL_REWARD} Gain ${ICON_HONOR5}.  You may choose a Hero in the center row and copy its effect.,${LABEL_REWARD} 获得${ICON_HONOR5}. 你可以选择英雄在中央牌列和 复制其效果.,draft,
car_f51cb8ab2787,cards_sheet,key,EFFECT_TECHNOLOGICALLEAP,EFFECT_TECHNOLOGICALLEAP,Acquire all Constructs in the center row without paying their cost.,无需支付费用获取中央牌列的所有神器.,draft,pass9b;pass11;pass11b
car_d06c1a301c97,cards_sheet,key,EFFECT_TECTONICTHRASHER,EFFECT_TECTONICTHRASHER,${LABEL_REWARD} Gain ${ICON_HONOR4}. Each opponent must choose and destroy two Constructs they control.,${LABEL_REWARD} 获得${ICON_HONOR4}. 每位对手须选择和 摧毁两 神器其控制的.,draft,pass9b
car_acfc489eaab5,cards_sheet,key,EFFECT_TECTONICTHRASHERETER,EFFECT_TECTONICTHRASHERETER,${LABEL_REWARD} Gain ${ICON_HONOR4}. Each opponent must choose and destroy two Constructs they control.,${LABEL_REWARD} 获得${ICON_HONOR4}. 每位对手须选择和 摧毁两 神器其控制的.,draft,pass9b
car_4f4b4f5d826d,cards_sheet,key,EFFECT_TELETRANSMITTERBLUEPRINT,EFFECT_TELETRANSMITTERBLUEPRINT,You may pay ${ICON_INSIGHT5} to transform this into Emma's Teletransmitter.,你可以支付 ${ICON_INSIGHT5} 以将此牌转化为艾玛的远传器.,draft,
car_b417a7cef979,cards_sheet,key,EFFECT_TEMPLARDRAGOON,EFFECT_TEMPLARDRAGOON,"Defeat a Monster with cost ${ICON_POWER4} or less without paying its cost, or add a card to your Dreamscape.","击败一个怪物以 费用 ${ICON_POWER4} 或更低无需支付费用, 或将一张卡牌加入你的梦境.",draft,
car_001a5a1a76fb,cards_sheet,key,EFFECT_TEMPLARGENERAL,EFFECT_TEMPLARGENERAL,"Defeat a Monster with cost ${ICON_POWER4} or less without paying its cost.<br>${LABEL_SERENITY} When you acquire this, put it in your hand.",击败一个怪物以 费用 ${ICON_POWER4} 或更低无需支付费用.<br>${LABEL_SERENITY} 当你获取此牌时，将它放置在你的手牌中.,draft,pass9b;pass9c;pass11
car_4e1b7f47810d,cards_sheet,key,EFFECT_TEMPLAROUTPOST,EFFECT_TEMPLAROUTPOST,"Once per turn, defeat a Monster in the center row with cost ${ICON_POWER4} or less without paying its cost.",每回合一次，在中央牌列击败一个怪物以 费用 ${ICON_POWER4} 或更低无需支付费用.,draft,pass11
car_e39d5c85c669,cards_sheet,key,EFFECT_TEMPLEGUARDIAN,EFFECT_TEMPLEGUARDIAN,"Defeat a Monster with ${ICON_POWER5} or less without paying its cost. If the current Event is Enlightened, draw a card.","击败一个怪物以 ${ICON_POWER5} 或更低无需支付费用. 若当前事件为 圣贤, 抽一张牌.",draft,pass9b
car_483564fa6b1a,cards_sheet,key,EFFECT_TEMPLELIBRARIAN,EFFECT_TEMPLELIBRARIAN,"Discard a card.  If you do, draw two cards.",弃一张牌。若如此做，抽两张牌。,draft,pass9b
car_3e0307853664,cards_sheet,key,EFFECT_TEMPLELIBRARIAN10TH,EFFECT_TEMPLELIBRARIAN10TH,"Discard a card.  If you do, draw two cards.",弃一张牌. 若如此做，抽两张牌.,draft,pass9b;pass11b
car_b799a04f85fb,cards_sheet,key,EFFECT_TEMPLEOFARHA,EFFECT_TEMPLEOFARHA,"Once per turn, if you have played a Mystic or Heavy Infantry, you may draw a card.","每回合一次，若你已打出秘教士或 重装步兵, 你可以抽一张牌.",draft,pass9b
car_0073b6d8044f,cards_sheet,key,EFFECT_TEMPLEOFDEATH,EFFECT_TEMPLEOFDEATH,${ICON_DEATH}: Gain control of the Temple of Immortality. You may banish a card in your hand or discard pile.,${ICON_DEATH}: 获得对以下的控制： 不朽神殿. 你可以从你的手牌或弃牌堆放逐一张卡牌.,draft,pass9b
car_1909a5a5f583,cards_sheet,key,EFFECT_TEMPLEOFHEROES,EFFECT_TEMPLEOFHEROES,"Once per turn, if you have played a Lifebound Hero or Monster, gain ${ICON_HONOR2}.","每回合一次，若你已打出命约英雄或 怪物, 获得${ICON_HONOR2}.",draft,pass9b
car_f872860ecb49,cards_sheet,key,EFFECT_TEMPLEOFIMMORTALITY,EFFECT_TEMPLEOFIMMORTALITY,"Once per turn, choose a faction. When you acquire a card of that faction, if the next card to enter the center row is also that faction, acquire it without paying its cost.","每回合一次，选择派系. 当你获取卡牌的 该派系, 若下一卡牌以 进入中央牌列为 也该 派系, 获取它 无需支付费用.",draft,pass9b
car_b293045045ab,cards_sheet,key,EFFECT_TEMPLEOFLIFE,EFFECT_TEMPLEOFLIFE,${ICON_LIFE}: Gain control of the Temple of Immortality. Gain ${ICON_RUNE2}.,${ICON_LIFE}: 获得对以下的控制： 不朽神殿. 获得${ICON_RUNE2}.,draft,
car_25c744107cbf,cards_sheet,key,EFFECT_TEMPLEOFTHEWIND,EFFECT_TEMPLEOFTHEWIND,"Once per turn, you may banish a card in your discard pile and replace it with a Mystic or Heavy Infantry.",每回合一次，你可以从你的弃牌堆放逐一张卡牌并将其替换以 秘教士或 重装步兵.,draft,pass9b;pass11
car_cd155b83ffe3,cards_sheet,key,EFFECT_TEMPORALEXCAVATOR,EFFECT_TEMPORALEXCAVATOR,"When this enters play, add a seventh card to the center row. When this leaves play, remove the seventh card from the center row.",当此牌进入战场时，为中央牌列增加第七张牌。当此牌离开战场时，移除中央牌列的第七张牌。,draft,pass12
car_2d46534e62ed,cards_sheet,key,EFFECT_TEMPORALEYE,EFFECT_TEMPORALEYE,"When this enters play, draw a card.<br>You may banish this and another Temporal Eye you control to take an additional turn.","当此牌进入战场时, 抽一张牌.<br>你可以放逐此牌和 另一时光之眼你控制的以 拿取额外回合.",draft,
car_e238c8a79d94,cards_sheet,key,EFFECT_TERMINITES,EFFECT_TERMINITES,${LABEL_REWARD} Gain ${ICON_HONOR3}. Each opponent destroys the lowest cost Construct they control.,${LABEL_REWARD} 获得${ICON_HONOR3}. 每位对手摧毁最低费用神器其控制的.,draft,
car_9a142cb51482,cards_sheet,key,EFFECT_TERRORIZINGFIEND,EFFECT_TERRORIZINGFIEND,${LABEL_REWARD} Gain ${ICON_HONOR2}. Draw two cards.,${LABEL_REWARD} 获得${ICON_HONOR2}. 抽两张牌.,draft,
car_8d3f196ed0c2,cards_sheet,key,EFFECT_TERRUSPARAGONOFSTRIFE,EFFECT_TERRUSPARAGONOFSTRIFE,${LABEL_REWARD} Gain ${ICON_HONOR5}. Each opponent discards a random card from their hand. You may choose a card discarded this way and put it in your hand.,${LABEL_REWARD} 获得${ICON_HONOR5}. 每位对手弃掉随机卡牌从其手牌. 你可以选择卡牌已弃掉以此方式并将其放入你的手牌.,draft,pass9b;pass11
car_a93dc4e3aa04,cards_sheet,key,EFFECT_TESTOFFAITH,EFFECT_TESTOFFAITH,"Reveal the top card of the center deck. Acquire or defeat it without paying its cost. If you acquire a Hero this way, put it into your hand.","展示传送门牌库顶的卡牌. 获取或 击败它 无需支付费用. 若你 获取一个英雄以此方式, 将其放入你的手牌.",draft,pass9b
car_3bcbb32457f0,cards_sheet,key,EFFECT_TEYNWOLFKING,EFFECT_TEYNWOLFKING,"Gain ${ICON_RUNE4}.<br>${LABEL_UNITE} If you play or gave played a Lifebound Hero this turn, gain ${ICON_POWER4}.",获得 ${ICON_RUNE4}。<br>${LABEL_UNITE} 若你本回合打出或已打出命约英雄，获得 ${ICON_POWER4}。,draft,pass12
car_9a8102959c14,cards_sheet,key,EFFECT_TH07TANK,EFFECT_TH07TANK,"Once per turn, you may pay ${ICON_INSIGHT1} to gain ${ICON_RUNE3}. You may spend them only to acquire Mechana Constructs.",每回合一次，你可以支付 ${ICON_INSIGHT1} 以获得${ICON_RUNE3}. 你可以花费它们只 以获取机械神器.,draft,
car_056d72d255ae,cards_sheet,key,EFFECT_THEAETHERMOURNE,EFFECT_THEAETHERMOURNE,"Once per turn, gain ${ICON_POWER} equal to the number of Monsters in the Center Row.",每回合一次，获得${ICON_POWER} 等同于 数量为怪物在 中央牌列.,draft,pass11
car_c90d8249bd53,cards_sheet,key,EFFECT_THEALLSEEINGEYE,EFFECT_THEALLSEEINGEYE,<sprite=97>,每回合一次，你可以抽一张牌。,draft,
car_d5d11effb65f,cards_sheet,key,EFFECT_THEALLSEEINGEYE10TH,EFFECT_THEALLSEEINGEYE10TH,"Once per turn, you may draw a card.",每回合一次，你可以抽一张牌.,draft,
car_e6f7a475311d,cards_sheet,key,EFFECT_THECHROMECIRCLE,EFFECT_THECHROMECIRCLE,"Once per turn, when you play a Mechana or Lifebound Construct (including this one), gain ${ICON_RUNE1} and ${ICON_HONOR1}.","每回合一次，当你打出机械或 命约神器 (包括此牌), 获得${ICON_RUNE1} 和 ${ICON_HONOR1}.",draft,pass9b
car_cdd6bb58b9ed,cards_sheet,key,EFFECT_THEDRAGONSEYE,EFFECT_THEDRAGONSEYE,"When you play this, gain ${ICON_INSIGHT1}.<br>${LABEL_SERENITY} Once per turn, gain ${ICON_INSIGHT1}. <i>(Gain this effect if there are no cards in your discard pile.)</i>","当你打出此, 获得${ICON_INSIGHT1}.<br>${LABEL_SERENITY} 每回合一次，获得${ICON_INSIGHT1}. <i>(获得此效果若 那里为 没有卡牌在你的弃牌堆.)</i>",draft,pass9b
car_5b9c8dc02b93,cards_sheet,key,EFFECT_THEDREAMSCRAPE,EFFECT_THEDREAMSCRAPE,"Once per turn, you may destroy another one of your Mechana Constructs to gain ${ICON_RUNE2}.",每回合一次，你可以摧毁另一一 的你的机械神器以 获得${ICON_RUNE2}.,draft,
car_21af4ce10d54,cards_sheet,key,EFFECT_THEGRANDDESIGN,EFFECT_THEGRANDDESIGN,"Once per turn, gain ${ICON_RUNE2}.  You may spend it only to acquire Mechana Constructs.",每回合一次，获得2符文。你只能用它来获取机械神器。,draft,
car_b7e35bff1783,cards_sheet,key,EFFECT_THEGRANDDESIGN10TH,EFFECT_THEGRANDDESIGN10TH,"Once per turn, gain ${ICON_RUNE2}.  You may spend it only to acquire Mechana Constructs.",每回合一次，获得${ICON_RUNE2}. 你只能用它来获取机械神器。,draft,
car_890883d6e47f,cards_sheet,key,EFFECT_THEGREATECLIPSE,EFFECT_THEGREATECLIPSE,"When a player acquires a Lifebound Hero, that player may put it on top of their deck.<br>${LABEL_EVENT_TROPHY} Name a Hero. That Hero is also Lifebound this turn.","当玩家获取命约英雄, 该玩家可以将它放置在 顶部的 其牌库.<br>${LABEL_EVENT_TROPHY} 命名英雄. 该英雄为 也生命本回合.",draft,
car_50cf7339da4b,cards_sheet,key,EFFECT_THEIRONHEART,EFFECT_THEIRONHEART,"Once per turn, gain ${ICON_RUNE3}, ${ICON_POWER3}, and ${ICON_HONOR3}.","每回合一次，获得${ICON_RUNE3}, ${ICON_POWER3}, 和 ${ICON_HONOR3}.",draft,
car_8e734f332e1c,cards_sheet,key,EFFECT_THEIRONSEVEN,EFFECT_THEIRONSEVEN,"${LABEL_REWARD} Gain ${ICON_HONOR3}. Choose and destroy up to one Construct in play, or return a Construct from your discard pile to your hand.","${LABEL_REWARD} 获得${ICON_HONOR3}. 选择和 摧毁至多一 神器在 打出, 或返回神器从 你的弃牌堆以 你的手牌.",draft,
car_4944b22642b5,cards_sheet,key,EFFECT_THEWORLDTREE,EFFECT_THEWORLDTREE,"Once per turn, you may pay up to ${ICON_RUNE5} to gain that much ${ICON_HONOR}.<br>When you play a Lifebound Hero, gain ${ICON_RUNE1}.","每回合一次，你可以支付至多 ${ICON_RUNE5} 以获得该等量的 ${ICON_HONOR}.<br>当你打出命约英雄, 获得${ICON_RUNE1}.",draft,pass9b
car_81a36390919c,cards_sheet,key,EFFECT_THICKETFAMILIAR,EFFECT_THICKETFAMILIAR,"Empower <i>(When you acquire this, you may banish a card you have played this turn.)</i><br>Reveal the top card of your deck and put it in your hand. If it is a card with Empower, gain ${ICON_HONOR2}.","赋力 <i>(当你获取此牌时，你可以放逐一张已打出的卡牌本回合.)</i><br>展示你牌库顶的卡牌并将其放入你的手牌. 若它 为卡牌以 赋力, 获得${ICON_HONOR2}.",draft,pass9b;pass9c;pass11
car_c5398f1d8132,cards_sheet,key,EFFECT_THIEVINGGRYPHON,EFFECT_THIEVINGGRYPHON,${LABEL_REWARD} Gain ${ICON_HONOR2}. Gain ${ICON_RUNE2}.,${LABEL_REWARD} 获得${ICON_HONOR2}. 获得${ICON_RUNE2}.,draft,
car_ad74c60f632b,cards_sheet,key,EFFECT_THORNEDCHARGER,EFFECT_THORNEDCHARGER,${LABEL_REWARD} Gain${ICON_HONOR3}. You may put a Hero from your discard pile on top of your deck.<br>${LABEL_RALLY_LIFEBOUND}.,${LABEL_REWARD} 获得 ${ICON_HONOR3}。你可以将弃牌堆中的一张英雄放到你的牌库顶。<br>${LABEL_RALLY_LIFEBOUND}.,draft,pass12
car_df34f371c878,cards_sheet,key,EFFECT_THUNDERTEMPLAR,EFFECT_THUNDERTEMPLAR,"Empower <i>(When you acquire this, you may banish a card you have played this turn.)</i><br>Defeat a Monster with cost ${ICON_POWER5} or less without paying its cost.",赋力 <i>(当你获取此牌时，你可以放逐一张已打出的卡牌本回合.)</i><br>击败一个怪物以 费用 ${ICON_POWER5} 或更低无需支付费用.,draft,pass9b;pass9c;pass11
car_6e0695ad67da,cards_sheet,key,EFFECT_TIDESTALKER,EFFECT_TIDESTALKER,${LABEL_REWARD} Gain ${ICON_HONOR4}.,${LABEL_REWARD} 获得${ICON_HONOR4}.,draft,
car_e1f5f5ce05a5,cards_sheet,key,EFFECT_TIDESTALKERETER,EFFECT_TIDESTALKERETER,${LABEL_REWARD} Gain ${ICON_HONOR4}.,${LABEL_REWARD} 获得${ICON_HONOR4}.,draft,
car_098caa0fa1b9,cards_sheet,key,EFFECT_TIMESTREAMSEER,EFFECT_TIMESTREAMSEER,Gain ${ICON_RUNE2}.<br>You may banish a card in the center row.,获得${ICON_RUNE2}.<br>你可以放逐中央牌列的一张卡牌.,draft,pass11
car_26bf25e65fa0,cards_sheet,key,EFFECT_TINKERINGMONK,EFFECT_TINKERINGMONK,Gain ${ICON_RUNE2}.<br>You may have each player gain ${ICON_HONOR} equal to the number of Mechana Constructs they control.,获得${ICON_RUNE2}.<br>你可以拥有每位玩家获得${ICON_HONOR} 等同于 数量为机械神器其控制的.,draft,pass11
car_837937caa130,cards_sheet,key,EFFECT_TOLLMASTERKYLEK,EFFECT_TOLLMASTERKYLEK,${LABEL_REWARD} Gain ${ICON_HONOR6}. Acquire all Portals in the center row without paying their costs.,${LABEL_REWARD} 获得${ICON_HONOR6}. 获取所有传送门在中央牌列无需支付费用.,draft,
car_529f16c51421,cards_sheet,key,EFFECT_TOMEOFERABUS,EFFECT_TOMEOFERABUS,"Once per turn, gain ${ICON_ENERGY1}.",每回合一次，获得${ICON_ENERGY1}.,draft,
car_68d5b1c70fcb,cards_sheet,key,EFFECT_TORICASCENDANT,EFFECT_TORICASCENDANT,Acquire a Hero without paying its cost and put it into your hand.,获取一个英雄无需支付费用和 将其放入你的手牌.,draft,pass9b
car_44d053b14c75,cards_sheet,key,EFFECT_TORICDEVOTEDDISCIPLE,EFFECT_TORICDEVOTEDDISCIPLE,Copy the effect of a Hero in the center row.,复制英雄的效果：在中央牌列.,draft,pass9b
car_d24bdc80b65e,cards_sheet,key,EFFECT_TORMENTEDSOUL,EFFECT_TORMENTEDSOUL,<sprite=100>,奖励：获得1荣誉。抽一张牌。,draft,
car_d3586d88e5c4,cards_sheet,key,EFFECT_TORMENTEDSOUL10TH,EFFECT_TORMENTEDSOUL10TH,${LABEL_REWARD} Gain ${ICON_HONOR2}.  Draw a card.,${LABEL_REWARD} 获得${ICON_HONOR2}. 抽一张牌.,draft,
car_1f1c81600203,cards_sheet,key,EFFECT_TORMENTLEGIONARY,EFFECT_TORMENTLEGIONARY,${LABEL_REWARD} Gain ${ICON_HONOR6}. Acquire a Dreamborn card in the center row without paying its cost.,${LABEL_REWARD} 获得${ICON_HONOR6}. 获取一个梦生卡牌在中央牌列无需支付费用.,draft,
car_5f78ac84888e,cards_sheet,key,EFFECT_TOWERASKARA,EFFECT_TOWERASKARA,"Draw three cards, then discard two cards or one Enlightened card.","抽三张牌, 然后弃掉两 卡牌或 一圣贤卡牌.",draft,pass9b
car_e1d293f582c0,cards_sheet,key,EFFECT_TREASUREHUNTER,EFFECT_TREASUREHUNTER,Gain ${ICON_POWER2}.<br>You may pay ${ICON_POWER1} less the next time you defeat a Monster with Treasure under it this turn.,获得${ICON_POWER2}.<br>你可以支付 ${ICON_POWER1} 更低下次你击败一个怪物以 宝藏其下它 本回合.,draft,
car_3ad7a42e1553,cards_sheet,key,EFFECT_TREASURESOFTHESTUDY,EFFECT_TREASURESOFTHESTUDY,"Once per turn, you may discard two cards.  If you do, gain ${ICON_HONOR3}.",每回合一次，你可以弃掉两 卡牌. 若如此做，获得${ICON_HONOR3}.,draft,pass9b
car_f890f7ef3333,cards_sheet,key,EFFECT_TREEOFBOUNTY,EFFECT_TREEOFBOUNTY,"${LABEL_PLUNDER}Once per turn, if you acquire a card AND defeat a Monster, both in the center row, gain ${ICON_HONOR3}.","${LABEL_PLUNDER}每回合一次，若你 获取卡牌和 击败一个怪物, 两者在中央牌列, 获得${ICON_HONOR3}.",draft,
car_d426555ce831,cards_sheet,key,EFFECT_TRINKETHARPY,EFFECT_TRINKETHARPY,${LABEL_REWARD} Gain ${ICON_HONOR3}. Add a card to your Dreamscape.,${LABEL_REWARD} 获得${ICON_HONOR3}. 将一张卡牌加入你的梦境.,draft,
car_447ce5c6b614,cards_sheet,key,EFFECT_TROPHYHUNTER,EFFECT_TROPHYHUNTER,Gain ${ICON_POWER2}.<br>You pay ${ICON_POWER1} less the next time you defeat a Trophy Monster this turn.,获得${ICON_POWER2}.<br>你支付 ${ICON_POWER1} 更低下次你击败战利品怪物本回合.,draft,
car_025102ceee86,cards_sheet,key,EFFECT_TRUTHSEEKER,EFFECT_TRUTHSEEKER,"Draw a card. You may banish a card in the center row. If the next card to enter the center row is a Treasure, acquire it.","抽一张牌. 你可以放逐中央牌列的一张卡牌. 若下一卡牌以 进入中央牌列为 宝藏, 获取它.",draft,pass11
car_2798c5505474,cards_sheet,key,EFFECT_TURTLERMERCHANT,EFFECT_TURTLERMERCHANT,"Gain ${ICON_HONOR5}.<br>You may return ${ICON_HONOR} to the pool equal to the ${ICON_HONOR} of a Hero or Construct in the Center Row. If you do, acquire it.",获得${ICON_HONOR5}.<br>你可以返回 ${ICON_HONOR} 以池 等同于 ${ICON_HONOR} 的英雄或 神器在 中央牌列. 若如此做，获取它.,draft,pass9b;pass11
car_217da2c0d1f5,cards_sheet,key,EFFECT_TUSKRIDER,EFFECT_TUSKRIDER,Draw a card.<br>${LABEL_UNITE} Gain ${ICON_POWER4}.,抽一张牌.<br>${LABEL_UNITE} 获得${ICON_POWER4}.,draft,
car_0ebb7f1cb46a,cards_sheet,key,EFFECT_TWILIGHTSCOUT,EFFECT_TWILIGHTSCOUT,Draw a card.,抽一张牌.,draft,
car_a50a523599f9,cards_sheet,key,EFFECT_TWISTEDTYRANT,EFFECT_TWISTEDTYRANT,${LABEL_REWARD} Gain ${ICON_HONOR6}.,${LABEL_REWARD} 获得${ICON_HONOR6}.,draft,
car_83fb04864e89,cards_sheet,key,EFFECT_TWOFOLDASKARA,EFFECT_TWOFOLDASKARA,<sprite=114>,复制本回合打出的一张英雄的效果。,draft,
car_2189b4fa0131,cards_sheet,key,EFFECT_TWOFOLDASKARA10TH,EFFECT_TWOFOLDASKARA10TH,Copy the effect of a Hero played this turn.,复制本回合打出的一张英雄的效果。,draft,
car_e33cb349fee6,cards_sheet,key,EFFECT_TYRANYXTHEPILLAGER,EFFECT_TYRANYXTHEPILLAGER,You may spend ${ICON_POWER} in addition to ${ICON_RUNE} to acquire this.<br>You may spend ${ICON_POWER} in addition to ${ICON_RUNE} to acquire Mechana Constructs.,你可以花费 ${ICON_POWER} 此外还 ${ICON_RUNE} 以获取此.<br>你可以花费 ${ICON_POWER} 此外还 ${ICON_RUNE} 以获取机械神器.,draft,
car_86d6a67b9c96,cards_sheet,key,EFFECT_ULANSFIST,EFFECT_ULANSFIST,"Once per turn, gain ${ICON_POWER2}.<br>Once per turn, if you have played Ulan, the Crusher, gain an additional ${ICON_POWER2}.","每回合一次，获得${ICON_POWER2}.<br>每回合一次，若你已打出乌兰, 粉碎者, 获得额外的 ${ICON_POWER2}.",draft,pass9b
car_7a96c9f9ca93,cards_sheet,key,EFFECT_ULANTHECRUSHER,EFFECT_ULANTHECRUSHER,"Empower <i>(When you acquire this, you may banish a card you have played this turn.)</i><br>Gain ${ICON_POWER4}.<br>If you control Ulan's Fist, draw a card.","赋力 <i>(当你获取此牌时，你可以放逐一张已打出的卡牌本回合.)</i><br>获得${ICON_POWER4}.<br>若你控制的乌兰的拳, 抽一张牌.",draft,pass9b;pass9c;pass11
car_4ec7d88101c9,cards_sheet,key,EFFECT_ULUASKARAPRINCE,EFFECT_ULUASKARAPRINCE,Copy the effect of a Hero played this turn. This effect cannot be copied.,复制本回合打出的一张英雄的效果。 此效果不能是 被复制.,draft,
car_9e40cedeb563,cards_sheet,key,EFFECT_UMBRALEDGE,EFFECT_UMBRALEDGE,"Once per turn, gain ${ICON_POWER2}.  Gain an additional ${ICON_POWER2} if you control Penumbral Edge.",每回合一次，获得${ICON_POWER2}. 获得额外的 ${ICON_POWER2} 若你控制的半影刃锋.,draft,
car_37dc96657c68,cards_sheet,key,EFFECT_UMBRALEDGEETER,EFFECT_UMBRALEDGEETER,"Once per turn, gain ${ICON_POWER2}.  Gain an additional ${ICON_POWER2} if you control Penumbral Edge.",每回合一次，获得${ICON_POWER2}. 获得额外的 ${ICON_POWER2} 若你控制的半影刃锋.,draft,
car_d3d10fd424bc,cards_sheet,key,EFFECT_UNBOUNDEMISSARY,EFFECT_UNBOUNDEMISSARY,You may spend ${ICON_INSIGHT} as though it was ${ICON_RUNE} to acquire this.<br>Acquire or defeat any card in the center row or your Dreamscape without paying its cost.,你可以花费 ${ICON_INSIGHT} 视为 ${ICON_RUNE} 以获取此.<br>获取或击败中央牌列的任意卡牌或 你的梦境无需支付费用.,draft,pass9c
car_0e3e34bed157,cards_sheet,key,EFFECT_UNCHAINEDFATES,EFFECT_UNCHAINEDFATES,${LABEL_REWARD} Gain ${ICON_HONOR5}.,${LABEL_REWARD} 获得${ICON_HONOR5}.,draft,
car_06bcb0cf42ac,cards_sheet,key,EFFECT_UNDAUNTEDSCOUT,EFFECT_UNDAUNTEDSCOUT,"When you acquire this, ${LABEL_RALLY_VOID}.<br>Gain ${ICON_POWER2}.",当你获取此牌时，${LABEL_RALLY_VOID}.<br>获得${ICON_POWER2}.,draft,pass9b;pass9c;pass11
car_0c47dee2f9d5,cards_sheet,key,EFFECT_UNSPEAKABLEDOOM,EFFECT_UNSPEAKABLEDOOM,${LABEL_REWARD} Gain ${ICON_HONOR5}. Each opponent reveals their hand. Gain an additional ${ICON_HONOR2} for each Monster revealed this way.,${LABEL_REWARD} 获得${ICON_HONOR5}. 每位对手展示其 手牌. 获得额外的 ${ICON_HONOR2} 以每个怪物已展示以此方式.,draft,
car_f65e0a1efd04,cards_sheet,key,EFFECT_UPGRADEFOUNDRY,EFFECT_UPGRADEFOUNDRY,"Once per turn, when you acquire a Mechana card, draw two cards.","每回合一次，当你获取机械卡牌, 抽两张牌.",draft,pass9b
car_705dcf40531c,cards_sheet,key,EFFECT_VALIANTASCETIC,EFFECT_VALIANTASCETIC,You may banish this to defeat a Monster with cost ${ICON_POWER5} or less without paying its cost.,你可以放逐此牌以 击败一个怪物以 费用 ${ICON_POWER5} 或更低无需支付费用.,draft,
car_95f13d6e36b1,cards_sheet,key,EFFECT_VANDALSOUL,EFFECT_VANDALSOUL,${LABEL_REWARD} Gain ${ICON_HONOR3}.  Each opponent destroys the lowest cost construct they control.,${LABEL_REWARD} 获得${ICON_HONOR3}. 每位对手摧毁最低费用神器其控制的.,draft,
car_ae3098b3be54,cards_sheet,key,EFFECT_VAULTBREAKERWURM,EFFECT_VAULTBREAKERWURM,${LABEL_REWARD} Gain ${ICON_HONOR4}.  Each opponent must put their highest cost Construct into their discard pile. (They choose in case of a tie).,${LABEL_REWARD} 获得${ICON_HONOR4}. 每位对手须放置其 最高费用神器置入其弃牌堆. (他们选择在 情况的 平局).,draft,
car_76296d77a0cd,cards_sheet,key,EFFECT_VAULTLICH,EFFECT_VAULTLICH,${LABEL_REWARD} Gain ${ICON_HONOR3}. You may banish a card in the center row with Treasure under it.,${LABEL_REWARD} 获得${ICON_HONOR3}. 你可以放逐中央牌列的一张卡牌以 宝藏其下它.,draft,pass11
car_f6b443ebd72b,cards_sheet,key,EFFECT_VAULTSPHINX,EFFECT_VAULTSPHINX,${LABEL_REWARD} Gain ${ICON_HONOR2}.,${LABEL_REWARD} 获得${ICON_HONOR2}.,draft,
car_44812b186e37,cards_sheet,key,EFFECT_VEDAHSAGEOFSWORDS,EFFECT_VEDAHSAGEOFSWORDS,Reveal the top card of the center deck.  Draw it or defeat it without paying its cost.,展示传送门牌库顶的卡牌. 抽起它或击败它无需支付费用.,draft,
car_8bbb7cd65540,cards_sheet,key,EFFECT_VENOMPRIESTESS,EFFECT_VENOMPRIESTESS,Gain ${ICON_POWER2}.<br>You may banish a card you have played this turn or in your discard pile.,获得${ICON_POWER2}.<br>你可以放逐一张已打出的卡牌本回合或 在你的弃牌堆.,draft,pass9b
car_a1035e623b80,cards_sheet,key,EFFECT_VERDAGRISTHEWILD,EFFECT_VERDAGRISTHEWILD,"Gain ${ICON_RUNE4}.<br>Each time you acquire a Hero this turn, gain ${ICON_INSIGHT} equal to its ${ICON_HONOR} value.","获得${ICON_RUNE4}.<br>每位次 你获取一个英雄本回合, 获得${ICON_INSIGHT} 等同于 其 ${ICON_HONOR} 值.",draft,pass11
car_840e0a62e217,cards_sheet,key,EFFECT_VERDANTCHANTER,EFFECT_VERDANTCHANTER,Gain ${ICON_RUNE2}.,获得${ICON_RUNE2}.,draft,
car_c22bdd6eb1ce,cards_sheet,key,EFFECT_VERDANTCROWN,EFFECT_VERDANTCROWN,"Once per turn, gain ${ICON_HONOR2}.",每回合一次，获得${ICON_HONOR2}.,draft,
car_f4d860ac1c59,cards_sheet,key,EFFECT_VERDANTELEMENTAL,EFFECT_VERDANTELEMENTAL,"Gain ${ICON_HONOR3}.<br>If this is banished from anywhere during your turn, gain ${ICON_HONOR3}.","获得${ICON_HONOR3}.<br>若此 为被放逐从 任意处在期间你的回合, 获得${ICON_HONOR3}.",draft,
car_fef5ea3d4087,cards_sheet,key,EFFECT_VERDANTHATCHLING,EFFECT_VERDANTHATCHLING,Gain ${ICON_HONOR2}.<br>${LABEL_UNITE} Gain ${ICON_RUNE2}.,获得${ICON_HONOR2}.<br>${LABEL_UNITE} 获得${ICON_RUNE2}.,draft,
car_1d3bed6f3401,cards_sheet,key,EFFECT_VEYAHANDMAIDENOFLOGOS,EFFECT_VEYAHANDMAIDENOFLOGOS,"Choose one: Acquire a Hero with cost ${ICON_RUNE6} or less without paying its cost, or defeat a Monster with cost ${ICON_POWER6} or less without paying its cost.","选择一项：无需支付费用获取费用为 ${ICON_RUNE6} 或更低的一张英雄, 或击败一个怪物以 费用 ${ICON_POWER6} 或更低无需支付费用.",draft,pass11
car_6a2fea77d453,cards_sheet,key,EFFECT_VIGILSRESOLVE,EFFECT_VIGILSRESOLVE,"When you play a Mystic, gain ${ICON_RUNE1}.<br>When you play a Heavy Infantry, gain ${ICON_POWER1}.","当你打出秘教士, 获得${ICON_RUNE1}.<br>当你打出重装步兵, 获得${ICON_POWER1}.",draft,pass9b
car_5f3936e24a38,cards_sheet,key,EFFECT_VINEWEAVER,EFFECT_VINEWEAVER,<br>Gain ${ICON_HONOR4}.<br><br>,<br>获得${ICON_HONOR4}.<br><br>,draft,
car_0ea18688dd7f,cards_sheet,key,EFFECT_VIRASCETICMASTER,EFFECT_VIRASCETICMASTER,"While this is in your hand, if you have played a Hero of every faction this turn, transform this into Vir, Ephemeral Guru.<br>Acquire a Hero in the center row without paying its cost and put it in your hand.","当此牌在你的手牌中, 若你已打出英雄的 每个派系本回合, 将此牌转化为维尔, 昙花古鲁.<br>无需支付费用获取中央牌列的一张英雄并将其放入你的手牌.",draft,pass9b;pass11;pass11b
car_df04f0f3884a,cards_sheet,key,EFFECT_VIREPHEMERALGURU,EFFECT_VIREPHEMERALGURU,Acquire all Heroes in the center row without paying their costs and put them in your hand.,获取中央牌列的所有英雄无需支付费用和 放置它们在你的手牌中.,draft,pass11
car_e2f58b57c2a3,cards_sheet,key,EFFECT_VOIDAMATHYSTDEFENDER,EFFECT_VOIDAMATHYSTDEFENDER,Gain ${ICON_POWER2}.<br>${LABEL_ECHO} Gain ${ICON_INSIGHT2}. (<i>Gain this effect if there is a Void card in your discard pile.</i>),获得${ICON_POWER2}.<br>${LABEL_ECHO} 获得${ICON_INSIGHT2}. (<i>获得此效果若 存在虚空卡牌在你的弃牌堆.</i>),draft,
car_8fbcdc39031a,cards_sheet,key,EFFECT_VOIDAVENGER,EFFECT_VOIDAVENGER,"Gain ${ICON_POWER3}.<br>The next time you defeat a Monster in the center row this turn, gain a Soul Gem.","获得${ICON_POWER3}.<br>本回合下次你在中央牌列击败怪物时, 获得灵魂宝石.",draft,pass9c
car_b90446e0ee53,cards_sheet,key,EFFECT_VOIDCYCLERBLUEPRINT,EFFECT_VOIDCYCLERBLUEPRINT,You may pay ${ICON_INSIGHT5} to transform this into Emma's Voidcycler.,你可以支付 ${ICON_INSIGHT5} 以将此牌转化为艾玛的虚空循环器.,draft,
car_12a0bfc57cfe,cards_sheet,key,EFFECT_VOIDEMISSARY,EFFECT_VOIDEMISSARY,Draw a card.<br>Unite-Emissary: Gain ${ICON_POWER2}. (Gain this effect once if you play or have played another Emissary this turn.),抽一张牌.<br>联合-使者: 获得${ICON_POWER2}. (获得此效果一次若 你打出或已打出另一使者本回合.),draft,pass9b
car_63574547df71,cards_sheet,key,EFFECT_VOIDFEEDER,EFFECT_VOIDFEEDER,"Once per turn, gain ${ICON_POWER1}.",每回合一次，获得${ICON_POWER1}.,draft,
car_b8d7b57d1f4b,cards_sheet,key,EFFECT_VOIDFORGEDPALADIN,EFFECT_VOIDFORGEDPALADIN,"Gain ${ICON_POWER2}.<br>The first time you defeat a Monster in the center row this turn, draw two cards.","获得${ICON_POWER2}.<br> 首先次 你在中央牌列击败一个怪物本回合, 抽两张牌.",draft,pass11
car_d2de4b9b0c50,cards_sheet,key,EFFECT_VOIDINITIATE10TH,EFFECT_VOIDINITIATE10TH,Gain ${ICON_RUNE1}.<br>You may banish a card in your hand or discard pile.,获得${ICON_RUNE1}.<br>你可以从你的手牌或弃牌堆放逐一张卡牌.,draft,pass9b
car_a79343da3e2f,cards_sheet,key,EFFECT_VOIDMESMER,EFFECT_VOIDMESMER,"Gain ${ICON_POWER2}.<br>The next time you defeat a Monster this turn, you may acquire a Hero of equal or lesser cost.",获得 ${ICON_POWER2}。<br>本回合下次你击败怪物时，你可以获取一张费用相等或更低的英雄。,draft,pass12
car_4ed81c739f50,cards_sheet,key,EFFECT_VOIDMILITIA,EFFECT_VOIDMILITIA,Gain ${ICON_POWER1}.<br>You may pay ${ICON_POWER1} less the next time you defeat a Monster in the center row this turn.,获得${ICON_POWER1}.<br>你可以支付 ${ICON_POWER1} 更低本回合下次你在中央牌列击败怪物时.,draft,pass9c
car_beef5fde5e4e,cards_sheet,key,EFFECT_VOIDRAGER,EFFECT_VOIDRAGER,"Gain ${ICON_POWER2}. The next time you defeat a Monster in the center row this turn, gain ${ICON_INSIGHT1}.","获得${ICON_POWER2}. 本回合下次你在中央牌列击败怪物时, 获得${ICON_INSIGHT1}.",draft,pass9c
car_1a3a793e1d99,cards_sheet,key,EFFECT_VOIDREMNANT,EFFECT_VOIDREMNANT,"${LABEL_REWARD} Gain ${ICON_HONOR4}.<br>If you have played or acquired a Void card this turn, you may banish up to two cards from your hand or discard pile.","${LABEL_REWARD} 获得${ICON_HONOR4}.<br>若你打出过或 已获取虚空卡牌本回合, 你可以放逐至多两 卡牌从你的手牌或 弃牌堆.",draft,
car_86eb5a405694,cards_sheet,key,EFFECT_VOIDRIFTSTALKER,EFFECT_VOIDRIFTSTALKER,"Empower <i>(When you acquire this, you may banish a card you have played this turn.)</i><br>Gain ${ICON_POWER3}.<br>If there is a Void card in your discard pile, draw a card.","赋力 <i>(当你获取此牌时，你可以放逐一张已打出的卡牌本回合.)</i><br>获得${ICON_POWER3}.<br>若存在虚空卡牌在你的弃牌堆, 抽一张牌.",draft,pass9b;pass9c;pass11
car_f3ea53a02b95,cards_sheet,key,EFFECT_VOIDRISING,EFFECT_VOIDRISING,"Once per turn, when a player defeats a Monster in the Center Row, that player gains ${ICON_HONOR1}.<br>${LABEL_EVENT_TROPHY} Banish a card in your hand or discard pile.","每回合一次，当玩家击败怪物在 中央牌列, 该玩家获得 ${ICON_HONOR1}.<br>${LABEL_EVENT_TROPHY} 从你的手牌或弃牌堆放逐一张卡牌.",draft,pass9b
car_c3c0653df949,cards_sheet,key,EFFECT_VOIDSPEAKER,EFFECT_VOIDSPEAKER,Gain ${ICON_POWER2}.<br>${LABEL_ECHO} Gain ${ICON_RUNE3}. <i>(Gain this effect if there is a Void card in your discard pile.)</i>,获得${ICON_POWER2}.<br>${LABEL_ECHO} 获得${ICON_RUNE3}. <i>(获得此效果若 存在虚空卡牌在你的弃牌堆.)</i>,draft,
car_cf708123bba9,cards_sheet,key,EFFECT_VOIDSPEAKERETER,EFFECT_VOIDSPEAKERETER,"Gain ${ICON_POWER2}.<br>${LABEL_ECHO} If there is a Void card in your discard pile, gain ${ICON_RUNE3}.","获得${ICON_POWER2}.<br>${LABEL_ECHO} 若存在虚空卡牌在你的弃牌堆, 获得${ICON_RUNE3}.",draft,
car_77668348f04e,cards_sheet,key,EFFECT_VOIDSWORNCHAMPION,EFFECT_VOIDSWORNCHAMPION,Gain ${ICON_POWER4}.,获得${ICON_POWER4}.,draft,
car_73f720e245e0,cards_sheet,key,EFFECT_VOIDSWORNWARRIOR,EFFECT_VOIDSWORNWARRIOR,Gain ${ICON_POWER1}.,获得${ICON_POWER1}.,draft,
car_c055dbf6bf0f,cards_sheet,key,EFFECT_VOIDTHIRSTER,EFFECT_VOIDTHIRSTER,"Once per turn, gain ${ICON_POWER1}.<br>The first time you defeat a Monster in the center row each turn, gain ${ICON_HONOR1}.",每回合一次，获得1战力。每回合你首次击败中央牌列中的怪物时，获得1荣誉。,draft,
car_217b158a42fd,cards_sheet,key,EFFECT_VOIDTHIRSTER10TH,EFFECT_VOIDTHIRSTER10TH,"Once per turn, gain ${ICON_POWER1}.<br>The first time you defeat a Monster in the center row each turn, gain ${ICON_HONOR1}.","每回合一次，获得${ICON_POWER1}.<br>每回合你首次击败中央牌列中的怪物时, 获得${ICON_HONOR1}.",draft,
car_513f4c265126,cards_sheet,key,EFFECT_VYRAKTHEFIRST,EFFECT_VYRAKTHEFIRST,You may spend ${ICON_POWER} as ${ICON_RUNE} to acquire this.<br>Gain ${ICON_HONOR10}.,你可以花费 ${ICON_POWER} 作为 ${ICON_RUNE} 以获取此.<br>获得${ICON_HONOR10}.,draft,
car_4c0f2f2ff3b2,cards_sheet,key,EFFECT_WAILINGSPECTRE,EFFECT_WAILINGSPECTRE,${LABEL_REWARD} Gain ${ICON_HONOR4}. You may banish up to two cards in your discard pile.,${LABEL_REWARD} 获得${ICON_HONOR4}. 你可以放逐至多两 卡牌在你的弃牌堆.,draft,
car_de92a662c2c2,cards_sheet,key,EFFECT_WANDERINGASKARA,EFFECT_WANDERINGASKARA,"Draw a card, then you may banish a card in the center row.<br>If you have played another Wandering Askara this turn, you may banish both cards to take another turn after this one.","抽一张牌, 然后你可以放逐中央牌列的一张卡牌.<br>若你打出过另一流浪阿斯卡拉本回合, 你可以放逐两者卡牌以 拿取另一回合在此之后.",draft,pass11
car_66b0184d4b02,cards_sheet,key,EFFECT_WARPDRUID,EFFECT_WARPDRUID,${LABEL_REWARD} Gain ${ICON_HONOR2}. You may banish a card in your hand or discard pile.<br>${LABEL_DREAMBIND} ${ICON_INSIGHT1}.,${LABEL_REWARD} 获得${ICON_HONOR2}. 你可以从你的手牌或弃牌堆放逐一张卡牌.<br>${LABEL_DREAMBIND} ${ICON_INSIGHT1}.,draft,pass9b
car_953213c8f249,cards_sheet,key,EFFECT_WARPROGUE,EFFECT_WARPROGUE,${LABEL_REWARD} Gain ${ICON_HONOR3}. Take ${ICON_INSIGHT1} from an opponent.<br>${LABEL_DREAMBIND} ${ICON_INSIGHT3}.,${LABEL_REWARD} 获得${ICON_HONOR3}. 拿取${ICON_INSIGHT1} 从对手.<br>${LABEL_DREAMBIND} ${ICON_INSIGHT3}.,draft,
car_b8d327cf83dc,cards_sheet,key,EFFECT_WARTORNARBITER,EFFECT_WARTORNARBITER,Gain ${ICON_POWER1}. You may banish a card in your hand or discard pile.,获得${ICON_POWER1}. 你可以从你的手牌或弃牌堆放逐一张卡牌.,draft,pass9b
car_37ef4a1cce65,cards_sheet,key,EFFECT_WATCHMAKERSALTAR10TH,EFFECT_WATCHMAKERSALTAR10TH,"Once per turn, gain ${ICON_RUNE1}.  You may spend it only to acquire Mechana Constructs.",每回合一次，获得${ICON_RUNE1}. 你只能用它来获取机械神器。,draft,
car_6dec4013ca2a,cards_sheet,key,EFFECT_WATCHTOWERGOLEM,EFFECT_WATCHTOWERGOLEM,"Once per turn, if you play a Mechana Contruct (including this one) or if it is Day, gain ${ICON_POWER2}.","每回合一次，若你 打出机械神器 (包括此牌) 或若 它为 昼, 获得${ICON_POWER2}.",draft,pass9b
car_753e1a64d3ed,cards_sheet,key,EFFECT_WATERELEMENTAL,EFFECT_WATERELEMENTAL,"Draw a card.<br>If this is banished from anywhere during your turn, draw two cards.","抽一张牌.<br>若此 为被放逐从 任意处在期间你的回合, 抽两张牌.",draft,
car_629aacd1225f,cards_sheet,key,EFFECT_WEAPON303V,EFFECT_WEAPON303V,"Once per turn, when you play a Mechana Construct (including this one), you gain ${ICON_POWER3}.","每回合一次，当你打出机械神器 (包括此牌), 你获得${ICON_POWER3}.",draft,pass9b
car_5b5ddda93a23,cards_sheet,key,EFFECT_WEBCLAW,EFFECT_WEBCLAW,${LABEL_REWARD} Gain ${ICON_HONOR3}. Each opponent with three or more Constructs in play destroys a construct they control.,${LABEL_REWARD} 获得${ICON_HONOR3}. 每位对手以 三或更高神器在打出摧毁神器其控制的.,draft,pass9b
car_4f5425a0cee6,cards_sheet,key,EFFECT_WEREBOAR,EFFECT_WEREBOAR,Gain ${ICON_POWER2}.<br>${LABEL_UNITE} Gain ${ICON_RUNE3}.,获得${ICON_POWER2}.<br>${LABEL_UNITE} 获得${ICON_RUNE3}.,draft,
car_b61281a15b02,cards_sheet,key,EFFECT_WHIRLWINDASCETIC,EFFECT_WHIRLWINDASCETIC,"Draw three cards, then discard two cards. You may return a Mystic AND a Heavy Infantry discarded this way to your hand.","抽三张牌, 然后弃掉两 卡牌. 你可以返回秘教士和 重装步兵已弃掉以此方式以 你的手牌.",draft,
car_ea021850605c,cards_sheet,key,EFFECT_WICKEDEND,EFFECT_WICKEDEND,Defeat a Monster in the center row without paying its cost.,在中央牌列击败一个怪物无需支付费用.,draft,pass11
car_847476730954,cards_sheet,key,EFFECT_WILDBARKMAIL,EFFECT_WILDBARKMAIL,"Once per turn, if you have defeated a Monster in the center row, gain ${ICON_HONOR2}.","每回合一次，若你 拥有被在中央牌列击败怪物, 获得${ICON_HONOR2}.",draft,pass11
car_aac7a162cbf6,cards_sheet,key,EFFECT_WILDCALLSTAFF,EFFECT_WILDCALLSTAFF,"Once per turn, you pay ${ICON_RUNE2} less to acquire a card with Treasure under it.",每回合一次，你少支付 ${ICON_RUNE2}以 获取卡牌以 宝藏其下它.,draft,pass9b
car_d86ec4e7e102,cards_sheet,key,EFFECT_WILDFIREELEMENTAL,EFFECT_WILDFIREELEMENTAL,${LABEL_REWARD} Gain ${ICON_HONOR4}. Choose up to two cards in the center row and banish them.,${LABEL_REWARD} 获得${ICON_HONOR4}. 选择至多两 卡牌在中央牌列和 放逐它们.,draft,
car_359ffd46a2ad,cards_sheet,key,EFFECT_WILDGEARDRUID,EFFECT_WILDGEARDRUID,"Gain ${ICON_RUNE2}.<br>If you control two or more Constructs, gain ${ICON_HONOR2}.",获得${ICON_RUNE2}.<br>若你控制两件或更多神器， 获得${ICON_HONOR2}.,draft,pass9b;pass9c
car_8e68c02f7a42,cards_sheet,key,EFFECT_WILDGEARSOWER,EFFECT_WILDGEARSOWER,"Gain ${ICON_RUNE2}.<br>Gain ${ICON_HONOR1} for each faction among Constructs you control. (Factions are Enlightened, Lifebound, Mechana and Void).","获得${ICON_RUNE2}.<br>获得${ICON_HONOR1} 你控制的每个派系在神器之中. (派系为圣贤, 命约, 机械和 虚空).",draft,pass9b;pass9c
car_4c74ad8e6f47,cards_sheet,key,EFFECT_WILDRIFTDRAKE,EFFECT_WILDRIFTDRAKE,${LABEL_REWARD} Gain ${ICON_HONOR4}. You may banish up to two cards from your hand or discard pile.,${LABEL_REWARD} 获得${ICON_HONOR4}. 你可以放逐至多两 卡牌从你的手牌或 弃牌堆.,draft,
car_b04c95ab199a,cards_sheet,key,EFFECT_WINDTYRANT,EFFECT_WINDTYRANT,<sprite=75>,奖励：获得3荣誉。获得3符文。,draft,
car_da8d05a7cc35,cards_sheet,key,EFFECT_WINDTYRANT10TH,EFFECT_WINDTYRANT10TH,${LABEL_REWARD} Gain ${ICON_HONOR3} and ${ICON_RUNE3}.,${LABEL_REWARD} 获得${ICON_HONOR3} 和 ${ICON_RUNE3}.,draft,
car_ad3c175d33aa,cards_sheet,key,EFFECT_WOLFACOLYTE,EFFECT_WOLFACOLYTE,Gain ${ICON_RUNE1}.<br>${LABEL_UNITE} Draw a card. <i>(Gain this effect once if you play or have played another Lifebound Hero this turn.)</i>,获得${ICON_RUNE1}.<br>${LABEL_UNITE} 抽一张牌. <i>(获得此效果一次若 你打出或已打出另一命约英雄本回合.)</i>,draft,pass9b
car_c28c9e0fa878,cards_sheet,key,EFFECT_WOLFSHAMAN10TH,EFFECT_WOLFSHAMAN10TH,Gain ${ICON_RUNE1}.<br>Draw a card.,获得${ICON_RUNE1}.<br>抽一张牌.,draft,
car_d600817e4a41,cards_sheet,key,EFFECT_WOLFSHAMANRU,EFFECT_WOLFSHAMANRU,Gain ${ICON_RUNE1}.<br>Draw a card.,获得${ICON_RUNE1}.<br>抽一张牌.,draft,
car_0be9c77cd44a,cards_sheet,key,EFFECT_WORKSHOPGARGOYLE,EFFECT_WORKSHOPGARGOYLE,"Once per turn, when you acquire a Mechana card, gain ${ICON_HONOR1}.","每回合一次，当你获取机械卡牌, 获得${ICON_HONOR1}.",draft,pass9b
car_d9d4fd129dbc,cards_sheet,key,EFFECT_WORKSHOPGARGOYLEETER,EFFECT_WORKSHOPGARGOYLEETER,"Once per turn, when you acquire a Mechana card, gain ${ICON_HONOR1}.","每回合一次，当你获取机械卡牌, 获得${ICON_HONOR1}.",draft,pass9b
car_767abd46cc0e,cards_sheet,key,EFFECT_WRECKLAMAX,EFFECT_WRECKLAMAX,"Once per turn, if you play a Mechana Contruct (including this one) or if it is Day, draw a card.","每回合一次，若你 打出机械神器 (包括此牌) 或若 它为 昼, 抽一张牌.",draft,pass9b
car_5cd6c5934145,cards_sheet,key,EFFECT_XERONDUKEOFLIES,EFFECT_XERONDUKEOFLIES,<sprite=4>,<sprite=4>,draft,
car_a4ce4fa5cc8b,cards_sheet,key,EFFECT_XERONDUKEOFLIES10TH,EFFECT_XERONDUKEOFLIES10TH,${LABEL_REWARD} Gain ${ICON_HONOR4}.  Take a card at random from each opponent's hand and add those cards to your hand.,${LABEL_REWARD} 获得${ICON_HONOR4}. 从每位对手手牌中各随机拿取一张牌，加入你的手牌.,draft,pass11b
car_7f88aa0d0d5e,cards_sheet,key,EFFECT_XERONDUKEOFLIESETER,EFFECT_XERONDUKEOFLIESETER,${LABEL_REWARD} Gain ${ICON_HONOR4}.  Take a card at random from each opponent's hand and add those cards to your hand.,${LABEL_REWARD} 获得${ICON_HONOR4}. 从每位对手手牌中各随机拿取一张牌，加入你的手牌.,draft,pass11b
car_4de2f37f6bf3,cards_sheet,key,EFFECT_XERONFALSEALLY,EFFECT_XERONFALSEALLY,Gain ${ICON_RUNE5}.<br>Gain an additional ${ICON_RUNE2} for each Monster you play or have played this turn.,获得${ICON_RUNE5}.<br>获得额外的 ${ICON_RUNE2} 以每个怪物你 打出或已打出本回合.,draft,pass9b
car_9d0cccf03e6a,cards_sheet,key,EFFECT_XERONLORDOFDEOFOL,EFFECT_XERONLORDOFDEOFOL,${LABEL_REWARD} Gain ${ICON_HONOR6}.,${LABEL_REWARD} 获得${ICON_HONOR6}.,draft,
car_631495d751fe,cards_sheet,key,EFFECT_XERONSTRIAL,EFFECT_XERONSTRIAL,"When you play a Monster, gain ${ICON_POWER2}.<br>Pay ${ICON_POWER8}: Transform this into Xeron, False Ally and acquire it.","当你打出怪物, 获得${ICON_POWER2}.<br>支付 ${ICON_POWER8}: 将此牌转化为泽伦, 伪盟者并获取它.",draft,pass9b;pass9c
car_3407270f86c5,cards_sheet,key,EFFECT_YGGDRASILCANOPY,EFFECT_YGGDRASILCANOPY,"When you would gain ${ICON_HONOR} without defeating a Monster, gain twice that much ${ICON_HONOR} instead.","当你 会获得${ICON_HONOR} 没有击败怪物, 获得两次该 等量的 ${ICON_HONOR} 改为.",draft,
car_691a16814cca,cards_sheet,key,EFFECT_YGGDRASILSTAFF,EFFECT_YGGDRASILSTAFF,<sprite=172>,每回合一次，获得1战力。若你本回合打出过命约英雄，获得2荣誉。,draft,
car_57b680dd7930,cards_sheet,key,EFFECT_YGGDRASILSTAFF10TH,EFFECT_YGGDRASILSTAFF10TH,"Once per turn, gain ${ICON_POWER1}.<br>Once per turn, you may spend ${ICON_RUNE4} to gain ${ICON_HONOR3}.",每回合一次，获得${ICON_POWER1}.<br>每回合一次，你可以花费 ${ICON_RUNE4} 以获得${ICON_HONOR3}.,draft,
car_881ecb20377c,cards_sheet,key,EFFECT_YOLOCRYXTHEGUARDIAN,EFFECT_YOLOCRYXTHEGUARDIAN,"Gain ${ICON_POWER5} and an additional ${ICON_POWER1} for each Mechana Construct you control.<br>When you play a Mechana Construct, you may return this from your discard pile to your hand.","获得${ICON_POWER5} 和额外的 ${ICON_POWER1} 你控制的每件机械神器.<br>当你打出机械神器, 你可以将此牌返回从 你的弃牌堆以 你的手牌.",draft,pass9b;pass9c
car_1551fde7dcbd,cards_sheet,key,EFFECT_YUKTRIBEGREMLIN,EFFECT_YUKTRIBEGREMLIN,"${LABEL_REWARD} Gain ${ICON_HONOR1}.<br>${LABEL_INFEST} When you defeat Yuk Tribe Gremlin, you may put it into a player's discard pile.<br><i>(Monsters have no effect when played from hand.)</i>","${LABEL_REWARD} 获得${ICON_HONOR1}.<br>${LABEL_INFEST} 当你击败尤克部落小妖, 你可以将其放入一名玩家的弃牌堆.<br><i>(从手牌打出时怪物没有效果.)</i>",draft,pass9b
car_b6ec124e4734,cards_sheet,key,EFFECT_YUKTRIBEOUTCAST,EFFECT_YUKTRIBEOUTCAST,Draw a card.<br>Banish a card in the center row. Then you may banish a Yuk Tribe Outcast or Yuk Tribe Gremlin in your hand to acquire or defeat a card in the center row without paying its cost.,抽一张牌.<br>放逐中央牌列的一张卡牌. 然后你可以放逐尤克部落放逐者或 尤克部落小妖在你的手牌中以 获取或 击败卡牌在中央牌列无需支付费用.,draft,pass11
car_374e89b4d3dd,cards_sheet,key,EFFECT_YUREYEOFCHAOS,EFFECT_YUREYEOFCHAOS,${LABEL_REWARD} Gain ${ICON_HONOR4}. Draw three cards.,${LABEL_REWARD} 获得${ICON_HONOR4}. 抽三张牌.,draft,
car_a24b13a4fae0,cards_sheet,key,EFFECT_ZEROPOINTREACTOR,EFFECT_ZEROPOINTREACTOR,"Once per turn, gain ${ICON_RUNE2}.",每回合一次，获得${ICON_RUNE2}.,draft,
car_5916418aa55b,cards_sheet,key,EFFECT_ZINTASBRACERS,EFFECT_ZINTASBRACERS,"Once per turn, if you have gained ${ICON_INSIGHT2} or more, gain ${ICON_POWER2}.","每回合一次，若你 拥有已获得 ${ICON_INSIGHT2} 或更高, 获得${ICON_POWER2}.",draft,
car_1c01fd570090,cards_sheet,key,EFFECT_ZISDREAMREAPER,EFFECT_ZISDREAMREAPER,${LABEL_REWARD} Gain ${ICON_HONOR5}. Take ${ICON_INSIGHT2} from each opponent.,${LABEL_REWARD} 获得${ICON_HONOR5}. 拿取${ICON_INSIGHT2} 从每位对手.,draft,
car_fbfa56aa6dbf,cards_sheet,key,ENERGY_ARHAMENTOR,ENERGY_ARHAMENTOR,${LABEL_ENERGIZE} ${ICON_ENERGY2}: Draw a card.,${LABEL_ENERGIZE} ${ICON_ENERGY2}: 抽一张牌.,draft,
car_114477ab3d91,cards_sheet,key,ENERGY_AZERAXOFTHEBLACKWATCH,ENERGY_AZERAXOFTHEBLACKWATCH,"${LABEL_ENERGIZE} ${ICON_ENERGY4}: Transform this into Azerax, Nyx's Chosen. (Ignore the rest of this card's effect.)","${LABEL_ENERGIZE} ${ICON_ENERGY4}: 将此牌转化为阿泽拉克斯, 尼克斯的天选者. (忽略此牌的其余卡牌之效果.)",draft,
car_6f19af3da77d,cards_sheet,key,ENERGY_BLACKWATCHVANQUISHER,ENERGY_BLACKWATCHVANQUISHER,${LABEL_ENERGIZE} ${ICON_ENERGY3}: Gain an additional ${ICON_POWER2}.,${LABEL_ENERGIZE} ${ICON_ENERGY3}: 获得额外的 ${ICON_POWER2}.,draft,
car_e2137ff85efb,cards_sheet,key,ENERGY_COGNITIONCOURIER,ENERGY_COGNITIONCOURIER,${LABEL_ENERGIZE}: You pay ${ICON_RUNE1} less the next time you acquire a Construct this turn for each ${ICON_ENERGY} you have gained this turn.,${LABEL_ENERGIZE}: 你少支付 ${ICON_RUNE1}下次你获取神器本回合以 每个 ${ICON_ENERGY} 你拥有已获得本回合.,draft,pass9b
car_b0f3ff7c9609,cards_sheet,key,ENERGY_DARKWALKER,ENERGY_DARKWALKER,${LABEL_ENERGIZE} ${ICON_ENERGY1}: You may banish a card in your hand or discard pile.,${LABEL_ENERGIZE} ${ICON_ENERGY1}: 你可以从你的手牌或弃牌堆放逐一张卡牌.,draft,pass9b
car_18bdcd1de8ef,cards_sheet,key,ENERGY_DENDRISTHEGLADEWYRM,ENERGY_DENDRISTHEGLADEWYRM,"${LABEL_ENERGIZE} ${ICON_ENERGY3}: Gain an additional ${ICON_RUNE2}, ${ICON_POWER2}, and ${ICON_HONOR2}.","${LABEL_ENERGIZE} ${ICON_ENERGY3}: 获得额外的 ${ICON_RUNE2}, ${ICON_POWER2}, 和 ${ICON_HONOR2}.",draft,
car_5fc9660ad359,cards_sheet,key,ENERGY_DEVIANTFIEND,ENERGY_DEVIANTFIEND,${LABEL_ENERGIZE}: Gain an additional ${ICON_HONOR1} for each ${ICON_ENERGY} you have gained this turn.,${LABEL_ENERGIZE}: 获得额外的 ${ICON_HONOR1} 以每个 ${ICON_ENERGY} 你拥有已获得本回合.,draft,
car_e720e588bff2,cards_sheet,key,ENERGY_FIRESTORMEFFIGY,ENERGY_FIRESTORMEFFIGY,${LABEL_ENERGIZE} ${ICON_ENERGY1}: You may banish an additional card in your hand or discard pile.,${LABEL_ENERGIZE} ${ICON_ENERGY1}: 你可以放逐额外的卡牌在你的手牌或弃牌堆.,draft,
car_39bbc2d51157,cards_sheet,key,ENERGY_FORESIGHTMONACLE,ENERGY_FORESIGHTMONACLE,"${LABEL_ENERGIZE} ${ICON_ENERGY4}: Once this turn, gain ${ICON_RUNE1} for each Mechana Construct you control.","${LABEL_ENERGIZE} ${ICON_ENERGY4}: 本回合一次, 获得${ICON_RUNE1} 你控制的每件机械神器.",draft,pass9b;pass9c
car_51540e3db369,cards_sheet,key,ENERGY_GEMCATCHERSPIRIT,ENERGY_GEMCATCHERSPIRIT,${LABEL_ENERGIZE} ${ICON_ENERGY2}: Transform this into Otherworldly Guide. (Ignore the rest of this card's effect.),${LABEL_ENERGIZE} ${ICON_ENERGY2}: 将此牌转化为异界向导. (忽略此牌的其余卡牌之效果.),draft,
car_9699ff2dbb0d,cards_sheet,key,ENERGY_HERALDOFDOOM,ENERGY_HERALDOFDOOM,"${LABEL_ENERGIZE} ${ICON_ENERGY7}: Instead, acquire and defeat all cards in the center row without paying their costs.",${LABEL_ENERGIZE} ${ICON_ENERGY7}: 改为， 获取和 击败所有卡牌在中央牌列无需支付费用.,draft,
car_a4b3a9963f8b,cards_sheet,key,ENERGY_HONISKROTTRIBESMAN,ENERGY_HONISKROTTRIBESMAN,${LABEL_ENERGIZE} ${ICON_ENERGY2}: Transform this into Honiskrot Chieftain. (Ignore the rest of this card's effect.),${LABEL_ENERGIZE} ${ICON_ENERGY2}: 将此牌转化为霍尼斯克洛特酋长. (忽略此牌的其余卡牌之效果.),draft,
car_5f3901f3872a,cards_sheet,key,ENERGY_ILLIYATHEDEMONBORN,ENERGY_ILLIYATHEDEMONBORN,${LABEL_ENERGIZE}: Gain an additional ${ICON_POWER1} for each ${ICON_ENERGY} you have gained this turn.,${LABEL_ENERGIZE}: 获得额外的 ${ICON_POWER1} 以每个 ${ICON_ENERGY} 你拥有已获得本回合.,draft,
car_4284fdaca21e,cards_sheet,key,ENERGY_JAKEBCOBRASHAMAN,ENERGY_JAKEBCOBRASHAMAN,"${LABEL_ENERGIZE} ${ICON_ENERGY4}: Transform this into Jakeb, Cobra King. (Ignore the rest of this card's effect.)","${LABEL_ENERGIZE} ${ICON_ENERGY4}: 将此牌转化为杰克布, 眼镜蛇王. (忽略此牌的其余卡牌之效果.)",draft,
car_440c0c88fecb,cards_sheet,key,ENERGY_LEOTANSFAMILIAR,ENERGY_LEOTANSFAMILIAR,${LABEL_ENERGIZE} ${ICON_ENERGY1}: Gain ${ICON_HONOR2}.,${LABEL_ENERGIZE} ${ICON_ENERGY1}: 获得${ICON_HONOR2}.,draft,
car_32741918bf38,cards_sheet,key,ENERGY_LIFEBOUNDMUSE,ENERGY_LIFEBOUNDMUSE,"${LABEL_ENERGIZE} ${ICON_ENERGY2}: Instead, acquire any Hero without paying its cost.",${LABEL_ENERGIZE} ${ICON_ENERGY2}: 改为， 获取任意英雄无需支付费用.,draft,
car_fdf69f79a6d9,cards_sheet,key,ENERGY_MONASTICTUTOR,ENERGY_MONASTICTUTOR,${LABEL_ENERGIZE} ${ICON_ENERGY1}: Put the acquired card into your hand.,${LABEL_ENERGIZE} ${ICON_ENERGY1}: 放置所获取的卡牌置入你的手牌.,draft,
car_dc8cbb72730f,cards_sheet,key,ENERGY_MOSAICHORN,ENERGY_MOSAICHORN,"${LABEL_ENERGIZE} ${ICON_ENERGY2}: Once this turn, gain ${ICON_RUNE2}.","${LABEL_ENERGIZE} ${ICON_ENERGY2}: 本回合一次, 获得${ICON_RUNE2}.",draft,pass9b
car_3cfd55a0cbd2,cards_sheet,key,ENERGY_OGODEMONTRAP,ENERGY_OGODEMONTRAP,"${LABEL_ENERGIZE} ${ICON_ENERGY4}: Once this turn, gain ${ICON_HONOR3}.","${LABEL_ENERGIZE} ${ICON_ENERGY4}: 本回合一次, 获得${ICON_HONOR3}.",draft,pass9b
car_5d06e8e90afd,cards_sheet,key,ENERGY_OXIPEDE,ENERGY_OXIPEDE,${LABEL_ENERGIZE} ${ICON_ENERGY2}: Gain ${ICON_HONOR2}.,${LABEL_ENERGIZE} ${ICON_ENERGY2}: 获得${ICON_HONOR2}.,draft,
car_7979790fe351,cards_sheet,key,ENERGY_PLUNDERDEVIL,ENERGY_PLUNDERDEVIL,"${LABEL_ENERGIZE} ${ICON_ENERGY2}: Instead, you may acquire a Hero or Construct with cost ${ICON_RUNE6} or less without paying its cost.",${LABEL_ENERGIZE} ${ICON_ENERGY2}: 改为， 你可以获取一个英雄或 神器以 费用 ${ICON_RUNE6} 或更低无需支付费用.,draft,
car_531c19d8f908,cards_sheet,key,ENERGY_PORTABILLET,ENERGY_PORTABILLET,"${LABEL_ENERGIZE} ${ICON_ENERGY5}: Once this turn, draw a card.","${LABEL_ENERGIZE} ${ICON_ENERGY5}: 本回合一次, 抽一张牌.",draft,pass9b
car_48588926b262,cards_sheet,key,ENERGY_PROTOTYPECH32,ENERGY_PROTOTYPECH32,"${LABEL_ENERGIZE} ${ICON_ENERGY1}: Once this turn, when you acquire a Mechana Construct, you may put it directly into play.","${LABEL_ENERGIZE} ${ICON_ENERGY1}: 本回合一次, 当你获取机械神器, 你可以将其直接进入战场.",draft,pass9b
car_f52ac246f2af,cards_sheet,key,ENERGY_RAGINGURSINE,ENERGY_RAGINGURSINE,${LABEL_ENERGIZE} ${ICON_ENERGY2}: Gain ${ICON_RUNE2}.,${LABEL_ENERGIZE} ${ICON_ENERGY2}: 获得${ICON_RUNE2}.,draft,
car_ceadc29f2952,cards_sheet,key,ENERGY_RAVENSIREN,ENERGY_RAVENSIREN,${LABEL_ENERGIZE}: You pay ${ICON_RUNE1} less for each ${ICON_ENERGY} you have gained this turn the next time you acquire a Hero this turn.,${LABEL_ENERGIZE}: 你少支付 ${ICON_RUNE1}以 每个 ${ICON_ENERGY} 你拥有已获得本回合下次你获取一个英雄本回合.,draft,pass9b
car_b33ea7546466,cards_sheet,key,ENERGY_REACTORSHRINE,ENERGY_REACTORSHRINE,"${LABEL_ENERGIZE} ${ICON_ENERGY2}: Once this turn, gain ${ICON_HONOR1} for each Mechana Construct you control.","${LABEL_ENERGIZE} ${ICON_ENERGY2}: 本回合一次, 获得${ICON_HONOR1} 你控制的每件机械神器.",draft,pass9b;pass9c
car_16c4a9bc4a5b,cards_sheet,key,ENERGY_RIFTWALKERSAXE,ENERGY_RIFTWALKERSAXE,"${LABEL_ENERGIZE} ${ICON_ENERGY2}: Once this turn, gain ${ICON_POWER2}.","${LABEL_ENERGIZE} ${ICON_ENERGY2}: 本回合一次, 获得${ICON_POWER2}.",draft,pass9b
car_ffb7842b128b,cards_sheet,key,ENERGY_RIGHTEOUSTEMPLAR,ENERGY_RIGHTEOUSTEMPLAR,"${LABEL_ENERGIZE} ${ICON_ENERGY3}: Instead, defeat any Monster without paying its cost.",${LABEL_ENERGIZE} ${ICON_ENERGY3}: 改为， 击败任意怪物无需支付费用.,draft,
car_9a261388ae4b,cards_sheet,key,ENERGY_RUNICHONISKROT,ENERGY_RUNICHONISKROT,${LABEL_ENERGIZE} ${ICON_ENERGY3}: Gain ${ICON_POWER2}.,${LABEL_ENERGIZE} ${ICON_ENERGY3}: 获得${ICON_POWER2}.,draft,
car_a55deb594663,cards_sheet,key,ENERGY_SCRAPSCRABBLER,ENERGY_SCRAPSCRABBLER,${LABEL_ENERGIZE} ${ICON_ENERGY2}: Transform this into Scrabbling Squad. (Ignore the rest of this card's effect.),${LABEL_ENERGIZE} ${ICON_ENERGY2}: 将此牌转化为翻捡小队. (忽略此牌的其余卡牌之效果.),draft,
car_cbe7d59c5bb2,cards_sheet,key,ENERGY_STARCALLERLEOTAN,ENERGY_STARCALLERLEOTAN,${LABEL_ENERGIZE}: Gain an additional ${ICON_HONOR1} for each ${ICON_ENERGY} you have gained this turn.,${LABEL_ENERGIZE}: 获得额外的 ${ICON_HONOR1} 以每个 ${ICON_ENERGY} 你拥有已获得本回合.,draft,
car_338314a4ccfb,cards_sheet,key,ENERGY_TABLETOFTHEDREAMER,ENERGY_TABLETOFTHEDREAMER,"${LABEL_ENERGIZE} ${ICON_ENERGY4}: Once this turn, acquire or defeat any card in the center row without paying its cost.","${LABEL_ENERGIZE} ${ICON_ENERGY4}: 本回合一次, 获取或击败中央牌列的任意卡牌无需支付费用.",draft,pass9b;pass9c
car_6f3f00e1762a,cards_sheet,key,ENERGY_TORICDEVOTEDDISCIPLE,ENERGY_TORICDEVOTEDDISCIPLE,"${LABEL_ENERGIZE} ${ICON_ENERGY4}: Transform this into Toric, Ascendant. (Ignore the rest of this card's effect.)","${LABEL_ENERGIZE} ${ICON_ENERGY4}: 将此牌转化为托里克, 飞升者. (忽略此牌的其余卡牌之效果.)",draft,
car_64f62962cc1a,cards_sheet,key,ENERGY_TWISTEDTYRANT,ENERGY_TWISTEDTYRANT,${LABEL_ENERGIZE} ${ICON_ENERGY3}: Draw three cards.,${LABEL_ENERGIZE} ${ICON_ENERGY3}: 抽三张牌.,draft,
car_ce642ace8b12,cards_sheet,key,ENERGY_ULUASKARAPRINCE,ENERGY_ULUASKARAPRINCE,${LABEL_ENERGIZE} ${ICON_ENERGY2}: Copy the chosen effect an additional time.,${LABEL_ENERGIZE} ${ICON_ENERGY2}: 复制所选效果额外的次.,draft,
car_a79ce47846d3,cards_sheet,key,ENERGY_VEYAHANDMAIDENOFLOGOS,ENERGY_VEYAHANDMAIDENOFLOGOS,"${LABEL_ENERGIZE} ${ICON_ENERGY2}: Instead, you may choose both.",${LABEL_ENERGIZE} ${ICON_ENERGY2}: 改为， 你可以选择两者.,draft,
car_02b423a5928e,cards_sheet,key,ENERGY_VOIDFEEDER,ENERGY_VOIDFEEDER,"${LABEL_ENERGIZE} ${ICON_ENERGY2}: Once this turn, you may banish a card in your hand or discard pile.","${LABEL_ENERGIZE} ${ICON_ENERGY2}: 本回合一次, 你可以从你的手牌或弃牌堆放逐一张卡牌.",draft,pass9b
car_529b8f47a928,cards_sheet,key,ENERGY_VOIDSWORNWARRIOR,ENERGY_VOIDSWORNWARRIOR,${LABEL_ENERGIZE} ${ICON_ENERGY2}: Transform this into Voidsworn Champion. (Ignore the rest of this card's effect.),${LABEL_ENERGIZE} ${ICON_ENERGY2}: 将此牌转化为誓虚冠军. (忽略此牌的其余卡牌之效果.),draft,
car_402427e0b1af,cards_sheet,key,ENERGY_WEBCLAW,ENERGY_WEBCLAW,"${LABEL_ENERGIZE} ${ICON_ENERGY3}: Instead, each opponent destroys a Construct they control.",${LABEL_ENERGIZE} ${ICON_ENERGY3}: 改为， 每位对手摧毁神器其控制的.,draft,
car_826dba5c5c5c,cards_sheet,key,ENERGY_YOLOTHIANMONOLITH,ENERGY_YOLOTHIANMONOLITH,"${LABEL_ENERGIZE} ${ICON_ENERGY4}: Transform this into Yolocryx, the Guardian and put it into your hand.","${LABEL_ENERGIZE} ${ICON_ENERGY4}: 将此牌转化为约洛克瑞克斯, 守卫和 将其放入你的手牌.",draft,pass9b
car_9530769e2bd0,cards_sheet,key,ENERGY_ZETAARSENAL,ENERGY_ZETAARSENAL,"${LABEL_ENERGIZE} ${ICON_ENERGY3}: Once this turn, gain ${ICON_POWER1} for each Mechana Construct you control.","${LABEL_ENERGIZE} ${ICON_ENERGY3}: 本回合一次, 获得${ICON_POWER1} 你控制的每件机械神器.",draft,pass9b;pass9c
car_3110f5770259,cards_sheet,key,FATE_AEGISKNIGHT,FATE_AEGISKNIGHT,FATE: Auction ${ICON_INSIGHT} to gain the effect below.,天命： 竞拍 ${ICON_INSIGHT} 以获得效果下方.,draft,
car_c625cecc3bd8,cards_sheet,key,FATE_ARBITEROFFATE,FATE_ARBITEROFFATE,"${LABEL_FATE} When this enters the center row, each player may banish a card from their hand or discard pile.","${LABEL_FATE} 当此牌进入中央牌列时, 每位玩家可以放逐一张卡牌从其手牌或 弃牌堆.",draft,
car_df0e66f1b011,cards_sheet,key,FATE_ASKARAOFFATE,FATE_ASKARAOFFATE,"${LABEL_FATE} When this enters the center row, each player may draw a card.","${LABEL_FATE} 当此牌进入中央牌列时, 每位玩家可以抽一张牌.",draft,
car_7f021354bd99,cards_sheet,key,FATE_DARKENERGYSHARD,FATE_DARKENERGYSHARD,${LABEL_FATE} Each player may banish a card in their discard pile.,${LABEL_FATE} 每位玩家可以放逐一张卡牌在 其弃牌堆.,draft,
car_cb855cadb11d,cards_sheet,key,FATE_DEATHSWORNWARRIOR,FATE_DEATHSWORNWARRIOR,${LABEL_FATE} Each player may banish a card from their hand or discard pile.,${LABEL_FATE} 每位玩家可以放逐一张卡牌从其手牌或 弃牌堆.,draft,
car_b61059f012b8,cards_sheet,key,FATE_DREAMMACHINE,FATE_DREAMMACHINE,"${LABEL_FATE} When this enters the center row, each player may return a Construct they control to their hand.","${LABEL_FATE} 当此牌进入中央牌列时, 每位玩家可以返回神器其控制的以 其手牌.",draft,
car_c0303912524b,cards_sheet,key,FATE_EMRISOULSLAYER,FATE_EMRISOULSLAYER,${LABEL_FATE} Each player may banish up to two cards from their hand and/or discard pile.,${LABEL_FATE} 每位玩家可以放逐至多两 卡牌从其手牌和/或弃牌堆.,draft,
car_8b5ec9965a64,cards_sheet,key,FATE_HONEYSIREN,FATE_HONEYSIREN,"${LABEL_FATE} When Honey Siren enters the center row, each player may put a Hero from their discard pile on top of their deck.","${LABEL_FATE} 当蜜 海妖进入中央牌列, 每位玩家可以放置英雄从 其弃牌堆在 顶部的 其牌库.",draft,
car_15455e757377,cards_sheet,key,FATE_INFERNATEMPLAR,FATE_INFERNATEMPLAR,FATE: Auction ${ICON_INSIGHT} to gain the effect below.,天命： 竞拍 ${ICON_INSIGHT} 以获得效果下方.,draft,
car_bf328ce67e52,cards_sheet,key,FATE_JOURNEYMANSAGE,FATE_JOURNEYMANSAGE,"${LABEL_FATE} When this enters the center row, each player may banish a Hero in their hand to acquire a Mystic or Heavy Infantry and add it to their hand.","${LABEL_FATE} 当此牌进入中央牌列时, 每位玩家可以放逐英雄在其手牌中以 获取秘教士或 重装步兵和 加入其手牌.",draft,
car_39814f6574e7,cards_sheet,key,FATE_KYTHISTHEGATEKEEPER,FATE_KYTHISTHEGATEKEEPER,"${LABEL_FATE} When this enters the center row, take the top card of the center deck and place it face down underneath this. If this leaves the center row, replace it with that card.","${LABEL_FATE} 当此牌进入中央牌列时, 拿取传送门牌库顶的卡牌和 放置它 面朝下置于其下此. 若此 离开中央牌列, 将它替换以 该卡牌.",draft,
car_d290bdb77c53,cards_sheet,key,FATE_LOAMSPEAKERDRUID,FATE_LOAMSPEAKERDRUID,"${LABEL_FATE} When this enters the center row, for each Treasure under this, add ${ICON_HONOR10} to the ${ICON_HONOR} pool.","${LABEL_FATE} 当此牌进入中央牌列时, 以每个宝藏其下此, 加入${ICON_HONOR10} 以 ${ICON_HONOR} 池.",draft,
car_596167d192a2,cards_sheet,key,FATE_MONKOFTHELIDLESSEYE,FATE_MONKOFTHELIDLESSEYE,"${LABEL_FATE} When this enters the center row, for each treasure under this, each player draws a card.","${LABEL_FATE} 当此牌进入中央牌列时, 以每个宝藏其下此, 每位玩家抽 卡牌.",draft,
car_b76fe5a66846,cards_sheet,key,FATE_NEMESIS,FATE_NEMESIS,"${LABEL_FATE} When this enters the center row, banish the current Event.","${LABEL_FATE} 当此牌进入中央牌列时, 放逐当前事件.",draft,
car_42c33ea08059,cards_sheet,key,FATE_NOOKHOUND,FATE_NOOKHOUND,"${LABEL_FATE} When this enters the center row, each player may look at the top card of their deck.  They may put it into their discard pile.","${LABEL_FATE} 当此牌进入中央牌列时, 每位玩家可以查看牌库顶卡牌的 其牌库. 他们可以将其放入其弃牌堆.",draft,pass9b
car_9a2d73b0e043,cards_sheet,key,FATE_OMNICRON,FATE_OMNICRON,"${LABEL_FATE} When this enters the center row, if there is Treasure under this, add a seventh card to the center row.","${LABEL_FATE} 当此牌进入中央牌列时, 若存在宝藏其下此, 加入七张th卡牌以 中央牌列.",draft,
car_447d5e150b57,cards_sheet,key,FATE_RATKING,FATE_RATKING,"${LABEL_FATE} When this enters the center row, place a Giant Rat on top of each other card in the center row.","${LABEL_FATE} 当此牌进入中央牌列时, 放置一张巨鼠在 顶部的 每个其他卡牌在中央牌列.",draft,
car_ecf4bda164e8,cards_sheet,key,FATE_RAVENOUSGORPH,FATE_RAVENOUSGORPH,"${LABEL_FATE} When this enters the center row, banish all cards adjacent to it.","${LABEL_FATE} 当此牌进入中央牌列时, 放逐所有卡牌相邻以 它.",draft,
car_ac5dce974c61,cards_sheet,key,FATE_RECLAMAX,FATE_RECLAMAX,"${LABEL_FATE} When this enters the center row, each player may choose a Construct in their discard pile and put it in their hand.","${LABEL_FATE} 当此牌进入中央牌列时, 每位玩家可以选择神器在 其弃牌堆并将其放置在其手牌中.",draft,pass9b
car_66a59ac8d535,cards_sheet,key,FATE_SHIELDBEARER,FATE_SHIELDBEARER,FATE: Auction ${ICON_INSIGHT} to gain the effect below.,天命： 竞拍 ${ICON_INSIGHT} 以获得效果下方.,draft,
car_5fd240224792,cards_sheet,key,FATE_SPIRITMERCHANT,FATE_SPIRITMERCHANT,"${LABEL_FATE} When this enters the center row, for each Treasure under this, each player may banish a card in their hand or discard pile.","${LABEL_FATE} 当此牌进入中央牌列时, 以每个宝藏其下此, 每位玩家可以放逐一张卡牌在其手牌中或 弃牌堆.",draft,
car_df065a8965a7,cards_sheet,key,FATE_STONECIRCLE,FATE_STONECIRCLE,"${LABEL_FATE} When this enters the center row, each player may acquire a Mystic.  Put it on top of their deck.","${LABEL_FATE} 当此牌进入中央牌列时, 每位玩家可以获取秘教士. 将它放置在 顶部的 其牌库.",draft,
car_bfd1cbd116f4,cards_sheet,key,FATE_TOLLMASTERKYLEK,FATE_TOLLMASTERKYLEK,${LABEL_FATE} Banish all other cards in the center row and replace them with Portals.,${LABEL_FATE} 放逐所有其他卡牌在中央牌列并将其们替换以 传送门.,draft,pass9b
car_2dd3e5b2f57f,cards_sheet,key,FATE_VAULTLICH,FATE_VAULTLICH,"${LABEL_FATE} When this enters the center row, banish each card in the center row with Treasure under it.","${LABEL_FATE} 当此牌进入中央牌列时, 放逐每个卡牌在中央牌列以 宝藏其下它.",draft,
car_1d51b6464d0e,cards_sheet,key,FATE_VINEWEAVER,FATE_VINEWEAVER,FATE: Auction ${ICON_INSIGHT} to gain the effect below.,天命： 竞拍 ${ICON_INSIGHT} 以获得效果下方.,draft,
car_05b66470d09f,cards_sheet,key,FLAVOR_AARONTHEGODSLAYER,FLAVOR_AARONTHEGODSLAYER,No fiend may stand against he who slew The Fallen One.,弑落者面前，没有任何魔物可以立足。,draft,pass10
car_df68c2729827,cards_sheet,key,FLAVOR_ABOLISHER,FLAVOR_ABOLISHER,The souls were too many for the Arbiter castes to erase.,灵魂太多，仲裁者种姓已无法抹去。,draft,pass10
car_f118440e7c60,cards_sheet,key,FLAVOR_ABOLISHERETER,FLAVOR_ABOLISHERETER,The souls were too many for the Arbiter castes to erase.,灵魂太多，仲裁者种姓已无法抹去。,draft,pass10
car_2c806b2c871f,cards_sheet,key,FLAVOR_ADAMBUILDERADEPT,FLAVOR_ADAMBUILDERADEPT,He can always find a use for it.,他能 总是找到use以它.,draft,
car_bcbb70a17d16,cards_sheet,key,FLAVOR_ADAYUTHEOMNIPOTENT,FLAVOR_ADAYUTHEOMNIPOTENT,"""We are dreams, and he the dreamer."" -Master Dhartha",「我们是梦，而他是梦者。」——达萨大师,draft,pass10
car_c22e4cfc401b,cards_sheet,key,FLAVOR_ADAYUTHETORMENTED,FLAVOR_ADAYUTHETORMENTED,"""The cracks of pain and suffering have begun to spread in his mind. If he is lost, all of us are."" -Master Dhartha",「痛苦与苦难的裂痕已开始在他心中蔓延。若他迷失，我们皆会迷失。」——达萨大师,draft,pass10
car_4674b7f51a42,cards_sheet,key,FLAVOR_AETHERCHANNELER,FLAVOR_AETHERCHANNELER,"When plans fail, look to the chaos for answers.",计划失败时，向混沌寻求答案。,draft,pass10
car_5e2b0e8ff8b3,cards_sheet,key,FLAVOR_AETHERCURATOR,FLAVOR_AETHERCURATOR,"""You need simply open a book and a new world awaits.""",「你只需翻开一本书，新世界便在等待。」,draft,pass10
car_eb5c84516d53,cards_sheet,key,FLAVOR_AETHERSPRINGWITCH,FLAVOR_AETHERSPRINGWITCH,The water pooled at the base of Yggdrasil offers reflections from the tree's entire lifespan.,汇聚在世界树根下的水，映出整棵树一生的倒影。,draft,pass10
car_80e504f3d1e3,cards_sheet,key,FLAVOR_AETHERWARRIOR,FLAVOR_AETHERWARRIOR,My blade severs both flesh and soul.,我的刃切断血肉，也切断灵魂。,draft,pass10_lua_flavor
car_cf7a795c8161,cards_sheet,key,FLAVOR_AIRSUPPORTSQUADRON,FLAVOR_AIRSUPPORTSQUADRON,surely you can't be serious,你一定是在开玩笑。,draft,pass10
car_f1786788ee56,cards_sheet,key,FLAVOR_AIYANASMESSENGER,FLAVOR_AIYANASMESSENGER,"On cloudy nights in Ogo, the stars have couriers.",在奥戈多云的夜里，星辰也有信使。,draft,pass10
car_8a78691ad02c,cards_sheet,key,FLAVOR_AIYANASMESSENGERETER,FLAVOR_AIYANASMESSENGERETER,"On cloudy nights in Ogo, the stars have couriers.",在奥戈多云的夜里，星辰也有信使。,draft,pass10
car_2afa74140466,cards_sheet,key,FLAVOR_ALLURINGSHAMAN,FLAVOR_ALLURINGSHAMAN,His song can calm even the most restless.,他的歌能抚平最不安的灵魂。,draft,pass10
car_a63aa6eca338,cards_sheet,key,FLAVOR_ALSETMONKPRODIGY,FLAVOR_ALSETMONKPRODIGY,He starts with the impossible.,他从不可能开始。,draft,pass10
car_9719696fe691,cards_sheet,key,FLAVOR_ALSETREACTORSAVANT,FLAVOR_ALSETREACTORSAVANT,The machines hum to his tune.,机械随他的节拍嗡鸣。,draft,pass10
car_98aa216426b0,cards_sheet,key,FLAVOR_ANCIENTSTAG,FLAVOR_ANCIENTSTAG,"Instead of seeking the Temples themselves, the pathfinders sought the aid of the forest-dwellers.",寻路者不去找神殿本身，而是求助于林中居民。,draft,pass10
car_6249210b9e4e,cards_sheet,key,FLAVOR_ANIMUSOFTHEWILD,FLAVOR_ANIMUSOFTHEWILD,Even the trees of Ogo have something to teach if you listen long enough.,只要听得够久，连奥戈的树木也有东西可教。,draft,pass10
car_7900a8e6241e,cards_sheet,key,FLAVOR_ANIMUSOFTHEWILDETER,FLAVOR_ANIMUSOFTHEWILDETER,Even the trees of Ogo have something to teach if you listen long enough.,只要听得够久，连奥戈的树木也有东西可教。,draft,pass10
car_5f25890fdb83,cards_sheet,key,FLAVOR_ANOINTEDASKARA,FLAVOR_ANOINTEDASKARA,The first lesson the Arha teach their young is that there will always be more lessons.,亚哈教给幼徒的第一课是：永远还有下一课。,draft,pass10
car_7448537dc3f7,cards_sheet,key,FLAVOR_ARANYXTHEGLUTTON,FLAVOR_ARANYXTHEGLUTTON,"""Are you going to eat that?""",「那个你还吃吗？」,draft,pass10
car_ed1fffcabdc1,cards_sheet,key,FLAVOR_ARBITERCIRCLET,FLAVOR_ARBITERCIRCLET,Demon bone and one hundred souls.,恶魔之骨，与一百个灵魂。,draft,pass10_lua_flavor
car_e5a0b3f00578,cards_sheet,key,FLAVOR_ARBITEROFTHELOST,FLAVOR_ARBITEROFTHELOST,"""As others sought to hoard the shards, I sought to harness their power.""",「别人囤积碎片，我则试图驾驭它们的力量。」,draft,pass10
car_52eb21b76c7e,cards_sheet,key,FLAVOR_ARBITEROFTHEPRECIPICE,FLAVOR_ARBITEROFTHEPRECIPICE,"""Memory and history are no concern of mine. This foul thing should never have existed.  Now, it will be as if it never did.""",「记忆与历史不关我事。这肮脏之物本不该存在。现在，它将如同从未存在过。」,draft,pass10
car_edf380e32041,cards_sheet,key,FLAVOR_ARBITEROFTHEPRECIPICE10TH,FLAVOR_ARBITEROFTHEPRECIPICE10TH,"Find them standing on the edge of the abyss,<br>just beyond the jagged city.",他们立于深渊边缘，<br>就在锯齿之城外。,draft,pass10
car_2dbaefef8827,cards_sheet,key,FLAVOR_ARBITERSCENSER,FLAVOR_ARBITERSCENSER,It lights the way to the next victim.,它照亮通往下一个牺牲者的路。,draft,pass10
car_ca179ccfaead,cards_sheet,key,FLAVOR_ARHAHISTORIAN,FLAVOR_ARHAHISTORIAN,Heroic acts undertaken by common people make for the best tales.,凡人成就的英勇事迹，才是最好的传说。,draft,pass10
car_df94cd2d261c,cards_sheet,key,FLAVOR_ARHAINITIATE,FLAVOR_ARHAINITIATE,"Nellin observed the whirling movements of the Initiates. ""Are they practicing forms?"" he asked. ""No,"" came the instructor's reply. ""They are meditating.""",内林注视着初学者旋转的身影。「他们在练招式？」他问。「不，」导师答道，「他们在冥想。」,draft,pass10
car_2a5ad1aa62c8,cards_sheet,key,FLAVOR_ARHAINITIATE10TH,FLAVOR_ARHAINITIATE10TH,A meditation of whirling steel and lethal clarity,旋转钢铁与致命澄明的冥想,draft,pass10
car_2f9cb929d7b5,cards_sheet,key,FLAVOR_ARHAMEDIUM,FLAVOR_ARHAMEDIUM,"""There is no self, only purpose."" -- Master Dhartha",「没有自我，唯有使命。」——达萨大师,draft,pass10
car_bfa86591b493,cards_sheet,key,FLAVOR_ARHAMEDIUMETER,FLAVOR_ARHAMEDIUMETER,"""There is no self, only purpose."" -- Master Dhartha",「没有自我，唯有使命。」——达萨大师,draft,pass10
car_a3f8f1e410a3,cards_sheet,key,FLAVOR_ARHASENSEI,FLAVOR_ARHASENSEI,"""No Templar should die on behalf of ruffians and cowards. We will make you worthy.""",「圣殿武士不该为匪徒与懦夫而死。我们会使你们配得上。」,draft,pass10
car_cfd746706ced,cards_sheet,key,FLAVOR_ARHASENSEIDS,FLAVOR_ARHASENSEIDS,"""You do not see your own potential because you seek it out. It already lies within, you need only accept it.""",「你看不见自己的潜能，是因为你在向外寻找。它本就在你之内，你只需接纳。」,draft,pass10
car_131821109f0f,cards_sheet,key,FLAVOR_ARHASENSEIETER,FLAVOR_ARHASENSEIETER,"""You do not see your own potential because you seek it out. It already lies within, you need only accept it.""",「你看不见自己的潜能，是因为你在向外寻找。它本就在你之内，你只需接纳。」,draft,pass10
car_feb286e929db,cards_sheet,key,FLAVOR_ARHATEMPLAR,FLAVOR_ARHATEMPLAR,<sprite=123>,<sprite=123>,draft,
car_df31fe77419d,cards_sheet,key,FLAVOR_ARHATEMPLAR10TH,FLAVOR_ARHATEMPLAR10TH,"Sharpen the mind, and the sword will follow.",磨砺心智，剑自随之。,draft,
car_ad8c57e0948b,cards_sheet,key,FLAVOR_ARMISTICE,FLAVOR_ARMISTICE,"Dhartha raised his hand to quiet the gathered emissaries, ""We must not despair. The only way Nilus can grow in strength is if we lose faith in each other.""",达萨举手示意使者们安静：「我们不可绝望。唯有我们彼此失去信任，尼鲁斯才会壮大。」,draft,pass10
car_29f6a722da01,cards_sheet,key,FLAVOR_ASCETICOFTHELIDLESSEYE,FLAVOR_ASCETICOFTHELIDLESSEYE,"""There is nothing obscure about what is to come, Godslayer; the future is always clear to those who choose to see. It is your judgment that is clouded.""",「将至之事并无隐晦，弑神者；对选择去看的人而言，未来总是清晰的。被蒙蔽的是你的判断。」,draft,pass10
car_f2c85e712f29,cards_sheet,key,FLAVOR_ASCETICOFTHELIDLESSEYE10TH,FLAVOR_ASCETICOFTHELIDLESSEYE10TH,"""Devote yourself to the Eye,"" Dhartha said, ""and see all that the universe has to offer.""",「献身于慧眼，」达萨说，「便能看见宇宙所能给予的一切。」,draft,pass10
car_2693809ddc08,cards_sheet,key,FLAVOR_ASHESTOASHES,FLAVOR_ASHESTOASHES,"""Born of nothing, we will return to nothing.""<br>-Deathsworn Oath",「生于虚无，归于虚无。」<br>——死誓誓言,draft,pass10
car_e06fad6694c1,cards_sheet,key,FLAVOR_ASKARANARMOR,FLAVOR_ASKARANARMOR,"Anvils rang across the Dreamscape, echoing the armorsmiths' renewed inspiration.",铁砧在梦境中回响，回应甲匠重燃的灵感。,draft,pass10
car_24cb0597571c,cards_sheet,key,FLAVOR_ASKARAOFFORTUNE,FLAVOR_ASKARAOFFORTUNE,Fortune and choice are two sides of the same coin. The askara transcend all dualities.,命运与选择是同一枚硬币的两面。阿斯卡拉超越一切二元。,draft,pass10
car_0fb1faed0ad0,cards_sheet,key,FLAVOR_ASKARAOFSOULS,FLAVOR_ASKARAOFSOULS,Doors open to those who learn to see them.,门会为学会看见它们的人打开。,draft,pass10
car_84149115f1dc,cards_sheet,key,FLAVOR_ASTROBLADETRX,FLAVOR_ASTROBLADETRX,A device meant for great discoveries.,一件为伟大发现而造的装置。,draft,pass10
car_6411ea71fc84,cards_sheet,key,FLAVOR_AUSTERESAGE,FLAVOR_AUSTERESAGE,"He speaks rarely, but all listen.",他鲜少开口，但人人倾听。,draft,pass10
car_9e825c1bc313,cards_sheet,key,FLAVOR_AUTOBUILDER50,FLAVOR_AUTOBUILDER50,patch notes:<br>- fixed bug causing builder to harvest organics for material,更新说明：<br>- 修复建造者把有机物当材料收割的错误,draft,pass10
car_58afe55b5cc9,cards_sheet,key,FLAVOR_AVATAROFTHEFALLEN10TH,FLAVOR_AVATAROFTHEFALLEN10TH,I am Eternal. What hope have you to defeat me?,我是永恒。你们有何指望击败我？,draft,pass10
car_bfc3ccfa9945,cards_sheet,key,FLAVOR_BATTERYMONK,FLAVOR_BATTERYMONK,Level 6 - clarity.<br>level 7 - epiphany.<br>level 8 - martyrdom,第六层——澄明。<br>第七层——顿悟。<br>第八层——殉道。,draft,
car_b798cbb94dbf,cards_sheet,key,FLAVOR_BATTERYMONKETER,FLAVOR_BATTERYMONKETER,Level 6 - Clarity.<br>Level 7 - Epiphany.<br>Level 8 - Martyrdom.,第六层——澄明。<br>第七层——顿悟。<br>第八层——殉道。,draft,pass10
car_1bf7d06b0ba8,cards_sheet,key,FLAVOR_BEACONOFTHELOST,FLAVOR_BEACONOFTHELOST,Souls of the fallen fuel its eerie flame.,亡者的灵魂为其诡谲之焰添燃料。,draft,pass10
car_3e92d0841a82,cards_sheet,key,FLAVOR_BEACONSHAMAN,FLAVOR_BEACONSHAMAN,The shards speak to those who have the courage to listen.,碎片对有勇气倾听的人低语。,draft,pass10
car_f818cdfbdad1,cards_sheet,key,FLAVOR_BEASTSTAFF,FLAVOR_BEASTSTAFF,Only the greatest heroes can fully harness its power.,唯有最伟大的英雄才能完全驾驭其力量。,draft,pass10
car_268662f7d4fe,cards_sheet,key,FLAVOR_BELTHARSOULCOLLECTOR,FLAVOR_BELTHARSOULCOLLECTOR,"""He collects souls like a ferromancer collects burns.""",「他收集灵魂，如同铁术士收集烫伤。」,draft,pass10
car_68b47bef5ed6,cards_sheet,key,FLAVOR_BETRAYEDTEMPLAR,FLAVOR_BETRAYEDTEMPLAR,"The last protector of an abandoned temple, Xeron was happy to give him a new cause.",弃寺的最后守护者——泽伦很乐意给他一个新的目标。,draft,pass10
car_910cc8fc4a91,cards_sheet,key,FLAVOR_BLACKHOLE,FLAVOR_BLACKHOLE,"""This world is old. It has worn very thin in places."" - Sadranis, Dark Emissary",「这世界太老了。有些地方已经薄得可怕。」——黑暗使者萨德拉尼斯,draft,pass10
car_7e8e650ce1e8,cards_sheet,key,FLAVOR_BLACKWATCHELITE,FLAVOR_BLACKWATCHELITE,"Elites are fated to be alone, for they destroy all that they see.",精英注定孤独，因为他们摧毁所见的一切。,draft,pass10
car_e3d476c263cc,cards_sheet,key,FLAVOR_BLACKWATCHEXEMPLAR,FLAVOR_BLACKWATCHEXEMPLAR,They're capable of snatching victory from the jaws of pretty much anything.,他们能从几乎任何绝境中夺回胜利。,draft,pass10
car_676b2601f2db,cards_sheet,key,FLAVOR_BLASTGOGGLES,FLAVOR_BLASTGOGGLES,Big Badaboom.,大爆炸。,draft,
car_b2385d61a095,cards_sheet,key,FLAVOR_BLINDSEER,FLAVOR_BLINDSEER,"The world is hidden to him, but its secrets are not.",世界对他隐匿，其秘密却不然。,draft,pass10
car_47fa3a8ce6b7,cards_sheet,key,FLAVOR_BORDERLANDMERCENARY,FLAVOR_BORDERLANDMERCENARY,"""Where's the money?""",「钱呢？」,draft,pass10
car_26a987bd5b17,cards_sheet,key,FLAVOR_BORDERLANDNIHILIST,FLAVOR_BORDERLANDNIHILIST,"""We believe in nothing!""",「我们信奉虚无！」,draft,pass10
car_9860e0fd0aff,cards_sheet,key,FLAVOR_BRAINSTORMSENTRY,FLAVOR_BRAINSTORMSENTRY,You are who you choose to be.,你为 谁你 选择以 是.,draft,
car_d8132ae2987c,cards_sheet,key,FLAVOR_BRAMBLEELEMENTAL,FLAVOR_BRAMBLEELEMENTAL,"It consumes everything it can entangle, no matter what, or who, that might be.",它吞噬一切能缠住的事物——不论是什么，或是谁。,draft,pass10
car_de1dce8f586b,cards_sheet,key,FLAVOR_BRAZERDRONE,FLAVOR_BRAZERDRONE,Vigil damaged by passage of fallen one. repairs approved.,祈夜因落者之过而受损。已批准修复。,draft,pass10
car_5fdd38202c41,cards_sheet,key,FLAVOR_BRINGEROFDESPAIR,FLAVOR_BRINGEROFDESPAIR,"""I looked, and behold, an ashen horse; and  he who sat on it had the name Death.""",「我观看，见有一匹灰色马；骑在马上的，名字叫作死。」,draft,pass10
car_10e2438f2431,cards_sheet,key,FLAVOR_BRINGEROFHOPE,FLAVOR_BRINGEROFHOPE,"Born in the light, he serves it in darkness.",生于光明，却在黑暗中侍奉它。,draft,pass10
car_80ad083309fe,cards_sheet,key,FLAVOR_BROTHERMARIUS,FLAVOR_BROTHERMARIUS,"""What do you mean the princess is in another Temple?""",「公主在另一座神殿是什么意思？」,draft,pass10
car_582a0dfdb324,cards_sheet,key,FLAVOR_BURIALGUARDIAN,FLAVOR_BURIALGUARDIAN,"""If you seek to understand immortality, you must first discern the nature of death,"" the druid cautioned.",「若你想理解不朽，须先辨明死亡的本质，」德鲁伊告诫道。,draft,pass10
car_e4a921425660,cards_sheet,key,FLAVOR_BURROWERMARKII,FLAVOR_BURROWERMARKII,<sprite=143>,<sprite=143>,draft,
car_5e32208ded68,cards_sheet,key,FLAVOR_BURROWERMARKII10TH,FLAVOR_BURROWERMARKII10TH,Can you dig it?,Can你dig它?,draft,
car_339dc30e33e6,cards_sheet,key,FLAVOR_CALLOFDARKNESS,FLAVOR_CALLOFDARKNESS,The dreams of Sadranis and his summoners would be indistinguishable from nightmares for most people.,对多数人而言，萨德拉尼斯与其召唤者的梦，与噩梦并无分别。,draft,pass10
car_f4d385f6835d,cards_sheet,key,FLAVOR_CANONTEMPLAR,FLAVOR_CANONTEMPLAR,His edicts are final.,他的敕令即为终裁。,draft,pass10
car_4a11f0bb9eaf,cards_sheet,key,FLAVOR_CANOPICJAR,FLAVOR_CANOPICJAR,"""As haunted a relic as I've encountered, but now, no more haunted than we."" -- Alastor Nellin",「我所遇过最受萦绕的遗物；而如今，它并不比我们更受萦绕。」——阿拉斯托·内林,draft,pass10
car_6219f6a2e71d,cards_sheet,key,FLAVOR_CARETAKERZAHRAL,FLAVOR_CARETAKERZAHRAL,"For centuries, Zahral's forests have kept the secrets of the ancients.",数世纪以来，扎拉尔的森林守护着远古的秘密。,draft,pass10
car_4079905d851f,cards_sheet,key,FLAVOR_CAUSTICCONJURER,FLAVOR_CAUSTICCONJURER,"For some, the dreams brought new possibilities, for others, new terrors to share with the world.",对有些人，梦境带来新的可能；对另一些人，则是可与世界分享的新恐惧。,draft,pass10
car_36a3c1e67544,cards_sheet,key,FLAVOR_CAVERNCREEPER,FLAVOR_CAVERNCREEPER,Even a tiny spider can kill you if you don't see it coming.,哪怕是只小蜘蛛，只要你看不见，也能要你的命。,draft,pass10
car_741900706f92,cards_sheet,key,FLAVOR_CELLBLOCKE,FLAVOR_CELLBLOCKE,Absolute corruption powers absolutely.,绝对的腐化带来绝对的力量。,draft,
car_9fe79ee237f1,cards_sheet,key,FLAVOR_CETRACELESTIALBODY,FLAVOR_CETRACELESTIALBODY,Let the stars guide your path when all other light abandons you.,当一切光芒弃你而去，让星辰指引你的路。,draft,pass10
car_c310c7ea5f8a,cards_sheet,key,FLAVOR_CETRAGUIDEOFOGO,FLAVOR_CETRAGUIDEOFOGO,"Just as the stars guide travellers, Cetra guides the stars.",正如星辰指引旅人，塞特拉指引星辰。,draft,pass10
car_78aa88f16f7d,cards_sheet,key,FLAVOR_CETRAMATRONOFSTARS,FLAVOR_CETRAMATRONOFSTARS,"""Do not despair, child. You have the resolve and strength to meet your fate. You need only accept it.""",「不要绝望，孩子。你有决心与力量去面对命运。你只需接纳它。」,draft,pass10
car_d75050c2eca5,cards_sheet,key,FLAVOR_CETRASRESPITE,FLAVOR_CETRASRESPITE,"In the fell clutch of circumstance, I have not winced nor cried aloud. Under the bludgeonings of chance, my head is bloody, but unbowed.",在命运的铁爪中，我不曾退缩，也不曾哭喊。在机遇的重击下，我头破血流，却傲然不屈。,draft,pass10
car_23803d68ad86,cards_sheet,key,FLAVOR_CETRAWEAVEROFSTARS,FLAVOR_CETRAWEAVEROFSTARS,<sprite=10>,<sprite=10>,draft,
car_59f79a519994,cards_sheet,key,FLAVOR_CETRAWEAVEROFSTARS10TH,FLAVOR_CETRAWEAVEROFSTARS10TH,True heroes are guided by her starlight.,真正的英雄由她的星光指引。,draft,pass10
car_76a3ad9edc05,cards_sheet,key,FLAVOR_CHAOSRIDER,FLAVOR_CHAOSRIDER,Be careful who you follow into battle.,小心你跟随谁上战场。,draft,pass10
car_1f95fb2f29d9,cards_sheet,key,FLAVOR_CHARGINGCHAMBER,FLAVOR_CHARGINGCHAMBER,Shards more effective than previous power sources.,碎片比以往的动力源更有效。,draft,pass10
car_adf2cb64a319,cards_sheet,key,FLAVOR_CHEERFULCONSORT,FLAVOR_CHEERFULCONSORT,Her bright demeanor spreads warmth throughout Alosya.,她明朗的神情把温暖传遍阿洛西亚。,draft,pass10
car_2efe1a4147a3,cards_sheet,key,FLAVOR_CHEERFULCONSORTETER,FLAVOR_CHEERFULCONSORTETER,Her bright demeanor spreads warmth throughout Alosya.,她明朗的神情把温暖传遍阿洛西亚。,draft,pass10
car_5195416545d1,cards_sheet,key,FLAVOR_CHRONICLEOFVIGIL,FLAVOR_CHRONICLEOFVIGIL,"Together, we thrive; alone, we perish.",同心则兴；孤行则亡。,draft,pass10
car_5e0b757e3762,cards_sheet,key,FLAVOR_CLOCKWORKSENTRY,FLAVOR_CLOCKWORKSENTRY,Much more silent than their name would imply.,远比名字听起来安静。,draft,pass10
car_48b66f61e70e,cards_sheet,key,FLAVOR_CLUTCHOFDARKNESS,FLAVOR_CLUTCHOFDARKNESS,"Once the Void has a hold on you, there is no escape.",一旦虚空抓住你，便无处可逃。,draft,pass10
car_f17f220d5985,cards_sheet,key,FLAVOR_COGMAW,FLAVOR_COGMAW,hedron core temperature mustbe maintained,必须维持多面体核心温度,draft,
car_8bedadaf7088,cards_sheet,key,FLAVOR_COMBUSTIONIDOL,FLAVOR_COMBUSTIONIDOL,Warning:<br>non-organic offerings only.,警告：<br>仅限非有机祭品。,draft,pass10
car_b3d42e158790,cards_sheet,key,FLAVOR_COMBUSTIONIDOLETER,FLAVOR_COMBUSTIONIDOLETER,Warning:<br>Non-organic offerings only!,警告：<br>仅限非有机祭品！,draft,pass10
car_81c47ebb1c0b,cards_sheet,key,FLAVOR_CONTROLSMITH,FLAVOR_CONTROLSMITH,She dreamt of iron and glory.,她梦见铁与荣耀。,draft,pass10
car_189865d06260,cards_sheet,key,FLAVOR_CONVERSIONPORT,FLAVOR_CONVERSIONPORT,Inspiration leads to innovation.,灵感通向创新。,draft,pass10
car_284d7e129122,cards_sheet,key,FLAVOR_CORROSIVEWIDOW10TH,FLAVOR_CORROSIVEWIDOW10TH,Her poison erodes the mightiest armor.,她的毒素侵蚀最坚固的铠甲。,draft,pass10
car_ab57cc4c4d2f,cards_sheet,key,FLAVOR_CORRUPTEDSAGE,FLAVOR_CORRUPTEDSAGE,Always looking for new students to  educate on the true nature of pain.,总在寻找新的学生，好教他们痛苦的真正本质。,draft,pass10
car_c5801535e42b,cards_sheet,key,FLAVOR_CRYPTLURKER,FLAVOR_CRYPTLURKER,Death guards its secrets closely.,死亡严密守护它的秘密。,draft,pass10
car_67106e59b4bd,cards_sheet,key,FLAVOR_CRYSTALLINEMONK,FLAVOR_CRYSTALLINEMONK,Shards compatible. Adaptation underway.,碎片兼容。适应进行中。,draft,
car_7504e7697f7a,cards_sheet,key,FLAVOR_CULTIST,FLAVOR_CULTIST,<sprite=70>,<sprite=70>,draft,
car_6285b266e806,cards_sheet,key,FLAVOR_CULTIST10TH,FLAVOR_CULTIST10TH,"""Blood!  Shed their blood!  The Fallen One has come to carry us to glory! To remake our world!""",「血！让他们流血！落者已来，带我们奔向荣耀！重塑我们的世界！」,draft,pass10
car_2afedfa52e7e,cards_sheet,key,FLAVOR_CULTISTROV,FLAVOR_CULTISTROV,You fools will learn the truth of your 'gifts' soon enough!,你们这些蠢货很快就会明白所谓「赐福」的真相！,draft,pass10
car_76102261a52b,cards_sheet,key,FLAVOR_CULTISTSOS,FLAVOR_CULTISTSOS,"""The Gatekeeper is no more! The souls of the damned shall transform this cursed land into a new netherworld!""",「守门人已不复存在！该死者的灵魂将把这片诅咒之地变成新的冥界！」,draft,pass10
car_32bc4eb36807,cards_sheet,key,FLAVOR_CULTOFTHEFALSECIRCLE,FLAVOR_CULTOFTHEFALSECIRCLE,Their chants twisted in on themselves until there was nothing left but madness.,他们的吟诵自行扭曲，直到只剩疯狂。,draft,pass10
car_3b83282dd35b,cards_sheet,key,FLAVOR_DARKGLADIATOR,FLAVOR_DARKGLADIATOR,"Others fear the dark, he thrives in it.",别人惧怕黑暗，他在其中茁壮。,draft,pass10
car_a267007dd8c1,cards_sheet,key,FLAVOR_DARKTOMELIBRARIAN,FLAVOR_DARKTOMELIBRARIAN,"Be careful, page six bites.",小心，第六页会咬人。,draft,pass10_lua_flavor
car_42a9d75fb18d,cards_sheet,key,FLAVOR_DAVIDPROPHETICGUIDE,FLAVOR_DAVIDPROPHETICGUIDE,Those with the gift of foresight often need help discerning the difference between what is and what will be.,拥有预知之才的人，往往需要帮助分辨「现在」与「将至」。,draft,pass10
car_22e7eb41ede0,cards_sheet,key,FLAVOR_DAYBREAKASKARA,FLAVOR_DAYBREAKASKARA,She is inspiration given form.,她是化作形体的灵感。,draft,pass10
car_15444a1af3d4,cards_sheet,key,FLAVOR_DEADEYEASSASSIN,FLAVOR_DEADEYEASSASSIN,Just hope she never has eyes for you.,但愿她的目光永远不会落在你身上。,draft,pass10
car_f33f45d61937,cards_sheet,key,FLAVOR_DEATHBOUNDDRUID,FLAVOR_DEATHBOUNDDRUID,"The druids nourish life, but do not think for a moment that it is because they fear death.",德鲁伊滋养生命，但切莫以为那是因为他们惧怕死亡。,draft,pass10
car_b894764ad9c1,cards_sheet,key,FLAVOR_DEATHFINDER,FLAVOR_DEATHFINDER,Not all who seek death find it. Some find a worse fate.,并非所有寻死者都找得到死亡。有些人找到了更糟的命运。,draft,pass10
car_aa4a0aca8d11,cards_sheet,key,FLAVOR_DEATHSEEKER,FLAVOR_DEATHSEEKER,"""I think Kythis takes me today.""",「我想凯西斯今天会带走我。」,draft,pass10
car_64ad11b67bfb,cards_sheet,key,FLAVOR_DECEITFULGHOUL,FLAVOR_DECEITFULGHOUL,Sometimes the most dangerous thing is a wide smile.,有时最危险的，是那一抹灿烂的笑。,draft,pass10
car_b0c55c29abc3,cards_sheet,key,FLAVOR_DEEPDRONE,FLAVOR_DEEPDRONE,OBJECT RETRieveD.  UNKNOWNLIFE FORMs Detected. REquestinstructions.,物体已回收。侦测到未知生命体。请求指示。,draft,
car_6e10eb702611,cards_sheet,key,FLAVOR_DEFENSEGENERATOR,FLAVOR_DEFENSEGENERATOR,positively electrifying,确实令人电击。,draft,
car_8919b8c50f95,cards_sheet,key,FLAVOR_DELIRIUMPIXIES,FLAVOR_DELIRIUMPIXIES,Come play with us.,来和我们玩吧。,draft,pass10_lua_flavor
car_ae86a6821c51,cards_sheet,key,FLAVOR_DELIRIUMPIXIESETER,FLAVOR_DELIRIUMPIXIESETER,"""Come play with us.""",来和我们玩吧。,draft,pass10_lua_flavor
car_01e03de0a8a4,cards_sheet,key,FLAVOR_DELUDINGDJINN,FLAVOR_DELUDINGDJINN,The distrust they sow is what makes them dangerous.,他们播下的不信任，正是其危险所在。,draft,pass10
car_91db0df94d1d,cards_sheet,key,FLAVOR_DEMONHUNTER,FLAVOR_DEMONHUNTER,Good. Bad. I'm the one with the sword.,好的。坏的。试试带剑的那个。,draft,pass10_lua_flavor
car_d8a1e63f50a6,cards_sheet,key,FLAVOR_DEMONMASTER,FLAVOR_DEMONMASTER,"The job is tough, but the smell is worse.",活儿很难，但气味更糟。,draft,pass10_lua_flavor
car_b96fdaf0b6f8,cards_sheet,key,FLAVOR_DEMONPUPS,FLAVOR_DEMONPUPS,I just wanted to pet one!,我只是想摸一下！,draft,pass10_lua_flavor
car_7ea8fa639fe6,cards_sheet,key,FLAVOR_DEMONSLAYER,FLAVOR_DEMONSLAYER,"""How many demons have you slain, stranger?"" Sar asked, lowering his massive sword.  ""One so far,"" Nellin replied, and grinned.  ""But it was a really, really big one.""",「陌生人，你杀过多少恶魔？」萨尔放低巨剑问道。「到目前为止一个，」内林答道，咧嘴一笑，「不过那一个可真是……特别大。」,draft,pass10
car_6b7d02a4d750,cards_sheet,key,FLAVOR_DEMONSLAYER10TH,FLAVOR_DEMONSLAYER10TH,"Having accepted death, they have nothing left to fear.",既已接纳死亡，他们便无所畏惧。,draft,pass10
car_a97251f32ea2,cards_sheet,key,FLAVOR_DERANGEDASPIRANT,FLAVOR_DERANGEDASPIRANT,They see knowledge where there is madness.,他们在疯狂中看见知识。,draft,pass10
car_271bbf524fbf,cards_sheet,key,FLAVOR_DERANGEDDIRGE,FLAVOR_DERANGEDDIRGE,The screams and wails weave a tortured hymn.,尖叫与哀号织成受折磨的圣歌。,draft,pass10
car_3ce76280ceb7,cards_sheet,key,FLAVOR_DESTROYERSGATE,FLAVOR_DESTROYERSGATE,"""He will come in one of the pre-chosen forms.""",「他将以预定的诸形之一到来。」,draft,pass10
car_83d22df976cc,cards_sheet,key,FLAVOR_DHARTHAETERNALSEER,FLAVOR_DHARTHAETERNALSEER,"""Empty your mind, be formless, shapeless -- like water.""",「清空你的心，无形无相——如水。」,draft,pass10
car_91ee04ec4197,cards_sheet,key,FLAVOR_DHARTHAMASTEROFSIGHT,FLAVOR_DHARTHAMASTEROFSIGHT,"Tell me what you see, not what you think you see.",告诉我你看见了什么，而不是你以为看见了什么。,draft,pass10
car_e8ebacf2cb0b,cards_sheet,key,FLAVOR_DHARTHATHEETERNAL,FLAVOR_DHARTHATHEETERNAL,"""Time is merely another illusion.""",「时间不过是另一场幻象。」,draft,pass10
car_1d6002ac57bb,cards_sheet,key,FLAVOR_DIMENSIONDIVER,FLAVOR_DIMENSIONDIVER,The greaT seal has fallen. exploration project approVeD.,大封印已坠。探索计划获准。,draft,pass10
car_b372aa2e0066,cards_sheet,key,FLAVOR_DIMENSIONDIVERETER,FLAVOR_DIMENSIONDIVERETER,The great seal has fallen. Exploration project approved.,大封印已坠。探索计划获准。,draft,pass10
car_562c983ba9aa,cards_sheet,key,FLAVOR_DOGSOFWAR,FLAVOR_DOGSOFWAR,Their currency is flesh and bone.,他们的货币是血肉与白骨。,draft,pass10
car_fc4ffa73973f,cards_sheet,key,FLAVOR_DREADCONJURER,FLAVOR_DREADCONJURER,"Don't tell him your fears, that spoils the fun.",别告诉他你的恐惧，那会扫兴。,draft,pass10
car_1ca51ffb732c,cards_sheet,key,FLAVOR_DREADMARE,FLAVOR_DREADMARE,A soul a day keeps the Dreadmare away.,一日一魂，惧马远离。,draft,pass10_lua_flavor
car_c2d770b00945,cards_sheet,key,FLAVOR_DREAMCHAMBERDISCIPLES,FLAVOR_DREAMCHAMBERDISCIPLES,The Arha teach us that in time all traditions<br>break under the weight of principle.,亚哈教导我们：假以时日，一切传统都会在原则的重压下崩裂。,draft,pass10_lua_flavor
car_252a168f7ca6,cards_sheet,key,FLAVOR_DREAMEATER,FLAVOR_DREAMEATER,"The dream was painful, but the reality was torture.",梦很痛苦，现实却是酷刑。,draft,pass10_lua_flavor
car_ce1c374fe778,cards_sheet,key,FLAVOR_DREAMGUIDE,FLAVOR_DREAMGUIDE,"At the edge of the world, she is a guide to everything beyond.",在世界边缘，她是通往彼岸一切的向导。,draft,pass10_lua_flavor
car_750ae7d859ee,cards_sheet,key,FLAVOR_DREAMKILLER,FLAVOR_DREAMKILLER,Some people ruin all the fun.,有些人专会扫兴。,draft,pass10
car_8dc8364393d6,cards_sheet,key,FLAVOR_DREAMLAB,FLAVOR_DREAMLAB,"In the Dreamscape, the line between impossible and possible is as illusory as everything else.",在梦境中，不可能与可能之间的界限，与其他一切同样虚幻。,draft,pass10
car_35389223b00c,cards_sheet,key,FLAVOR_DREAMSCAPEDIVINER,FLAVOR_DREAMSCAPEDIVINER,Are you sure you want to know?,你确定想知道吗？,draft,pass10_lua_flavor
car_7e2d576f5787,cards_sheet,key,FLAVOR_DREAMSEEKER,FLAVOR_DREAMSEEKER,Dreams maketh and dreams breaketh.,梦能成事，亦能毁事。,draft,pass10
car_523ce6cd8e0d,cards_sheet,key,FLAVOR_DREAMSEEKERSTART,FLAVOR_DREAMSEEKERSTART,Dreams maketh and dreams breaketh.,梦能成事，亦能毁事。,draft,pass10_lua_flavor
car_c95cb4248c3c,cards_sheet,key,FLAVOR_DREAMSHAPERJESSE,FLAVOR_DREAMSHAPERJESSE,Expand what you understand to be possible until it includes that which you believed to be impossible.,扩展你对「可能」的理解，直到它包含你曾以为不可能之事。,draft,pass10
car_8a3fe1cf859e,cards_sheet,key,FLAVOR_DREAMSTONE,FLAVOR_DREAMSTONE,Look upon what might have been and what may come to pass.,凝视本可能发生之事，以及或许将至之事。,draft,pass10_lua_flavor
car_aec2af7cd4f8,cards_sheet,key,FLAVOR_DREAMTITAN,FLAVOR_DREAMTITAN,A gold giant: taller than the mountains<br>and silent as the sun.,金色巨人，高过群山，静如大海。,draft,pass10_lua_flavor
car_a69c2b0fedd7,cards_sheet,key,FLAVOR_DREAMTYRANT,FLAVOR_DREAMTYRANT,The manifestation of a forest's vengeful dreams.,金色巨人，高过群山,draft,pass10_lua_flavor
car_70b7a52fc851,cards_sheet,key,FLAVOR_DREAMWILLOW,FLAVOR_DREAMWILLOW,The Dreamwillow's lullaby echoes throughout Ogo.,梦柳的摇篮曲回荡整个奥戈。,draft,pass10
car_3d6cb125a16d,cards_sheet,key,FLAVOR_DREAMWILLOWDRUIDS,FLAVOR_DREAMWILLOWDRUIDS,"Their rituals are a beautiful combination of dance, lullaby, and sleep.",他们的仪式是舞蹈、摇篮曲与睡眠的美丽结合。,draft,pass10
car_4a986cbfb131,cards_sheet,key,FLAVOR_DRILLERMARKIV,FLAVOR_DRILLERMARKIV,Depth: Unknown. Sensors indicate unknown energy source ahead.,深度：未知。传感器显示前方有未知能源。,draft,pass10
car_8204b079b1c6,cards_sheet,key,FLAVOR_DRUIDSOFTHESTONECIRCLE,FLAVOR_DRUIDSOFTHESTONECIRCLE,<sprite=32>,<sprite=32>,draft,
car_8e6aa27e3f70,cards_sheet,key,FLAVOR_DRUIDSOFTHESTONECIRCLE10TH,FLAVOR_DRUIDSOFTHESTONECIRCLE10TH,The spacing of the stones is geometry.<br>The space itself is magic.,石阵的间距是几何。<br>那空间本身是魔法。,draft,pass10
car_6df43b1194ff,cards_sheet,key,FLAVOR_DRUIDSWREATH,FLAVOR_DRUIDSWREATH,"During their initiation, druids receive a lifeless wreath. When it is reborn, so are they.",入会时，德鲁伊会得到一圈无生之花环。当它重生，他们亦然。,draft,pass10
car_62bc734914d3,cards_sheet,key,FLAVOR_DUSTTODUST,FLAVOR_DUSTTODUST,"""Permanence is merely an illusion brought about by equally impermanent lives,"" Dhartha expounded.",「永恒不过是同样无常的生命所造成的幻象，」达萨阐说道。,draft,pass10
car_8c1755a5b9eb,cards_sheet,key,FLAVOR_EARTHMENDERPURA,FLAVOR_EARTHMENDERPURA,His healing chants replenish life in the wake of chaos.,他的疗愈吟诵在混沌过后补回生命。,draft,pass10
car_a6cec470f9e6,cards_sheet,key,FLAVOR_EARTHTYRANT10TH,FLAVOR_EARTHTYRANT10TH,"In the caverns below, you will find limitless power<br>surrounded by fire and death.",在下方的洞窟里，你将找到无尽的力量<br>被火焰与死亡环绕。,draft,pass10
car_d217bad924d3,cards_sheet,key,FLAVOR_ELANSOULMARSHAL,FLAVOR_ELANSOULMARSHAL,"In his scrying pool, the secrets of wars past, present, and future are all laid bare. ",在他的占卜池中，过往、当下与未来之战的秘密尽皆袒露。,draft,pass10
car_1f95cbc1ab33,cards_sheet,key,FLAVOR_ELDERSKEPTIC,FLAVOR_ELDERSKEPTIC,"Ezem read briefly, and then ruefully dropped the scroll.""It astounds me,"" he muttered, ""what passes for an idea in this land.""",埃泽姆匆匆读过，苦笑着丢下卷轴。「真令人吃惊，」他咕哝道，「这片土地上什么都能算作想法。」,draft,pass10
car_a2af2d2c317a,cards_sheet,key,FLAVOR_ELDERSKEPTICETER,FLAVOR_ELDERSKEPTICETER,"Ezem read briefly, and then ruefully dropped the scroll.""It astounds me,"" he muttered, ""what passes for an idea in this land.""",埃泽姆匆匆读过，苦笑着丢下卷轴。「真令人吃惊，」他咕哝道，「这片土地上什么都能算作想法。」,draft,pass10
car_5cbc50372ec8,cards_sheet,key,FLAVOR_ELEMENTALPROJECTOR,FLAVOR_ELEMENTALPROJECTOR,It's a blast!,真是炸裂！,draft,pass10
car_fb461b59c540,cards_sheet,key,FLAVOR_EMISSARYOFDAWN,FLAVOR_EMISSARYOFDAWN,"She soars over New Vigil to close each night, blessing all below with a new day's light.",她掠过新祈夜，为每个夜晚收束，以新一日的光祝福下方众生。,draft,pass10
car_da6e47b0f712,cards_sheet,key,FLAVOR_EMMASMECHANNON,FLAVOR_EMMASMECHANNON,"""Did anyone see that? I put a hole in that mountain!"" - Emma Ironheart",「有人看见了吗？我在那座山上打了个洞！」——艾玛·铁心,draft,pass10_lua_flavor
car_1069cf301d5c,cards_sheet,key,FLAVOR_EMMASTELETRANSMITTER,FLAVOR_EMMASTELETRANSMITTER,"""Why in the five hells would I be calling you if<br>I didn't need help?"" - Emma Ironheart",「要不是我需要帮忙，我干嘛打给你？」——艾玛·铁心,draft,pass10_lua_flavor
car_40bc63a27b21,cards_sheet,key,FLAVOR_EMMASVOIDCYCLER,FLAVOR_EMMASVOIDCYCLER,"""This proves it. Emma,<br>you're a genius."" - Emma Ironheart",「这就证明了。艾玛，你是个天才。」——艾玛·铁心,draft,pass10_lua_flavor
car_81bbedea858b,cards_sheet,key,FLAVOR_EMMASWORKSHOP,FLAVOR_EMMASWORKSHOP,"""This place is falling apart.<br>It's perfect."" - Emma Ironheart",「这地方快散架了。完美。」——艾玛·铁心,draft,pass10_lua_flavor
car_cb7cc79b9ce9,cards_sheet,key,FLAVOR_EMRIONEWITHTHEVOID,FLAVOR_EMRIONEWITHTHEVOID,"Emri paused above the noble as her blade hovered. ""When you have conquered everything, Xeron"" she said, ""there is still Nothing to fear.""",艾姆瑞停在贵族上方，刃尖悬停。「当你征服了一切，泽伦，」她说，「仍有虚无值得畏惧。」,draft,pass10
car_6dfe8ade5619,cards_sheet,key,FLAVOR_EMRIONEWITHTHEVOID10TH,FLAVOR_EMRIONEWITHTHEVOID10TH,"None faster, none deadlier.",无人更快，无人更致命。,draft,
car_b6018eebab9d,cards_sheet,key,FLAVOR_EMRISHADOWSLAYER,FLAVOR_EMRISHADOWSLAYER,"Without the real world to to constrain her, Emri became even more gruesomely efficient. ",没有现实世界的束缚，艾姆瑞变得更加残酷高效。,draft,pass10
car_4bc8d1a96d79,cards_sheet,key,FLAVOR_EMRISOULSTEALER,FLAVOR_EMRISOULSTEALER,"Another day, another demigod.",又一日，又一半神。,draft,pass10_lua_flavor
car_66c19b706efd,cards_sheet,key,FLAVOR_EMRISSTING,FLAVOR_EMRISSTING,"Sharp, but fleeting, her sting kills before pain sets in.",锋利却短暂——她的蛰刺在痛感到来前便已致命。,draft,pass10
car_8a25e3ed82e3,cards_sheet,key,FLAVOR_ENDBRINGERJORA,FLAVOR_ENDBRINGERJORA,He tears down everyone and everything that gets in Emri's way.,凡挡在艾姆瑞路上的人与物，他都会拆毁。,draft,pass10
car_27e0c7eebd81,cards_sheet,key,FLAVOR_ENERGYMONK,FLAVOR_ENERGYMONK,One man's trash is another monk's treasure.,一人的垃圾，是另一僧侣的宝藏。,draft,pass10
car_22c8a4186514,cards_sheet,key,FLAVOR_ENGULFINGKRAKEN,FLAVOR_ENGULFINGKRAKEN,"By the time you know it's there, it's already too late.",等你察觉它在那儿，已经太迟了。,draft,pass10
car_6f79b2bde7f0,cards_sheet,key,FLAVOR_EPHEMERALDRUID,FLAVOR_EPHEMERALDRUID,"Surrendering herself to fate, she found peace.",将自己交托命运，她找到了安宁。,draft,pass10
car_29edf05fece7,cards_sheet,key,FLAVOR_EPHEMERALINVENTOR,FLAVOR_EPHEMERALINVENTOR,"Surrendering herself to machines, she found new possibilities.",将自己交托机械，她找到了新的可能。,draft,pass10
car_d1cfacfd05c1,cards_sheet,key,FLAVOR_EPHEMERALMONK,FLAVOR_EPHEMERALMONK,"Surrendering himself to the question, he found the answer.",将自己交托疑问，他找到了答案。,draft,pass10
car_531dcf37dd9f,cards_sheet,key,FLAVOR_EPHEMERALRITUALIST,FLAVOR_EPHEMERALRITUALIST,"Surrendering himself to the end, he found the means.",将自己交托终局，他找到了手段。,draft,pass10
car_4196054ab5d9,cards_sheet,key,FLAVOR_ETERNALASKARA,FLAVOR_ETERNALASKARA,Vigil has fought bravely in the dim light. Only the Askaras know whether it is dawn or dusk .,祈夜在昏光中英勇奋战。唯有阿斯卡拉知晓那是黎明还是黄昏。,draft,pass10
car_8e840a5c0ee3,cards_sheet,key,FLAVOR_ETERNALTORMENTOR,FLAVOR_ETERNALTORMENTOR,The voidspawn that aren't banished or destroyed are made to wish they had been.,那些未被放逐或摧毁的虚空孽种，会被折磨到但愿自己早已被放逐或摧毁。,draft,pass10
car_1888d006be8a,cards_sheet,key,FLAVOR_ETHEREALHUNTRESS,FLAVOR_ETHEREALHUNTRESS,Even death is no escape for her prey.,连死亡也不是她猎物的逃脱之路。,draft,pass10
car_736236377a09,cards_sheet,key,FLAVOR_EVERBLOOM,FLAVOR_EVERBLOOM,"The first Everbloom seedlings were gifted to heroes of the Second War, who planted them near the capital to encourage the healing of the land.",第一批永绽幼苗赠予第二次大战的英雄，他们将其栽于都城附近，以催促大地愈合。,draft,pass10
car_3476111c35cb,cards_sheet,key,FLAVOR_EVERBLOOMETER,FLAVOR_EVERBLOOMETER,"The first Everbloom seedlings were gifted to heroes of the Second War, who planted them near the capital to encourage the healing of the land.",第一批永绽幼苗赠予第二次大战的英雄，他们将其栽于都城附近，以催促大地愈合。,draft,pass10
car_69fe42192958,cards_sheet,key,FLAVOR_EXCAVATORPILOT,FLAVOR_EXCAVATORPILOT,"""I dig it.""","""I dig它.""",draft,
car_ae3e6bbe030a,cards_sheet,key,FLAVOR_EXHAUSTLURKER,FLAVOR_EXHAUSTLURKER,"""Because exhaust vent maintenance wasn't already dangerous enough.""",「就因为排风口维护还不够危险。」,draft,
car_59533643c8da,cards_sheet,key,FLAVOR_EYEOFDESTINY,FLAVOR_EYEOFDESTINY,"At the foot of Parhama, the remnant of a great statue lies. From its unblinking eye, a call to action is each day read aloud.",在帕哈马山脚，躺着一座巨像的残骸。每日，人们从它永不闭合的眼中朗诵行动的召唤。,draft,pass10
car_0c477172ea90,cards_sheet,key,FLAVOR_FAERIECOMMANDER,FLAVOR_FAERIECOMMANDER,He was found dead in the forest:<br>a million little cuts.,人们在森林里发现他时，他已死于无数细小的伤口。,draft,pass10_lua_flavor
car_f442ec100ecd,cards_sheet,key,FLAVOR_FAITHFULGUIDE,FLAVOR_FAITHFULGUIDE,"""I stood at the mountiantop, held out the Eye, and finally saw the world.""",「我立于山巅，举起慧眼，终于看见了这个世界。」,draft,pass10
car_17cbf2ead6fd,cards_sheet,key,FLAVOR_FATALITYBLADES,FLAVOR_FATALITYBLADES,Finish him!,了结他！,draft,pass10
car_8ebfaca6b40e,cards_sheet,key,FLAVOR_FENMAW,FLAVOR_FENMAW,"The pathfinder raised a hand, ""Quiet. We must be respectful lest we draw the swamp's ire.""",寻路者举手示意：「安静。我们必须保持敬意，免得招来沼泽的怒火。」,draft,pass10
car_20d105b7d7c2,cards_sheet,key,FLAVOR_FLANKINGASKARA,FLAVOR_FLANKINGASKARA,"""Walking with a friend in the dark is better than walking alone in the light.""",「与友人同行于暗处，胜过独自行走于光明。」,draft,pass10
car_6349b93360a3,cards_sheet,key,FLAVOR_FLARETRACKER,FLAVOR_FLARETRACKER,"The Lifebound call them 'leylines', the Mechana just call them fuel.",命约称之为「灵脉」，机械则称之为燃料。,draft,pass10
car_08fd61f5f355,cards_sheet,key,FLAVOR_FLEETINGHOPEDJINN,FLAVOR_FLEETINGHOPEDJINN,"""Beware the words you long to hear, lest they lead you to the end you fear.""",「当心你渴望听见的话语，免得它们引你走向你所惧怕的结局。」,draft,pass10
car_1372b100350c,cards_sheet,key,FLAVOR_FLYTRAPFAIRY,FLAVOR_FLYTRAPFAIRY,"She smiled as she darted quickly through the thicket, toying with the flytraps as they snapped shut behind her. ",她笑着飞掠灌丛，逗弄身后啪地合拢的捕蝇草。,draft,pass10
car_88bfaac8a256,cards_sheet,key,FLAVOR_FLYTRAPSTAFF,FLAVOR_FLYTRAPSTAFF,It's not the teeth you should be worried about.,该担心的不是那些牙齿。,draft,pass10
car_80c3231cc059,cards_sheet,key,FLAVOR_FLYTRAPWITCH10TH,FLAVOR_FLYTRAPWITCH10TH,The swamp is as perilous as it is hungry.,沼泽既危险又饥渴。,draft,pass10
car_3643a5bd7462,cards_sheet,key,FLAVOR_FORESIGHTMONACLE,FLAVOR_FORESIGHTMONACLE,For Precision work,用于精密工作,draft,pass10
car_aabd358787c7,cards_sheet,key,FLAVOR_FORGEMASTERSSUIT,FLAVOR_FORGEMASTERSSUIT,The suit keeps them safe in even the fiercest forges.,即便在最猛烈的熔炉中，这套装具也能护他们周全。,draft,pass10
car_e32454fa7fb2,cards_sheet,key,FLAVOR_FORGEMOTHERREYSA,FLAVOR_FORGEMOTHERREYSA,Her billows feed the fires of creation for all of Hedron.,她的风箱为整个赫德隆的创造之火添薪。,draft,pass10
car_7e6e3507a42f,cards_sheet,key,FLAVOR_FORGOTTENSCRIPTURE,FLAVOR_FORGOTTENSCRIPTURE,"Even on Arha, wisdom can be lost as ages pass and libraries are filled with new writings.",即便在亚哈，智慧也会随岁月流逝而散佚，书库被新的著述填满。,draft,pass10
car_f9fe2e16ff2e,cards_sheet,key,FLAVOR_FORRESTBEASTWARDEN,FLAVOR_FORRESTBEASTWARDEN,True loyalty is eternal.,真正的忠诚是永恒的。,draft,pass10
car_b6294c0ba18d,cards_sheet,key,FLAVOR_FOUNDATIONBURROWER,FLAVOR_FOUNDATIONBURROWER,Even a tiny nuisance is able to bring down giant fortifications if left unchecked.,哪怕是小小的滋扰，若不加制止，也能摧毁巨大的工事。,draft,pass10
car_0c2b98e6f2d1,cards_sheet,key,FLAVOR_FOUNDRYHOUND,FLAVOR_FOUNDRYHOUND,You'll have a ruff time getting by his watchful eyes.,想从他警觉的目光下溜走，可不容易。,draft,pass10
car_030640ad1141,cards_sheet,key,FLAVOR_GARDENATTENDANT,FLAVOR_GARDENATTENDANT,"""Dreams and plants need only be nurtured to grow.""",「梦与植物，只需滋养便能生长。」,draft,pass10
car_36ef35c8a6dd,cards_sheet,key,FLAVOR_GEARSEER,FLAVOR_GEARSEER,The only difference between<br>genius and madness is execution.,天才与疯狂的唯一差别，在于执行。,draft,pass10_lua_flavor
car_0305ae3562af,cards_sheet,key,FLAVOR_GEMCATCHERSPIRIT,FLAVOR_GEMCATCHERSPIRIT,The spirits consider the crystals equal parts portent and plaything.,精魂视晶体为征兆，亦为玩物。,draft,pass10
car_e863ceec9114,cards_sheet,key,FLAVOR_GEMEATERLEPRECHAUN,FLAVOR_GEMEATERLEPRECHAUN,They're magically delicious.,它们有种魔法般的美味。,draft,
car_ea57159a1303,cards_sheet,key,FLAVOR_GENESISCAPSULE,FLAVOR_GENESISCAPSULE,Both druids and mechanics can appreciate redundancy.,德鲁伊与技工都能欣赏冗余。,draft,pass10
car_f5eee06bdc6c,cards_sheet,key,FLAVOR_GNOMEREPAIRBOT,FLAVOR_GNOMEREPAIRBOT,Gnome improvement is serious business in Hedron.,在赫德隆，侏儒改良是正经事。,draft,pass10
car_d4d7a794b847,cards_sheet,key,FLAVOR_GREASEMONK,FLAVOR_GREASEMONK,Dozens LOST each Week WHILEensURING a FRICTIONless WORLD,每周都有数十人为确保无摩擦的世界而失踪,draft,pass10
car_43c84cab4454,cards_sheet,key,FLAVOR_GREATOMENRAVEN,FLAVOR_GREATOMENRAVEN,An unheeded raven begets a thousand crows.,被忽视的渡鸦，会招来千只乌鸦。,draft,
car_59e9a9fd8be7,cards_sheet,key,FLAVOR_GUIDEOFLOSTSOULS,FLAVOR_GUIDEOFLOSTSOULS,"The more the Askara learned of darkness from Sadranis, the further they ventured in search of those to help.",阿斯卡拉从萨德拉尼斯学到越多关于黑暗的事，就越深入去寻找需要帮助的人。,draft,pass10
car_f1ee4e295353,cards_sheet,key,FLAVOR_HAUNTINGSPECTER,FLAVOR_HAUNTINGSPECTER,It's what isn't there that frightens; it's what is there that kills.,令人恐惧的是不在场之物；杀人的是在场之物。,draft,pass10
car_5c2a0cb5e986,cards_sheet,key,FLAVOR_HECTICSCRIBE,FLAVOR_HECTICSCRIBE,They are nimble with the quill -- fast enough to keep pace with history as it unfolds.,他们笔锋迅捷——快到足以跟上正在展开的历史。,draft,pass10
car_3507268cc084,cards_sheet,key,FLAVOR_HEDRONBERSERKER,FLAVOR_HEDRONBERSERKER,Time to kick things into high gear.,该把事情推到高速挡了。,draft,pass10
car_efe9b6bfec6c,cards_sheet,key,FLAVOR_HEDRONCANNON,FLAVOR_HEDRONCANNON,attention godslayer: conventional war againsT Fallen ONe a waste of time and resources.  New plan:  destroy  with dimensional cannon as shown,注意，弑神者：对落者发动常规战争是浪费时间与资源。新计划：用如图所示的维度加农摧毁之,draft,pass10
car_ce4b5d2ce5d3,cards_sheet,key,FLAVOR_HEDRONCANNON10TH,FLAVOR_HEDRONCANNON10TH,"""Now I am become Death, destroyer of worlds.""",「如今我成了死亡，诸世界的毁灭者。」,draft,pass10
car_44a29369a831,cards_sheet,key,FLAVOR_HEDRONDREDGER,FLAVOR_HEDRONDREDGER,Shards detected. excavation underway.,侦测到碎片。挖掘进行中。,draft,
car_99bfc61e725a,cards_sheet,key,FLAVOR_HEDRONFLARE,FLAVOR_HEDRONFLARE,Get Over Here!,过来！,draft,
car_25b6f172d7e8,cards_sheet,key,FLAVOR_HEDRONLINKDEVICE,FLAVOR_HEDRONLINKDEVICE,situation: great seal breached. scattered devices from across all realms are reconnecting. miracle or Tragedy?  please advise.,状况：大封印破损。散落各界的装置正在重新连结。奇迹，还是悲剧？请指示。,draft,pass10
car_ff7457a4afd0,cards_sheet,key,FLAVOR_HEDRONLINKDEVICE10TH,FLAVOR_HEDRONLINKDEVICE10TH,"To the Mechana, magic is just another form of energy.",对机械而言，魔法不过是另一种能量。,draft,pass10
car_50d340799ce9,cards_sheet,key,FLAVOR_HEDRONPYROMANIAC,FLAVOR_HEDRONPYROMANIAC,"Like his creations, the life of a Hedron Pyromaniac often ends with a bang. ",如同他的造物，赫德隆纵火狂的一生往往以一声巨响收场。,draft,pass10
car_93e0c49d5ef9,cards_sheet,key,FLAVOR_HEDRONWATCHTOWER,FLAVOR_HEDRONWATCHTOWER,none of them along the line know what any of it is worth,沿线的人谁也不知道这一切究竟值什么,draft,pass10
car_200cd7a6128b,cards_sheet,key,FLAVOR_HELLFROSTIMPS,FLAVOR_HELLFROSTIMPS,"""When hell freezes over, huh?""",「地狱结冰的时候，是吧？」,draft,pass10
car_dd6e70d97d88,cards_sheet,key,FLAVOR_HONISKROTCHIEFTAIN,FLAVOR_HONISKROTCHIEFTAIN,"""Gather your forces - tonight, we come to the aid of Ogo.""",「集结你们的部队——今夜，我们驰援奥戈。」,draft,pass10
car_f046822efb60,cards_sheet,key,FLAVOR_HONISKROTTRIBESMAN,FLAVOR_HONISKROTTRIBESMAN,"""Do you smell that?""<br>""Yes... There's more than prey to be hunted tonight.""",「你闻到了吗？」<br>「是的……今夜要猎的不只是猎物。」,draft,pass10
car_a68a03a894da,cards_sheet,key,FLAVOR_HULKINGCRAB,FLAVOR_HULKINGCRAB,You'd be just as crabby if you couldn't  find a shell big enough.,要是你也找不到够大的壳，脾气一样会臭。,draft,pass10
car_978b353aa2b5,cards_sheet,key,FLAVOR_HURRASSEASFURY,FLAVOR_HURRASSEASFURY,"Hurricanes borrow their name from the beast, an ancient demigod that wanders the seas.",飓风借用了那头古半神的名字——它游荡于海上。,draft,pass10
car_a359746473d9,cards_sheet,key,FLAVOR_ID34DETECTOR,FLAVOR_ID34DETECTOR,A vast upgrade over the ID-0NT model.,相对 ID-0NT 型号的大幅升级。,draft,pass10
car_d77182d66a39,cards_sheet,key,FLAVOR_IKUVALLEYTYRANT,FLAVOR_IKUVALLEYTYRANT,"You may escape the Temples, but you'll never escape Iku.",你或许逃得过神殿，却永远逃不过伊库。,draft,pass10
car_ac0b728f1159,cards_sheet,key,FLAVOR_ILLUMINATOR,FLAVOR_ILLUMINATOR,Operators spend months studying for their license to ill.,操作员要花数月学习，才拿得到「照亮」执照。,draft,pass10
car_ff43152d2b7a,cards_sheet,key,FLAVOR_IMAGINATIVEMATRON,FLAVOR_IMAGINATIVEMATRON,"The Dreamscape doesn't create the possibilities, it simply shows them to us.",梦境并不创造可能，它只是把可能展示给我们。,draft,pass10
car_be0b2e1b5619,cards_sheet,key,FLAVOR_INITIATESGAUNTLETS,FLAVOR_INITIATESGAUNTLETS,The gauntlets outlive many recruits before finally finding a less temporary owner.,这副护手比许多新兵更长寿，直到终于等到不那么短暂的主人。,draft,pass10
car_5b5ea6e8315b,cards_sheet,key,FLAVOR_INNOVATIVEASPIRANT,FLAVOR_INNOVATIVEASPIRANT,They see possibility where there is difficulty.,他们在艰难中看见可能。,draft,pass10
car_85e733623149,cards_sheet,key,FLAVOR_INQUARRYHYDRA,FLAVOR_INQUARRYHYDRA,The Ferromancers gave it the spark of curiosity it  needed to constantly dig deeper.,铁术士给了它不断向下深挖所需的好奇火花。,draft,pass10
car_38b83d0d09c9,cards_sheet,key,FLAVOR_INSPIREDTEMPLAR,FLAVOR_INSPIREDTEMPLAR,"His blade and will are sharp, forged anew in the light.",他的刃与意志皆锋利，在光明中重铸。,draft,pass10
car_c2f70eccf850,cards_sheet,key,FLAVOR_INVOKIST,FLAVOR_INVOKIST,"Fear has a face.
Allow me to show it to you.","恐惧有一张脸。
让我指给你看。",draft,pass10_lua_flavor
car_864b93dc0cb2,cards_sheet,key,FLAVOR_IRONELEMENTAL,FLAVOR_IRONELEMENTAL,Metal teaches us that we must endure.,金属教导我们：必须忍耐。,draft,pass10
car_6efe99e01a55,cards_sheet,key,FLAVOR_JAKEBCOBRASHAMAN,FLAVOR_JAKEBCOBRASHAMAN,"""This is the fight I have spent my entire life training for.""",「这正是我毕生训练所为的一战。」,draft,pass10
car_3ab45abe75ff,cards_sheet,key,FLAVOR_JOURNEYMANOUTRIDER,FLAVOR_JOURNEYMANOUTRIDER,The Journeymen reject the monastic life on Arha in favor of finding and sharing knowledge among the other realms.,行者拒绝亚哈的修道生活，转而在其他界域寻找并分享知识。,draft,pass10
car_6152ac45d016,cards_sheet,key,FLAVOR_JUBILANTMONK,FLAVOR_JUBILANTMONK,"""A fool thinks himself to be wise, but a wise man knows himself to be a fool.""",「愚者自以为智，智者自知为愚。」,draft,pass10
car_85a2e65fb35b,cards_sheet,key,FLAVOR_KANZIRTHERAVAGER,FLAVOR_KANZIRTHERAVAGER,This is why we can't have nice things.,这就是为什么我们留不住好东西。,draft,pass10
car_c77e246f26c7,cards_sheet,key,FLAVOR_KARION,FLAVOR_KARION,"The Dreamscape gate is corrupt, a hellish wound on two worlds.",梦境之门已腐化，是横跨两界的炼狱伤口。,draft,pass10_lua_flavor
car_61b9203220c5,cards_sheet,key,FLAVOR_KEENEYEDASPIRANT,FLAVOR_KEENEYEDASPIRANT,They see those that wish to remain hidden.,他们能看见那些想保持隐匿的人。,draft,pass10
car_031a64174264,cards_sheet,key,FLAVOR_KIRIMEADOWWITCH,FLAVOR_KIRIMEADOWWITCH,Her domain offers tranquility when everyplace else is embroiled in turmoil.,别处皆陷动荡时，她的领地仍提供宁静。,draft,pass10
car_2e36332e6632,cards_sheet,key,FLAVOR_KIRIMEADOWWITCHETER,FLAVOR_KIRIMEADOWWITCHETER,Her domain offers tranquility when everyplace else is embroiled in turmoil.,别处皆陷动荡时，她的领地仍提供宁静。,draft,pass10
car_e0fcbeef8a83,cards_sheet,key,FLAVOR_KORMASTERINNOVATOR,FLAVOR_KORMASTERINNOVATOR,"Where you see nature, I see raw materials.",你看见自然，我看见原材料。,draft,pass10
car_fd90f2ed94be,cards_sheet,key,FLAVOR_KORTHEFERROMANCER,FLAVOR_KORTHEFERROMANCER,Warning:  junkyard may be hazardous.  Proceed with caution,警告：废料场可能危险。请谨慎前进,draft,pass10
car_bf3937a97e90,cards_sheet,key,FLAVOR_KORTHEFERROMANCER10TH,FLAVOR_KORTHEFERROMANCER10TH,"The mountian, its metals, these ruins,<br>they are all his weapons.",那座山、它的金属、这些废墟，<br>都是他的武器。,draft,pass10
car_827dcea0d050,cards_sheet,key,FLAVOR_KORTHEIRONMIND,FLAVOR_KORTHEIRONMIND,"""We do not give the metal life, we only help it find its form.""",「我们并非赋予金属生命，只是助它寻得形态。」,draft,pass10
car_47913681517c,cards_sheet,key,FLAVOR_KYL3REPAIRBOT,FLAVOR_KYL3REPAIRBOT,They live to preserve.,它们为保全而生。,draft,pass10
car_ce2a502d7bbf,cards_sheet,key,FLAVOR_LAGOONTROLL,FLAVOR_LAGOONTROLL,Mmmmmrrrggllhhl!,嗯嗯嗯咕噜咕噜！,draft,
car_69b9b49d2643,cards_sheet,key,FLAVOR_LAGOONTROLLETER,FLAVOR_LAGOONTROLLETER,Mmmmmrrrggllhhl!,嗯嗯嗯咕噜咕噜！,draft,
car_3dd85aa69d78,cards_sheet,key,FLAVOR_LANDTALKER,FLAVOR_LANDTALKER,<sprite=2>,<sprite=2>,draft,
car_225322be78fc,cards_sheet,key,FLAVOR_LANDTALKER10TH,FLAVOR_LANDTALKER10TH,A giant whose words make flowers bloom and forests grow.,巨人的言语使繁花绽放、森林生长。,draft,pass10
car_6893bd7ae0b2,cards_sheet,key,FLAVOR_LEGENDCETRA,FLAVOR_LEGENDCETRA,"The universe is a vast wonder, and the miracle of<br>existence is a precious gift. That is why being a hero<br>means defending life.",宇宙是浩瀚的奇迹，而存在本身<br>是珍贵的礼物。因此，成为英雄<br>意味着捍卫生命。,draft,pass10
car_4c6acd71a87f,cards_sheet,key,FLAVOR_LEGENDEMRI,FLAVOR_LEGENDEMRI,"Speed may impress, but timing is the key to<br>victory. It’s not how fast you act, but when you<br>strike that determines the outcome.",速度或许令人惊叹，但时机才是<br>胜利的关键钥。决定结果的不是你有多快，<br>而是你何时出手。,draft,pass10
car_732100dc5656,cards_sheet,key,FLAVOR_LEGENDKOR,FLAVOR_LEGENDKOR,"Every invention is a cog in a larger machine, each<br>built upon the last, from the first spark of<br>mortal-made fire to the tools of the Mechana people.",每项发明都是更大机器中的齿轮，<br>层层相依，从凡人第一簇人造之火<br>到机械族的工具。,draft,pass10
car_18d39a31fca5,cards_sheet,key,FLAVOR_LEGENDMASTERDHARTHA,FLAVOR_LEGENDMASTERDHARTHA,Choose what endures over what tempts. This is<br>the path to mastering the enlightened arts.,选择能持久之物，而非诱惑之物。<br>此乃精通圣贤之道的路径。,draft,pass10
car_927eb8dca420,cards_sheet,key,FLAVOR_LEGENDNAIRA,FLAVOR_LEGENDNAIRA,To live in balance with the world around us is<br>to find our place in the greater tapestry of<br>life.,与周遭世界和谐共处，<br>便是在生命的宏大织锦中<br>找到自己的位置。,draft,pass10
car_f23413903a79,cards_sheet,key,FLAVOR_LEGENDNAKA,FLAVOR_LEGENDNAKA,"Embrace the void, for it is in this absence<br>that we carve our own meaning.",拥抱虚空，因为正是在这缺席之中，<br>我们刻下自己的意义。,draft,pass10
car_d8a087cc5a8b,cards_sheet,key,FLAVOR_LEGENDPRIME,FLAVOR_LEGENDPRIME,"It is the mechanics of purpose and experience that<br>define us, shaping not just who we are, but what we<br>can become.",定义我们的是目的与经验的机理，<br>塑造的不只是我们是谁，还有我们<br>能成为什么。,draft,pass10
car_0be38c33d037,cards_sheet,key,FLAVOR_LEGENDULU,FLAVOR_LEGENDULU,"They whisper of stars—dead, long forgotten,<br>and yet to be—the inheritor of all the light<br>lost to time.",他们低语星辰——已死的、久被遗忘的、<br>以及尚未到来的——时间遗失之光的<br>继承者。,draft,pass10
car_66fcb82af2ba,cards_sheet,key,FLAVOR_LEPRECHAUN,FLAVOR_LEPRECHAUN,"In the Mushroom Dæl, with tobacco and honey on the breeze, may be found the half-shoe man.",在蘑菇谷，烟草与蜂蜜随风而来，或可遇见半鞋之人。,draft,pass10
car_c16a20ae4eac,cards_sheet,key,FLAVOR_LIBRARYFAMILIAR,FLAVOR_LIBRARYFAMILIAR,Who? What? Where? When? Why?,谁？什么？哪里？何时？为何？,draft,pass10
car_9db4ebdde24f,cards_sheet,key,FLAVOR_LIFEBOUNDINITIATE,FLAVOR_LIFEBOUNDINITIATE,<sprite=38>,<sprite=38>,draft,
car_2750bbb93740,cards_sheet,key,FLAVOR_LIFEBOUNDINITIATE10TH,FLAVOR_LIFEBOUNDINITIATE10TH,"There is but one true Mother, and all the Lifebound are her children.",唯有一位真正的母亲，所有命约皆是她的孩子。,draft,pass10
car_6fd5f32c3851,cards_sheet,key,FLAVOR_LIGHTOFFALSEHOPE,FLAVOR_LIGHTOFFALSEHOPE,Don't follow the lights!,别跟着那些光！,draft,pass10
car_880263a466a7,cards_sheet,key,FLAVOR_LOADREAMDRAGON,FLAVOR_LOADREAMDRAGON,"His spirit, manifest through the Dreamscape.",他的灵魂，借梦境显现。,draft,pass10_lua_flavor
car_c375328276a3,cards_sheet,key,FLAVOR_LOAMSPEAKERDRUID,FLAVOR_LOAMSPEAKERDRUID,"No matter how far he may wander, he can always find the way back to his mushroom.",无论他游荡多远，总能找回通往蘑菇的路。,draft,pass10
car_0451d813791c,cards_sheet,key,FLAVOR_LOAMSUMMONER,FLAVOR_LOAMSUMMONER,"The bog swirled and bubbled with her incantations, awakening to the dark new purpose she had in mind.",沼泽随她的咒文翻涌冒泡，苏醒于她心中阴暗的新目的。,draft,pass10
car_6c37cae8a2ba,cards_sheet,key,FLAVOR_LOASLEEPINGDRAGON,FLAVOR_LOASLEEPINGDRAGON,"""He takes the form of a dragon in the Dream world, but his real power lies in this one,"" explained Dhartha. ",「他在梦界取龙形，但其真正力量在此界，」达萨解释道。,draft,pass10
car_e063412dd5bc,cards_sheet,key,FLAVOR_LUNAREMBRACE,FLAVOR_LUNAREMBRACE,"The moon's magic took over, pushing everything  out until instinct was all that was left.",月之魔力接管一切，把别的都挤出去，直到只剩本能。,draft,pass10
car_46b99d893d65,cards_sheet,key,FLAVOR_LUNARGUARDIAN,FLAVOR_LUNARGUARDIAN,"They live for the forest, but they can also die for it.",他们为林而生，也能为林而死。,draft,pass10
car_2daa039ed057,cards_sheet,key,FLAVOR_LUNARMATRIARCH,FLAVOR_LUNARMATRIARCH,She brings rest to those who know it least.,她把安息带给最少得到安息的人。,draft,pass10
car_82efccf03f54,cards_sheet,key,FLAVOR_LUNARPACK,FLAVOR_LUNARPACK,"Unlike other regions of Vigil, Ogo is safer at night than during the day.",与祈夜其他地区不同，奥戈夜里比白天更安全。,draft,pass10
car_d9bac3d6d86d,cards_sheet,key,FLAVOR_LUNARSTAG,FLAVOR_LUNARSTAG,"""To glimpse a stag is a great blessing -- but do not presume to hunt one. That is for gods alone."" -Kam, Pathwarden",「瞥见雄鹿是大福——但切勿妄图猎杀。那是诸神之事。」——寻径守卫卡姆,draft,pass10
car_f87502568823,cards_sheet,key,FLAVOR_LYCHANBEAST,FLAVOR_LYCHANBEAST,They'll never see me coming.,他们永远看不见我来。,draft,pass10_lua_flavor
car_73a985543433,cards_sheet,key,FLAVOR_MADNESSEMBRACE,FLAVOR_MADNESSEMBRACE,"Once it has you in its grasp, there is no escape.",一旦被它抓住，便无处可逃。,draft,pass10
car_5a9a811af734,cards_sheet,key,FLAVOR_MAGNETMONK,FLAVOR_MAGNETMONK,An Attractive Ally,一位有吸引力的盟友,draft,pass10
car_d4243dd31e90,cards_sheet,key,FLAVOR_MANIACALCRUSHER,FLAVOR_MANIACALCRUSHER,Nailed it.,钉死了。,draft,pass10
car_ececcf24fbf3,cards_sheet,key,FLAVOR_MANTRAOFRENEWAL,FLAVOR_MANTRAOFRENEWAL,"""I will permit it to pass over me and through me. And when it has gone past I will turn the inner eye to see its path.""",「我将容它从我身上越过、穿过。当它过去，我将以内眼看见它的路径。」,draft,pass10
car_f579ae46b21b,cards_sheet,key,FLAVOR_MANTRAOFTRUESIGHT,FLAVOR_MANTRAOFTRUESIGHT,"""To see that which you seek, you must first close your eyes."" -Scroll Inscription",「欲见所寻，须先闭目。」——卷轴铭文,draft,pass10
car_121fe7ad34c8,cards_sheet,key,FLAVOR_MAPOFTHESTARS,FLAVOR_MAPOFTHESTARS,"Even in an unnatural night, Cetra guides us.",即便在不自然的夜里，塞特拉仍指引我们。,draft,pass10
car_c41b99ece098,cards_sheet,key,FLAVOR_MASTERDHARTHA,FLAVOR_MASTERDHARTHA,<sprite=120>,<sprite=120>,draft,
car_61f354de45c6,cards_sheet,key,FLAVOR_MASTERDHARTHA10TH,FLAVOR_MASTERDHARTHA10TH,There is more than one path to the top of the mountain.,通往山顶的路不止一条。,draft,pass10
car_e9ed7269b86d,cards_sheet,key,FLAVOR_MASTERDHARTHAETER,FLAVOR_MASTERDHARTHAETER,"At the height of the war, the Godslayer ascended six-thousand, six-hundred sixty-six steps to seek Dhartha's counsel, only to be turned away.",战争正酣时，弑神者登上六千六百六十六级台阶求见达萨，却被拒之门外。,draft,pass10
car_2ee4685230ed,cards_sheet,key,FLAVOR_MATRONOFDISCOVERY,FLAVOR_MATRONOFDISCOVERY,All blueprints began as dreams.,所有蓝图都始于梦。,draft,pass9b;pass10
car_7375ff876669,cards_sheet,key,FLAVOR_MECHANAINITIATE,FLAVOR_MECHANAINITIATE,<sprite=35>,<sprite=35>,draft,
car_c615110c84c3,cards_sheet,key,FLAVOR_MECHANAINITIATE10TH,FLAVOR_MECHANAINITIATE10TH,"The Mechana let nothing go to waste:<br>recycle the soldiers, train them again.",机械从不浪费：<br>回收士兵，再度训练。,draft,pass10
car_8dc4f62e34d2,cards_sheet,key,FLAVOR_MECHANNONBLUEPRINT,FLAVOR_MECHANNONBLUEPRINT,"""I wonder what kind of dent this thing is<br>going to make."" - Emma Ironheart",「真好奇这玩意儿能砸出多大坑。」——艾玛·铁心,draft,pass10_lua_flavor
car_9c9e5f3e57f3,cards_sheet,key,FLAVOR_MEPHIT10TH,FLAVOR_MEPHIT10TH,"Deliverers of Lies, sowers of confusion.",谎言的传递者，混乱的播种者。,draft,pass10
car_c81e761d4ed9,cards_sheet,key,FLAVOR_MILESGOLDENPRODIGY,FLAVOR_MILESGOLDENPRODIGY,Only Dhartha fully understood the role the boy would come to play in the realms' distant future.,唯有达萨完全明白这男孩将在诸界遥远未来扮演的角色。,draft,pass10
car_97ee8d6e439b,cards_sheet,key,FLAVOR_MISTAKEOFCREATION10TH,FLAVOR_MISTAKEOFCREATION10TH,"Nope, nope, nope.",不行，不行，不行。,draft,
car_e7565bbdefe2,cards_sheet,key,FLAVOR_MONKOFTHELIDLESSEYE,FLAVOR_MONKOFTHELIDLESSEYE,"The Order sensed a disturbance, but could not decipher its source.",教团察觉到扰动，却无法辨明其源头。,draft,pass10
car_87e29f162274,cards_sheet,key,FLAVOR_MOONSTAFF,FLAVOR_MOONSTAFF,"In the full moon's light, nature's beauty can be a terror to behold .",在满月光辉下，自然之美亦可令人心惊。,draft,pass10
car_793f3491a5dc,cards_sheet,key,FLAVOR_MOONVEILCLIQUE,FLAVOR_MOONVEILCLIQUE,Ogo's leylines can be seen at night by the faint glow of the Moonveil drawn to the magic.,夜间可见奥戈的灵脉——月纱被魔力牵引，发出微光。,draft,pass10
car_6c2d58f377f7,cards_sheet,key,FLAVOR_MORBIDHAMMER,FLAVOR_MORBIDHAMMER,It's hammer time.,该砸锤了。,draft,pass10
car_c7aa0d15631d,cards_sheet,key,FLAVOR_MOSAICHORN,FLAVOR_MOSAICHORN,The horn's note always signals a harvest.,号角之音总宣告收获。,draft,pass10
car_b1ba9f9587fd,cards_sheet,key,FLAVOR_MURAMASA,FLAVOR_MURAMASA,"Wield the devil, and hell will tremble before you.",执魔刃，地狱亦将在你面前战栗。,draft,pass10
car_9bcccb93f5c8,cards_sheet,key,FLAVOR_MURAMASA10TH,FLAVOR_MURAMASA10TH,The last of her swords and bearing her name.,她最后的剑，并冠以其名。,draft,pass10
car_fafdd2db1bcc,cards_sheet,key,FLAVOR_MUSEOFREBIRTH,FLAVOR_MUSEOFREBIRTH,"""Death and decay are not just the end of an old life,  they are the beginning of a new one.""",「死亡与腐朽不只是旧生命的终结，也是新生命的开始。」,draft,pass10
car_e55bb05cb64a,cards_sheet,key,FLAVOR_MUTATEDSCAVENGER,FLAVOR_MUTATEDSCAVENGER,"For centuries, the Temples have warped every aspect of the valley surrounding them.",数世纪以来，神殿扭曲了环绕它们的山谷的一切。,draft,pass10
car_5f03986c63b4,cards_sheet,key,FLAVOR_NAIRIHENGEQUEEN,FLAVOR_NAIRIHENGEQUEEN,"If while walking you should find a lock of hair, tie one end around a finger and follow it deeper into the wood. It will lead you either to the queen, or to your doom -- whichever you deserve.",若你行路时捡到一缕发丝，将其一端系于指上，循之深入林中。它会引你至女王，或至你的末日——端看你配得哪一个。,draft,pass10
car_200594b36157,cards_sheet,key,FLAVOR_NAIRIWILDQUEEN,FLAVOR_NAIRIWILDQUEEN,She sees all. She loves all. She is all.,她看见一切。她爱一切。她即是一切。,draft,pass10
car_906e46ec229b,cards_sheet,key,FLAVOR_NEOPHYTEMENTOR,FLAVOR_NEOPHYTEMENTOR,"""Watch your step.""",「小心脚下。」,draft,pass10
car_227172efe1f3,cards_sheet,key,FLAVOR_NIGHTMARAUDERS,FLAVOR_NIGHTMARAUDERS,They're everywhere!,它们无处不在！,draft,
car_8db58c5a583c,cards_sheet,key,FLAVOR_NIGHTMAREDELVER,FLAVOR_NIGHTMAREDELVER,"With their abilities augmented by Hedron technology, Sadranis' followers were able to venture even further into the darkness.",靠赫德隆科技强化能力后，萨德拉尼斯的追随者得以更深地潜入黑暗。,draft,pass10
car_9ebf51b12ede,cards_sheet,key,FLAVOR_NIGHTMAREHARVESTER,FLAVOR_NIGHTMAREHARVESTER,"""It would be a shame to let all this terror go to waste.""",「让这些恐惧白白浪费就太可惜了。」,draft,pass10
car_4f1d6499b816,cards_sheet,key,FLAVOR_NIGHTMARETYRANT,FLAVOR_NIGHTMARETYRANT,Rattling bones and screams of death announce his approach more effectively than a roar ever could.,骨碌作响与死亡的尖叫宣告他的到来，比咆哮更有效。,draft,pass10
car_758298099a2e,cards_sheet,key,FLAVOR_NIHILBOMBER,FLAVOR_NIHILBOMBER,Bomb for you... bomb for you...<br>and bomb for you.,恐惧有一张脸。,draft,pass10_lua_flavor
car_563dcd546861,cards_sheet,key,FLAVOR_NIHILMANCER,FLAVOR_NIHILMANCER,"Sadranis formed his own clan of demon slayers, a sorcerous parallel to the Black Watch.",萨德拉尼斯组建了自己的屠魔氏族——黑卫的魔法对照。,draft,pass10
car_ec40e7aba867,cards_sheet,key,FLAVOR_NIHILMANCERETER,FLAVOR_NIHILMANCERETER,"Sadranis formed his own clan of demon slayers, a sorcerous parallel to the Black Watch.",萨德拉尼斯组建了自己的屠魔氏族——黑卫的魔法对照。,draft,pass10
car_e947df7ef289,cards_sheet,key,FLAVOR_NILHAMMER,FLAVOR_NILHAMMER,Need something that breaks bones and spirits?,需要一样能砸碎骨头与灵魂的东西吗？,draft,pass10_lua_flavor
car_f6c55ffcf78f,cards_sheet,key,FLAVOR_NILUSTHEDESPAIR,FLAVOR_NILUSTHEDESPAIR,"The Templar's thoughts turned on themselves, and he knew it was already too late.",圣殿武士的思绪自行翻搅，他明白已经太迟了。,draft,pass10
car_f6771322c7d4,cards_sheet,key,FLAVOR_NINE,FLAVOR_NINE,The leading cause of death on Hedron?  Curiosity.,赫德隆的头号死因？好奇心。,draft,pass10
car_cf6c69b8b7c4,cards_sheet,key,FLAVOR_NOCTURNALSEER,FLAVOR_NOCTURNALSEER,"For her, the dream and the real are one in the same.",对她而言，梦与真实本是一体。,draft,pass10
car_389ba82bbc07,cards_sheet,key,FLAVOR_NOVABORNOFCHAOS,FLAVOR_NOVABORNOFCHAOS,The beginning can be just as violent as the end.,开端可以与终局一样暴烈。,draft,pass10
car_7e348afc3db5,cards_sheet,key,FLAVOR_NYXIANRITUALIST,FLAVOR_NYXIANRITUALIST,"Every Void ritualist could sense the power of the shards, but only a select few could wield it.",每个虚空仪式师都能感知碎片之力，但只有少数能驾驭它。,draft,pass10
car_8245f51e4f5b,cards_sheet,key,FLAVOR_NYXIANSPIRITCASTER,FLAVOR_NYXIANSPIRITCASTER,They know the threat that is coming... and welcome it.,他们知道威胁将至……并欢迎它。,draft,pass10
car_2e429cefce9f,cards_sheet,key,FLAVOR_OAKOFSOULS,FLAVOR_OAKOFSOULS,The result of conscious death in an unconscious world.,清醒之死落在无意识世界的结果。,draft,pass10_lua_flavor
car_8976d4fe0ba2,cards_sheet,key,FLAVOR_OBFUSCASPIRIT,FLAVOR_OBFUSCASPIRIT,Love is a dream. Love is a nightmare.,爱是一场梦。爱是一场梦魇。,draft,pass10_lua_flavor
car_14d783966606,cards_sheet,key,FLAVOR_OGOCOURIER,FLAVOR_OGOCOURIER,"""Make haste. If our new world is to be preserved, we must warn the others of Xeron's plans,"" Nairi urged.",「赶快。若要保全我们的新世界，就必须警告他人泽伦的计划，」奈瑞催促道。,draft,pass10
car_7c14e6025c2c,cards_sheet,key,FLAVOR_OGODEMONTRAP,FLAVOR_OGODEMONTRAP,"Keeps the place free of the little ones, at least.",至少能让这里少些小东西。,draft,pass10
car_16be9994268f,cards_sheet,key,FLAVOR_OGOWARTREE,FLAVOR_OGOWARTREE,Safe travels!,一路平安！,draft,
car_9f4e78fc0656,cards_sheet,key,FLAVOR_OMNICRON,FLAVOR_OMNICRON,Harness new power source: Success,驾驭新能源：成功,draft,pass10
car_e1c2d80aa5f3,cards_sheet,key,FLAVOR_ORASTHEREDEEMER,FLAVOR_ORASTHEREDEEMER,"He watches for heroic deeds, weaving their tales of glory into the fabric of the cosmos.",他守望英勇事迹，将其荣耀传说织入宇宙的经纬。,draft,pass10
car_b19a2c664eb1,cards_sheet,key,FLAVOR_ORBOFNYX,FLAVOR_ORBOFNYX,Look into the Orb and you might just find your soul staring back.,凝视宝珠，或许会看见你的灵魂回望。,draft,pass10
car_334d33a17463,cards_sheet,key,FLAVOR_OTHERWORLDLYGUIDE,FLAVOR_OTHERWORLDLYGUIDE,"""We once considered them pets- now, we consider them partners.""",「我们曾视它们为宠物——如今，视它们为伙伴。」,draft,pass10
car_72b715316840,cards_sheet,key,FLAVOR_OZIAHJUDGEOFLOGOS,FLAVOR_OZIAHJUDGEOFLOGOS,His will and blade are one.,他的意志与利刃合一。,draft,pass10
car_3af9dc0b77f4,cards_sheet,key,FLAVOR_OZIAHSFAMILIAR,FLAVOR_OZIAHSFAMILIAR,"""He's not playing with his food, he's teaching it a lesson.""",「他不是在玩弄食物，是在给它上一课。」,draft,pass10
car_42d054950637,cards_sheet,key,FLAVOR_OZIAHTHEPEERLESS,FLAVOR_OZIAHTHEPEERLESS,"""Child, this new world must have north and south, east and west,"" Logos said. Oziah drew his sword and cut twice.<br>""Father, it is done,"" he replied.",「孩子，这新世界须有南北东西，」逻各斯说。奥齐亚拔剑连斩两下。<br>「父亲，完成了，」他答道。,draft,pass10
car_75e441343366,cards_sheet,key,FLAVOR_OZIAHTHEPEERLESS10TH,FLAVOR_OZIAHTHEPEERLESS10TH,Even the immortals fear his mighty blade,连不朽者也惧他那柄神兵,draft,pass10
car_384f9d2cfb95,cards_sheet,key,FLAVOR_OZIAHTHEPEERLESSETER,FLAVOR_OZIAHTHEPEERLESSETER,"""Child, this new world must have north and south, east and west,"" Logos said. Oziah drew his sword and cut twice.<br>""Father, it is done,"" he replied.",「孩子，这新世界须有南北东西，」逻各斯说。奥齐亚拔剑连斩两下。<br>「父亲，完成了，」他答道。,draft,pass10
car_0c8d5c821f8f,cards_sheet,key,FLAVOR_PASYTHEASWARD,FLAVOR_PASYTHEASWARD,Pasythea grants her protection only to those who have proven themselves brave enough to warrant it.,帕西忒亚只把庇护赐给已证明自己配得勇敢之人。,draft,pass10
car_c25d61027336,cards_sheet,key,FLAVOR_PATHFINDERSTOTEM,FLAVOR_PATHFINDERSTOTEM,There is no place you can venture that the pathfinders have not already called home.,没有你能踏足、而寻路者尚未称之为家的地方。,draft,pass10
car_c47eef2ff5e4,cards_sheet,key,FLAVOR_PATHWARDEN,FLAVOR_PATHWARDEN,Heroes dwell beyond the final turn in the road.,英雄居于道路最后一道弯之外。,draft,pass10
car_e860e46514f9,cards_sheet,key,FLAVOR_PATIENTASSASSIN,FLAVOR_PATIENTASSASSIN,He's willing to wait for it.,他愿意等待时机。,draft,pass10
car_0b6e187eb713,cards_sheet,key,FLAVOR_PENUMBRALEDGE,FLAVOR_PENUMBRALEDGE,"""Kythis has fled, and the souls of the damned howl against Deofol's untended gate."" -- Sadranis",「凯西斯已逃，该死者的灵魂对着无人照管的迪奥弗之门嚎叫。」——萨德拉尼斯,draft,pass10
car_2cf84d11d623,cards_sheet,key,FLAVOR_PENUMBRALEDGEETER,FLAVOR_PENUMBRALEDGEETER,"""Kythis has fled, and the souls of the damned howl against Deofol's untended gate."" -- Sadranis",「凯西斯已逃，该死者的灵魂对着无人照管的迪奥弗之门嚎叫。」——萨德拉尼斯,draft,pass10
car_06ea9763fd8e,cards_sheet,key,FLAVOR_PERSONALWORMHOLE,FLAVOR_PERSONALWORMHOLE,caution: do not insert head,注意：请勿把头伸进去,draft,pass10
car_428b81bc55dc,cards_sheet,key,FLAVOR_PIERCINGEYE,FLAVOR_PIERCINGEYE,"""The eye will guide you where your own cannot.""",「慧眼会指引你去往自己的眼睛到不了的地方。」,draft,pass10
car_cb1dc91846a0,cards_sheet,key,FLAVOR_PIERCINGEYEETER,FLAVOR_PIERCINGEYEETER,"""The eye will guide you where your own cannot.""",「慧眼会指引你去往自己的眼睛到不了的地方。」,draft,pass10
car_602fa821dbe7,cards_sheet,key,FLAVOR_PILLAROFRESOLVE,FLAVOR_PILLAROFRESOLVE,"""The ultimate measure of a person is not where they stand in moments of comfort, but where they stand at times of challenge.""",「衡量一个人的终极标准，不是他们在安逸时站在何处，而是在挑战时站在何处。」,draft,pass10
car_70ae8dd49f6a,cards_sheet,key,FLAVOR_PLANARAPERTURE,FLAVOR_PLANARAPERTURE,"It could lead anywhere, and that's usually the problem. ",它可能通向任何地方——而这通常就是问题所在。,draft,pass10
car_9cf819f821d5,cards_sheet,key,FLAVOR_POLLENPIXIE,FLAVOR_POLLENPIXIE,You're going to feel a little funny at first...,一开始你会觉得有点不对劲……,draft,pass10_lua_flavor
car_984565387748,cards_sheet,key,FLAVOR_PORTABILLET,FLAVOR_PORTABILLET,Collateral damage: acceptable.,附带损害：可接受。,draft,
car_fccd781a2525,cards_sheet,key,FLAVOR_POTOFGOLD,FLAVOR_POTOFGOLD,"It's GOLD, baby!",是金子啊，宝贝！,draft,pass10
car_6223a8e77cf5,cards_sheet,key,FLAVOR_PREMONITIONBELL,FLAVOR_PREMONITIONBELL,It echoes with tomorrow's song.,它回响着明日之歌。,draft,pass10
car_d5b79231dd78,cards_sheet,key,FLAVOR_PRIMEDIRECTIVE,FLAVOR_PRIMEDIRECTIVE,"P.R.I.M.E. stands ready at the heart of Hedron, always vigilant against whatever threats emerge.",P.R.I.M.E. 驻守赫德隆之心，时刻警惕任何出现的威胁。,draft,pass10
car_6a6cb832e150,cards_sheet,key,FLAVOR_PROCESSINGHUB,FLAVOR_PROCESSINGHUB,The tinkerers could no longer distinguish their own thoughts from those of the machine.,工匠们已分不清自己的思绪与机器的思绪。,draft,pass10
car_db68d1216522,cards_sheet,key,FLAVOR_PROCESSINGHUBETER,FLAVOR_PROCESSINGHUBETER,The tinkerers could no longer distinguish their own thoughts from those of the machine.,工匠们已分不清自己的思绪与机器的思绪。,draft,pass10
car_c860331a056c,cards_sheet,key,FLAVOR_PRODIGAL,FLAVOR_PRODIGAL,"An initiate of the Templar Order, he is given a practice blade no less unwieldy than his youthful mind.",圣殿武士团的初学者，获赐的练习刃与其稚嫩心智一样难用。,draft,pass10
car_c9ea34b5320d,cards_sheet,key,FLAVOR_PROJECTALPHA,FLAVOR_PROJECTALPHA,initiate transformation.,启动转化。,draft,
car_41f9bfe1e86f,cards_sheet,key,FLAVOR_PROSPECTORSCOUT,FLAVOR_PROSPECTORSCOUT,"""It's gold, baby! Gold!""",「是金子，宝贝！金子！」,draft,pass10
car_56ebd1d69d50,cards_sheet,key,FLAVOR_PROTEANSEASLUG,FLAVOR_PROTEANSEASLUG,Does anyone have a whole lot of salt?,谁有很多很多盐吗？,draft,pass10
car_8c160cf1af37,cards_sheet,key,FLAVOR_PROTEANSEASLUGETER,FLAVOR_PROTEANSEASLUGETER,Does anyone have a whole lot of salt?,谁有很多很多盐吗？,draft,pass10
car_aa410c4a0475,cards_sheet,key,FLAVOR_PROTOTYPECH32,FLAVOR_PROTOTYPECH32,Excavation systems online,挖掘系统上线,draft,pass10
car_3d36650e3b05,cards_sheet,key,FLAVOR_PSYONICPALADIN,FLAVOR_PSYONICPALADIN,"As the armor is shaped by our thoughts,<br>the sword is directed by our will.",铠甲由我们的思绪塑形，利剑由我们的意志指引。,draft,pass10_lua_flavor
car_2a45cb1d2ddf,cards_sheet,key,FLAVOR_PUPPETMASTER,FLAVOR_PUPPETMASTER,The wraith pushes and prods the weak-willed into  accepting cowardly paths as their only option.,幽魂推搡意志薄弱者，迫使他们把怯懦之路当作唯一选择。,draft,pass10
car_7008e63a1b94,cards_sheet,key,FLAVOR_QADIMSTALKER,FLAVOR_QADIMSTALKER,You would never know how long the Qadim have stood guard by the ferocity with which they still defend the forest.,看他们仍以何种凶猛守卫森林，你绝不会知道卡迪姆已驻守多久。,draft,pass10
car_ea7a7531527d,cards_sheet,key,FLAVOR_RADIANTASPIRANT,FLAVOR_RADIANTASPIRANT,They see light where there is darkness.,他们在黑暗中看见光明。,draft,pass10
car_ed763b6ab9b3,cards_sheet,key,FLAVOR_RAKADREAMTENDER,FLAVOR_RAKADREAMTENDER,"Nairi corrected them, ""He's no hermit. He simply considers wildlife and his dreams to be more tolerable than people.""",奈瑞纠正他们：「他不是隐士。他只是觉得野生动物与梦，比人更能忍受。」,draft,pass10
car_c532d9aa457c,cards_sheet,key,FLAVOR_RAKARCORRUPTASKARA,FLAVOR_RAKARCORRUPTASKARA,All things can corrupt when<br>minds are prone to evil.,爱是一场梦。爱是一场梦魇。,draft,pass9b;pass10_lua_flavor
car_8d54ab5f2f01,cards_sheet,key,FLAVOR_REACTORMONK,FLAVOR_REACTORMONK,core power output up 20%.Monk Mortality rate up 20%.,堆芯功率输出提升 20%。僧侣死亡率提升 20%。,draft,pass10
car_a414ec85709c,cards_sheet,key,FLAVOR_REACTORMONK10TH,FLAVOR_REACTORMONK10TH,"Sometimes, the curious become the mad.",有时，好奇会变成疯狂。,draft,
car_9b3ac3742756,cards_sheet,key,FLAVOR_REACTORSHRINE,FLAVOR_REACTORSHRINE,Alternate fuel source has unlocked additonal capacities.,替代燃料源已解锁额外能力。,draft,pass10
car_412e1b86bf24,cards_sheet,key,FLAVOR_REALITYSCULPTOR,FLAVOR_REALITYSCULPTOR,Life imitates art.,生活模仿艺术。,draft,pass10
car_3dea462e81db,cards_sheet,key,FLAVOR_RECKLESSEXCAVATOR,FLAVOR_RECKLESSEXCAVATOR,What it lacks in finesse it makes up for in results.,它缺的是精细，补的是结果。,draft,pass10
car_1b19a22cacda,cards_sheet,key,FLAVOR_RECYCLICRAB,FLAVOR_RECYCLICRAB,Waste not. Want all.,不浪费。全想要。,draft,pass10
car_d249166f4e50,cards_sheet,key,FLAVOR_REMUSWILDEMISSARY,FLAVOR_REMUSWILDEMISSARY,Not all Pathwardens are able to embrace their instincts without giving in to them.,并非所有寻径守卫都能拥抱本能而不被本能吞没。,draft,pass10
car_12282c9b77ae,cards_sheet,key,FLAVOR_REPLICATIONDRONE,FLAVOR_REPLICATIONDRONE,We can build it. We have the technology.,我们造得出来。我们有技术。,draft,pass10
car_455da6db1bf5,cards_sheet,key,FLAVOR_REPURPOSER,FLAVOR_REPURPOSER,Repairs complete. Unit operational.,维修完毕。机组可投入运作。,draft,
car_1ab44c025454,cards_sheet,key,FLAVOR_RESOURCEFULTRADER,FLAVOR_RESOURCEFULTRADER,"""You need a keystone? I can get you a keystone.""",「你要钥石？我能给你搞到钥石。」,draft,pass10
car_1f9a50f0c361,cards_sheet,key,FLAVOR_REVERIEMUSE,FLAVOR_REVERIEMUSE,"Her gentle melodies drift through the dream meadows, filling the souls throughout with peace and possibility.",她温柔的旋律漂过梦原，把安宁与可能填入各方灵魂。,draft,pass10
car_78e543e613a0,cards_sheet,key,FLAVOR_RIFTDRAKERIDER,FLAVOR_RIFTDRAKERIDER,The quickest path is not always the one you can see.,最快的路并不总是你能看见的那条。,draft,pass10
car_1a8134c3d0bd,cards_sheet,key,FLAVOR_RIFTGATECONJUROR,FLAVOR_RIFTGATECONJUROR,"""What if something comes out of the portal?"" asked the initiate. Sadranis snickered, ""It will be terrified of what awaits it.""",「要是有东西从传送门出来怎么办？」初学者问。萨德拉尼斯嗤笑：「它会对等待它的东西感到恐惧。」,draft,pass10
car_164a058f7f90,cards_sheet,key,FLAVOR_RIFTWALKERSAXE,FLAVOR_RIFTWALKERSAXE,An extension of the dark souls who wield it.,挥舞者黑暗灵魂的延伸。,draft,pass10
car_55e638ad0082,cards_sheet,key,FLAVOR_RIFTWATCHOUTPOST,FLAVOR_RIFTWATCHOUTPOST,"The watchtowers jut out of the darkness, as if to keep watch on the light.",瞭望塔刺出黑暗，仿佛在监视光明。,draft,pass10
car_2b16b5d5705c,cards_sheet,key,FLAVOR_RIVERREAPER,FLAVOR_RIVERREAPER,"Something is hunting the bears,<br>but we know not what.",金色巨人，高过群山,draft,pass10_lua_flavor
car_6801c0f5003d,cards_sheet,key,FLAVOR_ROCKETCOURIERX9910TH,FLAVOR_ROCKETCOURIERX9910TH,You've got mail!,你有新邮件！,draft,
car_af827f6914bc,cards_sheet,key,FLAVOR_ROCKETCOURIERX99ETER,FLAVOR_ROCKETCOURIERX99ETER,You've got mail!,你有新邮件！,draft,
car_6333d3879154,cards_sheet,key,FLAVOR_ROOTSCRYER,FLAVOR_ROOTSCRYER,"The monk listened to the trees' whispered mantra, and the entire world fell silent around him.",僧侣聆听树木低语的咒语，周遭整个世界都安静下来。,draft,pass10
car_01441c8ae31c,cards_sheet,key,FLAVOR_RUNICHONISKROT,FLAVOR_RUNICHONISKROT,The noble Honiskrot were ill at ease in the presence of the mysterious shards.,高贵的霍尼斯克洛特在神秘碎片面前惴惴不安。,draft,pass10
car_ed741bf4739f,cards_sheet,key,FLAVOR_RUNICLYCANTHROPE,FLAVOR_RUNICLYCANTHROPE,<sprite=41>,<sprite=41>,draft,
car_0b9bdee4ff22,cards_sheet,key,FLAVOR_RUNICLYCANTHROPE10TH,FLAVOR_RUNICLYCANTHROPE10TH,"Write with blood, and you will see that blood is spirit.",以血书写，你将看见血即是灵。,draft,pass10
car_e6934370a317,cards_sheet,key,FLAVOR_RUNICLYCANTHROPEETER,FLAVOR_RUNICLYCANTHROPEETER,"""Senses. Speed. Reflexes. Cunning. Only a fool would call this a curse.""",「感官。速度。反射。狡黠。只有傻瓜才会称之为诅咒。」,draft,pass10
car_98013b39eab0,cards_sheet,key,FLAVOR_RUSTGREMLIN,FLAVOR_RUSTGREMLIN,The very embodiment of everything that can go wrong in Hedron.,赫德隆一切可能出错之事的化身。,draft,pass10
car_06ca936f543e,cards_sheet,key,FLAVOR_SABRETHEMOONLIT,FLAVOR_SABRETHEMOONLIT,Sometimes it's best to let sleeping bears lie.,有时最好别吵醒沉睡的熊。,draft,pass10
car_7d716d4a3241,cards_sheet,key,FLAVOR_SACREDPOT,FLAVOR_SACREDPOT,"""Indulge your imagination in every possible flight.""",「放任你的想象作每一次可能的翱翔。」,draft,pass10
car_b8487bcf5588,cards_sheet,key,FLAVOR_SADISTICGIANT,FLAVOR_SADISTICGIANT,The shifting planes served up a never-ending supply of victims for the cruel Estryne clan.,变幻的位面为残忍的埃斯特林氏族提供源源不断的牺牲者。,draft,pass10
car_0d84cbd3b015,cards_sheet,key,FLAVOR_SADRANISDARKSAVANT,FLAVOR_SADRANISDARKSAVANT,"Dhartha assured them, ""Not all who look into the darkness look to serve it. Just as we wield light, he wields darkness.""",达萨安抚他们：「并非所有凝视黑暗者都侍奉黑暗。正如我们挥舞光明，他挥舞黑暗。」,draft,pass10
car_afa82579caac,cards_sheet,key,FLAVOR_SALVAGEMASTERMILA,FLAVOR_SALVAGEMASTERMILA,The best creations can come from the place we least expect.,最好的创造，可能来自我们最不意料的地方。,draft,pass10
car_fc0d0e0b357c,cards_sheet,key,FLAVOR_SALVAGEYARD,FLAVOR_SALVAGEYARD,Recycle. Rebuild. Reuse.,回收。重建。再利用。,draft,
car_c5857af461b5,cards_sheet,key,FLAVOR_SAMAELETERNALSINNER,FLAVOR_SAMAELETERNALSINNER,I am Eternal. What hope have you to defeat me?,我是永恒。你们有何指望击败我？,draft,pass10
car_55c8b7cf5513,cards_sheet,key,FLAVOR_SAMAELSTRICKSTER10TH,FLAVOR_SAMAELSTRICKSTER10TH,He always knows the price of your soul.,他总知道你灵魂的价码。,draft,pass10
car_9eabbdcf891b,cards_sheet,key,FLAVOR_SCAVENGERANTS,FLAVOR_SCAVENGERANTS,"They'll build out of anything, even you.",它们用任何东西建造，包括你。,draft,pass10
car_8a9cd12e8b13,cards_sheet,key,FLAVOR_SCIONOFCETRA,FLAVOR_SCIONOFCETRA,"Cetra guides her children not to their destiny, but to the path that will lead them there.",塞特拉指引她的孩子，不是直接到命运，而是到通往命运的路。,draft,pass10
car_c07f439cfc01,cards_sheet,key,FLAVOR_SCIONOFEMRI,FLAVOR_SCIONOFEMRI,"When the last shred of remorse had been purged, they were ready to join the Black Watch.",当最后一丝悔恨被涤尽，他们便准备好加入黑卫。,draft,pass10
car_fe2b6d736ffa,cards_sheet,key,FLAVOR_SCIONOFEULOTH,FLAVOR_SCIONOFEULOTH,"When they view the machine as part of themselves, they are ready for their work to begin.",当他们视机器为自身一部分时，便准备开始工作。,draft,pass10
car_08c2ab1d466f,cards_sheet,key,FLAVOR_SCIONOFOZIAH,FLAVOR_SCIONOFOZIAH,"With a single stroke, the tyrant was slain and his training was complete.",一击之下，暴君伏诛，他的训练亦告完成。,draft,pass10
car_5780e5b5c975,cards_sheet,key,FLAVOR_SCRABBLINGSQUAD,FLAVOR_SCRABBLINGSQUAD,Double word score,双倍单词得分,draft,
car_7f17d3c9324a,cards_sheet,key,FLAVOR_SCRAPBOTSCRAPPER,FLAVOR_SCRAPBOTSCRAPPER,One man's trash is another bot's weapon.,此人之垃圾，乃彼机之兵器。,draft,pass10_lua_flavor
car_a4b00a30b150,cards_sheet,key,FLAVOR_SCRAPWEAVER,FLAVOR_SCRAPWEAVER,The scraping hum of the metal guides them as they give purpose to discarded parts.,金属的刮擦嗡鸣引导他们，赋予废弃零件以目的。,draft,pass10
car_aa6b938318a9,cards_sheet,key,FLAVOR_SCRYEROFTHELIDLESSEYE,FLAVOR_SCRYEROFTHELIDLESSEYE,"The monks gathered around the All-Seeing Eye, aghast at the the future it foretold.",僧侣们围着全知之眼，对其预示的未来惊骇不已。,draft,pass9b;pass10
car_5a04e83767b4,cards_sheet,key,FLAVOR_SEARINGASKARA,FLAVOR_SEARINGASKARA,Her flame sears a path right into the heart of darkness.,她的火焰灼出一条直抵黑暗之心的路。,draft,pass10
car_5dd1f5ba6aa7,cards_sheet,key,FLAVOR_SEATYRANT10TH,FLAVOR_SEATYRANT10TH,Its many fins rise up like the sails of a vast armada.,它众多鳍片升起，如同一支庞大舰队的帆。,draft,pass10
car_cc0a937ce143,cards_sheet,key,FLAVOR_SECLUDEDLABORATORY,FLAVOR_SECLUDEDLABORATORY,"Responsible for some of Hedron's greatest technological advances,,, and even greater explosions",负责赫德隆一些最伟大的科技进步……以及更伟大的爆炸,draft,pass10
car_5665d9e11f46,cards_sheet,key,FLAVOR_SEEROFDAYSPAST,FLAVOR_SEEROFDAYSPAST,"""The world is new, but our past is still with us.""",「世界是新的，但我们的过去仍与我们同在。」,draft,pass10
car_7a02bc1775e5,cards_sheet,key,FLAVOR_SEEROFTHEFORKEDPATH,FLAVOR_SEEROFTHEFORKEDPATH,"""The left path holds death for you, Godslayer. The right path, death for her. You must choose quickly- Samael is on the move.""",「左路是你的死，弑神者。右路是她的死。你必须速决——萨麦尔已在行动。」,draft,pass10
car_a25c898c498c,cards_sheet,key,FLAVOR_SEEROFTHEFORKEDPATH10TH,FLAVOR_SEEROFTHEFORKEDPATH10TH,"A choice is offered here, certainty is not.",此处提供选择，不提供确定。,draft,pass10
car_29563323fa73,cards_sheet,key,FLAVOR_SERENEASCETIC,FLAVOR_SERENEASCETIC,"A novice hears cacophony, a master hears only symphony.",新手听见嘈杂，大师只听见交响。,draft,pass10
car_ec55a74c1282,cards_sheet,key,FLAVOR_SERPENTCALL,FLAVOR_SERPENTCALL,"""Mother, beckon me home."" - Ogo death rite",「母亲，召我归家。」——奥戈死亡仪式,draft,pass10
car_cdd47c0e0a41,cards_sheet,key,FLAVOR_SHADECONVERTER,FLAVOR_SHADECONVERTER,Let there be light.,Let那里是 光.,draft,
car_46af51cdd142,cards_sheet,key,FLAVOR_SHADEOFTHEBLACKWATCH,FLAVOR_SHADEOFTHEBLACKWATCH,"The offspring of Samael and Nyx emerge fromthe Void regularily, and must be banished.",萨麦尔与尼克斯的子嗣常从虚空现身，必须被放逐。,draft,pass10
car_589764f490c6,cards_sheet,key,FLAVOR_SHADEOFTHEBLACKWATCH10TH,FLAVOR_SHADEOFTHEBLACKWATCH10TH,"Lethal fighters, made more deadly by their strange pets.",致命的战士，因奇特的宠物而更加致命。,draft,pass10
car_583fe9d774dd,cards_sheet,key,FLAVOR_SHADESBARGAIN,FLAVOR_SHADESBARGAIN,Power never comes without a price.,力量从不会没有代价。,draft,pass10
car_719d2d0a090a,cards_sheet,key,FLAVOR_SHADOWBLADESENTRY,FLAVOR_SHADOWBLADESENTRY,"When a lock is not enough, try a Shadowblade Sentry.",当锁不够用时，试试影刃哨兵。,draft,pass10
car_3236f4a53e8c,cards_sheet,key,FLAVOR_SHADOWELEMENTAL,FLAVOR_SHADOWELEMENTAL,Darkness teaches us to always beware.,黑暗教导我们时刻警惕。,draft,pass10
car_ed8b165d1a49,cards_sheet,key,FLAVOR_SHADOWRIDGESCOUT,FLAVOR_SHADOWRIDGESCOUT,"Dirty deeds, done dirt cheap.",脏活累活，价格便宜。,draft,
car_4462bcb21dd8,cards_sheet,key,FLAVOR_SHADOWSTALKER,FLAVOR_SHADOWSTALKER,Always count the shadows.,永远要数清影子。,draft,
car_aa8ecf02e4ff,cards_sheet,key,FLAVOR_SHADOWSTAR,FLAVOR_SHADOWSTAR,<sprite=73>,<sprite=73>,draft,
car_ad229d1361b9,cards_sheet,key,FLAVOR_SHADOWSTAR10TH,FLAVOR_SHADOWSTAR10TH,"""Be careful, young hero,"" said the mystic.<br>""It does not take well to poor aim.""",「小心，年轻的英雄，」秘术士说。<br>「它对糟糕的瞄准可不客气。」,draft,pass10
car_d6f4d2dd1bf8,cards_sheet,key,FLAVOR_SHADOWSTARETER,FLAVOR_SHADOWSTARETER,"""Just be careful when you throw it, Godslayer,"" the weaponmaster said with a frown.  ""It will not suffer a wielder with poor aim.""",「扔的时候小心点，弑神者，」兵器大师皱眉道。「它容不得瞄准差的持有者。」,draft,pass10
car_e77976baa5d2,cards_sheet,key,FLAVOR_SHARDFINDERCOMPASS,FLAVOR_SHARDFINDERCOMPASS,"As Braham stared at the compass, his entire body tingled. He knew where he had to go.",布拉汉盯着罗盘，全身发麻。他知道自己该去哪里。,draft,pass10
car_d35b17049574,cards_sheet,key,FLAVOR_SHARDWINGBEETLE,FLAVOR_SHARDWINGBEETLE,A chilling end.,令人胆寒的结局。,draft,pass10
car_90765589858e,cards_sheet,key,FLAVOR_SHEPHERDOFTHELOST,FLAVOR_SHEPHERDOFTHELOST,"""Many of my brethren cling to life, forgetting that it is only one half of nature's cycle.""",「我许多同袍紧抓生命不放，却忘了它只是自然循环的一半。」,draft,pass10
car_a2f32dc14c45,cards_sheet,key,FLAVOR_SHRINEATTENDANT,FLAVOR_SHRINEATTENDANT,"The smallest acts can do the most to keep hope alive, even in the darkest nights when it seems impossible.",即便在希望看似不可能的最黑暗之夜，最小的举动也能最有效地维系希望。,draft,pass10
car_e72a44aa457f,cards_sheet,key,FLAVOR_SIEGEMASTERSRAM,FLAVOR_SIEGEMASTERSRAM,"Knock, knock!",敲敲！,draft,
car_a6a9b00edd20,cards_sheet,key,FLAVOR_SIREWOODELDER,FLAVOR_SIREWOODELDER,"""Knowledge is just as important to the sprouts as water and sunlight.""",「对幼苗而言，知识与水、阳光同样重要。」,draft,pass10
car_d53c295efa8d,cards_sheet,key,FLAVOR_SISTEROFTHEWIND,FLAVOR_SISTEROFTHEWIND,The Temple of the Wind teaches its students to learn from both themselves and each other.,风之神殿教导学生向自己也向彼此学习。,draft,pass10
car_b1165ff3e028,cards_sheet,key,FLAVOR_SKYROCKETDRONE,FLAVOR_SKYROCKETDRONE,Power on.,战力在.,draft,
car_519044701345,cards_sheet,key,FLAVOR_SNAPDRAGON,FLAVOR_SNAPDRAGON,<sprite=7>,<sprite=7>,draft,
car_bf904c0c0079,cards_sheet,key,FLAVOR_SNAPDRAGON10TH,FLAVOR_SNAPDRAGON10TH,There is no deadlier poison than pride.,没有比骄傲更致命的毒药。,draft,
car_96c1f034d6db,cards_sheet,key,FLAVOR_SOCKETALTAR,FLAVOR_SOCKETALTAR,forge the proper shape and complete the divine challenge,铸成正确的形状，完成神圣挑战,draft,pass10
car_afcf8b8d9f06,cards_sheet,key,FLAVOR_SOLARSENTRY,FLAVOR_SOLARSENTRY,It didn't take long for the monks to harness the power of their cause.,僧侣们很快便驾驭了其使命之力。,draft,pass10
car_dcffe51606e2,cards_sheet,key,FLAVOR_SOULASSASSIN,FLAVOR_SOULASSASSIN,"As the Storm grew, one faction found itself uniquely suited to the task at hand.",风暴壮大时，有一个派系发现自己特别适合眼前的任务。,draft,pass10
car_0f028c8c7b99,cards_sheet,key,FLAVOR_SOULSHAPER,FLAVOR_SOULSHAPER,The price is simple - one spirit for another.,代价很简单——一个灵魂换另一个。,draft,pass10
car_55a9821f8cbb,cards_sheet,key,FLAVOR_SOULSNAREHUNTER,FLAVOR_SOULSNAREHUNTER,"""Naturally, Emri's hunters were the ones to find the most morbid means of entry into the Temple of Life.""",「自然地，是艾姆瑞的猎手找到了进入生命神殿最病态的入口。」,draft,pass10
car_f8402c789fee,cards_sheet,key,FLAVOR_SOWEROFBETRAYAL,FLAVOR_SOWEROFBETRAYAL,"When chaos reigns, trust is the greatest strength, but it is an even greater weakness if exploited.",混沌当道时，信任是最强的力量；若被利用，也是更大的弱点。,draft,pass10
car_76667696eac9,cards_sheet,key,FLAVOR_SOWEROFDISCONTENT,FLAVOR_SOWEROFDISCONTENT,"Sowers lurk through the Five Realms, using whispers and rumors to erode the hope that keeps them intact.",播种者潜伏于五界，以耳语与谣言侵蚀维系它们的希望。,draft,pass10
car_72627b4254a8,cards_sheet,key,FLAVOR_SPARKBUG,FLAVOR_SPARKBUG,Not all of the bugs in Hedron's machinery are bad.,赫德隆机械里的虫子，并不都是坏的。,draft,pass10
car_0bac23fd9720,cards_sheet,key,FLAVOR_SPARKSPRAYER,FLAVOR_SPARKSPRAYER,Loss acceptable. Continue operations.,损失可接受。继续作业。,draft,
car_fb3ceee3f711,cards_sheet,key,FLAVOR_SPIKEVIXEN,FLAVOR_SPIKEVIXEN,"Though Dread Liza has departed the ObsidianRing, many of her deadly students remain.",尽管恐惧丽莎已离开黑曜环，她许多致命的门徒仍在。,draft,pass10
car_043178eff8be,cards_sheet,key,FLAVOR_SPIKEVIXEN10TH,FLAVOR_SPIKEVIXEN10TH,"If there is beauty in death, then the Spike Vixens are a sight to behold.",若死亡中有美，则刺狐女值得一睹。,draft,pass10
car_5c0921b8daf5,cards_sheet,key,FLAVOR_SPIKEVIXENETER,FLAVOR_SPIKEVIXENETER,"If there is beauty in death, then the Spike Vixens are a sight to behold.",若死亡中有美，则刺狐女值得一睹。,draft,pass10
car_aeaa52d225d5,cards_sheet,key,FLAVOR_SPIKEVIXENRU,FLAVOR_SPIKEVIXENRU,"If there is beauty in death, then the Spike Vixens are a sight to behold.",若死亡中有美，则刺狐女值得一睹。,draft,pass10
car_d7a14786027b,cards_sheet,key,FLAVOR_SPIREOFINSIGHT,FLAVOR_SPIREOFINSIGHT,Electricity is really just organized lightning.,电其实只是有组织的闪电。,draft,pass10
car_f8fcaeaad307,cards_sheet,key,FLAVOR_SPIRITOFTHEANCIENTS,FLAVOR_SPIRITOFTHEANCIENTS,Look to the past for help with the future.,向过去寻求对未来的帮助。,draft,pass10
car_87f959b8a3f0,cards_sheet,key,FLAVOR_SPITEFULGLADIATOR,FLAVOR_SPITEFULGLADIATOR,"""Suffer now, and live the rest of your life as a champion.""",「现在受苦，余生便以冠军之身而活。」,draft,pass10
car_3b7635b55fd0,cards_sheet,key,FLAVOR_STALKTHESHADOWS,FLAVOR_STALKTHESHADOWS,"Emri's assassins always find their target,  regardless of where it believes it can hide.",艾姆瑞的刺客总能找到目标，不论它自以为能藏到哪里。,draft,pass10
car_57fb0fdc92a9,cards_sheet,key,FLAVOR_STARCHILD,FLAVOR_STARCHILD,"For every being, a star its own, a graceful watcher perched upon it, her voice familiar, her touch the same that cradled them in youth.",每个生灵都有属于自己的星，优雅的守望者栖于其上，声音熟悉，触碰一如幼时那份怀抱。,draft,pass10
car_d07d42671644,cards_sheet,key,FLAVOR_STARVEDABOMINATION,FLAVOR_STARVEDABOMINATION,"You might think that the Temple of Death would have the scarier inhabitants, but you'd be wrong.",你或许以为死亡神殿的住民更吓人——那你就错了。,draft,pass10
car_d653fae277c6,cards_sheet,key,FLAVOR_STATICELEMENTAL,FLAVOR_STATICELEMENTAL,"Cries of ""Charge!"" followed by massive retreats can often be confusing for new recruits.",新兵常被「冲锋！」的喊声紧接大规模撤退搞糊涂。,draft,pass10
car_4f02b01a0cc1,cards_sheet,key,FLAVOR_STONEBLADETEMPLAR,FLAVOR_STONEBLADETEMPLAR,<br>,<br>,draft,
car_92bc1395f10e,cards_sheet,key,FLAVOR_STONECIRCLEELDER,FLAVOR_STONECIRCLEELDER,Nature's cycle and starry sky hold no secrets for an ancient druid's eye.,自然循环与星空，对古老德鲁伊之眼毫无秘密。,draft,pass10
car_aebcde86018d,cards_sheet,key,FLAVOR_STORMSMITHANVIL,FLAVOR_STORMSMITHANVIL,"The anvil's song echoes like low, rumbling thunder.",铁砧之歌如低沉雷鸣回响。,draft,pass10
car_d18c3976ecdf,cards_sheet,key,FLAVOR_SUNSTREAKCOURIER,FLAVOR_SUNSTREAKCOURIER,He moves so quickly he has no need for the cover of night.,他移动极快，无需夜色掩护。,draft,pass10
car_ff75424693d3,cards_sheet,key,FLAVOR_SURESHOTTRACKER,FLAVOR_SURESHOTTRACKER,Right on target.,正中目标。,draft,pass10
car_954cd1e58939,cards_sheet,key,FLAVOR_SURGEPROTECTOR,FLAVOR_SURGEPROTECTOR,An energizing force wherever she goes.,无论她去哪，都是一股充能之力。,draft,pass10
car_8a8ac9505770,cards_sheet,key,FLAVOR_SURYALIGHTSSWORD,FLAVOR_SURYALIGHTSSWORD,"""I do not wish to fight anymore, Master,"" Surya confided. Dhartha responded, ""And that is why it must be you.""",「师父，我不想再战斗了，」苏里亚坦白。达萨答道：「正因为如此，才必须是你。」,draft,pass10
car_5884d231e186,cards_sheet,key,FLAVOR_SYNCHRONIZER,FLAVOR_SYNCHRONIZER,Prevents overload. increasesefficientcy. Not compatible with off-realm devices.,防止过载。提升效率。与界外装置不兼容。,draft,pass10
car_414256470fc6,cards_sheet,key,FLAVOR_TABLETOFTHEDREAMER,FLAVOR_TABLETOFTHEDREAMER,Whispers of Adayu's powers emanated from the tablet while in the presence of the mysterious shards.,在神秘碎片近旁，关于阿达尤之力的低语自石板渗出。,draft,pass10
car_410c091aaf3d,cards_sheet,key,FLAVOR_TABLETOFTIMESDAWN,FLAVOR_TABLETOFTIMESDAWN,"Foremost of Logos' sons was Time: a cheater, a scoundrel, destined to lord over all in the end.",逻各斯诸子之首是时间：骗子、无赖，注定最终君临一切。,draft,pass10
car_d2a001ca8909,cards_sheet,key,FLAVOR_TABLETOFTIMESDAWN10TH,FLAVOR_TABLETOFTIMESDAWN10TH,Time's secrets carved in stone.,时间的秘密刻于石上。,draft,pass10
car_3ca0d88117e6,cards_sheet,key,FLAVOR_TECHNOLOGICALLEAP,FLAVOR_TECHNOLOGICALLEAP,"While the other factions dream of greatness, Hedron  is content to dream of great new inventions.",其他派系梦见伟大，赫德隆满足于梦见伟大的新发明。,draft,pass10
car_a2fd2ba682c3,cards_sheet,key,FLAVOR_TECTONICTHRASHER,FLAVOR_TECTONICTHRASHER,The Sleeping Peaks hide more than just ore in their mountains.,沉眠诸峰隐藏的不只是山中矿石。,draft,pass10
car_fce63c4e8cc8,cards_sheet,key,FLAVOR_TECTONICTHRASHERETER,FLAVOR_TECTONICTHRASHERETER,The Sleeping Peaks hide more than just ore in their mountains.,沉眠诸峰隐藏的不只是山中矿石。,draft,pass10
car_88ca6dcbebea,cards_sheet,key,FLAVOR_TELETRANSMITTERBLUEPRINT,FLAVOR_TELETRANSMITTERBLUEPRINT,"""It's like telepathy, but less effective.""<br>- Emma Ironheart","像心灵感应，但没那么好用。
——艾玛·铁心",draft,pass10_lua_flavor
car_c075d7769bb7,cards_sheet,key,FLAVOR_TEMPLARDRAGOON,FLAVOR_TEMPLARDRAGOON,It beats walking.,总比走路强。,draft,pass10
car_f02092ad61be,cards_sheet,key,FLAVOR_TEMPLAROUTPOST,FLAVOR_TEMPLAROUTPOST,The Eye's protection extends as far as it can see.,慧眼的庇护延伸至其目力所及。,draft,pass10
car_ede73c85a7ca,cards_sheet,key,FLAVOR_TEMPLEGUARDIAN,FLAVOR_TEMPLEGUARDIAN,The Templar never use their swords. It is their keen intellect that makes the deeper cut.,圣殿武士从不动剑。令他们更深切入的是敏锐才智。,draft,pass10
car_8995fed0bbad,cards_sheet,key,FLAVOR_TEMPLELIBRARIAN,FLAVOR_TEMPLELIBRARIAN,"""Without knowledge, power is illusory. Without order, knowledge is fragmented. Without me, order is impossible.""",「没有知识，力量便是幻象。没有秩序，知识便是碎片。没有我，秩序便不可能。」,draft,pass10
car_82f8782f7279,cards_sheet,key,FLAVOR_TEMPLELIBRARIAN10TH,FLAVOR_TEMPLELIBRARIAN10TH,"""Without knowledge, power is illusory. Without order, knowledge is fragmented. Without me, order is impossible.""",「没有知识，力量便是幻象。没有秩序，知识便是碎片。没有我，秩序便不可能。」,draft,pass10
car_e73081b24f77,cards_sheet,key,FLAVOR_TEMPLEOFARHA,FLAVOR_TEMPLEOFARHA,An impossible place to ponder the impossible.,一处思索不可能之事的不可能之地。,draft,pass10
car_b9df4dffb02e,cards_sheet,key,FLAVOR_TEMPLEOFHEROES,FLAVOR_TEMPLEOFHEROES,"Their names are forgotten, but their deeds are not.",他们的名字被遗忘，事迹却不然。,draft,pass10
car_81d03ab14706,cards_sheet,key,FLAVOR_TEMPLEOFTHEWIND,FLAVOR_TEMPLEOFTHEWIND,"The temple teaches common men and women to be brave when times call for swift, decisive action.",神殿教导凡人男女在需要迅疾果决之时勇敢起来。,draft,pass10
car_c738cace71d1,cards_sheet,key,FLAVOR_TEMPORALEXCAVATOR,FLAVOR_TEMPORALEXCAVATOR,everything that has happened before will happen again,曾经发生的一切都将再次发生,draft,pass10
car_7eca9f45cf38,cards_sheet,key,FLAVOR_TERMINITES,FLAVOR_TERMINITES,"They're just bugs, soldier. How big could they be?",他们不过是虫子，士兵。能有多大？,draft,pass10_lua_flavor
car_a9cafaebd5a1,cards_sheet,key,FLAVOR_TERRORIZINGFIEND,FLAVOR_TERRORIZINGFIEND,"Taking advantage of the chaos of Adayu's madness, demons punished Vigil for its past transgressions.",趁阿达尤疯狂的混乱，恶魔惩罚祈夜过往的罪愆。,draft,pass10
car_1a4c58603d0c,cards_sheet,key,FLAVOR_TEYNWOLFKING,FLAVOR_TEYNWOLFKING,Teyn's army arrives hungry for war and leaves full of meat.,泰恩的大军饥渴而来，饱食血肉而去。,draft,pass10
car_cb92ebba3ad2,cards_sheet,key,FLAVOR_TH07TANK,FLAVOR_TH07TANK,It gives new meaning to being lost in thought.,给「沉浸于思绪」赋予了新含义。,draft,pass10
car_44e6d1b8d7ae,cards_sheet,key,FLAVOR_THEALLSEEINGEYE,FLAVOR_THEALLSEEINGEYE,<sprite=98>,<sprite=98>,draft,
car_3e5feaad6753,cards_sheet,key,FLAVOR_THEALLSEEINGEYE10TH,FLAVOR_THEALLSEEINGEYE10TH,The All-Seeing Eye pierces the veil of impossibility.,全知之眼洞穿不可能的帷幕。,draft,pass10
car_c4dbd1629981,cards_sheet,key,FLAVOR_THEGRANDDESIGN,FLAVOR_THEGRANDDESIGN,divine schematic said to detail the primary function.  contains a place for all mechana.,据说详述主要功能的神圣图纸。为所有机械留有一席之地。,draft,pass10
car_f150e249fb67,cards_sheet,key,FLAVOR_THEGRANDDESIGN10TH,FLAVOR_THEGRANDDESIGN10TH,The best way to predict the future is to create it.,预测未来的最好方式是创造它。,draft,pass10
car_d18216eaceea,cards_sheet,key,FLAVOR_THEIRONHEART,FLAVOR_THEIRONHEART,"""I don't care how many tentacles you have.<br>I have an airship!"" - Emma Ironheart",「我不管你有多少触手。我有飞艇！」——艾玛·铁心,draft,pass10_lua_flavor
car_0636cba16ade,cards_sheet,key,FLAVOR_THEWORLDTREE,FLAVOR_THEWORLDTREE,"Each branch, a separate path. Every seed, a new beginning. ",每一枝条，一条分途。每一粒种子，一个新开端。,draft,pass10
car_5c64d9f70148,cards_sheet,key,FLAVOR_THIEVINGGRYPHON,FLAVOR_THIEVINGGRYPHON,"Not everything on New Vigil is terrifyingly weird, sometimes it's just run-of-the-mill scary.",新祈夜并非一切都诡异得吓人——有时只是普通地吓人。,draft,pass10
car_423e20c70944,cards_sheet,key,FLAVOR_THORNEDCHARGER,FLAVOR_THORNEDCHARGER,"Dangerous in the wild, disastrous in a city.",在野外危险，在城市则是灾难。,draft,pass10
car_284dbc24e0f9,cards_sheet,key,FLAVOR_TIDESTALKER,FLAVOR_TIDESTALKER,The local villagers have learned to be just  as wary of low tide as they are high tide.,当地村民已学会：退潮与涨潮同样要小心。,draft,pass10
car_38f5061bcaf6,cards_sheet,key,FLAVOR_TIDESTALKERETER,FLAVOR_TIDESTALKERETER,The local villagers have learned to be just as wary of low tides as they are high tides.,当地村民已学会：退潮与涨潮同样要小心。,draft,pass10
car_3518539d1023,cards_sheet,key,FLAVOR_TIMESTREAMSEER,FLAVOR_TIMESTREAMSEER,"She moved her hands through the water, altering the course of countless lives.",她的手拂过水面，改写无数生命的轨迹。,draft,pass10
car_11c7d5ce8f74,cards_sheet,key,FLAVOR_TINKERINGMONK,FLAVOR_TINKERINGMONK,Something for Everyone,人人都有份,draft,pass10
car_59da315c7f7e,cards_sheet,key,FLAVOR_TOMEOFERABUS,FLAVOR_TOMEOFERABUS,"""The truth of the present lies in the shadows of our past""  - Emri",「当下的真相藏于我们过去的阴影」——艾姆瑞,draft,pass10
car_8b739c3e9a7b,cards_sheet,key,FLAVOR_TORICASCENDANT,FLAVOR_TORICASCENDANT,"Through understanding the shards, he became one with them.",通过理解碎片，他与它们合而为一。,draft,pass10
car_8ae52aefd0d4,cards_sheet,key,FLAVOR_TORMENTEDSOUL10TH,FLAVOR_TORMENTEDSOUL10TH,"Bound in chains, forever linked to the<br>hatred they held onto in life.",被锁链束缚，永远连着<br>他们生前紧抓不放的仇恨。,draft,pass10
car_8c3828a94266,cards_sheet,key,FLAVOR_TORMENTLEGIONARY,FLAVOR_TORMENTLEGIONARY,"Boundless ambition, beyond death, beyond reality.",无尽野心，超越死亡，超越现实。,draft,pass10_lua_flavor
car_6c5e172cc5b0,cards_sheet,key,FLAVOR_TOWERASKARA,FLAVOR_TOWERASKARA,"Their fingers sift though every idea that was, is, or ever will be.",她们的手指筛过曾有、现有、或将有的每一个念头。,draft,pass10
car_f8d35d3d72fb,cards_sheet,key,FLAVOR_TREASUREHUNTER,FLAVOR_TREASUREHUNTER,As if he needed an excuse to hunt monsters.,好像他还需要借口去猎怪似的。,draft,pass10
car_d808603ae227,cards_sheet,key,FLAVOR_TREASURESOFTHESTUDY,FLAVOR_TREASURESOFTHESTUDY,"""Seek not outside you, Logos is within.""<br>-- Treasure case inscription",「勿向外求，逻各斯在内。」<br>——宝匣铭文,draft,pass10
car_e730d008fb82,cards_sheet,key,FLAVOR_TRINKETHARPY,FLAVOR_TRINKETHARPY,"""That's a beautiful pendant. Such a shame you won't be needing it anymore.""",「多漂亮的吊坠。可惜你再也用不上了。」,draft,pass10
car_0d9526b83f25,cards_sheet,key,FLAVOR_TROPHYHUNTER,FLAVOR_TROPHYHUNTER,"He doesn't always hunt monsters, but when he does, he hangs them on the wall. ",他不总是猎怪，但一旦猎到，就会挂在墙上。,draft,pass10
car_e4d8ed9ea4b6,cards_sheet,key,FLAVOR_TRUTHSEEKER,FLAVOR_TRUTHSEEKER,"""The sudden appearance of these shards is troubling.  We must discover their true nature.""",「这些碎片突然出现令人不安。我们必须查明其真正本质。」,draft,pass10
car_cdb5e7aa8a73,cards_sheet,key,FLAVOR_TUSKRIDER,FLAVOR_TUSKRIDER,Truffles and manflesh.,松露与人肉。,draft,pass10_lua_flavor
car_38fc3dd851f1,cards_sheet,key,FLAVOR_TWILIGHTSCOUT,FLAVOR_TWILIGHTSCOUT,Their love for the light leads them where it is needed most.,对光明的爱把他们带到最需要光明之处。,draft,pass10
car_18c4ad47129d,cards_sheet,key,FLAVOR_TWOFOLDASKARA,FLAVOR_TWOFOLDASKARA,<sprite=115>,<sprite=115>,draft,
car_e4988aafe50c,cards_sheet,key,FLAVOR_TWOFOLDASKARA10TH,FLAVOR_TWOFOLDASKARA10TH,"Divine incarnations of concepts and emotions,<br>the Askara are impossible creatures.",概念与情感的神圣化身，<br>阿斯卡拉是不可能的存在。,draft,pass10
car_a0ce5a617eec,cards_sheet,key,FLAVOR_UMBRALEDGE,FLAVOR_UMBRALEDGE,"""He cannot hide from me, who has seen what lies beyond the last horizon."" -- Emri",「他无法躲过我——我已见过最后地平线之外的景象。」——艾姆瑞,draft,pass10
car_564370b5df5b,cards_sheet,key,FLAVOR_UMBRALEDGEETER,FLAVOR_UMBRALEDGEETER,"""He cannot hide from me, who has seen what lies beyond the last horizon."" -- Emri",「他无法躲过我——我已见过最后地平线之外的景象。」——艾姆瑞,draft,pass10
car_2a444a9c27db,cards_sheet,key,FLAVOR_UNDAUNTEDSCOUT,FLAVOR_UNDAUNTEDSCOUT,"The most fearless in a society that values fearlessness, the scouts lead the charge, and all others follow.",在珍视无畏的社会中最无畏者，斥候冲锋在前，众人跟随。,draft,pass10
car_b6604bfabb4b,cards_sheet,key,FLAVOR_UNSPEAKABLEDOOM,FLAVOR_UNSPEAKABLEDOOM,Nope.,不行。,draft,
car_72436fe7e676,cards_sheet,key,FLAVOR_UPGRADEFOUNDRY,FLAVOR_UPGRADEFOUNDRY,this won't hurt... much,这不会太疼……大概,draft,pass10
car_3d1b214a8ef0,cards_sheet,key,FLAVOR_VALIANTASCETIC,FLAVOR_VALIANTASCETIC,"As they honor their losses, the Arha remember that true nobility lies in sacrifice for a greater cause.",亚哈在纪念损失时记得：真正的高贵在于为更大事业牺牲。,draft,pass10
car_d9c0d8c31f61,cards_sheet,key,FLAVOR_VEDAHSAGEOFSWORDS,FLAVOR_VEDAHSAGEOFSWORDS,"""I contemplated for a hundred years a single blade of grass. I made it my entire world, my only adversary. Then, I cut it down.""",「我用一百年思索一根草叶。它成了我的整个世界、唯一对手。然后，我斩断了它。」,draft,pass10
car_6560006dad84,cards_sheet,key,FLAVOR_VENOMPRIESTESS,FLAVOR_VENOMPRIESTESS,Their poisons are the preferred of Black Watch assassins.,她们的毒素是黑卫刺客的首选。,draft,pass10
car_7547c62c014c,cards_sheet,key,FLAVOR_VERDANTCHANTER,FLAVOR_VERDANTCHANTER,Even the forest needs hope in the absence of light.,即便是森林，在缺光时也需要希望。,draft,pass10
car_50704dd8ffb2,cards_sheet,key,FLAVOR_VERDANTCROWN,FLAVOR_VERDANTCROWN,"""Even the largest forest starts with but a single seed."" -Stone Circle Invocation",「再大的森林也始于一粒种子。」——石环祈咒,draft,pass10
car_4725ac134126,cards_sheet,key,FLAVOR_VERDANTELEMENTAL,FLAVOR_VERDANTELEMENTAL,Plants teach us that life will always begin again.,植物教导我们：生命总会重新开始。,draft,pass10
car_2c23d574d202,cards_sheet,key,FLAVOR_VERDANTHATCHLING,FLAVOR_VERDANTHATCHLING,"When Verdagris awakens, so do the hatchling.",当维达格里斯苏醒，幼雏亦然。,draft,pass10
car_5be1f0a2d8ee,cards_sheet,key,FLAVOR_VIGILSRESOLVE,FLAVOR_VIGILSRESOLVE,A sword's strength comes as much from the bearer as it does the metal.,剑的力量既来自金属，也来自持剑之人。,draft,pass10
car_1b50a4a95717,cards_sheet,key,FLAVOR_VIREPHEMERALGURU,FLAVOR_VIREPHEMERALGURU,All who see him have no choice but to follow.,凡看见他的人，别无选择，只能跟随。,draft,pass9b;pass10
car_365e1a3b751b,cards_sheet,key,FLAVOR_VOIDAVENGER,FLAVOR_VOIDAVENGER,Every kill brings him closer to redeeming his fallen brethren.,每一次击杀都让他更接近救赎陨落的同袍。,draft,pass10
car_62413dc28df0,cards_sheet,key,FLAVOR_VOIDCYCLERBLUEPRINT,FLAVOR_VOIDCYCLERBLUEPRINT,"""Hopefully this one doesn't blow up, I just grew my<br>eyebrows back."" - Emma Ironheart",「真好奇这玩意儿能砸出多大坑。」——艾玛·铁心,draft,pass10_lua_flavor
car_c7775a9647f7,cards_sheet,key,FLAVOR_VOIDFORGEDPALADIN,FLAVOR_VOIDFORGEDPALADIN,The Black Watch and the Templars found a common language in battle.,黑卫与圣殿武士在战斗中找到了共同语言。,draft,pass10
car_3aeb6bbdd120,cards_sheet,key,FLAVOR_VOIDINITIATE10TH,FLAVOR_VOIDINITIATE10TH,The initiation is as harsh as the lands<br>from which they hail from.,入会仪式一如他们来自的土地<br>那般严酷。,draft,pass10
car_5988e6ac92b1,cards_sheet,key,FLAVOR_VOIDMESMER,FLAVOR_VOIDMESMER,Blood calls to blood.,血召唤血。,draft,pass10
car_e9ffd80718d1,cards_sheet,key,FLAVOR_VOIDMILITIA,FLAVOR_VOIDMILITIA,"""Show off...""",「爱现……」,draft,
car_fe8ef3b7a155,cards_sheet,key,FLAVOR_VOIDSPEAKER,FLAVOR_VOIDSPEAKER,A ravenous appetite for human emotion.,对人类情感有着贪婪的食欲。,draft,pass10_lua_flavor
car_c6e2060adb3d,cards_sheet,key,FLAVOR_VOIDSPEAKERETER,FLAVOR_VOIDSPEAKERETER,A ravenous appetite for human emotion.,对人类情感有着贪婪的食欲。,draft,pass10_lua_flavor
car_e3e940300fd2,cards_sheet,key,FLAVOR_VOIDSWORNCHAMPION,FLAVOR_VOIDSWORNCHAMPION,Most are driven mad by the call of the void. Those already mad hear only wardrums.,多数人被虚空的召唤逼疯。本已疯狂者只听见战鼓。,draft,pass10
car_31b8385a9076,cards_sheet,key,FLAVOR_VOIDSWORNWARRIOR,FLAVOR_VOIDSWORNWARRIOR,Those at the edge of oblivion feel its pull most.,立于湮灭边缘者，感受其牵引最深。,draft,pass10
car_0ebd91b16c8f,cards_sheet,key,FLAVOR_VYRAKTHEFIRST,FLAVOR_VYRAKTHEFIRST,Even the druids have forgotten the tongue he was named in.,连德鲁伊也忘了他得名所自的语言。,draft,pass10
car_9501a5433647,cards_sheet,key,FLAVOR_WAILINGSPECTRE,FLAVOR_WAILINGSPECTRE,"Denizens of Vigil lock their doors at the first scream of the night, clinging to the false hope that it will save them.",夜中第一声尖叫响起，祈夜居民便锁上门，紧抓那虚假的希望：门能救他们。,draft,pass10
car_e91f2be48730,cards_sheet,key,FLAVOR_WARPDRUID,FLAVOR_WARPDRUID,Bark split flesh as<br>muscle hardened to wood.,树皮撕裂血肉。,draft,pass10_lua_flavor
car_174b65b8998b,cards_sheet,key,FLAVOR_WARPROGUE,FLAVOR_WARPROGUE,A wish granted is a dream destroyed.,爱是一场梦。爱是一场梦魇。,draft,pass10_lua_flavor
car_9e0ba37f002d,cards_sheet,key,FLAVOR_WATCHMAKERSALTAR10TH,FLAVOR_WATCHMAKERSALTAR10TH,"You may delay, but time will not.",你可以拖延，时间不会。,draft,pass10
car_9172f2c38b5f,cards_sheet,key,FLAVOR_WATCHTOWERGOLEM,FLAVOR_WATCHTOWERGOLEM,"Yay, visitors!",太好了，有客人！,draft,
car_e682645380cc,cards_sheet,key,FLAVOR_WATERELEMENTAL,FLAVOR_WATERELEMENTAL,Water teaches us that change is inevitable.,水教导我们：变化不可避免。,draft,pass10
car_2f33b4e87a73,cards_sheet,key,FLAVOR_WEAPON303V,FLAVOR_WEAPON303V,"TOTAL crew - 23<br>10 wheelmen, 12 operators,1 certified barrel technician ",编制 23 人<br>10 名驾驶员，12 名操作员，1 名持证炮管技师,draft,
car_fe6c29668f34,cards_sheet,key,FLAVOR_WHIRLWINDASCETIC,FLAVOR_WHIRLWINDASCETIC,The maelstrom surrounding him is matched only by the calm within him.,环绕他的漩涡，唯有他内心的平静可与之匹敌。,draft,pass10
car_ea3752ba9e2b,cards_sheet,key,FLAVOR_WICKEDEND,FLAVOR_WICKEDEND,"Victory comes at a cost, but it is cheaper than defeat.",胜利有代价，但比失败便宜。,draft,pass10
car_e3eb06e9ae2d,cards_sheet,key,FLAVOR_WILDBARKMAIL,FLAVOR_WILDBARKMAIL,"Nairi spoke to the sentries, ""Wear your armor with pride, and know that the forest defends you as you defend it.""",奈瑞对哨兵说：「自豪地穿上你的铠甲，并知道：森林守护你，正如你守护森林。」,draft,pass10
car_9fe10e6ad899,cards_sheet,key,FLAVOR_WILDCALLSTAFF,FLAVOR_WILDCALLSTAFF,With great power comes a great hunger for more.,强大的力量伴随更强的渴求。,draft,pass10
car_153826fff39c,cards_sheet,key,FLAVOR_WILDFIREELEMENTAL,FLAVOR_WILDFIREELEMENTAL,"We don't need no water, let this wildfire burn.",我们不需要水，就让野火燃烧。,draft,pass10
car_56b4d9b24b92,cards_sheet,key,FLAVOR_WILDGEARDRUID,FLAVOR_WILDGEARDRUID,The druids admired the monks' resourcefulness and ingenuity. The monks admired the druids' embrace of the unknown.,德鲁伊钦佩僧侣的机巧与创见。僧侣钦佩德鲁伊对未知的拥抱。,draft,pass10
car_a9f8efb8faa5,cards_sheet,key,FLAVOR_WILDRIFTDRAKE,FLAVOR_WILDRIFTDRAKE,"The dark beasts shriek through the night sky, providing new nightmares for a new world.",黑暗兽群划破夜空尖叫，为新世界带来新噩梦。,draft,pass10
car_e4a429b29614,cards_sheet,key,FLAVOR_WINDTYRANT10TH,FLAVOR_WINDTYRANT10TH,"""There's a lot more than a storm coming.""<br>-Oziah",「要来的远不止一场风暴。」<br>——奥齐亚,draft,pass10
car_1c2461f291c0,cards_sheet,key,FLAVOR_WOLFSHAMAN10TH,FLAVOR_WOLFSHAMAN10TH,You will know your calling when you howl at the moon and her children howl back.,当你对月嚎叫，而她的孩子回应时，你便知道自己的召唤。,draft,pass10
car_9ea7a02adf7c,cards_sheet,key,FLAVOR_WOLFSHAMANRU,FLAVOR_WOLFSHAMANRU,"""You guys might not know this, but I consider myself a bit of a loner.""",「你们或许不知道，但我自认有点独行。」,draft,pass10
car_c6d5b590ba33,cards_sheet,key,FLAVOR_WORKSHOPGARGOYLE,FLAVOR_WORKSHOPGARGOYLE,They would be more helpful if they weren't nuts,要不是疯疯癫癫，它们会更有用,draft,pass10
car_109e4f3aa931,cards_sheet,key,FLAVOR_WORKSHOPGARGOYLEETER,FLAVOR_WORKSHOPGARGOYLEETER,They would be more helpful if they weren't nuts,要不是疯疯癫癫，它们会更有用,draft,pass10
car_0ad20d556206,cards_sheet,key,FLAVOR_WRECKLAMAX,FLAVOR_WRECKLAMAX,Are you ready to rubble?,准备好碎石了吗？,draft,pass10
car_4a3a3b27500c,cards_sheet,key,FLAVOR_XERONDUKEOFLIES10TH,FLAVOR_XERONDUKEOFLIES10TH,They say every word Xeron utters<br>costs a thousand lives.,据说泽伦每说一个字<br>就付出上千条性命。,draft,pass10
car_e0d1e7bd0910,cards_sheet,key,FLAVOR_XERONFALSEALLY,FLAVOR_XERONFALSEALLY,"He's always happy to help, For a price.",他总乐意帮忙——有代价。,draft,pass10
car_10215bc4da51,cards_sheet,key,FLAVOR_YGGDRASILCANOPY,FLAVOR_YGGDRASILCANOPY,From there come the dews that drop in the dells. It stands forever green over Aiyana's wells.,露水自彼处落入幽谷。它永绿屹立，覆于艾雅娜之井上。,draft,pass10
car_f18e93b81501,cards_sheet,key,FLAVOR_YGGDRASILSTAFF,FLAVOR_YGGDRASILSTAFF,<sprite=173>,<sprite=173>,draft,
car_19a3abdb4a8d,cards_sheet,key,FLAVOR_YGGDRASILSTAFF10TH,FLAVOR_YGGDRASILSTAFF10TH,"As it grows, so too does the power of its wielder.",它生长时，持有者的力量亦然。,draft,pass10
car_c1ee74aa1148,cards_sheet,key,FLAVOR_YOLOTHIANMONOLITH,FLAVOR_YOLOTHIANMONOLITH,Energy source detected. Calculating life expectancy...,侦测到能源。正在计算预期寿命……,draft,pass10
car_c1d341844ce8,cards_sheet,key,FLAVOR_YUREYEOFCHAOS,FLAVOR_YUREYEOFCHAOS,"Forces of nature are neither good or bad, but they are capable of creating or destroying all the same.",自然之力无关善恶，却同样能创造或毁灭。,draft,pass10
car_713a6e41f94a,cards_sheet,key,FLAVOR_ZEROPOINTREACTOR,FLAVOR_ZEROPOINTREACTOR,"The universe began with a big bang, but the monks felt there was room for improvement",宇宙始于大爆炸，但僧侣觉得还有改进空间,draft,pass10
car_762ff0089b0e,cards_sheet,key,FLAVOR_ZETAARSENAL,FLAVOR_ZETAARSENAL,Choose your weapon.,选择你的武器。,draft,pass10
car_efaee39c83cc,cards_sheet,key,FLAVOR_ZINTASBRACERS,FLAVOR_ZINTASBRACERS,Zinta reached into the<br>Void and from it pulled daggers.,辛塔探入虚空，从中抽出匕首。,draft,pass10_lua_flavor
car_0027ce4311b4,cards_sheet,key,FLAVOR_ZISDREAMREAPER,FLAVOR_ZISDREAMREAPER,"As many ways to die, as there are dreams to be dreamt.",死法之多，恰如梦境之多。,draft,pass10_lua_flavor
car_05c7f96889e2,cards_sheet,key,LABEL_DAY,LABEL_DAY,<b>DAY:</b>,<b>昼：</b>,draft,
car_fed3c40b8651,cards_sheet,key,LABEL_DREAMBIND,LABEL_DREAMBIND,<B>Dreambind:</B>,<B>梦缚：</B>,draft,
car_d31b584d1be1,cards_sheet,key,LABEL_ECHO,LABEL_ECHO,<b>ECHO:</b>,<b>回响：</b>,draft,
car_5c1be23b155b,cards_sheet,key,LABEL_ENERGIZE,LABEL_ENERGIZE,<b>Energize</b>,<b>充能</b>,draft,
car_6e296f5174fe,cards_sheet,key,LABEL_EVENT_TROPHY,LABEL_EVENT_TROPHY,<b>Event Trophy:</b>,<b>事件战利品：</b>,draft,
car_740234b06ca2,cards_sheet,key,LABEL_FATE,LABEL_FATE,<color=#fdc60eff><B>FATE:</B></color>,<color=#fdc60eff><B>天命：</B></color>,draft,
car_a130e0bd25de,cards_sheet,key,LABEL_INFEST,LABEL_INFEST,<b>INFEST - </b>,<b>感染 - </b>,draft,
car_b80cab7cefc9,cards_sheet,key,LABEL_MULTIUNITE,LABEL_MULTIUNITE,<b>MULTI-UNITE:</b>,<b>多重联合：</b>,draft,
car_d02690dee06f,cards_sheet,key,LABEL_NIGHT,LABEL_NIGHT,<b>NIGHT:</b>,<b>夜：</b>,draft,
car_9429b0d99ed4,cards_sheet,key,LABEL_ONGOING,LABEL_ONGOING,<b>ONGOING:</b>,<b>持续：</b>,draft,
car_81d9a0ec79bf,cards_sheet,key,LABEL_PHANTASM,LABEL_PHANTASM,<B><I>Phantasm - </I></B>,<B><I>幻象 - </I></B>,draft,
car_bdfed473f945,cards_sheet,key,LABEL_PLUNDER,LABEL_PLUNDER,<B><I>Plunder - </I></B>,<B><I>掠夺 - </I></B>,draft,
car_024f2aadc7cc,cards_sheet,key,LABEL_RALLY_ENLIGHTENED,LABEL_RALLY_ENLIGHTENED,<b>Rally: Enlightened</b>,<b>集结：圣贤</b>,draft,
car_617bd0f8c663,cards_sheet,key,LABEL_RALLY_LIFEBOUND,LABEL_RALLY_LIFEBOUND,<b>Rally: Lifebound</b>,<b>集结：命约</b>,draft,
car_37b7c7180fc5,cards_sheet,key,LABEL_RALLY_MECHANA,LABEL_RALLY_MECHANA,<b>Rally: Mechana</b>,<b>集结：机械</b>,draft,
car_b088a1529eda,cards_sheet,key,LABEL_RALLY_MONSTER,LABEL_RALLY_MONSTER,<b>Rally: Monster</b>,<b>集结：怪物</b>,draft,
car_f93525ca3d23,cards_sheet,key,LABEL_RALLY_VOID,LABEL_RALLY_VOID,<b>Rally: Void</b>,<b>集结：虚空</b>,draft,
car_ee859c2f4855,cards_sheet,key,LABEL_REWARD,LABEL_REWARD,<B>Reward:</B>,<B>奖励：</B>,draft,
car_a36520851b91,cards_sheet,key,LABEL_SERENITY,LABEL_SERENITY,<b>SERENITY:</b>,<b>宁静：</b>,draft,
car_abd770dafff6,cards_sheet,key,LABEL_TRANSFORM,LABEL_TRANSFORM,<B>Transform - </B>,<B>转化 - </B>,draft,
car_562a617cd353,cards_sheet,key,LABEL_TROPHY,LABEL_TROPHY,<color=#951719FF><B>Trophy:</B></color>,<color=#951719FF><B>战利品：</B></color>,draft,
car_b55aa441f755,cards_sheet,key,LABEL_TROPHY_ONGOING,LABEL_TROPHY_ONGOING,<color=#951719FF><B>Ongoing Trophy:</B></color>,<color=#951719FF><B>持续战利品：</B></color>,draft,
car_991b999750de,cards_sheet,key,LABEL_UNITE,LABEL_UNITE,<b>Unite:</b>,<b>联合：</b>,draft,
car_a3269ee2381e,cards_sheet,key,NIGHT_AKLYSTHESCOURGE,NIGHT_AKLYSTHESCOURGE,${LABEL_NIGHT} Defeat all other Monsters in the center row without paying their costs.,${LABEL_NIGHT} 击败所有其他怪物在中央牌列无需支付费用.,draft,
car_c2929113a021,cards_sheet,key,NIGHT_DARKGLADIATOR,NIGHT_DARKGLADIATOR,${LABEL_NIGHT} Gain an additional ${ICON_POWER2}.,${LABEL_NIGHT} 获得额外的 ${ICON_POWER2}.,draft,
car_761293f0a4ad,cards_sheet,key,NIGHT_DREADCONJURER,NIGHT_DREADCONJURER,${LABEL_NIGHT} You may banish a card in your hand or discard pile.,${LABEL_NIGHT} 你可以从你的手牌或弃牌堆放逐一张卡牌.,draft,pass9b
car_0a92fe59fa45,cards_sheet,key,NIGHT_EMBERWINGMOTH,NIGHT_EMBERWINGMOTH,${LABEL_NIGHT} Each opponent chooses a Construct they control and destroys the rest.,${LABEL_NIGHT} 每位对手选择其控制的一件神器，并摧毁其余神器。,draft,pass12
car_8c2537e820c1,cards_sheet,key,NIGHT_LEGIONOFAKLYS,NIGHT_LEGIONOFAKLYS,"${LABEL_TROPHY_ONGOING} When you acquire or defeat a ${ICON_NIGHT} card, gain ${ICON_HONOR2}.","${LABEL_TROPHY_ONGOING} 当你获取或 击败 ${ICON_NIGHT} 卡牌, 获得${ICON_HONOR2}.",draft,pass9b
car_1b1c5debb857,cards_sheet,key,NIGHT_LIEUTENANTDUROS,NIGHT_LIEUTENANTDUROS,${LABEL_NIGHT} Take ${ICON_HONOR5} from an opponent of your choice.,${LABEL_NIGHT} 从一名你选择的对手处拿走 ${ICON_HONOR5}。,draft,pass12
car_ad74196f1435,cards_sheet,key,NIGHT_LIGHTOFFALSEHOPE,NIGHT_LIGHTOFFALSEHOPE,${LABEL_NIGHT} Draw 2 Cards.,${LABEL_NIGHT} 抽 2 卡牌.,draft,
car_4fe5baa3f898,cards_sheet,key,NIGHT_LUNARGUARDIAN,NIGHT_LUNARGUARDIAN,${LABEL_NIGHT} Gain ${ICON_POWER2}.,${LABEL_NIGHT} 获得${ICON_POWER2}.,draft,
car_78cae64c9eea,cards_sheet,key,NIGHT_LUROTHEHUNTER,NIGHT_LUROTHEHUNTER,${LABEL_NIGHT} You may spend ${ICON_RUNE} as ${ICON_POWER} and ${ICON_POWER} as ${ICON_RUNE} this turn.,${LABEL_NIGHT} 你可以花费 ${ICON_RUNE} 作为 ${ICON_POWER} 和 ${ICON_POWER} 作为 ${ICON_RUNE} 本回合.,draft,
car_2915672211fa,cards_sheet,key,NIGHT_SHADEOFSADRANIS,NIGHT_SHADEOFSADRANIS,"${LABEL_NIGHT} Once this turn, you may defeat a non-Trophy Monster in the void as though it was in the center row. If you do, put it on the bottom of the center deck.","${LABEL_NIGHT} 本回合一次, 你可以击败非战利品怪物在 虚空区视为在中央牌列. 若如此做，将它放置置于其底： 传送门牌库.",draft,pass9b
car_29f2e4e2cfc4,cards_sheet,key,NIGHT_SHADEVIPER,NIGHT_SHADEVIPER,"${LABEL_TROPHY} If it is Night, banish this to gain ${ICON_POWER1}.","${LABEL_TROPHY} 若当前为夜, 放逐此牌以获得${ICON_POWER1}.",draft,pass9c
car_56d485ddd6ea,cards_sheet,key,NIGHT_VERDANTCHANTER,NIGHT_VERDANTCHANTER,${LABEL_NIGHT} You may put Heroes you acquire this turn on top of your deck.,${LABEL_NIGHT} 你可以放置英雄你 获取本回合放到你的牌库顶.,draft,
car_56140134f943,cards_sheet,key,NIGHT_WARTORNARBITER,NIGHT_WARTORNARBITER,${LABEL_NIGHT} Gain ${ICON_POWER1}. You may banish a card in your hand or discard pile.,${LABEL_NIGHT} 获得${ICON_POWER1}. 你可以从你的手牌或弃牌堆放逐一张卡牌.,draft,pass9b
car_9a1ecdfcf1b7,cards_sheet,key,TROPHY_AKAMTHEGENIE,TROPHY_AKAMTHEGENIE,"${LABEL_TROPHY_ONGOING} Put three Wish counters on Akam.<br>Once per turn, you may remove a Wish counter to gain ${ICON_RUNE2} or ${ICON_POWER2}. When Akam has no Wish counters, banish it.","${LABEL_TROPHY_ONGOING} 放置三 愿望指示物在 阿卡姆.<br>每回合一次，你可以移除愿望指示物以 获得${ICON_RUNE2} 或 ${ICON_POWER2}. 当阿卡姆具有没有愿望指示物, 放逐它.",draft,
car_4d756c5bdc32,cards_sheet,key,TROPHY_CACKLINGJACKAL,TROPHY_CACKLINGJACKAL,${LABEL_TROPHY} Banish this to gain ${ICON_RUNE1}.,${LABEL_TROPHY} 放逐此 以获得${ICON_RUNE1}.,draft,
car_6a788d017280,cards_sheet,key,TROPHY_DECEITFULGHOUL,TROPHY_DECEITFULGHOUL,${LABEL_TROPHY} Banish this to banish a card in the center row.,${LABEL_TROPHY} 放逐此 以放逐中央牌列的一张卡牌.,draft,pass11
car_1935c44cf497,cards_sheet,key,TROPHY_FANATICSOS,TROPHY_FANATICSOS,${LABEL_TROPHY} You may banish this to gain the current Event Trophy effect.,${LABEL_TROPHY} 你可以放逐此牌以获得当前事件战利品效果.,draft,pass9c
car_68690500c3e2,cards_sheet,key,TROPHY_GROWMITES,TROPHY_GROWMITES,"${LABEL_TROPHY_ONGOING} When you defeat another Growmites, gain ${ICON_HONOR2}.","${LABEL_TROPHY_ONGOING} 当你击败另一增生螨, 获得${ICON_HONOR2}.",draft,pass9b
car_7f170dafee94,cards_sheet,key,TROPHY_HOARDINGTYRANT,TROPHY_HOARDINGTYRANT,${LABEL_TROPHY} You may banish this to gain ${ICON_RUNE2}.,${LABEL_TROPHY} 你可以放逐此牌以获得${ICON_RUNE2}.,draft,pass9c
car_79dfbf422d39,cards_sheet,key,TROPHY_HOARDINGWHELP,TROPHY_HOARDINGWHELP,${LABEL_TROPHY} You may banish this to gain ${ICON_POWER1}.,${LABEL_TROPHY} 你可以放逐此牌以获得${ICON_POWER1}.,draft,pass9c
car_e8c5ab180f0f,cards_sheet,key,TROPHY_KYTHISREBELGODLING,TROPHY_KYTHISREBELGODLING,"${LABEL_TROPHY_ONGOING} Once per turn, gain a Soul Gem.",${LABEL_TROPHY_ONGOING} 每回合一次，获得灵魂宝石.,draft,
car_ad6f1fd3921e,cards_sheet,key,TROPHY_KYTHISREBELGODLINGV2,TROPHY_KYTHISREBELGODLINGV2,"${LABEL_TROPHY_ONGOING} Once per turn, gain a Soul Gem.",${LABEL_TROPHY_ONGOING} 每回合一次，获得灵魂宝石.,draft,
car_85cc5b1134cc,cards_sheet,key,TROPHY_MINOTAUR,TROPHY_MINOTAUR,${LABEL_TROPHY} You may banish this to draw a card.,${LABEL_TROPHY} 你可以放逐此牌以 抽一张牌.,draft,
car_26c7c915776a,cards_sheet,key,TROPHY_NOTHINGMAN,TROPHY_NOTHINGMAN,${LABEL_TROPHY} Banish this to gain a Soul Gem.,${LABEL_TROPHY} 放逐此 以获得灵魂宝石.,draft,
car_c05faf98a722,cards_sheet,key,TROPHY_SERPENTSIREN,TROPHY_SERPENTSIREN,${LABEL_TROPHY} You may banish this to gain ${ICON_ENERGY1}.,${LABEL_TROPHY} 你可以放逐此牌以获得${ICON_ENERGY1}.,draft,pass9c
car_64deac63b671,cards_sheet,key,TROPHY_SMOKETYRANT,TROPHY_SMOKETYRANT,"${LABEL_TROPHY_ONGOING} Once per turn, gain ${ICON_ENERGY1} for each Treasure under this.",${LABEL_TROPHY_ONGOING} 每回合一次，获得${ICON_ENERGY1} 以每个宝藏其下此.,draft,
car_e7efff45c438,cards_sheet,key,TROPHY_UNCHAINEDFATES,TROPHY_UNCHAINEDFATES,${LABEL_TROPHY} You may banish this to draw two cards.,${LABEL_TROPHY} 你可以放逐此牌以 抽两张牌.,draft,
car_12e48f59a246,cards_sheet,key,TROPHY_VAULTSPHINX,TROPHY_VAULTSPHINX,${LABEL_TROPHY} You may banish this to gain ${ICON_ENERGY2}.,${LABEL_TROPHY} 你可以放逐此牌以获得${ICON_ENERGY2}.,draft,pass9c
car_0faa8912ad94,cards_sheet,key,TROPHY_XERONLORDOFDEOFOL,TROPHY_XERONLORDOFDEOFOL,"${LABEL_TROPHY_ONGOING} You may defeat Heroes in the center row by paying ${ICON_POWER} equal to their ${ICON_RUNE} cost. If you do, gain ${ICON_HONOR} equal to its ${ICON_HONOR} value and copy the effect of that Hero.",${LABEL_TROPHY_ONGOING} 你可以击败英雄在中央牌列被 支付 ${ICON_POWER} 等同于 其 ${ICON_RUNE} 费用. 若如此做，获得${ICON_HONOR} 等同于 其 ${ICON_HONOR} 值和 复制效果的 该英雄.,draft,pass9b;pass11
