key,en
LABEL_REWARD,<B>Reward:</B>
LABEL_FATE,<color=#fdc60eff><B>FATE:</B></color>
LABEL_TROPHY,<color=#951719FF><B>Trophy:</B></color>
LABEL_TROPHY_ONGOING,<color=#951719FF><B>Ongoing Trophy:</B></color>
LABEL_EVENT_TROPHY,<b>Event Trophy:</b>
LABEL_UNITE,<b>Unite:</b>
LABEL_MULTIUNITE,<b>MULTI-UNITE:</b>
LABEL_ENERGIZE,<b>Energize</b>
LABEL_RALLY_ENLIGHTENED,<b>Rally: Enlightened</b>
LABEL_RALLY_LIFEBOUND,<b>Rally: Lifebound</b>
LABEL_RALLY_MECHANA,<b>Rally: Mechana</b>
LABEL_RALLY_VOID,<b>Rally: Void</b>
LABEL_RALLY_MONSTER,<b>Rally: Monster</b>
LABEL_ONGOING,<b>ONGOING:</b>
LABEL_DAY,<b>DAY:</b>
LABEL_NIGHT,<b>NIGHT:</b>
LABEL_INFEST,<b>INFEST - </b>
LABEL_SERENITY,<b>SERENITY:</b>
LABEL_ECHO,<b>ECHO:</b>
LABEL_DREAMBIND,<B>Dreambind:</B>
LABEL_PHANTASM,<B><I>Phantasm - </I></B>
LABEL_TRANSFORM,<B>Transform - </B>
LABEL_PLUNDER,<B><I>Plunder - </I></B>
FLAVOR_DRUIDSOFTHESTONECIRCLE,<sprite=32>
CARDNAME_MECHANAINITIATE,<sprite=33>
EFFECT_MECHANAINITIATE,<sprite=34>
FLAVOR_MECHANAINITIATE,<sprite=35>
CARDNAME_LIFEBOUNDINITIATE,<sprite=36>
EFFECT_LIFEBOUNDINITIATE,<sprite=37>
FLAVOR_LIFEBOUNDINITIATE,<sprite=38>
CARDNAME_RUNICLYCANTHROPE,<sprite=39>
EFFECT_RUNICLYCANTHROPE,<sprite=40>
FLAVOR_RUNICLYCANTHROPE,<sprite=41>
CARDNAME_LANDTALKER,<sprite=0>
EFFECT_LANDTALKER,<sprite=1>
FLAVOR_LANDTALKER,<sprite=2>
CARDNAME_XERONDUKEOFLIES,<sprite=3>
EFFECT_XERONDUKEOFLIES,<sprite=4>
CARDNAME_SNAPDRAGON,<sprite=5>
EFFECT_SNAPDRAGON,<sprite=6>
FLAVOR_SNAPDRAGON,<sprite=7>
CARDNAME_CETRAWEAVEROFSTARS,<sprite=8>
EFFECT_CETRAWEAVEROFSTARS,<sprite=9>
FLAVOR_CETRAWEAVEROFSTARS,<sprite=10>
CARDNAME_MYSTIC,<sprite=64>
EFFECT_MYSTIC,<sprite=65>
CARDNAME_AVATARGOLEM,<sprite=66>
EFFECT_AVATARGOLEM,<sprite=67>
CARDNAME_CULTIST,<sprite=68>
EFFECT_CULTIST,<sprite=69>
FLAVOR_CULTIST,<sprite=70>
CARDNAME_SHADOWSTAR,<sprite=71>
EFFECT_SHADOWSTAR,<sprite=72>
FLAVOR_SHADOWSTAR,<sprite=73>
CARDNAME_WINDTYRANT,<sprite=74>
EFFECT_WINDTYRANT,<sprite=75>
CARDNAME_THEALLSEEINGEYE,<sprite=96>
EFFECT_THEALLSEEINGEYE,<sprite=97>
FLAVOR_THEALLSEEINGEYE,<sprite=98>
CARDNAME_TORMENTEDSOUL,<sprite=99>
EFFECT_TORMENTEDSOUL,<sprite=100>
CARDNAME_SEATYRANT,<sprite=101>
EFFECT_SEATYRANT,<sprite=102>
CARDNAME_MISTAKEOFCREATION,<sprite=103>
EFFECT_MISTAKEOFCREATION,<sprite=104>
CARDNAME_SAMAELSTRICKSTER,<sprite=105>
EFFECT_SAMAELSTRICKSTER,<sprite=112>
CARDNAME_TWOFOLDASKARA,<sprite=113>
EFFECT_TWOFOLDASKARA,<sprite=114>
FLAVOR_TWOFOLDASKARA,<sprite=115>
CARDNAME_CORROSIVEWIDOW,<sprite=116>
EFFECT_CORROSIVEWIDOW,<sprite=117>
CARDNAME_MASTERDHARTHA,<sprite=118>
EFFECT_MASTERDHARTHA,<sprite=119>
FLAVOR_MASTERDHARTHA,<sprite=120>
CARDNAME_ARHATEMPLAR,<sprite=121>
EFFECT_ARHATEMPLAR,<sprite=122>
FLAVOR_ARHATEMPLAR,<sprite=123>
CARDNAME_BURROWERMARKII,<sprite=125>
EFFECT_BURROWERMARKII,<sprite=136>
FLAVOR_BURROWERMARKII,<sprite=143>
CARDNAME_APPRENTICE,<sprite=142>
EFFECT_APPRENTICE,<sprite=161>
CARDNAME_YGGDRASILSTAFF,<sprite=162>
EFFECT_YGGDRASILSTAFF,<sprite=172>
FLAVOR_YGGDRASILSTAFF,<sprite=173>
CARDNAME_VOIDTHIRSTER,<sprite=174>
EFFECT_VOIDTHIRSTER,"Once per turn, gain ${ICON_POWER1}.<br>The first time you defeat a Monster in the center row each turn, gain ${ICON_HONOR1}."
CARDNAME_SPIKEVIXEN,<size=104>S</size>pike Vixen
EFFECT_SPIKEVIXEN,Gain ${ICON_POWER1}.<br>Draw a card.
FLAVOR_SPIKEVIXEN,"Though Dread Liza has departed the ObsidianRing, many of her deadly students remain."
CARDNAME_SHADEOFTHEBLACKWATCH,<size=104>S</size>hade of the Black W<space=-.075em>atch
EFFECT_SHADEOFTHEBLACKWATCH,Gain ${ICON_POWER2}.<br>You may banish a card in your hand or discard pile.
FLAVOR_SHADEOFTHEBLACKWATCH,"The offspring of Samael and Nyx emerge fromthe Void regularily, and must be banished."
CARDNAME_MURAMASA,<size=104>M</size>uramasa
EFFECT_MURAMASA,"Once per turn, gain ${ICON_POWER3}."
FLAVOR_MURAMASA,"Wield the devil, and hell will tremble before you."
CARDNAME_EMRIONEWITHTHEVOID,"<size=104>E</size>mri, One with the Void"
EFFECT_EMRIONEWITHTHEVOID,Gain ${ICON_POWER4}.
FLAVOR_EMRIONEWITHTHEVOID,"Emri paused above the noble as her blade hovered. ""When you have conquered everything, Xeron"" she said, ""there is still Nothing to fear."""
CARDNAME_TABLETOFTIMESDAWN,<size=104>T</size><space=-.2em>ablet of Time's Dawn
EFFECT_TABLETOFTIMESDAWN,You may banish this Construct to take an additional turn after this one.
FLAVOR_TABLETOFTIMESDAWN,"Foremost of Logos' sons was Time: a cheater, a scoundrel, destined to lord over all in the end."
CARDNAME_DEMONSLAYER,<size=104>D</size><space=-.05em>emon Slayer
EFFECT_DEMONSLAYER,Gain ${ICON_POWER3}.
FLAVOR_DEMONSLAYER,"""How many demons have you slain, stranger?"" Sar asked, lowering his massive sword.  ""One so far,"" Nellin replied, and grinned.  ""But it was a really, really big one."""
CARDNAME_ASCETICOFTHELIDLESSEYE,<size=104>A</size>scetic of the Lidless Eye
EFFECT_ASCETICOFTHELIDLESSEYE,Draw two cards.
FLAVOR_ASCETICOFTHELIDLESSEYE,"""There is nothing obscure about what is to come, Godslayer; the future is always clear to those who choose to see. It is your judgment that is clouded."""
CARDNAME_MILITIA,<size=104>M</size>ilitia
EFFECT_MILITIA,Gain ${ICON_POWER1}.
CARDNAME_ARBITEROFTHEPRECIPICE,<size=104>A</size>rbiter of the Precipice
EFFECT_ARBITEROFTHEPRECIPICE,Draw two cards.  Banish a card in your hand.
FLAVOR_ARBITEROFTHEPRECIPICE,"""Memory and history are no concern of mine. This foul thing should never have existed.  Now, it will be as if it never did."""
CARDNAME_THEGRANDDESIGN,<size=104>T</size><space=-.1em>he Grand Design
EFFECT_THEGRANDDESIGN,"Once per turn, gain ${ICON_RUNE2}.  You may spend it only to acquire Mechana Constructs."
FLAVOR_THEGRANDDESIGN,divine schematic said to detail the primary function.  contains a place for all mechana.
CARDNAME_REACTORMONK,<size=104>R</size>eactor Monk
EFFECT_REACTORMONK,Gain ${ICON_RUNE2}.<br>You pay ${ICON_RUNE1} less the next time you acquire a Construct this turn.
FLAVOR_REACTORMONK,core power output up 20%.Monk Mortality rate up 20%.
CARDNAME_HEAVYINFANTRY,<size=104>H</size>eavy Infantry
EFFECT_HEAVYINFANTRY,Gain ${ICON_POWER2}.
CARDNAME_KORTHEFERROMANCER,"<size=104>K</size>or, the Ferromancer"
EFFECT_KORTHEFERROMANCER,Gain ${ICON_POWER2}.<br>Draw a card if you control 2 or more Constructs.
FLAVOR_KORTHEFERROMANCER,Warning:  junkyard may be hazardous.  Proceed with caution
CARDNAME_TEMPLELIBRARIAN,<size=104>T</size><space=-.15em>emple Librarian
EFFECT_TEMPLELIBRARIAN,"Discard a card.  If you do, draw two cards."
FLAVOR_TEMPLELIBRARIAN,"""Without knowledge, power is illusory. Without order, knowledge is fragmented. Without me, order is impossible."""
CARDNAME_HEDRONLINKDEVICE,<size=104>H</size>edron Link Device
EFFECT_HEDRONLINKDEVICE,You may treat all Constructs as Mechana Constructs.
FLAVOR_HEDRONLINKDEVICE,situation: great seal breached. scattered devices from across all realms are reconnecting. miracle or Tragedy?  please advise.
CARDNAME_HEDRONCANNON,<size=104>H</size>edron Cannon
EFFECT_HEDRONCANNON,"Once per turn, gain ${ICON_POWER1} for each Mechana Construct you control."
FLAVOR_HEDRONCANNON,attention godslayer: conventional war againsT Fallen ONe a waste of time and resources.  New plan:  destroy  with dimensional cannon as shown
CARDNAME_ARHAINITIATE,<size=104>A</size>rha Initiate
EFFECT_ARHAINITIATE,Draw a card.
FLAVOR_ARHAINITIATE,"Nellin observed the whirling movements of the Initiates. ""Are they practicing forms?"" he asked. ""No,"" came the instructor's reply. ""They are meditating."""
CARDNAME_OZIAHTHEPEERLESS,<size=104>O</size>ziah the Peerless
EFFECT_OZIAHTHEPEERLESS,Defeat a Monster that has ${ICON_POWER6} or less without paying its cost.
FLAVOR_OZIAHTHEPEERLESS,"""Child, this new world must have north and south, east and west,"" Logos said. Oziah drew his sword and cut twice.<br>""Father, it is done,"" he replied."
CARDNAME_SEEROFTHEFORKEDPATH,<size=104>S</size>eer of the Forked Path
EFFECT_SEEROFTHEFORKEDPATH,Draw a card.  You may banish a card in the center row.
FLAVOR_SEEROFTHEFORKEDPATH,"""The left path holds death for you, Godslayer. The right path, death for her. You must choose quickly- Samael is on the move."""
CARDNAME_APPRENTICE10TH,<size=104>A</size>pprentice
EFFECT_APPRENTICE10TH,Gain ${ICON_RUNE1}.
CARDNAME_MYSTIC10TH,<size=104>M</size>ystic
EFFECT_MYSTIC10TH,Gain ${ICON_RUNE2}.
CARDNAME_CULTIST10TH,<size=104>C</size>ultist
EFFECT_CULTIST10TH,${LABEL_REWARD} Gain ${ICON_HONOR1}.
FLAVOR_CULTIST10TH,"""Blood!  Shed their blood!  The Fallen One has come to carry us to glory! To remake our world!"""
CARDNAME_WATCHMAKERSALTAR10TH,<size=104>W</size><space=-.2em>atchmaker's Altar
EFFECT_WATCHMAKERSALTAR10TH,"Once per turn, gain ${ICON_RUNE1}.  You may spend it only to acquire Mechana Constructs."
FLAVOR_WATCHMAKERSALTAR10TH,"You may delay, but time will not."
CARDNAME_EARTHTYRANT10TH,<size=104>E</size>arth Tyrant
EFFECT_EARTHTYRANT10TH,${LABEL_REWARD} Gain ${ICON_HONOR5}.  Draw two cards.
FLAVOR_EARTHTYRANT10TH,"In the caverns below, you will find limitless power<br>surrounded by fire and death."
CARDNAME_AVATAROFTHEFALLEN10TH,<size=104>A</size>vatar of the Fallen
EFFECT_AVATAROFTHEFALLEN10TH,<b>Unbanishable</b>.<br>${LABEL_REWARD} Gain ${ICON_HONOR4}. You may acquire or defeat any card in the center row for free.
FLAVOR_AVATAROFTHEFALLEN10TH,I am Eternal. What hope have you to defeat me?
CARDNAME_VOIDINITIATE10TH,<size=104>V</size><space=-.1em>oid Initiate
EFFECT_VOIDINITIATE10TH,Gain ${ICON_RUNE1}.<br>You may banish a card in your hand or discard pile.
FLAVOR_VOIDINITIATE10TH,The initiation is as harsh as the lands<br>from which they hail from.
EFFECT_WOLFSHAMAN10TH,Gain ${ICON_RUNE1}.<br>Draw a card.
CARDNAME_WOLFSHAMAN10TH,<size=104>W</size><space=-.1em>olf Shaman
FLAVOR_WOLFSHAMAN10TH,You will know your calling when you howl at the moon and her children howl back.
CARDNAME_FLYTRAPWITCH10TH,<size=104>F</size>lytrap Witch
EFFECT_FLYTRAPWITCH10TH,Gain ${ICON_HONOR2}.<br>Draw a card.
FLAVOR_FLYTRAPWITCH10TH,The swamp is as perilous as it is hungry.
CARDNAME_MEPHIT10TH,<size=104>M</size>ephit
EFFECT_MEPHIT10TH,${LABEL_REWARD} Gain ${ICON_HONOR2}.  You may banish a card in the center row.
FLAVOR_MEPHIT10TH,"Deliverers of Lies, sowers of confusion."
CARDNAME_ROCKETCOURIERX9910TH,<size=104>R</size>ocket Courier X-99
EFFECT_ROCKETCOURIERX9910TH,"Once per turn, when you acquire a Mechana Construct, you may put it into your hand."
FLAVOR_ROCKETCOURIERX9910TH,You've got mail!
CARDNAME_DRUIDSOFTHESTONECIRCLE10TH,<size=104>D</size><space=-.2em>ruids of the Stone Circle
EFFECT_DRUIDSOFTHESTONECIRCLE10TH,Acquire a Hero that costs ${ICON_RUNE4} or less without paying its cost for free.  Place it on top of your deck.
FLAVOR_DRUIDSOFTHESTONECIRCLE10TH,The spacing of the stones is geometry.<br>The space itself is magic.
CARDNAME_MECHANAINITIATE10TH,<size=104>M</size>echana Initiate
EFFECT_MECHANAINITIATE10TH,Gain ${ICON_RUNE1} and ${ICON_POWER1}.
FLAVOR_MECHANAINITIATE10TH,"The Mechana let nothing go to waste:<br>recycle the soldiers, train them again."
CARDNAME_LIFEBOUNDINITIATE10TH,<size=104>L</size>ifebound Initiate
EFFECT_LIFEBOUNDINITIATE10TH,Gain ${ICON_RUNE1} and ${ICON_HONOR1}.
FLAVOR_LIFEBOUNDINITIATE10TH,"There is but one true Mother, and all the Lifebound are her children."
CARDNAME_RUNICLYCANTHROPE10TH,<size=104>R</size>unic Lycanthrope
EFFECT_RUNICLYCANTHROPE10TH,"Gain ${ICON_RUNE2}.<br>${LABEL_UNITE} If you play or have played a Lifebound Hero this turn, gain ${ICON_POWER2}."
FLAVOR_RUNICLYCANTHROPE10TH,"Write with blood, and you will see that blood is spirit."
CARDNAME_LANDTALKER10TH,<size=104>L</size>andtalker
EFFECT_LANDTALKER10TH,Gain ${ICON_RUNE3}.
FLAVOR_LANDTALKER10TH,A giant whose words make flowers bloom and forests grow.
CARDNAME_XERONDUKEOFLIES10TH,"<size=104>X</size>eron, Duke of Lies"
EFFECT_XERONDUKEOFLIES10TH,${LABEL_REWARD} Gain ${ICON_HONOR4}.  Take a card at random from each opponent's hand and add those cards to your hand.
FLAVOR_XERONDUKEOFLIES10TH,They say every word Xeron utters<br>costs a thousand lives.
CARDNAME_SNAPDRAGON10TH,<size=104>S</size>napdragon
EFFECT_SNAPDRAGON10TH,"Once per turn, gain ${ICON_RUNE1}.<br>${LABEL_UNITE} Once per turn, if you have played a Lifebound Hero, gain ${ICON_HONOR1}."
FLAVOR_SNAPDRAGON10TH,There is no deadlier poison than pride.
CARDNAME_CETRAWEAVEROFSTARS10TH,"<size=104>C</size>etra, Weaver of Stars"
EFFECT_CETRAWEAVEROFSTARS10TH,Acquire a Hero without paying its cost.  Place it on top of your deck.
FLAVOR_CETRAWEAVEROFSTARS10TH,True heroes are guided by her starlight.
CARDNAME_AVATARGOLEM10TH,<size=104>A</size>vatar Golem
EFFECT_AVATARGOLEM10TH,"Gain ${ICON_POWER2}.<br>Gain ${ICON_HONOR1} for each faction among Construct you control. <i>(Factions are Enlightened, Mechana, Lifebound, and Void.)</i>"
CARDNAME_SHADOWSTAR10TH,<size=104>S</size>hadow Star
EFFECT_SHADOWSTAR10TH,"Once per turn, gain ${ICON_POWER1}."
FLAVOR_SHADOWSTAR10TH,"""Be careful, young hero,"" said the mystic.<br>""It does not take well to poor aim."""
CARDNAME_WINDTYRANT10TH,<size=104>W</size>ind Tyrant
EFFECT_WINDTYRANT10TH,${LABEL_REWARD} Gain ${ICON_HONOR3} and ${ICON_RUNE3}.
FLAVOR_WINDTYRANT10TH,"""There's a lot more than a storm coming.""<br>-Oziah"
CARDNAME_THEALLSEEINGEYE10TH,<size=104>T</size><space=-.1em>he All-Seeing Eye
EFFECT_THEALLSEEINGEYE10TH,"Once per turn, you may draw a card."
FLAVOR_THEALLSEEINGEYE10TH,The All-Seeing Eye pierces the veil of impossibility.
CARDNAME_TORMENTEDSOUL10TH,<size=104>T</size><space=-.15em>ormented Soul
EFFECT_TORMENTEDSOUL10TH,${LABEL_REWARD} Gain ${ICON_HONOR2}.  Draw a card.
FLAVOR_TORMENTEDSOUL10TH,"Bound in chains, forever linked to the<br>hatred they held onto in life."
CARDNAME_SEATYRANT10TH,<size=104>S</size>ea Tyrant
EFFECT_SEATYRANT10TH,"${LABEL_REWARD} Gain ${ICON_HONOR5}.  If an opponent has more than one Construct, that player must destroy all but one Construct he controls."
FLAVOR_SEATYRANT10TH,Its many fins rise up like the sails of a vast armada.
CARDNAME_MISTAKEOFCREATION10TH,<size=104>M</size>istake of Creation
EFFECT_MISTAKEOFCREATION10TH,${LABEL_REWARD} Gain ${ICON_HONOR4}.  You may banish a card in the center row and/or a card in your discard pile.
FLAVOR_MISTAKEOFCREATION10TH,"Nope, nope, nope."
CARDNAME_SAMAELSTRICKSTER10TH,<size=104>S</size>amael's Trickster
EFFECT_SAMAELSTRICKSTER10TH,${LABEL_REWARD} Gain ${ICON_HONOR2} and ${ICON_RUNE1}.
FLAVOR_SAMAELSTRICKSTER10TH,He always knows the price of your soul.
CARDNAME_TWOFOLDASKARA10TH,<size=104>T</size><space=-.15em>wofold Askara
EFFECT_TWOFOLDASKARA10TH,Copy the effect of a Hero played this turn.
FLAVOR_TWOFOLDASKARA10TH,"Divine incarnations of concepts and emotions,<br>the Askara are impossible creatures."
CARDNAME_CORROSIVEWIDOW10TH,<size=104>C</size>orrosive Widow
EFFECT_CORROSIVEWIDOW10TH,${LABEL_REWARD} Gain ${ICON_HONOR3}.  Each opponent must choose and destroy a Construct they control.
FLAVOR_CORROSIVEWIDOW10TH,Her poison erodes the mightiest armor.
CARDNAME_MASTERDHARTHA10TH,<size=104>M</size>aster Dhartha
EFFECT_MASTERDHARTHA10TH,Draw three cards.
FLAVOR_MASTERDHARTHA10TH,There is more than one path to the top of the mountain.
CARDNAME_ARHATEMPLAR10TH,<size=104>A</size>rha T<space=-.1em>emplar
EFFECT_ARHATEMPLAR10TH,Defeat a Monster that has ${ICON_POWER4} or less for free.
FLAVOR_ARHATEMPLAR10TH,"Sharpen the mind, and the sword will follow."
CARDNAME_BURROWERMARKII10TH,<size=104>B</size>urrower Mark II
EFFECT_BURROWERMARKII10TH,"Once per turn, when you play a Mechana Construct (including this one), draw a card."
FLAVOR_BURROWERMARKII10TH,Can you dig it?
CARDNAME_YGGDRASILSTAFF10TH,<size=104>Y</size><space=-.1em>ggdrasil Staff
EFFECT_YGGDRASILSTAFF10TH,"Once per turn, gain ${ICON_POWER1}.<br>Once per turn, you may spend ${ICON_RUNE4} to gain ${ICON_HONOR3}."
FLAVOR_YGGDRASILSTAFF10TH,"As it grows, so too does the power of its wielder."
CARDNAME_VOIDTHIRSTER10TH,<size=104>V</size><space=-.1em>oidthirster
EFFECT_VOIDTHIRSTER10TH,"Once per turn, gain ${ICON_POWER1}.<br>The first time you defeat a Monster in the center row each turn, gain ${ICON_HONOR1}."
CARDNAME_SPIKEVIXEN10TH,<size=104>S</size>pike Vixen
EFFECT_SPIKEVIXEN10TH,Gain ${ICON_POWER1}. Draw a card.
FLAVOR_SPIKEVIXEN10TH,"If there is beauty in death, then the Spike Vixens are a sight to behold."
CARDNAME_SHADEOFTHEBLACKWATCH10TH,<size=104>S</size>hade of the Black W<space=-.075em>atch
EFFECT_SHADEOFTHEBLACKWATCH10TH,Gain ${ICON_POWER2}.<br>You may banish a card in your hand or discard pile.
FLAVOR_SHADEOFTHEBLACKWATCH10TH,"Lethal fighters, made more deadly by their strange pets."
CARDNAME_MURAMASA10TH,<size=104>M</size>uramasa
EFFECT_MURAMASA10TH,"Once per turn, gain ${ICON_POWER3}."
FLAVOR_MURAMASA10TH,The last of her swords and bearing her name.
CARDNAME_EMRIONEWITHTHEVOID10TH,"<size=104>E</size>mri, One with the Void"
EFFECT_EMRIONEWITHTHEVOID10TH,Gain ${ICON_POWER4}.
FLAVOR_EMRIONEWITHTHEVOID10TH,"None faster, none deadlier."
CARDNAME_TABLETOFTIMESDAWN10TH,<size=104>T</size><space=-.2em>ablet of Time's Dawn
EFFECT_TABLETOFTIMESDAWN10TH,You may banish this Construct to take an additional turn after this one.
FLAVOR_TABLETOFTIMESDAWN10TH,Time's secrets carved in stone.
CARDNAME_DEMONSLAYER10TH,<size=104>D</size><space=-.05em>emon Slayer
EFFECT_DEMONSLAYER10TH,Gain ${ICON_POWER3}.
FLAVOR_DEMONSLAYER10TH,"Having accepted death, they have nothing left to fear."
CARDNAME_ASCETICOFTHELIDLESSEYE10TH,<size=104>A</size>scetic of the Lidless Eye
EFFECT_ASCETICOFTHELIDLESSEYE10TH,Draw two cards.
FLAVOR_ASCETICOFTHELIDLESSEYE10TH,"""Devote yourself to the Eye,"" Dhartha said, ""and see all that the universe has to offer."""
CARDNAME_MILITIA10TH,<size=104>M</size>ilitia
EFFECT_MILITIA10TH,Gain ${ICON_POWER1}.
CARDNAME_ARBITEROFTHEPRECIPICE10TH,<size=104>A</size>rbiter of the Precipice
EFFECT_ARBITEROFTHEPRECIPICE10TH,Draw two cards.  Banish a card in your hand.
FLAVOR_ARBITEROFTHEPRECIPICE10TH,"Find them standing on the edge of the abyss,<br>just beyond the jagged city."
CARDNAME_THEGRANDDESIGN10TH,<size=104>T</size><space=-.1em>he Grand Design
EFFECT_THEGRANDDESIGN10TH,"Once per turn, gain ${ICON_RUNE2}.  You may spend it only to acquire Mechana Constructs."
FLAVOR_THEGRANDDESIGN10TH,The best way to predict the future is to create it.
CARDNAME_REACTORMONK10TH,<size=104>R</size>eactor Monk
EFFECT_REACTORMONK10TH,Gain ${ICON_RUNE2}.<br>You pay ${ICON_RUNE1} less the next time you acquire a Construct this turn.
FLAVOR_REACTORMONK10TH,"Sometimes, the curious become the mad."
CARDNAME_HEAVYINFANTRY10TH,<size=104>H</size>eavy Infantry
EFFECT_HEAVYINFANTRY10TH,Gain ${ICON_POWER2}.
CARDNAME_KORTHEFERROMANCER10TH,"<size=104>K</size>or, the Ferromancer"
EFFECT_KORTHEFERROMANCER10TH,"Gain ${ICON_POWER2}.<br>If you control 2 or more Constructs,<br>draw a card."
FLAVOR_KORTHEFERROMANCER10TH,"The mountian, its metals, these ruins,<br>they are all his weapons."
CARDNAME_TEMPLELIBRARIAN10TH,<size=104>T</size><space=-.15em>emple Librarian
EFFECT_TEMPLELIBRARIAN10TH,"Discard a card.  If you do, draw two cards."
FLAVOR_TEMPLELIBRARIAN10TH,"""Without knowledge, power is illusory. Without order, knowledge is fragmented. Without me, order is impossible."""
CARDNAME_HEDRONLINKDEVICE10TH,<size=104>H</size>edron Link Device
EFFECT_HEDRONLINKDEVICE10TH,You may treat all Constructs as Mechana Constructs.
FLAVOR_HEDRONLINKDEVICE10TH,"To the Mechana, magic is just another form of energy."
CARDNAME_HEDRONCANNON10TH,<size=104>H</size>edron Cannon
EFFECT_HEDRONCANNON10TH,"Once per turn, gain ${ICON_POWER1} for each Mechana Construct you control."
FLAVOR_HEDRONCANNON10TH,"""Now I am become Death, destroyer of worlds."""
CARDNAME_ARHAINITIATE10TH,<size=104>A</size>rha Initiate
EFFECT_ARHAINITIATE10TH,Draw a card.
FLAVOR_ARHAINITIATE10TH,A meditation of whirling steel and lethal clarity
CARDNAME_OZIAHTHEPEERLESS10TH,<size=104>O</size>ziah the Peerless
EFFECT_OZIAHTHEPEERLESS10TH,Defeat a Monster that has ${ICON_POWER6} or less for free.
FLAVOR_OZIAHTHEPEERLESS10TH,Even the immortals fear his mighty blade
CARDNAME_SEEROFTHEFORKEDPATH10TH,<size=104>S</size>eer of the Forked Path
EFFECT_SEEROFTHEFORKEDPATH10TH,Draw a card.  You may banish a card in the center row.
FLAVOR_SEEROFTHEFORKEDPATH10TH,"A choice is offered here, certainty is not."
CARDNAME_LUNARSTAG,<size=104>L</size>unar Stag
EFFECT_LUNARSTAG,Gain ${ICON_RUNE2} or ${ICON_HONOR2}.
FLAVOR_LUNARSTAG,"""To glimpse a stag is a great blessing -- but do not presume to hunt one. That is for gods alone."" -Kam, Pathwarden"
CARDNAME_ETERNALASKARA,<size=104>E</size>ternal Askara
EFFECT_ETERNALASKARA,"Banish a card in the center row.   If you banish a monster this way, gain ${ICON_HONOR3}."
FLAVOR_ETERNALASKARA,Vigil has fought bravely in the dim light. Only the Askaras know whether it is dawn or dusk .
CARDNAME_DIMENSIONDIVER,<size=104>D</size>imension Diver
EFFECT_DIMENSIONDIVER,Gain ${ICON_RUNE2}.<br>You may treat all Constructs as Mechana Constructs this turn.
FLAVOR_DIMENSIONDIVER,The greaT seal has fallen. exploration project approVeD.
CARDNAME_GUARDIANOFSADRANIS,<size=104>G</size>uardian of Sadranis
EFFECT_GUARDIANOFSADRANIS,"Gain ${ICON_POWER1}.<br>The next time you defeat a Monster in the center row or the Void this turn, gain ${ICON_HONOR2}."
CARDNAME_ADAYUTHEOMNIPOTENT,"<size=104>A</size>dayu, the Chosen"
EFFECT_ADAYUTHEOMNIPOTENT,Acquire or defeat any card in the center row.  (You do not have to pay ${ICON_RUNE} or ${ICON_POWER}).
FLAVOR_ADAYUTHEOMNIPOTENT,"""We are dreams, and he the dreamer."" -Master Dhartha"
CARDNAME_DEATHSEEKER,<size=104>D</size><space=-.05em>eathseeker
EFFECT_DEATHSEEKER,"Gain ${ICON_POWER2}.<br>If this is banished from your hand or discard pile, gain ${ICON_HONOR3}."
FLAVOR_DEATHSEEKER,"""I think Kythis takes me today."""
CARDNAME_RECLAMAX,<size=104>R</size>eclamax
EFFECT_RECLAMAX,You may discard Reclamax from play to acquire a Mechana Construct in the Void as though it were in the Center Row.
FATE_RECLAMAX,"${LABEL_FATE} When this enters the center row, each player may choose a Construct in their discard pile and put it in their hand."
CARDNAME_STONECIRCLE,<size=104>S</size>tone Circle
EFFECT_STONECIRCLE,"Once per turn, when you acquire a Hero, you may put it on top of your deck."
FATE_STONECIRCLE,"${LABEL_FATE} When this enters the center row, each player may acquire a Mystic.  Put it on top of their deck."
CARDNAME_SOCKETALTAR,<size=104>S</size>ocket Altar
EFFECT_SOCKETALTAR,"Once per turn, when you put a Mechana Construct into play (including this one), gain ${ICON_RUNE2}."
FLAVOR_SOCKETALTAR,forge the proper shape and complete the divine challenge
CARDNAME_SORDIDASP,<size=104>S</size>ordid Asp
EFFECT_SORDIDASP,"${LABEL_REWARD} Gain ${ICON_HONOR1}, then steal ${ICON_HONOR2} from an opponent with the most ${ICON_HONOR} if they have more than you."
CARDNAME_ARBITEROFFATE,<size=104>A</size>rbiter of Fate
EFFECT_ARBITEROFFATE,Draw a card.<br>You may banish a card in your hand or discard pile.
FATE_ARBITEROFFATE,"${LABEL_FATE} When this enters the center row, each player may banish a card from their hand or discard pile."
CARDNAME_SAMAELTHEFALLEN,<size=104>S</size>amael the Fallen
EFFECT_SAMAELTHEFALLEN,"Unbanishable.<br>${LABEL_REWARD} Gain ${ICON_HONOR8}.  Place this face up in front of you.  For the rest of the game, when you defeat a Monster in the center row or the Void, you may acquire it.  Monsters in your deck are considered Heroes. When you play them, you gain their ${ICON_POWER}."
CARDNAME_HECTICSCRIBE,<size=104>H</size><space=-.05em>ectic Scribe
EFFECT_HECTICSCRIBE,"Draw two cards, then discard two cards."
FLAVOR_HECTICSCRIBE,They are nimble with the quill -- fast enough to keep pace with history as it unfolds.
CARDNAME_NAIRIHENGEQUEEN,"<size=104>N</size><space=-.1em>airi, Henge Queen"
EFFECT_NAIRIHENGEQUEEN,Gain ${ICON_HONOR5}.
FLAVOR_NAIRIHENGEQUEEN,"If while walking you should find a lock of hair, tie one end around a finger and follow it deeper into the wood. It will lead you either to the queen, or to your doom -- whichever you deserve."
CARDNAME_BATTERYMONK,<size=104>B</size>attery Monk
EFFECT_BATTERYMONK,You may pay ${ICON_RUNE1} less the next time you acquire a Construct this turn.<br>Draw a card.
FLAVOR_BATTERYMONK,Level 6 - clarity.<br>level 7 - epiphany.<br>level 8 - martyrdom
CARDNAME_FIRETYRANT,<size=104>F</size>ire T<space=-.1em>yrant
EFFECT_FIRETYRANT,${LABEL_REWARD} Gain ${ICON_HONOR6}.  Each opponent must discard a card.
CARDNAME_DOOMWEEPER,<size=104>D</size><space=-.05em>oom W<space=-.05em>eeper
EFFECT_DOOMWEEPER,${LABEL_REWARD} Gain ${ICON_HONOR2}.  Gain ${ICON_RUNE2}.
CARDNAME_BAZUDUKEOFSCORN,"<size=104>B</size>azu, Duke of Scorn"
EFFECT_BAZUDUKEOFSCORN,${LABEL_REWARD} Gain ${ICON_HONOR4}.  Each opponent either discards a card for each Construct they control or puts all Constructs into their discard pile.
CARDNAME_BLACKWATCHELITE,<size=104>B</size>lack W<space=-.1em>atch Elite
EFFECT_BLACKWATCHELITE,Gain ${ICON_POWER3}.<br>You may banish a card in your hand or discard pile.
FLAVOR_BLACKWATCHELITE,"Elites are fated to be alone, for they destroy all that they see."
CARDNAME_ASKARAOFFATE,<size=104>A</size>skara of Fate
EFFECT_ASKARAOFFATE,Draw two cards.  Each other player may draw a card.  Then you may banish a card in the center row.
FATE_ASKARAOFFATE,"${LABEL_FATE} When this enters the center row, each player may draw a card."
CARDNAME_PROJECTALPHA,<size=104>P</size><space=-.1em>roject Alpha
EFFECT_PROJECTALPHA,"Once per turn, you may acquire a Hero or Construct with ${ICON_RUNE} cost less than or equal to the number of Mechana Constructs you control."
FLAVOR_PROJECTALPHA,initiate transformation.
CARDNAME_SADRANISDARKEMISSARY,"<size=104>S</size>adranis, Dark Emissary"
EFFECT_SADRANISDARKEMISSARY,"Gain ${ICON_POWER3}.<br>You may defeat a Monster in the Void as though it were in the center row. If you do, put it on the bottom of the center deck."
CARDNAME_VAULTBREAKERWURM,<size=104>V</size><space=-.2em>aultbreaker Wurm
EFFECT_VAULTBREAKERWURM,${LABEL_REWARD} Gain ${ICON_HONOR4}.  Each opponent must put their highest cost Construct into their discard pile. (They choose in case of a tie).
CARDNAME_BLACKHOLE,<size=104>B</size>lack Hole
EFFECT_BLACKHOLE,"Once per turn, you may banish a card in your hand.  If you do, gain ${ICON_POWER1}."
FLAVOR_BLACKHOLE,"""This world is old. It has worn very thin in places."" - Sadranis, Dark Emissary"
CARDNAME_RAVENOUSGORPH,<size=104>R</size>avenous Gorph
EFFECT_RAVENOUSGORPH,${LABEL_REWARD} Gain ${ICON_HONOR3}. You may banish a card that was adjacent to this.
FATE_RAVENOUSGORPH,"${LABEL_FATE} When this enters the center row, banish all cards adjacent to it."
CARDNAME_SERPENTCALL,<size=104>S</size>erpentcall
EFFECT_SERPENTCALL,"Once per turn, gain ${ICON_RUNE2}.<br>Once per turn, you may acquire a Hero in the Void as though it were in the center row."
FLAVOR_SERPENTCALL,"""Mother, beckon me home."" - Ogo death rite"
CARDNAME_DANDELIONWITCH,<size=104>D</size><space=-.1em>andelion Witch
EFFECT_DANDELIONWITCH,Draw a card.<br>Gain ${ICON_HONOR1} for each Lifebound Hero you play or have played this turn (including this one).
CARDNAME_ARHASENSEI,<size=104>A</size>rha Sensei
EFFECT_ARHASENSEI,"Banish a card in your hand.  If you do, acquire a Mystic or Heavy Infantry.  Add it to your hand."
FLAVOR_ARHASENSEI,"""No Templar should die on behalf of ruffians and cowards. We will make you worthy."""
CARDNAME_DHARTHASRETREAT,<size=104>D</size>hartha's Retreat
EFFECT_DHARTHASRETREAT,"If you do not acquire or defeat a card during your turn, you may draw two additional cards at the end of your turn."
CARDNAME_COMBUSTIONIDOL,<size=104>C</size>ombustion Idol
EFFECT_COMBUSTIONIDOL,"Once per turn, you may draw a card if you control three or more Mechana Constructs."
FLAVOR_COMBUSTIONIDOL,Warning:<br>non-organic offerings only.
CARDNAME_GREATOMENRAVEN,<size=104>G</size>reat-Omen Raven
EFFECT_GREATOMENRAVEN,"Name a card.  Reveal the top card of your deck and put it into your hand.  If it is the named card, gain ${ICON_HONOR3}."
FLAVOR_GREATOMENRAVEN,An unheeded raven begets a thousand crows.
CARDNAME_NOXIOUSSOUL,<size=104>N</size>oxious Soul
EFFECT_NOXIOUSSOUL,${LABEL_REWARD} Gain ${ICON_HONOR4}.  Each opponent must discard a card at random from their hand.
CARDNAME_RAJPSIONICMASTER,"<size=104>R</size>aj, Psionic Master"
EFFECT_RAJPSIONICMASTER,"Banish a Hero in your hand. If you do, acquire a Hero with ${ICON_HONOR} up to two more than that of the banished card and put it into your hand. <i>(Cards with no Honor value are considered to be worth ${ICON_HONOR0}.)</i>"
CARDNAME_ARHARISING,<size=104>A</size>rha Rising
EFFECT_ARHARISING,"Once per turn, when a player discards any number of cards, they may return one of them to their hand.<br>${LABEL_EVENT_TROPHY} Draw a card."
CARDNAME_SHADOWCASTER,<size=104>S</size>hadowcaster
EFFECT_SHADOWCASTER,"Draw a card. You may banish a card from your hand. If you do, draw an additional card. If the current event is Void, you may also banish a card in your discard pile."
CARDNAME_OGORISING,<size=104>O</size>go Rising
EFFECT_OGORISING,The first Hero played this turn is also a Lifebound Hero.<br>${LABEL_EVENT_TROPHY} Gain ${ICON_RUNE1}.
CARDNAME_DREAMERSGLASS,<size=104>D</size>reamer's Glass
EFFECT_DREAMERSGLASS,"Once per turn, you may put a card in your hand under this face up. If you do, draw a card.
<br>When Dreamer's Glass leaves play or the game ends, put all cards under it into your discard pile."
CARDNAME_GREASEMONK,<size=104>G</size>rease Monk
EFFECT_GREASEMONK,Gain ${ICON_RUNE1}.<br>You may pay ${ICON_RUNE1} less the next time you acquire a Construct this turn.
FLAVOR_GREASEMONK,Dozens LOST each Week WHILEensURING a FRICTIONless WORLD
CARDNAME_TARIKTHETRICKSTER,"<size=104>T</size><space=-.2em>arik, the T<space=-.1em>rickster"
EFFECT_TARIKTHETRICKSTER,${LABEL_REWARD} Gain ${ICON_HONOR5}.  You may choose a Hero in the center row and copy its effect.
CARDNAME_MINOTAUR,<size=104>M</size>inotaur
EFFECT_MINOTAUR,${LABEL_REWARD} Gain ${ICON_HONOR3}.
TROPHY_MINOTAUR,${LABEL_TROPHY} You may banish this to draw a card.
CARDNAME_SCRAPFLINGER,<size=104>S</size>crap Flinger
EFFECT_SCRAPFLINGER,"Gain ${ICON_POWER2}.<br>You may destroy a Construct you control.  If you do, gain an additional ${ICON_POWER2}."
CARDNAME_COGMAW,<size=104>C</size>og Maw
EFFECT_COGMAW,"Once per turn, you may destroy a Mechana Construct you control to gain ${ICON_RUNE1}. If the current event is Mechana, gain an additional ${ICON_RUNE1}."
FLAVOR_COGMAW,hedron core temperature mustbe maintained
CARDNAME_HEAVYINFANTRYSOS,<size=104>H</size>eavy Infantry
EFFECT_HEAVYINFANTRYSOS,Gain ${ICON_POWER2}.
CARDNAME_BRAZERDRONE,<size=104>B</size>razer Drone
EFFECT_BRAZERDRONE,Gain ${ICON_RUNE1}.<br>You may return a Construct from your discard pile to your hand.
FLAVOR_BRAZERDRONE,Vigil damaged by passage of fallen one. repairs approved.
CARDNAME_PRODIGAL,<size=104>P</size><space=-.1em>rodigal
EFFECT_PRODIGAL,Defeat a monster with ${ICON_POWER3} or less.<br><i>(You do not have to pay ${ICON_POWER}.)</i>
FLAVOR_PRODIGAL,"An initiate of the Templar Order, he is given a practice blade no less unwieldy than his youthful mind."
CARDNAME_POLARISDEMON,<size=104>P</size><space=-.1em>olaris Demon
EFFECT_POLARISDEMON,${LABEL_REWARD} Gain ${ICON_HONOR5}. Choose one: Destroy all even cost Constructs opponents control or destroy all odd cost Contructs opponents control.
CARDNAME_FANATICSOS,<size=104>F</size><space=-.05em>anatic
EFFECT_FANATICSOS,${LABEL_REWARD} Gain ${ICON_HONOR1}.
TROPHY_FANATICSOS,${LABEL_TROPHY} You may banish this to gain the current Event Trophy effect.
CARDNAME_EYEOFDESTINY,<size=104>E</size>ye of Destiny
EFFECT_EYEOFDESTINY,"Once per turn, when you acquire a Hero, you may put it into your hand."
FLAVOR_EYEOFDESTINY,"At the foot of Parhama, the remnant of a great statue lies. From its unblinking eye, a call to action is each day read aloud."
CARDNAME_PENUMBRALEDGE,<size=104>P</size><space=-.1em>enumbral Edge
EFFECT_PENUMBRALEDGE,"Once per turn, gain ${ICON_POWER2}.  Gain an additional ${ICON_POWER2} if you control Umbral Edge."
FLAVOR_PENUMBRALEDGE,"""Kythis has fled, and the souls of the damned howl against Deofol's untended gate."" -- Sadranis"
CARDNAME_EVERBLOOM,<size=104>E</size>verbloom
EFFECT_EVERBLOOM,"Once per turn, gain ${ICON_HONOR1}."
FLAVOR_EVERBLOOM,"The first Everbloom seedlings were gifted to heroes of the Second War, who planted them near the capital to encourage the healing of the land."
CARDNAME_FETTEREDSOUL,<size=104>F</size><space=-.1em>ettered Soul
EFFECT_FETTEREDSOUL,${LABEL_REWARD} Gain ${ICON_HONOR2}.  You may banish a card in the center row.
CARDNAME_HOARDINGTYRANT,<size=104>H</size><space=-.05em>oarding Tyrant
EFFECT_HOARDINGTYRANT,${LABEL_REWARD} Gain ${ICON_HONOR4}.
TROPHY_HOARDINGTYRANT,${LABEL_TROPHY} You may banish this to gain ${ICON_RUNE2}.
CARDNAME_MILITIASOS,<size=104>M</size>ilitia
EFFECT_MILITIASOS,Gain ${ICON_POWER1}.
CARDNAME_HONEYSIREN,<size=104>H</size>oney Siren
EFFECT_HONEYSIREN,"Gain ${ICON_RUNE2}.  The next time you acquire a Hero this turn, you may put it on top of your deck."
FATE_HONEYSIREN,"${LABEL_FATE} When Honey Siren enters the center row, each player may put a Hero from their discard pile on top of their deck."
CARDNAME_SNAKESHAMAN,<size=104>S</size>nake Shaman
EFFECT_SNAKESHAMAN,"Gain ${ICON_RUNE1}.  If the Current Event is Lifebound, gain an additional ${ICON_RUNE1}.<br>Once this turn, you may spend up to ${ICON_RUNE4} to gain that much ${ICON_HONOR}."
CARDNAME_SYRILRUNICALPHA,"<size=104>S</size>yril, Runic Alpha"
EFFECT_SYRILRUNICALPHA,Gain ${ICON_RUNE3}.<br>${LABEL_UNITE} Gain ${ICON_POWER3}. <i>(Gain this effect once if you play or have played another Lifebound Hero this turn.)</i>
CARDNAME_EMRISOULSLAYER,"<size=104>E</size>mri, Soulslayer"
EFFECT_EMRISOULSLAYER,Gain ${ICON_POWER4}.  You may banish up to two cards from your hand or discard pile. Gain an additional ${ICON_POWER1} for each card banished from your hand this way.
FATE_EMRISOULSLAYER,${LABEL_FATE} Each player may banish up to two cards from their hand and/or discard pile.
CARDNAME_UNCHAINEDFATES,<size=104>U</size>nchained Fates
EFFECT_UNCHAINEDFATES,${LABEL_REWARD} Gain ${ICON_HONOR5}.
TROPHY_UNCHAINEDFATES,${LABEL_TROPHY} You may banish this to draw two cards.
CARDNAME_RISEOFTHECULT,<size=104>R</size>ise of the Cult
EFFECT_RISEOFTHECULT,Cultists and Fanatics have +1P and their rewards have +1H.<br>${LABEL_EVENT_TROPHY} Gain ${ICON_HONOR1}.
CARDNAME_HOARDINGWHELP,<size=104>H</size><space=-.05em>oarding Whelp
EFFECT_HOARDINGWHELP,${LABEL_REWARD} Gain ${ICON_HONOR2}.
TROPHY_HOARDINGWHELP,${LABEL_TROPHY} You may banish this to gain ${ICON_POWER1}.
CARDNAME_PERSONALWORMHOLE,<size=104>P</size><space=-.2em>ersonal W<space=-.05em>ormhole
EFFECT_PERSONALWORMHOLE,"Once per turn, when you play a Mechana Construct (including this one), you may banish a card in your hand or discard pile."
FLAVOR_PERSONALWORMHOLE,caution: do not insert head
CARDNAME_NOOKHOUND,<size=104>N</size><space=-.05em>ook Hound
EFFECT_NOOKHOUND,Look at the top card of your deck.  You may put it into your discard pile.  Draw a card.
FATE_NOOKHOUND,"${LABEL_FATE} When this enters the center row, each player may look at the top card of their deck.  They may put it into their discard pile."
CARDNAME_ABOLISHER,<size=104>A</size>bolisher
EFFECT_ABOLISHER,"Gain ${ICON_RUNE1}.<br>You may banish a card in your hand. If you do, gain an additional ${ICON_RUNE1}."
FLAVOR_ABOLISHER,The souls were too many for the Arbiter castes to erase.
CARDNAME_VANDALSOUL,<size=104>V</size><space=-.15em>andal Soul
EFFECT_VANDALSOUL,${LABEL_REWARD} Gain ${ICON_HONOR3}.  Each opponent destroys the lowest cost construct they control.
CARDNAME_AIYANASMESSENGER,<size=104>A</size>iyana's Messenger
EFFECT_AIYANASMESSENGER,Gain ${ICON_RUNE1}.<br>You may pay ${ICON_RUNE1} less the next time you aquire a Hero this turn.
FLAVOR_AIYANASMESSENGER,"On cloudy nights in Ogo, the stars have couriers."
CARDNAME_SOULASSASSIN,<size=104>S</size>oul Assassin
EFFECT_SOULASSASSIN,"Gain ${ICON_POWER2}.<br>The next time you defeat a Monster in the center row this turn, gain ${ICON_RUNE2}."
FLAVOR_SOULASSASSIN,"As the Storm grew, one faction found itself uniquely suited to the task at hand."
CARDNAME_CANOPICJAR,<size=104>C</size>anopic Jar
EFFECT_CANOPICJAR,"Once per turn, gain ${ICON_POWER1}.<br>Once per turn, when you defeat a Monster in the center row, gain ${ICON_RUNE1}."
FLAVOR_CANOPICJAR,"""As haunted a relic as I've encountered, but now, no more haunted than we."" -- Alastor Nellin"
CARDNAME_HEDRONRISING,<size=104>HS</size>edron Rising
EFFECT_HEDRONRISING,"All Constructs are also Mechana Constructs.<br>${LABEL_EVENT_TROPHY} When a Construct you control would be destroyed, you may prevent it from being destroyed."
CARDNAME_STARCHILD,<size=104>S</size>tarchild
EFFECT_STARCHILD,Gain ${ICON_RUNE1} and ${ICON_HONOR1}.<br>Draw a card.
FLAVOR_STARCHILD,"For every being, a star its own, a graceful watcher perched upon it, her voice familiar, her touch the same that cradled them in youth."
CARDNAME_TOWERASKARA,<size=104>T</size><space=-.15em>ower Askara
EFFECT_TOWERASKARA,"Draw three cards, then discard two cards or one Enlightened card."
FLAVOR_TOWERASKARA,"Their fingers sift though every idea that was, is, or ever will be."
CARDNAME_UMBRALEDGE,<size=104>U</size>mbral Edge
EFFECT_UMBRALEDGE,"Once per turn, gain ${ICON_POWER2}.  Gain an additional ${ICON_POWER2} if you control Penumbral Edge."
FLAVOR_UMBRALEDGE,"""He cannot hide from me, who has seen what lies beyond the last horizon."" -- Emri"
CARDNAME_AUTOBUILDER50,<size=104>A</size>utobuilder 5.0
EFFECT_AUTOBUILDER50,You may destroy this to pay ${ICON_RUNE2} less the next time you acquire a Mechana Construct this turn.
FLAVOR_AUTOBUILDER50,patch notes:<br>- fixed bug causing builder to harvest organics for material
CARDNAME_VOIDRISING,<size=104>V</size>oid Rising
EFFECT_VOIDRISING,"Once per turn, when a player defeats a Monster in the Center Row, that player gains ${ICON_HONOR1}.<br>${LABEL_EVENT_TROPHY} Banish a card in your hand or discard pile."
CARDNAME_TREASURESOFTHESTUDY,<size=104>T</size><space=-.2em>reasures of the Study
EFFECT_TREASURESOFTHESTUDY,"Once per turn, you may discard two cards.  If you do, gain ${ICON_HONOR3}."
FLAVOR_TREASURESOFTHESTUDY,"""Seek not outside you, Logos is within.""<br>-- Treasure case inscription"
CARDNAME_ELDERSKEPTIC,<size=104>E</size>lder Skeptic
EFFECT_ELDERSKEPTIC,"Draw two cards, then discard a card."
FLAVOR_ELDERSKEPTIC,"Ezem read briefly, and then ruefully dropped the scroll.""It astounds me,"" he muttered, ""what passes for an idea in this land."""
CARDNAME_SYNCHRONIZER,<size=104>S</size>ynchronizer
EFFECT_SYNCHRONIZER,"Once per turn, when you play a Mechana Construct (including this one), gain ${ICON_RUNE1}."
FLAVOR_SYNCHRONIZER,Prevents overload. increasesefficientcy. Not compatible with off-realm devices.
CARDNAME_MYSTICSOS,<size=104>M</size>ystic
EFFECT_MYSTICSOS,Gain ${ICON_RUNE2}.
CARDNAME_PRIME,<size=104>P.R.I.M.E.</size>
EFFECT_PRIME,"Acquire a Construct or gain ${ICON_RUNE3}.<br>When you play a Mechana Construct, you may return this from your discard pile to your hand. <i>(Card played this turn do not go to your discard pile until the end of the turn.)</i>"
CARDNAME_VOIDMILITIA,<size=104>V</size><space=-.15em>oid Militia
EFFECT_VOIDMILITIA,Gain ${ICON_POWER1}.<br>You may pay ${ICON_POWER1} less the next time you defeat a Monster in the center row this turn.
FLAVOR_VOIDMILITIA,"""Show off..."""
CARDNAME_APPRENTICESOS,<size=104>A</size>pprentice
EFFECT_APPRENTICESOS,Gain ${ICON_RUNE1}.
CARDNAME_AVATAROFAIYANA,<size=104>A</size><space=-.05em>vatar of Aiyana
EFFECT_AVATAROFAIYANA,"Gain ${ICON_RUNE2}.<br>This turn, you may acquire Heroes in the center row by paying ${ICON_RUNE} equal to their ${ICON_HONOR} instead of paying their ${ICON_RUNE} cost."
CARDNAME_GRANGER,<size=104>G</size>ranger
EFFECT_GRANGER,Gain ${ICON_RUNE1} and ${ICON_HONOR1}.<br>${LABEL_UNITE} Gain ${ICON_RUNE1} and ${ICON_HONOR1}. <i>(Gain this effect once if you play or have played another Lifebound Hero this turn.)</i>
CARDNAME_DREAMMACHINE,<size=104>D</size>ream Machine
EFFECT_DREAMMACHINE,"Once per turn, you may return another Mechana Construct you control to your hand."
FATE_DREAMMACHINE,"${LABEL_FATE} When this enters the center row, each player may return a Construct they control to their hand."
CARDNAME_NEMESIS,<size=104>N</size><space=-.05em>emesis
EFFECT_NEMESIS,${LABEL_REWARD} Gain ${ICON_HONOR6}.<br>Choose up to three Trophy Monsters from the Void and put them into play under your control.
FATE_NEMESIS,"${LABEL_FATE} When this enters the center row, banish the current Event."
CARDNAME_WEAPON303V,<size=104>W</size><space=-.1em>eapon 303-V
EFFECT_WEAPON303V,"Once per turn, when you play a Mechana Construct (including this one), you gain ${ICON_POWER3}."
FLAVOR_WEAPON303V,"TOTAL crew - 23<br>10 wheelmen, 12 operators,1 certified barrel technician "
CARDNAME_CULTISTSOS,<size=104>C</size>ultist
EFFECT_CULTISTSOS,${LABEL_REWARD} Gain ${ICON_HONOR1}.
FLAVOR_CULTISTSOS,"""The Gatekeeper is no more! The souls of the damned shall transform this cursed land into a new netherworld!"""
CARDNAME_NIHILMANCER,<size=104>N</size>ihilmancer
EFFECT_NIHILMANCER,"Gain ${ICON_POWER2}.<br>You may banish a card in your hand. If you do, gain an additional ${ICON_POWER1}."
FLAVOR_NIHILMANCER,"Sadranis formed his own clan of demon slayers, a sorcerous parallel to the Black Watch."
CARDNAME_LIONHEART,<size=104>L</size>ionheart
EFFECT_LIONHEART,Gain ${ICON_HONOR3}.<br>${LABEL_UNITE} Draw a card. <i>(Gain this effect once if you play or have played another Lifebound Hero this turn.)</i>
CARDNAME_ELEMENTALADEPT,<size=104>E</size>lemental Adept
EFFECT_ELEMENTALADEPT,"Draw a card. If the Current event is Enlightened, draw an additional card.<br>You may banish a card in the center row."
CARDNAME_BELTHARSOULCOLLECTOR,"<size=104>B</size><space=-.05em>elthar, Soul Collector"
EFFECT_BELTHARSOULCOLLECTOR,"Gain ${ICON_POWER3}.<br>The next time you defeat a Monster in the center row this turn, gain ${ICON_RUNE3}."
FLAVOR_BELTHARSOULCOLLECTOR,"""He collects souls like a ferromancer collects burns."""
CARDNAME_SABRETHEMOONLIT,"<size=104>S</size>abre, the Moonlit"
EFFECT_SABRETHEMOONLIT,Gain ${ICON_RUNE1}. Gain ${ICON_POWER1}. Gain ${ICON_HONOR1}. Draw a card.<br>${LABEL_UNITE} Gain ${ICON_RUNE1}. Gain ${ICON_POWER1}. Gain ${ICON_HONOR1}. Draw a card.
FLAVOR_SABRETHEMOONLIT,Sometimes it's best to let sleeping bears lie.
CARDNAME_CACKLINGJACKAL,<size=104>C</size>ackling Jackal
EFFECT_CACKLINGJACKAL,${LABEL_REWARD} Gain ${ICON_HONOR2}.
TROPHY_CACKLINGJACKAL,${LABEL_TROPHY} Banish this to gain ${ICON_RUNE1}.
CARDNAME_ORBOFNYX,<size=104>O</size>rb of Nyx
EFFECT_ORBOFNYX,"Once per turn, gain ${ICON_POWER3}.<br>When you defeat a Monster in the center row, gain a Soul Gem."
FLAVOR_ORBOFNYX,Look into the Orb and you might just find your soul staring back.
CARDNAME_ELANSOULMARSHAL,"<size=104>E</size>lan, Soul Marshal"
EFFECT_ELANSOULMARSHAL,Gain a Soul Gem.<br>Draw a card.
FLAVOR_ELANSOULMARSHAL,"In his scrying pool, the secrets of wars past, present, and future are all laid bare. "
CARDNAME_RECYCLICRAB,<size=104>R</size>ecyclicrab
EFFECT_RECYCLICRAB,"When you play a Mechana Construct, if this is in your discard pile you may return it to your hand."
FLAVOR_RECYCLICRAB,Waste not. Want all.
CARDNAME_DRILLERMARKIV,<size=104>D</size>riller Mark IV
EFFECT_DRILLERMARKIV,"Once per turn, when you play a Mechana Construct (including this one), gain a Soul Gem."
FLAVOR_DRILLERMARKIV,Depth: Unknown. Sensors indicate unknown energy source ahead.
CARDNAME_DEATHSWORNWARRIOR,<size=104>D</size><space=-.15em>eathsworn Warrior
EFFECT_DEATHSWORNWARRIOR,"Gain ${ICON_POWER1}.<br>You may banish a card in your hand or discard pile. Then, you may banish this to banish a second card in your hand or discard pile."
FATE_DEATHSWORNWARRIOR,${LABEL_FATE} Each player may banish a card from their hand or discard pile.
CARDNAME_STONECIRCLEELDER,<size=104>S</size>tone Circle Elder
EFFECT_STONECIRCLEELDER,"Acquire a Hero that costs ${ICON_RUNE5} or less without paying its cost.  Put it on top of your deck. If the current Event is Lifebound, draw a card."
FLAVOR_STONECIRCLEELDER,Nature's cycle and starry sky hold no secrets for an ancient druid's eye.
CARDNAME_ASTROBLADETRX,<size=104>A</size>strolabe TRX
EFFECT_ASTROBLADETRX,"Once per turn, when you play a Mechana Construct (including this one), gain ${ICON_HONOR1}."
FLAVOR_ASTROBLADETRX,A device meant for great discoveries.
CARDNAME_WANDERINGASKARA,<size=104>W</size><space=-.2em>andering Askara
EFFECT_WANDERINGASKARA,"Draw a card, then you may banish a card in the center row.<br>If you have played another Wandering Askara this turn, you may banish both cards to take another turn after this one."
CARDNAME_KYTHISREBELGODLINGV2,"<size=104>K</size>ythis, Rebel Godling"
EFFECT_KYTHISREBELGODLINGV2,${LABEL_REWARD} Gain ${ICON_HONOR8}.
TROPHY_KYTHISREBELGODLINGV2,"${LABEL_TROPHY_ONGOING} Once per turn, gain a Soul Gem."
CARDNAME_SPARKSPRAYER,<size=104>S</size>park Sprayer
EFFECT_SPARKSPRAYER,"Once per turn, you may destroy a Mechana Construct you control to gain ${ICON_POWER1}. If the current Event is Mechana, gain an additional ${ICON_POWER1}."
FLAVOR_SPARKSPRAYER,Loss acceptable. Continue operations.
CARDNAME_KYTHISREBELGODLING,"<size=104>K</size>ythis, Rebel Godling"
EFFECT_KYTHISREBELGODLING,${LABEL_REWARD} Gain ${ICON_HONOR8}.
TROPHY_KYTHISREBELGODLING,"${LABEL_TROPHY_ONGOING} Once per turn, gain a Soul Gem."
CARDNAME_ENERGYMONK,<size=104>E</size>nergy Monk
EFFECT_ENERGYMONK,Gain ${ICON_POWER2}.<br>You may return a Construct you control to your hand.
FLAVOR_ENERGYMONK,One man's trash is another monk's treasure.
CARDNAME_NOTHINGMAN,<size=104>N</size><space=-.05em>othing Man
EFFECT_NOTHINGMAN,${LABEL_REWARD} Gain ${ICON_HONOR3}.
TROPHY_NOTHINGMAN,${LABEL_TROPHY} Banish this to gain a Soul Gem.
CARDNAME_ASKARAOFSOULS,<size=104>A</size>skara of Souls
EFFECT_ASKARAOFSOULS,Gain a Soul Gem.
FLAVOR_ASKARAOFSOULS,Doors open to those who learn to see them.
CARDNAME_MOMENTOFCLARITY,<size=104>M</size>oment of Clarity
EFFECT_MOMENTOFCLARITY,"When a player acquires an Enlightened card, that player may draw a card.<br>${LABEL_EVENT_TROPHY} Banish a card in your hand. If you do, acquire a Mystic without paying its cost. Put it into your hand."
CARDNAME_TROPHYHUNTER,<size=104>T</size><space=-.1em>rophy Hunter
EFFECT_TROPHYHUNTER,Gain ${ICON_POWER2}.<br>You pay ${ICON_POWER1} less the next time you defeat a Trophy Monster this turn.
FLAVOR_TROPHYHUNTER,"He doesn't always hunt monsters, but when he does, he hangs them on the wall. "
CARDNAME_ARHAMEDIUM,<size=104>A</size>rha Medium
EFFECT_ARHAMEDIUM,You may banish this to acquire a Mystic or Heavy Infantry without paying its cost.  Put it into your hand.
FLAVOR_ARHAMEDIUM,"""There is no self, only purpose."" -- Master Dhartha"
CARDNAME_AKAMTHEGENIE,"<size=104>A</size>kam, the Genie"
EFFECT_AKAMTHEGENIE,${LABEL_REWARD} Gain ${ICON_HONOR3}.
TROPHY_AKAMTHEGENIE,"${LABEL_TROPHY_ONGOING} Put three Wish counters on Akam.<br>Once per turn, you may remove a Wish counter to gain ${ICON_RUNE2} or ${ICON_POWER2}. When Akam has no Wish counters, banish it."
CARDNAME_THEWORLDTREE,<size=104>T</size>he W<space=-.05em>orld Tree
EFFECT_THEWORLDTREE,"Once per turn, you may pay up to ${ICON_RUNE5} to gain that much ${ICON_HONOR}.<br>When you play a Lifebound Hero, gain ${ICON_RUNE1}."
FLAVOR_THEWORLDTREE,"Each branch, a separate path. Every seed, a new beginning. "
CARDNAME_TEMPLEGUARDIAN,<size=104>T</size><space=-.2em>emple Guardian
EFFECT_TEMPLEGUARDIAN,"Defeat a Monster with ${ICON_POWER5} or less without paying its cost. If the current Event is Enlightened, draw a card."
FLAVOR_TEMPLEGUARDIAN,The Templar never use their swords. It is their keen intellect that makes the deeper cut.
CARDNAME_ANNIHILATION,<size=104>A</size>nnihilation
EFFECT_ANNIHILATION,"When a player acquires a Void card, that player may banish a card in their hand or discard pile.<br>${LABEL_EVENT_TROPHY} Gain ${ICON_POWER1}."
CARDNAME_ACIDICCRAWLER,<size=104>A</size>cidic Crawler
EFFECT_ACIDICCRAWLER,"${LABEL_REWARD} Gain ${ICON_HONOR5}.  If an opponent controls the most Constructs, destroy all Constructs that player controls. <i>(If multiple opponents are tied for the most Constructs, they all destroy them. If you control the most, do nothing.)</i>"
CARDNAME_AARONTHEGODSLAYER,"<size=104>A</size>aron, the Godslayer"
EFFECT_AARONTHEGODSLAYER,Defeat a Monster without paying its cost.
FLAVOR_AARONTHEGODSLAYER,No fiend may stand against he who slew The Fallen One.
CARDNAME_SOULSHAPER,<size=104>S</size>oulshaper
EFFECT_SOULSHAPER,"You may banish this or another card in your hand. If you do, gain a Soul Gem. If the current event is Void, you may banish a card in your discard pile to gain a Soul Gem instead."
FLAVOR_SOULSHAPER,The price is simple - one spirit for another.
CARDNAME_SOULSUNBOUND,<size=104>S</size>ouls Unbound
EFFECT_SOULSUNBOUND,"Monsters in the center row are Unbanishable.<br>${LABEL_EVENT_TROPHY} Discard a card. If you do, gain a Soul Gem."
CARDNAME_VOIDAVENGER,<size=104>V</size><space=-.15em>oid Avenger
EFFECT_VOIDAVENGER,"Gain ${ICON_POWER3}.<br>The next time you defeat a Monster in the center row this turn, gain a Soul Gem."
FLAVOR_VOIDAVENGER,Every kill brings him closer to redeeming his fallen brethren.
CARDNAME_GROWMITES,<size=104>G</size>rowmites
EFFECT_GROWMITES,${LABEL_REWARD} Gain ${ICON_HONOR2}.
TROPHY_GROWMITES,"${LABEL_TROPHY_ONGOING} When you defeat another Growmites, gain ${ICON_HONOR2}."
CARDNAME_HEDRONPYROMANIAC,<size=104>H</size><space=-.1em>edron Pyromaniac
EFFECT_HEDRONPYROMANIAC,Gain ${ICON_RUNE2}.<br>You may destroy a Construct you control to gain a Soul Gem.
FLAVOR_HEDRONPYROMANIAC,"Like his creations, the life of a Hedron Pyromaniac often ends with a bang. "
CARDNAME_BEASTSTAFF,<size=104>B</size>east Staff
EFFECT_BEASTSTAFF,"Once per turn, gain ${ICON_POWER1}.<br>Once per turn, you may pay ${ICON_RUNE1} to reveal the top card of your deck. Gain ${ICON_HONOR} equal to its ${ICON_HONOR} value."
FLAVOR_BEASTSTAFF,Only the greatest heroes can fully harness its power.
CARDNAME_COSMICPROTOCOL,<size=104>C</size>osmic Protocol
EFFECT_COSMICPROTOCOL,"When a player acquires a Mechana Construct, that player may put it directly into play.<br>${LABEL_EVENT_TROPHY} You pay ${ICON_RUNE2} less to acquire your next Mechana Construct this turn."
CARDNAME_REPURPOSER,<size=104>R</size>epurposer
EFFECT_REPURPOSER,"Once per turn, when you play a Mechana Construct (including this one), you may return a Construct from your discard pile to your hand."
FLAVOR_REPURPOSER,Repairs complete. Unit operational.
CARDNAME_SPIDERWITCH,<size=104>S</size>pider Witch
EFFECT_SPIDERWITCH,Gain ${ICON_HONOR2}.<br>${LABEL_UNITE} Gain a Soul Gem. <i>(Gain this effect once if you play or have played another Lifebound Hero this turn.)</i>
CARDNAME_WOLFACOLYTE,<size=104>W</size><space=-.15em>olf Acolyte
EFFECT_WOLFACOLYTE,Gain ${ICON_RUNE1}.<br>${LABEL_UNITE} Draw a card. <i>(Gain this effect once if you play or have played another Lifebound Hero this turn.)</i>
CARDNAME_THEGREATECLIPSE,<size=104>T</size>he Great Eclipse
EFFECT_THEGREATECLIPSE,"When a player acquires a Lifebound Hero, that player may put it on top of their deck.<br>${LABEL_EVENT_TROPHY} Name a Hero. That Hero is also Lifebound this turn."
CARDNAME_SOULGEMARHATEMPLAR,<size=104>A</size>rha T<space=-.1em>emplar
EFFECT_SOULGEMARHATEMPLAR,Defeat a Monster that has ${ICON_POWER4} or less without paying its cost.
CARDNAME_SOULGEMVOIDINITIATE,<size=104>V</size><space=-.2em>oid Initiate
EFFECT_SOULGEMVOIDINITIATE,Gain ${ICON_RUNE1}.<br>You may banish a card in your hand or discard pile.
CARDNAME_SOULGEMDEMONSLAYER,<size=104>D</size><space=-.05em>emon Slayer
EFFECT_SOULGEMDEMONSLAYER,Gain ${ICON_POWER3}.
CARDNAME_SOULGEMLIFEBOUNDINITIATE,<size=104>L</size>ifebound Initiate
EFFECT_SOULGEMLIFEBOUNDINITIATE,Gain ${ICON_RUNE1} and ${ICON_HONOR1}.
CARDNAME_SOULGEMMASTERDHARTHA,<size=104>M</size>aster Dhartha
EFFECT_SOULGEMMASTERDHARTHA,Draw three cards.
CARDNAME_SOULGEMDIMENSIONDIVER,<size=104>D</size>imension Diver
EFFECT_SOULGEMDIMENSIONDIVER,Gain ${ICON_RUNE2}.<br>You may treat all Constructs as Mechana Constructs this turn.
CARDNAME_SOULGEMARHAINITIATE,<size=104>A</size>rha Initiate
EFFECT_SOULGEMARHAINITIATE,Draw a card.
CARDNAME_SOULGEMLANDTALKER,<size=104>L</size>andtalker
EFFECT_SOULGEMLANDTALKER,Gain ${ICON_RUNE3}.
CARDNAME_SOULGEMASKARAOFFATE,<size=104>A</size>skara of Fate
EFFECT_SOULGEMASKARAOFFATE,Draw two cards.  Each other player may draw a card.  Then you may banish a card in the center row.
CARDNAME_SOULGEMASCETICOFTHELIDLESSEYE,<size=104>A</size>scetic of the Lidless Eye
EFFECT_SOULGEMASCETICOFTHELIDLESSEYE,Draw two cards.
CARDNAME_SOULGEMARBITEROFFATE,<size=104>A</size>rbiter of Fate
EFFECT_SOULGEMARBITEROFFATE,Draw a card.<br>You may banish a card in your hand or discard pile.
CARDNAME_SOULGEMGREATOMENRAVEN,<size=104>G</size>reat-Omen Raven
EFFECT_SOULGEMGREATOMENRAVEN,"Name a card.  Reveal the top card of your deck and put it into your hand.  If it is the named card, gain ${ICON_HONOR3}."
CARDNAME_SOULGEMDRUIDSOFTHESTONECIRCLE,<size=104>D</size>ruids of the Stone Circle
EFFECT_SOULGEMDRUIDSOFTHESTONECIRCLE,Acquire a Hero that costs ${ICON_RUNE3} or less without paying its cost. Place it on top of your deck.
CARDNAME_SOULGEMAVATARGOLEM,<size=104>A</size>vatar Golem
EFFECT_SOULGEMAVATARGOLEM,Gain ${ICON_POWER2}.<br>Gain ${ICON_HONOR1} for each faction among Constructs you control.
CARDNAME_SOULGEMSPIKEVIXEN,<size=104>S</size>pike Vixen
EFFECT_SOULGEMSPIKEVIXEN,Gain ${ICON_POWER1}.<br>Draw a card.
CARDNAME_SOULGEMSHADEOFTHEBLACKWATCH,<size=104>S</size>hade of the Black W<space=-.075em>atch
EFFECT_SOULGEMSHADEOFTHEBLACKWATCH,Gain ${ICON_POWER2}.<br>You may banish a card in your hand or discard pile.
CARDNAME_SOULGEMREACTORMONK,<size=104>R</size>eactor Monk
EFFECT_SOULGEMREACTORMONK,Gain ${ICON_RUNE2}.<br>You pay ${ICON_RUNE1} less the next time you acquire a Construct this turn.
CARDNAME_SOULGEMRUNICLYCANTHROPE,<size=104>R</size>unic Lycanthrope
EFFECT_SOULGEMRUNICLYCANTHROPE,"Gain ${ICON_RUNE2}.<br>If you've played a Lifebound Hero this turn, gain ${ICON_POWER2}."
CARDNAME_SOULGEMMECHANAINITIATE,<size=104>M</size>echana Initiate
EFFECT_SOULGEMMECHANAINITIATE,Gain ${ICON_RUNE1} or ${ICON_POWER1}.
CARDNAME_SOULGEMWOLFSHAMAN,<size=104>W</size><space=-.1em>olf Shaman
EFFECT_SOULGEMWOLFSHAMAN,Gain ${ICON_RUNE1}.<br>Draw a card.
CARDNAME_SOULGEMSEEROFTHEFORKEDPATH,<size=104>S</size>eer of the Forked Path
EFFECT_SOULGEMSEEROFTHEFORKEDPATH,Draw a card.  You may banish a card in the center row.
CARDNAME_REACTORSHRINE,<size=104>R</size>eactor Shrine
ENERGY_REACTORSHRINE,"${LABEL_ENERGIZE} ${ICON_ENERGY2}: Once this turn, gain ${ICON_HONOR1} for each Mechana Construct you control."
FLAVOR_REACTORSHRINE,Alternate fuel source has unlocked additonal capacities.
CARDNAME_SPIRITMERCHANT,<size=104>S</size>pirit Merchant
EFFECT_SPIRITMERCHANT,Gain ${ICON_ENERGY1}.<br>You may banish a card in your hand or discard pile.
FATE_SPIRITMERCHANT,"${LABEL_FATE} When this enters the center row, for each Treasure under this, each player may banish a card in their hand or discard pile."
CARDNAME_OMNICRON,<size=104>O</size>mnicron
EFFECT_OMNICRON,"Once per turn, gain ${ICON_ENERGY1} for each Mechana Construct you control."
FATE_OMNICRON,"${LABEL_FATE} When this enters the center row, if there is Treasure under this, add a seventh card to the center row."
FLAVOR_OMNICRON,Harness new power source: Success
CARDNAME_MORDANTWIDOW,<size=104>M</size>ordant Widow
EFFECT_MORDANTWIDOW,"${LABEL_REWARD} Gain ${ICON_HONOR4}. For each opponent, you choose and destroy a Construct they control."
CARDNAME_BLACKWATCHVANQUISHER,<size=104>B</size>lackwatch V<space=-.1em>anquisher
EFFECT_BLACKWATCHVANQUISHER,Gain ${ICON_POWER2}.
ENERGY_BLACKWATCHVANQUISHER,${LABEL_ENERGIZE} ${ICON_ENERGY3}: Gain an additional ${ICON_POWER2}.
CARDNAME_BEACONSHAMAN,<size=104>B</size>eacon Shaman
EFFECT_BEACONSHAMAN,"Reveal the top card of your deck and put it in your hand. If it is a Treasure, gain ${ICON_HONOR3}."
FLAVOR_BEACONSHAMAN,The shards speak to those who have the courage to listen.
CARDNAME_LEOTANSFAMILIAR,<size=104>L</size>eotan's Familiar
EFFECT_LEOTANSFAMILIAR,Gain ${ICON_RUNE1}.
ENERGY_LEOTANSFAMILIAR,${LABEL_ENERGIZE} ${ICON_ENERGY1}: Gain ${ICON_HONOR2}.
CARDNAME_ILLIYATHEDEMONBORN,<size=104>I</size>lliya the Demonborn
EFFECT_ILLIYATHEDEMONBORN,Gain ${ICON_POWER4}.
ENERGY_ILLIYATHEDEMONBORN,${LABEL_ENERGIZE}: Gain an additional ${ICON_POWER1} for each ${ICON_ENERGY} you have gained this turn.
CARDNAME_FORESIGHTMONACLE,<size=104>F</size><space=-.1em>oresight Monacle
ENERGY_FORESIGHTMONACLE,"${LABEL_ENERGIZE} ${ICON_ENERGY4}: Once this turn, gain ${ICON_RUNE1} for each Mechana Construct you control."
FLAVOR_FORESIGHTMONACLE,For Precision work
CARDNAME_ORASTHEREDEEMER,"<size=104>O</size>ras, the Redeemer"
EFFECT_ORASTHEREDEEMER,"Gain ${ICON_RUNE4}.<br>Each time you acquire a Hero from the center row this turn, gain ${ICON_HONOR} equal to its ${ICON_HONOR} value."
FLAVOR_ORASTHEREDEEMER,"He watches for heroic deeds, weaving their tales of glory into the fabric of the cosmos."
CARDNAME_TABLETOFTHEDREAMER,<size=104>T</size><space=-.2em>ablet of the Dreamer
ENERGY_TABLETOFTHEDREAMER,"${LABEL_ENERGIZE} ${ICON_ENERGY4}: Once this turn, acquire or defeat any card in the center row without paying its cost."
FLAVOR_TABLETOFTHEDREAMER,Whispers of Adayu's powers emanated from the tablet while in the presence of the mysterious shards.
CARDNAME_MAGNETMONK,<size=104>M</size>agnet Monk
EFFECT_MAGNETMONK,Gain ${ICON_POWER2}.<br>Gain ${ICON_ENERGY1} for each faction among Constructs you control.
FLAVOR_MAGNETMONK,An Attractive Ally
CARDNAME_TEMPORALEYE,<size=104>T</size><space=-.15em>emporal Eye
EFFECT_TEMPORALEYE,"When this enters play, draw a card.<br>You may banish this and another Temporal Eye you control to take an additional turn."
CARDNAME_MILITIAROV,<size=104>M</size>ilitia
EFFECT_MILITIAROV,Gain ${ICON_POWER1}.
CARDNAME_PORTABILLET,<size=104>P</size><space=-.1em>ortabillet
EFFECT_PORTABILLET,"Once per turn, when you play a Mechana Construct (including this one), draw a card."
ENERGY_PORTABILLET,"${LABEL_ENERGIZE} ${ICON_ENERGY5}: Once this turn, draw a card."
FLAVOR_PORTABILLET,Collateral damage: acceptable.
CARDNAME_WILDCALLSTAFF,<size=104>W</size><space=-.1em>ildcall Staff
EFFECT_WILDCALLSTAFF,"Once per turn, you pay ${ICON_RUNE2} less to acquire a card with Treasure under it."
FLAVOR_WILDCALLSTAFF,With great power comes a great hunger for more.
CARDNAME_MONKOFTHELIDLESSEYE,<size=104>M</size>onk of the Lidless Eye
EFFECT_MONKOFTHELIDLESSEYE,Draw two cards.
FATE_MONKOFTHELIDLESSEYE,"${LABEL_FATE} When this enters the center row, for each treasure under this, each player draws a card."
FLAVOR_MONKOFTHELIDLESSEYE,"The Order sensed a disturbance, but could not decipher its source."
CARDNAME_RIGHTEOUSTEMPLAR,<size=104>R</size>ighteous T<space=-.1em>emplar
EFFECT_RIGHTEOUSTEMPLAR,Defeat a Monster that costs ${ICON_POWER4} or less without paying its cost.
ENERGY_RIGHTEOUSTEMPLAR,"${LABEL_ENERGIZE} ${ICON_ENERGY3}: Instead, defeat any Monster without paying its cost."
CARDNAME_TERRUSPARAGONOFSTRIFE,"<size=104>T</size><space=-.3em>errus, Paragon of Strife"
EFFECT_TERRUSPARAGONOFSTRIFE,${LABEL_REWARD} Gain ${ICON_HONOR5}. Each opponent discards a random card from their hand. You may choose a card discarded this way and put it in your hand.
CARDNAME_SERPENTSIREN,<size=104>S</size>erpent Siren
EFFECT_SERPENTSIREN,${LABEL_REWARD} Gain ${ICON_HONOR1}.
TROPHY_SERPENTSIREN,${LABEL_TROPHY} You may banish this to gain ${ICON_ENERGY1}.
CARDNAME_CULTISTROV,<size=104>C</size>ultist
EFFECT_CULTISTROV,${LABEL_REWARD} Gain ${ICON_HONOR1}.
FLAVOR_CULTISTROV,You fools will learn the truth of your 'gifts' soon enough!
CARDNAME_SKYROCKETDRONE,<size=104>S</size>kyrocket Drone
EFFECT_SKYROCKETDRONE,Gain ${ICON_RUNE1} and an additional ${ICON_RUNE1} if you control a Construct.
FLAVOR_SKYROCKETDRONE,Power on.
CARDNAME_REALITYSCULPTOR,<size=104>R</size>eality Sculptor
EFFECT_REALITYSCULPTOR,Copy the effect of a Hero played this turn with cost ${ICON_RUNE3} or less.
FLAVOR_REALITYSCULPTOR,Life imitates art.
CARDNAME_LAGOONTROLL,<size=104>L</size>agoon Troll
EFFECT_LAGOONTROLL,${LABEL_REWARD} Gain ${ICON_HONOR2}. Draw a card.
FLAVOR_LAGOONTROLL,Mmmmmrrrggllhhl!
CARDNAME_LOAMSPEAKERDRUID,<size=104>L</size>oamspeaker Druid
EFFECT_LOAMSPEAKERDRUID,Gain ${ICON_RUNE3}.
FATE_LOAMSPEAKERDRUID,"${LABEL_FATE} When this enters the center row, for each Treasure under this, add ${ICON_HONOR10} to the ${ICON_HONOR} pool."
FLAVOR_LOAMSPEAKERDRUID,"No matter how far he may wander, he can always find the way back to his mushroom."
CARDNAME_OGODEMONTRAP,<size=104>O</size>go Demontrap
EFFECT_OGODEMONTRAP,"Once per turn, gain ${ICON_POWER1}."
ENERGY_OGODEMONTRAP,"${LABEL_ENERGIZE} ${ICON_ENERGY4}: Once this turn, gain ${ICON_HONOR3}."
FLAVOR_OGODEMONTRAP,"Keeps the place free of the little ones, at least."
CARDNAME_ENERGYSHARD,<size=104>E</size>nergy Shard
EFFECT_ENERGYSHARD,Gain ${ICON_ENERGY1}. Draw a card.
CARDNAME_FIRESTORMEFFIGY,<size=104>F</size>irestorm Effigy
EFFECT_FIRESTORMEFFIGY,${LABEL_REWARD} Gain ${ICON_HONOR3}. You may banish a card in your hand or discard pile.
ENERGY_FIRESTORMEFFIGY,${LABEL_ENERGIZE} ${ICON_ENERGY1}: You may banish an additional card in your hand or discard pile.
CARDNAME_TOMEOFERABUS,<size=104>T</size><space=-.15em>ome of Erabus
EFFECT_TOMEOFERABUS,"Once per turn, gain ${ICON_ENERGY1}."
FLAVOR_TOMEOFERABUS,"""The truth of the present lies in the shadows of our past""  - Emri"
CARDNAME_ULUASKARAPRINCE,"<size=104>U</size>lu, Askara Prince"
EFFECT_ULUASKARAPRINCE,Copy the effect of a Hero played this turn. This effect cannot be copied.
ENERGY_ULUASKARAPRINCE,${LABEL_ENERGIZE} ${ICON_ENERGY2}: Copy the chosen effect an additional time.
CARDNAME_RUNICHONISKROT,<size=104>R</size>unic Honiskrot
EFFECT_RUNICHONISKROT,Gain ${ICON_RUNE2}.
ENERGY_RUNICHONISKROT,${LABEL_ENERGIZE} ${ICON_ENERGY3}: Gain ${ICON_POWER2}.
FLAVOR_RUNICHONISKROT,The noble Honiskrot were ill at ease in the presence of the mysterious shards.
CARDNAME_ZETAARSENAL,<size=104>Z</size>eta Arsenal
ENERGY_ZETAARSENAL,"${LABEL_ENERGIZE} ${ICON_ENERGY3}: Once this turn, gain ${ICON_POWER1} for each Mechana Construct you control."
FLAVOR_ZETAARSENAL,Choose your weapon.
CARDNAME_TREASUREHUNTER,<size=104>T</size><space=-.1em>reasure Hunter
EFFECT_TREASUREHUNTER,Gain ${ICON_POWER2}.<br>You may pay ${ICON_POWER1} less the next time you defeat a Monster with Treasure under it this turn.
FLAVOR_TREASUREHUNTER,As if he needed an excuse to hunt monsters.
CARDNAME_COGNITIONCOURIER,<size=104>C</size>ognition Courier
EFFECT_COGNITIONCOURIER,Gain ${ICON_RUNE2}.
ENERGY_COGNITIONCOURIER,${LABEL_ENERGIZE}: You pay ${ICON_RUNE1} less the next time you acquire a Construct this turn for each ${ICON_ENERGY} you have gained this turn.
CARDNAME_DEVIANTFIEND,<size=104>D</size><space=-.05em>eviant Fiend
EFFECT_DEVIANTFIEND,${LABEL_REWARD} Gain ${ICON_HONOR3}.
ENERGY_DEVIANTFIEND,${LABEL_ENERGIZE}: Gain an additional ${ICON_HONOR1} for each ${ICON_ENERGY} you have gained this turn.
CARDNAME_NYXIANSPIRITCASTER,<size=104>N</size>yxian Spiritcaster
EFFECT_NYXIANSPIRITCASTER,Gain ${ICON_ENERGY3}.<br>Draw a card.
FLAVOR_NYXIANSPIRITCASTER,They know the threat that is coming... and welcome it.
CARDNAME_TRUTHSEEKER,<size=104>T</size><space=-.1em>ruth Seeker
EFFECT_TRUTHSEEKER,"Draw a card. You may banish a card in the center row. If the next card to enter the center row is a Treasure, acquire it."
FLAVOR_TRUTHSEEKER,"""The sudden appearance of these shards is troubling.  We must discover their true nature."""
CARDNAME_ENERGYSHARDSTART,<size=104>E</size>nergy Shard
EFFECT_ENERGYSHARDSTART,Gain ${ICON_ENERGY1}. Draw a card.
CARDNAME_STARCALLERLEOTAN,<size=104>S</size>tarcaller Leotan
EFFECT_STARCALLERLEOTAN,Gain ${ICON_HONOR4}.
ENERGY_STARCALLERLEOTAN,${LABEL_ENERGIZE}: Gain an additional ${ICON_HONOR1} for each ${ICON_ENERGY} you have gained this turn.
CARDNAME_APPRENTICEROV,<size=104>A</size>pprentice
EFFECT_APPRENTICEROV,Gain ${ICON_RUNE1}.
CARDNAME_HEAVYINFANTRYROV,<size=104>H</size>eavy Infantry
EFFECT_HEAVYINFANTRYROV,Gain ${ICON_POWER2}.
CARDNAME_RAGINGURSINE,<size=104>R</size>aging Ursine
EFFECT_RAGINGURSINE,${LABEL_REWARD} Gain ${ICON_HONOR3}.
ENERGY_RAGINGURSINE,${LABEL_ENERGIZE} ${ICON_ENERGY2}: Gain ${ICON_RUNE2}.
CARDNAME_PROTEANSEASLUG,<size=104>P</size><space=-.1em>rotean Sea Slug
EFFECT_PROTEANSEASLUG,${LABEL_REWARD} Gain ${ICON_HONOR5}. Each opponent destroys all Constructs they control.
FLAVOR_PROTEANSEASLUG,Does anyone have a whole lot of salt?
CARDNAME_PROTOTYPECH32,<size=104>P</size><space=-.1em>rototype CH32
ENERGY_PROTOTYPECH32,"${LABEL_ENERGIZE} ${ICON_ENERGY1}: Once this turn, when you acquire a Mechana Construct, you may put it directly into play."
FLAVOR_PROTOTYPECH32,Excavation systems online
CARDNAME_OZIAHJUDGEOFLOGOS,"<size=104>O</size><space=-.1em>ziah, Judge of Logos"
EFFECT_OZIAHJUDGEOFLOGOS,"While this is in the center row, you may acquire this without paying its cost if you have gained ${ICON_ENERGY7} or more this turn.<br>Defeat all Monsters in the center row without paying their costs."
FLAVOR_OZIAHJUDGEOFLOGOS,His will and blade are one.
CARDNAME_TWISTEDTYRANT,<size=104>T</size><space=-.1em>wisted T<space=-.1em>yrant
EFFECT_TWISTEDTYRANT,${LABEL_REWARD} Gain ${ICON_HONOR6}.
ENERGY_TWISTEDTYRANT,${LABEL_ENERGIZE} ${ICON_ENERGY3}: Draw three cards.
CARDNAME_LIFEBOUNDMUSE,<size=104>L</size>ifebound Muse
EFFECT_LIFEBOUNDMUSE,Acquire a Hero with cost ${ICON_RUNE4} or less without paying its cost.
ENERGY_LIFEBOUNDMUSE,"${LABEL_ENERGIZE} ${ICON_ENERGY2}: Instead, acquire any Hero without paying its cost."
CARDNAME_HERALDOFDOOM,<size=104>H</size>erald of Doom
EFFECT_HERALDOFDOOM,${LABEL_REWARD} Gain ${ICON_HONOR6}. Acquire or defeat a card in the center row without paying its cost.
ENERGY_HERALDOFDOOM,"${LABEL_ENERGIZE} ${ICON_ENERGY7}: Instead, acquire and defeat all cards in the center row without paying their costs."
CARDNAME_DARKWALKER,<size=104>D</size><space=-.05em>arkwalker
EFFECT_DARKWALKER,Gain ${ICON_POWER2}.
ENERGY_DARKWALKER,${LABEL_ENERGIZE} ${ICON_ENERGY1}: You may banish a card in your hand or discard pile.
CARDNAME_MYSTICROV,<size=104>M</size>ystic
EFFECT_MYSTICROV,Gain ${ICON_RUNE2}.
CARDNAME_VAULTSPHINX,<size=104>V</size><space=-.15em>ault Sphinx
EFFECT_VAULTSPHINX,${LABEL_REWARD} Gain ${ICON_HONOR2}.
TROPHY_VAULTSPHINX,${LABEL_TROPHY} You may banish this to gain ${ICON_ENERGY2}.
CARDNAME_MONASTICTUTOR,<size=104>M</size>onastic T<space=-.1em>utor
EFFECT_MONASTICTUTOR,Acquire a Mystic or Heavy Infantry without paying its cost.
ENERGY_MONASTICTUTOR,${LABEL_ENERGIZE} ${ICON_ENERGY1}: Put the acquired card into your hand.
CARDNAME_VOIDFEEDER,<size=104>V</size><space=-.15em>oidfeeder
EFFECT_VOIDFEEDER,"Once per turn, gain ${ICON_POWER1}."
ENERGY_VOIDFEEDER,"${LABEL_ENERGIZE} ${ICON_ENERGY2}: Once this turn, you may banish a card in your hand or discard pile."
CARDNAME_ERABUSSONOFNYX,"<size=104>E</size>rabus, Son of Nyx"
EFFECT_ERABUSSONOFNYX,Defeat a Monster in the Void without paying its cost and put it on the bottom of the center deck.
CARDNAME_DARKENERGYSHARD,<size=104>D</size><space=-.1em>ark Energy Shard
EFFECT_DARKENERGYSHARD,Gain ${ICON_ENERGY1}. Draw a card.
FATE_DARKENERGYSHARD,${LABEL_FATE} Each player may banish a card in their discard pile.
CARDNAME_JAKEBCOBRASHAMAN,"<size=104>J</size><space=-.1em>akeb, Cobra Shaman"
EFFECT_JAKEBCOBRASHAMAN,Gain ${ICON_HONOR3}.
ENERGY_JAKEBCOBRASHAMAN,"${LABEL_ENERGIZE} ${ICON_ENERGY4}: Transform this into Jakeb, Cobra King. (Ignore the rest of this card's effect.)"
FLAVOR_JAKEBCOBRASHAMAN,"""This is the fight I have spent my entire life training for."""
CARDNAME_AZERAXNYXSCHOSEN,"<size=104>A</size>zerax, Nyx's Chosen"
EFFECT_AZERAXNYXSCHOSEN,Gain ${ICON_POWER6}.<br>You may banish any number of cards in your hand and/or discard pile.
CARDNAME_OXIPEDE,<size=104>O</size>xipede
EFFECT_OXIPEDE,${LABEL_REWARD} Gain ${ICON_HONOR2}.
ENERGY_OXIPEDE,${LABEL_ENERGIZE} ${ICON_ENERGY2}: Gain ${ICON_HONOR2}.
CARDNAME_TORICASCENDANT,"<size=104>T</size><space=-.2em>oric, Ascendant"
EFFECT_TORICASCENDANT,Acquire a Hero without paying its cost and put it into your hand.
FLAVOR_TORICASCENDANT,"Through understanding the shards, he became one with them."
CARDNAME_NIGHTMARESENTINEL,<size=104>N</size><space=-.1em>ightmare Sentinel
EFFECT_NIGHTMARESENTINEL,"Gain ${ICON_POWER2}.<br>The next time you defeat a Monster in the center row this turn, you may banish a card in your hand or discard pile."
CARDNAME_MOKENTHEHUNTMASTER,"<size=104>M</size>oken, the Huntmaster"
EFFECT_MOKENTHEHUNTMASTER,"Gain ${ICON_HONOR5}.<br>At the end of the game, Moken, the Huntmaster's ${ICON_HONOR} value is equal to the number of Treasure cards in your deck."
CARDNAME_RAVENSIREN,<size=104>R</size>aven Siren
EFFECT_RAVENSIREN,Gain ${ICON_RUNE1}.
ENERGY_RAVENSIREN,${LABEL_ENERGIZE}: You pay ${ICON_RUNE1} less for each ${ICON_ENERGY} you have gained this turn the next time you acquire a Hero this turn.
CARDNAME_YOLOCRYXTHEGUARDIAN,"<size=104>Y</size><space=-.15em>olocryx, the Guardian"
EFFECT_YOLOCRYXTHEGUARDIAN,"Gain ${ICON_POWER5} and an additional ${ICON_POWER1} for each Mechana Construct you control.<br>When you play a Mechana Construct, you may return this from your discard pile to your hand."
CARDNAME_PHASEFIEND,<size=104>P</size>hasefiend
EFFECT_PHASEFIEND,${LABEL_REWARD} Gain ${ICON_HONOR1}. You may banish a card in your hand or discard pile.
CARDNAME_HEDRONDREDGER,<size=104>H</size>edron Dredger
EFFECT_HEDRONDREDGER,"Once per turn, if you control three or more Mechana Constructs, you may Energize a Construct you control."
FLAVOR_HEDRONDREDGER,Shards detected. excavation underway.
CARDNAME_SHARDFINDERCOMPASS,<size=104>S</size>hardfinder Compass
EFFECT_SHARDFINDERCOMPASS,You may banish this to acquire all of the Treasures in the center row.
FLAVOR_SHARDFINDERCOMPASS,"As Braham stared at the compass, his entire body tingled. He knew where he had to go."
CARDNAME_HONISKROTTRIBESMAN,<size=104>H</size>oniskrot T<space=-.1em>ribesman
EFFECT_HONISKROTTRIBESMAN,Gain ${ICON_RUNE1}.
ENERGY_HONISKROTTRIBESMAN,${LABEL_ENERGIZE} ${ICON_ENERGY2}: Transform this into Honiskrot Chieftain. (Ignore the rest of this card's effect.)
FLAVOR_HONISKROTTRIBESMAN,"""Do you smell that?""<br>""Yes... There's more than prey to be hunted tonight."""
CARDNAME_VOIDSWORNCHAMPION,<size=104>V</size><space=-.2em>oidsworn Champion
EFFECT_VOIDSWORNCHAMPION,Gain ${ICON_POWER4}.
FLAVOR_VOIDSWORNCHAMPION,Most are driven mad by the call of the void. Those already mad hear only wardrums.
CARDNAME_WEBCLAW,<size=104>W</size><space=-.1em>ebclaw
EFFECT_WEBCLAW,${LABEL_REWARD} Gain ${ICON_HONOR3}. Each opponent with three or more Constructs in play destroys a construct they control.
ENERGY_WEBCLAW,"${LABEL_ENERGIZE} ${ICON_ENERGY3}: Instead, each opponent destroys a Construct they control."
CARDNAME_VAULTLICH,<size=104>V</size><space=-.1em>ault Lich
EFFECT_VAULTLICH,${LABEL_REWARD} Gain ${ICON_HONOR3}. You may banish a card in the center row with Treasure under it.
FATE_VAULTLICH,"${LABEL_FATE} When this enters the center row, banish each card in the center row with Treasure under it."
CARDNAME_PLUNDERDEVIL,<size=104>P</size>lunder Devil
EFFECT_PLUNDERDEVIL,${LABEL_REWARD} Gain ${ICON_HONOR5}. You may acquire a Hero or Construct with cost ${ICON_RUNE3} or less without paying its cost.
ENERGY_PLUNDERDEVIL,"${LABEL_ENERGIZE} ${ICON_ENERGY2}: Instead, you may acquire a Hero or Construct with cost ${ICON_RUNE6} or less without paying its cost."
CARDNAME_SMOKETYRANT,<size=104>S</size>moke T<space=-.1em>yrant
EFFECT_SMOKETYRANT,${LABEL_REWARD} Gain ${ICON_HONOR4}. Banish the top seven cards of the center deck. Put all Treasures banished this way under this.
TROPHY_SMOKETYRANT,"${LABEL_TROPHY_ONGOING} Once per turn, gain ${ICON_ENERGY1} for each Treasure under this."
CARDNAME_GEMEATERLEPRECHAUN,<size=104>G</size><space=-.05em>em-Eater Leprechaun
EFFECT_GEMEATERLEPRECHAUN,Gain ${ICON_RUNE2} and ${ICON_ENERGY2}.
FLAVOR_GEMEATERLEPRECHAUN,They're magically delicious.
CARDNAME_SCRAPSCRABBLER,<size=104>S</size>crap Scrabbler
EFFECT_SCRAPSCRABBLER,Gain ${ICON_RUNE1} and ${ICON_POWER1}.
ENERGY_SCRAPSCRABBLER,${LABEL_ENERGIZE} ${ICON_ENERGY2}: Transform this into Scrabbling Squad. (Ignore the rest of this card's effect.)
CARDNAME_VALIANTASCETIC,<size=104>V</size><space=-.15em>aliant Ascetic
EFFECT_VALIANTASCETIC,You may banish this to defeat a Monster with cost ${ICON_POWER5} or less without paying its cost.
FLAVOR_VALIANTASCETIC,"As they honor their losses, the Arha remember that true nobility lies in sacrifice for a greater cause."
CARDNAME_CACKLECASTWRETCH,<size=104>C</size>acklecast W<space=-.05em>retch
EFFECT_CACKLECASTWRETCH,"If you have gained ${ICON_ENERGY4} or more this turn, you may defeat this without paying its cost.<br>${LABEL_REWARD} Gain ${ICON_HONOR4}."
CARDNAME_CHARGINGCHAMBER,<size=104>C</size>harging Chamber
EFFECT_CHARGINGCHAMBER,"Once per turn, when you play a Mechana Construct (including this one), gain ${ICON_ENERGY1}."
FLAVOR_CHARGINGCHAMBER,Shards more effective than previous power sources.
CARDNAME_AZERAXOFTHEBLACKWATCH,<size=104>A</size>zerax of the Black W<space=-.1em>atch
EFFECT_AZERAXOFTHEBLACKWATCH,Gain ${ICON_POWER4}.<br>You may banish a card in your hand or discard pile.
ENERGY_AZERAXOFTHEBLACKWATCH,"${LABEL_ENERGIZE} ${ICON_ENERGY4}: Transform this into Azerax, Nyx's Chosen. (Ignore the rest of this card's effect.)"
CARDNAME_YOLOTHIANMONOLITH,<size=104>Y</size><space=-.15em>olothian Monolith
ENERGY_YOLOTHIANMONOLITH,"${LABEL_ENERGIZE} ${ICON_ENERGY4}: Transform this into Yolocryx, the Guardian and put it into your hand."
FLAVOR_YOLOTHIANMONOLITH,Energy source detected. Calculating life expectancy...
CARDNAME_ERABUSTHEEXILED,"<size=104>E</size>rabus, the Exiled"
EFFECT_ERABUSTHEEXILED,"If you have played a Dark Energy Shard this turn, you pay ${ICON_POWER2} less to defeat this.<br>${LABEL_REWARD} Transform this into Erabus, Son of Nyx and put it into your hand."
CARDNAME_CRYSTALLINEMONK,<size=104>C</size><space=-.1em>rystalline Monk
EFFECT_CRYSTALLINEMONK,Gain ${ICON_RUNE2}.<br>You may move a Treasure from underneath a card in the center row to another card in the center row.
FLAVOR_CRYSTALLINEMONK,Shards compatible. Adaptation underway.
CARDNAME_VOIDSWORNWARRIOR,<size=104>V</size><space=-.2em>oidsworn W<space=-.1em>arrior
EFFECT_VOIDSWORNWARRIOR,Gain ${ICON_POWER1}.
ENERGY_VOIDSWORNWARRIOR,${LABEL_ENERGIZE} ${ICON_ENERGY2}: Transform this into Voidsworn Champion. (Ignore the rest of this card's effect.)
FLAVOR_VOIDSWORNWARRIOR,Those at the edge of oblivion feel its pull most.
CARDNAME_GEMCATCHERSPIRIT,<size=104>G</size>emcatcher Spirit
EFFECT_GEMCATCHERSPIRIT,Draw a card.
ENERGY_GEMCATCHERSPIRIT,${LABEL_ENERGIZE} ${ICON_ENERGY2}: Transform this into Otherworldly Guide. (Ignore the rest of this card's effect.)
FLAVOR_GEMCATCHERSPIRIT,The spirits consider the crystals equal parts portent and plaything.
CARDNAME_VEYAHANDMAIDENOFLOGOS,"<size=104>V</size><space=-.4em>eya, Handmaiden of Logos"
EFFECT_VEYAHANDMAIDENOFLOGOS,"Choose one: Acquire a Hero with cost ${ICON_RUNE6} or less without paying its cost, or defeat a Monster with cost ${ICON_POWER6} or less without paying its cost."
ENERGY_VEYAHANDMAIDENOFLOGOS,"${LABEL_ENERGIZE} ${ICON_ENERGY2}: Instead, you may choose both."
CARDNAME_NYXIANRITUALIST,<size=104>N</size><space=-.05em>yxian Ritualist
EFFECT_NYXIANRITUALIST,Gain ${ICON_POWER3} and ${ICON_ENERGY3}.
FLAVOR_NYXIANRITUALIST,"Every Void ritualist could sense the power of the shards, but only a select few could wield it."
CARDNAME_ARBITEROFTHELOST,<size=104>A</size>rbiter of the Lost
EFFECT_ARBITEROFTHELOST,Gain ${ICON_ENERGY2}.<br>You may banish a card in your hand or discard pile.
FLAVOR_ARBITEROFTHELOST,"""As others sought to hoard the shards, I sought to harness their power."""
CARDNAME_MOSAICHORN,<size=104>M</size>osaic Horn
ENERGY_MOSAICHORN,"${LABEL_ENERGIZE} ${ICON_ENERGY2}: Once this turn, gain ${ICON_RUNE2}."
FLAVOR_MOSAICHORN,The horn's note always signals a harvest.
CARDNAME_DENDRISTHEGLADEWYRM,<size=104>D</size><space=-.15em>endris the Gladewyrm
EFFECT_DENDRISTHEGLADEWYRM,"Gain ${ICON_RUNE2}, ${ICON_POWER2}, and ${ICON_HONOR2}."
ENERGY_DENDRISTHEGLADEWYRM,"${LABEL_ENERGIZE} ${ICON_ENERGY3}: Gain an additional ${ICON_RUNE2}, ${ICON_POWER2}, and ${ICON_HONOR2}."
CARDNAME_SCRABBLINGSQUAD,<size=104>S</size>crabbling Squad
EFFECT_SCRABBLINGSQUAD,Gain ${ICON_RUNE2} and ${ICON_POWER2}.
FLAVOR_SCRABBLINGSQUAD,Double word score
CARDNAME_ANOINTEDASKARA,<size=104>A</size>nointed Askara
EFFECT_ANOINTEDASKARA,"Draw a card.<br>Once this turn, when you acquire a Hero or Consruct from the center row, put it into your hand."
FLAVOR_ANOINTEDASKARA,The first lesson the Arha teach their young is that there will always be more lessons.
CARDNAME_REPLICATIONDRONE,<size=104>R</size>eplication Drone
EFFECT_REPLICATIONDRONE,You are considered to control an additional Mechana Construct.
FLAVOR_REPLICATIONDRONE,We can build it. We have the technology.
CARDNAME_TORICDEVOTEDDISCIPLE,"<size=104>T</size><space=-.3em>oric, Devoted Disciple"
EFFECT_TORICDEVOTEDDISCIPLE,Copy the effect of a Hero in the center row.
ENERGY_TORICDEVOTEDDISCIPLE,"${LABEL_ENERGIZE} ${ICON_ENERGY4}: Transform this into Toric, Ascendant. (Ignore the rest of this card's effect.)"
CARDNAME_RIFTWALKERSAXE,<size=104>R</size>iftwalker's Axe
ENERGY_RIFTWALKERSAXE,"${LABEL_ENERGIZE} ${ICON_ENERGY2}: Once this turn, gain ${ICON_POWER2}."
FLAVOR_RIFTWALKERSAXE,An extension of the dark souls who wield it.
CARDNAME_OTHERWORLDLYGUIDE,<size=104>O</size>therworldly Guide
EFFECT_OTHERWORLDLYGUIDE,Draw two cards.
FLAVOR_OTHERWORLDLYGUIDE,"""We once considered them pets- now, we consider them partners."""
CARDNAME_ARHAMENTOR,<size=104>A</size>rha Mentor
EFFECT_ARHAMENTOR,"You may banish a card from your hand. If you do, acquire a Mystic or Heavy Infantry without paying its cost and put it into your hand."
ENERGY_ARHAMENTOR,${LABEL_ENERGIZE} ${ICON_ENERGY2}: Draw a card.
CARDNAME_JAKEBCOBRAKING,"<size=104>J</size><space=-.05em>akeb, Cobra King"
EFFECT_JAKEBCOBRAKING,"Gain ${ICON_HONOR6}.<br>When you gain ${ICON_HONOR} from another card this turn, gain twice that much ${ICON_HONOR} instead."
CARDNAME_HONISKROTCHIEFTAIN,<size=104>H</size>oniskrot Chieftain
EFFECT_HONISKROTCHIEFTAIN,Gain ${ICON_RUNE3}.
FLAVOR_HONISKROTCHIEFTAIN,"""Gather your forces - tonight, we come to the aid of Ogo."""
CARDNAME_WAILINGSPECTRE,<size=104>W</size><space=-.15em>ailing Spectre
EFFECT_WAILINGSPECTRE,${LABEL_REWARD} Gain ${ICON_HONOR4}. You may banish up to two cards in your discard pile.
FLAVOR_WAILINGSPECTRE,"Denizens of Vigil lock their doors at the first scream of the night, clinging to the false hope that it will save them."
CARDNAME_APPRENTICERU,<size=104>A</size>pprentice
EFFECT_APPRENTICERU,Gain ${ICON_RUNE1}.
CARDNAME_DISCIPLEOFCETRA,<size=104>D</size>isciple of Cetra
EFFECT_DISCIPLEOFCETRA,"While this is in your hand, if you have played another Lifebound Hero this turn, transform this into Scion of Cetra.<br>Gain ${ICON_RUNE1} and ${ICON_HONOR1}."
CARDNAME_FOUNDATIONBURROWER,<size=104>F</size><space=-.15em>oundation Burrower
EFFECT_FOUNDATIONBURROWER,${LABEL_REWARD} Gain ${ICON_HONOR1}. You may banish a card in the center row.
FLAVOR_FOUNDATIONBURROWER,Even a tiny nuisance is able to bring down giant fortifications if left unchecked.
CARDNAME_CLUTCHOFDARKNESS,<size=104>C</size>lutch of Darkness
EFFECT_CLUTCHOFDARKNESS,"Once per turn, gain ${ICON_POWER2}."
FLAVOR_CLUTCHOFDARKNESS,"Once the Void has a hold on you, there is no escape."
CARDNAME_ZEROPOINTREACTOR,<size=104>Z</size>ero Point Reactor
EFFECT_ZEROPOINTREACTOR,"Once per turn, gain ${ICON_RUNE2}."
FLAVOR_ZEROPOINTREACTOR,"The universe began with a big bang, but the monks felt there was room for improvement"
CARDNAME_DISCIPLEOFEMRI,<size=104>D</size>isciple of Emri
EFFECT_DISCIPLEOFEMRI,"While this is in your hand, if you have played another Void Hero this turn, transform this into Scion of Emri.<br>Gain ${ICON_POWER1}.<br>You may banish a card in your discard pile."
CARDNAME_AIRSUPPORTSQUADRON,<size=104>A</size>ir Support Squadron
EFFECT_AIRSUPPORTSQUADRON,"Once per turn, when you acquire a Mechana card, you may put it in your hand."
FLAVOR_AIRSUPPORTSQUADRON,surely you can't be serious
CARDNAME_CULTISTRU,<size=104>C</size>ultist
EFFECT_CULTISTRU,${LABEL_REWARD} Gain ${ICON_HONOR1}.
CARDNAME_SCIONOFCETRA,<size=104>S</size>cion of Cetra
EFFECT_SCIONOFCETRA,Gain ${ICON_RUNE2} and ${ICON_HONOR2}.
FLAVOR_SCIONOFCETRA,"Cetra guides her children not to their destiny, but to the path that will lead them there."
CARDNAME_SADISTICGIANT,<size=104>S</size>adistic Giant
EFFECT_SADISTICGIANT,${LABEL_REWARD} Gain ${ICON_HONOR5}.
FLAVOR_SADISTICGIANT,The shifting planes served up a never-ending supply of victims for the cruel Estryne clan.
CARDNAME_SCIONOFEMRI,<size=104>S</size>cion of Emri
EFFECT_SCIONOFEMRI,Gain ${ICON_POWER3}.<br>You may banish a card in your discard pile.
FLAVOR_SCIONOFEMRI,"When the last shred of remorse had been purged, they were ready to join the Black Watch."
CARDNAME_ALSETMONKPRODIGY,"<size=104>A</size>lset, Monk Prodigy"
EFFECT_ALSETMONKPRODIGY,"While this is in your hand, if you control two or more Constructs, transform this into Alset, Reactor Savant.<br>Gain ${ICON_RUNE3}."
FLAVOR_ALSETMONKPRODIGY,He starts with the impossible.
CARDNAME_NYXIANCORRUPTOR,<size=104>N</size>yxian Corruptor
EFFECT_NYXIANCORRUPTOR,Gain ${ICON_POWER3}.<br>You may spend ${ICON_RUNE} as though it was ${ICON_POWER} this turn.
CARDNAME_NIGHTMAREDELVER,<size=104>N</size>ightmare Delver
EFFECT_NIGHTMAREDELVER,"Gain ${ICON_RUNE2}.<br>If you control two or more Constructs, you may banish a card in your discard pile."
FLAVOR_NIGHTMAREDELVER,"With their abilities augmented by Hedron technology, Sadranis' followers were able to venture even further into the darkness."
CARDNAME_TIMESTREAMSEER,<size=104>T</size><space=-.1em>imestream Seer
EFFECT_TIMESTREAMSEER,Gain ${ICON_RUNE2}.<br>You may banish a card in the center row.
FLAVOR_TIMESTREAMSEER,"She moved her hands through the water, altering the course of countless lives."
CARDNAME_CETRABENEFACTOROFALL,"<size=104>C</size>etra, Benefactor of All"
EFFECT_CETRABENEFACTOROFALL,"Starting with you, and then going in turn order, each player acquires a Hero without paying its cost. The Heroes acquired this way are put on top of their owners' decks."
CARDNAME_REMUSPACKGUARDIAN,"<size=104>R</size>emus, Pack Guardian"
EFFECT_REMUSPACKGUARDIAN,"While this is in your hand, if you have gained ${ICON_HONOR3} or more this turn, transform this into Remus, Wild Emissary.<br>Gain ${ICON_RUNE3}."
CARDNAME_SCIONOFEULOTH,<size=104>S</size>cion of Euloth
EFFECT_SCIONOFEULOTH,Gain ${ICON_RUNE2} and ${ICON_POWER2}.
FLAVOR_SCIONOFEULOTH,"When they view the machine as part of themselves, they are ready for their work to begin."
CARDNAME_DISCIPLEOFOZIAH,<size=104>D</size>isciple of Oziah
EFFECT_DISCIPLEOFOZIAH,"While this is in your hand, if you have played another Enlightened Hero this turn, transform this into Scion of Oziah.<br>Defeat a Monster with cost ${ICON_POWER3} or less without paying its cost."
CARDNAME_WOLFSHAMANRU,<size=104>W</size><space=-.1em>olf Shaman
EFFECT_WOLFSHAMANRU,Gain ${ICON_RUNE1}.<br>Draw a card.
FLAVOR_WOLFSHAMANRU,"""You guys might not know this, but I consider myself a bit of a loner."""
CARDNAME_DRUIDSWREATH,<size=104>D</size>ruid's Wreath
EFFECT_DRUIDSWREATH,"If you have played two or more Lifebound Heroes this turn, transform this into Verdant Crown."
FLAVOR_DRUIDSWREATH,"During their initiation, druids receive a lifeless wreath. When it is reborn, so are they."
CARDNAME_WORKSHOPGARGOYLE,<size=104>W</size><space=-.2em>orkshop Gargoyle
EFFECT_WORKSHOPGARGOYLE,"Once per turn, when you acquire a Mechana card, gain ${ICON_HONOR1}."
FLAVOR_WORKSHOPGARGOYLE,They would be more helpful if they weren't nuts
CARDNAME_VOIDFORGEDPALADIN,<size=104>V</size><space=-.2em>oidforged Paladin
EFFECT_VOIDFORGEDPALADIN,"Gain ${ICON_POWER2}.<br>The first time you defeat a Monster in the center row this turn, draw two cards."
FLAVOR_VOIDFORGEDPALADIN,The Black Watch and the Templars found a common language in battle.
CARDNAME_REMUSWILDEMISSARY,"<size=104>R</size>emus, Wild Emissary"
EFFECT_REMUSWILDEMISSARY,Gain ${ICON_RUNE3}.<br>You may spend ${ICON_RUNE} as though it was ${ICON_POWER} this turn.
FLAVOR_REMUSWILDEMISSARY,Not all Pathwardens are able to embrace their instincts without giving in to them.
CARDNAME_EVERBLOOMCLIQUE,<size=104>E</size>verbloom Clique
EFFECT_EVERBLOOMCLIQUE,Gain ${ICON_HONOR2}.<br>${LABEL_MULTIUNITE} Gain ${ICON_HONOR1}. <i>(Gain this effect for each other Lifebound Hero you play or have played this turn.)
CARDNAME_BLACKWATCHEXEMPLAR,<size=104>B</size>lack Watch Exemplar
EFFECT_BLACKWATCHEXEMPLAR,Gain ${ICON_POWER3}.<br>${LABEL_MULTIUNITE} You may banish a card in your discard pile.
FLAVOR_BLACKWATCHEXEMPLAR,They're capable of snatching victory from the jaws of pretty much anything.
CARDNAME_WILDGEARDRUID,<size=104>W</size><space=-.1em>ildgear Druid
EFFECT_WILDGEARDRUID,"Gain ${ICON_RUNE2}.<br>If you control two or more Constructs, gain ${ICON_HONOR2}."
FLAVOR_WILDGEARDRUID,The druids admired the monks' resourcefulness and ingenuity. The monks admired the druids' embrace of the unknown.
CARDNAME_EYEOFPOTENTIAL,<size=104>E</size>ye of Potential
EFFECT_EYEOFPOTENTIAL,"Once per turn, you may banish a card in your hand. If you do, acquire a Mystic or Heavy Infantry without paying its cost and put it in your hand."
CARDNAME_DHARTHATHEETERNAL,"<size=104>D</size><space=-.05em>hartha, the Eternal"
EFFECT_DHARTHATHEETERNAL,Reveal the top card of the center deck. Acquire or defeat that card without paying its cost.<br>${LABEL_MULTIUNITE} You may repeat this.
FLAVOR_DHARTHATHEETERNAL,"""Time is merely another illusion."""
CARDNAME_SOWEROFDISCONTENT,<size=104>S</size>ower of Discontent
EFFECT_SOWEROFDISCONTENT,${LABEL_REWARD} Gain ${ICON_HONOR2}. Name a faction. Gain an additional ${ICON_HONOR1} for each Hero of that faction you have played this turn.
FLAVOR_SOWEROFDISCONTENT,"Sowers lurk through the Five Realms, using whispers and rumors to erode the hope that keeps them intact."
CARDNAME_SHADOWSTALKER,<size=104>S</size>hadow Stalker
EFFECT_SHADOWSTALKER,You may banish a card in your discard pile.<br>Draw a card.
FLAVOR_SHADOWSTALKER,Always count the shadows.
CARDNAME_SOWEROFBETRAYAL,<size=104>S</size>ower of Betrayal
EFFECT_SOWEROFBETRAYAL,${LABEL_REWARD} Gain ${ICON_HONOR3}. Name a faction. Gain an additional ${ICON_HONOR2} for each Hero of that faction you have played this turn.
FLAVOR_SOWEROFBETRAYAL,"When chaos reigns, trust is the greatest strength, but it is an even greater weakness if exploited."
CARDNAME_DISCIPLEOFEULOTH,<size=104>D</size>isciple of Euloth
EFFECT_DISCIPLEOFEULOTH,"While this is in your hand, if you have played another Mechana Hero this turn, transform this into Scion of Euloth.<br>Gain ${ICON_RUNE1} and ${ICON_POWER1}."
CARDNAME_SCIONOFOZIAH,<size=104>S</size>cion of Oziah
EFFECT_SCIONOFOZIAH,Defeat a Monster with cost ${ICON_POWER5} or less without paying its cost.
FLAVOR_SCIONOFOZIAH,"With a single stroke, the tyrant was slain and his training was complete."
CARDNAME_HEDRONWATCHTOWER,<size=104>H</size>edron Watchtower
EFFECT_HEDRONWATCHTOWER,"Once per turn, when you acquire a Mechana card, gain ${ICON_HONOR} equal to that card's ${ICON_HONOR} value."
FLAVOR_HEDRONWATCHTOWER,none of them along the line know what any of it is worth
CARDNAME_UPGRADEFOUNDRY,<size=104>U</size>pgrade Foundry
EFFECT_UPGRADEFOUNDRY,"Once per turn, when you acquire a Mechana card, draw two cards."
FLAVOR_UPGRADEFOUNDRY,this won't hurt... much
CARDNAME_DEATHBOUNDDRUID,<size=104>D</size><space=-.075em>eathbound Druid
EFFECT_DEATHBOUNDDRUID,Gain ${ICON_HONOR3}.<br>You may banish a card in your discard pile.
FLAVOR_DEATHBOUNDDRUID,"The druids nourish life, but do not think for a moment that it is because they fear death."
CARDNAME_MYSTICRU,<size=104>M</size>ystic
EFFECT_MYSTICRU,Gain ${ICON_RUNE2}.
CARDNAME_CANONTEMPLAR,<size=104>C</size>anon T<space=-.1em>emplar
EFFECT_CANONTEMPLAR,Gain ${ICON_RUNE2}.<br>You may defeat a Monster with ${ICON_POWER} cost less than or equal to the ${ICON_RUNE} cost of a Construct you control.
FLAVOR_CANONTEMPLAR,His edicts are final.
CARDNAME_SPIKEVIXENRU,<size=104>S</size>pike Vixen
EFFECT_SPIKEVIXENRU,Gain ${ICON_POWER1}.<br>Draw a card.
FLAVOR_SPIKEVIXENRU,"If there is beauty in death, then the Spike Vixens are a sight to behold."
CARDNAME_DEFENSEGENERATOR,<size=104>D</size>efense Generator
EFFECT_DEFENSEGENERATOR,"Once per turn, when you acquire a Mechana card, gain ${ICON_POWER2}."
FLAVOR_DEFENSEGENERATOR,positively electrifying
CARDNAME_VIREPHEMERALGURU,"<size=104>V</size><space=-.15em>ir, Ephemeral Guru"
EFFECT_VIREPHEMERALGURU,Acquire all Heroes in the center row without paying their costs and put them in your hand.
FLAVOR_VIREPHEMERALGURU,All who see him have no choice but to follow.
CARDNAME_ADAYUTHESERENE,<size=104>A</size>dayu the Serene
EFFECT_ADAYUTHESERENE,"This Hero counts as all factions.<br>Gain ${ICON_RUNE1}, ${ICON_POWER1} and ${ICON_HONOR1}. Draw a card.<br>${LABEL_MULTIUNITE} Gain ${ICON_RUNE1} for each Mechana Hero, ${ICON_POWER1} for each Void Hero, ${ICON_HONOR1} for each Lifebound Hero, and draw a card for each Enlightened Hero you play or have played this turn."
CARDNAME_ADAYUTHETORMENTED,<size=104>A</size>dayu the T<space=-.1em>ormented
EFFECT_ADAYUTHETORMENTED,${LABEL_REWARD} Transform this into Adayu the Serene and acquire it.
FLAVOR_ADAYUTHETORMENTED,"""The cracks of pain and suffering have begun to spread in his mind. If he is lost, all of us are."" -Master Dhartha"
CARDNAME_BORDERLANDMERCENARY,<size=104>B</size>orderland Mercenary
EFFECT_BORDERLANDMERCENARY,Draw a card.<br>Name a faction. This Hero counts as that faction this turn.
FLAVOR_BORDERLANDMERCENARY,"""Where's the money?"""
CARDNAME_JOURNEYMANOUTRIDER,<size=104>J</size><space=-.1em>ourneyman Outrider
EFFECT_JOURNEYMANOUTRIDER,Acquire a Hero or Construct with cost ${ICON_RUNE5} or less without paying its cost.
FLAVOR_JOURNEYMANOUTRIDER,The Journeymen reject the monastic life on Arha in favor of finding and sharing knowledge among the other realms.
CARDNAME_BORDERLANDNIHILIST,<size=104>B</size>orderland Nihilist
EFFECT_BORDERLANDNIHILIST,${LABEL_REWARD} Transform this into Borderland Mercenary and acquire it.
FLAVOR_BORDERLANDNIHILIST,"""We believe in nothing!"""
CARDNAME_ALSETREACTORSAVANT,"<size=104>A</size>lset, Reactor Savant"
EFFECT_ALSETREACTORSAVANT,"Gain ${ICON_RUNE4}.<br>When you acquire a Construct this turn, you may put it into play."
FLAVOR_ALSETREACTORSAVANT,The machines hum to his tune.
CARDNAME_EMRITHEUNMAKER,"<size=104>E</size>mri, the Unmaker"
EFFECT_EMRITHEUNMAKER,"While this is in your hand, if there are 8 or more Monsters in the Void, transform this into Emri, Demonsbane.<br>Gain ${ICON_POWER4}."
CARDNAME_SNAPDRAGONWITCH,<size=104>S</size>napdragon Witch
EFFECT_SNAPDRAGONWITCH,"Gain ${ICON_HONOR1}.<br>Draw a card.<br>If you have more ${ICON_HONOR} than every other player, draw an additional card."
CARDNAME_CETRAMATRONOFSTARS,"<size=104>C</size>etra, Matron of Stars"
EFFECT_CETRAMATRONOFSTARS,Acquire a Hero without paying its cost. Put it on top of your deck.<br>${LABEL_MULTIUNITE} You may repeat this.
FLAVOR_CETRAMATRONOFSTARS,"""Do not despair, child. You have the resolve and strength to meet your fate. You need only accept it."""
CARDNAME_TERRORIZINGFIEND,<size=104>T</size><space=-.2em>errorizing Fiend
EFFECT_TERRORIZINGFIEND,${LABEL_REWARD} Gain ${ICON_HONOR2}. Draw two cards.
FLAVOR_TERRORIZINGFIEND,"Taking advantage of the chaos of Adayu's madness, demons punished Vigil for its past transgressions."
CARDNAME_MATRONOFDISCOVERY,<size=104>M</size>atron of Discovery
EFFECT_MATRONOFDISCOVERY,Gain ${ICON_RUNE2}.<br>${LABEL_MULTIUNITE} Gain ${ICON_RUNE1}. <i>(Gain this effect for each other Mechana Hero you play or have played this turn.)</i>
FLAVOR_MATRONOFDISCOVERY,All blueprints began as dreams.
CARDNAME_VIRASCETICMASTER,"<size=104>V</size><space=-.15em>ir, Ascetic Master"
EFFECT_VIRASCETICMASTER,"While this is in your hand, if you have played a Hero of every faction this turn, transform this into Vir, Ephemeral Guru.<br>Acquire a Hero in the center row without paying its cost and put it in your hand."
CARDNAME_EMRIDEMONSBANE,"<size=104>E</size>mri, Demonsbane"
EFFECT_EMRIDEMONSBANE,"Gain ${ICON_POWER5}.<br>This turn, you may defeat Monsters in the Void as though they were in the center row. Put Monsters defeated this way on the bottom of the center deck."
CARDNAME_SECLUDEDLABORATORY,<size=104>S</size>ecluded Laboratory
EFFECT_SECLUDEDLABORATORY,"If you have played two or more Mechana Heroes this turn, transform this into Zero Point Reactor."
FLAVOR_SECLUDEDLABORATORY,"Responsible for some of Hedron's greatest technological advances,,, and even greater explosions"
CARDNAME_VERDANTCROWN,<size=104>V</size><space=-.1em>erdant Crown
EFFECT_VERDANTCROWN,"Once per turn, gain ${ICON_HONOR2}."
FLAVOR_VERDANTCROWN,"""Even the largest forest starts with but a single seed."" -Stone Circle Invocation"
CARDNAME_MILITIARU,<size=104>M</size>ilitia
EFFECT_MILITIARU,Gain ${ICON_POWER1}.
CARDNAME_OZIAHSFAMILIAR,<size=104>O</size>ziah's Familiar
EFFECT_OZIAHSFAMILIAR,Defeat a Monster with cost ${ICON_POWER4} or less without paying its cost.<br>${LABEL_MULTIUNITE} Repeat this effect.
FLAVOR_OZIAHSFAMILIAR,"""He's not playing with his food, he's teaching it a lesson."""
CARDNAME_HEAVYINFANTRYRU,<size=104>H</size>eavy Infantry
EFFECT_HEAVYINFANTRYRU,Gain ${ICON_POWER2}.
CARDNAME_INITIATESGAUNTLETS,<size=104>I</size>nitiate's Gauntlets
EFFECT_INITIATESGAUNTLETS,"If you have played two or more Void Heroes this turn, transform this into Clutch of Darkness."
FLAVOR_INITIATESGAUNTLETS,The gauntlets outlive many recruits before finally finding a less temporary owner.
CARDNAME_SCRYEROFTHELIDLESSEYE,<size=104>S</size><space=-.05em>cryer of the Lidless Eye
EFFECT_SCRYEROFTHELIDLESSEYE,"Draw two cards, then discard a card. If the discarded card is Enlightened, return it to your hand."
FLAVOR_SCRYEROFTHELIDLESSEYE,"The monks gathered around the All-Seeing Eye, aghast at the the future it foretold."
CARDNAME_MANTRAOFTRUESIGHT,<size=104>M</size>antra of True Sight
EFFECT_MANTRAOFTRUESIGHT,"Once per turn, you may draw a card."
FLAVOR_MANTRAOFTRUESIGHT,"""To see that which you seek, you must first close your eyes."" -Scroll Inscription"
CARDNAME_DEATHDEALERNOBLE,<size=104>D</size><space=-.1em>eathdealer Noble
EFFECT_DEATHDEALERNOBLE,Gain ${ICON_POWER2}.<br>${LABEL_MULTIUNITE} Gain ${ICON_POWER1}. <i>(Gain this effect for each other Void Hero you play or have played this turn.)</i>
CARDNAME_ANIMUSOFTHEWILD,<size=104>A</size>nimus of the Wild
EFFECT_ANIMUSOFTHEWILD,Gain ${ICON_RUNE2}.<br>You pay ${ICON_RUNE1} less the next time you acquire a Hero this turn.
FLAVOR_ANIMUSOFTHEWILD,Even the trees of Ogo have something to teach if you listen long enough.
CARDNAME_FORGOTTENSCRIPTURE,<size=104>F</size><space=-.1em>orgotten Scripture
EFFECT_FORGOTTENSCRIPTURE,"If you have played two or more Enlightened Heroes this turn, transform this into Mantra of True Sight."
FLAVOR_FORGOTTENSCRIPTURE,"Even on Arha, wisdom can be lost as ages pass and libraries are filled with new writings."
CARDNAME_NEOPHYTEMENTOR,<size=104>N</size><space=-.05em>eophyte Mentor
EFFECT_NEOPHYTEMENTOR,Draw a card.<br>The next Mystic or Heavy Infantry you play this turn counts as a faction of your choice.
FLAVOR_NEOPHYTEMENTOR,"""Watch your step."""
CARDNAME_DEATHFINDER,<size=104>D</size><space=-.05em>eathfinder
EFFECT_DEATHFINDER,${LABEL_REWARD} Gain ${ICON_HONOR2}. You may banish a card in your hand or discard pile.<br>${LABEL_RALLY_VOID}.
FLAVOR_DEATHFINDER,Not all who seek death find it. Some find a worse fate.
CARDNAME_WILDGEARSOWER,<size=104>W</size><space=-.1em>ildgear Sower
EFFECT_WILDGEARSOWER,"Gain ${ICON_RUNE2}.<br>Gain ${ICON_HONOR1} for each faction among Constructs you control. (Factions are Enlightened, Lifebound, Mechana and Void)."
CARDNAME_SHADESBARGAIN,<size=104>S</size>hade's Bargain
EFFECT_SHADESBARGAIN,"Once per turn, if you have played two or more Void cards (including this one), gain ${ICON_POWER2}."
FLAVOR_SHADESBARGAIN,Power never comes without a price.
CARDNAME_SADRANISDARKSAVANT,"<size=104>S</size>adranis, Dark Savant"
EFFECT_SADRANISDARKSAVANT,"Draw two cards, then discard a card. You may banish a card in your discard pile."
FLAVOR_SADRANISDARKSAVANT,"Dhartha assured them, ""Not all who look into the darkness look to serve it. Just as we wield light, he wields darkness."""
CARDNAME_MANTRAOFRENEWAL,<size=104>M</size>antra of Renewal
EFFECT_MANTRAOFRENEWAL,"Once per turn, if you have played two or more Enlightened cards (including this one), draw a card."
FLAVOR_MANTRAOFRENEWAL,"""I will permit it to pass over me and through me. And when it has gone past I will turn the inner eye to see its path."""
CARDNAME_THORNEDCHARGER,<size=104>T</size><space=-.15em>horned Charger
EFFECT_THORNEDCHARGER,${LABEL_REWARD} Gain${ICON_HONOR3}. You may put a Hero from your discard pile on top of your deck.<br>${LABEL_RALLY_LIFEBOUND}.
FLAVOR_THORNEDCHARGER,"Dangerous in the wild, disastrous in a city."
CARDNAME_FLYTRAPSTAFF,<size=104>F</size>lytrap Staff
EFFECT_FLYTRAPSTAFF,"Once per turn, if you have played two or more Lifebound cards (including this one), gain ${ICON_HONOR2}."
FLAVOR_FLYTRAPSTAFF,It's not the teeth you should be worried about.
CARDNAME_DAYBREAKASKARA,<size=104>D</size><space=-.1em>aybreak Askara
EFFECT_DAYBREAKASKARA,"Copy the effect of a Hero played this turn. If the Hero was Enlightened, copy that Hero's effect an additional time. This effect cannot be copied."
FLAVOR_DAYBREAKASKARA,She is inspiration given form.
CARDNAME_MORBIDHAMMER,<size=104>M</size>orbid Hammer
EFFECT_MORBIDHAMMER,"Once per turn, gain ${ICON_POWER1}.<br>When this enters play, you may banish a card in your hand or discard pile."
FLAVOR_MORBIDHAMMER,It's hammer time.
CARDNAME_SURYALIGHTSSWORD,"<size=104>S</size>urya, Light's Sword"
EFFECT_SURYALIGHTSSWORD,"Defeat a Monster in the center row without paying its cost.  If it cost ${ICON_POWER7} or more, take an additional turn after this one."
FLAVOR_SURYALIGHTSSWORD,"""I do not wish to fight anymore, Master,"" Surya confided. Dhartha responded, ""And that is why it must be you."""
CARDNAME_MANIACALCRUSHER,<size=104>M</size>aniacal Crusher
EFFECT_MANIACALCRUSHER,"Gain ${ICON_POWER2}.<br>The next time you defeat a Monster in the center row this turn, ${LABEL_RALLY_VOID}."
FLAVOR_MANIACALCRUSHER,Nailed it.
CARDNAME_PROSPECTORSCOUT,<size=104>P</size><space=-.15em>rospector Scout
EFFECT_PROSPECTORSCOUT,"Gain ${ICON_RUNE2}.<br>The next time you acquire a Construct in the center row this turn, ${LABEL_RALLY_MECHANA}."
FLAVOR_PROSPECTORSCOUT,"""It's gold, baby! Gold!"""
CARDNAME_XERONLORDOFDEOFOL,"<size=104>X</size>eron, Lord of Deofol"
EFFECT_XERONLORDOFDEOFOL,${LABEL_REWARD} Gain ${ICON_HONOR6}.
TROPHY_XERONLORDOFDEOFOL,"${LABEL_TROPHY_ONGOING} You may defeat Heroes in the center row by paying ${ICON_POWER} equal to their ${ICON_RUNE} cost. If you do, gain ${ICON_HONOR} equal to its ${ICON_HONOR} value and copy the effect of that Hero."
CARDNAME_ARANYXTHEGLUTTON,"<size=104>A</size>ranyx, the Glutton"
EFFECT_ARANYXTHEGLUTTON,${LABEL_REWARD} Gain ${ICON_HONOR4}. Gain ${ICON_POWER7}.<br>${LABEL_RALLY_MONSTER}.
FLAVOR_ARANYXTHEGLUTTON,"""Are you going to eat that?"""
CARDNAME_RIFTWATCHTURRET,<size=104>R</size>iftwatch T<space=-.1em>urret
EFFECT_RIFTWATCHTURRET,"Once per turn, gain ${ICON_POWER1}.<br>Once per turn, when you play a Mechana Construct (including this one), gain ${ICON_POWER1}."
CARDNAME_EMRISSTING,<size=104>E</size>mri's Sting
EFFECT_EMRISSTING,"Once per turn, gain ${ICON_POWER2}.<br>When this enters play, you may banish a card in your hand or discard pile."
FLAVOR_EMRISSTING,"Sharp, but fleeting, her sting kills before pain sets in."
CARDNAME_LIBRARYFAMILIAR,<size=104>L</size>ibrary Familiar
EFFECT_LIBRARYFAMILIAR,"Once per turn, when you play an Enlightened Construct or a Mechana Construct (including this one), draw a card."
FLAVOR_LIBRARYFAMILIAR,Who? What? Where? When? Why?
CARDNAME_REJECTEDPROTOTYPE,<size=104>R</size>ejected Prototype
EFFECT_REJECTEDPROTOTYPE,${LABEL_REWARD} Gain ${ICON_HONOR3}. You pay ${ICON_RUNE3} less the next time you acquire a Construct this turn.<br>${LABEL_RALLY_MECHANA}.
CARDNAME_BETRAYEDTEMPLAR,<size=104>B</size>etrayed T<space=-.1em>emplar
EFFECT_BETRAYEDTEMPLAR,${LABEL_REWARD} Gain ${ICON_HONOR5}. You may defeat a Monster in the center row with cost ${ICON_POWER5} or less without paying its cost.
FLAVOR_BETRAYEDTEMPLAR,"The last protector of an abandoned temple, Xeron was happy to give him a new cause."
CARDNAME_GNOMEREPAIRBOT,<size=104>G</size>nome Repairbot
EFFECT_GNOMEREPAIRBOT,"Once per turn, you may put a Mechana Construct from your discard pile on top of your deck."
FLAVOR_GNOMEREPAIRBOT,Gnome improvement is serious business in Hedron.
CARDNAME_SURGEPROTECTOR,<size=104>S</size>urge Protector
EFFECT_SURGEPROTECTOR,"Choose one: Acquire a Contruct with cost ${ICON_RUNE5} or less without paying its cost, or defeat a Monster with cost ${ICON_POWER5} or less without paying its cost."
FLAVOR_SURGEPROTECTOR,An energizing force wherever she goes.
CARDNAME_WILDRIFTDRAKE,<size=104>W</size>ild Riftdrake
EFFECT_WILDRIFTDRAKE,${LABEL_REWARD} Gain ${ICON_HONOR4}. You may banish up to two cards from your hand or discard pile.
FLAVOR_WILDRIFTDRAKE,"The dark beasts shriek through the night sky, providing new nightmares for a new world."
CARDNAME_RIFTGATECONJUROR,<size=104>R</size>iftgate Conjuror
EFFECT_RIFTGATECONJUROR,"Gain ${ICON_POWER3}.<br>The next time you defeat a Void Monster this turn, gain its reward an additional time."
FLAVOR_RIFTGATECONJUROR,"""What if something comes out of the portal?"" asked the initiate. Sadranis snickered, ""It will be terrified of what awaits it."""
CARDNAME_SPARKBUG,<size=104>S</size>park Bug
EFFECT_SPARKBUG,"Once per turn, if you have played two or more Mechana cards (including this one), gain ${ICON_RUNE2}."
FLAVOR_SPARKBUG,Not all of the bugs in Hedron's machinery are bad.
CARDNAME_OGOCOURIER,<size=104>O</size>go Courier
EFFECT_OGOCOURIER,"Gain ${ICON_RUNE2}.<br>The next time you acquire a Hero in the center row, ${LABEL_RALLY_LIFEBOUND}."
FLAVOR_OGOCOURIER,"""Make haste. If our new world is to be preserved, we must warn the others of Xeron's plans,"" Nairi urged."
CARDNAME_MUSEOFREBIRTH,<size=104>M</size>use of Rebirth
EFFECT_MUSEOFREBIRTH,Gain ${ICON_RUNE2}.<br>You may banish a card in your hand or discard pile.
FLAVOR_MUSEOFREBIRTH,"""Death and decay are not just the end of an old life,  they are the beginning of a new one."""
CARDNAME_RIFTDRAKERIDER,<size=104>R</size>iftdrake Rider
EFFECT_RIFTDRAKERIDER,Draw two cards.<br>You may banish up to two cards in your hand or discard pile.
FLAVOR_RIFTDRAKERIDER,The quickest path is not always the one you can see.
CARDNAME_SHEPHERDOFTHELOST,<size=104>S</size>hepherd of the Lost
EFFECT_SHEPHERDOFTHELOST,"Gain ${ICON_RUNE2}.<br>If this is banished from your hand or discard pile, gain ${ICON_HONOR5}."
FLAVOR_SHEPHERDOFTHELOST,"""Many of my brethren cling to life, forgetting that it is only one half of nature's cycle."""
CARDNAME_GENESISCAPSULE,<size=104>G</size>enesis Capsule
EFFECT_GENESISCAPSULE,"Once per turn, when you acquire a Lifebound Hero or Mechana Construct, you may put it on top of your deck."
FLAVOR_GENESISCAPSULE,Both druids and mechanics can appreciate redundancy.
CARDNAME_CLOCKWORKSENTRY,<size=104>C</size>lockwork Sentry
EFFECT_CLOCKWORKSENTRY,"Gain ${ICON_POWER2}.<br>If you control two or more Constructs, gain an additional ${ICON_POWER2}."
FLAVOR_CLOCKWORKSENTRY,Much more silent than their name would imply.
CARDNAME_EXHAUSTLURKER,<size=104>E</size>xhaust Lurker
EFFECT_EXHAUSTLURKER,${LABEL_REWARD} Gain ${ICON_HONOR5}. Each opponent destroys a Construct they control for each Construct you control.
FLAVOR_EXHAUSTLURKER,"""Because exhaust vent maintenance wasn't already dangerous enough."""
CARDNAME_ROOTSCRYER,<size=104>R</size>ootscryer
EFFECT_ROOTSCRYER,"Reveal the top card of your deck and put it into your hand. If it is Enlightened or Lifebound, gain ${ICON_HONOR3}."
FLAVOR_ROOTSCRYER,"The monk listened to the trees' whispered mantra, and the entire world fell silent around him."
CARDNAME_SERENEASCETIC,<size=104>S</size>erene Ascetic
EFFECT_SERENEASCETIC,"When you acquire this, you may put it on top of your deck.<br>Draw two cards."
FLAVOR_SERENEASCETIC,"A novice hears cacophony, a master hears only symphony."
CARDNAME_CANOPYSANCTUARY,<size=104>C</size>anopy Sanctuary
EFFECT_CANOPYSANCTUARY,"Once per turn, you may reveal the top card of your deck and put it in your hand. If it is Enlightened or Lifebound, gain ${ICON_HONOR3}."
CARDNAME_PREMONITIONBELL,<size=104>P</size><space=-.1em>remonition Bell
EFFECT_PREMONITIONBELL,You may destroy this to copy the effect of a Hero in the center row with cost ${ICON_RUNE5} or less.
FLAVOR_PREMONITIONBELL,It echoes with tomorrow's song.
CARDNAME_GUIDEOFLOSTSOULS,<size=104>G</size>uide of Lost Souls
EFFECT_GUIDEOFLOSTSOULS,"You may banish a card in your hand or discard pile. If you do, replace it with a Mystic or Heavy Infantry."
FLAVOR_GUIDEOFLOSTSOULS,"The more the Askara learned of darkness from Sadranis, the further they ventured in search of those to help."
CARDNAME_CULTOFTHEFALSECIRCLE,<size=104>C</size>ult of the False Circle
EFFECT_CULTOFTHEFALSECIRCLE,${LABEL_REWARD} Gain ${ICON_HONOR5}. You may acquire a Hero with cost ${ICON_RUNE5} or less without paying its cost.
FLAVOR_CULTOFTHEFALSECIRCLE,Their chants twisted in on themselves until there was nothing left but madness.
CARDNAME_MOONVEILCLIQUE,<size=104>M</size>oonveil Clique
EFFECT_MOONVEILCLIQUE,"Gain ${ICON_RUNE2}.<br>${LABEL_UNITE} At the end of the turn, put this in your hand instead of your discard pile."
FLAVOR_MOONVEILCLIQUE,Ogo's leylines can be seen at night by the faint glow of the Moonveil drawn to the magic.
CARDNAME_PACKLEADER,<size=104>P</size><space=-.1em>ack Leader
EFFECT_PACKLEADER,"When you acquire this, ${LABEL_RALLY_LIFEBOUND}.<br>Gain ${ICON_RUNE2}.<br>You may spend ${ICON_RUNE} as though it was ${ICON_POWER} to defeat Lifebound Monsters this turn."
CARDNAME_EMISSARYOFDAWN,<size=104>E</size>missary of Dawn
EFFECT_EMISSARYOFDAWN,Acquire a Hero without paying its cost. Gain ${ICON_HONOR} equal to its ${ICON_HONOR} value.
FLAVOR_EMISSARYOFDAWN,"She soars over New Vigil to close each night, blessing all below with a new day's light."
CARDNAME_UNDAUNTEDSCOUT,<size=104>U</size><space=-.05em>ndaunted Scout
EFFECT_UNDAUNTEDSCOUT,"When you acquire this, ${LABEL_RALLY_VOID}.<br>Gain ${ICON_POWER2}."
FLAVOR_UNDAUNTEDSCOUT,"The most fearless in a society that values fearlessness, the scouts lead the charge, and all others follow."
CARDNAME_OVERHAULCLERIC,<size=104>O</size>verhaul Cleric
EFFECT_OVERHAULCLERIC,"When you acquire this, ${LABEL_RALLY_MECHANA}.<br>Gain ${ICON_RUNE2}.<br>If you control two or more Constructs, gain an additional ${ICON_RUNE1}."
CARDNAME_AUSTERESAGE,<size=104>A</size>ustere Sage
EFFECT_AUSTERESAGE,"Draw a card.<br>You may banish a card in the center row, then ${LABEL_RALLY_ENLIGHTENED}."
FLAVOR_AUSTERESAGE,"He speaks rarely, but all listen."
CARDNAME_NAIRIWILDQUEEN,"<size=104>N</size><space=-.05em>airi, Wild Queen"
EFFECT_NAIRIWILDQUEEN,Gain ${ICON_HONOR1}. Draw a card.<br>${LABEL_UNITE} Gain ${ICON_HONOR1}. Draw a card.
FLAVOR_NAIRIWILDQUEEN,She sees all. She loves all. She is all.
CARDNAME_CONVERSIONPORT,<size=104>C</size>onversion Port
EFFECT_CONVERSIONPORT,You may treat all Constructs as though they are all factions.
FLAVOR_CONVERSIONPORT,Inspiration leads to innovation.
CARDNAME_PLASMACANNON,<size=104>P</size>lasma Cannon
EFFECT_PLASMACANNON,"Once per turn, if you control four or more Mechana Constructs, you may acquire or defeat any card in the center row without paying its cost."
CARDNAME_CORRUPTEDSAGE,<size=104>C</size>orrupted Sage
EFFECT_CORRUPTEDSAGE,${LABEL_REWARD} Gain ${ICON_HONOR2}. Draw a card.<br>${LABEL_RALLY_ENLIGHTENED}.
FLAVOR_CORRUPTEDSAGE,Always looking for new students to  educate on the true nature of pain.
CARDNAME_KORTHEIRONMIND,"<size=104>K</size>or, the Ironmind"
EFFECT_KORTHEIRONMIND,"Gain ${ICON_RUNE2} and ${ICON_POWER2}.<br>If you control two or more Constructs, draw a card."
FLAVOR_KORTHEIRONMIND,"""We do not give the metal life, we only help it find its form."""
CARDNAME_ADAMBUILDERADEPT,"<size=104>A</size>dam, Builder Adept"
EFFECT_ADAMBUILDERADEPT,"When you acquire this, you may acquire a Construct in the center row without paying its cost.<br>Gain ${ICON_RUNE4}."
FLAVOR_ADAMBUILDERADEPT,He can always find a use for it.
CARDNAME_STARLIGHTSANCTUM,<size=104>S</size>tarlight Sanctum
EFFECT_STARLIGHTSANCTUM,"Once per turn, gain ${ICON_RUNE2}.<br>Once per turn, when you acquire a Hero in the center row, you may acquire a Hero of equal or lesser cost without paying its cost."
CARDNAME_DHARTHAMASTEROFSIGHT,"<size=104>D</size>hartha, Master of Sight"
EFFECT_DHARTHAMASTEROFSIGHT,"You may banish this or a card in your hand. If you do, acquire a Mystic or Heavy Infantry without paying its cost and put it in your hand."
FLAVOR_DHARTHAMASTEROFSIGHT,"Tell me what you see, not what you think you see."
CARDNAME_SEEROFDAYSPAST,<size=104>S</size>eer of Days Past
EFFECT_SEEROFDAYSPAST,"When you acquire this, ${LABEL_RALLY_ENLIGHTENED}.<br>Draw a card. If you have ${ICON_REPUTATION8} or more, draw an additional card."
FLAVOR_SEEROFDAYSPAST,"""The world is new, but our past is still with us."""
CARDNAME_DHARTHA,Dhartha
CARDNAME_SADRANIS,Sadranis
CARDNAME_NAIRI,Nairi
CARDNAME_KOR,Kor
CARDNAME_VIGILSRESOLVE,<size=104>V</size><space=-.1em>igil's Resolve
EFFECT_VIGILSRESOLVE,"When you play a Mystic, gain ${ICON_RUNE1}.<br>When you play a Heavy Infantry, gain ${ICON_POWER1}."
FLAVOR_VIGILSRESOLVE,A sword's strength comes as much from the bearer as it does the metal.
CARDNAME_LOASLEEPINGDRAGON,"<size=104>L</size>oa, Sleeping Dragon"
EFFECT_LOASLEEPINGDRAGON,Gain ${ICON_INSIGHT3}.<br>Draw a card.
FLAVOR_LOASLEEPINGDRAGON,"""He takes the form of a dragon in the Dream world, but his real power lies in this one,"" explained Dhartha. "
CARDNAME_TIDESTALKER,<size=104>T</size><space=-.1em>idestalker
EFFECT_TIDESTALKER,${LABEL_REWARD} Gain ${ICON_HONOR4}.
FLAVOR_TIDESTALKER,The local villagers have learned to be just  as wary of low tide as they are high tide.
CARDNAME_DELUDINGDJINN,<size=104>D</size><space=-.05em>eluding Djinn
EFFECT_DELUDINGDJINN,${LABEL_REWARD} Gain ${ICON_HONOR5}.<br>You may spend ${ICON_INSIGHT} as though it was ${ICON_POWER} to defeat this.
FLAVOR_DELUDINGDJINN,The distrust they sow is what makes them dangerous.
CARDNAME_AURAOFTHEASKARA,<size=104>A</size>ura of the Askara
EFFECT_AURAOFTHEASKARA,"If you have played two Enlightened Heroes with the same name this turn, you may acquire this without paying its cost.<br>${LABEL_ONGOING} Once per turn, you may copy the effect of a Hero you have played this turn."
CARDNAME_EPHEMERALRITUALIST,<size=104>E</size>phemeral Ritualist
EFFECT_EPHEMERALRITUALIST,"Gain ${ICON_POWER4}, then banish this."
FLAVOR_EPHEMERALRITUALIST,"Surrendering himself to the end, he found the means."
CARDNAME_FATALITYBLADES,<size=104>F</size><space=-.1em>atality Blades
EFFECT_FATALITYBLADES,"Once per turn, gain ${ICON_POWER1}.<br>Once per turn, when you defeat a Monster in the center row, gain ${ICON_INSIGHT1}."
FLAVOR_FATALITYBLADES,Finish him!
CARDNAME_FENMAW,<size=104>F</size><space=-.05em>en Maw
EFFECT_FENMAW,${LABEL_REWARD} Gain ${ICON_HONOR3}. Gain ${ICON_INSIGHT2}.
FLAVOR_FENMAW,"The pathfinder raised a hand, ""Quiet. We must be respectful lest we draw the swamp's ire."""
CARDNAME_ARHASENSEIDS,<size=104>A</size>rha Sensei
EFFECT_ARHASENSEIDS,"Banish a card in your hand. If you do, acquire a Mystic or Heavy Infantry without paying its cost. Add it to your hand."
FLAVOR_ARHASENSEIDS,"""You do not see your own potential because you seek it out. It already lies within, you need only accept it."""
CARDNAME_IMAGINATIVEMATRON,<size=104>I</size><space=-.05em>maginative M<space=-.05em>atron
EFFECT_IMAGINATIVEMATRON,"Draw a card, then discard a card.<br>${LABEL_UNITE} Return a card from your discard pile to your hand."
FLAVOR_IMAGINATIVEMATRON,"The Dreamscape doesn't create the possibilities, it simply shows them to us."
CARDNAME_DREAMWILLOW,<size=104>D</size>reamwillow
EFFECT_DREAMWILLOW,"Once per turn, gain ${ICON_RUNE1}.<br>The first time you play a Lifebound Hero each turn, gain ${ICON_INSIGHT1}."
FLAVOR_DREAMWILLOW,The Dreamwillow's lullaby echoes throughout Ogo.
CARDNAME_UNBOUNDEMISSARY,<size=104>U</size><space=-.1em>nbound Emissary
EFFECT_UNBOUNDEMISSARY,You may spend ${ICON_INSIGHT} as though it was ${ICON_RUNE} to acquire this.<br>Acquire or defeat any card in the center row or your Dreamscape without paying its cost.
CARDNAME_HEDRONBERSERKER,<size=104>H</size><space=-.05em>edron Berserker
EFFECT_HEDRONBERSERKER,"Gain ${ICON_RUNE3} or ${ICON_POWER3}. If you control three or more Constructs, gain both instead."
FLAVOR_HEDRONBERSERKER,Time to kick things into high gear.
CARDNAME_PLANARAPERTURE,<size=104>P</size>lanar Aperture
EFFECT_PLANARAPERTURE,"When you acquire a Mechana Construct, you may pay ${ICON_INSIGHT1} to put it directly into play."
FLAVOR_PLANARAPERTURE,"It could lead anywhere, and that's usually the problem. "
CARDNAME_PUPPETMASTER,<size=104>P</size><space=-.1em>uppetmaster
EFFECT_PUPPETMASTER,${LABEL_REWARD} Gain ${ICON_HONOR4}. Take ${ICON_INSIGHT1} from each opponent.
FLAVOR_PUPPETMASTER,The wraith pushes and prods the weak-willed into  accepting cowardly paths as their only option.
CARDNAME_BRAINSTORMSENTRY,<size=104>B</size>rainstorm Sentry
EFFECT_BRAINSTORMSENTRY,Gain ${ICON_RUNE1} and ${ICON_POWER1} for each Mechana Construct you control.
FLAVOR_BRAINSTORMSENTRY,You are who you choose to be.
CARDNAME_WICKEDEND,<size=104>W</size><space=-.1em>icked End
EFFECT_WICKEDEND,Defeat a Monster in the center row without paying its cost.
FLAVOR_WICKEDEND,"Victory comes at a cost, but it is cheaper than defeat."
CARDNAME_FEARWIELDER,<size=104>F</size><space=-.1em>ear Wielder
EFFECT_FEARWIELDER,"Gain ${ICON_POWER3}.<br>The next time you defeat a Monster in the center row this turn, add a card to your Dreamscape."
CARDNAME_GARDENATTENDANT,<size=104>G</size>arden Attendant
EFFECT_GARDENATTENDANT,Gain ${ICON_INSIGHT1}.<br>Draw a card.
FLAVOR_GARDENATTENDANT,"""Dreams and plants need only be nurtured to grow."""
CARDNAME_EPHEMERALINVENTOR,<size=104>E</size>phemeral Inventor
EFFECT_EPHEMERALINVENTOR,"Gain ${ICON_RUNE3}, then banish this."
FLAVOR_EPHEMERALINVENTOR,"Surrendering herself to machines, she found new possibilities."
CARDNAME_FLYTRAPFAIRY,<size=104>F</size>lytrap Fairy
EFFECT_FLYTRAPFAIRY,"Gain ${ICON_RUNE1}, ${ICON_HONOR1}, and ${ICON_INSIGHT1}."
FLAVOR_FLYTRAPFAIRY,"She smiled as she darted quickly through the thicket, toying with the flytraps as they snapped shut behind her. "
CARDNAME_VERDAGRISTHEWILD,"<size=104>V</size><space=-.2em>erdagris, the Wild"
EFFECT_VERDAGRISTHEWILD,"Gain ${ICON_RUNE4}.<br>Each time you acquire a Hero this turn, gain ${ICON_INSIGHT} equal to its ${ICON_HONOR} value."
CARDNAME_DREAMWILLOWDRUIDS,<size=104>D</size><space=-.1em>reamwillow Druids
EFFECT_DREAMWILLOWDRUIDS,Choose one: acquire a Hero with cost ${ICON_RUNE5} or less without paying its cost; or add a card to your Dreamscape.
FLAVOR_DREAMWILLOWDRUIDS,"Their rituals are a beautiful combination of dance, lullaby, and sleep."
CARDNAME_FLEETINGHOPEDJINN,<size=104>F</size><space=-.1em>leeting Hope Djinn
EFFECT_FLEETINGHOPEDJINN,${LABEL_REWARD} Gain ${ICON_HONOR5}. Add two cards to your Dreamscape.
FLAVOR_FLEETINGHOPEDJINN,"""Beware the words you long to hear, lest they lead you to the end you fear."""
CARDNAME_LUNARPACK,<size=104>L</size>unar P<space=-.05em>ack
EFFECT_LUNARPACK,Gain ${ICON_RUNE2}.<br>${LABEL_UNITE} Gain ${ICON_INSIGHT2}.
FLAVOR_LUNARPACK,"Unlike other regions of Vigil, Ogo is safer at night than during the day."
CARDNAME_PASYTHEATHEAEGIS,"<size=104>P</size><space=-.2em>asythea, the Aegis"
EFFECT_PASYTHEATHEAEGIS,"This Hero counts as all factions.<br>Gain ${ICON_RUNE3}, ${ICON_POWER3}, and ${ICON_HONOR3}.<br>If you control Pasythea's Ward, you may acquire this without paying its cost and put it into your hand."
CARDNAME_NOCTURNALSEER,<size=104>N</size><space=-.05em>octurnal Seer
EFFECT_NOCTURNALSEER,Draw a card.<br>You may pay ${ICON_RUNE1} less the next time you acquire a Dreamborn card this turn.
FLAVOR_NOCTURNALSEER,"For her, the dream and the real are one in the same."
CARDNAME_CAUSTICCONJURER,<size=104>C</size>austic Conjurer
EFFECT_CAUSTICCONJURER,Gain ${ICON_INSIGHT1}.<br>You may banish a card in your hand or discard pile.
FLAVOR_CAUSTICCONJURER,"For some, the dreams brought new possibilities, for others, new terrors to share with the world."
CARDNAME_EPHEMERALDRUID,<size=104>E</size>phemeral Druid
EFFECT_EPHEMERALDRUID,"Gain ${ICON_HONOR5}, then banish this."
FLAVOR_EPHEMERALDRUID,"Surrendering herself to fate, she found peace."
CARDNAME_ALLURINGSHAMAN,<size=104>A</size>lluring Shaman
EFFECT_ALLURINGSHAMAN,Gain ${ICON_RUNE1}.<br>You may pay ${ICON_INSIGHT1} to gain ${ICON_HONOR3}.
FLAVOR_ALLURINGSHAMAN,His song can calm even the most restless.
CARDNAME_ARBITERSCENSER,<size=104>A</size>rbiter's Censer
EFFECT_ARBITERSCENSER,"When you defeat a Monster in the center row, gain ${ICON_HONOR2}."
FLAVOR_ARBITERSCENSER,It lights the way to the next victim.
CARDNAME_EPHEMERALMONK,<size=104>E</size>phemeral Monk
EFFECT_EPHEMERALMONK,"Draw 2 cards, then banish this."
FLAVOR_EPHEMERALMONK,"Surrendering himself to the question, he found the answer."
CARDNAME_ARMISTICE,<size=104>A</size>rmistice
EFFECT_ARMISTICE,Each player discards their hand and draws five cards.
FLAVOR_ARMISTICE,"Dhartha raised his hand to quiet the gathered emissaries, ""We must not despair. The only way Nilus can grow in strength is if we lose faith in each other."""
CARDNAME_INQUARRYHYDRA,<size=104>I</size>nquarry Hydra
EFFECT_INQUARRYHYDRA,"Once per turn, gain ${ICON_INSIGHT1} for each Mechana Contruct you control (including this one)."
FLAVOR_INQUARRYHYDRA,The Ferromancers gave it the spark of curiosity it  needed to constantly dig deeper.
CARDNAME_TRINKETHARPY,<size=104>T</size><space=-.1em>rinket Harpy
EFFECT_TRINKETHARPY,${LABEL_REWARD} Gain ${ICON_HONOR3}. Add a card to your Dreamscape.
FLAVOR_TRINKETHARPY,"""That's a beautiful pendant. Such a shame you won't be needing it anymore."""
CARDNAME_CALLOFDARKNESS,<size=104>C</size>all of Darkness
EFFECT_CALLOFDARKNESS,Banish up to 5 cards in your hand or discard pile.
FLAVOR_CALLOFDARKNESS,The dreams of Sadranis and his summoners would be indistinguishable from nightmares for most people.
CARDNAME_TECHNOLOGICALLEAP,<size=104>T</size><space=-.2em>echnological Leap
EFFECT_TECHNOLOGICALLEAP,Acquire all Constructs in the center row without paying their cost.
FLAVOR_TECHNOLOGICALLEAP,"While the other factions dream of greatness, Hedron  is content to dream of great new inventions."
CARDNAME_HULKINGCRAB,<size=104>H</size>ulking Crab
EFFECT_HULKINGCRAB,${LABEL_REWARD} Gain ${ICON_HONOR4}. Each opponent destroys half of their Constructs rounded up.
FLAVOR_HULKINGCRAB,You'd be just as crabby if you couldn't  find a shell big enough.
CARDNAME_NIGHTMAREHARVESTER,<size=104>N</size><space=-.05em>ightmare Harvester
EFFECT_NIGHTMAREHARVESTER,Gain ${ICON_POWER4}. You may pay ${ICON_INSIGHT1} to gain ${ICON_RUNE4} instead.
FLAVOR_NIGHTMAREHARVESTER,"""It would be a shame to let all this terror go to waste."""
CARDNAME_BERSERKERFRENZY,<size=104>B</size>erserker Frenzy
EFFECT_BERSERKERFRENZY,"If you have defeated three or more Monsters in the center row this turn, you may acquire this without paying its cost.<br>Gain ${ICON_HONOR10}.<br>${LABEL_ONGOING} Once per turn, when you defeat a Monster, double its ${ICON_HONOR} reward."
CARDNAME_REVERIEMUSE,<size=104>R</size>everie Muse
EFFECT_REVERIEMUSE,Gain ${ICON_RUNE1}.<br>${LABEL_UNITE} Double your ${ICON_RUNE}.
FLAVOR_REVERIEMUSE,"Her gentle melodies drift through the dream meadows, filling the souls throughout with peace and possibility."
CARDNAME_LUNAREMBRACE,<size=104>L</size>unar Embrace
EFFECT_LUNAREMBRACE,This turn you may spend ${ICON_RUNE} as though it was ${ICON_POWER}.
FLAVOR_LUNAREMBRACE,"The moon's magic took over, pushing everything  out until instinct was all that was left."
CARDNAME_ENGULFINGKRAKEN,<size=104>E</size>ngulfing Kraken
EFFECT_ENGULFINGKRAKEN,"${LABEL_REWARD} Gain ${ICON_HONOR6}. Take a card at random from each opponent's Dreamscape, and add them to your Dreamscape."
FLAVOR_ENGULFINGKRAKEN,"By the time you know it's there, it's already too late."
CARDNAME_NAIRISBLESSING,<size=104>N</size><space=-.1em>airi's Blessing
EFFECT_NAIRISBLESSING,"If you have played three or more Lifebound Heroes this turn, you may acquire this without paying its cost.<br>Gain ${ICON_HONOR10}.<br>${LABEL_ONGOING} You are considered to have played a Lifebound Hero each turn."
CARDNAME_CETRASRESPITE,<size=104>C</size><space=-.05em>etra's Respite
EFFECT_CETRASRESPITE,Acquire a Hero in the center row without paying its cost.
FLAVOR_CETRASRESPITE,"In the fell clutch of circumstance, I have not winced nor cried aloud. Under the bludgeonings of chance, my head is bloody, but unbowed."
CARDNAME_RUSTGREMLIN,<size=104>R</size>ust Gremlin
EFFECT_RUSTGREMLIN,${LABEL_REWARD} Gain ${ICON_HONOR1}. Draw a card.
FLAVOR_RUSTGREMLIN,The very embodiment of everything that can go wrong in Hedron.
CARDNAME_RAKADREAMTENDER,"<size=104>R</size>aka, Dreamtender"
EFFECT_RAKADREAMTENDER,Gain ${ICON_HONOR5}.<br>Add a card to your Dreamscape.
FLAVOR_RAKADREAMTENDER,"Nairi corrected them, ""He's no hermit. He simply considers wildlife and his dreams to be more tolerable than people."""
CARDNAME_DREAMLAB,<size=104>D</size>ream Lab
EFFECT_DREAMLAB,You may pay ${ICON_RUNE1} less to acquire Constructs in the center row.
FLAVOR_DREAMLAB,"In the Dreamscape, the line between impossible and possible is as illusory as everything else."
CARDNAME_NILUSTHEDESPAIR,"<size=104>N</size>ilus, the Despair"
EFFECT_NILUSTHEDESPAIR,${LABEL_REWARD} Gain ${ICON_HONOR7}. Acquire the top three cards of the Dream deck without paying their cost.
FLAVOR_NILUSTHEDESPAIR,"The Templar's thoughts turned on themselves, and he knew it was already too late."
CARDNAME_ORDEROFTHEGEAR,<size=104>O</size>rder of the Gear
EFFECT_ORDEROFTHEGEAR,"If you control four or more Constructs, you may acquire this without paying its cost.<br>${LABEL_ONGOING} Your Mechana Heroes are Constructs instead. You may use their abilities once per turn."
CARDNAME_CHAOSCANNON,<size=104>C</size>haos Cannon
EFFECT_CHAOSCANNON,"Once per turn, you may pay ${ICON_INSIGHT5} to gain ${ICON_POWER10}. You may pay ${ICON_INSIGHT1} less to use this ability for each other Mechana Construct you control."
CARDNAME_TESTOFFAITH,<size=104>T</size><space=-.15em>est of Faith
EFFECT_TESTOFFAITH,"Reveal the top card of the center deck. Acquire or defeat it without paying its cost. If you acquire a Hero this way, put it into your hand."
CARDNAME_EMRISHADOWSLAYER,"<size=104>E</size>mri, Shadowslayer"
EFFECT_EMRISHADOWSLAYER,Gain ${ICON_POWER5}.<br>You may spend ${ICON_POWER} as though it was ${ICON_INSIGHT} this turn.
FLAVOR_EMRISHADOWSLAYER,"Without the real world to to constrain her, Emri became even more gruesomely efficient. "
CARDNAME_STALKTHESHADOWS,<size=104>S</size>talk the Shadows
EFFECT_STALKTHESHADOWS,This turn you may defeat Monsters in the void as though they were in the center row.
FLAVOR_STALKTHESHADOWS,"Emri's assassins always find their target,  regardless of where it believes it can hide."
CARDNAME_LOAMSUMMONER,<size=104>L</size>oam Summoner
EFFECT_LOAMSUMMONER,Add a card to your Dreamscape.<br>You may banish a card in your hand or discard pile.
FLAVOR_LOAMSUMMONER,"The bog swirled and bubbled with her incantations, awakening to the dark new purpose she had in mind."
CARDNAME_SYNAPSESPIRE,<size=104>S</size>ynapse Spire
EFFECT_SYNAPSESPIRE,"Once per turn, when you play a Mechana Construct (including this one), add a card to your Dreamscape."
CARDNAME_TH07TANK,<size=104>T</size>H07 T<space=-.1em>ank
EFFECT_TH07TANK,"Once per turn, you may pay ${ICON_INSIGHT1} to gain ${ICON_RUNE3}. You may spend them only to acquire Mechana Constructs."
FLAVOR_TH07TANK,It gives new meaning to being lost in thought.
CARDNAME_ASHESTOASHES,<size=104>A</size>shes to Ashes
EFFECT_ASHESTOASHES,Banish all cards in the center row.
FLAVOR_ASHESTOASHES,"""Born of nothing, we will return to nothing.""<br>-Deathsworn Oath"
CARDNAME_ID34DETECTOR,<size=104>I</size>D34 Detector
EFFECT_ID34DETECTOR,"Once per turn, when you play a Mechana Construct (including this one), gain ${ICON_INSIGHT1}."
FLAVOR_ID34DETECTOR,A vast upgrade over the ID-0NT model.
CARDNAME_YGGDRASILCANOPY,<size=104>Y</size><space=-.1em>ggdrasil Canopy
EFFECT_YGGDRASILCANOPY,"When you would gain ${ICON_HONOR} without defeating a Monster, gain twice that much ${ICON_HONOR} instead."
FLAVOR_YGGDRASILCANOPY,From there come the dews that drop in the dells. It stands forever green over Aiyana's wells.
CARDNAME_DREAMSHAPERJESSE,<size=104>D</size><space=-.05em>reamshaper Jesse
EFFECT_DREAMSHAPERJESSE,Acquire the top card of the Dream deck without paying its cost.
FLAVOR_DREAMSHAPERJESSE,Expand what you understand to be possible until it includes that which you believed to be impossible.
CARDNAME_CHRONICLEOFVIGIL,<size=104>C</size>hronicle of Vigil
EFFECT_CHRONICLEOFVIGIL,"Once per turn, gain ${ICON_HONOR1} for each faction among Constructs you control. (This card has no faction.)"
FLAVOR_CHRONICLEOFVIGIL,"Together, we thrive; alone, we perish."
CARDNAME_PASYTHEASWARD,<size=104>P</size><space=-.1em>asythea's W<space=-.1em>ard
EFFECT_PASYTHEASWARD,"Once per turn, gain ${ICON_INSIGHT1}."
FLAVOR_PASYTHEASWARD,Pasythea grants her protection only to those who have proven themselves brave enough to warrant it.
CARDNAME_VERDANTHATCHLING,<size=104>V</size><space=-.2em>erdant Hatchling
EFFECT_VERDANTHATCHLING,Gain ${ICON_HONOR2}.<br>${LABEL_UNITE} Gain ${ICON_RUNE2}.
FLAVOR_VERDANTHATCHLING,"When Verdagris awakens, so do the hatchling."
CARDNAME_DUSTTODUST,<size=104>D</size><space=-.05em>ust to D<space=-.05em>ust
EFFECT_DUSTTODUST,Destroy all Constructs your opponents control.
FLAVOR_DUSTTODUST,"""Permanence is merely an illusion brought about by equally impermanent lives,"" Dhartha expounded."
CARDNAME_TEMPLARDRAGOON,<size=104>T</size><space=-.2em>emplar Dragoon
EFFECT_TEMPLARDRAGOON,"Defeat a Monster with cost ${ICON_POWER4} or less without paying its cost, or add a card to your Dreamscape."
FLAVOR_TEMPLARDRAGOON,It beats walking.
CARDNAME_DELUXECAPACITOR,<size=104>D</size>eluxe Capacitor
EFFECT_DELUXECAPACITOR,"You may treat Dream Constructs as though they are Mechana Constructs.<br>Once per turn, when you play a Mechana Construct (including this one), draw a card."
CARDNAME_BRINGEROFDESPAIR,<size=104>B</size>ringer of Despair
EFFECT_BRINGEROFDESPAIR,Gain ${ICON_POWER2}.<br>${LABEL_UNITE} Double your ${ICON_POWER}.
FLAVOR_BRINGEROFDESPAIR,"""I looked, and behold, an ashen horse; and  he who sat on it had the name Death."""
CARDNAME_NIGHTMARETYRANT,<size=104>N</size><space=-.05em>ightmare T<space=-.1em>yrant
EFFECT_NIGHTMARETYRANT,${LABEL_REWARD} Gain ${ICON_HONOR5}. Acquire a card from your Dreamscape without paying its cost.
FLAVOR_NIGHTMARETYRANT,Rattling bones and screams of death announce his approach more effectively than a roar ever could.
CARDNAME_DREAMKILLER,<size=104>D</size><space=-.05em>reamkiller
EFFECT_DREAMKILLER,Gain ${ICON_POWER2} and ${ICON_INSIGHT1}.
FLAVOR_DREAMKILLER,Some people ruin all the fun.
CARDNAME_ASKARANARMOR,<size=104>A</size>skaran Armor
EFFECT_ASKARANARMOR,"Once per turn, when you acquire a card from your Dreamscape, you may add a card to your Dreamscape."
FLAVOR_ASKARANARMOR,"Anvils rang across the Dreamscape, echoing the armorsmiths' renewed inspiration."
CARDNAME_THIEVINGGRYPHON,<size=104>T</size><space=-.15em>hieving Gryphon
EFFECT_THIEVINGGRYPHON,${LABEL_REWARD} Gain ${ICON_HONOR2}. Gain ${ICON_RUNE2}.
FLAVOR_THIEVINGGRYPHON,"Not everything on New Vigil is terrifyingly weird, sometimes it's just run-of-the-mill scary."
CARDNAME_AUSPICIOUSASKARA,<size=104>A</size>uspicious Askara
EFFECT_AUSPICIOUSASKARA,Draw a card.<br>${LABEL_UNITE} You may banish a card in the center row.
CARDNAME_AKLYSTHESCOURGE,"<size=104>A</size>klys, the Scourge"
EFFECT_AKLYSTHESCOURGE,${LABEL_REWARD} Gain ${ICON_HONOR6}.
DAY_AKLYSTHESCOURGE,${LABEL_DAY} This costs ${ICON_POWER5} less to defeat.
NIGHT_AKLYSTHESCOURGE,${LABEL_NIGHT} Defeat all other Monsters in the center row without paying their costs.
CARDNAME_SOLARSENTRY,<size=104>S</size>olar Sentry
EFFECT_SOLARSENTRY,Gain ${ICON_RUNE2}.
DAY_SOLARSENTRY,${LABEL_DAY} Gain an additional ${ICON_RUNE2}.
FLAVOR_SOLARSENTRY,It didn't take long for the monks to harness the power of their cause.
CARDNAME_MARSHRANGER,<size=104>M</size>arsh Ranger
EFFECT_MARSHRANGER,Gain ${ICON_RUNE1} and ${ICON_HONOR1}. Draw a card.<br>${LABEL_UNITE} Gain ${ICON_RUNE1} and ${ICON_HONOR1}. Draw a card.<br><i>(Gain this effect once if you play or have played another Lifebound Hero this turn.)</i>
CARDNAME_SURESHOTTRACKER,<size=104>S</size>ureshot T<space=-.1em>racker
EFFECT_SURESHOTTRACKER,"Gain ${ICON_POWER2}.<br>If you play or have played a Flare Tracker this turn, draw a card."
FLAVOR_SURESHOTTRACKER,Right on target.
CARDNAME_SEARINGASKARA,<size=104>S</size>earing Askara
EFFECT_SEARINGASKARA,Banish a card in the center row. Then you may acquire a card with cost ${ICON_RUNE3} or less without paying its cost.
FLAVOR_SEARINGASKARA,Her flame sears a path right into the heart of darkness.
CARDNAME_FLARETRACKER,<size=104>F</size>lare T<space=-.1em>racker
EFFECT_FLARETRACKER,"Gain ${ICON_RUNE2}.<br>If you play or have played a Sureshot Tracker this turn, draw a card."
FLAVOR_FLARETRACKER,"The Lifebound call them 'leylines', the Mechana just call them fuel."
CARDNAME_ILLUMINATOR,<size=104>I</size>lluminator
DAY_ILLUMINATOR,"${LABEL_DAY} Once per turn, gain ${ICON_RUNE1} and ${ICON_POWER1} for each Mechana Construct you control."
FLAVOR_ILLUMINATOR,Operators spend months studying for their license to ill.
CARDNAME_LIEUTENANTDUROS,<size=104>L</size>ieutenant Duros
EFFECT_LIEUTENANTDUROS,${LABEL_REWARD} Gain ${ICON_HONOR4}.
DAY_LIEUTENANTDUROS,${LABEL_DAY} Take a card at random from each opponent's hand and add them to your hand.
NIGHT_LIEUTENANTDUROS,${LABEL_NIGHT} Take ${ICON_HONOR5} from an opponent of your choice.
CARDNAME_INSPIREDTEMPLAR,<size=104>I</size>nspired T<space=-.1em>emplar
EFFECT_INSPIREDTEMPLAR,Defeat a Monster with cost ${ICON_POWER4} or less without paying its cost.
DAY_INSPIREDTEMPLAR,${LABEL_DAY} Defeat any Monster instead.
FLAVOR_INSPIREDTEMPLAR,"His blade and will are sharp, forged anew in the light."
CARDNAME_DECEITFULGHOUL,<size=104>D</size>eceitful Ghoul
EFFECT_DECEITFULGHOUL,${LABEL_REWARD} Gain ${ICON_HONOR2}.
TROPHY_DECEITFULGHOUL,${LABEL_TROPHY} Banish this to banish a card in the center row.
FLAVOR_DECEITFULGHOUL,Sometimes the most dangerous thing is a wide smile.
CARDNAME_FOUNDRYHOUND,<size=104>F</size><space=-.1em>oundry Hound
EFFECT_FOUNDRYHOUND,"Once per turn, if you play a Mechana Contruct (including this one) or if it is Day, gain ${ICON_RUNE2}."
FLAVOR_FOUNDRYHOUND,You'll have a ruff time getting by his watchful eyes.
CARDNAME_EMBERWINGMOTH,<size=104>E</size>mberwing Moth
EFFECT_EMBERWINGMOTH,${LABEL_REWARD} Gain ${ICON_HONOR5}.
DAY_EMBERWINGMOTH,"${LABEL_DAY} For each opponent, you choose and destroy a Construct they control."
NIGHT_EMBERWINGMOTH,${LABEL_NIGHT} Each opponent chooses a Construct they control and destroys the rest.
CARDNAME_LIGHTOFFALSEHOPE,<size=104>L</size>ight of False Hope
EFFECT_LIGHTOFFALSEHOPE,${LABEL_REWARD} Gain ${ICON_HONOR4}.
NIGHT_LIGHTOFFALSEHOPE,${LABEL_NIGHT} Draw 2 Cards.
FLAVOR_LIGHTOFFALSEHOPE,Don't follow the lights!
CARDNAME_WRECKLAMAX,<size=104>W</size><space=-.1em>recklamax
EFFECT_WRECKLAMAX,"Once per turn, if you play a Mechana Contruct (including this one) or if it is Day, draw a card."
FLAVOR_WRECKLAMAX,Are you ready to rubble?
CARDNAME_RESCUEBOT505,<size=104>R</size>escuebot 505
EFFECT_RESCUEBOT505,"When you acquire this and it is Day, put it directly into play.<br>When you acquire a Mechana Construct, put it directly into play."
CARDNAME_BRINGEROFHOPE,<size=104>B</size>ringer of Hope
EFFECT_BRINGEROFHOPE,"Banish a card in your hand. If you do, add a Mystic AND a Heavy Infantry to your hand."
FLAVOR_BRINGEROFHOPE,"Born in the light, he serves it in darkness."
CARDNAME_DARKGLADIATOR,<size=104>D</size><space=-.1em>ark Gladiator
EFFECT_DARKGLADIATOR,Gain ${ICON_POWER2}.
NIGHT_DARKGLADIATOR,${LABEL_NIGHT} Gain an additional ${ICON_POWER2}.
FLAVOR_DARKGLADIATOR,"Others fear the dark, he thrives in it."
CARDNAME_SCAVENGERANTS,<size=104>S</size>cavenger Ants
EFFECT_SCAVENGERANTS,${LABEL_REWARD} Gain ${ICON_HONOR4}.
DAY_SCAVENGERANTS,${LABEL_DAY} Gain ${ICON_RUNE3}.
FLAVOR_SCAVENGERANTS,"They'll build out of anything, even you."
CARDNAME_ISHATHEPURSUER,"<size=104>I</size>sha, the Pursuer"
EFFECT_ISHATHEPURSUER,"Gain ${ICON_POWER3}.<br>The next time you defeat a Monster this turn, gain ${ICON_RUNE} equal to the defeated Monster's ${ICON_POWER} cost."
CARDNAME_EVERBLOOMWITCH,<size=104>E</size>verbloom Witch
EFFECT_EVERBLOOMWITCH,Gain ${ICON_HONOR3}.<br>${LABEL_UNITE} Gain ${ICON_HONOR3}.<br><i>(Gain this effect once if you play or have played another Lifebound Hero this turn.)</i>
CARDNAME_VERDANTCHANTER,<size=104>V</size><space=-.2em>erdant Chanter
EFFECT_VERDANTCHANTER,Gain ${ICON_RUNE2}.
NIGHT_VERDANTCHANTER,${LABEL_NIGHT} You may put Heroes you acquire this turn on top of your deck.
FLAVOR_VERDANTCHANTER,Even the forest needs hope in the absence of light.
CARDNAME_ARHAHISTORIAN,<size=104>A</size>rha Historian
EFFECT_ARHAHISTORIAN,"Draw a card. If you play or have played a Mystic or Heavy Infantry this turn, draw an additional card."
FLAVOR_ARHAHISTORIAN,Heroic acts undertaken by common people make for the best tales.
CARDNAME_LEGIONOFAKLYS,<size=104>L</size>egion of Aklys
EFFECT_LEGIONOFAKLYS,"If all cards in the center row are ${ICON_NIGHT} cards, you may defeat this without paying its cost.<br>${LABEL_REWARD} Gain ${ICON_HONOR5}."
NIGHT_LEGIONOFAKLYS,"${LABEL_TROPHY_ONGOING} When you acquire or defeat a ${ICON_NIGHT} card, gain ${ICON_HONOR2}."
CARDNAME_DREADCONJURER,<size=104>D</size>read Conjurer
EFFECT_DREADCONJURER,Draw a card.
NIGHT_DREADCONJURER,${LABEL_NIGHT} You may banish a card in your hand or discard pile.
FLAVOR_DREADCONJURER,"Don't tell him your fears, that spoils the fun."
CARDNAME_SHADECONVERTER,<size=104>S</size>hade Converter
EFFECT_SHADECONVERTER,"If you control three or more Mechana Constructs, you may treat your turn as Day."
FLAVOR_SHADECONVERTER,Let there be light.
CARDNAME_SHADEVIPER,<size=104>S</size>hade Viper
EFFECT_SHADEVIPER,${LABEL_REWARD} Gain ${ICON_HONOR2}.
DAY_SHADEVIPER,"${LABEL_TROPHY} If it is Day, banish this to gain ${ICON_RUNE1}."
NIGHT_SHADEVIPER,"${LABEL_TROPHY} If it is Night, banish this to gain ${ICON_POWER1}."
CARDNAME_CAVERNCREEPER,<size=104>C</size>avern Creeper
EFFECT_CAVERNCREEPER,${LABEL_REWARD} Gain ${ICON_HONOR1} and ${ICON_RUNE1}.
FLAVOR_CAVERNCREEPER,Even a tiny spider can kill you if you don't see it coming.
CARDNAME_TWILIGHTSCOUT,<size=104>T</size><space=-.15em>wilight Scout
EFFECT_TWILIGHTSCOUT,Draw a card.
DAY_TWILIGHTSCOUT,${LABEL_DAY} Draw an additional card.
FLAVOR_TWILIGHTSCOUT,Their love for the light leads them where it is needed most.
CARDNAME_SHADEOFSADRANIS,<size=104>S</size>hade of Sadranis
EFFECT_SHADEOFSADRANIS,Gain ${ICON_POWER4}.
NIGHT_SHADEOFSADRANIS,"${LABEL_NIGHT} Once this turn, you may defeat a non-Trophy Monster in the void as though it was in the center row. If you do, put it on the bottom of the center deck."
CARDNAME_WARTORNARBITER,<size=104>W</size><space=-.2em>artorn Arbiter
EFFECT_WARTORNARBITER,Gain ${ICON_POWER1}. You may banish a card in your hand or discard pile.
NIGHT_WARTORNARBITER,${LABEL_NIGHT} Gain ${ICON_POWER1}. You may banish a card in your hand or discard pile.
CARDNAME_PILLAROFRESOLVE,<size=104>P</size><space=-.05em>illar of Resolve
EFFECT_PILLAROFRESOLVE,"Once per turn, if you have played a Mystic and a Heavy Infantry, draw two cards."
FLAVOR_PILLAROFRESOLVE,"""The ultimate measure of a person is not where they stand in moments of comfort, but where they stand at times of challenge."""
CARDNAME_VYRAKTHEFIRST,"<size=104>V</size><space=-.1em>yrak, the First"
EFFECT_VYRAKTHEFIRST,You may spend ${ICON_POWER} as ${ICON_RUNE} to acquire this.<br>Gain ${ICON_HONOR10}.
FLAVOR_VYRAKTHEFIRST,Even the druids have forgotten the tongue he was named in.
CARDNAME_DEADEYEASSASSIN,<size=104>D</size><space=-.1em>eadeye Assassin
EFFECT_DEADEYEASSASSIN,Gain ${ICON_POWER3}.<br>Gain an additional ${ICON_POWER1} for each Void card in your discard pile.
FLAVOR_DEADEYEASSASSIN,Just hope she never has eyes for you.
CARDNAME_SHRINEATTENDANT,<size=104>S</size>hrine Attendant
EFFECT_SHRINEATTENDANT,Add a Mystic or Heavy Infantry to your hand.
FLAVOR_SHRINEATTENDANT,"The smallest acts can do the most to keep hope alive, even in the darkest nights when it seems impossible."
CARDNAME_DOGSOFWAR,<size=104>D</size><space=-.05em>ogs of W<space=-.05em>ar
EFFECT_DOGSOFWAR,"Gain ${ICON_POWER1}.<br>You may banish a card in your hand or discard pile. If you do, gain an additional ${ICON_POWER1}."
FLAVOR_DOGSOFWAR,Their currency is flesh and bone.
CARDNAME_TAHYRTHESUN,"<size=104>T<space=-.15em></size>a<space=-.1em>'hyr, the Sun"
EFFECT_TAHYRTHESUN,"If all cards in the center row are ${ICON_DAY} cards, you may acquire this without paying its cost.<br>Acquire a card in the center row without paying its cost."
DAY_TAHYRTHESUN,${LABEL_DAY} Add the acquired card to your hand.
CARDNAME_SUNSTREAKCOURIER,<size=104>S</size>unstreak Courier
EFFECT_SUNSTREAKCOURIER,Gain ${ICON_RUNE1} and ${ICON_POWER1}.
FLAVOR_SUNSTREAKCOURIER,He moves so quickly he has no need for the cover of night.
CARDNAME_LUROTHEHUNTER,"<size=104>L</size>uro, the Hunter"
EFFECT_LUROTHEHUNTER,Gain ${ICON_RUNE3}.
NIGHT_LUROTHEHUNTER,${LABEL_NIGHT} You may spend ${ICON_RUNE} as ${ICON_POWER} and ${ICON_POWER} as ${ICON_RUNE} this turn.
CARDNAME_WATCHTOWERGOLEM,<size=104>W</size><space=-.2em>atchtower Golem
EFFECT_WATCHTOWERGOLEM,"Once per turn, if you play a Mechana Contruct (including this one) or if it is Day, gain ${ICON_POWER2}."
FLAVOR_WATCHTOWERGOLEM,"Yay, visitors!"
CARDNAME_SHARDWINGBEETLE,<size=104>S</size>hardwing Beetle
EFFECT_SHARDWINGBEETLE,"${LABEL_REWARD} Gain ${ICON_HONOR3}.<br>When you defeat this, you may pay ${ICON_RUNE3} to gain an additional ${ICON_HONOR3}."
FLAVOR_SHARDWINGBEETLE,A chilling end.
CARDNAME_LUNARGUARDIAN,<size=104>L</size>unar Guardian
EFFECT_LUNARGUARDIAN,Gain ${ICON_RUNE2}.
NIGHT_LUNARGUARDIAN,${LABEL_NIGHT} Gain ${ICON_POWER2}.
FLAVOR_LUNARGUARDIAN,"They live for the forest, but they can also die for it."
CARDNAME_MAPOFTHESTARS,<size=104>M</size>ap of the Stars
EFFECT_MAPOFTHESTARS,"Once per turn, gain ${ICON_RUNE1} and ${ICON_POWER1}."
FLAVOR_MAPOFTHESTARS,"Even in an unnatural night, Cetra guides us."
CARDNAME_RIFTWATCHOUTPOST,<size=104>R</size>iftwatch Outpost
EFFECT_RIFTWATCHOUTPOST,"Once per turn, gain ${ICON_POWER1}.<br>You may destroy this to gain ${ICON_POWER1}."
FLAVOR_RIFTWATCHOUTPOST,"The watchtowers jut out of the darkness, as if to keep watch on the light."
CARDNAME_EARTHMENDERPURA,<size=104>E</size>arthmender Pura
EFFECT_EARTHMENDERPURA,Gain ${ICON_RUNE3}.<br>You may put a Monster from your hand or discard pile into an opponent's discard pile.
FLAVOR_EARTHMENDERPURA,His healing chants replenish life in the wake of chaos.
CARDNAME_EMRIBORNOFBATTLE,"<size=104>E</size>mri, Born of Battle"
EFFECT_EMRIBORNOFBATTLE,"Gain ${ICON_POWER4}.<br>Once per turn, when you defeat a Monster in the center row, take ${ICON_HONOR2} from each other player."
CARDNAME_MADNESSEMBRACE,<size=104>M</size>adness' Embrace
EFFECT_MADNESSEMBRACE,"Once per turn, if you have defeated a Monster in the center row, you may banish a card in your hand or discard pile."
FLAVOR_MADNESSEMBRACE,"Once it has you in its grasp, there is no escape."
CARDNAME_PROCESSINGHUB,<size=104>P</size><space=-.1em>rocessing Hub
EFFECT_PROCESSINGHUB,"Once per turn, if you control three or more Mechana Constructs, gain ${ICON_RUNE2}."
FLAVOR_PROCESSINGHUB,The tinkerers could no longer distinguish their own thoughts from those of the machine.
CARDNAME_SPIREOFINSIGHT,<size=104>S</size>pire of Insight
EFFECT_SPIREOFINSIGHT,"Once per turn, if you control four or more Mechana Constructs, you may draw two cards."
FLAVOR_SPIREOFINSIGHT,Electricity is really just organized lightning.
CARDNAME_RADIANTASPIRANT,<size=104>R</size>adiant Aspirant
EFFECT_RADIANTASPIRANT,"Empower <i>(When you acquire this, you may banish a card you have played this turn.)</i><br>Draw a card."
FLAVOR_RADIANTASPIRANT,They see light where there is darkness.
CARDNAME_PRIMEDIRECTIVE,<size=104>P</size><space=-.2em>.R.I.M.E. Directive
EFFECT_PRIMEDIRECTIVE,"If you control eight or more Mechana Constructs, you win the game."
FLAVOR_PRIMEDIRECTIVE,"P.R.I.M.E. stands ready at the heart of Hedron, always vigilant against whatever threats emerge."
CARDNAME_DELUGEELEMENTAL,<size=104>D</size><space=-.1em>eluge Elemental
EFFECT_DELUGEELEMENTAL,"${LABEL_REWARD} Gain ${ICON_HONOR6}. You may banish up to four cards in your hand, deck, discard pile, and/or cards played this turn. If you do, shuffle your deck."
CARDNAME_SONNYLIGHTWIELDER,"<size=104>S</size>onny, Lightwielder"
EFFECT_SONNYLIGHTWIELDER,"Empower <i>(When you acquire this, you may banish a card you have played this turn.)</i><br>Defeat a Monster without paying its cost. If that Monster would go to the Void, you may put it into a player's discard pile instead."
CARDNAME_REYSASTRIAL,Reysa's T<space=-.1em>rial
EFFECT_REYSASTRIAL,Constructs in the center row cost ${ICON_RUNE1} less to acquire (to a minimum of ${ICON_RUNE1}).<br>Pay ${ICON_RUNE8}: Transform this into Forgemother Reysa and acquire it.
CARDNAME_YUREYEOFCHAOS,"<size=104>Y</size><space=-.1em>ur, Eye of Chaos"
EFFECT_YUREYEOFCHAOS,${LABEL_REWARD} Gain ${ICON_HONOR4}. Draw three cards.
FLAVOR_YUREYEOFCHAOS,"Forces of nature are neither good or bad, but they are capable of creating or destroying all the same."
CARDNAME_KEENEYEDASPIRANT,<size=104>K</size>een-eyed Aspirant
EFFECT_KEENEYEDASPIRANT,"Empower <i>(When you acquire this, you may banish a card you have played this turn.)</i><br>Gain ${ICON_RUNE1} and ${ICON_HONOR1}."
FLAVOR_KEENEYEDASPIRANT,They see those that wish to remain hidden.
CARDNAME_FORGEMOTHERREYSA,<size=104>F</size><space=-.1em>orgemother Reysa
EFFECT_FORGEMOTHERREYSA,Choose one: Draw a card OR acquire any number of Constructs in the center row without paying their cost.
FLAVOR_FORGEMOTHERREYSA,Her billows feed the fires of creation for all of Hedron.
CARDNAME_CONDUITMONK,<size=104>C</size>onduit Monk
EFFECT_CONDUITMONK,"Empower <i>(When you acquire this, you may banish a card you have played this turn.)</i><br>Gain ${ICON_RUNE3}.<br>You are considered to control two additional Mechana Constructs this turn."
CARDNAME_YUKTRIBEGREMLIN,<size=104>Y</size><space=-.1em>uk T<space=-.1em>ribe Gremlin
EFFECT_YUKTRIBEGREMLIN,"${LABEL_REWARD} Gain ${ICON_HONOR1}.<br>${LABEL_INFEST} When you defeat Yuk Tribe Gremlin, you may put it into a player's discard pile.<br><i>(Monsters have no effect when played from hand.)</i>"
CARDNAME_EEKTRIBEGREMLIN,<size=104>E</size>ek T<space=-.1em>ribe Gremlin
EFFECT_EEKTRIBEGREMLIN,"${LABEL_REWARD} Gain ${ICON_HONOR5}. Put a Monster from the void into a player's discard pile.<br>${LABEL_INFEST} When you defeat Eek Tribe Gremlin, you may put it into a player's discard pile.<br><i>(Monsters have no effect when played from hand.)</i>"
CARDNAME_THICKETFAMILIAR,<size=104>T</size><space=-.1em>hicket Familiar
EFFECT_THICKETFAMILIAR,"Empower <i>(When you acquire this, you may banish a card you have played this turn.)</i><br>Reveal the top card of your deck and put it in your hand. If it is a card with Empower, gain ${ICON_HONOR2}."
CARDNAME_STATICELEMENTAL,<size=104>S</size>tatic Elemental
EFFECT_STATICELEMENTAL,${LABEL_REWARD} Gain ${ICON_HONOR5}. Each opponent puts all Constructs they control on top of their deck in random order.
FLAVOR_STATICELEMENTAL,"Cries of ""Charge!"" followed by massive retreats can often be confusing for new recruits."
CARDNAME_TECTONICTHRASHER,<size=104>T</size><space=-.2em>ectonic Thrasher
EFFECT_TECTONICTHRASHER,${LABEL_REWARD} Gain ${ICON_HONOR4}. Each opponent must choose and destroy two Constructs they control.
FLAVOR_TECTONICTHRASHER,The Sleeping Peaks hide more than just ore in their mountains.
CARDNAME_UNSPEAKABLEDOOM,<size=104>U</size><space=-.1em>nspeakable Doom
EFFECT_UNSPEAKABLEDOOM,${LABEL_REWARD} Gain ${ICON_HONOR5}. Each opponent reveals their hand. Gain an additional ${ICON_HONOR2} for each Monster revealed this way.
FLAVOR_UNSPEAKABLEDOOM,Nope.
CARDNAME_ULANTHECRUSHER,"<size=104>U</size>lan, the Crusher"
EFFECT_ULANTHECRUSHER,"Empower <i>(When you acquire this, you may banish a card you have played this turn.)</i><br>Gain ${ICON_POWER4}.<br>If you control Ulan's Fist, draw a card."
CARDNAME_NOMTRIBEGREMLIN,<size=104>N</size><space=-.1em>om T<space=-.1em>ribe Gremlin
EFFECT_NOMTRIBEGREMLIN,"${LABEL_REWARD} Gain ${ICON_HONOR1}.<br>${LABEL_INFEST} When you defeat Nom Tribe Gremlin, you may put it into a player's discard pile.<br>When you play Nom Tribe Gremlin, you may put it into another player's discard pile."
CARDNAME_PIERCINGEYE,<size=104>P</size>iercing Eye
EFFECT_PIERCINGEYE,"Once per turn, if you have defeated a Monster in the center row, you may draw a card."
FLAVOR_PIERCINGEYE,"""The eye will guide you where your own cannot."""
CARDNAME_BRAMBLEELEMENTAL,<size=104>B</size>ramble Elemental
EFFECT_BRAMBLEELEMENTAL,${LABEL_REWARD} Gain ${ICON_HONOR5}. You may banish a card in your hand or discard pile.
FLAVOR_BRAMBLEELEMENTAL,"It consumes everything it can entangle, no matter what, or who, that might be."
CARDNAME_WILDBARKMAIL,<size=104>W</size><space=-.1em>ildbark Mail
EFFECT_WILDBARKMAIL,"Once per turn, if you have defeated a Monster in the center row, gain ${ICON_HONOR2}."
FLAVOR_WILDBARKMAIL,"Nairi spoke to the sentries, ""Wear your armor with pride, and know that the forest defends you as you defend it."""
CARDNAME_XERONFALSEALLY,"<size=104>X</size>eron, False Ally"
EFFECT_XERONFALSEALLY,Gain ${ICON_RUNE5}.<br>Gain an additional ${ICON_RUNE2} for each Monster you play or have played this turn.
FLAVOR_XERONFALSEALLY,"He's always happy to help, For a price."
CARDNAME_THUNDERTEMPLAR,<size=104>T</size><space=-.1em>hunder T<space=-.1em>emplar
EFFECT_THUNDERTEMPLAR,"Empower <i>(When you acquire this, you may banish a card you have played this turn.)</i><br>Defeat a Monster with cost ${ICON_POWER5} or less without paying its cost."
CARDNAME_BROTHERLAIAS,<size=104>B</size>rother Laias
EFFECT_BROTHERLAIAS,"Empower <i>(When you acquire this, you may banish a card you have played this turn.)</i><br>When you acquire Brother Laias, put it into your hand if you have played a Mystic this turn.<br>Draw two cards."
CARDNAME_XERONSTRIAL,Xeron's T<space=-.1em>rial
EFFECT_XERONSTRIAL,"When you play a Monster, gain ${ICON_POWER2}.<br>Pay ${ICON_POWER8}: Transform this into Xeron, False Ally and acquire it."
CARDNAME_INNOVATIVEASPIRANT,<size=104>I</size>nnovative Aspirant
EFFECT_INNOVATIVEASPIRANT,"Empower <i>(When you acquire this, you may banish a card you have played this turn.)</i><br>Gain ${ICON_RUNE1} and ${ICON_POWER1}."
FLAVOR_INNOVATIVEASPIRANT,They see possibility where there is difficulty.
CARDNAME_CETRACELESTIALBODY,"<size=104>C</size>etra, Celestial Body"
EFFECT_CETRACELESTIALBODY,Gain ${ICON_HONOR} equal to the total ${ICON_HONOR} of all Heroes and Constructs in the center row.
FLAVOR_CETRACELESTIALBODY,Let the stars guide your path when all other light abandons you.
CARDNAME_YUKTRIBEOUTCAST,<size=104>Y</size><space=-.1em>uk T<space=-.1em>ribe Outcast
EFFECT_YUKTRIBEOUTCAST,Draw a card.<br>Banish a card in the center row. Then you may banish a Yuk Tribe Outcast or Yuk Tribe Gremlin in your hand to acquire or defeat a card in the center row without paying its cost.
CARDNAME_ULANSFIST,<size=104>U</size>lan's Fist
EFFECT_ULANSFIST,"Once per turn, gain ${ICON_POWER2}.<br>Once per turn, if you have played Ulan, the Crusher, gain an additional ${ICON_POWER2}."
CARDNAME_VENOMPRIESTESS,<size=104>V</size><space=-.15em>enom Priestess
EFFECT_VENOMPRIESTESS,Gain ${ICON_POWER2}.<br>You may banish a card you have played this turn or in your discard pile.
FLAVOR_VENOMPRIESTESS,Their poisons are the preferred of Black Watch assassins.
CARDNAME_WILDFIREELEMENTAL,<size=104>W</size><space=-.1em>ildfire Elemental
EFFECT_WILDFIREELEMENTAL,${LABEL_REWARD} Gain ${ICON_HONOR4}. Choose up to two cards in the center row and banish them.
FLAVOR_WILDFIREELEMENTAL,"We don't need no water, let this wildfire burn."
CARDNAME_EMRISTRIAL,Emri's T<space=-.1em>rial
EFFECT_EMRISTRIAL,"Monsters in the center row cost ${ICON_POWER1} less to defeat (to a minimum of ${ICON_POWER1}).<br>Pay ${ICON_RUNE8}: Transform this into Emri, Born of Battle and acquire it."
CARDNAME_WHIRLWINDASCETIC,<size=104>W</size><space=-.1em>hirlwind Ascetic
EFFECT_WHIRLWINDASCETIC,"Draw three cards, then discard two cards. You may return a Mystic AND a Heavy Infantry discarded this way to your hand."
FLAVOR_WHIRLWINDASCETIC,The maelstrom surrounding him is matched only by the calm within him.
CARDNAME_OBLIVIONBLOSSOMS,<size=104>O</size>blivion Blossoms
EFFECT_OBLIVIONBLOSSOMS,"Once per turn, gain ${ICON_POWER1}.<br>Once per turn, if you have banished a card, gain ${ICON_HONOR1}."
CARDNAME_ELEMENTALPROJECTOR,<size=104>E</size>lemental Projector
EFFECT_ELEMENTALPROJECTOR,"Once per turn, if you control two or more Mechana Constructs, gain ${ICON_POWER2}."
FLAVOR_ELEMENTALPROJECTOR,It's a blast!
CARDNAME_CETRASTRIAL,Cetra's T<space=-.1em>rial
EFFECT_CETRASTRIAL,"Heroes in the center row cost ${ICON_RUNE1} less to acquire (to a minimum of ${ICON_RUNE1}).<br>Pay ${ICON_RUNE8}: Transform this into Cetra, Celestial Body and acquire it."
CARDNAME_CELLBLOCKE,<size=104>C</size>ell Block E
EFFECT_CELLBLOCKE,"When you defeat a Monster in the center row or play a Monster, you may put it directly into play and treat it as a Mechana Construct."
FLAVOR_CELLBLOCKE,Absolute corruption powers absolutely.
CARDNAME_VOIDRIFTSTALKER,<size=104>V</size><space=-.15em>oidrift Stalker
EFFECT_VOIDRIFTSTALKER,"Empower <i>(When you acquire this, you may banish a card you have played this turn.)</i><br>Gain ${ICON_POWER3}.<br>If there is a Void card in your discard pile, draw a card."
CARDNAME_SHADOWELEMENTAL,<size=104>S</size>hadow Elemental
EFFECT_SHADOWELEMENTAL,"Gain ${ICON_POWER2}.<br>If this is banished from anywhere during your turn, gain ${ICON_POWER2}."
FLAVOR_SHADOWELEMENTAL,Darkness teaches us to always beware.
CARDNAME_DERANGEDASPIRANT,<size=104>D</size><space=-.1em>eranged Aspirant
EFFECT_DERANGEDASPIRANT,"Empower <i>(When you acquire this, you may banish a card you have played this turn.)</i><br>You may banish a card in your hand or discard pile."
FLAVOR_DERANGEDASPIRANT,They see knowledge where there is madness.
CARDNAME_BLASTGOGGLES,<size=104>B</size>last Goggles
EFFECT_BLASTGOGGLES,"Once per turn, if you control five or more Mechana Constructs, gain ${ICON_HONOR5}."
FLAVOR_BLASTGOGGLES,Big Badaboom.
CARDNAME_SISTEROFTHEWIND,<size=104>S</size>ister of the Wind
EFFECT_SISTEROFTHEWIND,"Banish Sister of the Wind and a card in your hand. If you do, add a Mystic and/or a Heavy Infantry to your hand."
FLAVOR_SISTEROFTHEWIND,The Temple of the Wind teaches its students to learn from both themselves and each other.
CARDNAME_WATERELEMENTAL,<size=104>W</size><space=-.1em>ater Elemental
EFFECT_WATERELEMENTAL,"Draw a card.<br>If this is banished from anywhere during your turn, draw two cards."
FLAVOR_WATERELEMENTAL,Water teaches us that change is inevitable.
CARDNAME_IRONELEMENTAL,<size=104>I</size>ron Elemental
EFFECT_IRONELEMENTAL,"Gain ${ICON_RUNE2}.<br>If this is banished from anywhere during your turn, gain ${ICON_RUNE2}."
FLAVOR_IRONELEMENTAL,Metal teaches us that we must endure.
CARDNAME_GRANDARBITERTODD,<size=104>G</size>rand-Arbiter T<space=-.1em>odd
EFFECT_GRANDARBITERTODD,"Empower <i>(When you acquire this, you may banish a card you have played this turn.)</i><br>Draw two cards.<br>Banish a card in your hand. If you banished a Monster this way, draw an additional card."
CARDNAME_DHARTHAETERNALSEER,"<size=104>D</size>hartha, Eternal Seer"
EFFECT_DHARTHAETERNALSEER,Draw four cards.
FLAVOR_DHARTHAETERNALSEER,"""Empty your mind, be formless, shapeless -- like water."""
CARDNAME_TEMPLEOFTHEWIND,<size=104>T</size><space=-.2em>emple of the Wind
EFFECT_TEMPLEOFTHEWIND,"Once per turn, you may banish a card in your discard pile and replace it with a Mystic or Heavy Infantry."
FLAVOR_TEMPLEOFTHEWIND,"The temple teaches common men and women to be brave when times call for swift, decisive action."
CARDNAME_SCRAPWEAVER,<size=104>S</size>crap W<space=-.05em>eaver
EFFECT_SCRAPWEAVER,Draw a card.<br>You may put the next Construct you acquire this turn directly into play.
FLAVOR_SCRAPWEAVER,The scraping hum of the metal guides them as they give purpose to discarded parts.
CARDNAME_KIRIMEADOWWITCH,"<size=104>K</size>iri, Meadow Witch"
EFFECT_KIRIMEADOWWITCH,Draw a card.<br>${LABEL_UNITE} Gain ${ICON_HONOR5}.
FLAVOR_KIRIMEADOWWITCH,Her domain offers tranquility when everyplace else is embroiled in turmoil.
CARDNAME_TEMPLEOFHEROES,<size=104>T</size><space=-.2em>emple of Heroes
EFFECT_TEMPLEOFHEROES,"Once per turn, if you have played a Lifebound Hero or Monster, gain ${ICON_HONOR2}."
FLAVOR_TEMPLEOFHEROES,"Their names are forgotten, but their deeds are not."
CARDNAME_PATIENTASSASSIN,<size=104>P</size><space=-.1em>atient Assassin
EFFECT_PATIENTASSASSIN,"Gain ${ICON_POWER2}.<br>If there is a Void card in your discard pile, gain an additional ${ICON_POWER1}."
FLAVOR_PATIENTASSASSIN,He's willing to wait for it.
CARDNAME_FLOURISHINGDRUIDESS,<size=104>F</size><space=-.1em>lourishing Druidess
EFFECT_FLOURISHINGDRUIDESS,"Empower <i>(When you acquire this, you may banish a card you have played this turn.)</i><br>Gain ${ICON_RUNE2}. If you have more ${ICON_HONOR} than every other player, gain an additional ${ICON_RUNE1}."
CARDNAME_VERDANTELEMENTAL,<size=104>V</size><space=-.2em>erdant Elemental
EFFECT_VERDANTELEMENTAL,"Gain ${ICON_HONOR3}.<br>If this is banished from anywhere during your turn, gain ${ICON_HONOR3}."
FLAVOR_VERDANTELEMENTAL,Plants teach us that life will always begin again.
CARDNAME_DHARTHASTRIAL,Dhartha's T<space=-.1em>rial
EFFECT_DHARTHASTRIAL,"Once per turn, if you have played a Mystic or Heavy Infantry, draw a card.<br>Pay ${ICON_RUNE8}: Transform this into Dhartha, Eternal Seer and acquire it."
CARDNAME_BAMTRIBEGREMLINS,<size=104>B</size><space=-.05em>am T<space=-.1em>ribe Gremlins
EFFECT_BAMTRIBEGREMLINS,"${LABEL_REWARD} Gain ${ICON_HONOR2}.<br>${LABEL_INFEST} When you defeat Bam Tribe Gremlins, you may put it into a player's discard pile.<br><i>(Monsters have no effect when played from hand.)</i>"
CARDNAME_HEARTHGLOWCLIQUE,<size=104>H</size><space=-.1em>earthglow Clique
EFFECT_HEARTHGLOWCLIQUE,"Empower <i>(When you acquire this, you may banish a card you have played this turn.)</i><br>Gain ${ICON_RUNE2} and ${ICON_HONOR2}.<br>${LABEL_UNITE} Draw a card."
CARDNAME_QADIMSTALKER,<size=104>Q</size>adim Stalker
EFFECT_QADIMSTALKER,Gain ${ICON_RUNE2} and ${ICON_POWER2}.<br>${LABEL_UNITE} Gain ${ICON_HONOR2}.
FLAVOR_QADIMSTALKER,You would never know how long the Qadim have stood guard by the ferocity with which they still defend the forest.
CARDNAME_CHEERFULCONSORT,<size=104>C</size>heerful Consort
EFFECT_CHEERFULCONSORT,Gain ${ICON_HONOR1}.<br>Draw a card.
FLAVOR_CHEERFULCONSORT,Her bright demeanor spreads warmth throughout Alosya.
CARDNAME_TEMPLEOFLIFE,<size=104>T</size><space=-.2em>emple of Life
EFFECT_TEMPLEOFLIFE,${ICON_LIFE}: Gain control of the Temple of Immortality. Gain ${ICON_RUNE2}.
CARDNAME_HURRASSEASFURY,"<size=104>H</size>urras, Sea's Fury"
EFFECT_HURRASSEASFURY,${LABEL_REWARD} Gain ${ICON_HONOR4}. Gain ${ICON_LIFE} and ${ICON_DEATH}.
FLAVOR_HURRASSEASFURY,"Hurricanes borrow their name from the beast, an ancient demigod that wanders the seas."
CARDNAME_EXCAVATORPILOT,<size=104>E</size>xcavator Pilot
EFFECT_EXCAVATORPILOT,"Gain ${ICON_RUNE2}.<br>If you control two or more Constructs, gain ${ICON_LIFE}."
FLAVOR_EXCAVATORPILOT,"""I dig it."""
CARDNAME_DEATHSWIDOW,<size=104>D</size><space=-.05em>eath's Widow
EFFECT_DEATHSWIDOW,${LABEL_REWARD} Gain ${ICON_HONOR2}. Each opponent must destroy a Construct they control. Draw a card for each opponent that did not destroy a Construct this way.
CARDNAME_IKUSMINIONS,<size=104>I</size>ku's Minions
EFFECT_IKUSMINIONS,This costs ${ICON_POWER2} less to defeat if you control a Temple.<br>${LABEL_REWARD} Gain ${ICON_HONOR4}. You may banish a card in your hand or discard pile.
CARDNAME_KYL3REPAIRBOT,<size=104>K</size>-YL3 Repairbot
EFFECT_KYL3REPAIRBOT,"Once per turn, when you play a Mechana Construct (including this one) or if you control a Temple, draw a card."
FLAVOR_KYL3REPAIRBOT,They live to preserve.
CARDNAME_BROTHERMARIUS,<size=104>B</size>rother Marius
EFFECT_BROTHERMARIUS,Gain ${ICON_RUNE1}.<br>Gain an additional ${ICON_RUNE1} for each faction among Constructs you control.
FLAVOR_BROTHERMARIUS,"""What do you mean the princess is in another Temple?"""
CARDNAME_ENDBRINGERJORA,<size=104>E</size>ndbringer Jora
EFFECT_ENDBRINGERJORA,"Gain ${ICON_POWER3}.<br>Whenever you defeat a Monster in the center row this turn, gain ${ICON_RUNE2}."
FLAVOR_ENDBRINGERJORA,He tears down everyone and everything that gets in Emri's way.
CARDNAME_KANZIRTHERAVAGER,"<size=104>K</size>an'zir, the Ravager"
EFFECT_KANZIRTHERAVAGER,${LABEL_REWARD} Gain ${ICON_HONOR5}. Each opponent loses control of all Temples and destroys all Constructs they control.
FLAVOR_KANZIRTHERAVAGER,This is why we can't have nice things.
CARDNAME_CARETAKERZAHRAL,<size=104>C</size>aretaker Zahral
EFFECT_CARETAKERZAHRAL,"Gain ${ICON_RUNE3}.<br>The next time you acquire a Hero this turn, you may put it on top of your deck."
FLAVOR_CARETAKERZAHRAL,"For centuries, Zahral's forests have kept the secrets of the ancients."
CARDNAME_BURIALGUARDIAN,<size=104>B</size>urial Guardian
EFFECT_BURIALGUARDIAN,"Gain ${ICON_RUNE2}.<br>The next time you acquire a Lifebound card this turn, gain ${ICON_DEATH}."
FLAVOR_BURIALGUARDIAN,"""If you seek to understand immortality, you must first discern the nature of death,"" the druid cautioned."
CARDNAME_JUBILANTMONK,<size=104>J</size>ubilant Monk
EFFECT_JUBILANTMONK,"Reveal the top card of your deck and put it into your hand. Repeat this effect until you reveal a card other than a Mystic, Heavy Infantry, or Enlightened card."
FLAVOR_JUBILANTMONK,"""A fool thinks himself to be wise, but a wise man knows himself to be a fool."""
CARDNAME_SIREWOODELDER,<size=104>S</size>irewood Elder
EFFECT_SIREWOODELDER,Gain ${ICON_RUNE2}.<br>${LABEL_UNITE} Draw a card.
FLAVOR_SIREWOODELDER,"""Knowledge is just as important to the sprouts as water and sunlight."""
CARDNAME_BLINDSEER,<size=104>B</size>lind Seer
EFFECT_BLINDSEER,Draw a card.<br>${LABEL_SERENITY} Gain ${ICON_LIFE}. <i>(Gain this effect if there are no cards in your discard pile.)</i>
FLAVOR_BLINDSEER,"The world is hidden to him, but its secrets are not."
CARDNAME_RECKLESSEXCAVATOR,<size=104>R</size>eckless Excavator
EFFECT_RECKLESSEXCAVATOR,"Once per turn, when you play a Mechana Construct (including this one), gain ${ICON_LIFE} or ${ICON_DEATH}."
FLAVOR_RECKLESSEXCAVATOR,What it lacks in finesse it makes up for in results.
CARDNAME_TEMPLEOFDEATH,<size=104>T</size><space=-.2em>emple of Death
EFFECT_TEMPLEOFDEATH,${ICON_DEATH}: Gain control of the Temple of Immortality. You may banish a card in your hand or discard pile.
CARDNAME_IKUVALLEYTYRANT,"<size=104>I</size>ku, V<space=-.1em>alley T<space=-.1em>yrant"
EFFECT_IKUVALLEYTYRANT,This costs ${ICON_POWER2} less to defeat for each Temple you control.<br>${LABEL_REWARD} Gain ${ICON_HONOR8}.
FLAVOR_IKUVALLEYTYRANT,"You may escape the Temples, but you'll never escape Iku."
CARDNAME_MUTATEDSCAVENGER,<size=104>M</size>utated Scavenger
EFFECT_MUTATEDSCAVENGER,${LABEL_REWARD} Gain ${ICON_HONOR4}. Gain ${ICON_RUNE5}.
FLAVOR_MUTATEDSCAVENGER,"For centuries, the Temples have warped every aspect of the valley surrounding them."
CARDNAME_HELLFROSTIMPS,<size=104>H</size>ellfrost Imps
EFFECT_HELLFROSTIMPS,${LABEL_REWARD} Gain ${ICON_HONOR2}. You may defeat a Monster in the center row named Hellfrost Imps without paying its cost.
FLAVOR_HELLFROSTIMPS,"""When hell freezes over, huh?"""
CARDNAME_CAVERNHORROR,<size=104>C</size>avern Horror
EFFECT_CAVERNHORROR,${LABEL_REWARD} Gain ${ICON_HONOR1}. You may shuffle your discard pile into your deck. <i>(Cards played this turn do not go to your discard pile until the end of the turn.)</i>
CARDNAME_TEMPLEOFIMMORTALITY,<size=104>T</size><space=-.2em>emple of Immortality
EFFECT_TEMPLEOFIMMORTALITY,"Once per turn, choose a faction. When you acquire a card of that faction, if the next card to enter the center row is also that faction, acquire it without paying its cost."
CARDNAME_STORMSMITHANVIL,<size=104>S</size>tormsmith Anvil
EFFECT_STORMSMITHANVIL,"Once per turn, when you play a Mechana Construct (including this one) or if you control a Temple, gain ${ICON_RUNE1}."
FLAVOR_STORMSMITHANVIL,"The anvil's song echoes like low, rumbling thunder."
CARDNAME_STARVEDABOMINATION,<size=104>S</size>tarved Abomination
EFFECT_STARVEDABOMINATION,${LABEL_REWARD} Gain ${ICON_HONOR3}. Gain ${ICON_LIFE}.
FLAVOR_STARVEDABOMINATION,"You might think that the Temple of Death would have the scarier inhabitants, but you'd be wrong."
CARDNAME_CRYPTLURKER,<size=104>C</size>r<space=.05em>ypt Lurker
EFFECT_CRYPTLURKER,${LABEL_REWARD} Gain ${ICON_HONOR3}. Gain ${ICON_DEATH}.
FLAVOR_CRYPTLURKER,Death guards its secrets closely.
CARDNAME_SALVAGEMASTERMILA,<size=104>S</size>alvagemaster Mila
EFFECT_SALVAGEMASTERMILA,Gain ${ICON_RUNE4}.<br>You may put any Constructs you acquire this turn directly into play.
FLAVOR_SALVAGEMASTERMILA,The best creations can come from the place we least expect.
CARDNAME_FLANKINGASKARA,<size=104>F</size>lanking Askara
EFFECT_FLANKINGASKARA,Draw a card.<br>Copy the effect of the next Hero you play this turn with cost ${ICON_RUNE3} or less.
FLAVOR_FLANKINGASKARA,"""Walking with a friend in the dark is better than walking alone in the light."""
CARDNAME_GRAVEGOLEM,<size=104>G</size>rave Golem
EFFECT_GRAVEGOLEM,${LABEL_REWARD} Gain ${ICON_HONOR4}. Each opponent reveals the top card of their deck and puts it into their discard pile. Choose a Hero revealed this way and copy its effect.
CARDNAME_FISTOFTHEDRAGON,<size=104>F</size>ist of the Dragon
EFFECT_FISTOFTHEDRAGON,"Draw a card. Banish a card in the center row. If the next card to enter the center row is a Monster, defeat it without paying its cost."
CARDNAME_ISLASERENEPRODIGY,"<size=104>I</size>sla, Serene Prodigy"
EFFECT_ISLASERENEPRODIGY,"Acquire a Hero or Construct in the center row without paying its cost.<br>Shuffle Isla, Serene Prodigy and your discard pile into your deck."
CARDNAME_BEACONOFTHELOST,<size=104>B</size>eacon of the Lost
EFFECT_BEACONOFTHELOST,"${LABEL_ECHO} Once per turn, gain ${ICON_POWER1}. <i>(Gain this effect if there is a Void card in your discard pile.)</i>"
FLAVOR_BEACONOFTHELOST,Souls of the fallen fuel its eerie flame.
CARDNAME_TYRANYXTHEPILLAGER,"<size=104>T</size><space=-.2em>yranyx, the Pillager"
EFFECT_TYRANYXTHEPILLAGER,You may spend ${ICON_POWER} in addition to ${ICON_RUNE} to acquire this.<br>You may spend ${ICON_POWER} in addition to ${ICON_RUNE} to acquire Mechana Constructs.
CARDNAME_SILENCEDPROPHET,<size=104>S</size>ilenced Prophet
EFFECT_SILENCEDPROPHET,"Draw a card.<br>Put the top card of your deck into your discard pile, then you may banish a card in your hand or discard pile."
CARDNAME_RESOURCEFULTRADER,<size=104>R</size>esourceful T<space=-.1em>rader
EFFECT_RESOURCEFULTRADER,"Draw a card.<br>The next time you acquire a Construct this turn, gain ${ICON_DEATH}."
FLAVOR_RESOURCEFULTRADER,"""You need a keystone? I can get you a keystone."""
CARDNAME_FORGEMASTERSSUIT,<size=104>F</size><space=-.1em>orgemaster's Suit
EFFECT_FORGEMASTERSSUIT,"Once per turn, when you play a Mechana Construct (including this one) or if you control a Temple, gain ${ICON_HONOR1}."
FLAVOR_FORGEMASTERSSUIT,The suit keeps them safe in even the fiercest forges.
CARDNAME_SOULSNAREHUNTER,<size=104>S</size>oulsnare Hunter
EFFECT_SOULSNAREHUNTER,"Gain ${ICON_POWER2}.<br>The next time you defeat a Monster in the center row this turn, gain ${ICON_LIFE}."
FLAVOR_SOULSNAREHUNTER,"""Naturally, Emri's hunters were the ones to find the most morbid means of entry into the Temple of Life."""
CARDNAME_EXCAVATIONSENTRY,<size=104>E</size>xcavation Sentry
EFFECT_EXCAVATIONSENTRY,"Gain ${ICON_POWER2}.<br>Put the top card of your deck into your discard pile, then you may banish a card in your hand or discard pile."
CARDNAME_SPITEFULGLADIATOR,<size=104>S</size>piteful Gladiator
EFFECT_SPITEFULGLADIATOR,Gain ${ICON_POWER2}.<br>${LABEL_ECHO} Gain an additional ${ICON_POWER2}. <i>(Gain this effect if there is a Void card in your discard pile.)</i>
FLAVOR_SPITEFULGLADIATOR,"""Suffer now, and live the rest of your life as a champion."""
CARDNAME_ASALASTHEIMPALER,"<size=104>A</size>salas, the Impaler"
EFFECT_ASALASTHEIMPALER,"Gain ${ICON_RUNE2}.<br>The next time you acquire a Hero this turn, gain ${ICON_POWER} equal to the acquired Hero's ${ICON_RUNE} cost."
CARDNAME_SACREDPOT,<size=104>S</size>acred Pot
EFFECT_SACREDPOT,"${LABEL_SERENITY} Once per turn, draw a card. <i>(Gain this effect if there are no cards in your discard pile.)</i>"
FLAVOR_SACREDPOT,"""Indulge your imagination in every possible flight."""
CARDNAME_SHADOWRIDGESCOUT,<size=104>S</size>hadowridge Scout
EFFECT_SHADOWRIDGESCOUT,Gain ${ICON_POWER2}.<br>${LABEL_ECHO} Gain ${ICON_DEATH}. <i>(Gain this effect if there is a Void card in your discard pile.)</i>
FLAVOR_SHADOWRIDGESCOUT,"Dirty deeds, done dirt cheap."
CARDNAME_ALOSYANGUIDE,<size=104>A</size>losyan Guide
EFFECT_ALOSYANGUIDE,"When you acquire this, if you have played a Lifebound Hero this turn, put this directly into your hand.<br>Gain ${ICON_HONOR3}."
CARDNAME_OMINOUSAUGUR,<size=104>O</size>minous Augur
EFFECT_OMINOUSAUGUR,Acquire a Hero or Construct with cost ${ICON_RUNE5} or less without paying its cost.<br>${LABEL_SERENITY} Put the acquired card in your hand. <i>(Gain this effect if there are no cards in your discard pile.)</i>
CARDNAME_RANDALLUMBRALSAGE,"<size=104>R</size>andall, Umbral Sage"
EFFECT_RANDALLUMBRALSAGE,"Gain ${ICON_POWER3}.<br>Put all cards from your deck into your discard pile, then return a Void card in your discard pile to your hand."
CARDNAME_KEEPEROFSECRETS,<size=104>K</size>eeper of Secrets
EFFECT_KEEPEROFSECRETS,"Banish a card in your hand and replace it with a Mystic or Heavy Infantry.<br>If you play or have played a Mystic and a Heavy Infantry this turn, gain ${ICON_DEATH}."
CARDNAME_SIEGEMASTERSRAM,<size=104>S</size>iegemaster's Ram
EFFECT_SIEGEMASTERSRAM,"Once per turn, when you play a Mechana Construct (including this one) or if you control a Temple, gain ${ICON_POWER2}."
FLAVOR_SIEGEMASTERSRAM,"Knock, knock!"
CARDNAME_PATHFINDERSTOTEM,<size=104>P</size><space=-.2em>athfinder's Totem
EFFECT_PATHFINDERSTOTEM,"${LABEL_UNITE} Once per turn, gain ${ICON_RUNE1}. <i>(Gain this effect if you have played a Lifebound Hero this turn.)</i>"
FLAVOR_PATHFINDERSTOTEM,There is no place you can venture that the pathfinders have not already called home.
CARDNAME_DERANGEDDIRGE,<size=104>D</size>eranged Dirge
EFFECT_DERANGEDDIRGE,"Once per turn, gain ${ICON_POWER1}.<br>You may destroy this to banish a card in your hand or discard pile."
FLAVOR_DERANGEDDIRGE,The screams and wails weave a tortured hymn.
CARDNAME_TEMPLAROUTPOST,<size=104>T</size><space=-.15em>emplar Outpost
EFFECT_TEMPLAROUTPOST,"Once per turn, defeat a Monster in the center row with cost ${ICON_POWER4} or less without paying its cost."
FLAVOR_TEMPLAROUTPOST,The Eye's protection extends as far as it can see.
CARDNAME_ANCIENTSTAG,<size=104>A</size>ncient Stag
EFFECT_ANCIENTSTAG,Gain ${ICON_HONOR3}.<br>${LABEL_UNITE} Gain ${ICON_LIFE}.
FLAVOR_ANCIENTSTAG,"Instead of seeking the Temples themselves, the pathfinders sought the aid of the forest-dwellers."
CARDNAME_TUSKRIDER,<size=104>T</size><space=-.1em>uskrider
EFFECT_TUSKRIDER,Draw a card.<br>${LABEL_UNITE} Gain ${ICON_POWER4}.
FLAVOR_TUSKRIDER,Truffles and manflesh.
CARDNAME_STEELWEAVER,<size=104>S</size>teelweaver
EFFECT_STEELWEAVER,"Gain ${ICON_RUNE1}. Once this turn, when you acquire a Construct, put it directly into play.<br>You may pay ${ICON_INSIGHT1} to <b>Recur</b>. <i>(Gain the effect listed above an additional time. You may only Recur once.)</i>"
CARDNAME_DHARTHAMECHAMONK,"<size=104>D</size>hartha, Mechamonk"
EFFECT_DHARTHAMECHAMONK,"Once per turn, when you play a Mechana Construct (including this one), draw a card for each Mechana Construct your control."
CARDNAME_DREAMGUIDE,<size=104>D</size>ream Guide
EFFECT_DREAMGUIDE,Gain ${ICON_RUNE2} and ${ICON_INSIGHT1}.
FLAVOR_DREAMGUIDE,"At the edge of the world, she is a guide to everything beyond."
CARDNAME_EMMAIRONHEART,<size=104>E</size>mma Ironheart
EFFECT_EMMAIRONHEART,"Gain ${ICON_RUNE3}. If you control two or more Constructs, gain ${ICON_POWER3}.<br>You may pay ${ICON_INSIGHT3} to <b>Recur</b>."
CARDNAME_INFERNATEMPLAR,<size=104>I</size><space=-.1em>nferna Templar
EFFECT_INFERNATEMPLAR,"Draw a card.<br>If you control two or more Constructs, draw an additional card."
FATE_INFERNATEMPLAR,FATE: Auction ${ICON_INSIGHT} to gain the effect below.
CARDNAME_AEGISKNIGHT,<size=104>A</size>egis Knight
EFFECT_AEGISKNIGHT,"Banish a card in your hand or discard pile. If you do, replace it with a Mystic or Heavy Infantry."
FATE_AEGISKNIGHT,FATE: Auction ${ICON_INSIGHT} to gain the effect below.
CARDNAME_OGOWARTREE,<size=104>O</size>go War Tree
EFFECT_OGOWARTREE,"Once per turn, when you acquire a Hero in the center row, you may put it on top of your deck."
FLAVOR_OGOWARTREE,Safe travels!
CARDNAME_KORWORLDBREAKER,"<size=104>K</size>or, Worldbreaker"
EFFECT_KORWORLDBREAKER,"Gain ${ICON_RUNE2} and draw a card.<br>If you play or have played at least two other Lifebound Heroes this turn, gain ${ICON_POWER6}."
CARDNAME_DREAMSTONE,<size=104>D</size>ream Stone
EFFECT_DREAMSTONE,You may banish this to roll the Delirium Die.
FLAVOR_DREAMSTONE,Look upon what might have been and what may come to pass.
CARDNAME_LOADREAMDRAGON,"<size=104>L</size>oa, Dream Dragon"
EFFECT_LOADREAMDRAGON,Roll the Delirium Die.
FLAVOR_LOADREAMDRAGON,"His spirit, manifest through the Dreamscape."
CARDNAME_DREAMSCAPEDIVINER,<size=104>D</size>reamscape Diviner
EFFECT_DREAMSCAPEDIVINER,Gain ${ICON_INSIGHT2}.
FLAVOR_DREAMSCAPEDIVINER,Are you sure you want to know?
CARDNAME_CETRAVOIDMOTHER,"<size=104>C</size><space=-.05em>etra, V<space=-.1em>oidmother"
EFFECT_CETRAVOIDMOTHER,"Gain ${ICON_POWER4}.<br>The next time you defeat a Monster in the center row this turn, you may acquire a Hero without paying its cost and put it on top of your deck."
CARDNAME_EMRILIGHTBRINGER,"<size=104>E</size>mri, Lightbringer"
EFFECT_EMRILIGHTBRINGER,Defeat a Monster in the center row or the void without paying its cost. Put that Monster on the bottom of the center deck.
CARDNAME_DREAMEATER,<size=104>D</size>ream Eater
EFFECT_DREAMEATER,${LABEL_REWARD} Gain ${ICON_HONOR2} and ${ICON_INSIGHT1}.
FLAVOR_DREAMEATER,"The dream was painful, but the reality was torture."
CARDNAME_EVVYOGOSGIFT,"<size=104>E</size>vvy, Ogo's Gift"
EFFECT_EVVYOGOSGIFT,Acquire a Hero without paying its cost and put it on top of your deck.<br>You may pay ${ICON_INSIGHT3} to <b>Recur</b>. <i>(Gain the effect listed above an additional time. You may only Recur once.)</i>
CARDNAME_VINEWEAVER,<size=104>V</size><space=-.1em>ineweaver
EFFECT_VINEWEAVER,<br>Gain ${ICON_HONOR4}.<br><br>
FATE_VINEWEAVER,FATE: Auction ${ICON_INSIGHT} to gain the effect below.
CARDNAME_KARION,<size=104>K</size>arion
EFFECT_KARION,${LABEL_REWARD} Gain ${ICON_HONOR5} and ${ICON_INSIGHT10}.
FLAVOR_KARION,"The Dreamscape gate is corrupt, a hellish wound on two worlds."
CARDNAME_GLOVERDREAMTITAN,"<size=104>G</size>lover, Dream Titan"
EFFECT_GLOVERDREAMTITAN,${LABEL_REWARD} Gain ${ICON_HONOR7}.<br>Choose a player and take all of their ${ICON_INSIGHT} and a random card from their hand.<br>Add that card to your hand.
CARDNAME_DIVINEASKARA,<size=104>D</size>ivine Askara
EFFECT_DIVINEASKARA,Copy the effect of a Hero played this turn.<br>You may pay ${ICON_INSIGHT3} to copy the chosen effect twice instead.<br>This effect cannot be copied.
CARDNAME_SALVAGEYARD,<size=104>S</size>alvage Yard
EFFECT_SALVAGEYARD,"At the start of your turn, return this to your hand."
FLAVOR_SALVAGEYARD,Recycle. Rebuild. Reuse.
CARDNAME_CLOCKWORKHELM,<size=104>C</size>lockwork Helm
EFFECT_CLOCKWORKHELM,"Once per turn, when you play a Mechana Construct (including this one), gain ${ICON_INSIGHT1} for each Mechana Construct your control."
CARDNAME_ZISDREAMREAPER,"<size=104>Z</size>is, Dreamreaper"
EFFECT_ZISDREAMREAPER,${LABEL_REWARD} Gain ${ICON_HONOR5}. Take ${ICON_INSIGHT2} from each opponent.
FLAVOR_ZISDREAMREAPER,"As many ways to die, as there are dreams to be dreamt."
CARDNAME_DELIRIUMPIXIES,<size=104>D</size><space=-.05em>elirium Pixies
EFFECT_DELIRIUMPIXIES,${LABEL_REWARD} Gain ${ICON_HONOR2} and ${ICON_RUNE3}.
FLAVOR_DELIRIUMPIXIES,Come play with us.
CARDNAME_OAKOFSOULS,<size=104>O</size>ak of Souls
EFFECT_OAKOFSOULS,${LABEL_REWARD} Gain ${ICON_HONOR3}. Roll the Delirium Die.
FLAVOR_OAKOFSOULS,The result of conscious death in an unconscious world.
CARDNAME_DREADMARE,<size=104>D</size>readmare
EFFECT_DREADMARE,${LABEL_REWARD} Gain ${ICON_HONOR4} and ${ICON_INSIGHT3}.
FLAVOR_DREADMARE,A soul a day keeps the Dreadmare away.
CARDNAME_MAMMOTHBEETLE,<size=104>M</size>ammoth Beetle
EFFECT_MAMMOTHBEETLE,${LABEL_REWARD} Gain ${ICON_HONOR3}. Each opponent destroys a Construct they control. You may pay ${ICON_INSIGHT1} to have each opponent destroy an additional Construct they control.
CARDNAME_CLOCKWORKBLADE,<size=104>C</size>lockwork Blade
EFFECT_CLOCKWORKBLADE,"Once per turn, when you play a Mechana Construct (including this one), gain ${ICON_POWER1} for each Mechana Construct your control."
CARDNAME_NIHILCHEMIST,<size=104>N</size>ihil Chemist
EFFECT_NIHILCHEMIST,Gain ${ICON_POWER1}. You may banish a card in your hand or discard pile.<br>You may pay ${ICON_INSIGHT2} to <b>Recur</b>. <i>(Gain the effect listed an additional time. You may only Recur once.)</i>
CARDNAME_TEMPLARGENERAL,<size=104>T</size><space=-.2em>emplar General
EFFECT_TEMPLARGENERAL,"Defeat a Monster with cost ${ICON_POWER4} or less without paying its cost.<br>${LABEL_SERENITY} When you acquire this, put it in your hand."
CARDNAME_CLOCKWORKFAMILIAR,<size=104>C</size>lockwork Familiar
EFFECT_CLOCKWORKFAMILIAR,"Once per turn, when you play a Mechana Construct (including this one), gain ${ICON_RUNE1} for each Mechana Construct your control."
CARDNAME_BLEAKTOAD,<size=104>B</size>leaktoad
EFFECT_BLEAKTOAD,${LABEL_REWARD} Gain ${ICON_HONOR4}. You may banish a card in your hand or discard pile. You may pay ${ICON_INSIGHT2} to banish an additional card in your hand or discard pile.
CARDNAME_DREAMSCAPEDRYAD,<size=104>D</size>reamscape Dryad
EFFECT_DREAMSCAPEDRYAD,Gain ${ICON_HONOR3}.<br>You may pay ${ICON_INSIGHT3} to <b>Recur</b>. <i>(Gain the effect listed above an additional time. You may only Recur once.)</i>
CARDNAME_DEMONPUPS,<size=104>D</size><space=-.05em>emon Pups
EFFECT_DEMONPUPS,"${LABEL_REWARD} Gain ${ICON_HONOR1}. Draw a card. Then, you may pay ${ICON_INSIGHT1} to draw an additional card."
FLAVOR_DEMONPUPS,I just wanted to pet one!
CARDNAME_NILHAMMER,<size=104>N</size>ilhammer
EFFECT_NILHAMMER,"${LABEL_ECHO} Once per turn, gain ${ICON_POWER3}. <i>(Gain this effect if there is a Void card in your discard pile.)</i>"
FLAVOR_NILHAMMER,Need something that breaks bones and spirits?
CARDNAME_SHIELDBEARER,<size=104>S</size>hield Bearer
EFFECT_SHIELDBEARER,Draw a card.<br>You may banish a card in your hand or discard pile.
FATE_SHIELDBEARER,FATE: Auction ${ICON_INSIGHT} to gain the effect below.
CARDNAME_DELIRIUMNYMPH,<size=104>D</size><space=-.05em>elirium Nymph
EFFECT_DELIRIUMNYMPH,Gain ${ICON_RUNE1}.<br>${LABEL_UNITE} Draw 2 cards. <i>(Gain this effect once if you play or have played another Lifebound Hero this turn.)</i>
CARDNAME_ARBITERCIRCLET,<size=104>A</size>rbiter Circlet
EFFECT_ARBITERCIRCLET,"Once per turn, gain ${ICON_POWER1}."
FLAVOR_ARBITERCIRCLET,Demon bone and one hundred souls.
CARDNAME_SCRAPBOTSCRAPPER,<size=104>S</size>crapbot Scrapper
EFFECT_SCRAPBOTSCRAPPER,Gain ${ICON_POWER2}. You may return a Construct you control to your hand.
FLAVOR_SCRAPBOTSCRAPPER,One man's trash is another bot's weapon.
CARDNAME_CLOCKWORKSHIELD,<size=104>C</size>lockwork Shield
EFFECT_CLOCKWORKSHIELD,"Once per turn, when you play a Mechana Construct (including this one), gain ${ICON_HONOR1} for each Mechana Construct your control."
CARDNAME_NAKASHADEBORN,"<size=104>N</size>aka, Shadeborn"
EFFECT_NAKASHADEBORN,Gain ${ICON_POWER3}.<br>You may return a Void card in your discard pile to your hand.<br>You may pay ${ICON_INSIGHT3} to <b>Recur</b>.
CARDNAME_DARKTOMELIBRARIAN,<size=104>D</size><space=-.1em>arktome Librarian
EFFECT_DARKTOMELIBRARIAN,Gain ${ICON_INSIGHT2}.<br>You may banish a card in your hand or discard pile.
FLAVOR_DARKTOMELIBRARIAN,"Be careful, page six bites."
CARDNAME_VOIDSPEAKER,<size=104>V</size><space=-.1em>oidspeaker
EFFECT_VOIDSPEAKER,Gain ${ICON_POWER2}.<br>${LABEL_ECHO} Gain ${ICON_RUNE3}. <i>(Gain this effect if there is a Void card in your discard pile.)</i>
FLAVOR_VOIDSPEAKER,A ravenous appetite for human emotion.
CARDNAME_THEDRAGONSEYE,<size=104>T</size><space=-.1em>he Dragon's Eye
EFFECT_THEDRAGONSEYE,"When you play this, gain ${ICON_INSIGHT1}.<br>${LABEL_SERENITY} Once per turn, gain ${ICON_INSIGHT1}. <i>(Gain this effect if there are no cards in your discard pile.)</i>"
CARDNAME_VOIDRAGER,<size=104>V</size><space=-.1em>oidrager
EFFECT_VOIDRAGER,"Gain ${ICON_POWER2}. The next time you defeat a Monster in the center row this turn, gain ${ICON_INSIGHT1}."
CARDNAME_DREAMDEALER,<size=104>D</size>ream Dealer
EFFECT_DREAMDEALER,"Draw a card, then banish a card in the center row. Then, if there is an Enlightened, Lifebound, Mechana, AND Void card in the center row, roll the Delirium Die."
CARDNAME_TORMENTLEGIONARY,<size=104>T</size><space=-.2em>orment Legionary
EFFECT_TORMENTLEGIONARY,${LABEL_REWARD} Gain ${ICON_HONOR6}. Acquire a Dreamborn card in the center row without paying its cost.
FLAVOR_TORMENTLEGIONARY,"Boundless ambition, beyond death, beyond reality."
CARDNAME_POLLENPIXIE,<size=104>P</size><space=-.1em>ollen Pixie
EFFECT_POLLENPIXIE,Gain ${ICON_RUNE2} and ${ICON_HONOR1}.
FLAVOR_POLLENPIXIE,You're going to feel a little funny at first...
CARDNAME_DIMENSIONMONK,<size=104>D</size>imension Monk
EFFECT_DIMENSIONMONK,Draw a card.<br>You may pay ${ICON_INSIGHT1} to <b>Recur</b>. <i>(Gain the effect listed above an additional time. You may only Recur once.)</i>
CARDNAME_AETHERSPRINGWITCH,<size=104>Æ</size>therspring Witch
EFFECT_AETHERSPRINGWITCH,"Choose one: Gain ${ICON_HONOR3}, or acquire a Portal in the center row without paying its cost."
FLAVOR_AETHERSPRINGWITCH,The water pooled at the base of Yggdrasil offers reflections from the tree's entire lifespan.
CARDNAME_MILESGOLDENPRODIGY,"<size=104>M</size>iles, Golden Prodigy"
EFFECT_MILESGOLDENPRODIGY,"Draw a card.<br>Whenever you play a card of another faction this turn, draw a card. This only happens once per faction."
FLAVOR_MILESGOLDENPRODIGY,Only Dhartha fully understood the role the boy would come to play in the realms' distant future.
CARDNAME_CONTROLROOM,<size=104>C</size>ontrol Room
EFFECT_CONTROLROOM,"Once per turn, you may put a Mechana Construct you control on top of the center deck. If you do, acquire a Mechana Construct in the center row and put it in your hand."
CARDNAME_POTOFGOLD,<size=104>P</size>ot of Gold
EFFECT_POTOFGOLD,"When you play this, draw a card.  When you play a Leprechaun, gain ${ICON_HONOR1}."
FLAVOR_POTOFGOLD,"It's GOLD, baby!"
CARDNAME_MOONSTAFF,<size=104>M</size>oon Staff
EFFECT_MOONSTAFF,"Once per turn, you may spend ${ICON_RUNE4} to double your ${ICON_POWER}."
FLAVOR_MOONSTAFF,"In the full moon's light, nature's beauty can be a terror to behold ."
CARDNAME_NETHERSNARE,<size=104>N</size>ethersnare
EFFECT_NETHERSNARE,"Once per turn, if there is no Monster under this, you may put a Monster from the center row under it. You may defeat Monsters under this as though they were in the center row. If this leaves play, put any monster under this on top of the center deck."
CARDNAME_SOULCOLLECTOR,<size=104>S</size>oul Collector
EFFECT_SOULCOLLECTOR,"Once per turn, add a Soul counter to this if you've defeated a Monster in the center row.<br>Once per turn, gain ${ICON_POWER} equal to the number of Soul counters on this."
CARDNAME_DEEPDRONE,<size=104>D</size>eep Drone
EFFECT_DEEPDRONE,Gain ${ICON_RUNE2}.<br>Put the next construct you acquire this turn directly into play.
FLAVOR_DEEPDRONE,OBJECT RETRieveD.  UNKNOWNLIFE FORMs Detected. REquestinstructions.
CARDNAME_RATKING,<size=104>R</size>at King
EFFECT_RATKING,${LABEL_REWARD} Gain ${ICON_HONOR4} and defeat all Giant Rats in the center row.
FATE_RATKING,"${LABEL_FATE} When this enters the center row, place a Giant Rat on top of each other card in the center row."
CARDNAME_ARHASANCTUARY,<size=104>A</size>rha Sanctuary
EFFECT_ARHASANCTUARY,"When this enters play, put the top card of your deck under this face up.<br>Once per turn, you may swap a card in your hand for the card under Arha Sanctuary.<br>When Arha Sanctuary leaves play of the game ends, put the card under it into your discard pile."
CARDNAME_ASKARAOFFORTUNE,<size=104>A</size>skara of Fortune
EFFECT_ASKARAOFFORTUNE,Each player reveals the top card of their deck. Choose a Hero revealed this way and copy its effect.
FLAVOR_ASKARAOFFORTUNE,Fortune and choice are two sides of the same coin. The askara transcend all dualities.
CARDNAME_SPIRITOFTHEANCIENTS,<size=104>S</size>pirit of the Ancients
EFFECT_SPIRITOFTHEANCIENTS,Choose a Lifebound Hero from any Ascension expansion that hasn't been chosen this game. Copy the effect of the chosen Hero.
FLAVOR_SPIRITOFTHEANCIENTS,Look to the past for help with the future.
CARDNAME_CETRAGUIDEOFOGO,"<size=104>C</size>etra, Guide of Ogo"
EFFECT_CETRAGUIDEOFOGO,Acquire all Heroes in the center row without paying their costs. Put them on top of your deck in any order.
FLAVOR_CETRAGUIDEOFOGO,"Just as the stars guide travellers, Cetra guides the stars."
CARDNAME_LEPRECHAUN,<size=104>L</size>eprechaun
EFFECT_LEPRECHAUN,Gain ${ICON_RUNE2}.  Acquire a Pot of Gold from the End of the Rainbow or from another player's control.
FLAVOR_LEPRECHAUN,"In the Mushroom Dæl, with tobacco and honey on the breeze, may be found the half-shoe man."
CARDNAME_DESTROYERSGATE,<size=104>D</size>estroyer's Gate
EFFECT_DESTROYERSGATE,"After a certain amount of time, this transforms into something awesome!"
FLAVOR_DESTROYERSGATE,"""He will come in one of the pre-chosen forms."""
CARDNAME_ENDEROFDAYS,<size=104>E</size>nder of Days
EFFECT_ENDEROFDAYS,${LABEL_REWARD} Gain ${ICON_HONOR10}. Remove all ${ICON_HONOR} from the ${ICON_HONOR} Pool.
CARDNAME_TOLLMASTERKYLEK,<size=104>T</size>ollmaster Ky'lek
EFFECT_TOLLMASTERKYLEK,${LABEL_REWARD} Gain ${ICON_HONOR6}. Acquire all Portals in the center row without paying their costs.
FATE_TOLLMASTERKYLEK,${LABEL_FATE} Banish all other cards in the center row and replace them with Portals.
CARDNAME_AETHERRITUALIST,<size=104>Æ</size>ther Ritualist
EFFECT_AETHERRITUALIST,"Gain ${ICON_POWER2}.<br>The next time you defeat a Monster in the center row this turn, you may acquire a Portal without paying its cost."
CARDNAME_VEDAHSAGEOFSWORDS,"<size=104>V</size>edah, Sage of Swords"
EFFECT_VEDAHSAGEOFSWORDS,Reveal the top card of the center deck.  Draw it or defeat it without paying its cost.
FLAVOR_VEDAHSAGEOFSWORDS,"""I contemplated for a hundred years a single blade of grass. I made it my entire world, my only adversary. Then, I cut it down."""
CARDNAME_PATHWARDEN,<size=104>P</size>athwarden
EFFECT_PATHWARDEN,Gain ${ICON_RUNE2}.<br>You may spend ${ICON_RUNE} as though it was ${ICON_POWER} this turn.
FLAVOR_PATHWARDEN,Heroes dwell beyond the final turn in the road.
CARDNAME_HEDRONFLARE,<size=104>H</size>edron Flare
EFFECT_HEDRONFLARE,"Once per turn, you may acquire a Mechana Hero in the center row without paying its cost."
FLAVOR_HEDRONFLARE,Get Over Here!
CARDNAME_LOTUSSIREN,<size=104>L</size>otus Siren
EFFECT_LOTUSSIREN,"Gain ${ICON_RUNE2}.<br>Whenever you acquire a Hero or Treasure card from the center row this turn, gain ${ICON_HONOR1}. (Gain ${ICON_HONOR} for each card acquired.)"
CARDNAME_TEMPORALEXCAVATOR,<size=104>T</size>emporal Excavator
EFFECT_TEMPORALEXCAVATOR,"When this enters play, add a seventh card to the center row. When this leaves play, remove the seventh card from the center row."
FLAVOR_TEMPORALEXCAVATOR,everything that has happened before will happen again
CARDNAME_AETHERCURATOR,<size=104>Æ</size>ther Curator
EFFECT_AETHERCURATOR,Banish a card in the center row. Replace it with a Portal.<br>Draw a card.
FLAVOR_AETHERCURATOR,"""You need simply open a book and a new world awaits."""
CARDNAME_VOIDMESMER,<size=104>V</size>oid Mesmer
EFFECT_VOIDMESMER,"Gain ${ICON_POWER2}.<br>The next time you defeat a Monster this turn, you may acquire a Hero of equal or lesser cost."
FLAVOR_VOIDMESMER,Blood calls to blood.
CARDNAME_KYTHISTHEGATEKEEPER,"<size=104>K</size>ythis, the Gatekeeper"
EFFECT_KYTHISTHEGATEKEEPER,${LABEL_REWARD} Gain ${ICON_HONOR5} and acquire or defeat the card underneath this without paying its cost.
FATE_KYTHISTHEGATEKEEPER,"${LABEL_FATE} When this enters the center row, take the top card of the center deck and place it face down underneath this. If this leaves the center row, replace it with that card."
CARDNAME_AETHERCHANNELER,<size=104>Æ</size>ther Channeler
EFFECT_AETHERCHANNELER,"Banish a card from your hand. If you do, acquire a random Hero from any Ascension expansion without paying its cost. Put it into your hand."
FLAVOR_AETHERCHANNELER,"When plans fail, look to the chaos for answers."
CARDNAME_PORTAL,Portal
EFFECT_PORTAL,This is any Hero or Construct that could be found in the center deck of any Ascension set.
CARDNAME_EXPLOSIVESWARM,<size=104>E</size>xplosive Swarm
EFFECT_EXPLOSIVESWARM,"When an adjacent non-Monster space would be replaced, replace it with a copy of this Monster instead.<br>${LABEL_REWARD} Gain ${ICON_HONOR4}."
CARDNAME_RINGOFLIFE,<size=104>R</size>ing of Life
EFFECT_RINGOFLIFE,"Once per turn, if you have played a Lifebound Hero, gain ${ICON_RUNE1}. When Ring of Life enters play, choose a faction. Your Heroes of that factions are also Lifebound Heroes."
CARDNAME_JOURNEYMANSAGE,<size=104>J</size>ourneyman Sage
EFFECT_JOURNEYMANSAGE,"Banish a Hero in your hand.  If you do, acquire a Hero with ${ICON_HONOR} value up to one more than that of the banished card and put it in your hand."
FATE_JOURNEYMANSAGE,"${LABEL_FATE} When this enters the center row, each player may banish a Hero in their hand to acquire a Mystic or Heavy Infantry and add it to their hand."
CARDNAME_CONSTRICTINGHORROR,<size=104>C</size>onstricting Horror
EFFECT_CONSTRICTINGHORROR,${LABEL_REWARD} Gain ${ICON_HONOR4}. Reveal cards from the center deck until you reveal a Hero. Acquire that Hero without paying its cost and banish each other card revealed this way.
CARDNAME_GIANTRAT,<size=104>G</size>iant Rat
EFFECT_GIANTRAT,"Any card underneath Giant Rat cannot be acquired, banished, or defeated until Giant Rat is banished or defeated.<br>${LABEL_REWARD} Gain ${ICON_HONOR1}."
CARDNAME_ETERNALTORMENTOR,<size=104>E</size>ternal Tormentor
EFFECT_ETERNALTORMENTOR,Defeat a random Monster in the void without paying its costs and put it on the bottom of the center deck.
FLAVOR_ETERNALTORMENTOR,The voidspawn that aren't banished or destroyed are made to wish they had been.
CARDNAME_DAVIDPROPHETICGUIDE,"<size=104>D</size>avid, Prophetic Guide"
EFFECT_DAVIDPROPHETICGUIDE,"Draw three cards, then put two cards from your hand on top of your deck in any order."
FLAVOR_DAVIDPROPHETICGUIDE,Those with the gift of foresight often need help discerning the difference between what is and what will be.
CARDNAME_NOVABORNOFCHAOS,"<size=104>N</size>ova, Born of Chaos"
EFFECT_NOVABORNOFCHAOS,"${LABEL_REWARD} All players return all honor tokens to the honor pool. If the game would end this round, it does not end.<br>Gain ${ICON_HONOR10}."
FLAVOR_NOVABORNOFCHAOS,The beginning can be just as violent as the end.
CARDNAME_TINKERINGMONK,<size=104>T</size>inkering Monk
EFFECT_TINKERINGMONK,Gain ${ICON_RUNE2}.<br>You may have each player gain ${ICON_HONOR} equal to the number of Mechana Constructs they control.
FLAVOR_TINKERINGMONK,Something for Everyone
CARDNAME_ETHEREALHUNTRESS,<size=104>E</size>thereal Huntress
EFFECT_ETHEREALHUNTRESS,Gain ${ICON_POWER3}.<br>You may put a Monster from the Void on top of the center deck.
FLAVOR_ETHEREALHUNTRESS,Even death is no escape for her prey.
CARDNAME_DEFENDEROFVIGIL,<size=104>D</size>efender of Vigil
EFFECT_DEFENDEROFVIGIL,Gain ${ICON_RUNE2} and ${ICON_POWER2}.<br>Gain ${ICON_RUNE1} for each Apprentice you play or have played this turn.<br>Gain ${ICON_POWER1} for each Militia you play or have played this turn.
CARDNAME_NINE,<size=104>N.I.N.E.</size>
EFFECT_NINE,"Gain ${ICON_RUNE2}.<br>When you play a Mechana Construct, you may return this from your discard pile to your hand. <i>(Cards played during your turn do not go to your discard pile until the end of the turn.)</i>"
FLAVOR_NINE,The leading cause of death on Hedron?  Curiosity.
CARDNAME_FORRESTBEASTWARDEN,"<size=104>F</size>orrest, Beastwarden"
EFFECT_FORRESTBEASTWARDEN,"Gain ${ICON_RUNE2}.<br>Once this turn, you may acquire a Hero in the void as though it were in the center row."
FLAVOR_FORRESTBEASTWARDEN,True loyalty is eternal.
CARDNAME_CHAOSRIDER,<size=104>C</size>haos Rider
EFFECT_CHAOSRIDER,Gain ${ICON_POWER3}.<br>You may return a Void card from your discard pile to your hand.
FLAVOR_CHAOSRIDER,Be careful who you follow into battle.
CARDNAME_LUNARMATRIARCH,<size=104>L</size>unar Matriarch
EFFECT_LUNARMATRIARCH,"Gain ${ICON_HONOR5}.<br>Once this turn, you may pay up to ${ICON_RUNE5} to gain that much ${ICON_HONOR}."
FLAVOR_LUNARMATRIARCH,She brings rest to those who know it least.
CARDNAME_DREAMCHAMBERDISCIPLES,<size=104>D</size><space=-.15em>ream Chamber Disciples
EFFECT_DREAMCHAMBERDISCIPLES,Draw a card.<br>${LABEL_SERENITY} Gain ${ICON_INSIGHT2}. (<i>Gain this effect if there are no cards in your discard pile.</i>)
FLAVOR_DREAMCHAMBERDISCIPLES,The Arha teach us that in time all traditions<br>break under the weight of principle.
CARDNAME_FAERIECOMMANDER,<size=104>F</size><space=-.1em>aerie Commander
EFFECT_FAERIECOMMANDER,"Gain ${ICON_RUNE2}. The next time you acquire a Hero in the center row this turn, gain ${ICON_POWER2}."
FLAVOR_FAERIECOMMANDER,He was found dead in the forest:<br>a million little cuts.
CARDNAME_PSYCHEASKARA,<size=104>P</size><space=-.1em>syche Askara
EFFECT_PSYCHEASKARA,Copy the effect of a Hero you have played this turn or a Monster Reward you have gained this turn.
CARDNAME_CORITEMECHANADON,<size=104>C</size>orite Mechanadon
EFFECT_CORITEMECHANADON,"${LABEL_PHANTASM}While this is in the center row, you may pay ${ICON_INSIGHT2} to banish and play this.<br>Gain ${ICON_RUNE1} and ${ICON_POWER1}."
CARDNAME_INVOKIST,<size=104>I</size>nvokist
EFFECT_INVOKIST,"${LABEL_PHANTASM}While this is in the center row, you may pay ${ICON_INSIGHT4} to banish and play this.<br>Gain ${ICON_POWER3}."
FLAVOR_INVOKIST,"Fear has a face.
Allow me to show it to you."
CARDNAME_ZINTASBRACERS,<size=104>Z</size>inta's Bracers
EFFECT_ZINTASBRACERS,"Once per turn, if you have gained ${ICON_INSIGHT2} or more, gain ${ICON_POWER2}."
FLAVOR_ZINTASBRACERS,Zinta reached into the<br>Void and from it pulled daggers.
CARDNAME_BLACKWATCHDREAMER,<size=104>B</size>lackwatch Dreamer
EFFECT_BLACKWATCHDREAMER,"${LABEL_PHANTASM}While this is in the center row, you may pay ${ICON_INSIGHT2} to banish and play this.<br>Gain ${ICON_POWER1}. You may banish a card in your hand or discard pile."
CARDNAME_PASYTHEASKATANA,<size=104>P</size><space=-.2em>asythea's Katana
EFFECT_PASYTHEASKATANA,"This Construct counts as all factions.<br>When you play this, draw a card.<br>Pasythea costs you ${ICON_INSIGHT4} less to acquire."
CARDNAME_PASYTHEASCUTLASS,<size=104>P</size><space=-.2em>asythea's Cutlass
EFFECT_PASYTHEASCUTLASS,"This Construct counts as all factions.<br>When you play this, gain ${ICON_POWER2}.<br>Pasythea costs you ${ICON_INSIGHT4} less to acquire."
CARDNAME_PSYONICPALADIN,<size=104>P</size><space=-.1em>syonic Paladin
EFFECT_PSYONICPALADIN,Defeat a Monster in the center row without paying its cost.
FLAVOR_PSYONICPALADIN,"As the armor is shaped by our thoughts,<br>the sword is directed by our will."
CARDNAME_DREAMTITAN,<size=104>D</size>ream Titan
EFFECT_DREAMTITAN,${LABEL_REWARD} Gain ${ICON_HONOR6}.
FLAVOR_DREAMTITAN,A gold giant: taller than the mountains<br>and silent as the sun.
CARDNAME_ENTROPHANTASM,<size=104>E</size>ntrophantasm
EFFECT_ENTROPHANTASM,Gain ${ICON_RUNE1} and ${ICON_INSIGHT1}.<br>${LABEL_UNITE} Draw a card. (<i>Gain this effect if you play or have played another Lifebound Hero this turn.</i>)
CARDNAME_DREAMANCHOR,<size=104>D</size>ream Anchor
EFFECT_DREAMANCHOR,"${LABEL_PLUNDER}Once per turn, if you acquire a card AND defeat a Monster, both in the center row, gain ${ICON_INSIGHT2}."
CARDNAME_EMMASVOIDCYCLER,<size=104>E</size>mma's Voidcycler
EFFECT_EMMASVOIDCYCLER,"Once per turn, gain ${ICON_RUNE1} for each Transformed Mechana Construct you control."
FLAVOR_EMMASVOIDCYCLER,"""This proves it. Emma,<br>you're a genius."" - Emma Ironheart"
CARDNAME_CONTROLSMITH,<size=104>C</size>ontrolsmith
EFFECT_CONTROLSMITH,"Gain ${ICON_RUNE2}. If you control a Transformed Construct, draw a card."
FLAVOR_CONTROLSMITH,She dreamt of iron and glory.
CARDNAME_DREAMSCARREDHUNTER,<size=104>D</size><space=-.1em>reamscarred Hunter
EFFECT_DREAMSCARREDHUNTER,"Draw a card.<br>${LABEL_PLUNDER}This turn, if you acquire a card AND defeat a Monster, both in the center row, gain ${ICON_HONOR3}."
CARDNAME_AETHERWARRIOR,<size=104>A</size>ether Warrior
EFFECT_AETHERWARRIOR,"${LABEL_PHANTASM}While this is in the center row, you may pay ${ICON_INSIGHT5} to banish and play this.<br>Draw two cards."
FLAVOR_AETHERWARRIOR,My blade severs both flesh and soul.
CARDNAME_EMMASTELETRANSMITTER,<size=104>E</size>mma's Teletransmitter
EFFECT_EMMASTELETRANSMITTER,"Once per turn, gain ${ICON_HONOR1} for each Transformed Mechana Construct you contol."
FLAVOR_EMMASTELETRANSMITTER,"""Why in the five hells would I be calling you if<br>I didn't need help?"" - Emma Ironheart"
CARDNAME_DREADMAGE,<size=104>D</size>readmage
EFFECT_DREADMAGE,"${LABEL_REWARD} Gain ${ICON_HONOR2} and draw two cards.<br>${LABEL_DREAMBIND} ${ICON_INSIGHT4}. (<i>When you defeat this, you may pay its Dreambind cost. If you do, put this in your discard pile. When you play this, gain its Reward.</i>)"
CARDNAME_MECHANNONBLUEPRINT,<size=104>M</size>echannon Blueprint
EFFECT_MECHANNONBLUEPRINT,You may pay ${ICON_INSIGHT5} to transform this into Emma's Mechannon.
FLAVOR_MECHANNONBLUEPRINT,"""I wonder what kind of dent this thing is<br>going to make."" - Emma Ironheart"
CARDNAME_DREAMTYRANT,<size=104>D</size>ream Tyrant
EFFECT_DREAMTYRANT,${LABEL_REWARD} Gain ${ICON_HONOR5} and ${ICON_INSIGHT5}.
FLAVOR_DREAMTYRANT,The manifestation of a forest's vengeful dreams.
CARDNAME_EMMASMECHANNON,<size=104>E</size>mma's Mechannon
EFFECT_EMMASMECHANNON,"Once per turn, gain ${ICON_POWER1} for each Transformed Mechana Construct you control."
FLAVOR_EMMASMECHANNON,"""Did anyone see that? I put a hole in that mountain!"" - Emma Ironheart"
CARDNAME_TELETRANSMITTERBLUEPRINT,<size=104>T</size><space=-.2em>eletransmitter Blueprint
EFFECT_TELETRANSMITTERBLUEPRINT,You may pay ${ICON_INSIGHT5} to transform this into Emma's Teletransmitter.
FLAVOR_TELETRANSMITTERBLUEPRINT,"""It's like telepathy, but less effective.""<br>- Emma Ironheart"
CARDNAME_NIGHTMARAUDERS,<size=104>N</size>ightmarauders
EFFECT_NIGHTMARAUDERS,${LABEL_REWARD} Gain ${ICON_HONOR1} and ${ICON_INSIGHT1}.
FLAVOR_NIGHTMARAUDERS,They're everywhere!
CARDNAME_RIVERREAPER,<size=104>R</size>iver Reaper
EFFECT_RIVERREAPER,${LABEL_REWARD} Gain ${ICON_HONOR6}. Each opponent destroys all but one Construct they control.
FLAVOR_RIVERREAPER,"Something is hunting the bears,<br>but we know not what."
CARDNAME_RAKARCORRUPTASKARA,"<size=104>R</size>akar, Corrupt Askara"
EFFECT_RAKARCORRUPTASKARA,${LABEL_REWARD} Gain ${ICON_HONOR6}. Add a Dreambind Monster in the Void to your hand.
FLAVOR_RAKARCORRUPTASKARA,All things can corrupt when<br>minds are prone to evil.
CARDNAME_NAKAEMRISCHOSEN,"<size=104>N</size><space=-.1em>aka, Emri's Chosen"
EFFECT_NAKAEMRISCHOSEN,"Gain ${ICON_POWER4}.<br>This turn, you may pay ${ICON_INSIGHT0} for Dreambind costs."
CARDNAME_EMRISOULSTEALER,"<size=104>E</size>mri, Soulstealer"
EFFECT_EMRISOULSTEALER,"Gain ${ICON_POWER5}. If there are 10 or more Monsters in the Void, gain ${ICON_POWER10} instead."
FLAVOR_EMRISOULSTEALER,"Another day, another demigod."
CARDNAME_CAARODESERTBREAKER,"<size=104>C</size>aaro, Desert Breaker"
EFFECT_CAARODESERTBREAKER,"${LABEL_REWARD} Gain ${ICON_HONOR4}. For each opponent, you choose and destroy a Construct they control.<br>${LABEL_DREAMBIND} ${ICON_INSIGHT2}"
CARDNAME_PASYTHEATHEREDEEMED,"<size=104>P</size><space=-.4em>asythea, The Redeemed"
EFFECT_PASYTHEATHEREDEEMED,"This Hero counts as all factions.<br>When you acquire this, it goes directly to your hand.<br>Gain ${ICON_RUNE2}, ${ICON_POWER2}, ${ICON_HONOR2} and draw a card."
CARDNAME_PASYTHEASSCIMITAR,<size=104>P</size><space=-.2em>asythea's Scimitar
EFFECT_PASYTHEASSCIMITAR,"This Construct counts as all factions.<br>When you play this, gain ${ICON_HONOR2}.<br>Pasythea costs you ${ICON_INSIGHT4} less to acquire."
CARDNAME_LYCHANBEAST,<size=104>L</size>ychan Beast
EFFECT_LYCHANBEAST,Gain ${ICON_RUNE3} and ${ICON_POWER3}.
FLAVOR_LYCHANBEAST,They'll never see me coming.
CARDNAME_WARPROGUE,<size=104>W</size><space=-.1em>arprogue
EFFECT_WARPROGUE,${LABEL_REWARD} Gain ${ICON_HONOR3}. Take ${ICON_INSIGHT1} from an opponent.<br>${LABEL_DREAMBIND} ${ICON_INSIGHT3}.
FLAVOR_WARPROGUE,A wish granted is a dream destroyed.
CARDNAME_DEMONHUNTER,<size=104>D</size>emon Hunter
EFFECT_DEMONHUNTER,"While this is in your hand, you may pay ${ICON_INSIGHT8} to transform it into Demon Master.<br>Gain ${ICON_POWER2}."
FLAVOR_DEMONHUNTER,Good. Bad. I'm the one with the sword.
CARDNAME_VOIDCYCLERBLUEPRINT,<size=104>V</size><space=-.2em>oidcycler Blueprint
EFFECT_VOIDCYCLERBLUEPRINT,You may pay ${ICON_INSIGHT5} to transform this into Emma's Voidcycler.
FLAVOR_VOIDCYCLERBLUEPRINT,"""Hopefully this one doesn't blow up, I just grew my<br>eyebrows back."" - Emma Ironheart"
CARDNAME_RUTOAKENMASTER,"<size=104>R</size>ūt, Oaken Master"
EFFECT_RUTOAKENMASTER,"Gain ${ICON_HONOR3} and draw a card.<br>${LABEL_PLUNDER}Once per turn, if you acquire a card AND defeat a Monster, both in the center row, gain an additional ${ICON_HONOR3}."
CARDNAME_DREAMWALKER,<size=104>D</size>reamwalker
EFFECT_DREAMWALKER,"Banish a card in the center row.<br>If it is replaced by a Monster, gain ${ICON_INSIGHT2}.<br>If it is replaced by a Hero, gain ${ICON_HONOR2}.<br>If it is replaced by a Construct, draw 2 cards."
CARDNAME_PSYONICAPPRENTICE,<size=104>P</size><space=-.2em>syonic Apprentice
EFFECT_PSYONICAPPRENTICE,"While this is in your hand, you may pay ${ICON_INSIGHT7} to transform it into Psyonic Paladin.<br>Defeat a Monster with cost ${ICON_POWER4} or less without paying its cost."
CARDNAME_TERMINITES,<size=104>T</size><space=-10>erminites
EFFECT_TERMINITES,${LABEL_REWARD} Gain ${ICON_HONOR3}. Each opponent destroys the lowest cost Construct they control.
FLAVOR_TERMINITES,"They're just bugs, soldier. How big could they be?"
CARDNAME_NILIATHESHATTERED,"<size=104>N</size>ilia, The Shattered"
EFFECT_NILIATHESHATTERED,${LABEL_REWARD} Gain ${ICON_HONOR5}. Take a card at random from an opponent's hand and add that card to your hand.<br>${LABEL_DREAMBIND} ${ICON_INSIGHT7}.
CARDNAME_DEMONMASTER,<size=104>D</size>emon Master
EFFECT_DEMONMASTER,Gain ${ICON_POWER5}. You may banish a card in your hand or discard pile.
FLAVOR_DEMONMASTER,"The job is tough, but the smell is worse."
CARDNAME_NIHILBOMBER,<size=104>N</size>ihil Bomber
EFFECT_NIHILBOMBER,"Draw a card. You may banish a card in your hand or discard pile. If you do, gain ${ICON_INSIGHT1}."
FLAVOR_NIHILBOMBER,Bomb for you... bomb for you...<br>and bomb for you.
CARDNAME_WEREBOAR,<size=104>W</size><space=-.1em>ereboar
EFFECT_WEREBOAR,Gain ${ICON_POWER2}.<br>${LABEL_UNITE} Gain ${ICON_RUNE3}.
CARDNAME_WARPDRUID,<size=104>W</size><space=-.1em>arpdruid
EFFECT_WARPDRUID,${LABEL_REWARD} Gain ${ICON_HONOR2}. You may banish a card in your hand or discard pile.<br>${LABEL_DREAMBIND} ${ICON_INSIGHT1}.
FLAVOR_WARPDRUID,Bark split flesh as<br>muscle hardened to wood.
CARDNAME_VOIDAMATHYSTDEFENDER,<size=104>V</size><space=-.3em>oid Amathyst Defender
EFFECT_VOIDAMATHYSTDEFENDER,Gain ${ICON_POWER2}.<br>${LABEL_ECHO} Gain ${ICON_INSIGHT2}. (<i>Gain this effect if there is a Void card in your discard pile.</i>)
CARDNAME_THEIRONHEART,<size=104>T</size>he Ironheart
EFFECT_THEIRONHEART,"Once per turn, gain ${ICON_RUNE3}, ${ICON_POWER3}, and ${ICON_HONOR3}."
FLAVOR_THEIRONHEART,"""I don't care how many tentacles you have.<br>I have an airship!"" - Emma Ironheart"
CARDNAME_IRONHEARTBLUEPRINT,<size=104>I</size>ronheart Blueprint
EFFECT_IRONHEARTBLUEPRINT,"You may pay ${ICON_INSIGHT15} to transform this into The Ironheart.<br>Once per turn, gain ${ICON_INSIGHT1} for each Mechana Construct you contol."
CARDNAME_STONEARTIFICERS,<size=104>S</size>tone Artificers
EFFECT_STONEARTIFICERS,Gain ${ICON_RUNE2}. You may put the next Construct you acquire this turn directly into play.
CARDNAME_GEARSEER,<size=104>G</size>earseer
EFFECT_GEARSEER,"${LABEL_PHANTASM}While this is in the center row, you may pay ${ICON_INSIGHT6} to banish and play this.<br>Gain ${ICON_RUNE3}."
FLAVOR_GEARSEER,The only difference between<br>genius and madness is execution.
CARDNAME_LYCHANRANGER,<size=104>L</size>ychan Ranger
EFFECT_LYCHANRANGER,"While this is in your hand, you may pay ${ICON_INSIGHT6} to transform it into Lychan Beast.<br>Gain ${ICON_RUNE2} and ${ICON_POWER2}."
CARDNAME_DREAMSEEKER,<size=104>D</size>reamseeker
EFFECT_DREAMSEEKER,Gain ${ICON_INSIGHT1} and draw a card.
FLAVOR_DREAMSEEKER,Dreams maketh and dreams breaketh.
CARDNAME_DREAMSEEKERSTART,<size=104>D</size>reamseeker
EFFECT_DREAMSEEKERSTART,Gain ${ICON_INSIGHT1} and draw a card.
FLAVOR_DREAMSEEKERSTART,Dreams maketh and dreams breaketh.
CARDNAME_AZURITECHANNELER,<size=104>A</size>zurite Channeler
EFFECT_AZURITECHANNELER,"Banish a card in your hand and replace it with a Mystic or Heavy Infantry.<br>${LABEL_PLUNDER}This turn, if you acquire a card AND defeat a Monster, both in the center row, gain ${ICON_INSIGHT2}."
CARDNAME_EMMASWORKSHOP,<size=104>E</size>mma's Workshop
EFFECT_EMMASWORKSHOP,"Once per turn, you may transform a Mechana Construct without paying its cost."
FLAVOR_EMMASWORKSHOP,"""This place is falling apart.<br>It's perfect."" - Emma Ironheart"
CARDNAME_TREEOFBOUNTY,<size=104>T</size><space=-.1em>ree of Bounty
EFFECT_TREEOFBOUNTY,"${LABEL_PLUNDER}Once per turn, if you acquire a card AND defeat a Monster, both in the center row, gain ${ICON_HONOR3}."
CARDNAME_OBFUSCASPIRIT,<size=104>O</size>bfusca Spirit
EFFECT_OBFUSCASPIRIT,${LABEL_REWARD} Gain ${ICON_HONOR4}. Choose an opponent to discard a card at random from their hand.<br>${LABEL_DREAMBIND} ${ICON_INSIGHT4}.
FLAVOR_OBFUSCASPIRIT,Love is a dream. Love is a nightmare.
CARDNAME_DHARTHADREAMMASTER,"<size=104>D</size>hartha, Dream Master"
EFFECT_DHARTHADREAMMASTER,"${LABEL_PHANTASM}While this is in the center row, you may pay ${ICON_INSIGHT9} to banish and play this.<br>Acquire a card in the center row without paying its cost and put it in your hand."
CARDNAME_PASYTHEASMACE,<size=104>P</size><space=-.1em>asythea's Mace
EFFECT_PASYTHEASMACE,"This Construct counts as all factions.<br>When you play this, gain ${ICON_RUNE2}.<br>Pasythea costs you ${ICON_INSIGHT4} less to acquire."
CARDNAME_GREENSPRITELINGS,<size=104>G</size>reen Spritelings
EFFECT_GREENSPRITELINGS,"${LABEL_PHANTASM}While this is in the center row, you may pay ${ICON_INSIGHT4} to banish and play this.<br>Gain ${ICON_HONOR3}."
CARDNAME_TEMPLEOFARHA,<size=104>T</size>emple of Arha
EFFECT_TEMPLEOFARHA,"Once per turn, if you have played a Mystic or Heavy Infantry, you may draw a card."
FLAVOR_TEMPLEOFARHA,An impossible place to ponder the impossible.
CARDNAME_FAITHFULGUIDE,<size=104>F</size>aithful Guide
EFFECT_FAITHFULGUIDE,"Draw a card. If you play or have played a Mystic or Heavy Infantry this turn, gain ${ICON_HONOR2}."
FLAVOR_FAITHFULGUIDE,"""I stood at the mountiantop, held out the Eye, and finally saw the world."""
CARDNAME_TEYNWOLFKING,"<size=104>T</size>eyn, Wolf King"
EFFECT_TEYNWOLFKING,"Gain ${ICON_RUNE4}.<br>${LABEL_UNITE} If you play or gave played a Lifebound Hero this turn, gain ${ICON_POWER4}."
FLAVOR_TEYNWOLFKING,Teyn's army arrives hungry for war and leaves full of meat.
CARDNAME_PIERCINGEYEETER,<size=104>P</size>iercing Eye
EFFECT_PIERCINGEYEETER,"Once per turn, if you have defeated a Monster in the center row, you may draw a card."
FLAVOR_PIERCINGEYEETER,"""The eye will guide you where your own cannot."""
CARDNAME_MASTERDHARTHAETER,<size=104>M</size>aster Dhartha
EFFECT_MASTERDHARTHAETER,Draw three cards.
FLAVOR_MASTERDHARTHAETER,"At the height of the war, the Godslayer ascended six-thousand, six-hundred sixty-six steps to seek Dhartha's counsel, only to be turned away."
CARDNAME_ARHAMEDIUMETER,<size=104>A</size>rha Medium
EFFECT_ARHAMEDIUMETER,You may banish this to acquire a Mystic or Heavy Infantry for free and add it to your hand.
FLAVOR_ARHAMEDIUMETER,"""There is no self, only purpose."" -- Master Dhartha"
CARDNAME_ELDERSKEPTICETER,<size=104>E</size>lder Skeptic
EFFECT_ELDERSKEPTICETER,"Draw two cards, then discard a card."
FLAVOR_ELDERSKEPTICETER,"Ezem read briefly, and then ruefully dropped the scroll.""It astounds me,"" he muttered, ""what passes for an idea in this land."""
CARDNAME_ARHASENSEIETER,<size=104>A</size>rha Sensei
EFFECT_ARHASENSEIETER,"Banish a card in your hand. If you do, acquire a Mystic or Heavy Infantry for free and add it to your hand."
FLAVOR_ARHASENSEIETER,"""You do not see your own potential because you seek it out. It already lies within, you need only accept it."""
CARDNAME_FISTOFTHEDRAGONETER,<size=104>F</size>ist of the Dragon
EFFECT_FISTOFTHEDRAGONETER,"Draw a card. Banish a card in the center row. If the next card to enter the center row is a Monster, defeat it for free."
CARDNAME_OZIAHTHEPEERLESSETER,<size=104>O</size>ziah the Peerless
EFFECT_OZIAHTHEPEERLESSETER,Defeat a Monster with cost ${ICON_POWER6} or less for free.
FLAVOR_OZIAHTHEPEERLESSETER,"""Child, this new world must have north and south, east and west,"" Logos said. Oziah drew his sword and cut twice.<br>""Father, it is done,"" he replied."
CARDNAME_EVERBLOOMETER,<size=104>E</size>verbloom
EFFECT_EVERBLOOMETER,"Once per turn, gain ${ICON_HONOR1}."
FLAVOR_EVERBLOOMETER,"The first Everbloom seedlings were gifted to heroes of the Second War, who planted them near the capital to encourage the healing of the land."
CARDNAME_AIYANASMESSENGERETER,<size=104>A</size>iyana's Messenger
EFFECT_AIYANASMESSENGERETER,Gain ${ICON_RUNE1}.<br>You may pay ${ICON_RUNE1} less the next time you aquire a Hero this turn.
FLAVOR_AIYANASMESSENGERETER,"On cloudy nights in Ogo, the stars have couriers."
CARDNAME_CHEERFULCONSORTETER,<size=104>C</size>heerful Consort
EFFECT_CHEERFULCONSORTETER,Gain ${ICON_HONOR1}.<br>Draw a card.
FLAVOR_CHEERFULCONSORTETER,Her bright demeanor spreads warmth throughout Alosya.
CARDNAME_ANIMUSOFTHEWILDETER,<size=104>A</size>nimus of the Wild
EFFECT_ANIMUSOFTHEWILDETER,Gain ${ICON_RUNE2}.<br>You may pay ${ICON_RUNE1} less the next time you acquire a Hero this turn.
FLAVOR_ANIMUSOFTHEWILDETER,Even the trees of Ogo have something to teach if you listen long enough.
CARDNAME_KIRIMEADOWWITCHETER,"<size=104>K</size>iri, Meadow Witch"
EFFECT_KIRIMEADOWWITCHETER,"Draw a card.<br>${LABEL_UNITE} If you play or have played a Lifebound Hero this turn, gain ${ICON_HONOR5}."
FLAVOR_KIRIMEADOWWITCHETER,Her domain offers tranquility when everyplace else is embroiled in turmoil.
CARDNAME_RUNICLYCANTHROPEETER,<size=104>R</size>unic Lycanthrope
EFFECT_RUNICLYCANTHROPEETER,"Gain ${ICON_RUNE2}.<br>${LABEL_UNITE} If you play or have played a Lifebound Hero this turn, gain ${ICON_POWER2}."
FLAVOR_RUNICLYCANTHROPEETER,"""Senses. Speed. Reflexes. Cunning. Only a fool would call this a curse."""
CARDNAME_ROCKETCOURIERX99ETER,<size=104>R</size>ocket Courier X-99
EFFECT_ROCKETCOURIERX99ETER,"Once per turn, when you acquire a Mechana Construct, you may put it into your hand."
FLAVOR_ROCKETCOURIERX99ETER,You've got mail!
CARDNAME_WORKSHOPGARGOYLEETER,<size=104>W</size>orkshop Gargoyle
EFFECT_WORKSHOPGARGOYLEETER,"Once per turn, when you acquire a Mechana card, gain ${ICON_HONOR1}."
FLAVOR_WORKSHOPGARGOYLEETER,They would be more helpful if they weren't nuts
CARDNAME_PROCESSINGHUBETER,<size=104>P</size>rocessing Hub
EFFECT_PROCESSINGHUBETER,"Once per turn, if you control three or more Mechana Constructs, gain ${ICON_RUNE2}."
FLAVOR_PROCESSINGHUBETER,The tinkerers could no longer distinguish their own thoughts from those of the machine.
CARDNAME_COMBUSTIONIDOLETER,<size=104>C</size>ombustion Idol
EFFECT_COMBUSTIONIDOLETER,"Once per turn, if you control three or more Mechana Constructs, you may draw a card."
FLAVOR_COMBUSTIONIDOLETER,Warning:<br>Non-organic offerings only!
CARDNAME_PLASMACANNONETER,<size=104>P</size>lasma Cannon
EFFECT_PLASMACANNONETER,"Once per turn, if you control four or more Mechana Constructs, you may acquire or defeat any card in the center row for free."
CARDNAME_KORMASTERINNOVATOR,"<size=104>K</size>or, Master Innovator"
EFFECT_KORMASTERINNOVATOR,"Gain ${ICON_POWER4}.<br>If you control two or more Constructs, draw two cards."
FLAVOR_KORMASTERINNOVATOR,"Where you see nature, I see raw materials."
CARDNAME_BATTERYMONKETER,<size=104>B</size>attery Monk
EFFECT_BATTERYMONKETER,Draw a card..<br>You may pay ${ICON_RUNE1} less the next time you acquire a Construct this turn.
FLAVOR_BATTERYMONKETER,Level 6 - Clarity.<br>Level 7 - Epiphany.<br>Level 8 - Martyrdom.
CARDNAME_DIMENSIONDIVERETER,<size=104>D</size>imension Diver
EFFECT_DIMENSIONDIVERETER,Gain ${ICON_RUNE2}.<br>You may treat all Constructs as Mechana Constructs this turn.
FLAVOR_DIMENSIONDIVERETER,The great seal has fallen. Exploration project approved.
CARDNAME_SHADOWSTARETER,<size=104>S</size>hadow Star
EFFECT_SHADOWSTARETER,"Once per turn, gain ${ICON_POWER1}."
FLAVOR_SHADOWSTARETER,"""Just be careful when you throw it, Godslayer,"" the weaponmaster said with a frown.  ""It will not suffer a wielder with poor aim."""
CARDNAME_UMBRALEDGEETER,<size=104>U</size>mbral Edge
EFFECT_UMBRALEDGEETER,"Once per turn, gain ${ICON_POWER2}.  Gain an additional ${ICON_POWER2} if you control Penumbral Edge."
FLAVOR_UMBRALEDGEETER,"""He cannot hide from me, who has seen what lies beyond the last horizon."" -- Emri"
CARDNAME_PENUMBRALEDGEETER,<size=104>P</size><space=-.1em>enumbral Edge
EFFECT_PENUMBRALEDGEETER,"Once per turn, gain ${ICON_POWER2}.  Gain an additional ${ICON_POWER2} if you control Umbral Edge."
FLAVOR_PENUMBRALEDGEETER,"""Kythis has fled, and the souls of the damned howl against Deofol's untended gate."" -- Sadranis"
CARDNAME_SHADOWBLADESENTRY,<size=104>S</size>hadowblade Sentry
EFFECT_SHADOWBLADESENTRY,"Gain ${ICON_POWER3}.<br>${LABEL_ECHO} if there is a Void card in your discard pile, draw a card."
FLAVOR_SHADOWBLADESENTRY,"When a lock is not enough, try a Shadowblade Sentry."
CARDNAME_SPIKEVIXENETER,<size=104>S</size>pike Vixen
EFFECT_SPIKEVIXENETER,Gain ${ICON_POWER1}.<br>Draw a card.
FLAVOR_SPIKEVIXENETER,"If there is beauty in death, then the Spike Vixens are a sight to behold."
CARDNAME_ABOLISHERETER,<size=104>A</size>bolisher
EFFECT_ABOLISHERETER,"Gain ${ICON_RUNE1}.<br>You may banish a card in your hand. If you do, gain an additional ${ICON_RUNE1}."
FLAVOR_ABOLISHERETER,The souls were too many for the Arbiter castes to erase.
CARDNAME_NIHILMANCERETER,<size=104>N</size>ihilmancer
EFFECT_NIHILMANCERETER,"Gain ${ICON_POWER2}.<br>You may banish a card in your hand. If you do, gain an additional ${ICON_POWER1}."
FLAVOR_NIHILMANCERETER,"Sadranis formed his own clan of demon slayers, a sorcerous parallel to the Black Watch."
CARDNAME_VOIDSPEAKERETER,<size=104>V</size>oidspeaker
EFFECT_VOIDSPEAKERETER,"Gain ${ICON_POWER2}.<br>${LABEL_ECHO} If there is a Void card in your discard pile, gain ${ICON_RUNE3}."
FLAVOR_VOIDSPEAKERETER,A ravenous appetite for human emotion.
CARDNAME_XERONDUKEOFLIESETER,"<size=104>X</size>eron, Duke of Lies"
EFFECT_XERONDUKEOFLIESETER,${LABEL_REWARD} Gain ${ICON_HONOR4}.  Take a card at random from each opponent's hand and add those cards to your hand.
CARDNAME_HAUNTINGSPECTER,<size=104>H</size>aunting Specter
EFFECT_HAUNTINGSPECTER,${LABEL_REWARD} Gain ${ICON_HONOR4}.  You may banish up to two cards in your hand and/or discard pile.
FLAVOR_HAUNTINGSPECTER,It's what isn't there that frightens; it's what is there that kills.
CARDNAME_SAMAELETERNALSINNER,"<size=104>S</size>amael, Eternal Sinner"
EFFECT_SAMAELETERNALSINNER,${LABEL_REWARD} Gain ${ICON_HONOR6}.  Reveal the top three cards of the center deck. You may acquire or defeat a revealed card for free. Put the other revealed cards into the Void.
FLAVOR_SAMAELETERNALSINNER,I am Eternal. What hope have you to defeat me?
CARDNAME_CORROSIVEWIDOWETER,<size=104>C</size>orrosive Widow
EFFECT_CORROSIVEWIDOWETER,${LABEL_REWARD} Gain ${ICON_HONOR3}.  Each opponent must choose and destroy a Construct they control.
CARDNAME_PHASEFIENDETER,<size=104>P</size>hasefiend
EFFECT_PHASEFIENDETER,${LABEL_REWARD} Gain ${ICON_HONOR1}. You may banish a card in your hand or discard pile.
CARDNAME_LAGOONTROLLETER,<size=104>L</size>agoon Troll
EFFECT_LAGOONTROLLETER,${LABEL_REWARD} Gain ${ICON_HONOR2}. Draw a card.
FLAVOR_LAGOONTROLLETER,Mmmmmrrrggllhhl!
CARDNAME_TIDESTALKERETER,<size=104>T</size>idestalker
EFFECT_TIDESTALKERETER,${LABEL_REWARD} Gain ${ICON_HONOR4}.
FLAVOR_TIDESTALKERETER,The local villagers have learned to be just as wary of low tides as they are high tides.
CARDNAME_DELIRIUMPIXIESETER,<size=104>D</size>elirium Pixies
EFFECT_DELIRIUMPIXIESETER,${LABEL_REWARD} Gain ${ICON_HONOR2} and ${ICON_RUNE3}.
FLAVOR_DELIRIUMPIXIESETER,"""Come play with us."""
CARDNAME_TECTONICTHRASHERETER,<size=104>T</size>ectonic Thrasher
EFFECT_TECTONICTHRASHERETER,${LABEL_REWARD} Gain ${ICON_HONOR4}. Each opponent must choose and destroy two Constructs they control.
FLAVOR_TECTONICTHRASHERETER,The Sleeping Peaks hide more than just ore in their mountains.
CARDNAME_PROTEANSEASLUGETER,<size=104>P</size><space=-.1em>rotean Sea Slug
EFFECT_PROTEANSEASLUGETER,${LABEL_REWARD} Gain ${ICON_HONOR5}. Each opponent destroys all Constructs they control.
FLAVOR_PROTEANSEASLUGETER,Does anyone have a whole lot of salt?
CARDNAME_EARTHTYRANTETER,<size=104>E</size>arth Tyrant
EFFECT_EARTHTYRANTETER,${LABEL_REWARD} Gain ${ICON_HONOR5}.<br>Draw two cards.
CARDNAME_LEGENDARYBOONLIFEBOUND,<size=54>Legendary Boon: Lifebound</size>
EFFECT_LEGENDARYBOONLIFEBOUND,Acquire or defeat any Lifebound card from the Center Row without paying its cost.
CARDNAME_IRONHEARTENGINE,<size=104>I</size>ronheart Engine
EFFECT_IRONHEARTENGINE,"Once per turn, when you play a Mechana Construct (including this one), gain ${ICON_RUNE3}."
CARDNAME_MUSEOFMALEVOLENCE,<size=104>M</size>use of Malevolence
EFFECT_MUSEOFMALEVOLENCE,${LABEL_REWARD} Gain ${ICON_HONOR5}. Gain ${ICON_RENOWN2} in any faction.
CARDNAME_LYCANFANG,<size=104>L</size>ycan Fang
EFFECT_LYCANFANG,Gain ${ICON_RUNE2}.
CARDNAME_SHADOWARBITER,<size=104>S</size>hadow Arbiter
EFFECT_SHADOWARBITER,Draw a card. You may banish a card in your hand to gain ${ICON_POWER2}.
CARDNAME_MASTERVAYA,<size=104>M</size>aster Vaya
EFFECT_MASTERVAYA,Draw two cards.
CARDNAME_TURTLERMERCHANT,<size=104>T</size>urtler Merchant
EFFECT_TURTLERMERCHANT,"Gain ${ICON_HONOR5}.<br>You may return ${ICON_HONOR} to the pool equal to the ${ICON_HONOR} of a Hero or Construct in the Center Row. If you do, acquire it."
CARDNAME_CORRECTIONOFCREATION,<size=104>C</size>orrection of Creation
EFFECT_CORRECTIONOFCREATION,${LABEL_REWARD} Gain ${ICON_HONOR2}. You may banish a card from your hand or discard pile.
CARDNAME_PATHSEEKERSENSEI,<size=104>P</size>athseeker Sensei
EFFECT_PATHSEEKERSENSEI,Defeat a monster of ${ICON_POWER4} or less without paying its cost.
CARDNAME_PSIONICMONK,<size=104>P</size>sionic Monk
EFFECT_PSIONICMONK,Draw 2 cards.<br>Gain ${ICON_HONOR1} for each faction among Constructs you control.
CARDNAME_MECHAEMISSARY,<size=104>M</size>echa Emissary
EFFECT_MECHAEMISSARY,Draw a card.<br>Unite-Emissary: Gain ${ICON_RUNE2}. (Gain this effect once if you play or have played another Emissary this turn.)
CARDNAME_MECHANNIHILATOR,<size=104>M</size>echannihilator
EFFECT_MECHANNIHILATOR,"Once per turn, you may destroy another one of your Mechana Constructs to gain ${ICON_POWER3}."
CARDNAME_HURRICANEWARLOCK,<size=104>H</size>urricane Warlock
EFFECT_HURRICANEWARLOCK,${LABEL_REWARD} Gain ${ICON_HONOR2}. Draw a card.
CARDNAME_ARHAEMISSARY,<size=104>A</size>rha Emissary
EFFECT_ARHAEMISSARY,"Draw a card.<br>If you play or have played an Emissary of each faction this turn, you win the game."
CARDNAME_BOONCETRA,Boon: Cetra
EFFECT_BOONCETRA,"Once this turn, you may put a Hero from your discard pile on top of your deck."
CARDNAME_BOON:NAKA,Boon: Naka
EFFECT_BOON:NAKA,"Once this turn, you may banish a card you played this turn."
CARDNAME_LEGENDARYBOONVOID,<size=64>Legendary Boon: Void</size>
EFFECT_LEGENDARYBOONVOID,Acquire or defeat any Void card from the Center Row without paying its cost.
CARDNAME_MONKOFTHESTONECIRCLE,<size=104>M</size>onk of the Stone Circle
EFFECT_MONKOFTHESTONECIRCLE,Acquire a Hero with cost ${ICON_RUNE3} or less and put it into your hand.
CARDNAME_CLAWSOFDEOFUL,<size=104>C</size>laws of Deoful
EFFECT_CLAWSOFDEOFUL,${LABEL_REWARD} Gain ${ICON_HONOR4}. Gain ${ICON_RENOWN1} in any faction.
CARDNAME_MECHACETRA,<size=104>M</size>echa Cetra
EFFECT_MECHACETRA,You may acquire a Hero or Construct from the Center Row without paying its cost and put it on top of your deck.
CARDNAME_LEGENDARYBOONMECHANA,<size=54>Legendary Boon: Mechana</size>
EFFECT_LEGENDARYBOONMECHANA,Acquire or defeat any Mechana card from the Center Row without paying its cost.
CARDNAME_THEDREAMSCRAPE,<size=104>T</size>he Dreamscrape
EFFECT_THEDREAMSCRAPE,"Once per turn, you may destroy another one of your Mechana Constructs to gain ${ICON_RUNE2}."
CARDNAME_SNOWSTRIDERLYCAN,<size=104>S</size>nowstrider Lycan
EFFECT_SNOWSTRIDERLYCAN,"Gain ${ICON_RUNE1}, ${ICON_HONOR1}, ${ICON_POWER1}, and draw a card."
CARDNAME_MECHANAREMNANT,<size=104>M</size>echana Remnant
EFFECT_MECHANAREMNANT,"${LABEL_REWARD} Gain ${ICON_HONOR4}.<br>If you have played or acquired a Mechana card this turn, gain ${ICON_RUNE2}."
CARDNAME_SHADEFEATHER,<size=104>S</size>hade Feather
EFFECT_SHADEFEATHER,Gain ${ICON_POWER1}. You may banish a card in your hand or discard pile.
CARDNAME_DARKMONK,<size=104>D</size>ark Monk
EFFECT_DARKMONK,Gain ${ICON_POWER2}.<br>${LABEL_UNITE}  Draw a card.
CARDNAME_BOONNAIRA,Boon: Nairi
EFFECT_BOONNAIRA,"Once this turn, gain ${ICON_HONOR2}."
CARDNAME_PSYCHICAMULET,<size=104>P</size>sychic Amulet
EFFECT_PSYCHICAMULET,"Once per turn, when you play a Mechana or Enlightened Construct (including this one), draw a card."
CARDNAME_THECHROMECIRCLE,<size=104>T</size>he Chrome Circle
EFFECT_THECHROMECIRCLE,"Once per turn, when you play a Mechana or Lifebound Construct (including this one), gain ${ICON_RUNE1} and ${ICON_HONOR1}."
CARDNAME_MOUNTAINSEER,<size=104>M</size>ountain Seer
EFFECT_MOUNTAINSEER,"Draw a card, then banish a card in the Center Row. Then, gain ${ICON_RENOWN1} in each of the faction(s) that replaced the banished card."
CARDNAME_SHADEASKARA,<size=104>S</size>hade Askara
EFFECT_SHADEASKARA,"Gain ${ICON_POWER3}.<br>If you have an Enlightened or Void card in your discard pile, draw a card."
CARDNAME_RAIYNARIFTWALKER,"<size=104>R</size>aiyna, Riftwalker"
EFFECT_RAIYNARIFTWALKER,"Gain ${ICON_POWER4}.<br>The next time you defeat a Monster in the Center Row this turn, gain its non-Honor Reward twice."
CARDNAME_MECHAPHOENIX,<size=104>M</size>echaphoenix
EFFECT_MECHAPHOENIX,"Once per turn, when you play a Mechana Construct (including this one), acquire or defeat a card with cost equal to or less than its ${ICON_RUNE} cost."
CARDNAME_PORTALNINJA,<size=104>P</size>ortal Ninja
EFFECT_PORTALNINJA,Gain ${ICON_RUNE2}.<br>${LABEL_UNITE} You may banish a card you played this turn.
CARDNAME_BOON:CETRA,Boon: Cetra
EFFECT_BOON:CETRA,"Once this turn, you may put a Hero from your discard pile on top of your deck."
CARDNAME_KORPSEMAKER,<size=104>K</size>orpse Maker
EFFECT_KORPSEMAKER,"Once per turn, when you play a Mechana Construct (including this one), gain ${ICON_POWER2}."
CARDNAME_BOMBCRAFTER,<size=104>B</size>ombcrafter
EFFECT_BOMBCRAFTER,"Draw a card.<br>Gain ${ICON_POWER2}, then banish this."
CARDNAME_FALLENFAE,<size=104>F</size>allen Fae
EFFECT_FALLENFAE,Gain ${ICON_POWER2}.<br>${LABEL_UNITE} Gain ${ICON_HONOR1}.
CARDNAME_MYCELIALMAGE,<size=104>M</size>ycelial Mage
EFFECT_MYCELIALMAGE,"Draw a card.<br>Gain ${ICON_HONOR3}, then banish this."
CARDNAME_MUSHROOMDRUID,<size=104>M</size>ushroom Druid
EFFECT_MUSHROOMDRUID,Gain ${ICON_HONOR3}.
CARDNAME_BOON:MASTERDHARTHA,Boon: Master Dhartha
EFFECT_BOON:MASTERDHARTHA,"Once this turn, draw a card."
CARDNAME_BOON:KOR,Boon: Kor
EFFECT_BOON:KOR,"Once this turn, gain ${ICON_RUNE2}."
CARDNAME_TABLETOFTHETEMPLAR,<size=104>T</size>ablet of the Templar
EFFECT_TABLETOFTHETEMPLAR,You may destroy this to defeat a Monster of cost ${ICON_POWER4} or less without paying its cost.
CARDNAME_LIFEBOUNDREMNANT,<size=104>L</size>ifebound Remnant
EFFECT_LIFEBOUNDREMNANT,"${LABEL_REWARD} Gain ${ICON_HONOR3}.<br>If you have played or acquired a Lifebound card this turn, gain an additional ${ICON_HONOR2}."
CARDNAME_HELLSTRINGBLADES,<size=104>H</size>ellstring Blades
EFFECT_HELLSTRINGBLADES,${LABEL_REWARD} Gain ${ICON_HONOR5}. Choose and destroy up to two Constructs in play.
CARDNAME_LANDISPOTIONS&PIES,<size=104>L</size>andis' Potions & Pies
EFFECT_LANDISPOTIONS&PIES,"Once per turn, gain ${ICON_HONOR1}.<br><br>${LABEL_UNITE} Gain ${ICON_RUNE1}."
CARDNAME_REMNANTOFTHEFALLEN,<size=104>R</size>emnant of the Fallen
EFFECT_REMNANTOFTHEFALLEN,${LABEL_REWARD} Gain ${ICON_HONOR5}. Gain ${ICON_RENOWN1} of each faction. You may acquire or defeat any card in the Center Row without paying its cost.
CARDNAME_LEGENDARYBOONENLIGHTENED,<size=50>Legendary Boon: Enlightened</size>
EFFECT_LEGENDARYBOONENLIGHTENED,Acquire or defeat any Enlightened card from the Center Row without paying its cost.
CARDNAME_BOONULU,Boon: Ulu
EFFECT_BOONULU,"Once this turn, gain ${ICON_RENOWN1} in another faction."
CARDNAME_THEIRONSEVEN,<size=104>T</size>he Iron Seven
EFFECT_THEIRONSEVEN,"${LABEL_REWARD} Gain ${ICON_HONOR3}. Choose and destroy up to one Construct in play, or return a Construct from your discard pile to your hand."
CARDNAME_ARHARECRUIT,<size=104>A</size>rha Recruit
EFFECT_ARHARECRUIT,"Draw a card.<br>Gain ${ICON_RENOWN1}, then banish this."
CARDNAME_BOONMASTERDHARTHA,Boon: Master Dhartha
EFFECT_BOONMASTERDHARTHA,"Once this turn, draw a card."
CARDNAME_BOONKOR,Boon: Kor
EFFECT_BOONKOR,"Once this turn, gain ${ICON_RUNE2}."
CARDNAME_VOIDREMNANT,<size=104>V</size>oid Remnant
EFFECT_VOIDREMNANT,"${LABEL_REWARD} Gain ${ICON_HONOR4}.<br>If you have played or acquired a Void card this turn, you may banish up to two cards from your hand or discard pile."
CARDNAME_BOONPRIME,Boon: P.R.I.M.E.
EFFECT_BOONPRIME,"Once this turn, you may return a Construct from your discard pile to your hand."
CARDNAME_SABLESPARKSISTERS,<size=104>S</size>ablespark Sisters
EFFECT_SABLESPARKSISTERS,"Draw a card.<br>Gain ${ICON_RUNE1}, then banish this."
CARDNAME_ENLIGHTENEDREMNANT,<size=104>E</size>nlightened Remnant
EFFECT_ENLIGHTENEDREMNANT,"${LABEL_REWARD} Gain ${ICON_HONOR5}.<br>If you have played or acquired an Enlightened card this turn, draw two cards."
CARDNAME_MARROWWYRMRIDER,<size=104>M</size>arrowWyrm Rider
EFFECT_MARROWWYRMRIDER,${LABEL_REWARD} Gain ${ICON_HONOR3}. You may acquire a Hero with cost ${ICON_RUNE5} or less without paying its cost.
CARDNAME_SHADOWMENDER,<size=104>S</size>hadow Mender
EFFECT_SHADOWMENDER,Gain ${ICON_POWER3}.
CARDNAME_RIFTCLAW,<size=104>R</size>iftclaw
EFFECT_RIFTCLAW,"Once per turn, gain ${ICON_POWER1}."
CARDNAME_BOONNAKA,Boon: Naka
EFFECT_BOONNAKA,"Once this turn, you may banish a card you played this turn."
CARDNAME_VOIDEMISSARY,<size=104>V</size>oid Emissary
EFFECT_VOIDEMISSARY,Draw a card.<br>Unite-Emissary: Gain ${ICON_POWER2}. (Gain this effect once if you play or have played another Emissary this turn.)
CARDNAME_BOONEMRI,Boon: Emri
EFFECT_BOONEMRI,"Once this turn, gain ${ICON_POWER2}."
CARDNAME_FORESTEMISSARY,<size=104>F</size>orest Emissary
EFFECT_FORESTEMISSARY,Draw a card.<br>Unite-Emissary: Gain ${ICON_HONOR2}. (Gain this effect once if you play or have played another Emissary this turn.)
CARDNAME_ASKARAOFJUDGEMENT,<size=104>A</size>skara of Judgement
EFFECT_ASKARAOFJUDGEMENT,Draw a card.
CARDNAME_LEGENDMASTERDHARTHA,Master Dhartha
EFFECT_LEGENDMASTERDHARTHA,"Once this turn, draw a card."
FLAVOR_LEGENDMASTERDHARTHA,Choose what endures over what tempts. This is<br>the path to mastering the enlightened arts.
CARDNAME_LEGENDULU,Ulu
EFFECT_LEGENDULU,"Once this turn, gain ${ICON_RENOWN1} in another faction."
FLAVOR_LEGENDULU,"They whisper of stars—dead, long forgotten,<br>and yet to be—the inheritor of all the light<br>lost to time."
CARDNAME_LEGENDKOR,Kor
EFFECT_LEGENDKOR,"Once this turn, gain ${ICON_RUNE2}."
FLAVOR_LEGENDKOR,"Every invention is a cog in a larger machine, each<br>built upon the last, from the first spark of<br>mortal-made fire to the tools of the Mechana people."
CARDNAME_LEGENDPRIME,P.R.I.M.E.
EFFECT_LEGENDPRIME,"Once this turn, you may return a Construct from your discard pile to your hand."
FLAVOR_LEGENDPRIME,"It is the mechanics of purpose and experience that<br>define us, shaping not just who we are, but what we<br>can become."
CARDNAME_LEGENDNAKA,Naka
EFFECT_LEGENDNAKA,"Once this turn, you may banish a card you played this turn."
FLAVOR_LEGENDNAKA,"Embrace the void, for it is in this absence<br>that we carve our own meaning."
CARDNAME_LEGENDEMRI,Emri
EFFECT_LEGENDEMRI,"Once this turn, gain ${ICON_POWER2}."
FLAVOR_LEGENDEMRI,"Speed may impress, but timing is the key to<br>victory. It’s not how fast you act, but when you<br>strike that determines the outcome."
CARDNAME_LEGENDNAIRA,Nairi
EFFECT_LEGENDNAIRA,"Once this turn, gain ${ICON_HONOR2}."
FLAVOR_LEGENDNAIRA,To live in balance with the world around us is<br>to find our place in the greater tapestry of<br>life.
CARDNAME_LEGENDCETRA,Cetra
EFFECT_LEGENDCETRA,"Once this turn, you may put a Hero from your discard pile on top of your deck."
FLAVOR_LEGENDCETRA,"The universe is a vast wonder, and the miracle of<br>existence is a precious gift. That is why being a hero<br>means defending life."
CARDNAME_STONEBLADETEMPLAR,<size=104>S</size>tone Blade Templar
EFFECT_STONEBLADETEMPLAR,Reveal and banish the top card of the Center Deck. If its faction is:<br><b>Enlightened:</b> Draw two cards.<br><b>Lifebound:</b> Gain ${ICON_HONOR3}.<br><b>Mechana:</b> Gain ${ICON_RUNE2}.<br><b>Void:</b> Gain ${ICON_POWER2}.<br><b>No Faction:</b> Choose one of the effects above.
FLAVOR_STONEBLADETEMPLAR,<br>
CARDNAME_SPIREOFTHEWIND,<size=104>S</size>pire of the Wind
EFFECT_SPIREOFTHEWIND,"Once per turn, you may discard card from your hand to draw a card.<br>If it is a Mystic or Heavy Infantry, draw 2 cards instead."
CARDNAME_SEEDOFTHEWORLD,<size=104>S</size>eed of the World
EFFECT_SEEDOFTHEWORLD,"Once per turn, when you acquire a Hero in the Center Row, gain ${ICON_HONOR} equal to its ${ICON_HONOR} value."
CARDNAME_CHAOTICCANNON,<size=104>C</size>haotic Cannon
EFFECT_CHAOTICCANNON,"Once per turn, discard the top card of your deck to gain ${ICON_POWER} equal to its ${ICON_HONOR} value.<br>If it is a Mechana Construct, put it in your hand."
CARDNAME_THEAETHERMOURNE,<size=104>T</size>he Aethermourne
EFFECT_THEAETHERMOURNE,"Once per turn, gain ${ICON_POWER} equal to the number of Monsters in the Center Row."
CARDNAME_PUGGAGEDDON,<size=104>P</size>uggageddon
EFFECT_PUGGAGEDDON,"${LABEL_REWARD} Gain ${ICON_HONOR2}. Put this into another player's discard pile. <br><br>When this is played from your hand, gain ${ICON_HONOR1} and put it into another player's discard pile."
