id,domain,set,en_hash,en,zh,status,waived_reason,source_file
waiver:bitmap_title,bitmap_title,,4a291b9de82f,"(bitmap UI titles: Offline Games, Downloadable Content, set icons, …)",,waived,bitmap_title,docs/architecture.zh.md
cards_effect::Apprentice,cards_effect,,e22cccd20b15,Apprentice,获得1符文。,reviewed,,loc/zh-Hans/lua_cards.csv
cards_effect::Apprentice 10TH,cards_effect,,2dbadf7a4607,Apprentice 10TH,获得1符文。,reviewed,,loc/zh-Hans/lua_cards.csv
cards_effect::Apprentice SoS,cards_effect,,9e63fa243e94,Apprentice SoS,获得1符文。,reviewed,,loc/zh-Hans/lua_cards.csv
"cards_effect::Cetra, Benefactor of All",cards_effect,,a82c4a076d40,"Cetra, Benefactor of All","从你开始, 和然后going在回合秩序, 每位玩家获取英雄无需支付费用. 英雄已获取以此方式为 放置在 顶部的 其拥有者' decks.",draft,,loc/zh-Hans/lua_cards.csv
cards_effect::Cultist,cards_effect,,5d605e830d97,Cultist,奖励：获得1荣誉。,reviewed,,loc/zh-Hans/lua_cards.csv
cards_effect::Cultist 10TH,cards_effect,,5073e7fd8b92,Cultist 10TH,奖励：获得1荣誉。,reviewed,,loc/zh-Hans/lua_cards.csv
cards_effect::Cultist SoS,cards_effect,,c138d32c89a5,Cultist SoS,奖励：获得1荣誉。,reviewed,,loc/zh-Hans/lua_cards.csv
cards_effect::Eye of Potential,cards_effect,,b328f075b1f8,Eye of Potential,每回合一次，你可以放逐一张卡牌在你的手牌中. 若你如此做，获取秘教士或 重装步兵无需支付费用和 将它放置在你的手牌中.,draft,,loc/zh-Hans/lua_cards.csv
cards_effect::Ferromancer's Helper,cards_effect,,fd29bfc10bcc,Ferromancer's Helper,获得2符文. 你可以放置神器你控制的置入你的弃牌堆. 若你如此做，获得2战力.,draft,,loc/zh-Hans/lua_cards.csv
cards_effect::Foul Replicant,cards_effect,,7d128d6dd413,Foul Replicant,奖励： 获得4荣誉.\r\nONGOING战利品： 每回合一次，选择神器你控制的. 此获得text的所选神器以 本回合.,draft,,loc/zh-Hans/lua_cards.csv
cards_effect::Heavy Infantry,cards_effect,,6fcea5d36f8c,Heavy Infantry,获得2战力。,reviewed,,loc/zh-Hans/lua_cards.csv
cards_effect::Heavy Infantry 10TH,cards_effect,,2827a47c2f5d,Heavy Infantry 10TH,获得2战力。,reviewed,,loc/zh-Hans/lua_cards.csv
cards_effect::Heavy Infantry SoS,cards_effect,,e3c80ceff7bb,Heavy Infantry SoS,获得2战力。,reviewed,,loc/zh-Hans/lua_cards.csv
cards_effect::Militia,cards_effect,,deb0b922dafe,Militia,获得1战力。,reviewed,,loc/zh-Hans/lua_cards.csv
cards_effect::Militia 10TH,cards_effect,,d7cc41b640a0,Militia 10TH,获得1战力。,reviewed,,loc/zh-Hans/lua_cards.csv
cards_effect::Militia SoS,cards_effect,,a14bc4d8901c,Militia SoS,获得1战力。,reviewed,,loc/zh-Hans/lua_cards.csv
cards_effect::Mystic,cards_effect,,302f444c54aa,Mystic,获得2符文。,reviewed,,loc/zh-Hans/lua_cards.csv
cards_effect::Mystic 10TH,cards_effect,,f2f60f62161c,Mystic 10TH,获得2符文。,reviewed,,loc/zh-Hans/lua_cards.csv
cards_effect::Mystic SoS,cards_effect,,eaaab5b4217e,Mystic SoS,获得2符文。,reviewed,,loc/zh-Hans/lua_cards.csv
cards_effect::Nyxian Corruptor,cards_effect,,f976d884ea21,Nyxian Corruptor,获得3战力.\r\n你可以花费R视为P本回合.,draft,,loc/zh-Hans/lua_cards.csv
cards_effect::Sadistic Laboratory,cards_effect,,41377e31601f,Sadistic Laboratory,"每回合一次，获得1战力.\r\n当你 击败一个怪物在 中央牌列, 放逐任意怪物其下此 和放置被击败怪物其下此. 你可以击败怪物其下此 视为在中央牌列. 若此 离开打出, 放逐任意monsters其下此.",draft,,loc/zh-Hans/lua_cards.csv
cards_effect::Sage of Lucid Dreams,cards_effect,,dfc3ca0ef03b,Sage of Lucid Dreams,"一次本回合, 放逐一张卡牌在你的手牌中. 若你如此做，获取一个英雄以H值至多一 超过该 的被放逐卡牌和 将它放置在你的手牌中.\r\n多重联合： 你可以重复此.",draft,,loc/zh-Hans/lua_cards.csv
cards_effect::Stone Circle,cards_effect,,61aa3549225d,Stone Circle,"每回合一次，你可以展示你牌库顶的卡牌. 若它是命约英雄, 抽它.\r\n每回合一次，你可以花费 2符文以 获得1荣誉.",draft,,loc/zh-Hans/lua_cards.csv
cards_effect:CotG10:Arbiter of the Precipice 10TH,cards_effect,CotG10,cb85ca364801,Arbiter of the Precipice 10TH,抽两张牌。然后放逐你手牌中的一张卡牌。,reviewed,,loc/zh-Hans/lua_cards.csv
cards_effect:CotG10:Arha Initiate 10TH,cards_effect,CotG10,6f9edfec80c6,Arha Initiate 10TH,抽一张牌。,reviewed,,loc/zh-Hans/lua_cards.csv
cards_effect:CotG10:Arha Templar 10TH,cards_effect,CotG10,05dea17fb19f,Arha Templar 10TH,击败一个战力值不高于4的怪物。,reviewed,,loc/zh-Hans/lua_cards.csv
cards_effect:CotG10:Ascetic of the Lidless Eye 10TH,cards_effect,CotG10,0405b533b6da,Ascetic of the Lidless Eye 10TH,抽两张牌。,reviewed,,loc/zh-Hans/lua_cards.csv
cards_effect:CotG10:Avatar Golem 10TH,cards_effect,CotG10,f931d3eac1d0,Avatar Golem 10TH,获得2战力。你每控制一种神器，获得1荣誉。,reviewed,,loc/zh-Hans/lua_cards.csv
cards_effect:CotG10:Avatar of the Fallen 10TH,cards_effect,CotG10,c29b1cb3f682,Avatar of the Fallen 10TH,除非被击败，否则此怪物不可被放逐。奖励：获得4荣誉。你可以无需支付费用获取或击败中央牌列中的任意一张卡牌。,reviewed,,loc/zh-Hans/lua_cards.csv
cards_effect:CotG10:Burrower Mark II 10TH,cards_effect,CotG10,d2a5381510b8,Burrower Mark II 10TH,每回合你首次将机械神器进入战场时（包括此牌），抽一张牌。,reviewed,,loc/zh-Hans/lua_cards.csv
"cards_effect:CotG10:Cetra, Weaver of Stars 10TH",cards_effect,CotG10,0bc75dacbd63,"Cetra, Weaver of Stars 10TH",获取任意一个英雄。将其放到你的牌库顶。,reviewed,,loc/zh-Hans/lua_cards.csv
cards_effect:CotG10:Corrosive Widow 10TH,cards_effect,CotG10,228f840341e8,Corrosive Widow 10TH,奖励：获得3荣誉。每位对手须将其控制的一张神器置入弃牌堆。,reviewed,,loc/zh-Hans/lua_cards.csv
cards_effect:CotG10:Demon Slayer 10TH,cards_effect,CotG10,8e4d6080afb4,Demon Slayer 10TH,获得3战力。,reviewed,,loc/zh-Hans/lua_cards.csv
cards_effect:CotG10:Druids of the Stone Circle 10TH,cards_effect,CotG10,a4624fa3ba9e,Druids of the Stone Circle 10TH,无需支付费用获取一个费用不高于3符文的英雄。将其放到你的牌库顶。,reviewed,,loc/zh-Hans/lua_cards.csv
cards_effect:CotG10:Earth Tyrant 10TH,cards_effect,CotG10,ca2e9a92517b,Earth Tyrant 10TH,奖励：获得5荣誉。抽两张牌。,reviewed,,loc/zh-Hans/lua_cards.csv
"cards_effect:CotG10:Emri, One with the Void 10TH",cards_effect,CotG10,1bb1dfb1a613,"Emri, One with the Void 10TH",获得4战力。,reviewed,,loc/zh-Hans/lua_cards.csv
cards_effect:CotG10:Flytrap Witch 10TH,cards_effect,CotG10,652937a0655d,Flytrap Witch 10TH,获得2荣誉。抽一张牌。,reviewed,,loc/zh-Hans/lua_cards.csv
cards_effect:CotG10:Hedron Cannon 10TH,cards_effect,CotG10,b85b6f6f87a0,Hedron Cannon 10TH,每回合一次，你每控制一个机械神器，获得1战力。,reviewed,,loc/zh-Hans/lua_cards.csv
cards_effect:CotG10:Hedron Link Device 10TH,cards_effect,CotG10,9d46613b19f3,Hedron Link Device 10TH,你可以将所有神器视为机械神器。,reviewed,,loc/zh-Hans/lua_cards.csv
"cards_effect:CotG10:Kor, the Ferromancer 10TH",cards_effect,CotG10,74a99d1a0ff0,"Kor, the Ferromancer 10TH",获得2战力. 抽一张牌若 你控制的 2 或更高神器s.,draft,,loc/zh-Hans/lua_cards.csv
cards_effect:CotG10:Landtalker 10TH,cards_effect,CotG10,2842b7686792,Landtalker 10TH,获得3符文。,reviewed,,loc/zh-Hans/lua_cards.csv
cards_effect:CotG10:Lifebound Initiate 10TH,cards_effect,CotG10,1677933d447a,Lifebound Initiate 10TH,获得1符文和1荣誉。,reviewed,,loc/zh-Hans/lua_cards.csv
cards_effect:CotG10:Master Dhartha 10TH,cards_effect,CotG10,2aead8795702,Master Dhartha 10TH,抽三张牌。,reviewed,,loc/zh-Hans/lua_cards.csv
cards_effect:CotG10:Mechana Initiate 10TH,cards_effect,CotG10,b67634413ba8,Mechana Initiate 10TH,获得1符文或1战力。,reviewed,,loc/zh-Hans/lua_cards.csv
cards_effect:CotG10:Mephit 10TH,cards_effect,CotG10,b60e9fcf3e52,Mephit 10TH,奖励：获得2荣誉。你可以放逐中央牌列中的一张卡牌。,reviewed,,loc/zh-Hans/lua_cards.csv
cards_effect:CotG10:Mistake of Creation 10TH,cards_effect,CotG10,88b35bb3cfb1,Mistake of Creation 10TH,奖励：获得4荣誉。你可以放逐中央牌列和/或你弃牌堆中的一张卡牌。,reviewed,,loc/zh-Hans/lua_cards.csv
cards_effect:CotG10:Muramasa 10TH,cards_effect,CotG10,e927e4558041,Muramasa 10TH,每回合一次，获得3战力。,reviewed,,loc/zh-Hans/lua_cards.csv
cards_effect:CotG10:Oziah the Peerless 10TH,cards_effect,CotG10,3af705aaa728,Oziah the Peerless 10TH,击败一个战力值不高于6的怪物。,reviewed,,loc/zh-Hans/lua_cards.csv
cards_effect:CotG10:Reactor Monk 10TH,cards_effect,CotG10,99cca7f0cae6,Reactor Monk 10TH,获得2符文。你本回合下一张获取的神器费用减少1符文。,reviewed,,loc/zh-Hans/lua_cards.csv
cards_effect:CotG10:Rocket Courier X-99 10TH,cards_effect,CotG10,c9e4f4641783,Rocket Courier X-99 10TH,每回合一次，当你获取另一张机械神器时，你可以将其直接进入战场。,reviewed,,loc/zh-Hans/lua_cards.csv
cards_effect:CotG10:Runic Lycanthrope 10TH,cards_effect,CotG10,d90ccc900297,Runic Lycanthrope 10TH,获得2符文。若你本回合打出过命约英雄，获得2战力。,reviewed,,loc/zh-Hans/lua_cards.csv
cards_effect:CotG10:Samael's Trickster 10TH,cards_effect,CotG10,e2e4a876467f,Samael's Trickster 10TH,奖励：获得1荣誉。获得1符文。,reviewed,,loc/zh-Hans/lua_cards.csv
cards_effect:CotG10:Sea Tyrant 10TH,cards_effect,CotG10,7d5bf441a0ba,Sea Tyrant 10TH,奖励：获得5荣誉。每位对手须选择一张其控制的神器，将其余神器置入弃牌堆。,reviewed,,loc/zh-Hans/lua_cards.csv
cards_effect:CotG10:Seer of the Forked Path 10TH,cards_effect,CotG10,18a4be0badb2,Seer of the Forked Path 10TH,抽一张牌。然后你可以放逐中央牌列中的一张卡牌。,reviewed,,loc/zh-Hans/lua_cards.csv
cards_effect:CotG10:Shade of the Black Watch 10TH,cards_effect,CotG10,0ecdbd0a64d4,Shade of the Black Watch 10TH,获得2战力。你可以放逐一张手牌或弃牌堆中的卡牌。,reviewed,,loc/zh-Hans/lua_cards.csv
cards_effect:CotG10:Shadow Star 10TH,cards_effect,CotG10,51a797a3240c,Shadow Star 10TH,每回合一次，获得1战力。,reviewed,,loc/zh-Hans/lua_cards.csv
cards_effect:CotG10:Snapdragon 10TH,cards_effect,CotG10,828f767ae22c,Snapdragon 10TH,每回合一次，获得1符文。每回合你首次打出命约英雄时，获得1荣誉。,reviewed,,loc/zh-Hans/lua_cards.csv
cards_effect:CotG10:Spike Vixen 10TH,cards_effect,CotG10,2d879ef59c13,Spike Vixen 10TH,获得1战力。抽一张牌。,reviewed,,loc/zh-Hans/lua_cards.csv
cards_effect:CotG10:Tablet of Time's Dawn 10TH,cards_effect,CotG10,ef4cf1c72341,Tablet of Time's Dawn 10TH,放逐此神器，然后在本回合后再进行一个额外回合。,reviewed,,loc/zh-Hans/lua_cards.csv
cards_effect:CotG10:Temple Librarian 10TH,cards_effect,CotG10,fea385f1a4fd,Temple Librarian 10TH,弃一张牌。若你如此做，抽两张牌。,reviewed,,loc/zh-Hans/lua_cards.csv
cards_effect:CotG10:The All-Seeing Eye 10TH,cards_effect,CotG10,7d9d05352171,The All-Seeing Eye 10TH,每回合一次，你可以抽一张牌。,reviewed,,loc/zh-Hans/lua_cards.csv
cards_effect:CotG10:The Grand Design 10TH,cards_effect,CotG10,581fd18202b3,The Grand Design 10TH,每回合一次，获得2符文。你只能用它来获取机械神器。,reviewed,,loc/zh-Hans/lua_cards.csv
cards_effect:CotG10:Tormented Soul 10TH,cards_effect,CotG10,19bf8f7da774,Tormented Soul 10TH,奖励：获得1荣誉。抽一张牌。,reviewed,,loc/zh-Hans/lua_cards.csv
cards_effect:CotG10:Twofold Askara 10TH,cards_effect,CotG10,cd2eca1c5a8b,Twofold Askara 10TH,复制本回合打出的一张英雄的效果。,reviewed,,loc/zh-Hans/lua_cards.csv
cards_effect:CotG10:Void Initiate 10TH,cards_effect,CotG10,b3a6796cabec,Void Initiate 10TH,获得1符文。你可以放逐一张手牌或弃牌堆中的卡牌。,reviewed,,loc/zh-Hans/lua_cards.csv
cards_effect:CotG10:Voidthirster 10TH,cards_effect,CotG10,9b67b2842731,Voidthirster 10TH,每回合一次，获得1战力。每回合你首次击败中央牌列中的怪物时，获得1荣誉。,reviewed,,loc/zh-Hans/lua_cards.csv
cards_effect:CotG10:Watchmaker's Altar 10TH,cards_effect,CotG10,82e4063ea119,Watchmaker's Altar 10TH,每回合一次，获得1符文。你只能用它来获取机械神器。,reviewed,,loc/zh-Hans/lua_cards.csv
cards_effect:CotG10:Wind Tyrant 10TH,cards_effect,CotG10,e61a2b562b4c,Wind Tyrant 10TH,奖励：获得3荣誉。获得3符文。,reviewed,,loc/zh-Hans/lua_cards.csv
cards_effect:CotG10:Wolf Shaman 10TH,cards_effect,CotG10,8e73943ee388,Wolf Shaman 10TH,获得1符文。抽一张牌。,reviewed,,loc/zh-Hans/lua_cards.csv
"cards_effect:CotG10:Xeron, Duke of Lies 10TH",cards_effect,CotG10,16d9798ceebe,"Xeron, Duke of Lies 10TH",奖励：获得3荣誉. 拿取一张卡牌随机从 每位对手之手牌和 将该卡牌加入以 你的手牌.,draft,,loc/zh-Hans/lua_cards.csv
cards_effect:CotG10:Yggdrasil Staff 10TH,cards_effect,CotG10,8dfeb359cb85,Yggdrasil Staff 10TH,每回合一次，获得1战力。若你本回合打出过命约英雄，获得2荣誉。,reviewed,,loc/zh-Hans/lua_cards.csv
cards_effect:CotG:Arbiter of the Precipice,cards_effect,CotG,645009e702df,Arbiter of the Precipice,抽两张牌。然后放逐你手牌中的一张卡牌。,reviewed,,loc/zh-Hans/lua_cards.csv
cards_effect:CotG:Arha Initiate,cards_effect,CotG,95da2c985c7d,Arha Initiate,抽一张牌。,reviewed,,loc/zh-Hans/lua_cards.csv
cards_effect:CotG:Arha Templar,cards_effect,CotG,b7befaa2a71f,Arha Templar,击败一个战力值不高于4的怪物。,reviewed,,loc/zh-Hans/lua_cards.csv
cards_effect:CotG:Ascetic of the Lidless Eye,cards_effect,CotG,592d36057f60,Ascetic of the Lidless Eye,抽两张牌。,reviewed,,loc/zh-Hans/lua_cards.csv
cards_effect:CotG:Avatar Golem,cards_effect,CotG,511745c3b6d5,Avatar Golem,获得2战力。你每控制一种神器，获得1荣誉。,reviewed,,loc/zh-Hans/lua_cards.csv
cards_effect:CotG:Avatar of the Fallen,cards_effect,CotG,de9b3be7266b,Avatar of the Fallen,除非被击败，否则此怪物不可被放逐。奖励：获得4荣誉。你可以无需支付费用获取或击败中央牌列中的任意一张卡牌。,reviewed,,loc/zh-Hans/lua_cards.csv
cards_effect:CotG:Burrower Mark II,cards_effect,CotG,077f9bd55fcf,Burrower Mark II,每回合你首次将机械神器进入战场时（包括此牌），抽一张牌。,reviewed,,loc/zh-Hans/lua_cards.csv
"cards_effect:CotG:Cetra, Weaver of Stars",cards_effect,CotG,d8005c6366fa,"Cetra, Weaver of Stars",获取任意一个英雄。将其放到你的牌库顶。,reviewed,,loc/zh-Hans/lua_cards.csv
cards_effect:CotG:Corrosive Widow,cards_effect,CotG,c30e7034de77,Corrosive Widow,奖励：获得3荣誉。每位对手须将其控制的一张神器置入弃牌堆。,reviewed,,loc/zh-Hans/lua_cards.csv
cards_effect:CotG:Demon Slayer,cards_effect,CotG,08007ef2d8e6,Demon Slayer,获得3战力。,reviewed,,loc/zh-Hans/lua_cards.csv
cards_effect:CotG:Druids of the Stone Circle,cards_effect,CotG,c00e8cca16f8,Druids of the Stone Circle,无需支付费用获取一个费用不高于3符文的英雄。将其放到你的牌库顶。,reviewed,,loc/zh-Hans/lua_cards.csv
cards_effect:CotG:Earth Tyrant,cards_effect,CotG,bff93b453395,Earth Tyrant,奖励：获得5荣誉。抽两张牌。,reviewed,,loc/zh-Hans/lua_cards.csv
"cards_effect:CotG:Emri, One with the Void",cards_effect,CotG,30beee0527af,"Emri, One with the Void",获得4战力。,reviewed,,loc/zh-Hans/lua_cards.csv
cards_effect:CotG:Flytrap Witch,cards_effect,CotG,8cef395af479,Flytrap Witch,获得2荣誉。抽一张牌。,reviewed,,loc/zh-Hans/lua_cards.csv
cards_effect:CotG:Hedron Cannon,cards_effect,CotG,08e805fa8578,Hedron Cannon,每回合一次，你每控制一个机械神器，获得1战力。,reviewed,,loc/zh-Hans/lua_cards.csv
cards_effect:CotG:Hedron Link Device,cards_effect,CotG,fc9f53eb661e,Hedron Link Device,你可以将所有神器视为机械神器。,reviewed,,loc/zh-Hans/lua_cards.csv
"cards_effect:CotG:Kor, the Ferromancer",cards_effect,CotG,4675fb7eeb83,"Kor, the Ferromancer",获得2战力. 抽一张牌若 你控制的 2 或更高神器s.,draft,,loc/zh-Hans/lua_cards.csv
cards_effect:CotG:Landtalker,cards_effect,CotG,7682262176f0,Landtalker,获得3符文。,reviewed,,loc/zh-Hans/lua_cards.csv
cards_effect:CotG:Lifebound Initiate,cards_effect,CotG,9269ecbe1ad8,Lifebound Initiate,获得1符文和1荣誉。,reviewed,,loc/zh-Hans/lua_cards.csv
cards_effect:CotG:Master Dhartha,cards_effect,CotG,458d9787b6e0,Master Dhartha,抽三张牌。,reviewed,,loc/zh-Hans/lua_cards.csv
cards_effect:CotG:Mechana Initiate,cards_effect,CotG,033dda144ae0,Mechana Initiate,获得1符文或1战力。,reviewed,,loc/zh-Hans/lua_cards.csv
cards_effect:CotG:Mephit,cards_effect,CotG,558cabc64720,Mephit,奖励：获得2荣誉。你可以放逐中央牌列中的一张卡牌。,reviewed,,loc/zh-Hans/lua_cards.csv
cards_effect:CotG:Mistake of Creation,cards_effect,CotG,0346c570c395,Mistake of Creation,奖励：获得4荣誉。你可以放逐中央牌列和/或你弃牌堆中的一张卡牌。,reviewed,,loc/zh-Hans/lua_cards.csv
cards_effect:CotG:Muramasa,cards_effect,CotG,04ea2f250c83,Muramasa,每回合一次，获得3战力。,reviewed,,loc/zh-Hans/lua_cards.csv
cards_effect:CotG:Oziah the Peerless,cards_effect,CotG,c8980068f915,Oziah the Peerless,击败一个战力值不高于6的怪物。,reviewed,,loc/zh-Hans/lua_cards.csv
cards_effect:CotG:Reactor Monk,cards_effect,CotG,704f4157b10e,Reactor Monk,获得2符文。你本回合下一张获取的神器费用减少1符文。,reviewed,,loc/zh-Hans/lua_cards.csv
cards_effect:CotG:Rocket Courier X-99,cards_effect,CotG,4b3b7d1cbd52,Rocket Courier X-99,每回合一次，当你获取另一张机械神器时，你可以将其直接进入战场。,reviewed,,loc/zh-Hans/lua_cards.csv
cards_effect:CotG:Runic Lycanthrope,cards_effect,CotG,58e8ec79471d,Runic Lycanthrope,获得2符文。若你本回合打出过命约英雄，获得2战力。,reviewed,,loc/zh-Hans/lua_cards.csv
cards_effect:CotG:Samael's Trickster,cards_effect,CotG,3911da7af4ba,Samael's Trickster,奖励：获得1荣誉。获得1符文。,reviewed,,loc/zh-Hans/lua_cards.csv
cards_effect:CotG:Sea Tyrant,cards_effect,CotG,852017d48ff5,Sea Tyrant,奖励：获得5荣誉。每位对手须选择一张其控制的神器，将其余神器置入弃牌堆。,reviewed,,loc/zh-Hans/lua_cards.csv
cards_effect:CotG:Seer of the Forked Path,cards_effect,CotG,06d4ce9120a6,Seer of the Forked Path,抽一张牌。然后你可以放逐中央牌列中的一张卡牌。,reviewed,,loc/zh-Hans/lua_cards.csv
cards_effect:CotG:Shade of the Black Watch,cards_effect,CotG,d393b879c91c,Shade of the Black Watch,获得2战力。你可以放逐一张手牌或弃牌堆中的卡牌。,reviewed,,loc/zh-Hans/lua_cards.csv
cards_effect:CotG:Shadow Star,cards_effect,CotG,d258551e2fa1,Shadow Star,每回合一次，获得1战力。,reviewed,,loc/zh-Hans/lua_cards.csv
cards_effect:CotG:Snapdragon,cards_effect,CotG,fbf388bebcb2,Snapdragon,每回合一次，获得1符文。每回合你首次打出命约英雄时，获得1荣誉。,reviewed,,loc/zh-Hans/lua_cards.csv
cards_effect:CotG:Spike Vixen,cards_effect,CotG,964a7f0422c6,Spike Vixen,获得1战力。抽一张牌。,reviewed,,loc/zh-Hans/lua_cards.csv
cards_effect:CotG:Tablet of Time's Dawn,cards_effect,CotG,c151a704db64,Tablet of Time's Dawn,放逐此神器，然后在本回合后再进行一个额外回合。,reviewed,,loc/zh-Hans/lua_cards.csv
cards_effect:CotG:Temple Librarian,cards_effect,CotG,11706df1cb57,Temple Librarian,弃一张牌。若你如此做，抽两张牌。,reviewed,,loc/zh-Hans/lua_cards.csv
cards_effect:CotG:The All-Seeing Eye,cards_effect,CotG,64b8a14ca98a,The All-Seeing Eye,每回合一次，你可以抽一张牌。,reviewed,,loc/zh-Hans/lua_cards.csv
cards_effect:CotG:The Grand Design,cards_effect,CotG,77130905dd97,The Grand Design,每回合一次，获得2符文。你只能用它来获取机械神器。,reviewed,,loc/zh-Hans/lua_cards.csv
cards_effect:CotG:Tormented Soul,cards_effect,CotG,879232a0bd17,Tormented Soul,奖励：获得1荣誉。抽一张牌。,reviewed,,loc/zh-Hans/lua_cards.csv
cards_effect:CotG:Twofold Askara,cards_effect,CotG,85190a9596ce,Twofold Askara,复制本回合打出的一张英雄的效果。,reviewed,,loc/zh-Hans/lua_cards.csv
cards_effect:CotG:Void Initiate,cards_effect,CotG,fd6a8fce337b,Void Initiate,获得1符文。你可以放逐一张手牌或弃牌堆中的卡牌。,reviewed,,loc/zh-Hans/lua_cards.csv
cards_effect:CotG:Voidthirster,cards_effect,CotG,368838fba3b9,Voidthirster,每回合一次，获得1战力。每回合你首次击败中央牌列中的怪物时，获得1荣誉。,reviewed,,loc/zh-Hans/lua_cards.csv
cards_effect:CotG:Watchmaker's Altar,cards_effect,CotG,c49185e99df1,Watchmaker's Altar,每回合一次，获得1符文。你只能用它来获取机械神器。,reviewed,,loc/zh-Hans/lua_cards.csv
cards_effect:CotG:Wind Tyrant,cards_effect,CotG,38bcab0a945f,Wind Tyrant,奖励：获得3荣誉。获得3符文。,reviewed,,loc/zh-Hans/lua_cards.csv
cards_effect:CotG:Wolf Shaman,cards_effect,CotG,bb5fad14a444,Wolf Shaman,获得1符文。抽一张牌。,reviewed,,loc/zh-Hans/lua_cards.csv
"cards_effect:CotG:Xeron, Duke of Lies",cards_effect,CotG,c20c35dd8081,"Xeron, Duke of Lies",奖励：获得3荣誉. 拿取一张卡牌随机从 每位对手之手牌和 将该卡牌加入以 你的手牌.,draft,,loc/zh-Hans/lua_cards.csv
cards_effect:CotG:Yggdrasil Staff,cards_effect,CotG,d887989ae150,Yggdrasil Staff,每回合一次，获得1战力。若你本回合打出过命约英雄，获得2荣誉。,reviewed,,loc/zh-Hans/lua_cards.csv
cards_effect:DS:Alluring Shaman,cards_effect,DS,887a75833888,Alluring Shaman,获得1符文.\r\n你可以支付 1洞察以 获得3荣誉.,draft,,loc/zh-Hans/lua_cards.csv
cards_effect:DS:Arbiter's Censer,cards_effect,DS,05e983d35ac3,Arbiter's Censer,"当你 击败一个怪物在中央牌列, 获得2荣誉.",draft,,loc/zh-Hans/lua_cards.csv
cards_effect:DS:Arha Sensei DS,cards_effect,DS,3307c1ff3bc7,Arha Sensei DS,放逐一张卡牌在你的手牌中. 若你如此做，获取秘教士或 重装步兵无需支付费用. 加入它以 你的手牌.,draft,,loc/zh-Hans/lua_cards.csv
cards_effect:DS:Armistice,cards_effect,DS,4be62d8ae504,Armistice,每位玩家弃掉其 手牌和 抽五 卡牌.,draft,,loc/zh-Hans/lua_cards.csv
cards_effect:DS:Ashes to Ashes,cards_effect,DS,b616d68666dc,Ashes to Ashes,放逐所有卡牌在中央牌列.,draft,,loc/zh-Hans/lua_cards.csv
cards_effect:DS:Askaran Armor,cards_effect,DS,b3727477b0c1,Askaran Armor,"每回合一次，当你 获取卡牌从 你的梦境, 你可以将一张卡牌加入你的梦境.",draft,,loc/zh-Hans/lua_cards.csv
cards_effect:DS:Aura of the Askara,cards_effect,DS,5b60a9a3d9f1,Aura of the Askara,"若你打出过两 圣贤英雄以 同名本回合, 你可以获取此 无需支付费用.\r\nONGOING: 每回合一次，你可以复制效果的 英雄你 拥有打出过本回合.",draft,,loc/zh-Hans/lua_cards.csv
cards_effect:DS:Auspicious Askara,cards_effect,DS,7c4556b4f514,Auspicious Askara,抽一张牌.\r\n联合： 你可以放逐一张卡牌在中央牌列.,draft,,loc/zh-Hans/lua_cards.csv
cards_effect:DS:Berserker Frenzy,cards_effect,DS,407aa4166ea8,Berserker Frenzy,"若你 拥有被击败三 或更高怪物在中央牌列本回合, 你可以获取此 无需支付费用.\r\n获得10荣誉.\r\nONGOING: 每回合一次，当你 击败一个怪物, 双倍其H reward.",draft,,loc/zh-Hans/lua_cards.csv
cards_effect:DS:Brainstorm Sentry,cards_effect,DS,a3f18489b99c,Brainstorm Sentry,获得1符文和 1战力以 每个机械神器你控制的.,draft,,loc/zh-Hans/lua_cards.csv
cards_effect:DS:Bringer of Despair,cards_effect,DS,7f9e13b819dc,Bringer of Despair,获得2战力.\r\n联合： Double你的P.,draft,,loc/zh-Hans/lua_cards.csv
cards_effect:DS:Call of Darkness,cards_effect,DS,50f117ee62cc,Call of Darkness,放逐至多 5 卡牌在你的手牌或弃牌堆.,draft,,loc/zh-Hans/lua_cards.csv
cards_effect:DS:Caustic Conjurer,cards_effect,DS,be9c26e4e2f4,Caustic Conjurer,获得1洞察.\r\n你可以放逐一张卡牌在你的手牌或弃牌堆.,draft,,loc/zh-Hans/lua_cards.csv
cards_effect:DS:Cetra's Respite,cards_effect,DS,c5499a48e839,Cetra's Respite,获取一个英雄在中央牌列无需支付费用.,draft,,loc/zh-Hans/lua_cards.csv
cards_effect:DS:Chaos Cannon,cards_effect,DS,d65ed804d8c2,Chaos Cannon,每回合一次，你可以支付 5洞察以 获得10战力. 你可以支付 1洞察更低以use此异能以 每个其他机械神器你控制的.,draft,,loc/zh-Hans/lua_cards.csv
cards_effect:DS:Chronicle of Vigil,cards_effect,DS,19d35e9da34e,Chronicle of Vigil,每回合一次，获得1荣誉以 每个派系在你控制的神器之中. (此卡牌具有没有派系.),draft,,loc/zh-Hans/lua_cards.csv
cards_effect:DS:Deluding Djinn,cards_effect,DS,884ef4873425,Deluding Djinn,奖励： 获得5荣誉.\r\n你可以花费I视为P以击败此.,draft,,loc/zh-Hans/lua_cards.csv
cards_effect:DS:Deluxe Capacitor,cards_effect,DS,e3c9e84697c3,Deluxe Capacitor,"你可以视为梦神器s作为如同他们为 机械神器.\r\n每回合一次，当你 打出机械神器 (包括此牌一), 抽一张牌.",draft,,loc/zh-Hans/lua_cards.csv
cards_effect:DS:Dream Lab,cards_effect,DS,a3222ba14e0c,Dream Lab,你可以支付 1符文更低以 获取神器s在中央牌列.,draft,,loc/zh-Hans/lua_cards.csv
cards_effect:DS:Dreamkiller,cards_effect,DS,48041cf88ef5,Dreamkiller,获得2战力和 1洞察.,draft,,loc/zh-Hans/lua_cards.csv
cards_effect:DS:Dreamshaper Jesse,cards_effect,DS,2a42d06a440a,Dreamshaper Jesse,获取顶部卡牌的 梦牌库无需支付费用.,draft,,loc/zh-Hans/lua_cards.csv
cards_effect:DS:Dreamwillow,cards_effect,DS,51d532d1bd1f,Dreamwillow,"每回合一次，获得1符文.\r\n每回合你首次打出命约英雄时, 获得1洞察.",draft,,loc/zh-Hans/lua_cards.csv
cards_effect:DS:Dreamwillow Druids,cards_effect,DS,982ce33e67c7,Dreamwillow Druids,选择一项： 获取一个英雄以 费用 5符文或更低无需支付费用; 或将一张卡牌加入你的梦境.,draft,,loc/zh-Hans/lua_cards.csv
cards_effect:DS:Dust to Dust,cards_effect,DS,84944b21798d,Dust to Dust,摧毁所有神器s你的对手控制.,draft,,loc/zh-Hans/lua_cards.csv
"cards_effect:DS:Emri, Shadowslayer",cards_effect,DS,ba6a49692ccf,"Emri, Shadowslayer",获得5战力.\r\n你可以花费P视为I本回合.,draft,,loc/zh-Hans/lua_cards.csv
cards_effect:DS:Engulfing Kraken,cards_effect,DS,fbb81998c283,Engulfing Kraken,"奖励： 获得6荣誉. 拿取一张卡牌随机从 每位对手之梦境, 和将它们加入你的梦境.",draft,,loc/zh-Hans/lua_cards.csv
cards_effect:DS:Ephemeral Druid,cards_effect,DS,0d4b21c5f1bb,Ephemeral Druid,"获得5荣誉, 然后放逐此牌.",draft,,loc/zh-Hans/lua_cards.csv
cards_effect:DS:Ephemeral Inventor,cards_effect,DS,1ab59190725f,Ephemeral Inventor,"获得3符文, 然后放逐此牌.",draft,,loc/zh-Hans/lua_cards.csv
cards_effect:DS:Ephemeral Monk,cards_effect,DS,978884e086d5,Ephemeral Monk,"抽 2 卡牌, 然后放逐此牌.",draft,,loc/zh-Hans/lua_cards.csv
cards_effect:DS:Ephemeral Ritualist,cards_effect,DS,d73770afb6d3,Ephemeral Ritualist,"获得4战力, 然后放逐此牌.",draft,,loc/zh-Hans/lua_cards.csv
cards_effect:DS:Fatality Blades,cards_effect,DS,7b7b2feb4f3b,Fatality Blades,"每回合一次，获得1战力.\r\n每回合一次，当你 击败一个怪物在中央牌列, 获得1洞察.",draft,,loc/zh-Hans/lua_cards.csv
cards_effect:DS:Fear Wielder,cards_effect,DS,bce959303468,Fear Wielder,"获得3战力.\r\n下次你击败一个怪物在中央牌列本回合, 将一张卡牌加入你的梦境.",draft,,loc/zh-Hans/lua_cards.csv
cards_effect:DS:Fen Maw,cards_effect,DS,711f14de770e,Fen Maw,奖励： 获得3荣誉. 获得2洞察.,draft,,loc/zh-Hans/lua_cards.csv
cards_effect:DS:Fleeting Hope Djinn,cards_effect,DS,83efc185580b,Fleeting Hope Djinn,奖励： 获得5荣誉. 加入两卡牌以 你的梦境.,draft,,loc/zh-Hans/lua_cards.csv
cards_effect:DS:Flytrap Fairy,cards_effect,DS,f323c64e005c,Flytrap Fairy,"获得1符文, 1荣誉, 和 1洞察.",draft,,loc/zh-Hans/lua_cards.csv
cards_effect:DS:Garden Attendant,cards_effect,DS,601714a08c88,Garden Attendant,获得1洞察.\r\n抽一张牌.,draft,,loc/zh-Hans/lua_cards.csv
cards_effect:DS:Hedron Berserker,cards_effect,DS,a76e4caa8e53,Hedron Berserker,"获得3符文或 3战力. 若你控制的三 或更高神器s, 获得两者改为.",draft,,loc/zh-Hans/lua_cards.csv
cards_effect:DS:Hulking Crab,cards_effect,DS,2066958b298f,Hulking Crab,奖励： 获得4荣誉. 每位对手摧毁half的其 神器s进位至多.,draft,,loc/zh-Hans/lua_cards.csv
cards_effect:DS:ID34 Detector,cards_effect,DS,68ff9f4ec468,ID34 Detector,"每回合一次，当你 打出机械神器 (包括此牌一), 获得1洞察.",draft,,loc/zh-Hans/lua_cards.csv
cards_effect:DS:Imaginative Matron,cards_effect,DS,bd828d1e7d46,Imaginative Matron,"抽一张牌, 然后弃掉卡牌.\r\n联合： Return卡牌从 你的弃牌堆以 你的手牌.",draft,,loc/zh-Hans/lua_cards.csv
cards_effect:DS:Inquarry Hydra,cards_effect,DS,b71f46d0a5fd,Inquarry Hydra,每回合一次，获得1洞察以 每个机械神器你控制的 (包括此牌一).,draft,,loc/zh-Hans/lua_cards.csv
"cards_effect:DS:Loa, Sleeping Dragon",cards_effect,DS,fbaee4494ec8,"Loa, Sleeping Dragon",获得3洞察.\r\n抽一张牌.,draft,,loc/zh-Hans/lua_cards.csv
cards_effect:DS:Loam Summoner,cards_effect,DS,8355736c1126,Loam Summoner,将一张卡牌加入你的梦境.\r\n你可以放逐一张卡牌在你的手牌或弃牌堆.,draft,,loc/zh-Hans/lua_cards.csv
cards_effect:DS:Lunar Embrace,cards_effect,DS,c48b7559223f,Lunar Embrace,此回合你可以花费R视为P.,draft,,loc/zh-Hans/lua_cards.csv
cards_effect:DS:Lunar Pack,cards_effect,DS,48e7fe318c70,Lunar Pack,获得2符文.\r\n联合： 获得2洞察.,draft,,loc/zh-Hans/lua_cards.csv
cards_effect:DS:Nairi's Blessing,cards_effect,DS,cb0a68c22aa9,Nairi's Blessing,"若你打出过三 或更高命约英雄本回合, 你可以获取此 无需支付费用.\r\n获得10荣誉.\r\nONGOING: 你为 视为以 拥有打出过命约英雄每回合.",draft,,loc/zh-Hans/lua_cards.csv
cards_effect:DS:Nightmare Harvester,cards_effect,DS,229e30630f6b,Nightmare Harvester,获得4战力. 你可以支付 1洞察以 获得4符文改为.,draft,,loc/zh-Hans/lua_cards.csv
cards_effect:DS:Nightmare Tyrant,cards_effect,DS,82cd1e8b9c73,Nightmare Tyrant,奖励： 获得5荣誉. 获取一个卡牌从 你的梦境无需支付费用.,draft,,loc/zh-Hans/lua_cards.csv
"cards_effect:DS:Nilus, the Despair",cards_effect,DS,27b06f071d50,"Nilus, the Despair",奖励： 获得7荣誉. 获取顶部三 卡牌的 梦牌库无需支付其 费用.,draft,,loc/zh-Hans/lua_cards.csv
cards_effect:DS:Nocturnal Seer,cards_effect,DS,071a20139984,Nocturnal Seer,抽一张牌.\r\n你可以支付 1符文更低下次你获取梦生卡牌本回合.,draft,,loc/zh-Hans/lua_cards.csv
cards_effect:DS:Order of the Gear,cards_effect,DS,02af7451445c,Order of the Gear,"若你控制的四 或更高神器s, 你可以获取此 无需支付费用.\r\nONGOING: 你的机械英雄为 神器s改为. 你可以use其异能每回合一次.",draft,,loc/zh-Hans/lua_cards.csv
cards_effect:DS:Pasythea's Ward,cards_effect,DS,278798abf44e,Pasythea's Ward,每回合一次，获得1洞察.,draft,,loc/zh-Hans/lua_cards.csv
"cards_effect:DS:Pasythea, the Aegis",cards_effect,DS,1766c001a9c0,"Pasythea, the Aegis","此英雄视为作为所有派系. 获得3符文, 3战力, 3荣誉.\r\n若你控制的帕西提亚的守护, 你可以获取此 无需支付费用和 将它放置置入你的手牌.",draft,,loc/zh-Hans/lua_cards.csv
cards_effect:DS:Planar Aperture,cards_effect,DS,949854d00de9,Planar Aperture,"当你 获取机械神器, 你可以支付 1洞察以 将其直接进入战场.",draft,,loc/zh-Hans/lua_cards.csv
cards_effect:DS:Puppetmaster,cards_effect,DS,a4a832a21b20,Puppetmaster,奖励： 获得4荣誉. 拿取1洞察从 每位对手.,draft,,loc/zh-Hans/lua_cards.csv
"cards_effect:DS:Raka, Dreamtender",cards_effect,DS,185bbae179dc,"Raka, Dreamtender",获得5荣誉.\r\n将一张卡牌加入你的梦境.,draft,,loc/zh-Hans/lua_cards.csv
cards_effect:DS:Reverie Muse,cards_effect,DS,4efc325c4fd4,Reverie Muse,获得1符文.\r\n联合： Double你的R.,draft,,loc/zh-Hans/lua_cards.csv
cards_effect:DS:Rust Gremlin,cards_effect,DS,aaca7a2c44e5,Rust Gremlin,奖励： 获得1荣誉. 抽一张牌.,draft,,loc/zh-Hans/lua_cards.csv
cards_effect:DS:Stalk the Shadows,cards_effect,DS,542a4514928a,Stalk the Shadows,此回合你可以击败怪物在 虚空区视为在中央牌列.,draft,,loc/zh-Hans/lua_cards.csv
cards_effect:DS:Synapse Spire,cards_effect,DS,ebbaf9edcc63,Synapse Spire,"每回合一次，当你 打出机械神器 (包括此牌一), 将一张卡牌加入你的梦境.",draft,,loc/zh-Hans/lua_cards.csv
cards_effect:DS:TH07 Tank,cards_effect,DS,65617dacc9bb,TH07 Tank,每回合一次，你可以支付 1洞察以 获得3符文. 你可以花费它们只 以获取机械神器.,draft,,loc/zh-Hans/lua_cards.csv
cards_effect:DS:Technological Leap,cards_effect,DS,6443c50bccd3,Technological Leap,获取所有神器s在中央牌列无需支付其 费用.,draft,,loc/zh-Hans/lua_cards.csv
cards_effect:DS:Templar Dragoon,cards_effect,DS,8215507a2cb3,Templar Dragoon,"击败一个怪物以 费用 4 或更低无需支付费用, 或将一张卡牌加入你的梦境.",draft,,loc/zh-Hans/lua_cards.csv
cards_effect:DS:Test of Faith,cards_effect,DS,c7f367966567,Test of Faith,"展示传送门牌库顶的卡牌. 获取或 击败它 无需支付费用. 若你 获取一个英雄以此方式, 将它放置置入你的手牌.",draft,,loc/zh-Hans/lua_cards.csv
cards_effect:DS:Thieving Gryphon,cards_effect,DS,f46fa8db717e,Thieving Gryphon,奖励： 获得2荣誉. 获得2符文.,draft,,loc/zh-Hans/lua_cards.csv
cards_effect:DS:Tidestalker,cards_effect,DS,a3cff914f3dc,Tidestalker,奖励： 获得4荣誉.,draft,,loc/zh-Hans/lua_cards.csv
cards_effect:DS:Trinket Harpy,cards_effect,DS,2c4f742b57b8,Trinket Harpy,奖励： 获得3荣誉. 将一张卡牌加入你的梦境.,draft,,loc/zh-Hans/lua_cards.csv
cards_effect:DS:Unbound Emissary,cards_effect,DS,f462b184d59e,Unbound Emissary,你可以花费I视为R以获取此.\r\n获取或 击败任意卡牌在中央牌列或 你的梦境无需支付费用.,draft,,loc/zh-Hans/lua_cards.csv
"cards_effect:DS:Verdagris, the Wild",cards_effect,DS,ebd6b86619ee,"Verdagris, the Wild","获得4符文.\r\n每位次 你获取一个英雄本回合, 获得I相等以 其H值.",draft,,loc/zh-Hans/lua_cards.csv
cards_effect:DS:Verdant Hatchling,cards_effect,DS,9f56782a8043,Verdant Hatchling,获得2荣誉.\r\n联合： 获得2符文.,draft,,loc/zh-Hans/lua_cards.csv
cards_effect:DS:Vigil's Resolve,cards_effect,DS,8ec6a3f8fa4e,Vigil's Resolve,"当你 打出秘教士, 获得1符文.\r\n当你 打出重装步兵, 获得1战力.",draft,,loc/zh-Hans/lua_cards.csv
cards_effect:DS:Wicked End,cards_effect,DS,1a63a7535f21,Wicked End,击败一个怪物在中央牌列无需支付费用.,draft,,loc/zh-Hans/lua_cards.csv
cards_effect:DS:Yggdrasil Canopy,cards_effect,DS,db467e39c50d,Yggdrasil Canopy,"当你 会获得H没有击败怪物, 获得两次该 等量的H改为.",draft,,loc/zh-Hans/lua_cards.csv
cards_effect:DU:Anointed Askara,cards_effect,DU,c6a10625beb8,Anointed Askara,"抽一张牌.\r\n一次本回合, 当你 获取一个英雄或 神器从中央牌列, 将它放置置入你的手牌.",draft,,loc/zh-Hans/lua_cards.csv
cards_effect:DU:Arbiter of the Lost,cards_effect,DU,972c6b68d1a8,Arbiter of the Lost,获得2E.\r\n你可以放逐一张卡牌在你的手牌或弃牌堆.,draft,,loc/zh-Hans/lua_cards.csv
cards_effect:DU:Arha Mentor,cards_effect,DU,2e8449181812,Arha Mentor,ENERGIZE 2E: 抽一张牌.\r\n你可以放逐一张卡牌从你的手牌. 若你如此做，获取秘教士或 重装步兵无需支付费用和 将它放置置入你的手牌.,draft,,loc/zh-Hans/lua_cards.csv
cards_effect:DU:Azerax of the Black Watch,cards_effect,DU,a277578fb56c,Azerax of the Black Watch,"ENERGIZE 4E: 将此牌转化为阿泽拉克斯, 尼克斯的天选者. (忽略此牌的其余卡牌之效果.)\r\n获得4战力.\r\n你可以放逐一张卡牌在你的手牌或弃牌堆.",draft,,loc/zh-Hans/lua_cards.csv
"cards_effect:DU:Azerax, Nyx's Chosen",cards_effect,DU,509de2714b23,"Azerax, Nyx's Chosen",获得6战力.\r\n你可以放逐任意数量的 卡牌在你的手牌中和/或弃牌堆.,draft,,loc/zh-Hans/lua_cards.csv
cards_effect:DU:Cacklecast Wretch,cards_effect,DU,40dd9368dc79,Cacklecast Wretch,"若你 拥有已获得 4E或更高本回合, 你可以击败此 无需支付费用.\r\n奖励： 获得4荣誉.",draft,,loc/zh-Hans/lua_cards.csv
cards_effect:DU:Charging Chamber,cards_effect,DU,08560713dd59,Charging Chamber,"每回合一次，当你 打出机械神器 (包括此牌一), 获得1E.",draft,,loc/zh-Hans/lua_cards.csv
cards_effect:DU:Crystalline Monk,cards_effect,DU,a463f59eb1d1,Crystalline Monk,获得2符文.\r\n你可以move宝藏从 其下卡牌在中央牌列以 另一卡牌在中央牌列.,draft,,loc/zh-Hans/lua_cards.csv
cards_effect:DU:Dark Energy Shard,cards_effect,DU,22526b6b632c,Dark Energy Shard,天命： 每位玩家可以放逐一张卡牌在 其弃牌堆.,draft,,loc/zh-Hans/lua_cards.csv
cards_effect:DU:Dendris the Gladewyrm,cards_effect,DU,438f707edf2b,Dendris the Gladewyrm,"获得2符文, 2战力, 和 2荣誉.\r\nENERGIZE 3E: 获得额外的 2符文, 2战力, 和 2荣誉.",draft,,loc/zh-Hans/lua_cards.csv
"cards_effect:DU:Erabus, Son of Nyx",cards_effect,DU,9ff1605b33df,"Erabus, Son of Nyx",击败一个怪物在 虚空区无需支付费用和 将它放置置于其底： 传送门牌库.,draft,,loc/zh-Hans/lua_cards.csv
"cards_effect:DU:Erabus, the Exiled",cards_effect,DU,14f5f3e5f870,"Erabus, the Exiled","若你打出过黑暗能量碎片本回合, 你支付 2战力更低以 击败此.\r\n奖励： 将此牌转化为埃拉布斯, 之子的 尼克斯和 将它放置置入你的手牌.",draft,,loc/zh-Hans/lua_cards.csv
cards_effect:DU:Gem-Eater Leprechaun,cards_effect,DU,5974a6f093a5,Gem-Eater Leprechaun,获得2符文和 2E.,draft,,loc/zh-Hans/lua_cards.csv
cards_effect:DU:Gemcatcher Spirit,cards_effect,DU,66e49d0d716b,Gemcatcher Spirit,ENERGIZE 2E: 将此牌转化为异界向导. (忽略此牌的其余卡牌之效果.)\r\n抽一张牌.,draft,,loc/zh-Hans/lua_cards.csv
cards_effect:DU:Hedron Dredger,cards_effect,DU,e9715633cb5d,Hedron Dredger,"每回合一次，若你控制的三 或更高机械神器, 你可以充能神器你控制的.",draft,,loc/zh-Hans/lua_cards.csv
cards_effect:DU:Honiskrot Chieftain,cards_effect,DU,858cc773a46e,Honiskrot Chieftain,获得3符文.,draft,,loc/zh-Hans/lua_cards.csv
cards_effect:DU:Honiskrot Tribesman,cards_effect,DU,3fbf287b28c8,Honiskrot Tribesman,ENERGIZE 2E: 将此牌转化为霍尼斯克洛特酋长. (忽略此牌的其余卡牌之效果.)\r\n获得1符文.,draft,,loc/zh-Hans/lua_cards.csv
"cards_effect:DU:Jakeb, Cobra King",cards_effect,DU,b102f19dcb3d,"Jakeb, Cobra King","获得6荣誉.\r\n当你 获得荣誉从 另一卡牌本回合, 获得两次该 等量的荣誉改为.",draft,,loc/zh-Hans/lua_cards.csv
"cards_effect:DU:Jakeb, Cobra Shaman",cards_effect,DU,d31ee050a898,"Jakeb, Cobra Shaman","ENERGIZE 4E: 将此牌转化为杰克布, 眼镜蛇王. (忽略此牌的其余卡牌之效果.)\r\n获得3荣誉.",draft,,loc/zh-Hans/lua_cards.csv
"cards_effect:DU:Moken, the Huntmaster",cards_effect,DU,24a0f3c5268a,"Moken, the Huntmaster","获得5荣誉.\r\nAt结束时游戏, 莫肯, 猎主之荣誉值 为相等以 数量为宝藏卡牌在 你的牌库.",draft,,loc/zh-Hans/lua_cards.csv
cards_effect:DU:Mosaic Horn,cards_effect,DU,0b509d55ebf6,Mosaic Horn,"ENERGIZE 2E: 一次本回合, 获得2符文.",draft,,loc/zh-Hans/lua_cards.csv
cards_effect:DU:Nightmare Sentinel,cards_effect,DU,1dc373085df9,Nightmare Sentinel,"获得2战力.\r\n下次你击败一个怪物在中央牌列本回合, 你可以放逐一张卡牌在你的手牌或弃牌堆.",draft,,loc/zh-Hans/lua_cards.csv
cards_effect:DU:Nyxian Ritualist,cards_effect,DU,029ff9bdc7c4,Nyxian Ritualist,获得3战力和 3E.,draft,,loc/zh-Hans/lua_cards.csv
cards_effect:DU:Otherworldly Guide,cards_effect,DU,eef257ceba7a,Otherworldly Guide,抽两张牌.,draft,,loc/zh-Hans/lua_cards.csv
cards_effect:DU:Oxipede,cards_effect,DU,dcf45e8939a8,Oxipede,奖励： 获得2荣誉.\r\nENERGIZE 2E: 获得2荣誉.,draft,,loc/zh-Hans/lua_cards.csv
cards_effect:DU:Phasefiend,cards_effect,DU,ecd80507c8be,Phasefiend,奖励： 获得1荣誉. 你可以放逐一张卡牌在你的手牌或弃牌堆.,draft,,loc/zh-Hans/lua_cards.csv
cards_effect:DU:Plunder Devil,cards_effect,DU,ff16279be3fe,Plunder Devil,奖励： 获得5荣誉. 你可以获取一个英雄或 神器以 费用 3符文或更低无需支付费用.\r\nENERGIZE 2E: 改为， 你可以获取一个英雄或 神器以 费用 6符文或更低无需支付费用.,draft,,loc/zh-Hans/lua_cards.csv
cards_effect:DU:Raven Siren,cards_effect,DU,7038a90ec6e1,Raven Siren,获得1符文.\r\n充能： 你支付 1符文更低以 每个 1E你拥有已获得本回合下次你获取一个英雄本回合.,draft,,loc/zh-Hans/lua_cards.csv
cards_effect:DU:Replication Drone,cards_effect,DU,6bf194f20f59,Replication Drone,你为 视为以 控制额外的机械神器.,draft,,loc/zh-Hans/lua_cards.csv
cards_effect:DU:Riftwalker's Axe,cards_effect,DU,d54d4d33cf48,Riftwalker's Axe,"ENERGIZE 2E: 一次本回合, 获得2战力.",draft,,loc/zh-Hans/lua_cards.csv
cards_effect:DU:Scrabbling Squad,cards_effect,DU,e8c9ba984f2a,Scrabbling Squad,获得2符文和 2战力.,draft,,loc/zh-Hans/lua_cards.csv
cards_effect:DU:Scrap Scrabbler,cards_effect,DU,150d13f231c8,Scrap Scrabbler,ENERGIZE 2E: 将此牌转化为翻捡小队. (忽略此牌的其余卡牌之效果.)\r\n获得1符文和 1战力.,draft,,loc/zh-Hans/lua_cards.csv
cards_effect:DU:Shardfinder Compass,cards_effect,DU,79cde08e87d4,Shardfinder Compass,你可以放逐此牌以 获取所有的 宝藏s在中央牌列.,draft,,loc/zh-Hans/lua_cards.csv
cards_effect:DU:Smoke Tyrant,cards_effect,DU,cc4e7b59a6ec,Smoke Tyrant,奖励： 获得4荣誉. 放逐顶部七张卡牌的 传送门牌库.,draft,,loc/zh-Hans/lua_cards.csv
"cards_effect:DU:Toric, Ascendant",cards_effect,DU,a7b64520f7f2,"Toric, Ascendant",获取一个英雄无需支付费用和 将它放置置入你的手牌.,draft,,loc/zh-Hans/lua_cards.csv
"cards_effect:DU:Toric, Devoted Disciple",cards_effect,DU,9f26cf166fed,"Toric, Devoted Disciple","ENERGIZE 4E: 将此牌转化为托里克, 飞升者. (忽略此牌的其余卡牌之效果.)\r\n复制效果的 英雄在中央牌列.",draft,,loc/zh-Hans/lua_cards.csv
cards_effect:DU:Valiant Ascetic,cards_effect,DU,cd5e21ec3131,Valiant Ascetic,你可以放逐此牌以 击败一个怪物以 费用 5战力或更低无需支付费用.,draft,,loc/zh-Hans/lua_cards.csv
cards_effect:DU:Vault Lich,cards_effect,DU,5caf65c9aa4e,Vault Lich,"天命： 当此牌进入中央牌列时, 放逐每个卡牌在中央牌列以 宝藏其下它.",draft,,loc/zh-Hans/lua_cards.csv
"cards_effect:DU:Veya, Handmaiden of Logos",cards_effect,DU,880a8dfbaa44,"Veya, Handmaiden of Logos","选择一项： 获取一个英雄以 费用 6符文或更低无需支付费用, 或击败一个怪物以 费用 6战力或更低无需支付费用.\r\nENERGIZE 2E: 改为， 你可以选择两者.",draft,,loc/zh-Hans/lua_cards.csv
cards_effect:DU:Voidsworn Champion,cards_effect,DU,b666e35e4e21,Voidsworn Champion,获得4战力.,draft,,loc/zh-Hans/lua_cards.csv
cards_effect:DU:Voidsworn Warrior,cards_effect,DU,940380586427,Voidsworn Warrior,ENERGIZE 2E: 将此牌转化为誓虚冠军. (忽略此牌的其余卡牌之效果.)\r\n获得1战力.,draft,,loc/zh-Hans/lua_cards.csv
cards_effect:DU:Webclaw,cards_effect,DU,1dbe1c4e379e,Webclaw,奖励： 获得3荣誉. 每位对手以 三或更高神器s在打出desroys神器其控制的.\r\nENERGIZE 3E: 改为， 每位对手摧毁神器其控制的.,draft,,loc/zh-Hans/lua_cards.csv
"cards_effect:DU:Yolocryx, the Guardian",cards_effect,DU,7b16febc3036,"Yolocryx, the Guardian","获得5战力和 额外的 1战力以 每个机械神器你控制的.\r\n当你 打出机械神器, 你可以将此牌返回从 你的弃牌堆以 你的手牌.",draft,,loc/zh-Hans/lua_cards.csv
cards_effect:DU:Yolothian Monolith,cards_effect,DU,e24dd0497f5a,Yolothian Monolith,"ENERGIZE 4E: 将此牌转化为约洛克瑞克斯, 守卫和 将它放置置入你的手牌.",draft,,loc/zh-Hans/lua_cards.csv
cards_effect:Del:Aegis Knight,cards_effect,Del,2f850d76a2b5,Aegis Knight,放逐一张卡牌在你的手牌或弃牌堆. 若你如此做，将它替换以 秘教士或 重装步兵.,draft,,loc/zh-Hans/lua_cards.csv
cards_effect:Del:Arbiter Circlet,cards_effect,Del,6241026f19dc,Arbiter Circlet,每回合一次，获得1战力.,draft,,loc/zh-Hans/lua_cards.csv
cards_effect:Del:Bleaktoad,cards_effect,Del,38d1366048cb,Bleaktoad,奖励：获得4荣誉. 你可以放逐一张卡牌在你的手牌或弃牌堆. 你可以支付 2洞察以 放逐额外的卡牌在你的手牌或弃牌堆.,draft,,loc/zh-Hans/lua_cards.csv
"cards_effect:Del:Cetra, Voidmother",cards_effect,Del,d326b3180db9,"Cetra, Voidmother","获得4战力.\r\n下次你击败一个怪物在中央牌列本回合, 你可以获取一个英雄无需支付费用和 将它放置放到你的牌库顶.",draft,,loc/zh-Hans/lua_cards.csv
cards_effect:Del:Clockwork Blade,cards_effect,Del,2e6ac120afe7,Clockwork Blade,"每回合一次，当你 打出机械神器 (包括此牌一), 获得1战力以 每个机械神器你的控制.",draft,,loc/zh-Hans/lua_cards.csv
cards_effect:Del:Clockwork Familiar,cards_effect,Del,381be01a315d,Clockwork Familiar,"每回合一次，当你 打出机械神器 (包括此牌一), 获得1符文以 每个机械神器你的控制.",draft,,loc/zh-Hans/lua_cards.csv
cards_effect:Del:Clockwork Helm,cards_effect,Del,0e8ea34a5424,Clockwork Helm,"每回合一次，当你 打出机械神器 (包括此牌一), 获得1洞察以 每个机械神器你的控制.",draft,,loc/zh-Hans/lua_cards.csv
cards_effect:Del:Clockwork Shield,cards_effect,Del,944766738670,Clockwork Shield,"每回合一次，当你 打出机械神器 (包括此牌一), 获得1荣誉以 每个机械神器你的控制.",draft,,loc/zh-Hans/lua_cards.csv
cards_effect:Del:Darktome Librarian,cards_effect,Del,b5f5b228c771,Darktome Librarian,获得2洞察.\r\n你可以放逐一张卡牌在你的手牌或弃牌堆.,draft,,loc/zh-Hans/lua_cards.csv
cards_effect:Del:Delirium Nymph,cards_effect,Del,f96c46b9fc8c,Delirium Nymph,获得1符文.\r\n联合： 抽 2 卡牌. (获得此效果一次若 你打出或 拥有打出过另一命约英雄本回合.),draft,,loc/zh-Hans/lua_cards.csv
cards_effect:Del:Delirium Pixies,cards_effect,Del,6053c60dfd53,Delirium Pixies,奖励：获得2荣誉和 3符文.,draft,,loc/zh-Hans/lua_cards.csv
cards_effect:Del:Demon Pups,cards_effect,Del,afd511d8e96c,Demon Pups,"奖励：获得1荣誉. 抽一张牌. 然后, 你可以支付 1洞察以 抽额外的卡牌.",draft,,loc/zh-Hans/lua_cards.csv
"cards_effect:Del:Dhartha, Mechamonk",cards_effect,Del,68b9126908ef,"Dhartha, Mechamonk","每回合一次，当你 打出机械神器 (包括此牌一), 抽一张牌以 每个机械神器你的控制.",draft,,loc/zh-Hans/lua_cards.csv
cards_effect:Del:Dimension Monk,cards_effect,Del,dfe4f1839a39,Dimension Monk,抽一张牌.\r\n你可以支付 1洞察以 再次发生. (获得效果列出的上方额外的次. 你可以只再次发生一次.),draft,,loc/zh-Hans/lua_cards.csv
cards_effect:Del:Divine Askara,cards_effect,Del,d2d89a9a7857,Divine Askara,复制本回合打出的一张英雄的效果。\r\n你可以支付 3洞察以 复制所选效果两次改为.\r\n此效果不能是 被复制.,draft,,loc/zh-Hans/lua_cards.csv
cards_effect:Del:Dreadmare,cards_effect,Del,e0680146605d,Dreadmare,奖励：获得4荣誉和 3洞察.,draft,,loc/zh-Hans/lua_cards.csv
cards_effect:Del:Dream Dealer,cards_effect,Del,21013a3fc06c,Dream Dealer,"抽一张牌, 然后放逐一张卡牌在中央牌列. 然后, 若存在启迪, 生命, 机械, 和虚空卡牌在中央牌列, 掷谵妄骰.",draft,,loc/zh-Hans/lua_cards.csv
cards_effect:Del:Dream Eater,cards_effect,Del,6fca328e77db,Dream Eater,奖励：获得2荣誉和 1洞察.,draft,,loc/zh-Hans/lua_cards.csv
cards_effect:Del:Dream Guide,cards_effect,Del,bd52f45bfc2c,Dream Guide,获得2符文和 1洞察.,draft,,loc/zh-Hans/lua_cards.csv
cards_effect:Del:Dream Stone,cards_effect,Del,06a727eaced8,Dream Stone,你可以放逐此牌以 掷谵妄骰.,draft,,loc/zh-Hans/lua_cards.csv
cards_effect:Del:Dreamscape Diviner,cards_effect,Del,893c71ac9737,Dreamscape Diviner,获得2洞察.,draft,,loc/zh-Hans/lua_cards.csv
cards_effect:Del:Dreamscape Dryad,cards_effect,Del,f6a149690079,Dreamscape Dryad,获得3荣誉.\r\n你可以支付 3洞察以 再次发生. (获得效果列出的上方额外的次. 你可以只再次发生一次.),draft,,loc/zh-Hans/lua_cards.csv
cards_effect:Del:Emma Ironheart,cards_effect,Del,2e82d81b2ac1,Emma Ironheart,"获得3符文. 若你控制的两 或更高神器s, 获得3战力.\r\n你可以支付 3洞察以 再次发生.",draft,,loc/zh-Hans/lua_cards.csv
"cards_effect:Del:Emri, Lightbringer",cards_effect,Del,3d8be15d608f,"Emri, Lightbringer",击败一个怪物在中央牌列或 虚空区无需支付费用. 放置该 怪物置于其底： 传送门牌库.,draft,,loc/zh-Hans/lua_cards.csv
"cards_effect:Del:Evvy, Ogo's Gift",cards_effect,Del,d9f36fdde195,"Evvy, Ogo's Gift",获取一个英雄无需支付费用和 将它放置放到你的牌库顶.\r\n你可以3洞察以 再次发生. (获得效果列出的上方额外的次. 你可以只再次发生一次.),draft,,loc/zh-Hans/lua_cards.csv
"cards_effect:Del:Glover, Dream Titan",cards_effect,Del,3a69a15cd65f,"Glover, Dream Titan",奖励：获得7荣誉. 选择一名玩家和 拿取所有的 其I和随机卡牌从其手牌. 加入该卡牌以 你的手牌.,draft,,loc/zh-Hans/lua_cards.csv
cards_effect:Del:Inferna Templar,cards_effect,Del,79a5b88f635f,Inferna Templar,"抽一张牌.\r\n若你控制的两 或更高神器s, 抽额外的卡牌.",draft,,loc/zh-Hans/lua_cards.csv
cards_effect:Del:Karion,cards_effect,Del,6970ae7a794c,Karion,奖励：获得5荣誉和 10洞察.,draft,,loc/zh-Hans/lua_cards.csv
"cards_effect:Del:Kor, Worldbreaker",cards_effect,Del,847e679a6ffc,"Kor, Worldbreaker","获得2符文和 抽一张牌.\r\n若你 打出或 拥有打出过在least两其他命约英雄本回合, 获得6战力.",draft,,loc/zh-Hans/lua_cards.csv
"cards_effect:Del:Loa, Dream Dragon",cards_effect,Del,dfd81997aabf,"Loa, Dream Dragon",掷谵妄骰。,draft,,loc/zh-Hans/lua_cards.csv
cards_effect:Del:Mammoth Beetle,cards_effect,Del,1c42084aee27,Mammoth Beetle,奖励：获得3荣誉. 每位对手摧毁神器其控制的. 你可以支付 1洞察以 拥有每位对手摧毁额外的神器其控制的.,draft,,loc/zh-Hans/lua_cards.csv
"cards_effect:Del:Naka, Shadeborn",cards_effect,Del,37e3985cadf1,"Naka, Shadeborn",获得3战力.\r\n你可以返回虚空卡牌在你的弃牌堆以 你的手牌.\r\n你可以支付 3洞察以 再次发生.,draft,,loc/zh-Hans/lua_cards.csv
cards_effect:Del:Nihil Chemist,cards_effect,Del,b992b54d68d6,Nihil Chemist,获得1战力. 你可以放逐一张卡牌在你的手牌中的 弃牌堆.\r\n你可以支付 2洞察以 再次发生. (获得效果列出的额外的次. 你可以只再次发生一次.),draft,,loc/zh-Hans/lua_cards.csv
cards_effect:Del:Nilhammer,cards_effect,Del,181cdd16e02c,Nilhammer,Echo: 每回合一次，获得3战力. (获得此效果若 存在虚空卡牌在你的弃牌堆.),draft,,loc/zh-Hans/lua_cards.csv
cards_effect:Del:Oak of Souls,cards_effect,Del,7eecff274607,Oak of Souls,奖励：获得3荣誉. 掷谵妄骰。,draft,,loc/zh-Hans/lua_cards.csv
cards_effect:Del:Ogo War Tree,cards_effect,Del,2e3948e0edb5,Ogo War Tree,"每回合一次，当你 获取一个英雄在中央牌列, 你可以将它放置放到你的牌库顶.",draft,,loc/zh-Hans/lua_cards.csv
cards_effect:Del:Pollen Pixie,cards_effect,Del,a6220513f995,Pollen Pixie,获得2符文和 1荣誉.,draft,,loc/zh-Hans/lua_cards.csv
cards_effect:Del:Salvage Yard,cards_effect,Del,e2b3de9eb2d4,Salvage Yard,"At start的你的回合, 将此牌返回以 你的手牌.",draft,,loc/zh-Hans/lua_cards.csv
cards_effect:Del:Scrapbot Scrapper,cards_effect,Del,c7448b10d411,Scrapbot Scrapper,获得2战力. 你可以返回神器你控制的以 你的手牌.,draft,,loc/zh-Hans/lua_cards.csv
cards_effect:Del:Shield Bearer,cards_effect,Del,c4d23b43320c,Shield Bearer,抽一张牌.\r\n你可以放逐一张卡牌在你的手牌或弃牌堆.,draft,,loc/zh-Hans/lua_cards.csv
cards_effect:Del:Steelweaver,cards_effect,Del,098076a8c02e,Steelweaver,"获得1符文. 一次本回合, 当你 获取神器, 将其直接进入战场.\r\n你可以支付 1洞察以 再次发生. (获得效果列出的上方额外的次. 你可以只再次发生一次.)",draft,,loc/zh-Hans/lua_cards.csv
cards_effect:Del:Templar General,cards_effect,Del,0f5fc38b8ea6,Templar General,"击败一个怪物以 费用 4战力或更低无需支付费用.\r\n宁静: 当你 获取此, 将它放置在你的手牌中.",draft,,loc/zh-Hans/lua_cards.csv
cards_effect:Del:The Dragon's Eye,cards_effect,Del,c63c4394fef9,The Dragon's Eye,"当你 打出此, 获得1洞察.\r\n宁静: 每回合一次，获得1洞察. (获得此效果若 那里为 没有卡牌在你的弃牌堆.)",draft,,loc/zh-Hans/lua_cards.csv
cards_effect:Del:Torment Legionary,cards_effect,Del,f1e1c64d7d48,Torment Legionary,奖励：获得6荣誉. 获取一个梦生卡牌在中央牌列无需支付费用.,draft,,loc/zh-Hans/lua_cards.csv
cards_effect:Del:Tuskrider,cards_effect,Del,29d6ecc1e35d,Tuskrider,抽一张牌.\r\n联合： 获得4战力.,draft,,loc/zh-Hans/lua_cards.csv
cards_effect:Del:Vineweaver,cards_effect,Del,71934dd50471,Vineweaver,获得4荣誉.,draft,,loc/zh-Hans/lua_cards.csv
cards_effect:Del:Voidrager,cards_effect,Del,d4324bfb7355,Voidrager,"获得2战力. 下次你击败一个怪物在中央牌列本回合, 获得1洞察.",draft,,loc/zh-Hans/lua_cards.csv
cards_effect:Del:Voidspeaker,cards_effect,Del,7de72dec248c,Voidspeaker,获得2战力.\r\nEcho: 获得3符文. (获得此效果若 存在虚空卡牌在你的弃牌堆.),draft,,loc/zh-Hans/lua_cards.csv
"cards_effect:Del:Zis, Dreamreaper",cards_effect,Del,64069d131a70,"Zis, Dreamreaper",奖励：获得5荣誉. 拿取2洞察从 每位对手.,draft,,loc/zh-Hans/lua_cards.csv
cards_effect:Dlvr:Aether Warrior,cards_effect,Dlvr,b3fb85534121,Aether Warrior,"幻象 - 当此 为在中央牌列, 你可以支付 5洞察以 放逐和 打出此.\r\n抽两张牌.",draft,,loc/zh-Hans/lua_cards.csv
cards_effect:Dlvr:Azurite Channeler,cards_effect,Dlvr,378ae9d5d51c,Azurite Channeler,"放逐一张卡牌在你的手牌中和 将它替换以 秘教士或 重装步兵.\r\n掠夺 - 此回合, 若你 获取卡牌和 击败一个怪物,两者在中央牌列, 获得2洞察.",draft,,loc/zh-Hans/lua_cards.csv
cards_effect:Dlvr:Blackwatch Dreamer,cards_effect,Dlvr,5e5539984165,Blackwatch Dreamer,"幻象 - 当此 为在中央牌列, 你可以支付 2洞察以 放逐和 打出此.\r\n获得1战力. 你可以放逐一张卡牌在你的手牌中的 弃牌堆.",draft,,loc/zh-Hans/lua_cards.csv
"cards_effect:Dlvr:Caaro, Desert Breaker",cards_effect,Dlvr,95cfcff7bb72,"Caaro, Desert Breaker","奖励：获得4荣誉. 以每位对手, 你选择和 摧毁一个神器其控制的.DREAMBIND: 2洞察.",draft,,loc/zh-Hans/lua_cards.csv
cards_effect:Dlvr:Controlsmith,cards_effect,Dlvr,f3351a56518e,Controlsmith,"获得2符文. 若你控制的已转化Constuct, 抽一张牌.",draft,,loc/zh-Hans/lua_cards.csv
cards_effect:Dlvr:Corite Mechanadon,cards_effect,Dlvr,3807442c3675,Corite Mechanadon,"幻象 - 当此 为在中央牌列, 你可以支付 2洞察以 放逐和 打出此.\r\n获得1符文和 1战力.",draft,,loc/zh-Hans/lua_cards.csv
cards_effect:Dlvr:Demon Hunter,cards_effect,Dlvr,778fbf797a54,Demon Hunter,"当此 为在你的手牌中, 你可以支付 8洞察以 转化它 置入恶魔大师.\r\n获得2战力.",draft,,loc/zh-Hans/lua_cards.csv
cards_effect:Dlvr:Demon Master,cards_effect,Dlvr,e3b34fb43d90,Demon Master,获得5战力. 你可以放逐一张卡牌在你的手牌或弃牌堆.,draft,,loc/zh-Hans/lua_cards.csv
"cards_effect:Dlvr:Dhartha, Dream Master",cards_effect,Dlvr,0658342d24c2,"Dhartha, Dream Master","幻象 - 当此 为在中央牌列, 你可以支付 9洞察以 放逐和 打出此.\r\n获取一个卡牌在中央牌列无需支付费用和 将它放置在你的手牌中.",draft,,loc/zh-Hans/lua_cards.csv
cards_effect:Dlvr:Dreadmage,cards_effect,Dlvr,004ee90ffd5b,Dreadmage,"奖励：获得2荣誉和 抽两张牌. DREAMBIND: 4洞察.(当你 击败此, 你可以支付其 梦缚费用. 若你如此做，放置此 在你的弃牌堆. 当你 打出此, 获得其奖励.)",draft,,loc/zh-Hans/lua_cards.csv
cards_effect:Dlvr:Dream Anchor,cards_effect,Dlvr,4a4d0c2e72df,Dream Anchor,"掠夺 - 每回合一次，若你 获取卡牌和 击败一个怪物,两者在中央牌列, 获得2洞察.",draft,,loc/zh-Hans/lua_cards.csv
cards_effect:Dlvr:Dream Chamber Disciples,cards_effect,Dlvr,57cc563c4c64,Dream Chamber Disciples,抽一张牌.\r\nSERENITY: 获得2洞察. (获得此效果若 那里为 没有卡牌在你的弃牌堆.),draft,,loc/zh-Hans/lua_cards.csv
cards_effect:Dlvr:Dream Titan,cards_effect,Dlvr,64c9533e6e15,Dream Titan,奖励：获得6荣誉.,draft,,loc/zh-Hans/lua_cards.csv
cards_effect:Dlvr:Dream Tyrant,cards_effect,Dlvr,27b2ac99abb7,Dream Tyrant,奖励：获得5荣誉和 5洞察.,draft,,loc/zh-Hans/lua_cards.csv
cards_effect:Dlvr:Dreamscarred Hunter,cards_effect,Dlvr,67c40d99e79e,Dreamscarred Hunter,"抽一张牌.\r\n掠夺 - 此回合, 若你 获取卡牌和 击败一个怪物,两者在中央牌列, 获得3荣誉.",draft,,loc/zh-Hans/lua_cards.csv
cards_effect:Dlvr:Dreamseeker Start,cards_effect,Dlvr,86ea105e7fa7,Dreamseeker Start,获得1洞察和 抽一张牌.,draft,,loc/zh-Hans/lua_cards.csv
cards_effect:Dlvr:Dreamwalker,cards_effect,Dlvr,dadefb744c55,Dreamwalker,"放逐一张卡牌在中央牌列.\r\n若它 为被替换被 怪物, 获得2洞察.\r\n若它 为被替换被 英雄, 获得2荣誉.\r\n若它 为被替换被 神器, 抽 2 卡牌.",draft,,loc/zh-Hans/lua_cards.csv
cards_effect:Dlvr:Emma's Mechannon,cards_effect,Dlvr,b654c363b699,Emma's Mechannon,每回合一次，获得1战力以 每个已转化机械神器你 控制.,draft,,loc/zh-Hans/lua_cards.csv
cards_effect:Dlvr:Emma's Teletransmitter,cards_effect,Dlvr,87673c44ed98,Emma's Teletransmitter,每回合一次，获得1荣誉以 每个已转化机械神器你 控制.,draft,,loc/zh-Hans/lua_cards.csv
cards_effect:Dlvr:Emma's Voidcycler,cards_effect,Dlvr,ddfa67253065,Emma's Voidcycler,每回合一次，获得1符文以 每个已转化机械神器你 控制.,draft,,loc/zh-Hans/lua_cards.csv
cards_effect:Dlvr:Emma's Workshop,cards_effect,Dlvr,858171fdbb30,Emma's Workshop,每回合一次，你可以转化机械神器无需支付费用.,draft,,loc/zh-Hans/lua_cards.csv
"cards_effect:Dlvr:Emri, Soulstealer",cards_effect,Dlvr,a003c5586d89,"Emri, Soulstealer","获得5战力. 若那里为 10 或更高怪物在 虚空区, 获得10战力改为",draft,,loc/zh-Hans/lua_cards.csv
cards_effect:Dlvr:Entrophantasm,cards_effect,Dlvr,20ca29f26d12,Entrophantasm,获得1符文和 1洞察.\r\n联合： 抽一张牌.(获得此效果若 你打出或 拥有打出过另一命约英雄本回合.),draft,,loc/zh-Hans/lua_cards.csv
cards_effect:Dlvr:Faerie Commander,cards_effect,Dlvr,c0f90547a4d1,Faerie Commander,"获得2符文. 下次你获取一个英雄在中央牌列本回合, 获得2战力.",draft,,loc/zh-Hans/lua_cards.csv
cards_effect:Dlvr:Gearseer,cards_effect,Dlvr,4ff400e9d7d8,Gearseer,"幻象 - 当此 为在中央牌列, 你可以支付 6洞察以 放逐和 打出此.\r\n获得3符文.",draft,,loc/zh-Hans/lua_cards.csv
cards_effect:Dlvr:Green Spritelings,cards_effect,Dlvr,f206145eaf72,Green Spritelings,"幻象 - 当此 为在中央牌列, 你可以支付 4洞察以 放逐和 打出此.\r\n获得3荣誉.",draft,,loc/zh-Hans/lua_cards.csv
cards_effect:Dlvr:Invokist,cards_effect,Dlvr,c2c3853372a1,Invokist,"幻象 - 当此 为在中央牌列, 你可以支付 4洞察以 放逐和 打出此.\r\n获得3战力.",draft,,loc/zh-Hans/lua_cards.csv
cards_effect:Dlvr:Ironheart Blueprint,cards_effect,Dlvr,233f17dc1062,Ironheart Blueprint,你可以支付 15洞察以 将此牌转化为铁之心.\r\n每回合一次，获得1洞察以 每个机械神器你 控制.,draft,,loc/zh-Hans/lua_cards.csv
cards_effect:Dlvr:Lychan Beast,cards_effect,Dlvr,a42fe75053a4,Lychan Beast,获得3符文和 3战力.,draft,,loc/zh-Hans/lua_cards.csv
cards_effect:Dlvr:Lychan Ranger,cards_effect,Dlvr,33e79fbb6b00,Lychan Ranger,"当此 为在你的手牌中, 你可以支付 6洞察以 转化它 置入狼化野兽.\r\n获得2符文和 2战力.",draft,,loc/zh-Hans/lua_cards.csv
cards_effect:Dlvr:Mechannon Blueprint,cards_effect,Dlvr,a3f3332f01d8,Mechannon Blueprint,你可以支付 5洞察以 将此牌转化为艾玛的机加农.,draft,,loc/zh-Hans/lua_cards.csv
"cards_effect:Dlvr:Naka, Emri's Chosen",cards_effect,Dlvr,7680b55f9522,"Naka, Emri's Chosen","获得4战力.\r\n此回合, 你可以支付 0洞察以 梦缚费用为.",draft,,loc/zh-Hans/lua_cards.csv
cards_effect:Dlvr:Nightmarauders,cards_effect,Dlvr,ae5b1365caca,Nightmarauders,奖励：获得1荣誉和 1洞察.,draft,,loc/zh-Hans/lua_cards.csv
cards_effect:Dlvr:Nihil Bomber,cards_effect,Dlvr,14c910e8f680,Nihil Bomber,抽一张牌. 你可以放逐一张卡牌在你的手牌或弃牌堆. 若你如此做，获得1洞察.,draft,,loc/zh-Hans/lua_cards.csv
"cards_effect:Dlvr:Nilia, The Shattered",cards_effect,Dlvr,0230a72ef76a,"Nilia, The Shattered",奖励：获得5荣誉. 拿取一张卡牌随机从 对手之手牌和 将该卡牌加入以 你的手牌.DREAMBIND: 7洞察.,draft,,loc/zh-Hans/lua_cards.csv
cards_effect:Dlvr:Obfusca Spirit,cards_effect,Dlvr,e9ee72c06228,Obfusca Spirit,奖励：获得4荣誉. 选择一名对手以 弃掉卡牌随机从其手牌.\r\nDREAMBIND: 4洞察.,draft,,loc/zh-Hans/lua_cards.csv
cards_effect:Dlvr:Pasythea's Cutlass,cards_effect,Dlvr,007fe6f1790d,Pasythea's Cutlass,"此神器视为作为所有派系.\r\n当你 打出此, 获得2战力.\r\n帕西提亚费用为你 4洞察更低以 获取.",draft,,loc/zh-Hans/lua_cards.csv
cards_effect:Dlvr:Pasythea's Katana,cards_effect,Dlvr,2c61592bd871,Pasythea's Katana,"此神器视为作为所有派系.\r\n当你 打出此, 抽一张牌.\r\n帕西提亚费用为你 4洞察更低以 获取.",draft,,loc/zh-Hans/lua_cards.csv
cards_effect:Dlvr:Pasythea's Mace,cards_effect,Dlvr,5c52764aca59,Pasythea's Mace,"此神器视为作为所有派系.\r\n当你 打出此, 获得2符文.\r\n帕西提亚费用为你 4洞察更低以 获取.",draft,,loc/zh-Hans/lua_cards.csv
cards_effect:Dlvr:Pasythea's Scimitar,cards_effect,Dlvr,0eb1f48cc715,Pasythea's Scimitar,"此神器视为作为所有派系.\r\n当你 打出此, 获得2荣誉.\r\n帕西提亚费用为你 4洞察更低以 获取.",draft,,loc/zh-Hans/lua_cards.csv
"cards_effect:Dlvr:Pasythea, The Redeemed",cards_effect,Dlvr,fa9a87b0d2f4,"Pasythea, The Redeemed","此英雄视为作为所有派系\r\n当你 获取此, 它goes直接以 你的手牌.\r\n获得2符文, 2战力, 2荣誉和 抽一张牌.",draft,,loc/zh-Hans/lua_cards.csv
cards_effect:Dlvr:Psyche Askara,cards_effect,Dlvr,e0df4221bb57,Psyche Askara,复制效果的 英雄你 拥有打出过本回合或 怪物奖励你 拥有已获得本回合.,draft,,loc/zh-Hans/lua_cards.csv
cards_effect:Dlvr:Psyonic Apprentice,cards_effect,Dlvr,43c1962c82e7,Psyonic Apprentice,"当此 为在你的手牌中, 你可以支付 7洞察以 转化它 置入心灵圣骑士.\r\n击败一个怪物以 费用 4战力或更低无需支付费用.",draft,,loc/zh-Hans/lua_cards.csv
cards_effect:Dlvr:Psyonic Paladin,cards_effect,Dlvr,d0e183ce1f5a,Psyonic Paladin,击败一个怪物在中央牌列无需支付费用.,draft,,loc/zh-Hans/lua_cards.csv
"cards_effect:Dlvr:Rakar, Corrupt Askara",cards_effect,Dlvr,cc4e483d7d7e,"Rakar, Corrupt Askara",奖励：获得6荣誉. 加入梦缚怪物在 虚空区以 你的手牌.,draft,,loc/zh-Hans/lua_cards.csv
cards_effect:Dlvr:River Reaper,cards_effect,Dlvr,d18c4dc97ae1,River Reaper,奖励：获得6荣誉. 每位对手摧毁只留一个，其余神器其控制的.,draft,,loc/zh-Hans/lua_cards.csv
"cards_effect:Dlvr:Rut, Oaken Master",cards_effect,Dlvr,fec90e0da338,"Rut, Oaken Master","获得3荣誉和 抽一张牌.\r\n掠夺 - 每回合一次，若你 获取卡牌和 击败一个怪物,两者在中央牌列, 获得额外的 3荣誉.",draft,,loc/zh-Hans/lua_cards.csv
cards_effect:Dlvr:Stone Artificers,cards_effect,Dlvr,567b0b7938ba,Stone Artificers,获得2符文. 你可以放置下一神器你 获取本回合直接进入战场.,draft,,loc/zh-Hans/lua_cards.csv
cards_effect:Dlvr:Teletransmitter Blueprint,cards_effect,Dlvr,ff382afa619f,Teletransmitter Blueprint,你可以支付 5洞察以 将此牌转化为艾玛的远传器.,draft,,loc/zh-Hans/lua_cards.csv
cards_effect:Dlvr:Terminites,cards_effect,Dlvr,b1def68294c8,Terminites,奖励：获得3荣誉. 每位对手摧毁最低费用神器其控制的.,draft,,loc/zh-Hans/lua_cards.csv
cards_effect:Dlvr:The Ironheart,cards_effect,Dlvr,84fa8e400769,The Ironheart,"每回合一次，获得3符文, 3战力, 和 3荣誉.",draft,,loc/zh-Hans/lua_cards.csv
cards_effect:Dlvr:Tree of Bounty,cards_effect,Dlvr,bb910cd2f0e0,Tree of Bounty,"掠夺 - 每回合一次，若你 获取卡牌和 击败一个怪物,两者在中央牌列, 获得3荣誉.",draft,,loc/zh-Hans/lua_cards.csv
cards_effect:Dlvr:Void Amathyst Defender,cards_effect,Dlvr,17d6000423e1,Void Amathyst Defender,获得2战力.\r\nECHO: 获得2洞察.(获得此效果若 存在虚空卡牌在你的弃牌堆.),draft,,loc/zh-Hans/lua_cards.csv
cards_effect:Dlvr:Voidcycler Blueprint,cards_effect,Dlvr,c57cb81471e1,Voidcycler Blueprint,你可以支付 5洞察以 将此牌转化为艾玛的虚空循环器.,draft,,loc/zh-Hans/lua_cards.csv
cards_effect:Dlvr:Warpdruid,cards_effect,Dlvr,38e5b2255dcc,Warpdruid,奖励：获得2荣誉. 你可以放逐一张卡牌在你的手牌或弃牌堆.\r\nDREAMBIND: 1洞察.,draft,,loc/zh-Hans/lua_cards.csv
cards_effect:Dlvr:Warprogue,cards_effect,Dlvr,0415ddd64d48,Warprogue,奖励：获得3荣誉. 拿取1洞察从 对手. DREAMBIND: 3洞察.,draft,,loc/zh-Hans/lua_cards.csv
cards_effect:Dlvr:Wereboar,cards_effect,Dlvr,54976fd709c3,Wereboar,获得2战力.联合： 获得3符文.,draft,,loc/zh-Hans/lua_cards.csv
cards_effect:Dlvr:Zinta's Bracers,cards_effect,Dlvr,2709e774cd3d,Zinta's Bracers,"每回合一次，若你 拥有已获得 2洞察或更高, 获得2战力.",draft,,loc/zh-Hans/lua_cards.csv
"cards_effect:DoC:Adam, Builder Adept",cards_effect,DoC,ba52e8fce9ff,"Adam, Builder Adept","当你 获取此, 你可以获取神器在中央牌列无需支付费用.\r\n获得4符文.",draft,,loc/zh-Hans/lua_cards.csv
"cards_effect:DoC:Aranyx, the Glutton",cards_effect,DoC,f53fe7a735ad,"Aranyx, the Glutton",奖励： 获得4荣誉. 获得7战力.\r\n集结: 怪物.,draft,,loc/zh-Hans/lua_cards.csv
cards_effect:DoC:Austere Sage,cards_effect,DoC,a25776f5633e,Austere Sage,"抽一张牌.\r\n你可以放逐一张卡牌在中央牌列, 然后集结: 启迪.",draft,,loc/zh-Hans/lua_cards.csv
cards_effect:DoC:Betrayed Templar,cards_effect,DoC,2cf7221ce476,Betrayed Templar,奖励： 获得5荣誉. 你可以击败一个怪物在中央牌列以 费用 5战力或更低无需支付费用.,draft,,loc/zh-Hans/lua_cards.csv
cards_effect:DoC:Canopy Sanctuary,cards_effect,DoC,bca02a29b669,Canopy Sanctuary,"每回合一次，你可以展示你牌库顶的卡牌和 将它放置在你的手牌中. 若它 为启迪或 生命, 获得3荣誉.",draft,,loc/zh-Hans/lua_cards.csv
cards_effect:DoC:Clockwork Sentry,cards_effect,DoC,8cc932a480be,Clockwork Sentry,"获得2战力.\r\n若你控制的两 或更高神器s, 获得额外的 2战力.",draft,,loc/zh-Hans/lua_cards.csv
cards_effect:DoC:Conversion Port,cards_effect,DoC,388ee1539f38,Conversion Port,你可以将所有神器s作为如同他们为 所有派系.,draft,,loc/zh-Hans/lua_cards.csv
cards_effect:DoC:Corrupted Sage,cards_effect,DoC,9ff96494faf9,Corrupted Sage,奖励： 获得2荣誉. 抽一张牌.\r\n集结: 启迪.,draft,,loc/zh-Hans/lua_cards.csv
cards_effect:DoC:Cult of the False Circle,cards_effect,DoC,8782279efcca,Cult of the False Circle,奖励： 获得5荣誉. 你可以获取一个英雄以 费用 5符文或更低无需支付费用.,draft,,loc/zh-Hans/lua_cards.csv
cards_effect:DoC:Daybreak Askara,cards_effect,DoC,1effcb40d682,Daybreak Askara,"复制效果的 英雄打出本回合. 若英雄曾是启迪, 复制该 英雄之效果额外的次. 此效果不能是 被复制.",draft,,loc/zh-Hans/lua_cards.csv
cards_effect:DoC:Deathfinder,cards_effect,DoC,b23657ad3d8a,Deathfinder,奖励： 获得2荣誉. 你可以放逐一张卡牌在你的手牌或弃牌堆.\r\n集结: 虚空.,draft,,loc/zh-Hans/lua_cards.csv
cards_effect:DoC:Dhartha,cards_effect,DoC,3053ef4879d9,Dhartha,"+1: 每当你 获取或 击败启迪卡牌从中央牌列, 获得1rep.",draft,,loc/zh-Hans/lua_cards.csv
"cards_effect:DoC:Dhartha, Master of Sight",cards_effect,DoC,680897818e67,"Dhartha, Master of Sight",你可以放逐此牌或 卡牌在你的手牌中. 若你如此做，获取秘教士或 重装步兵无需支付费用和 将它放置在你的手牌中.,draft,,loc/zh-Hans/lua_cards.csv
cards_effect:DoC:Emissary of Dawn,cards_effect,DoC,1abe4eabeb9f,Emissary of Dawn,获取一个英雄无需支付费用. 获得H相等以 其H值.,draft,,loc/zh-Hans/lua_cards.csv
cards_effect:DoC:Emri's Sting,cards_effect,DoC,888784f32918,Emri's Sting,"每回合一次，获得2战力.\r\n当此牌进入战场时, 你可以放逐一张卡牌在你的手牌或弃牌堆.",draft,,loc/zh-Hans/lua_cards.csv
cards_effect:DoC:Exhaust Lurker,cards_effect,DoC,0af4345a653e,Exhaust Lurker,奖励： 获得5荣誉. 每位对手摧毁神器其控制的以 每个神器你控制的.,draft,,loc/zh-Hans/lua_cards.csv
cards_effect:DoC:Flytrap Staff,cards_effect,DoC,dfddba31d806,Flytrap Staff,"每回合一次，若你 拥有打出过两 或更高生命卡牌 (包括此牌一), 获得2荣誉.",draft,,loc/zh-Hans/lua_cards.csv
cards_effect:DoC:Genesis Capsule,cards_effect,DoC,3bb75f02127c,Genesis Capsule,"每回合一次，当你 获取命约英雄或 机械神器, 你可以将它放置放到你的牌库顶.",draft,,loc/zh-Hans/lua_cards.csv
cards_effect:DoC:Gnome Repairbot,cards_effect,DoC,658911698f4e,Gnome Repairbot,每回合一次，你可以放置机械神器从 你的弃牌堆放到你的牌库顶.,draft,,loc/zh-Hans/lua_cards.csv
cards_effect:DoC:Guide of Lost Souls,cards_effect,DoC,d32e38158daa,Guide of Lost Souls,你可以放逐一张卡牌在你的手牌或弃牌堆. 若你如此做，将它替换以 秘教士或 重装步兵.,draft,,loc/zh-Hans/lua_cards.csv
cards_effect:DoC:Kor,cards_effect,DoC,32b158dc65ae,Kor,"+1: 每当你 获取或 击败机械卡牌从中央牌列, 获得1rep.",draft,,loc/zh-Hans/lua_cards.csv
"cards_effect:DoC:Kor, the Ironmind",cards_effect,DoC,23617690f830,"Kor, the Ironmind","获得2符文和 2战力.\r\n若你控制的两 或更高神器s, 抽一张牌.",draft,,loc/zh-Hans/lua_cards.csv
cards_effect:DoC:Library Familiar,cards_effect,DoC,d691c8bc553e,Library Familiar,"每回合一次，当你 打出启迪神器或 机械神器 (包括此牌一), 抽一张牌.",draft,,loc/zh-Hans/lua_cards.csv
cards_effect:DoC:Maniacal Crusher,cards_effect,DoC,39782343b3b5,Maniacal Crusher,"获得2战力.\r\n下次你击败一个怪物在中央牌列本回合, 集结: 虚空.",draft,,loc/zh-Hans/lua_cards.csv
cards_effect:DoC:Mantra of Renewal,cards_effect,DoC,8e4b1ccf842b,Mantra of Renewal,"每回合一次，若你 拥有打出过两 或更高启迪卡牌 (包括此牌一), 抽一张牌.",draft,,loc/zh-Hans/lua_cards.csv
cards_effect:DoC:Moonveil Clique,cards_effect,DoC,57ef184b4044,Moonveil Clique,"获得2符文.\r\n联合： At结束时回合, 放置此 在你的手牌中而非你的弃牌堆.",draft,,loc/zh-Hans/lua_cards.csv
cards_effect:DoC:Morbid Hammer,cards_effect,DoC,7d81f5240b64,Morbid Hammer,"每回合一次，获得1战力.\r\n当此牌进入战场时, 你可以放逐一张卡牌在你的手牌或弃牌堆.",draft,,loc/zh-Hans/lua_cards.csv
cards_effect:DoC:Muse of Rebirth,cards_effect,DoC,ea7c4bc731a5,Muse of Rebirth,获得2符文.\r\n你可以放逐一张卡牌在你的手牌或弃牌堆.,draft,,loc/zh-Hans/lua_cards.csv
cards_effect:DoC:Nairi,cards_effect,DoC,05a76233afc1,Nairi,"+1: 每当你 获取或 击败生命卡牌从中央牌列, 获得1rep.",draft,,loc/zh-Hans/lua_cards.csv
"cards_effect:DoC:Nairi, Wild Queen",cards_effect,DoC,d9c0eab78d5c,"Nairi, Wild Queen",获得1荣誉. 抽一张牌.\r\n联合： 获得1荣誉. 抽一张牌.,draft,,loc/zh-Hans/lua_cards.csv
cards_effect:DoC:Ogo Courier,cards_effect,DoC,f4469508138f,Ogo Courier,"获得2符文.\r\n下次你获取一个英雄在中央牌列, 集结: 生命.",draft,,loc/zh-Hans/lua_cards.csv
cards_effect:DoC:Overhaul Cleric,cards_effect,DoC,361486834b38,Overhaul Cleric,"当你 获取此, 集结: 机械.\r\n获得2符文.\r\n若你控制的两 或更高神器s, 获得额外的 1符文.",draft,,loc/zh-Hans/lua_cards.csv
cards_effect:DoC:Pack Leader,cards_effect,DoC,11e389fd9e45,Pack Leader,"当你 获取此, 集结: 生命.\r\n获得2符文.\r\n你可以花费R视为战力以 击败生命怪物本回合.",draft,,loc/zh-Hans/lua_cards.csv
cards_effect:DoC:Plasma Cannon,cards_effect,DoC,3048a3ae0a13,Plasma Cannon,"每回合一次，若你控制的四 或更高机械神器, 你可以获取或 击败任意卡牌在中央牌列无需支付费用.",draft,,loc/zh-Hans/lua_cards.csv
cards_effect:DoC:Premonition Bell,cards_effect,DoC,b51b990ae739,Premonition Bell,你可以摧毁此 以复制效果的 英雄在中央牌列以 费用 5符文或更低.,draft,,loc/zh-Hans/lua_cards.csv
cards_effect:DoC:Prospector Scout,cards_effect,DoC,d625896e3d55,Prospector Scout,"获得2符文.\r\n下次你获取神器在中央牌列本回合, 集结: 机械.",draft,,loc/zh-Hans/lua_cards.csv
cards_effect:DoC:Rejected Prototype,cards_effect,DoC,98fa19a424af,Rejected Prototype,奖励： 获得3荣誉. 你支付 3符文更低下次你获取神器本回合.\r\n集结: 机械.,draft,,loc/zh-Hans/lua_cards.csv
cards_effect:DoC:Riftdrake Rider,cards_effect,DoC,e8fe417f1334,Riftdrake Rider,抽两张牌.\r\n你可以放逐至多两 卡牌在你的手牌或弃牌堆.,draft,,loc/zh-Hans/lua_cards.csv
cards_effect:DoC:Riftgate Conjuror,cards_effect,DoC,252c6b58b8f2,Riftgate Conjuror,"获得3战力.\r\n下次你击败虚空怪物本回合, 获得其reward额外的次.",draft,,loc/zh-Hans/lua_cards.csv
cards_effect:DoC:Riftwatch Turret,cards_effect,DoC,fcd253176603,Riftwatch Turret,"每回合一次，获得1战力.\r\n每回合一次，当你 打出机械神器 (包括此牌一), 获得1战力.",draft,,loc/zh-Hans/lua_cards.csv
cards_effect:DoC:Rootscryer,cards_effect,DoC,462980d0727f,Rootscryer,"展示你牌库顶的卡牌和 将它放置置入你的手牌. 若它 为启迪或 生命, 获得3荣誉.",draft,,loc/zh-Hans/lua_cards.csv
cards_effect:DoC:Sadranis,cards_effect,DoC,1838675e8315,Sadranis,"+1: 每当你 获取或 击败虚空卡牌从中央牌列, 获得1rep.",draft,,loc/zh-Hans/lua_cards.csv
"cards_effect:DoC:Sadranis, Dark Savant",cards_effect,DoC,f3c48d83df95,"Sadranis, Dark Savant","抽两张牌, 然后弃掉卡牌. 你可以放逐一张卡牌在你的弃牌堆.",draft,,loc/zh-Hans/lua_cards.csv
cards_effect:DoC:Seer of Days Past,cards_effect,DoC,20f6c0a503c0,Seer of Days Past,"当你 获取此, 集结: 启迪.\r\n抽一张牌. 若你 拥有8rep或更高, 抽额外的卡牌.",draft,,loc/zh-Hans/lua_cards.csv
cards_effect:DoC:Serene Ascetic,cards_effect,DoC,65a0fc6f321b,Serene Ascetic,"当你 获取此, 你可以将它放置放到你的牌库顶.\r\n抽两张牌.",draft,,loc/zh-Hans/lua_cards.csv
cards_effect:DoC:Shade's Bargain,cards_effect,DoC,cd51d985df9e,Shade's Bargain,"每回合一次，若你 拥有打出过两 或更高虚空卡牌 (包括此牌一), 获得2战力.",draft,,loc/zh-Hans/lua_cards.csv
cards_effect:DoC:Shepherd of the Lost,cards_effect,DoC,0956c8bc69a1,Shepherd of the Lost,"获得2符文.\r\n若此 为被放逐从你的手牌或 弃牌堆, 获得5荣誉.",draft,,loc/zh-Hans/lua_cards.csv
cards_effect:DoC:Spark Bug,cards_effect,DoC,5f26b2c81feb,Spark Bug,"每回合一次，若你 拥有打出过两 或更高机械卡牌 (包括此牌一), 获得2符文.",draft,,loc/zh-Hans/lua_cards.csv
cards_effect:DoC:Starlight Sanctum,cards_effect,DoC,b1b44c3b8b9f,Starlight Sanctum,"每回合一次，获得2符文.\r\n每回合一次，当你 获取一个英雄在中央牌列, 你可以获取一个英雄的 相等或更低er费用无需支付费用.",draft,,loc/zh-Hans/lua_cards.csv
cards_effect:DoC:Surge Protector,cards_effect,DoC,3ff9871e5832,Surge Protector,"选择一项： 获取一个神器以 费用 5符文或更低无需支付费用, 或击败一个怪物以 费用 5战力或更低无需支付费用.",draft,,loc/zh-Hans/lua_cards.csv
"cards_effect:DoC:Surya, Light's Sword",cards_effect,DoC,759387a6557a,"Surya, Light's Sword","击败一个怪物在中央牌列无需支付费用.若它 费用 7战力或更高, 拿取额外回合在此之后.",draft,,loc/zh-Hans/lua_cards.csv
cards_effect:DoC:Thorned Charger,cards_effect,DoC,fa62512101a3,Thorned Charger,奖励： 获得3荣誉. 你可以放置英雄从 你的弃牌堆放到你的牌库顶.\r\n集结: 生命.,draft,,loc/zh-Hans/lua_cards.csv
cards_effect:DoC:Undaunted Scout,cards_effect,DoC,fe56a3552b08,Undaunted Scout,"当你 获取此, 集结: 虚空.\r\n获得2战力.",draft,,loc/zh-Hans/lua_cards.csv
cards_effect:DoC:Wild Riftdrake,cards_effect,DoC,825220dc1686,Wild Riftdrake,奖励： 获得4荣誉. 你可以放逐至多两 卡牌从你的手牌或 弃牌堆.,draft,,loc/zh-Hans/lua_cards.csv
cards_effect:DoC:Wildgear Sower,cards_effect,DoC,d3cc5d75f16c,Wildgear Sower,"获得2符文.\r\n获得1荣誉以 每个派系之中神器s你的控制. (派系为启迪, 生命, 机械和 虚空).",draft,,loc/zh-Hans/lua_cards.csv
"cards_effect:DoC:Xeron, Lord of Deofol",cards_effect,DoC,2dcdc80543c0,"Xeron, Lord of Deofol",奖励： 获得6荣誉.,draft,,loc/zh-Hans/lua_cards.csv
cards_effect:GotE:Bam Tribe Gremlins,cards_effect,GotE,fbc9cdd6ca6b,Bam Tribe Gremlins,"奖励：获得2荣誉.\r\nINFEST: 当你 击败巴姆部落小妖们, 你可以将它放置置入玩家之弃牌堆.",draft,,loc/zh-Hans/lua_cards.csv
cards_effect:GotE:Blast Goggles,cards_effect,GotE,2614d195a3c7,Blast Goggles,"每回合一次，若你控制的五 或更高机械神器, 获得5荣誉.",draft,,loc/zh-Hans/lua_cards.csv
cards_effect:GotE:Bramble Elemental,cards_effect,GotE,4f28d70f4ab9,Bramble Elemental,奖励：获得5荣誉.\r\n你可以放逐一张卡牌在你的手牌或弃牌堆.,draft,,loc/zh-Hans/lua_cards.csv
cards_effect:GotE:Brother Laias,cards_effect,GotE,3c268c6f5b32,Brother Laias,"EMPOWER\r\n当你 获取修士莱亚斯, 将它放置置入你的手牌若 你拥有打出过秘教士本回合.\r\n抽两张牌.",draft,,loc/zh-Hans/lua_cards.csv
cards_effect:GotE:Cell Block E,cards_effect,GotE,501c938864fc,Cell Block E,"当你 击败一个怪物在中央牌列或 打出怪物, 你可以将其直接进入战场和 视为它作为机械神器.",draft,,loc/zh-Hans/lua_cards.csv
cards_effect:GotE:Cetra's Trial,cards_effect,GotE,86578fb9c02b,Cetra's Trial,英雄在中央牌列费用 1符文更低以 获取 (以最少的 1符文).\r\n支付 8符文: 将此牌转化为天体塞特拉和 获取它.,draft,,loc/zh-Hans/lua_cards.csv
"cards_effect:GotE:Cetra, Celestial Body",cards_effect,GotE,b717c0535e49,"Cetra, Celestial Body",获得H相等以total H的所有英雄和 神器s在中央牌列.,draft,,loc/zh-Hans/lua_cards.csv
cards_effect:GotE:Conduit Monk,cards_effect,GotE,87fb83f6d7dd,Conduit Monk,EMPOWER\r\n获得3符文.\r\n你为 视为以 控制两 额外的机械神器本回合.,draft,,loc/zh-Hans/lua_cards.csv
cards_effect:GotE:Deluge Elemental,cards_effect,GotE,994c16afae31,Deluge Elemental,"奖励：获得6荣誉.\r\n你可以放逐至多四 卡牌在你的手牌中, 牌库, 弃牌堆, 和/或卡牌打出过本回合. 若你如此做，洗牌你的牌库.",draft,,loc/zh-Hans/lua_cards.csv
cards_effect:GotE:Deranged Aspirant,cards_effect,GotE,b4036920cbdf,Deranged Aspirant,EMPOWER\r\n你可以放逐一张卡牌在你的手牌或弃牌堆.,draft,,loc/zh-Hans/lua_cards.csv
cards_effect:GotE:Dhartha's Trial,cards_effect,GotE,833a662d752b,Dhartha's Trial,"每回合一次，若你 拥有打出过秘教士或 重装步兵, 抽一张牌.\r\n支付 8符文: 将此牌转化为达萨, 永恒预言者和 获取它.",draft,,loc/zh-Hans/lua_cards.csv
"cards_effect:GotE:Dhartha, Eternal Seer",cards_effect,GotE,ec95705d1651,"Dhartha, Eternal Seer",抽四 卡牌.,draft,,loc/zh-Hans/lua_cards.csv
cards_effect:GotE:Earthmender Pura,cards_effect,GotE,3aa77c0660f7,Earthmender Pura,获得3符文.\r\n你可以放置怪物从你的手牌或 弃牌堆置入对手之弃牌堆.,draft,,loc/zh-Hans/lua_cards.csv
cards_effect:GotE:Eek Tribe Gremlin,cards_effect,GotE,6499d8b5c934,Eek Tribe Gremlin,"奖励：获得5荣誉.\r\n放置怪物从 虚空区置入玩家之弃牌堆. INFEST: 当你 击败伊克部落小妖, 你可以将它放置置入玩家之弃牌堆.",draft,,loc/zh-Hans/lua_cards.csv
cards_effect:GotE:Elemental Projector,cards_effect,GotE,e823242ff764,Elemental Projector,"每回合一次，若你控制的两 或更高机械神器, 获得2战力.",draft,,loc/zh-Hans/lua_cards.csv
cards_effect:GotE:Emri's Trial,cards_effect,GotE,d451352102b5,Emri's Trial,怪物在中央牌列费用 1战力更低以 击败 (以最少的 1战力).\r\n支付 8符文: 将此牌转化为战生艾姆瑞和 获取它.,draft,,loc/zh-Hans/lua_cards.csv
"cards_effect:GotE:Emri, Born of Battle",cards_effect,GotE,8f37eddafefd,"Emri, Born of Battle","获得4战力.\r\n每回合一次，当你 击败一个怪物在中央牌列, 拿取2荣誉从 每个其他玩家.",draft,,loc/zh-Hans/lua_cards.csv
cards_effect:GotE:Flourishing Druidess,cards_effect,GotE,f141af5b6794,Flourishing Druidess,"EMPOWER\r\n获得2符文. 若你 拥有更多H于每个其他玩家, 获得额外的 1符文.",draft,,loc/zh-Hans/lua_cards.csv
cards_effect:GotE:Forgemother Reysa,cards_effect,GotE,ee37a0d2730b,Forgemother Reysa,选择一项： 抽一张牌OR获取任意数量的 神器s在中央牌列无需支付其 费用.,draft,,loc/zh-Hans/lua_cards.csv
cards_effect:GotE:Grand-Arbiter Todd,cards_effect,GotE,34fea708e9cb,Grand-Arbiter Todd,"EMPOWER\r\n抽两张牌.\r\n放逐一张卡牌在你的手牌中. 若你 被放逐怪物以此方式, 抽额外的卡牌.",draft,,loc/zh-Hans/lua_cards.csv
cards_effect:GotE:Hearthglow Clique,cards_effect,GotE,12d48c58d3fb,Hearthglow Clique,EMPOWER\r\n获得2符文和 2荣誉.\r\n联合： 抽一张牌.,draft,,loc/zh-Hans/lua_cards.csv
cards_effect:GotE:Innovative Aspirant,cards_effect,GotE,b645615cad04,Innovative Aspirant,EMPOWER\r\n获得1符文和 1战力.,draft,,loc/zh-Hans/lua_cards.csv
cards_effect:GotE:Iron Elemental,cards_effect,GotE,a4727c9c01d1,Iron Elemental,"获得2符文.\r\n若此 为被放逐从anyhere在期间你的回合, 获得2符文.",draft,,loc/zh-Hans/lua_cards.csv
cards_effect:GotE:Keen-eyed Aspirant,cards_effect,GotE,8cde5adfb732,Keen-eyed Aspirant,EMPOWER\r\n获得1符文和 1荣誉.,draft,,loc/zh-Hans/lua_cards.csv
"cards_effect:GotE:Kiri, Meadow Witch",cards_effect,GotE,e68294ba68e1,"Kiri, Meadow Witch",抽一张牌.\r\n联合： 获得5荣誉.,draft,,loc/zh-Hans/lua_cards.csv
cards_effect:GotE:Madness' Embrace,cards_effect,GotE,cd38c01d7479,Madness' Embrace,"每回合一次，若你 拥有被击败怪物在中央牌列, 你可以放逐一张卡牌在你的手牌或弃牌堆.",draft,,loc/zh-Hans/lua_cards.csv
cards_effect:GotE:Nom Tribe Gremlin,cards_effect,GotE,ac1b5a057b73,Nom Tribe Gremlin,"奖励：获得1荣誉.\r\nINFEST: 当你 击败诺姆部落小妖, 你可以将它放置置入玩家之弃牌堆.\r\n当你 打出诺姆部落小妖, 你可以将它放置置入另一玩家之弃牌堆.",draft,,loc/zh-Hans/lua_cards.csv
cards_effect:GotE:Oblivion Blossoms,cards_effect,GotE,994af20fee9d,Oblivion Blossoms,"每回合一次，获得1战力.\r\n每回合一次，若你 拥有被放逐卡牌, 获得1荣誉.",draft,,loc/zh-Hans/lua_cards.csv
cards_effect:GotE:P.R.I.M.E. Directive,cards_effect,GotE,752922828495,P.R.I.M.E. Directive,"若你控制的eight或更高机械神器, 你win游戏.",draft,,loc/zh-Hans/lua_cards.csv
cards_effect:GotE:Patient Assassin,cards_effect,GotE,d0625d9e6268,Patient Assassin,"获得2战力.\r\n若存在虚空卡牌在你的弃牌堆, 获得额外的 1战力.",draft,,loc/zh-Hans/lua_cards.csv
cards_effect:GotE:Piercing Eye,cards_effect,GotE,a1caf95417f9,Piercing Eye,"每回合一次，若你 拥有被击败怪物在中央牌列, 你可以抽一张牌.",draft,,loc/zh-Hans/lua_cards.csv
cards_effect:GotE:Processing Hub,cards_effect,GotE,2812792c1a8b,Processing Hub,"每回合一次，若你控制的三 或更高机械神器, 获得2符文.",draft,,loc/zh-Hans/lua_cards.csv
cards_effect:GotE:Radiant Aspirant,cards_effect,GotE,5078dc8462b2,Radiant Aspirant,EMPOWER\r\n抽一张牌.,draft,,loc/zh-Hans/lua_cards.csv
cards_effect:GotE:Reysa's Trial,cards_effect,GotE,1c1bbfedcee1,Reysa's Trial,神器s在中央牌列费用 1符文更低以 获取 (以最少的 1符文).\r\n支付 8符文: 将此牌转化为锻母雷萨和 获取它.,draft,,loc/zh-Hans/lua_cards.csv
cards_effect:GotE:Scrap Weaver,cards_effect,GotE,0eaf7f74114b,Scrap Weaver,抽一张牌.\r\n你可以放置下一神器你 获取本回合直接进入战场.,draft,,loc/zh-Hans/lua_cards.csv
cards_effect:GotE:Shadow Elemental,cards_effect,GotE,9ec2ef65343c,Shadow Elemental,"获得2战力.\r\n若此 为被放逐从 任意处在期间你的回合, 获得2战力.",draft,,loc/zh-Hans/lua_cards.csv
cards_effect:GotE:Sister of the Wind,cards_effect,GotE,6bfb24d0fa43,Sister of the Wind,放逐姐妹的 风和 卡牌在你的手牌中. 若你如此做，加入秘教士和/或重装步兵以 你的手牌.,draft,,loc/zh-Hans/lua_cards.csv
"cards_effect:GotE:Sonny, Lightwielder",cards_effect,GotE,0ad4597473ca,"Sonny, Lightwielder","EMPOWER\r\n击败一个怪物无需支付费用. 若该 怪物会 进入以 虚空区, 你可以支付将它放置置入玩家之弃牌堆改为.",draft,,loc/zh-Hans/lua_cards.csv
cards_effect:GotE:Spire of Insight,cards_effect,GotE,5bb8f7154b19,Spire of Insight,"每回合一次，若你控制的四 或更高机械神器, 你可以抽两张牌.",draft,,loc/zh-Hans/lua_cards.csv
cards_effect:GotE:Static Elemental,cards_effect,GotE,505aee5cfd3d,Static Elemental,奖励：获得5荣誉.\r\n每位对手放置所有神器s其控制的在 顶部的 其牌库在 随机秩序.,draft,,loc/zh-Hans/lua_cards.csv
cards_effect:GotE:Tectonic Thrasher,cards_effect,GotE,ebae906807ac,Tectonic Thrasher,奖励：获得4荣誉.\r\n每位对手须选择和 摧毁两 神器s其控制的.,draft,,loc/zh-Hans/lua_cards.csv
cards_effect:GotE:Temple of Heroes,cards_effect,GotE,b32567e02e3b,Temple of Heroes,"每回合一次，若你 拥有打出过命约英雄或 怪物, 获得2荣誉.",draft,,loc/zh-Hans/lua_cards.csv
cards_effect:GotE:Temple of the Wind,cards_effect,GotE,f910024aac05,Temple of the Wind,每回合一次，你可以放逐一张卡牌在你的弃牌堆和 将它替换以 秘教士或 重装步兵.,draft,,loc/zh-Hans/lua_cards.csv
cards_effect:GotE:Thicket Familiar,cards_effect,GotE,c7b0b36a1b2d,Thicket Familiar,"EMPOWER\r\n展示你牌库顶的卡牌和 将它放置在你的手牌中. 若它 为卡牌以 赋力, 获得2荣誉.",draft,,loc/zh-Hans/lua_cards.csv
cards_effect:GotE:Thunder Templar,cards_effect,GotE,70a19d86dfbf,Thunder Templar,EMPOWER\r\n击败一个怪物以 费用 5战力或更低无需支付费用.,draft,,loc/zh-Hans/lua_cards.csv
cards_effect:GotE:Ulan's Fist,cards_effect,GotE,0e10569600a4,Ulan's Fist,"每回合一次，获得2战力.\r\n每回合一次，若你 拥有打出过乌兰, 粉碎者, 获得额外的 2战力.",draft,,loc/zh-Hans/lua_cards.csv
"cards_effect:GotE:Ulan, the Crusher",cards_effect,GotE,5606f3a5c7c7,"Ulan, the Crusher","EMPOWER\r\n获得4战力.\r\n若你控制的乌兰的拳, 抽一张牌.",draft,,loc/zh-Hans/lua_cards.csv
cards_effect:GotE:Unspeakable Doom,cards_effect,GotE,b0f20daeaa7c,Unspeakable Doom,奖励：获得5荣誉.\r\n每位对手展示其 手牌. 获得额外的 2荣誉以 每个怪物已展示以此方式.,draft,,loc/zh-Hans/lua_cards.csv
cards_effect:GotE:Venom Priestess,cards_effect,GotE,f3982c4cd275,Venom Priestess,获得2战力.\r\n你可以放逐一张卡牌你 拥有打出过本回合或 在你的弃牌堆.,draft,,loc/zh-Hans/lua_cards.csv
cards_effect:GotE:Verdant Elemental,cards_effect,GotE,36c2bdd117f2,Verdant Elemental,"获得3荣誉.\r\n若此 为被放逐从 任意处在期间你的回合, 获得3荣誉.",draft,,loc/zh-Hans/lua_cards.csv
cards_effect:GotE:Voidrift Stalker,cards_effect,GotE,e8d2a0987679,Voidrift Stalker,"EMPOWER\r\n获得3战力.\r\n若存在虚空卡牌在你的弃牌堆, 抽一张牌.",draft,,loc/zh-Hans/lua_cards.csv
cards_effect:GotE:Water Elemental,cards_effect,GotE,889aa85f651e,Water Elemental,"抽一张牌.\r\n若此 为被放逐从 任意处在期间你的回合, 抽两张牌.",draft,,loc/zh-Hans/lua_cards.csv
cards_effect:GotE:Whirlwind Ascetic,cards_effect,GotE,52eba0c20b8d,Whirlwind Ascetic,"抽三张牌, 然后弃掉两 卡牌. 你可以返回秘教士和 重装步兵已弃掉以此方式以 你的手牌.",draft,,loc/zh-Hans/lua_cards.csv
cards_effect:GotE:Wildbark Mail,cards_effect,GotE,6b5a68b54d01,Wildbark Mail,"每回合一次，若你 拥有被击败怪物在中央牌列, 获得2荣誉.",draft,,loc/zh-Hans/lua_cards.csv
cards_effect:GotE:Wildfire Elemental,cards_effect,GotE,8b2c6fcabc3d,Wildfire Elemental,奖励：获得4荣誉.\r\n选择至多两 卡牌在中央牌列和 放逐它们.,draft,,loc/zh-Hans/lua_cards.csv
cards_effect:GotE:Xeron's Trial,cards_effect,GotE,6b50c1b82c6e,Xeron's Trial,"当你 打出怪物, 获得2战力.\r\n支付 8符文: 将此牌转化为泽伦, 伪盟者和 获取它.",draft,,loc/zh-Hans/lua_cards.csv
"cards_effect:GotE:Xeron, False Ally",cards_effect,GotE,3b7756967292,"Xeron, False Ally",获得5符文.\r\n获得额外的 2符文以 每个怪物你 打出或 拥有打出过本回合.,draft,,loc/zh-Hans/lua_cards.csv
cards_effect:GotE:Yuk Tribe Gremlin,cards_effect,GotE,96ab7db5367b,Yuk Tribe Gremlin,"奖励：获得1荣誉.\r\nINFEST: 当你 击败尤克部落小妖, 你可以将它放置置入玩家之弃牌堆.",draft,,loc/zh-Hans/lua_cards.csv
cards_effect:GotE:Yuk Tribe Outcast,cards_effect,GotE,9d7b99e5f5b6,Yuk Tribe Outcast,抽一张牌.\r\n放逐一张卡牌在中央牌列. 然后你可以放逐尤克部落放逐者或 尤克部落小妖在你的手牌中以 获取或 击败卡牌在中央牌列无需支付费用.,draft,,loc/zh-Hans/lua_cards.csv
"cards_effect:GotE:Yur, Eye of Chaos",cards_effect,GotE,0fc92e04461a,"Yur, Eye of Chaos",奖励：获得4荣誉.\r\n抽三张牌.,draft,,loc/zh-Hans/lua_cards.csv
"cards_effect:IH:Aaron, the Godslayer",cards_effect,IH,0de1a5d84479,"Aaron, the Godslayer",击败一个怪物无需支付费用.,draft,,loc/zh-Hans/lua_cards.csv
cards_effect:IH:Acidic Crawler,cards_effect,IH,df1fd92e8d39,Acidic Crawler,"奖励：5荣誉. 若对手控制最多的神器s, 摧毁所有神器s该玩家控制.",draft,,loc/zh-Hans/lua_cards.csv
"cards_effect:IH:Akam, the Genie",cards_effect,IH,6866c6e26b50,"Akam, the Genie",奖励：3荣誉. ONGOING战利品： 放置三 愿望指示物在 阿卡姆.,draft,,loc/zh-Hans/lua_cards.csv
cards_effect:IH:Annihilation,cards_effect,IH,5e53ae2ce3b4,Annihilation,"当玩家获取虚空卡牌, 该玩家可以放逐一张卡牌在其手牌中或 弃牌堆.\r\n EVENT战利品： 获得1战力.",draft,,loc/zh-Hans/lua_cards.csv
cards_effect:IH:Arha Medium,cards_effect,IH,2c5e374e7060,Arha Medium,你可以放逐此牌以 获取秘教士或 重装步兵无需支付费用. 将它放置置入你的手牌.,draft,,loc/zh-Hans/lua_cards.csv
cards_effect:IH:Askara of Souls,cards_effect,IH,a72bb22bd222,Askara of Souls,获得灵魂宝石.,draft,,loc/zh-Hans/lua_cards.csv
cards_effect:IH:Astroblade TRX,cards_effect,IH,6fe7ee440e77,Astroblade TRX,"每回合一次，当你 打出机械神器 (包括此牌一), 获得1荣誉.",draft,,loc/zh-Hans/lua_cards.csv
cards_effect:IH:Beast Staff,cards_effect,IH,7a5dce087a3f,Beast Staff,每回合一次，获得1战力.\r\n每回合一次，你可以支付 1符文以 展示顶部卡牌的 你牌库. 获得荣誉相等以 其荣誉Value.,draft,,loc/zh-Hans/lua_cards.csv
"cards_effect:IH:Belthar, Soul Collector",cards_effect,IH,3375f55d9ee7,"Belthar, Soul Collector","获得3战力. 下次你击败一个怪物在中央牌列本回合, 获得3符文.",draft,,loc/zh-Hans/lua_cards.csv
cards_effect:IH:Cackling Jackal,cards_effect,IH,662b9f3e5ffa,Cackling Jackal,奖励：2荣誉. 战利品： 放逐此 以获得1符文.,draft,,loc/zh-Hans/lua_cards.csv
cards_effect:IH:Cosmic Protocol,cards_effect,IH,0f16c027d1ed,Cosmic Protocol,"当玩家获取机械神器, 该玩家可以将其直接进入战场.\r\n EVENT战利品： 你支付 2符文更低以 获取你的下一机械神器本回合.",draft,,loc/zh-Hans/lua_cards.csv
cards_effect:IH:Deathsworn Warrior,cards_effect,IH,2cd9e5e8ed80,Deathsworn Warrior,天命： 每位玩家可以放逐一张卡牌从其手牌或 弃牌堆.,draft,,loc/zh-Hans/lua_cards.csv
cards_effect:IH:Driller Mark IV,cards_effect,IH,721bab5a67fc,Driller Mark IV,"每回合一次，当你 打出机械神器 (包括此牌一), 获得灵魂宝石.",draft,,loc/zh-Hans/lua_cards.csv
"cards_effect:IH:Elan, Soul Marshal",cards_effect,IH,43362e054bc9,"Elan, Soul Marshal",获得灵魂宝石. 抽一张牌.,draft,,loc/zh-Hans/lua_cards.csv
cards_effect:IH:Energy Monk,cards_effect,IH,c94cbe285d8c,Energy Monk,获得2战力. 你可以返回神器你控制的以 你的手牌.,draft,,loc/zh-Hans/lua_cards.csv
cards_effect:IH:Growmites,cards_effect,IH,a05095ae081d,Growmites,"奖励：获得2荣誉. ONGOING战利品： 当你 击败另一增生螨, 获得2荣誉.",draft,,loc/zh-Hans/lua_cards.csv
cards_effect:IH:Hedron Pyromaniac,cards_effect,IH,cf0b35d0fb38,Hedron Pyromaniac,获得2符文. 你可以摧毁一个神器你控制的以 获得灵魂宝石.,draft,,loc/zh-Hans/lua_cards.csv
"cards_effect:IH:Kythis, Rebel Godling",cards_effect,IH,1e9b57e0eeb7,"Kythis, Rebel Godling",奖励：8荣誉. ONGOING战利品： 每回合一次，获得灵魂宝石.,draft,,loc/zh-Hans/lua_cards.csv
"cards_effect:IH:Kythis, Rebel Godling v2",cards_effect,IH,cf767e459e9e,"Kythis, Rebel Godling v2",奖励：8荣誉. ONGOING战利品： 每回合一次，获得灵魂宝石.,draft,,loc/zh-Hans/lua_cards.csv
cards_effect:IH:Moment of Clarity,cards_effect,IH,ae3e6a7eb556,Moment of Clarity,"当玩家获取启迪卡牌, 该玩家可以抽一张牌.\r\n EVENT战利品： 放逐一张卡牌在你的手牌中. 若你如此做，获取秘教士无需支付费用. 将它放置置入你的手牌.",draft,,loc/zh-Hans/lua_cards.csv
cards_effect:IH:Nothing Man,cards_effect,IH,0bb7771589c8,Nothing Man,奖励：3荣誉. 战利品： 放逐此 以获得灵魂宝石.,draft,,loc/zh-Hans/lua_cards.csv
cards_effect:IH:Orb of Nyx,cards_effect,IH,984c32be03e4,Orb of Nyx,"每回合一次，获得3战力.\r\n当你 击败一个怪物在中央牌列, 获得灵魂宝石.",draft,,loc/zh-Hans/lua_cards.csv
cards_effect:IH:Recyclicrab,cards_effect,IH,e13a38960993,Recyclicrab,"当你 打出机械神器, 若此 为在你的弃牌堆你可以返回它 以你的手牌.",draft,,loc/zh-Hans/lua_cards.csv
cards_effect:IH:Repurposer,cards_effect,IH,e7d6e6a850db,Repurposer,"每回合一次，当你 打出机械神器 (包括此牌一), 你可以返回神器从 你的弃牌堆以 你的手牌.",draft,,loc/zh-Hans/lua_cards.csv
"cards_effect:IH:Sabre, the Moonlit",cards_effect,IH,6b65d112f759,"Sabre, the Moonlit",获得1符文. 获得1战力. 获得1荣誉. 抽一张牌. \r\n联合： 获得1符文. 获得1战力. 获得1荣誉. 抽一张牌.,draft,,loc/zh-Hans/lua_cards.csv
cards_effect:IH:Soul Gem - Arbiter of Fate,cards_effect,IH,4072e189a6f6,Soul Gem - Arbiter of Fate,"天命： 当此牌进入中央牌列时, 每位玩家可以放逐一张卡牌从其手牌或 弃牌堆.",draft,,loc/zh-Hans/lua_cards.csv
cards_effect:IH:Soul Gem - Arha Initiate,cards_effect,IH,5bc01484bbb4,Soul Gem - Arha Initiate,抽一张牌.,draft,,loc/zh-Hans/lua_cards.csv
cards_effect:IH:Soul Gem - Arha Templar,cards_effect,IH,d9eb2b84423b,Soul Gem - Arha Templar,击败一个怪物战力值不高于4 或更低.,draft,,loc/zh-Hans/lua_cards.csv
cards_effect:IH:Soul Gem - Ascetic of the Lidless Eye,cards_effect,IH,b3a37d166290,Soul Gem - Ascetic of the Lidless Eye,抽两张牌.,draft,,loc/zh-Hans/lua_cards.csv
cards_effect:IH:Soul Gem - Askara of Fate,cards_effect,IH,a1b4d701e12a,Soul Gem - Askara of Fate,抽两张牌. 每位其他玩家可以抽一张牌. 然后你可以放逐一张卡牌在中央牌列.,draft,,loc/zh-Hans/lua_cards.csv
cards_effect:IH:Soul Gem - Avatar Golem,cards_effect,IH,fc5f62d79cbd,Soul Gem - Avatar Golem,获得2战力. 获得1荣誉以 每个type的神器你控制的.,draft,,loc/zh-Hans/lua_cards.csv
cards_effect:IH:Soul Gem - Demon Slayer,cards_effect,IH,6121195269f9,Soul Gem - Demon Slayer,获得3战力.,draft,,loc/zh-Hans/lua_cards.csv
cards_effect:IH:Soul Gem - Dimension Diver,cards_effect,IH,20b9b0759833,Soul Gem - Dimension Diver,获得2符文. 你可以将所有神器s作为机械神器本回合.,draft,,loc/zh-Hans/lua_cards.csv
cards_effect:IH:Soul Gem - Druids of the Stone Circle,cards_effect,IH,8ed1a6714c37,Soul Gem - Druids of the Stone Circle,获取一个英雄费用不高于3 或更低. 将它放到你的牌库顶.,draft,,loc/zh-Hans/lua_cards.csv
cards_effect:IH:Soul Gem - Great-Omen Raven,cards_effect,IH,b73a143befc2,Soul Gem - Great-Omen Raven,"命名卡牌. 展示你牌库顶的卡牌和 将它放置置入你的手牌. 若它 为被命名为卡牌, 获得3荣誉.",draft,,loc/zh-Hans/lua_cards.csv
cards_effect:IH:Soul Gem - Landtalker,cards_effect,IH,7216cd1119fd,Soul Gem - Landtalker,获得3符文.,draft,,loc/zh-Hans/lua_cards.csv
cards_effect:IH:Soul Gem - Lifebound Initiate,cards_effect,IH,244a9bf03e53,Soul Gem - Lifebound Initiate,获得1符文和 1荣誉.,draft,,loc/zh-Hans/lua_cards.csv
cards_effect:IH:Soul Gem - Master Dhartha,cards_effect,IH,b53e2493a240,Soul Gem - Master Dhartha,抽三张牌.,draft,,loc/zh-Hans/lua_cards.csv
cards_effect:IH:Soul Gem - Mechana Initiate,cards_effect,IH,c5cc436add63,Soul Gem - Mechana Initiate,获得1符文或 1战力.,draft,,loc/zh-Hans/lua_cards.csv
cards_effect:IH:Soul Gem - Reactor Monk,cards_effect,IH,8668993404ed,Soul Gem - Reactor Monk,获得2符文. 下一神器你 获取本回合费用为 1符文更低.,draft,,loc/zh-Hans/lua_cards.csv
cards_effect:IH:Soul Gem - Runic Lycanthrope,cards_effect,IH,fbdad7fbf3a4,Soul Gem - Runic Lycanthrope,"获得2符文. 若你打出过命约英雄本回合, 获得2战力.",draft,,loc/zh-Hans/lua_cards.csv
cards_effect:IH:Soul Gem - Seer of the Forked Path,cards_effect,IH,abd48e3c6253,Soul Gem - Seer of the Forked Path,抽一张牌. 然后你可以放逐一张卡牌在中央牌列.,draft,,loc/zh-Hans/lua_cards.csv
cards_effect:IH:Soul Gem - Shade of the Black Watch,cards_effect,IH,66fff5dfcb2a,Soul Gem - Shade of the Black Watch,获得2战力. 你可以放逐一张卡牌在你的手牌或弃牌堆.,draft,,loc/zh-Hans/lua_cards.csv
cards_effect:IH:Soul Gem - Spike Vixen,cards_effect,IH,57ef8f09934f,Soul Gem - Spike Vixen,获得1战力. 抽一张牌.,draft,,loc/zh-Hans/lua_cards.csv
cards_effect:IH:Soul Gem - Void Initiate,cards_effect,IH,df3513b7b548,Soul Gem - Void Initiate,获得1符文. 你可以放逐一张卡牌在你的手牌或弃牌堆.,draft,,loc/zh-Hans/lua_cards.csv
cards_effect:IH:Soul Gem - Wolf Shaman,cards_effect,IH,810dd2232e4b,Soul Gem - Wolf Shaman,获得1符文. 抽一张牌.,draft,,loc/zh-Hans/lua_cards.csv
cards_effect:IH:Souls Unbound,cards_effect,IH,73663f06efe0,Souls Unbound,怪物在中央牌列为 不可放逐.\r\n EVENT战利品： 弃掉卡牌. 若你如此做，获得灵魂宝石.,draft,,loc/zh-Hans/lua_cards.csv
cards_effect:IH:Soulshaper,cards_effect,IH,f3abf8ffe586,Soulshaper,"你可以放逐此牌或 另一卡牌在你的手牌中. \r\n若你如此做，获得灵魂宝石. 若当前事件为 虚空, 你可以放逐一张卡牌在你的弃牌堆以 获得灵魂宝石改为.",draft,,loc/zh-Hans/lua_cards.csv
cards_effect:IH:Spark Sprayer,cards_effect,IH,2c512a992150,Spark Sprayer,"每回合一次，你可以摧毁机械神器你控制的以 获得1战力.\r\n 若当前事件为 机械, 获得额外的 1战力.",draft,,loc/zh-Hans/lua_cards.csv
cards_effect:IH:Spider Witch,cards_effect,IH,fc74c2a7396d,Spider Witch,获得2荣誉. 联合： 获得灵魂宝石.,draft,,loc/zh-Hans/lua_cards.csv
cards_effect:IH:Stone Circle Elder,cards_effect,IH,22639d6d23ef,Stone Circle Elder,"获取一个英雄费用不高于5 或更低无需支付费用. 将它放置放到你的牌库顶.\r\n若当前事件为 生命, 抽一张牌.",draft,,loc/zh-Hans/lua_cards.csv
cards_effect:IH:Temple Guardian,cards_effect,IH,58bcb41971e4,Temple Guardian,"击败一个怪物以P5 或更低无需支付费用.\r\n若当前事件为 启迪, 抽一张牌.",draft,,loc/zh-Hans/lua_cards.csv
cards_effect:IH:The Great Eclipse,cards_effect,IH,e7a6eb94927f,The Great Eclipse,"当玩家获取命约英雄, 该玩家可以将它放置在 顶部的 其牌库.\r\n EVENT战利品： 命名英雄. 该英雄为 也生命本回合.",draft,,loc/zh-Hans/lua_cards.csv
cards_effect:IH:The World Tree,cards_effect,IH,a9b0a2b1e9df,The World Tree,"每回合一次，你可以支付至多 5符文以 获得该等量的H. \r\n当你 打出命约英雄, 获得1符文.",draft,,loc/zh-Hans/lua_cards.csv
cards_effect:IH:Trophy Hunter,cards_effect,IH,5b4eb865ca5b,Trophy Hunter,获得2战力. 你支付 1战力更低下次你击败战利品怪物本回合.,draft,,loc/zh-Hans/lua_cards.csv
cards_effect:IH:Void Avenger,cards_effect,IH,ba5dd50197de,Void Avenger,"获得3战力. 下次你击败一个怪物在中央牌列, 获得灵魂宝石.",draft,,loc/zh-Hans/lua_cards.csv
cards_effect:IH:Wandering Askara,cards_effect,IH,ce28d2b66853,Wandering Askara,"抽一张牌, 然后你可以放逐一张卡牌在中央牌列.\r\n若你打出过另一流浪阿斯卡拉本回合, 你可以放逐两者卡牌以 拿取另一回合在此之后.",draft,,loc/zh-Hans/lua_cards.csv
cards_effect:IH:Wolf Acolyte,cards_effect,IH,5902c4d29112,Wolf Acolyte,获得1符文. 联合： 抽一张牌.,draft,,loc/zh-Hans/lua_cards.csv
cards_effect:LGND:Arha Emissary,cards_effect,LGND,16468b3f9b9f,Arha Emissary,"抽一张牌.\r\n若你 打出或 拥有打出过使者的 每个Faction本回合, 你win游戏.",draft,,loc/zh-Hans/lua_cards.csv
cards_effect:LGND:Arha Recruit,cards_effect,LGND,54cfad2685b1,Arha Recruit,"抽一张牌.\r\n获得1 renown, 然后放逐此牌.",draft,,loc/zh-Hans/lua_cards.csv
cards_effect:LGND:Askara of Judgement,cards_effect,LGND,8933cd38aeb2,Askara of Judgement,抽一张牌.,draft,,loc/zh-Hans/lua_cards.csv
cards_effect:LGND:Bombcrafter,cards_effect,LGND,dadb9befe0e6,Bombcrafter,"抽一张牌.\r\n获得2战力, 然后放逐此牌.",draft,,loc/zh-Hans/lua_cards.csv
cards_effect:LGND:Boon - Cetra,cards_effect,LGND,59c8a33231b1,Boon - Cetra,"一次本回合, 你可以放置英雄从 你的弃牌堆放到你的牌库顶.",draft,,loc/zh-Hans/lua_cards.csv
cards_effect:LGND:Boon - Emri,cards_effect,LGND,919ee366f9f2,Boon - Emri,"一次本回合, 获得2战力.",draft,,loc/zh-Hans/lua_cards.csv
cards_effect:LGND:Boon - Kor,cards_effect,LGND,ebc64f316e5c,Boon - Kor,"一次本回合, 获得2符文.",draft,,loc/zh-Hans/lua_cards.csv
cards_effect:LGND:Boon - Master Dhartha,cards_effect,LGND,3789eb3406c5,Boon - Master Dhartha,"一次本回合, 抽一张牌.",draft,,loc/zh-Hans/lua_cards.csv
cards_effect:LGND:Boon - Naira,cards_effect,LGND,1b303a44eaa5,Boon - Naira,"一次本回合, 获得2荣誉.",draft,,loc/zh-Hans/lua_cards.csv
cards_effect:LGND:Boon - Naka,cards_effect,LGND,f51b00c7e1f9,Boon - Naka,"一次本回合, 你可以放逐一张卡牌你 打出过本回合.",draft,,loc/zh-Hans/lua_cards.csv
cards_effect:LGND:Boon - P.R.I.M.E.,cards_effect,LGND,804de5a0175a,Boon - P.R.I.M.E.,"一次本回合, 你可以返回神器从 你的弃牌堆以 你的手牌.",draft,,loc/zh-Hans/lua_cards.csv
cards_effect:LGND:Boon - Ulu,cards_effect,LGND,388d0f0aceb2,Boon - Ulu,"一次本回合, 获得1 renown在另一派系.",draft,,loc/zh-Hans/lua_cards.csv
cards_effect:LGND:Boon: Cetra,cards_effect,LGND,2cac12b4a335,Boon: Cetra,"一次本回合, 你可以放置英雄从 你的弃牌堆放到你的牌库顶.",draft,,loc/zh-Hans/lua_cards.csv
cards_effect:LGND:Boon: Kor,cards_effect,LGND,176dcc20df61,Boon: Kor,"一次本回合, 获得2符文.",draft,,loc/zh-Hans/lua_cards.csv
cards_effect:LGND:Boon: Master Dhartha,cards_effect,LGND,c394d420181f,Boon: Master Dhartha,"一次本回合, 抽一张牌.",draft,,loc/zh-Hans/lua_cards.csv
cards_effect:LGND:Boon: Naka,cards_effect,LGND,1a2ed83322ea,Boon: Naka,"一次本回合, 你可以放逐一张卡牌你 打出过本回合.",draft,,loc/zh-Hans/lua_cards.csv
cards_effect:LGND:Claws of Deoful,cards_effect,LGND,cfae61f747e6,Claws of Deoful,奖励：获得4荣誉.\r\n获得1 Renown在任意派系.,draft,,loc/zh-Hans/lua_cards.csv
cards_effect:LGND:Correction of Creation,cards_effect,LGND,d2a3a225a012,Correction of Creation,奖励：获得2荣誉. 你可以放逐一张卡牌从你的手牌或 弃牌堆.,draft,,loc/zh-Hans/lua_cards.csv
cards_effect:LGND:Dark Monk,cards_effect,LGND,4d8b0278cc80,Dark Monk,获得2战力.\r\n联合: 抽一张牌.,draft,,loc/zh-Hans/lua_cards.csv
cards_effect:LGND:Enlightened Remnant,cards_effect,LGND,fa89ec967746,Enlightened Remnant,"奖励：获得5荣誉.\r\n若你打出过或 已获取启迪卡牌本回合, 抽两张牌.",draft,,loc/zh-Hans/lua_cards.csv
cards_effect:LGND:Fallen Fae,cards_effect,LGND,35d8d8ac339b,Fallen Fae,获得2战力.\r\n联合: 获得1荣誉.,draft,,loc/zh-Hans/lua_cards.csv
cards_effect:LGND:Forest Emissary,cards_effect,LGND,9f64850ed995,Forest Emissary,抽一张牌.\r\n联合-使者: 获得2荣誉. (获得此效果一次若 你打出或 拥有打出过另一使者本回合.),draft,,loc/zh-Hans/lua_cards.csv
cards_effect:LGND:Hellstring Blades,cards_effect,LGND,01c4f8994292,Hellstring Blades,奖励：获得5荣誉. 选择和 摧毁至多两 神器s在打出.,draft,,loc/zh-Hans/lua_cards.csv
cards_effect:LGND:Hurricane Warlock,cards_effect,LGND,7b8e74861795,Hurricane Warlock,奖励：获得2荣誉. 抽一张牌.,draft,,loc/zh-Hans/lua_cards.csv
cards_effect:LGND:Ironheart Engine,cards_effect,LGND,0d69154d35f5,Ironheart Engine,"每回合一次，当你 打出机械神器 (包括此牌一), 获得3符文.",draft,,loc/zh-Hans/lua_cards.csv
cards_effect:LGND:Korpse Maker,cards_effect,LGND,81edcc96e388,Korpse Maker,"每回合一次，当你 打出机械神器 (包括此牌一), 获得2战力.",draft,,loc/zh-Hans/lua_cards.csv
cards_effect:LGND:Landis' Potions & Pies,cards_effect,LGND,eafab7fe95dc,Landis' Potions & Pies,每回合一次，获得1荣誉.\r\n联合: 获得1符文.,draft,,loc/zh-Hans/lua_cards.csv
cards_effect:LGND:Legend - Cetra,cards_effect,LGND,3cb3fbcd6010,Legend - Cetra,"一次本回合, 你可以放置英雄从 你的弃牌堆放到你的牌库顶.",draft,,loc/zh-Hans/lua_cards.csv
cards_effect:LGND:Legend - Emri,cards_effect,LGND,7e4b32cbd5d6,Legend - Emri,"一次本回合, 获得2战力.",draft,,loc/zh-Hans/lua_cards.csv
cards_effect:LGND:Legend - Kor,cards_effect,LGND,4937fdd0fcee,Legend - Kor,"一次本回合, 获得2符文.",draft,,loc/zh-Hans/lua_cards.csv
cards_effect:LGND:Legend - Master Dhartha,cards_effect,LGND,a6201d672eee,Legend - Master Dhartha,"一次本回合, 抽一张牌.",draft,,loc/zh-Hans/lua_cards.csv
cards_effect:LGND:Legend - Naira,cards_effect,LGND,03664749a52c,Legend - Naira,"一次本回合, 获得2荣誉.",draft,,loc/zh-Hans/lua_cards.csv
cards_effect:LGND:Legend - Naka,cards_effect,LGND,03e9656abfc9,Legend - Naka,"一次本回合, 你可以放逐一张卡牌你 打出过本回合.",draft,,loc/zh-Hans/lua_cards.csv
cards_effect:LGND:Legend - P.R.I.M.E.,cards_effect,LGND,77ec1e194b54,Legend - P.R.I.M.E.,"一次本回合, 你可以返回神器从 你的弃牌堆以 你的手牌.",draft,,loc/zh-Hans/lua_cards.csv
cards_effect:LGND:Legend - Ulu,cards_effect,LGND,20b966df1a18,Legend - Ulu,"一次本回合, 获得1 renown在另一派系.",draft,,loc/zh-Hans/lua_cards.csv
cards_effect:LGND:Legendary Boon - Enlightened,cards_effect,LGND,4a3f34fcc578,Legendary Boon - Enlightened,获取或 击败任意启迪卡牌从 中央牌列无需支付费用.,draft,,loc/zh-Hans/lua_cards.csv
cards_effect:LGND:Legendary Boon - Lifebound,cards_effect,LGND,754b9432c27f,Legendary Boon - Lifebound,获取或 击败任意生命卡牌从 中央牌列无需支付费用.,draft,,loc/zh-Hans/lua_cards.csv
cards_effect:LGND:Legendary Boon - Mechana,cards_effect,LGND,d7b0b6cefb92,Legendary Boon - Mechana,获取或 击败任意机械卡牌从 中央牌列无需支付费用.,draft,,loc/zh-Hans/lua_cards.csv
cards_effect:LGND:Legendary Boon - Void,cards_effect,LGND,1b9a704ef7c3,Legendary Boon - Void,获取或 击败任意虚空卡牌从 中央牌列无需支付费用.,draft,,loc/zh-Hans/lua_cards.csv
cards_effect:LGND:Lifebound Remnant,cards_effect,LGND,0a5d92add16c,Lifebound Remnant,"奖励：获得3荣誉.\r\n若你打出过或 已获取生命卡牌本回合, 获得额外的 2荣誉.",draft,,loc/zh-Hans/lua_cards.csv
cards_effect:LGND:Lycan Fang,cards_effect,LGND,993827a81433,Lycan Fang,获得2符文.,draft,,loc/zh-Hans/lua_cards.csv
cards_effect:LGND:MarrowWyrm Rider,cards_effect,LGND,3b7e158f2e28,MarrowWyrm Rider,奖励：获得3荣誉. 你可以获取一个英雄以 费用 5符文或更低无需支付费用.,draft,,loc/zh-Hans/lua_cards.csv
cards_effect:LGND:Master Vaya,cards_effect,LGND,c3797357a5c3,Master Vaya,抽两张牌.,draft,,loc/zh-Hans/lua_cards.csv
cards_effect:LGND:Mecha Cetra,cards_effect,LGND,3b48fdd2f76b,Mecha Cetra,你可以获取一个英雄或 神器从 中央牌列无需支付费用和 将它放置放到你的牌库顶.,draft,,loc/zh-Hans/lua_cards.csv
cards_effect:LGND:Mecha Emissary,cards_effect,LGND,885165aaf75d,Mecha Emissary,抽一张牌.\r\n联合-使者: 获得2符文. (获得此效果一次若 你打出或 拥有打出过另一使者本回合.),draft,,loc/zh-Hans/lua_cards.csv
cards_effect:LGND:Mechana Remnant,cards_effect,LGND,1e5cac5ca937,Mechana Remnant,"奖励：获得4荣誉.\r\n若你打出过或 已获取机械卡牌本回合, 获得2符文.",draft,,loc/zh-Hans/lua_cards.csv
cards_effect:LGND:Mechannihilator,cards_effect,LGND,287e67ce73b1,Mechannihilator,每回合一次，你可以摧毁另一一 的你的机械神器以 获得3战力.,draft,,loc/zh-Hans/lua_cards.csv
cards_effect:LGND:Mechaphoenix,cards_effect,LGND,f7b5e9d35632,Mechaphoenix,"每回合一次，当你 打出机械神器 (包括此牌一), 获取或 击败卡牌以 费用相等以 或低于其R费用.",draft,,loc/zh-Hans/lua_cards.csv
cards_effect:LGND:Monk of the Stone Circle,cards_effect,LGND,e7080f7f6004,Monk of the Stone Circle,获取一个英雄以 费用 3符文或更低和 将它放置置入你的手牌.,draft,,loc/zh-Hans/lua_cards.csv
cards_effect:LGND:Mountain Seer,cards_effect,LGND,a1ed20585a62,Mountain Seer,"抽一张牌, 然后放逐一张卡牌在 中央牌列. 然后, 获得1 renown在每个的 派系(s) 该被替换被放逐卡牌.",draft,,loc/zh-Hans/lua_cards.csv
cards_effect:LGND:Muse of Malevolence,cards_effect,LGND,15ff469f6822,Muse of Malevolence,奖励：获得5荣誉. 获得2 Renown在任意派系.,draft,,loc/zh-Hans/lua_cards.csv
cards_effect:LGND:Mushroom Druid,cards_effect,LGND,6b424bd6cca9,Mushroom Druid,获得3荣誉.,draft,,loc/zh-Hans/lua_cards.csv
cards_effect:LGND:Mycelial Mage,cards_effect,LGND,e7eec98d9fc9,Mycelial Mage,"抽一张牌.\r\n获得3荣誉, 然后放逐此牌.",draft,,loc/zh-Hans/lua_cards.csv
cards_effect:LGND:Pathseeker Sensei,cards_effect,LGND,d4689a3901bc,Pathseeker Sensei,击败一个怪物的 4战力或更低无需支付费用.,draft,,loc/zh-Hans/lua_cards.csv
cards_effect:LGND:Portal Ninja,cards_effect,LGND,4815af4f4beb,Portal Ninja,获得2符文.\r\n联合: 你可以放逐一张卡牌你 打出过本回合.,draft,,loc/zh-Hans/lua_cards.csv
cards_effect:LGND:Psionic Monk,cards_effect,LGND,c5175f6f1839,Psionic Monk,抽 2 卡牌.\r\n获得1荣誉以 每个派系之中神器你控制的.,draft,,loc/zh-Hans/lua_cards.csv
cards_effect:LGND:Psychic Amulet,cards_effect,LGND,f26ef6eefcbe,Psychic Amulet,"每回合一次，当你 打出机械或 启迪神器 (包括此牌一), 抽一张牌.",draft,,loc/zh-Hans/lua_cards.csv
"cards_effect:LGND:Raiyna, Riftwalker",cards_effect,LGND,1876a432ff3e,"Raiyna, Riftwalker","获得4战力.\r\n下次你击败一个怪物在 中央牌列本回合, 获得其non-荣誉奖励两次.",draft,,loc/zh-Hans/lua_cards.csv
cards_effect:LGND:Remnant of the Fallen,cards_effect,LGND,d327e1123153,Remnant of the Fallen,奖励：获得5荣誉.\r\n获得1 Renown的每个派系.\r\n你可以获取或 击败任意卡牌在 中央牌列无需支付费用.,draft,,loc/zh-Hans/lua_cards.csv
cards_effect:LGND:Riftclaw,cards_effect,LGND,e14376e51b1c,Riftclaw,每回合一次，获得1战力.,draft,,loc/zh-Hans/lua_cards.csv
cards_effect:LGND:Sablespark Sisters,cards_effect,LGND,5d443d702d12,Sablespark Sisters,"抽一张牌.\r\n获得1符文, 然后放逐此牌.",draft,,loc/zh-Hans/lua_cards.csv
cards_effect:LGND:Shade Askara,cards_effect,LGND,a0419d2899fe,Shade Askara,"获得3战力.\r\n若你 拥有启迪或 虚空卡牌在你的弃牌堆, 抽一张牌.",draft,,loc/zh-Hans/lua_cards.csv
cards_effect:LGND:Shade Feather,cards_effect,LGND,647d9380a96e,Shade Feather,获得1战力.你可以放逐一张卡牌在你的手牌或弃牌堆.,draft,,loc/zh-Hans/lua_cards.csv
cards_effect:LGND:Shadow Arbiter,cards_effect,LGND,3b97d278b8db,Shadow Arbiter,抽一张牌. 你可以放逐一张卡牌在你的手牌中以 获得2战力.,draft,,loc/zh-Hans/lua_cards.csv
cards_effect:LGND:Shadow Mender,cards_effect,LGND,7a0c5212d6d4,Shadow Mender,获得3战力.,draft,,loc/zh-Hans/lua_cards.csv
cards_effect:LGND:Snowstrider Lycan,cards_effect,LGND,aa72c7c20add,Snowstrider Lycan,"获得1符文, 1荣誉, 1战力, 和抽一张牌.",draft,,loc/zh-Hans/lua_cards.csv
cards_effect:LGND:Tablet of the Templar,cards_effect,LGND,afdd8767efe1,Tablet of the Templar,你可以摧毁此 以击败一个怪物的 费用 4战力或更低无需支付费用.,draft,,loc/zh-Hans/lua_cards.csv
cards_effect:LGND:The Chrome Circle,cards_effect,LGND,e35a65aa8b08,The Chrome Circle,"每回合一次，当你 打出机械或 生命神器 (包括此牌一), 获得1符文和 1荣誉.",draft,,loc/zh-Hans/lua_cards.csv
cards_effect:LGND:The Dreamscrape,cards_effect,LGND,8e328706a627,The Dreamscrape,每回合一次，你可以摧毁另一一 的你的机械神器以 获得2符文.,draft,,loc/zh-Hans/lua_cards.csv
cards_effect:LGND:The Iron Seven,cards_effect,LGND,9f4a33db7501,The Iron Seven,"奖励：获得3荣誉. 选择aand摧毁至多一 神器在 打出, 或返回神器从 你的弃牌堆以 你的手牌.",draft,,loc/zh-Hans/lua_cards.csv
cards_effect:LGND:Turtler Merchant,cards_effect,LGND,77c61fc08113,Turtler Merchant,获得5荣誉.\r\n你可以返回H以池 相等以H的英雄或 神器在 中央牌列. 若你如此做，获取它.,draft,,loc/zh-Hans/lua_cards.csv
cards_effect:LGND:Void Emissary,cards_effect,LGND,01b05b3edec0,Void Emissary,抽一张牌.\r\n联合-使者: 获得2战力. (获得此效果一次若 你打出或 拥有打出过另一使者本回合.),draft,,loc/zh-Hans/lua_cards.csv
cards_effect:LGND:Void Remnant,cards_effect,LGND,64c2df59e5b7,Void Remnant,"奖励：获得4荣誉.\r\n若你打出过或 已获取虚空卡牌本回合, 你可以放逐至多两 卡牌从你的手牌或 弃牌堆.",draft,,loc/zh-Hans/lua_cards.csv
cards_effect:RU:Adayu the Serene,cards_effect,RU,b38a9bd22516,Adayu the Serene,"此英雄视为作为所有派系.\r\n获得1符文, 1战力和 1荣誉. 抽一张牌.\r\n多重联合： 获得1符文以 每个机械英雄, 1战力以 每个虚空英雄,1荣誉以 每个命约英雄, 和抽一张牌以 每个圣贤英雄你 打出或 拥有打出过本回合.",draft,,loc/zh-Hans/lua_cards.csv
cards_effect:RU:Adayu the Tormented,cards_effect,RU,36797c1e0dd9,Adayu the Tormented,奖励： 将此牌转化为阿达尤宁静和 获取它.,draft,,loc/zh-Hans/lua_cards.csv
cards_effect:RU:Air Support Squadron,cards_effect,RU,3efd8fc08f81,Air Support Squadron,"每回合一次，当你 获取机械卡牌, 你可以将它放置在你的手牌中.",draft,,loc/zh-Hans/lua_cards.csv
"cards_effect:RU:Alset, Monk Prodigy",cards_effect,RU,4106dc930194,"Alset, Monk Prodigy","当此 为在你的手牌中, 若你控制的 2 或更高神器s, 将此牌转化为阿尔塞特, 反应堆学者.\r\n获得3符文.",draft,,loc/zh-Hans/lua_cards.csv
"cards_effect:RU:Alset, Reactor Savant",cards_effect,RU,830935ab6076,"Alset, Reactor Savant","获得4符文.\r\n当你 获取神器本回合, 你可以将它放置进入战场.",draft,,loc/zh-Hans/lua_cards.csv
cards_effect:RU:Animus of the Wild,cards_effect,RU,c33a26d964cb,Animus of the Wild,获得2符文.\r\n你支付 1符文更低下次你获取一个英雄本回合.,draft,,loc/zh-Hans/lua_cards.csv
cards_effect:RU:Apprentice RU,cards_effect,RU,a59849f2a17e,Apprentice RU,获得1符文。,reviewed,,loc/zh-Hans/lua_cards.csv
cards_effect:RU:Black Watch Exemplar,cards_effect,RU,67408db63214,Black Watch Exemplar,获得3战力.\r\n多重联合： 你可以放逐一张卡牌在你的弃牌堆.,draft,,loc/zh-Hans/lua_cards.csv
cards_effect:RU:Borderland Mercenary,cards_effect,RU,33d751a98672,Borderland Mercenary,抽一张牌.\r\n命名派系. 此英雄视为作为该 派系本回合.,draft,,loc/zh-Hans/lua_cards.csv
cards_effect:RU:Borderland Nihilist,cards_effect,RU,3c415365d6cd,Borderland Nihilist,奖励： 将此牌转化为边地佣兵和 获取它.,draft,,loc/zh-Hans/lua_cards.csv
cards_effect:RU:Canon Templar,cards_effect,RU,8a1cb490ccf3,Canon Templar,获得2符文.\r\n你可以击败一个怪物以P费用低于或 相等以R费用的 神器你控制的.,draft,,loc/zh-Hans/lua_cards.csv
"cards_effect:RU:Cetra, Matron of Stars",cards_effect,RU,14fe5b5b76d4,"Cetra, Matron of Stars","一次本回合, 获取一个英雄无需支付费用. 将它放置放到你的牌库顶.\r\n多重联合： 你可以重复此.",draft,,loc/zh-Hans/lua_cards.csv
cards_effect:RU:Clutch of Darkness,cards_effect,RU,fc850b7857b0,Clutch of Darkness,每回合一次，获得2战力.,draft,,loc/zh-Hans/lua_cards.csv
cards_effect:RU:Cultist RU,cards_effect,RU,99ac96465a53,Cultist RU,奖励：获得1荣誉。,reviewed,,loc/zh-Hans/lua_cards.csv
cards_effect:RU:Deathbound Druid,cards_effect,RU,3f9a4ea2f767,Deathbound Druid,获得3荣誉.\r\n你可以放逐一张卡牌在你的弃牌堆.,draft,,loc/zh-Hans/lua_cards.csv
cards_effect:RU:Deathdealer Noble,cards_effect,RU,8c2ada421b1d,Deathdealer Noble,获得2战力.\r\n多重联合： 获得1战力.,draft,,loc/zh-Hans/lua_cards.csv
cards_effect:RU:Defense Generator,cards_effect,RU,a6a27a6a3be8,Defense Generator,"每回合一次，当你 获取机械卡牌, 获得2战力.",draft,,loc/zh-Hans/lua_cards.csv
"cards_effect:RU:Dhartha, the Eternal",cards_effect,RU,40fd8f1db0ec,"Dhartha, the Eternal",展示传送门牌库顶的卡牌. 获取或 击败该 卡牌无需支付费用.\r\n多重联合： 你可以重复此.,draft,,loc/zh-Hans/lua_cards.csv
cards_effect:RU:Disciple of Cetra,cards_effect,RU,a9b665416a9e,Disciple of Cetra,"当此 为在你的手牌中, 若你 拥有打出过另一命约英雄本回合, 将此牌转化为后裔· 塞特拉.\r\n获得1符文和 1荣誉.",draft,,loc/zh-Hans/lua_cards.csv
cards_effect:RU:Disciple of Emri,cards_effect,RU,12fbe4b6c40e,Disciple of Emri,"当此 为在你的手牌中, 若你 拥有打出过另一虚空英雄本回合, 将此牌转化为后裔· 艾姆瑞.\r\n获得1战力.\r\n你可以放逐一张卡牌在你的弃牌堆.",draft,,loc/zh-Hans/lua_cards.csv
cards_effect:RU:Disciple of Euloth,cards_effect,RU,9c3ab17e485e,Disciple of Euloth,"当此 为在你的手牌中, 若你 拥有打出过另一机械英雄本回合, 将此牌转化为后裔· 尤洛斯.\r\n获得1符文和 1战力.",draft,,loc/zh-Hans/lua_cards.csv
cards_effect:RU:Disciple of Oziah,cards_effect,RU,5d3cb7d3d975,Disciple of Oziah,"当此 为在你的手牌中, 若你 拥有打出过另一圣贤英雄本回合, 将此牌转化为后裔· 奥齐亚.\r\n击败一个怪物以 费用 3战力或更低无需支付费用.",draft,,loc/zh-Hans/lua_cards.csv
cards_effect:RU:Druid's Wreath,cards_effect,RU,5ace0bdf8609,Druid's Wreath,"若你打出过两 或更高命约英雄本回合, 将此牌转化为翠绿冠冕.",draft,,loc/zh-Hans/lua_cards.csv
"cards_effect:RU:Emri, Demonsbane",cards_effect,RU,36f29eac5956,"Emri, Demonsbane","获得5战力.\r\n此回合, 你可以击败怪物在 虚空区作为穿过他们处于在中央牌列. 放置怪物被击败以此方式置于其底： 传送门牌库.",draft,,loc/zh-Hans/lua_cards.csv
"cards_effect:RU:Emri, the Unmaker",cards_effect,RU,97cef2dfc629,"Emri, the Unmaker","当此 为在你的手牌中, 若那里为 8 或更高怪物在 虚空区, 将此牌转化为恶魔克星艾姆瑞.\r\n获得4战力.",draft,,loc/zh-Hans/lua_cards.csv
cards_effect:RU:Everbloom Clique,cards_effect,RU,ac3f6a82aef0,Everbloom Clique,获得2荣誉.\r\n多重联合： 获得1荣誉.,draft,,loc/zh-Hans/lua_cards.csv
cards_effect:RU:Forgotten Scripture,cards_effect,RU,26b2bb5e3cd3,Forgotten Scripture,"若你打出过两 的更多圣贤英雄本回合, 将此牌转化为真言的 真正视界.",draft,,loc/zh-Hans/lua_cards.csv
cards_effect:RU:Foundation Burrower,cards_effect,RU,79e121add007,Foundation Burrower,奖励： 获得1荣誉. 你可以放逐一张卡牌在中央牌列.,draft,,loc/zh-Hans/lua_cards.csv
cards_effect:RU:Heavy Infantry RU,cards_effect,RU,bc7978d2173b,Heavy Infantry RU,获得2战力。,reviewed,,loc/zh-Hans/lua_cards.csv
cards_effect:RU:Hedron Watchtower,cards_effect,RU,26dff4ad59a9,Hedron Watchtower,"每回合一次，当你 获取机械卡牌, 获得H相等以 该卡牌之H值.",draft,,loc/zh-Hans/lua_cards.csv
cards_effect:RU:Initiate's Gauntlets,cards_effect,RU,4238ac8ea40a,Initiate's Gauntlets,"若你打出过两 或更高虚空英雄本回合, 将此牌转化为黑暗之握.",draft,,loc/zh-Hans/lua_cards.csv
cards_effect:RU:Journeyman Outrider,cards_effect,RU,2353ed31511b,Journeyman Outrider,获取一个英雄或 神器以 费用 5符文或更低无需支付费用.,draft,,loc/zh-Hans/lua_cards.csv
cards_effect:RU:Mantra of True Sight,cards_effect,RU,7093af074afc,Mantra of True Sight,每回合一次，你可以抽一张牌.,draft,,loc/zh-Hans/lua_cards.csv
cards_effect:RU:Matron of Discovery,cards_effect,RU,9409859a2b60,Matron of Discovery,获得2符文.\r\n多重联合： 获得1符文.,draft,,loc/zh-Hans/lua_cards.csv
cards_effect:RU:Militia RU,cards_effect,RU,04ebcf76e963,Militia RU,获得1战力。,reviewed,,loc/zh-Hans/lua_cards.csv
cards_effect:RU:Mystic RU,cards_effect,RU,f255a5b5c70c,Mystic RU,获得2符文。,reviewed,,loc/zh-Hans/lua_cards.csv
cards_effect:RU:Neophyte Mentor,cards_effect,RU,a611f824136a,Neophyte Mentor,抽一张牌.\r\n 下一秘教士或 重装步兵你 打出本回合视为作为派系的 你的choice.,draft,,loc/zh-Hans/lua_cards.csv
cards_effect:RU:Nightmare Delver,cards_effect,RU,024481499437,Nightmare Delver,"获得2符文.\r\n若你控制的两 或更高神器s, 你可以放逐一张卡牌在你的弃牌堆.",draft,,loc/zh-Hans/lua_cards.csv
cards_effect:RU:Oziah's Familiar,cards_effect,RU,829686841999,Oziah's Familiar,击败一个怪物以 费用 4战力或更低无需支付费用.\r\n多重联合： 重复此效果.,draft,,loc/zh-Hans/lua_cards.csv
"cards_effect:RU:Remus, Pack Guardian",cards_effect,RU,0d5250c5bed1,"Remus, Pack Guardian","当此 为在你的手牌中, 若你 拥有已获得 3荣誉或更高本回合, 将此牌转化为雷穆斯, 荒野使者.\r\n获得3符文.",draft,,loc/zh-Hans/lua_cards.csv
"cards_effect:RU:Remus, Wild Emissary",cards_effect,RU,60cc3de7f0ed,"Remus, Wild Emissary",获得3符文.\r\n你可以花费R作为穿过它 曾是P本回合.,draft,,loc/zh-Hans/lua_cards.csv
cards_effect:RU:Sadistic Giant,cards_effect,RU,c92c583dd041,Sadistic Giant,奖励： 获得5荣誉.,draft,,loc/zh-Hans/lua_cards.csv
cards_effect:RU:Scion of Cetra,cards_effect,RU,ef28b553beb2,Scion of Cetra,获得2符文和 2荣誉.,draft,,loc/zh-Hans/lua_cards.csv
cards_effect:RU:Scion of Emri,cards_effect,RU,c27e1cc61faf,Scion of Emri,获得3战力.\r\n你可以放逐一张卡牌在你的弃牌堆.,draft,,loc/zh-Hans/lua_cards.csv
cards_effect:RU:Scion of Euloth,cards_effect,RU,3db22ea97e1e,Scion of Euloth,获得2符文和 2战力.,draft,,loc/zh-Hans/lua_cards.csv
cards_effect:RU:Scion of Oziah,cards_effect,RU,e7d7db4c1bb1,Scion of Oziah,击败一个怪物以 费用 5战力或更低无需支付费用.,draft,,loc/zh-Hans/lua_cards.csv
cards_effect:RU:Scryer of the Lidless Eye,cards_effect,RU,a0b643e005e9,Scryer of the Lidless Eye,"抽两 卡牌, 然后弃掉卡牌. 若已弃掉卡牌为 启迪, 返回它 以你的手牌.",draft,,loc/zh-Hans/lua_cards.csv
cards_effect:RU:Secluded Laboratory,cards_effect,RU,92a5dffb9b35,Secluded Laboratory,"若你打出过两 或更高机械英雄, 将此牌转化为零 点反应堆.",draft,,loc/zh-Hans/lua_cards.csv
cards_effect:RU:Shadow Stalker,cards_effect,RU,63d045095e0a,Shadow Stalker,你可以放逐一张卡牌在你的弃牌堆.\r\n抽一张牌.,draft,,loc/zh-Hans/lua_cards.csv
cards_effect:RU:Snapdragon Witch,cards_effect,RU,47422dacc594,Snapdragon Witch,"获得1荣誉.\r\n抽一张牌.\r\n若你 拥有更多H于每个其他玩家, 抽额外的卡牌.",draft,,loc/zh-Hans/lua_cards.csv
cards_effect:RU:Sower of Betrayal,cards_effect,RU,b5ede61bcf3f,Sower of Betrayal,奖励： 获得3荣誉. 命名派系. 获得额外的 2荣誉以 每个英雄的 该派系你 拥有打出过本回合.,draft,,loc/zh-Hans/lua_cards.csv
cards_effect:RU:Sower of Discontent,cards_effect,RU,d8af98c8c383,Sower of Discontent,奖励： 获得2荣誉. 命名派系. 获得额外的 1荣誉以 每个英雄的 该派系你 拥有打出过本回合.,draft,,loc/zh-Hans/lua_cards.csv
cards_effect:RU:Spike Vixen RU,cards_effect,RU,3a000d8a544f,Spike Vixen RU,获得1战力。抽一张牌。,reviewed,,loc/zh-Hans/lua_cards.csv
cards_effect:RU:Terrorizing Fiend,cards_effect,RU,087053281081,Terrorizing Fiend,奖励： 获得2荣誉. 抽两张牌.,draft,,loc/zh-Hans/lua_cards.csv
cards_effect:RU:Timestream Seer,cards_effect,RU,6b9dd3af5b7e,Timestream Seer,获得2符文.\r\n你可以放逐一张卡牌在中央牌列.,draft,,loc/zh-Hans/lua_cards.csv
cards_effect:RU:Upgrade Foundry,cards_effect,RU,8bb208d12e4f,Upgrade Foundry,"每回合一次，当你 获取机械卡牌, 抽两张牌.",draft,,loc/zh-Hans/lua_cards.csv
cards_effect:RU:Verdant Crown,cards_effect,RU,fe1d1976f8ed,Verdant Crown,每回合一次，获得2荣誉.,draft,,loc/zh-Hans/lua_cards.csv
"cards_effect:RU:Vir, Ascetic Master",cards_effect,RU,1d6093bc6f1c,"Vir, Ascetic Master","当此 为在你的手牌中, 若你 拥有打出过英雄的 每个派系本回合, 将此牌转化为维尔, 昙花古鲁.\r\n获取一个英雄在中央牌列无需支付费用和 将它放置在你的手牌中.",draft,,loc/zh-Hans/lua_cards.csv
"cards_effect:RU:Vir, Ephemeral Guru",cards_effect,RU,775ba61a0c27,"Vir, Ephemeral Guru",获取所有英雄在中央牌列无需支付费用和 放置它们在你的手牌中.,draft,,loc/zh-Hans/lua_cards.csv
cards_effect:RU:Voidforged Paladin,cards_effect,RU,389828baf7da,Voidforged Paladin,"获得2战力.\r\n 首先次 你击败一个怪物在中央牌列本回合, 抽两张牌.",draft,,loc/zh-Hans/lua_cards.csv
cards_effect:RU:Wailing Spectre,cards_effect,RU,b8a0dc729555,Wailing Spectre,奖励： 获得4荣誉. 你可以放逐至多两 卡牌在你的弃牌堆.,draft,,loc/zh-Hans/lua_cards.csv
cards_effect:RU:Wildgear Druid,cards_effect,RU,5e04fa9b7992,Wildgear Druid,"获得2符文.\r\n若你控制的两 或更高神器s, 获得2荣誉.",draft,,loc/zh-Hans/lua_cards.csv
cards_effect:RU:Wolf Shaman RU,cards_effect,RU,e103c27bc0e2,Wolf Shaman RU,获得1符文。抽一张牌。,reviewed,,loc/zh-Hans/lua_cards.csv
cards_effect:RU:Workshop Gargoyle,cards_effect,RU,30505d3daa1e,Workshop Gargoyle,"每回合一次，当你 获取机械卡牌, 获得1荣誉.",draft,,loc/zh-Hans/lua_cards.csv
cards_effect:RU:Zero Point Reactor,cards_effect,RU,713590d28ef6,Zero Point Reactor,每回合一次，获得2符文.,draft,,loc/zh-Hans/lua_cards.csv
cards_effect:RoV:Apprentice RoV,cards_effect,RoV,76b285cf7b97,Apprentice RoV,获得1符文。,reviewed,,loc/zh-Hans/lua_cards.csv
cards_effect:RoV:Beacon Shaman,cards_effect,RoV,89dbc2d50de8,Beacon Shaman,"展示你牌库顶的卡牌和 将它放置在你的手牌中. 若它 为宝藏, 获得3荣誉.",draft,,loc/zh-Hans/lua_cards.csv
cards_effect:RoV:Blackwatch Vanquisher,cards_effect,RoV,70201ffb2cce,Blackwatch Vanquisher,获得2战力.\r\nENERGIZE 3E: 获得额外的 2战力.,draft,,loc/zh-Hans/lua_cards.csv
cards_effect:RoV:Cognition Courier,cards_effect,RoV,5614dc5a3196,Cognition Courier,获得2符文.\r\n充能： 你支付 1符文更低下次你获取神器本回合以 每个 1E你拥有已获得本回合.,draft,,loc/zh-Hans/lua_cards.csv
cards_effect:RoV:Cultist RoV,cards_effect,RoV,5740d07014d9,Cultist RoV,奖励：获得1荣誉。,reviewed,,loc/zh-Hans/lua_cards.csv
cards_effect:RoV:Darkwalker,cards_effect,RoV,5c90816be67b,Darkwalker,获得2战力.\r\nENERGIZE 1E: 你可以放逐一张卡牌在你的手牌或弃牌堆.,draft,,loc/zh-Hans/lua_cards.csv
cards_effect:RoV:Deviant Fiend,cards_effect,RoV,d4106a3d5e06,Deviant Fiend,奖励： 获得3荣誉.\r\n充能： 获得额外的 1荣誉以 每个 1E你拥有已获得本回合.,draft,,loc/zh-Hans/lua_cards.csv
cards_effect:RoV:Energy Shard,cards_effect,RoV,bd1f1e60ebea,Energy Shard,获得1E. 抽一张牌.,draft,,loc/zh-Hans/lua_cards.csv
cards_effect:RoV:Energy Shard Start,cards_effect,RoV,de893e624645,Energy Shard Start,获得1E. 抽一张牌.,draft,,loc/zh-Hans/lua_cards.csv
cards_effect:RoV:Firestorm Effigy,cards_effect,RoV,83b55b04e983,Firestorm Effigy,奖励： 获得3荣誉. 你可以放逐一张卡牌在你的手牌或弃牌堆.\r\nENERGIZE 1E: 你可以放逐额外的卡牌在你的手牌或弃牌堆.,draft,,loc/zh-Hans/lua_cards.csv
cards_effect:RoV:Foresight Monacle,cards_effect,RoV,9cdf88e17937,Foresight Monacle,"ENERGIZE 4E: 一次本回合, 获得1符文以 每个机械神器你控制的.",draft,,loc/zh-Hans/lua_cards.csv
cards_effect:RoV:Heavy Infantry RoV,cards_effect,RoV,6d54ece8d697,Heavy Infantry RoV,获得2战力。,reviewed,,loc/zh-Hans/lua_cards.csv
cards_effect:RoV:Herald of Doom,cards_effect,RoV,78efbf493205,Herald of Doom,奖励： 获得6荣誉. 获取或 击败卡牌在中央牌列无需支付费用.\r\nENERGIZE 7E: 改为， 获取和 击败所有卡牌在中央牌列无需支付费用.,draft,,loc/zh-Hans/lua_cards.csv
cards_effect:RoV:Illiya the Demonborn,cards_effect,RoV,a23445337854,Illiya the Demonborn,获得4战力.\r\n充能： 获得额外的 1战力以 每个 1E你拥有已获得本回合.,draft,,loc/zh-Hans/lua_cards.csv
cards_effect:RoV:Lagoon Troll,cards_effect,RoV,7b90493cae66,Lagoon Troll,奖励： 获得2荣誉. 抽一张牌.,draft,,loc/zh-Hans/lua_cards.csv
cards_effect:RoV:Leotan's Familiar,cards_effect,RoV,bcbc9b9f59dc,Leotan's Familiar,获得1符文.\r\nENERGIZE 1E: 获得2荣誉.,draft,,loc/zh-Hans/lua_cards.csv
cards_effect:RoV:Lifebound Muse,cards_effect,RoV,57452173b561,Lifebound Muse,获取一个英雄以 费用 4符文或更低无需支付费用.\r\nENERGIZE 2E: 改为， 获取任意英雄无需支付费用.,draft,,loc/zh-Hans/lua_cards.csv
cards_effect:RoV:Loamspeaker Druid,cards_effect,RoV,89d65af81e1f,Loamspeaker Druid,"天命： 当此牌进入中央牌列时, 以每个宝藏其下此,",draft,,loc/zh-Hans/lua_cards.csv
cards_effect:RoV:Magnet Monk,cards_effect,RoV,124d581c5176,Magnet Monk,获得2战力.\r\n获得1E以每个派系在你控制的神器之中.,draft,,loc/zh-Hans/lua_cards.csv
cards_effect:RoV:Militia RoV,cards_effect,RoV,32970bab1a2c,Militia RoV,获得1战力。,reviewed,,loc/zh-Hans/lua_cards.csv
cards_effect:RoV:Monastic Tutor,cards_effect,RoV,c72e4bbce351,Monastic Tutor,获取一个秘教士或 重装步兵无需支付费用.\r\nENERGIZE 1E: 放置所获取的卡牌置入你的手牌.,draft,,loc/zh-Hans/lua_cards.csv
cards_effect:RoV:Monk of the Lidless Eye,cards_effect,RoV,b7723ff03bb4,Monk of the Lidless Eye,"天命： 当此牌进入中央牌列时, 以每个宝藏其下此,",draft,,loc/zh-Hans/lua_cards.csv
cards_effect:RoV:Mordant Widow,cards_effect,RoV,07082ae93da8,Mordant Widow,"奖励： 获得4荣誉. 以每位对手, 你选择和 摧毁一个神器其控制的.",draft,,loc/zh-Hans/lua_cards.csv
cards_effect:RoV:Mystic RoV,cards_effect,RoV,f6f64840916a,Mystic RoV,获得2符文。,reviewed,,loc/zh-Hans/lua_cards.csv
cards_effect:RoV:Nyxian Spiritcaster,cards_effect,RoV,c7ef72962ea5,Nyxian Spiritcaster,获得3E.\r\n抽一张牌.,draft,,loc/zh-Hans/lua_cards.csv
cards_effect:RoV:Ogo Demontrap,cards_effect,RoV,c538ebee8642,Ogo Demontrap,"每回合一次，获得1战力.\r\nENERGIZE 4E: 一次本回合, 获得3荣誉.",draft,,loc/zh-Hans/lua_cards.csv
cards_effect:RoV:Omnicron,cards_effect,RoV,5ce50d681de4,Omnicron,"天命： 当此牌进入中央牌列时, 以每个宝藏其下此,",draft,,loc/zh-Hans/lua_cards.csv
"cards_effect:RoV:Oras, the Redeemer",cards_effect,RoV,dafb3f616fec,"Oras, the Redeemer","获得4符文.\r\n每位次 你获取一个英雄从中央牌列本回合, 获得荣誉相等以 其荣誉值.",draft,,loc/zh-Hans/lua_cards.csv
"cards_effect:RoV:Oziah, Judge of Logos",cards_effect,RoV,1382a39dc2e3,"Oziah, Judge of Logos","当此 为在中央牌列, 你可以获取此 无需支付费用若 你拥有已获得 7E或更高本回合.\r\n击败所有怪物在中央牌列无需支付费用.",draft,,loc/zh-Hans/lua_cards.csv
cards_effect:RoV:Portabillet,cards_effect,RoV,5289b217c59c,Portabillet,"每回合一次，当你 打出机械神器 (包括此牌一), 抽一张牌.\r\nENERGIZE 5E: 一次本回合, 抽一张牌.",draft,,loc/zh-Hans/lua_cards.csv
cards_effect:RoV:Protean Sea Slug,cards_effect,RoV,7fe2e452040e,Protean Sea Slug,奖励： 获得5荣誉. 每位对手摧毁所有神器s其控制的.,draft,,loc/zh-Hans/lua_cards.csv
cards_effect:RoV:Prototype CH32,cards_effect,RoV,51d74c78eb9b,Prototype CH32,"ENERGIZE 1E: 一次本回合, 当你 获取机械神器, 你可以将其直接进入战场.",draft,,loc/zh-Hans/lua_cards.csv
cards_effect:RoV:Raging Ursine,cards_effect,RoV,4358d1dd493b,Raging Ursine,奖励： 获得3荣誉.\r\nENERGIZE 2E: 获得2符文.,draft,,loc/zh-Hans/lua_cards.csv
cards_effect:RoV:Reactor Shrine,cards_effect,RoV,3f7e76be8bec,Reactor Shrine,"ENERGIZE 2E: 一次本回合, 获得1荣誉以 每个机械神器你控制的.",draft,,loc/zh-Hans/lua_cards.csv
cards_effect:RoV:Reality Sculptor,cards_effect,RoV,0f121936ea92,Reality Sculptor,复制效果的 英雄打出过本回合以 费用 3符文或更低.,draft,,loc/zh-Hans/lua_cards.csv
cards_effect:RoV:Righteous Templar,cards_effect,RoV,7e9dc0efdac9,Righteous Templar,击败一个怪物费用为4战力或更低无需支付费用.\r\nENERGIZE 3E: 改为， 击败任意怪物无需支付费用.,draft,,loc/zh-Hans/lua_cards.csv
cards_effect:RoV:Runic Honiskrot,cards_effect,RoV,cf6f8efbec18,Runic Honiskrot,获得2符文.\r\nENERGIZE 3E: 获得2战力.,draft,,loc/zh-Hans/lua_cards.csv
cards_effect:RoV:Serpent Siren,cards_effect,RoV,15231596fb31,Serpent Siren,奖励： 获得1荣誉.,draft,,loc/zh-Hans/lua_cards.csv
cards_effect:RoV:Skyrocket Drone,cards_effect,RoV,16b2b07b0110,Skyrocket Drone,获得1符文和 额外的 1符文若 你控制的神器.,draft,,loc/zh-Hans/lua_cards.csv
cards_effect:RoV:Spirit Merchant,cards_effect,RoV,4ec23dcdef18,Spirit Merchant,"天命： 当此牌进入中央牌列时, 以每个宝藏其下此,",draft,,loc/zh-Hans/lua_cards.csv
cards_effect:RoV:Starcaller Leotan,cards_effect,RoV,55e4e38830af,Starcaller Leotan,获得4荣誉.\r\n充能： 获得额外的 1荣誉以 每个 1E你拥有已获得本回合.,draft,,loc/zh-Hans/lua_cards.csv
cards_effect:RoV:Tablet of the Dreamer,cards_effect,RoV,75d43e2d01cd,Tablet of the Dreamer,"ENERGIZE 4E: 一次本回合, 获取或 击败任意卡牌在中央牌列无需支付费用.",draft,,loc/zh-Hans/lua_cards.csv
cards_effect:RoV:Temporal Eye,cards_effect,RoV,b820761c1353,Temporal Eye,"当此牌进入战场时, 抽一张牌.\r\n你可以放逐此牌和 另一时光之眼你控制的以 拿取额外回合.",draft,,loc/zh-Hans/lua_cards.csv
"cards_effect:RoV:Terrus, Paragon of Strife",cards_effect,RoV,3f7a5e3081bb,"Terrus, Paragon of Strife",奖励： 获得5荣誉. 每位对手弃掉随机卡牌从其手牌. 你可以选择卡牌已弃掉以此方式和 将它放置在你的手牌中.,draft,,loc/zh-Hans/lua_cards.csv
cards_effect:RoV:Tome of Erabus,cards_effect,RoV,745ec639b143,Tome of Erabus,每回合一次，获得1E.,draft,,loc/zh-Hans/lua_cards.csv
cards_effect:RoV:Treasure Hunter,cards_effect,RoV,87962bc7b599,Treasure Hunter,获得2战力.\r\n你可以支付 1战力更低下次你击败一个怪物以 宝藏其下它 本回合.,draft,,loc/zh-Hans/lua_cards.csv
cards_effect:RoV:Truth Seeker,cards_effect,RoV,e6ff9eab82ec,Truth Seeker,"抽一张牌. 你可以放逐一张卡牌在中央牌列. 若下一卡牌以 进入中央牌列为 宝藏, 获取它.",draft,,loc/zh-Hans/lua_cards.csv
cards_effect:RoV:Twisted Tyrant,cards_effect,RoV,748860c42ed7,Twisted Tyrant,奖励： 获得6荣誉.\r\nENERGIZE 3E: 抽三张牌.,draft,,loc/zh-Hans/lua_cards.csv
"cards_effect:RoV:Ulu, Askara Prince",cards_effect,RoV,e008ca9293a7,"Ulu, Askara Prince",复制本回合打出的一张英雄的效果。 此效果不能是 被复制.\r\nENERGIZE 2E: 复制所选效果额外的次.,draft,,loc/zh-Hans/lua_cards.csv
cards_effect:RoV:Vault Sphinx,cards_effect,RoV,7d2b2babf81f,Vault Sphinx,奖励： 获得2荣誉.,draft,,loc/zh-Hans/lua_cards.csv
cards_effect:RoV:Voidfeeder,cards_effect,RoV,6583d7830595,Voidfeeder,"每回合一次，获得1战力.\r\nENERGIZE 2E: 一次本回合, 你可以放逐一张卡牌在你的手牌或弃牌堆.",draft,,loc/zh-Hans/lua_cards.csv
cards_effect:RoV:Wildcall Staff,cards_effect,RoV,64996f800b46,Wildcall Staff,每回合一次，你支付 2符文更低以 获取卡牌以 宝藏其下它.,draft,,loc/zh-Hans/lua_cards.csv
cards_effect:RoV:Zeta Arsenal,cards_effect,RoV,1d9b379c2311,Zeta Arsenal,"ENERGIZE 3E: 一次本回合, 获得1战力以 每个机械神器你控制的.",draft,,loc/zh-Hans/lua_cards.csv
cards_effect:RotF:Adayu the Omnipotent,cards_effect,RotF,8addcaf31864,Adayu the Omnipotent,获取或 击败任意卡牌在中央牌列. (你无需支付符文或 战力).,draft,,loc/zh-Hans/lua_cards.csv
cards_effect:RotF:Arbiter of Fate,cards_effect,RotF,74ccfe1250a9,Arbiter of Fate,"天命： 当此牌进入中央牌列时, 每位玩家可以放逐一张卡牌从其手牌或 弃牌堆.\r\n抽一张牌. 你可以放逐一张卡牌在你的手牌或弃牌堆.",draft,,loc/zh-Hans/lua_cards.csv
cards_effect:RotF:Arha Sensei,cards_effect,RotF,c66bd0f57e3a,Arha Sensei,放逐一张卡牌在你的手牌中. 若你如此做，获取秘教士或 重装步兵. 加入它以 你的手牌.,draft,,loc/zh-Hans/lua_cards.csv
cards_effect:RotF:Askara of Fate,cards_effect,RotF,dd41acb11a05,Askara of Fate,"天命： 当此牌进入中央牌列时, 每位玩家可以抽一张牌.\r\n抽两张牌. 每位其他玩家可以抽一张牌. 然后你可以放逐一张卡牌在中央牌列.",draft,,loc/zh-Hans/lua_cards.csv
cards_effect:RotF:Battery Monk,cards_effect,RotF,bd8e2a34ade6,Battery Monk,你可以支付 1符文更低下次你获取神器本回合. 抽一张牌.,draft,,loc/zh-Hans/lua_cards.csv
"cards_effect:RotF:Bazu, Duke of Scorn",cards_effect,RotF,c742526922de,"Bazu, Duke of Scorn",奖励：获得4荣誉. 每位对手要么弃掉卡牌以 每个神器其控制的要么放置所有神器s置入其弃牌堆.,draft,,loc/zh-Hans/lua_cards.csv
cards_effect:RotF:Black Hole,cards_effect,RotF,b5e13d6534b8,Black Hole,每回合一次，你可以放逐一张卡牌在你的手牌中. 若你如此做，获得1战力.,draft,,loc/zh-Hans/lua_cards.csv
cards_effect:RotF:Black Watch Elite,cards_effect,RotF,160516a435c0,Black Watch Elite,获得3战力. 你可以放逐一张卡牌在你的手牌或弃牌堆.,draft,,loc/zh-Hans/lua_cards.csv
cards_effect:RotF:Combustion Idol,cards_effect,RotF,9b7fc506580c,Combustion Idol,每回合一次，你可以抽一张牌若 你控制的三 或更高机械神器.,draft,,loc/zh-Hans/lua_cards.csv
cards_effect:RotF:Dandelion Witch,cards_effect,RotF,3075d8491b85,Dandelion Witch,抽一张牌. 获得1荣誉以 每个命约英雄你 打出或 拥有打出过本回合 (包括此牌一).,draft,,loc/zh-Hans/lua_cards.csv
cards_effect:RotF:Deathseeker,cards_effect,RotF,ce1a76673126,Deathseeker,"获得2战力. 若此 为被放逐从你的手牌或 弃牌堆, 获得3荣誉.",draft,,loc/zh-Hans/lua_cards.csv
cards_effect:RotF:Dhartha's Retreat,cards_effect,RotF,09ca00cca879,Dhartha's Retreat,"若你如此做，不获取或 击败卡牌在 你的回合, 你可以抽两 额外的卡牌在 结束时你的回合.",draft,,loc/zh-Hans/lua_cards.csv
cards_effect:RotF:Dimension Diver,cards_effect,RotF,1f5ba741322a,Dimension Diver,获得2符文. 你可以将所有神器s作为机械神器本回合.,draft,,loc/zh-Hans/lua_cards.csv
cards_effect:RotF:Doom Weeper,cards_effect,RotF,1d2ed02cdee2,Doom Weeper,奖励：获得2荣誉. 获得2符文.,draft,,loc/zh-Hans/lua_cards.csv
cards_effect:RotF:Eternal Askara,cards_effect,RotF,45cc2bb6a907,Eternal Askara,"放逐一张卡牌在中央牌列. 若你 放逐怪物以此方式, 获得3荣誉.",draft,,loc/zh-Hans/lua_cards.csv
cards_effect:RotF:Fire Tyrant,cards_effect,RotF,3b329df7eb8c,Fire Tyrant,奖励：获得6荣誉. 每位对手须弃掉卡牌.,draft,,loc/zh-Hans/lua_cards.csv
cards_effect:RotF:Great-Omen Raven,cards_effect,RotF,5cdcbfd88e66,Great-Omen Raven,"命名卡牌. 展示你牌库顶的卡牌和 将它放置置入你的手牌. 若它 为被命名为卡牌, 获得3荣誉.",draft,,loc/zh-Hans/lua_cards.csv
cards_effect:RotF:Guardian of Sadranis,cards_effect,RotF,b87af0ac6920,Guardian of Sadranis,"获得1战力. 下次你击败一个怪物在中央牌列或 虚空区本回合, 获得2荣誉.",draft,,loc/zh-Hans/lua_cards.csv
cards_effect:RotF:Hectic Scribe,cards_effect,RotF,42a2fc4f1d2a,Hectic Scribe,"抽两张牌, 然后弃掉两 卡牌.",draft,,loc/zh-Hans/lua_cards.csv
cards_effect:RotF:Lunar Stag,cards_effect,RotF,d222fda8c040,Lunar Stag,获得2符文或 2荣誉.,draft,,loc/zh-Hans/lua_cards.csv
"cards_effect:RotF:Nairi, Henge Queen",cards_effect,RotF,ad0ac34e59d9,"Nairi, Henge Queen",获得5荣誉.,draft,,loc/zh-Hans/lua_cards.csv
cards_effect:RotF:Project Alpha,cards_effect,RotF,79d7f768d30b,Project Alpha,每回合一次，你可以获取一个英雄或 神器以 费用低于或 相等以 数量为机械神器你控制的.,draft,,loc/zh-Hans/lua_cards.csv
cards_effect:RotF:Ravenous Gorph,cards_effect,RotF,124fda6b336e,Ravenous Gorph,"天命： 当此牌进入中央牌列时, 放逐所有卡牌相邻以 它.\r\n奖励：获得3荣誉. 你可以放逐一张卡牌该 曾是相邻以 此.",draft,,loc/zh-Hans/lua_cards.csv
cards_effect:RotF:Reclamax,cards_effect,RotF,aad5e55650e7,Reclamax,"天命： 当此牌进入中央牌列时, 每位玩家可以选择神器在 其弃牌堆和 将它放置在其手牌中.",draft,,loc/zh-Hans/lua_cards.csv
"cards_effect:RotF:Sadranis, Dark Emissary",cards_effect,RotF,5cee1ffeac69,"Sadranis, Dark Emissary",获得3战力. 你可以击败一个怪物从虚空区被 支付其 战力费用. 将它放置置于其底： 传送门牌库.,draft,,loc/zh-Hans/lua_cards.csv
cards_effect:RotF:Samael the Fallen,cards_effect,RotF,b361828f711d,Samael the Fallen,不可放逐。,reviewed,,loc/zh-Hans/lua_cards.csv
cards_effect:RotF:Serpentcall,cards_effect,RotF,5870b07ad9eb,Serpentcall,每回合一次，获得2符文.\r\n每回合一次，你可以获取hero从虚空区被 支付其 符文费用.,draft,,loc/zh-Hans/lua_cards.csv
cards_effect:RotF:Socket Altar,cards_effect,RotF,4c89abd136ed,Socket Altar,"每回合一次，当你 放置机械神器进入战场 (包括此牌一), 获得2符文.",draft,,loc/zh-Hans/lua_cards.csv
cards_effect:RotF:Sordid Asp,cards_effect,RotF,2a6bbfb7c0ff,Sordid Asp,"奖励：获得1荣誉, 然后偷取 2荣誉从 对手以 最多的荣誉若 其拥有超过你.",draft,,loc/zh-Hans/lua_cards.csv
cards_effect:RotF:Stone Circle,cards_effect,RotF,61aa3549225d,Stone Circle,"天命： 当此牌进入中央牌列时, 每位玩家可以获取秘教士. 将它放置在 顶部的 其牌库.\r\n每回合一次，当你 获取一个英雄, 你可以将它放置放到你的牌库顶.",draft,,loc/zh-Hans/lua_cards.csv
cards_effect:RotF:Vaultbreaker Wurm,cards_effect,RotF,53697938dd82,Vaultbreaker Wurm,奖励：获得4荣誉. 每位其他玩家须弃掉其 最高费用神器. (他们选择在 情况的 平局).,draft,,loc/zh-Hans/lua_cards.csv
cards_effect:SoS:Abolisher,cards_effect,SoS,4c2ed26c7af7,Abolisher,"获得1符文. 你可以放逐一张卡牌在 你手牌; 若你 做, 获得额外的 1符文.",draft,,loc/zh-Hans/lua_cards.csv
cards_effect:SoS:Aiyana's Messenger,cards_effect,SoS,8bb412c27721,Aiyana's Messenger,获得1符文. 你可以支付 1 更低符文下次你获取英雄本回合.,draft,,loc/zh-Hans/lua_cards.csv
cards_effect:SoS:Arha Rising,cards_effect,SoS,f533f257ded6,Arha Rising,"每回合一次，当玩家弃掉任意数量的 卡牌, 他们可以返回一 的它们以 其手牌.\r\nEVENT战利品： 抽一张牌.",draft,,loc/zh-Hans/lua_cards.csv
cards_effect:SoS:Autobuilder 5.0,cards_effect,SoS,642ec37db150,Autobuilder 5.0,你可以摧毁此 以支付 2符文更低下次你获取机械神器本回合.,draft,,loc/zh-Hans/lua_cards.csv
cards_effect:SoS:Avatar of Aiyana,cards_effect,SoS,f1b959dba65f,Avatar of Aiyana,"获得2符文.\r\n此回合, 你可以获取英雄在中央牌列被 支付符文相等以 其荣誉而非支付其 符文费用.",draft,,loc/zh-Hans/lua_cards.csv
cards_effect:SoS:Brazer Drone,cards_effect,SoS,44e0f52d656c,Brazer Drone,获得1符文. 你可以返回神器从 你的弃牌堆以 你的手牌.,draft,,loc/zh-Hans/lua_cards.csv
cards_effect:SoS:Canopic Jar,cards_effect,SoS,ae7667fecad0,Canopic Jar,"每回合一次，获得1战力.\r\n每回合一次，当你 击败一个怪物在中央牌列, 获得1符文.",draft,,loc/zh-Hans/lua_cards.csv
cards_effect:SoS:Cog Maw,cards_effect,SoS,373f2bb46d76,Cog Maw,"每回合一次，你可以摧毁机械神器你控制的以 获得1符文.\r\n若当前事件为 机械, 获得额外的 1符文.",draft,,loc/zh-Hans/lua_cards.csv
cards_effect:SoS:Dream Machine,cards_effect,SoS,20f2c2a28f6c,Dream Machine,"天命： 当梦 机器进入中央牌列, 每位玩家可以返回神器其控制的以 其手牌.",draft,,loc/zh-Hans/lua_cards.csv
cards_effect:SoS:Dreamer's Glass,cards_effect,SoS,c6cd3f46298a,Dreamer's Glass,"每回合一次，你可以放置卡牌从你的手牌其下此 面朝上.\r\n若你如此做，抽一张牌.\r\n当梦者琉璃离开打出或 游戏结束, 放置所有卡牌其下它 置入你的弃牌堆.",draft,,loc/zh-Hans/lua_cards.csv
cards_effect:SoS:Elder Skeptic,cards_effect,SoS,1e5b59d8f6f6,Elder Skeptic,"抽 2 卡牌. 然后, 弃掉卡牌.",draft,,loc/zh-Hans/lua_cards.csv
cards_effect:SoS:Elemental Adept,cards_effect,SoS,966f1bd81a46,Elemental Adept,"抽一张牌.\r\n若当前事件为 启迪, 抽额外的 1 卡牌.\r\n你可以放逐一张卡牌在中央牌列.",draft,,loc/zh-Hans/lua_cards.csv
"cards_effect:SoS:Emri, Soulslayer",cards_effect,SoS,6beead03431c,"Emri, Soulslayer",天命： 每位玩家可以放逐 2 卡牌从其手牌和/或弃牌堆.,draft,,loc/zh-Hans/lua_cards.csv
cards_effect:SoS:Everbloom,cards_effect,SoS,7bfbd13cf59c,Everbloom,每回合一次，获得1 荣誉.,draft,,loc/zh-Hans/lua_cards.csv
cards_effect:SoS:Eye of Destiny,cards_effect,SoS,f529aa34eb78,Eye of Destiny,"每回合一次，当你 获取一个英雄, 你可以将它放置置入你的手牌.",draft,,loc/zh-Hans/lua_cards.csv
cards_effect:SoS:Fanatic SoS,cards_effect,SoS,906163f7d1a1,Fanatic SoS,奖励：获得2荣誉。,reviewed,,loc/zh-Hans/lua_cards.csv
cards_effect:SoS:Fettered Soul,cards_effect,SoS,df434f8fda96,Fettered Soul,奖励：获得2荣誉. 你可以放逐一张卡牌在中央牌列.,draft,,loc/zh-Hans/lua_cards.csv
cards_effect:SoS:Granger,cards_effect,SoS,f2403472ae82,Granger,获得1符文和 1荣誉. 联合： 获得1符文和 1荣誉.,draft,,loc/zh-Hans/lua_cards.csv
cards_effect:SoS:Grease Monk,cards_effect,SoS,aab156765518,Grease Monk,获得1符文. 你可以支付 1 符文更低下次你获取神器本回合.,draft,,loc/zh-Hans/lua_cards.csv
cards_effect:SoS:Hedron Rising,cards_effect,SoS,7c62f653e8fd,Hedron Rising,"万民神器s为也 机械神器.\r\nEVENT战利品： 当神器你控制的会 是摧毁ed, 你可以防止它 从被 摧毁ed.",draft,,loc/zh-Hans/lua_cards.csv
cards_effect:SoS:Hoarding Tyrant,cards_effect,SoS,c8366d0ed5d0,Hoarding Tyrant,奖励：4荣誉. 战利品： 获得2符文.,draft,,loc/zh-Hans/lua_cards.csv
cards_effect:SoS:Hoarding Whelp,cards_effect,SoS,c45c44486809,Hoarding Whelp,奖励：2荣誉. 战利品： 获得1战力.,draft,,loc/zh-Hans/lua_cards.csv
cards_effect:SoS:Honey Siren,cards_effect,SoS,4eb7a94c544a,Honey Siren,"天命： 当蜜 海妖进入中央牌列, 每位玩家可以放置英雄从 其弃牌堆在 顶部的 其牌库.",draft,,loc/zh-Hans/lua_cards.csv
cards_effect:SoS:Lionheart,cards_effect,SoS,694c2fef9825,Lionheart,获得3荣誉. 联合： 抽一张牌.,draft,,loc/zh-Hans/lua_cards.csv
cards_effect:SoS:Minotaur,cards_effect,SoS,25ea2b23d54b,Minotaur,奖励：3荣誉. 战利品： 抽 1 卡牌.,draft,,loc/zh-Hans/lua_cards.csv
cards_effect:SoS:Nemesis,cards_effect,SoS,c10c9355d232,Nemesis,天命： 放逐当前事件.,draft,,loc/zh-Hans/lua_cards.csv
cards_effect:SoS:Nihilmancer,cards_effect,SoS,dd3314a7e79d,Nihilmancer,"获得2战力. 你可以放逐一张卡牌在 你手牌; 若你 做, 获得额外的 1战力.",draft,,loc/zh-Hans/lua_cards.csv
cards_effect:SoS:Nook Hound,cards_effect,SoS,e39e0ff5d447,Nook Hound,"天命： 当此牌进入中央牌列时, 每位玩家可以查看牌库顶卡牌的 其牌库. 他们可以将它放置置入其弃牌堆.",draft,,loc/zh-Hans/lua_cards.csv
cards_effect:SoS:Noxious Soul,cards_effect,SoS,2dd4a0550813,Noxious Soul,奖励：4荣誉. 每位对手须弃掉卡牌随机从其手牌.,draft,,loc/zh-Hans/lua_cards.csv
cards_effect:SoS:Ogo Rising,cards_effect,SoS,b4271db9b897,Ogo Rising,首先英雄打出过本回合为 也命约英雄.\r\n EVENT战利品： 获得1符文.,draft,,loc/zh-Hans/lua_cards.csv
cards_effect:SoS:P.R.I.M.E.,cards_effect,SoS,f4b6443247ad,P.R.I.M.E.,"获得3符文或 获取神器在中央牌列.\r\n当你 打出机械神器, 你可以返回P.R.I.M.E. 从你的弃牌堆以 你的手牌.",draft,,loc/zh-Hans/lua_cards.csv
cards_effect:SoS:Penumbral Edge,cards_effect,SoS,193843feb5cd,Penumbral Edge,每回合一次，获得2战力. 获得额外的 2战力若 你控制的暗影刃锋.,draft,,loc/zh-Hans/lua_cards.csv
cards_effect:SoS:Personal Wormhole,cards_effect,SoS,d6a5d549f1f7,Personal Wormhole,"每回合一次，当你 打出机械神器 (包括此牌一), 你可以放逐一张卡牌在你的手牌或弃牌堆.",draft,,loc/zh-Hans/lua_cards.csv
cards_effect:SoS:Polaris Demon,cards_effect,SoS,7c44a8b0fb78,Polaris Demon,奖励：5荣誉. 选择一项：\r\n摧毁所有偶数费用神器s对手控制OR摧毁所有奇数费用神器s对手控制.,draft,,loc/zh-Hans/lua_cards.csv
cards_effect:SoS:Prodigal,cards_effect,SoS,583c4101280e,Prodigal,击败一个怪物以P3 或更低.,draft,,loc/zh-Hans/lua_cards.csv
"cards_effect:SoS:Raj, Psionic Master",cards_effect,SoS,e9239a87b1df,"Raj, Psionic Master",放逐一个英雄从你的手牌.\r\n若你如此做，获取一个英雄以 荣誉至多两 超过该 的被放逐卡牌和 将它放置置入你的手牌.,draft,,loc/zh-Hans/lua_cards.csv
cards_effect:SoS:Rise of the Cult,cards_effect,SoS,356185cffce3,Rise of the Cult,邪教徒和 狂信者拥有+1战力和 其奖励拥有+1战力.\r\nEVENT战利品： 获得1荣誉.,draft,,loc/zh-Hans/lua_cards.csv
cards_effect:SoS:Scrap Flinger,cards_effect,SoS,2807d25d12e7,Scrap Flinger,获得2战力. 你可以摧毁一个神器你控制的. 若你如此做，获得额外的 2战力.,draft,,loc/zh-Hans/lua_cards.csv
cards_effect:SoS:Shadowcaster,cards_effect,SoS,2ee35f421974,Shadowcaster,"抽一张牌.\r\n你可以放逐一张卡牌从你的手牌; 若你 做, 你可以抽额外的 1 卡牌.\r\n若当前事件为 虚空, 你可以放逐一张卡牌在你的弃牌堆.",draft,,loc/zh-Hans/lua_cards.csv
cards_effect:SoS:Snake Shaman,cards_effect,SoS,92d8407cd6fc,Snake Shaman,"获得1符文. 若当前事件为 生命, 获得额外的 1符文.\r\n一次本回合, 你可以花费至多 4符文以 获得该等量的荣誉.",draft,,loc/zh-Hans/lua_cards.csv
cards_effect:SoS:Soul Assassin,cards_effect,SoS,a436ccbe0bf6,Soul Assassin,"获得2战力. 下次你击败一个怪物在中央牌列, 获得2符文.",draft,,loc/zh-Hans/lua_cards.csv
cards_effect:SoS:Starchild,cards_effect,SoS,eafcfb8283b0,Starchild,"获得1符文和 1荣誉. 然后, 抽一张牌.",draft,,loc/zh-Hans/lua_cards.csv
cards_effect:SoS:Synchronizer,cards_effect,SoS,d4c822abc642,Synchronizer,"每回合一次，当你 打出机械神器 (包括此牌一), 获得1符文.",draft,,loc/zh-Hans/lua_cards.csv
"cards_effect:SoS:Syril, Runic Alpha",cards_effect,SoS,0a64067afb50,"Syril, Runic Alpha",获得3符文. 联合： 获得3战力.,draft,,loc/zh-Hans/lua_cards.csv
"cards_effect:SoS:Tarik, the Trickster",cards_effect,SoS,02b1f6d350be,"Tarik, the Trickster",奖励：5荣誉. 你可以选择英雄在中央牌列和 复制其效果.,draft,,loc/zh-Hans/lua_cards.csv
cards_effect:SoS:Tower Askara,cards_effect,SoS,4124206a6435,Tower Askara,"抽 3 卡牌. 然后, 弃掉 2 卡牌或 启迪卡牌.",draft,,loc/zh-Hans/lua_cards.csv
cards_effect:SoS:Treasures of the Study,cards_effect,SoS,55b79cd084f5,Treasures of the Study,每回合一次，你可以弃掉 2 卡牌. 若你如此做，获得3荣誉.,draft,,loc/zh-Hans/lua_cards.csv
cards_effect:SoS:Umbral Edge,cards_effect,SoS,df3894ef3942,Umbral Edge,每回合一次，获得2战力. 获得额外的 2战力若 你控制的半影刃锋.,draft,,loc/zh-Hans/lua_cards.csv
cards_effect:SoS:Unchained Fates,cards_effect,SoS,cb7a9170f416,Unchained Fates,奖励：5荣誉. 战利品： 抽 2 卡牌.,draft,,loc/zh-Hans/lua_cards.csv
cards_effect:SoS:Vandal Soul,cards_effect,SoS,b3d2008001d0,Vandal Soul,奖励：3荣誉. 每位对手摧毁最低费用神器其控制的.,draft,,loc/zh-Hans/lua_cards.csv
cards_effect:SoS:Void Militia,cards_effect,SoS,aa59e30e2d50,Void Militia,获得1战力. 你可以支付 1 战力更低下次你击败一个怪物在中央牌列本回合.,draft,,loc/zh-Hans/lua_cards.csv
cards_effect:SoS:Void Rising,cards_effect,SoS,a8a72a5336bb,Void Rising,"每回合一次，当玩家击败怪物在 中央牌列, 该玩家获得 1荣誉.\r\nEVENT战利品： 放逐一张卡牌在你的手牌或弃牌堆.",draft,,loc/zh-Hans/lua_cards.csv
cards_effect:SoS:Weapon 303-V,cards_effect,SoS,69c75da54f88,Weapon 303-V,"每回合一次，当你 打出机械神器 (包括此牌一), 你获得3战力.",draft,,loc/zh-Hans/lua_cards.csv
cards_effect:VotA:Alosyan Guide,cards_effect,VotA,401501f0afb6,Alosyan Guide,"当你 获取此, 若你 拥有打出过命约英雄本回合, 放置此 直接置入你的手牌.\r\n获得3荣誉.",draft,,loc/zh-Hans/lua_cards.csv
cards_effect:VotA:Ancient Stag,cards_effect,VotA,b4ce89dbd543,Ancient Stag,获得3荣誉.\r\n联合: 获得1L.,draft,,loc/zh-Hans/lua_cards.csv
"cards_effect:VotA:Asalas, the Impaler",cards_effect,VotA,00a77f19fb58,"Asalas, the Impaler","获得2符文.\r\n下次你获取一个英雄本回合, 获得P相等以 已获取英雄之R费用.",draft,,loc/zh-Hans/lua_cards.csv
cards_effect:VotA:Beacon of the Lost,cards_effect,VotA,a1ad458bac06,Beacon of the Lost,Echo: 每回合一次，获得1战力. (获得此效果若 存在虚空卡牌在你的弃牌堆.),draft,,loc/zh-Hans/lua_cards.csv
cards_effect:VotA:Blind Seer,cards_effect,VotA,3dc1c0507324,Blind Seer,抽一张牌.\r\n宁静: 获得1L. (获得此效果若 那里为 没有卡牌在你的弃牌堆.),draft,,loc/zh-Hans/lua_cards.csv
cards_effect:VotA:Brother Marius,cards_effect,VotA,a468a066875c,Brother Marius,获得1符文.\r\n获得额外的 1符文以 每个派系在你控制的神器之中.,draft,,loc/zh-Hans/lua_cards.csv
cards_effect:VotA:Burial Guardian,cards_effect,VotA,c2bcd492ba5e,Burial Guardian,"获得2符文.\r\n下次你获取生命卡牌本回合, 获得1D.",draft,,loc/zh-Hans/lua_cards.csv
cards_effect:VotA:Caretaker Zahral,cards_effect,VotA,9a7036bcbeee,Caretaker Zahral,"获得3符文.\r\n下次你获取一个英雄本回合, 你可以将它放置放到你的牌库顶.",draft,,loc/zh-Hans/lua_cards.csv
cards_effect:VotA:Cavern Horror,cards_effect,VotA,6b9b58e28873,Cavern Horror,奖励：获得1荣誉. 你可以洗牌你的弃牌堆置入你的牌库. (卡牌打出过本回合不 进入以 你的弃牌堆直到结束时回合.),draft,,loc/zh-Hans/lua_cards.csv
cards_effect:VotA:Cheerful Consort,cards_effect,VotA,6922c5a40284,Cheerful Consort,获得1荣誉.\r\n抽一张牌.,draft,,loc/zh-Hans/lua_cards.csv
cards_effect:VotA:Crypt Lurker,cards_effect,VotA,7eea87110aea,Crypt Lurker,奖励：获得3荣誉. 获得1D.,draft,,loc/zh-Hans/lua_cards.csv
cards_effect:VotA:Death's Widow,cards_effect,VotA,1876935283f4,Death's Widow,奖励：获得2荣誉. 每位对手须摧毁一个神器其控制的. 抽一张牌以 每位对手该 做了不 摧毁一个神器以此方式.,draft,,loc/zh-Hans/lua_cards.csv
cards_effect:VotA:Deranged Dirge,cards_effect,VotA,c29ef61c8677,Deranged Dirge,每回合一次，获得1战力.\r\n你可以摧毁此 以放逐一张卡牌在你的手牌或弃牌堆.,draft,,loc/zh-Hans/lua_cards.csv
cards_effect:VotA:Endbringer Jora,cards_effect,VotA,9ea87e813064,Endbringer Jora,"获得3战力.\r\n每当你 击败一个怪物在中央牌列本回合, 获得2符文.",draft,,loc/zh-Hans/lua_cards.csv
cards_effect:VotA:Excavation Sentry,cards_effect,VotA,6bad9443edcb,Excavation Sentry,"获得2战力.\r\n放置你牌库顶的卡牌置入你的弃牌堆, 然后你可以放逐一张卡牌在你的手牌或弃牌堆.",draft,,loc/zh-Hans/lua_cards.csv
cards_effect:VotA:Excavator Pilot,cards_effect,VotA,ef3fbc318eb5,Excavator Pilot,"获得2符文.\r\n若你控制的两 或更高神器s, 获得1L.",draft,,loc/zh-Hans/lua_cards.csv
cards_effect:VotA:Fist of the Dragon,cards_effect,VotA,2b4c0b79965b,Fist of the Dragon,"抽一张牌. 放逐一张卡牌在中央牌列. 若下一卡牌以 进入中央牌列为 怪物, 击败它 无需支付费用.",draft,,loc/zh-Hans/lua_cards.csv
cards_effect:VotA:Flanking Askara,cards_effect,VotA,8a52e82f1bc2,Flanking Askara,抽一张牌.\r\n复制效果的 下一英雄你 打出本回合以 费用 3符文或更低.,draft,,loc/zh-Hans/lua_cards.csv
cards_effect:VotA:Forgemaster's Suit,cards_effect,VotA,65218928c66c,Forgemaster's Suit,"每回合一次，当你 打出机械神器 (包括此牌一) 或若 你控制的神殿, 获得1荣誉.",draft,,loc/zh-Hans/lua_cards.csv
cards_effect:VotA:Grave Golem,cards_effect,VotA,d4dffb866c8e,Grave Golem,奖励：获得4荣誉. 每位对手展示顶部卡牌的 其牌库和 放置它 置入其弃牌堆. 选择一个英雄已展示以此方式和 复制其效果.,draft,,loc/zh-Hans/lua_cards.csv
cards_effect:VotA:Hellfrost Imps,cards_effect,VotA,f71083a177b4,Hellfrost Imps,奖励：获得2荣誉. 你可以击败一个怪物在中央牌列被命名为狱霜小恶魔无需支付费用.,draft,,loc/zh-Hans/lua_cards.csv
"cards_effect:VotA:Hurras, Sea's Fury",cards_effect,VotA,9f67b7cb809d,"Hurras, Sea's Fury",奖励：获得4荣誉. 获得1L和 1D.,draft,,loc/zh-Hans/lua_cards.csv
cards_effect:VotA:Iku's Minions,cards_effect,VotA,01dcbcb8eedd,Iku's Minions,此费用为 2 更低以 击败若 你控制的神殿.\r\n奖励：获得4荣誉. 你可以放逐一张卡牌在你的手牌或弃牌堆.,draft,,loc/zh-Hans/lua_cards.csv
"cards_effect:VotA:Iku, Valley Tyrant",cards_effect,VotA,c24a7777d72c,"Iku, Valley Tyrant",此费用为 2战力更低以 击败以 每个神殿你控制的.\r\n奖励：获得8荣誉.,draft,,loc/zh-Hans/lua_cards.csv
"cards_effect:VotA:Isla, Serene Prodigy",cards_effect,VotA,cc418ce1be28,"Isla, Serene Prodigy","获取一个英雄或 神器在中央牌列无需支付费用.\r\nShuffle伊斯拉, 宁静神童和 你的弃牌堆置入你的牌库.",draft,,loc/zh-Hans/lua_cards.csv
cards_effect:VotA:Jubilant Monk,cards_effect,VotA,e125598b4e7a,Jubilant Monk,"展示你牌库顶的卡牌和 将它放置置入你的手牌. 重复此效果直到你 展示卡牌其他于 秘教士, 重装步兵, 或启迪卡牌.",draft,,loc/zh-Hans/lua_cards.csv
cards_effect:VotA:K-YL3 Repairbot,cards_effect,VotA,1018e1d95d8e,K-YL3 Repairbot,"每回合一次，当你 打出机械神器 (包括此牌一) 或若 你控制的神殿, 抽一张牌.",draft,,loc/zh-Hans/lua_cards.csv
"cards_effect:VotA:Kan'zir, the Ravager",cards_effect,VotA,8ccff9e9326d,"Kan'zir, the Ravager",奖励：获得5荣誉. 每位对手loses控制的 所有Temples和摧毁所有神器s其控制的.,draft,,loc/zh-Hans/lua_cards.csv
cards_effect:VotA:Keeper of Secrets,cards_effect,VotA,38a680e94c80,Keeper of Secrets,"放逐一张卡牌在你的手牌中和 将它替换以 秘教士或 重装步兵.\r\n若你 打出或 拥有打出过秘教士和 重装步兵本回合, 获得1D.",draft,,loc/zh-Hans/lua_cards.csv
cards_effect:VotA:Mutated Scavenger,cards_effect,VotA,b0278cb15f75,Mutated Scavenger,奖励：获得4荣誉. 获得5符文.,draft,,loc/zh-Hans/lua_cards.csv
cards_effect:VotA:Ominous Augur,cards_effect,VotA,69907079d1d8,Ominous Augur,获取一个英雄或 神器以 费用 5符文或更低无需支付费用.\r\n宁静: 放置所获取的卡牌在你的手牌中. (获得此效果若 那里为 没有卡牌在你的弃牌堆.),draft,,loc/zh-Hans/lua_cards.csv
cards_effect:VotA:Pathfinder's Totem,cards_effect,VotA,989dff58ea89,Pathfinder's Totem,联合: 每回合一次，获得1符文. (获得此效果若 你拥有打出过命约英雄本回合.),draft,,loc/zh-Hans/lua_cards.csv
cards_effect:VotA:Qadim Stalker,cards_effect,VotA,02af968bc740,Qadim Stalker,获得2符文和 2战力.\r\n联合: 获得2荣誉.,draft,,loc/zh-Hans/lua_cards.csv
"cards_effect:VotA:Randall, Umbral Sage",cards_effect,VotA,f1061988394c,"Randall, Umbral Sage","获得3战力.\r\n放置所有卡牌从 你的牌库置入你的弃牌堆, 然后返回虚空卡牌在你的弃牌堆以 你的手牌.",draft,,loc/zh-Hans/lua_cards.csv
cards_effect:VotA:Reckless Excavator,cards_effect,VotA,3b0e1e5ca01f,Reckless Excavator,"每回合一次，当你 打出机械神器 (包括此牌一), 获得1L或 1D.",draft,,loc/zh-Hans/lua_cards.csv
cards_effect:VotA:Resourceful Trader,cards_effect,VotA,853d6c3ad702,Resourceful Trader,"抽一张牌.\r\n下次你获取神器本回合, 获得1D.",draft,,loc/zh-Hans/lua_cards.csv
cards_effect:VotA:Sacred Pot,cards_effect,VotA,b1392cab0806,Sacred Pot,宁静: 每回合一次，抽一张牌. (获得此效果若 那里为 没有卡牌在你的弃牌堆.),draft,,loc/zh-Hans/lua_cards.csv
cards_effect:VotA:Salvagemaster Mila,cards_effect,VotA,a09f0999c99c,Salvagemaster Mila,获得4符文.\r\n你可以放置任意神器s你获取本回合直接进入战场.,draft,,loc/zh-Hans/lua_cards.csv
cards_effect:VotA:Shadowridge Scout,cards_effect,VotA,52093682158d,Shadowridge Scout,获得2战力.\r\nEcho: 获得1D. (获得此效果若 存在虚空卡牌在你的弃牌堆.),draft,,loc/zh-Hans/lua_cards.csv
cards_effect:VotA:Siegemaster's Ram,cards_effect,VotA,6da2575694c0,Siegemaster's Ram,"每回合一次，当你 打出机械神器 (包括此牌一) 或若 你控制的神殿, 获得2战力.",draft,,loc/zh-Hans/lua_cards.csv
cards_effect:VotA:Silenced Prophet,cards_effect,VotA,bc8b7903e4b8,Silenced Prophet,"抽一张牌.\r\n放置你牌库顶的卡牌置入你的弃牌堆, 然后你可以放逐一张卡牌在你的手牌或弃牌堆.",draft,,loc/zh-Hans/lua_cards.csv
cards_effect:VotA:Sirewood Elder,cards_effect,VotA,697464dc6e1d,Sirewood Elder,获得2符文.\r\n联合: 抽一张牌.,draft,,loc/zh-Hans/lua_cards.csv
cards_effect:VotA:Soulsnare Hunter,cards_effect,VotA,ce9ff7904ae5,Soulsnare Hunter,"获得2战力.\r\n下次你击败一个怪物在中央牌列本回合, 获得1L.",draft,,loc/zh-Hans/lua_cards.csv
cards_effect:VotA:Spiteful Gladiator,cards_effect,VotA,ed6eee770a72,Spiteful Gladiator,获得2战力.\r\nEcho: 获得额外的 2战力. (获得此效果若 存在虚空卡牌在你的弃牌堆.),draft,,loc/zh-Hans/lua_cards.csv
cards_effect:VotA:Starved Abomination,cards_effect,VotA,1bcb6b658d44,Starved Abomination,奖励：获得3荣誉. 获得1L.,draft,,loc/zh-Hans/lua_cards.csv
cards_effect:VotA:Stormsmith Anvil,cards_effect,VotA,a6aafd6b9ee5,Stormsmith Anvil,"每回合一次，当你 打出机械神器 (包括此牌一) 或若 你控制的神殿, 获得1符文.",draft,,loc/zh-Hans/lua_cards.csv
cards_effect:VotA:Templar Outpost,cards_effect,VotA,603d9a96e297,Templar Outpost,每回合一次，击败一个怪物在中央牌列以 费用 4战力或更低无需支付费用.,draft,,loc/zh-Hans/lua_cards.csv
cards_effect:VotA:Temple of Death,cards_effect,VotA,60c58b8bdc10,Temple of Death,1D: 获得对以下的控制： 不朽神殿. 你可以放逐一张卡牌在你的手牌或弃牌堆.,draft,,loc/zh-Hans/lua_cards.csv
cards_effect:VotA:Temple of Immortality,cards_effect,VotA,55dbc84ad5d8,Temple of Immortality,"每回合一次，选择派系. 当你 获取卡牌的 该派系, 若下一卡牌以 进入中央牌列为 也该 派系, 获取它 无需支付费用.",draft,,loc/zh-Hans/lua_cards.csv
cards_effect:VotA:Temple of Life,cards_effect,VotA,6c5110586008,Temple of Life,1L: 获得对以下的控制： 不朽神殿. 获得2符文.,draft,,loc/zh-Hans/lua_cards.csv
"cards_effect:VotA:Tyranyx, the Pillager",cards_effect,VotA,bb74ac899697,"Tyranyx, the Pillager",你可以花费P此外还R以获取此.\r\n你可以花费P此外还R以获取机械神器.,draft,,loc/zh-Hans/lua_cards.csv
"cards_effect:WoS:Aklys, the Scourge",cards_effect,WoS,e3d0030673cb,"Aklys, the Scourge",奖励：获得6荣誉.,draft,,loc/zh-Hans/lua_cards.csv
cards_effect:WoS:Arha Historian,cards_effect,WoS,cbf22a27a5d3,Arha Historian,"抽一张牌. 若你 打出或 拥有打出过秘教士或 重装步兵本回合, 抽额外的卡牌.",draft,,loc/zh-Hans/lua_cards.csv
cards_effect:WoS:Bringer of Hope,cards_effect,WoS,0de17180165d,Bringer of Hope,放逐一张卡牌在你的手牌中. 若你如此做，加入秘教士和 重装步兵以 你的手牌.,draft,,loc/zh-Hans/lua_cards.csv
cards_effect:WoS:Cavern Creeper,cards_effect,WoS,80db6f6db9dd,Cavern Creeper,奖励：获得1荣誉和 1符文.,draft,,loc/zh-Hans/lua_cards.csv
cards_effect:WoS:Dark Gladiator,cards_effect,WoS,dc0d8fa81ffb,Dark Gladiator,获得2战力.,draft,,loc/zh-Hans/lua_cards.csv
cards_effect:WoS:Deadeye Assassin,cards_effect,WoS,2ccd5081aa14,Deadeye Assassin,获得3战力.\r\n获得额外的 1战力以 每个虚空卡牌在你的弃牌堆.,draft,,loc/zh-Hans/lua_cards.csv
cards_effect:WoS:Deceitful Ghoul,cards_effect,WoS,11578eec30ac,Deceitful Ghoul,奖励：获得2荣誉.,draft,,loc/zh-Hans/lua_cards.csv
cards_effect:WoS:Dogs of War,cards_effect,WoS,2861e23154e3,Dogs of War,获得1战力.\r\n你可以放逐一张卡牌在你的手牌或弃牌堆. 若你如此做，获得额外的 1战力.,draft,,loc/zh-Hans/lua_cards.csv
cards_effect:WoS:Dread Conjurer,cards_effect,WoS,ccfec70ffcf9,Dread Conjurer,抽一张牌.,draft,,loc/zh-Hans/lua_cards.csv
cards_effect:WoS:Emberwing Moth,cards_effect,WoS,13168da8b2de,Emberwing Moth,奖励：获得5荣誉.,draft,,loc/zh-Hans/lua_cards.csv
cards_effect:WoS:Everbloom Witch,cards_effect,WoS,c4bab46b85cc,Everbloom Witch,获得3荣誉.\r\n联合： 获得3荣誉.,draft,,loc/zh-Hans/lua_cards.csv
cards_effect:WoS:Flare Tracker,cards_effect,WoS,4819aa08dfb8,Flare Tracker,"获得2符文.\r\n若你 打出或 拥有打出过神射追踪者本回合, 抽一张牌.",draft,,loc/zh-Hans/lua_cards.csv
cards_effect:WoS:Foundry Hound,cards_effect,WoS,b85613db7fc2,Foundry Hound,"每回合一次，若你 打出机械神器 (包括此牌一) 或若 它为 昼, 获得2符文.",draft,,loc/zh-Hans/lua_cards.csv
cards_effect:WoS:Illuminator,cards_effect,WoS,643fa8841eb4,Illuminator,DAY: 每回合一次，获得1符文和 1战力,draft,,loc/zh-Hans/lua_cards.csv
cards_effect:WoS:Inspired Templar,cards_effect,WoS,e9eaf84f3dbc,Inspired Templar,击败一个怪物以 费用 4战力或更低无需支付费用.,draft,,loc/zh-Hans/lua_cards.csv
"cards_effect:WoS:Isha, the Pursuer",cards_effect,WoS,f37b2087d83e,"Isha, the Pursuer","获得3战力.\r\n下次你击败一个怪物本回合, 获得R相等以 被击败怪物之P费用.",draft,,loc/zh-Hans/lua_cards.csv
cards_effect:WoS:Legion of Aklys,cards_effect,WoS,09ddc48f9005,Legion of Aklys,"若所有卡牌在中央牌列为NIGHT卡牌,",draft,,loc/zh-Hans/lua_cards.csv
cards_effect:WoS:Lieutenant Duros,cards_effect,WoS,e2e56dec7068,Lieutenant Duros,奖励：获得4荣誉.,draft,,loc/zh-Hans/lua_cards.csv
cards_effect:WoS:Light of False Hope,cards_effect,WoS,d8cd5db11cb0,Light of False Hope,奖励：获得4荣誉.,draft,,loc/zh-Hans/lua_cards.csv
cards_effect:WoS:Lunar Guardian,cards_effect,WoS,2e9a22722e5d,Lunar Guardian,获得2符文.,draft,,loc/zh-Hans/lua_cards.csv
"cards_effect:WoS:Luro, the Hunter",cards_effect,WoS,bb694202107a,"Luro, the Hunter",获得3符文.,draft,,loc/zh-Hans/lua_cards.csv
cards_effect:WoS:Map of the Stars,cards_effect,WoS,f0d6a816c1c2,Map of the Stars,每回合一次，获得1符文和 1战力.,draft,,loc/zh-Hans/lua_cards.csv
cards_effect:WoS:Marsh Ranger,cards_effect,WoS,edf9c55d7d2c,Marsh Ranger,获得1符文和 1荣誉. 抽一张牌.\r\n联合： 获得1符文和 1荣誉. 抽一张牌.,draft,,loc/zh-Hans/lua_cards.csv
cards_effect:WoS:Pillar of Resolve,cards_effect,WoS,a6b6389f5448,Pillar of Resolve,"每回合一次，若你 拥有打出过秘教士和 重装步兵, 抽两张牌.",draft,,loc/zh-Hans/lua_cards.csv
cards_effect:WoS:Rescuebot 505,cards_effect,WoS,5797bbd0b10f,Rescuebot 505,"当你 获取此 和它 为昼, 将其直接进入战场.\r\n当你 获取机械神器, 将其直接进入战场.",draft,,loc/zh-Hans/lua_cards.csv
cards_effect:WoS:Riftwatch Outpost,cards_effect,WoS,45a366946e45,Riftwatch Outpost,每回合一次，获得1战力.\r\n你可以摧毁此 以获得1战力.,draft,,loc/zh-Hans/lua_cards.csv
cards_effect:WoS:Scavenger Ants,cards_effect,WoS,988dcac1b99e,Scavenger Ants,奖励：获得4荣誉.,draft,,loc/zh-Hans/lua_cards.csv
cards_effect:WoS:Searing Askara,cards_effect,WoS,b96372dfe526,Searing Askara,放逐一张卡牌在中央牌列. 然后你可以获取卡牌以 费用 3符文或更低无需支付费用.,draft,,loc/zh-Hans/lua_cards.csv
cards_effect:WoS:Shade Converter,cards_effect,WoS,444eda0209ee,Shade Converter,"若你控制的三 或更高机械神器, 你可以视为你的回合作为昼.",draft,,loc/zh-Hans/lua_cards.csv
cards_effect:WoS:Shade Viper,cards_effect,WoS,f33fabf8c766,Shade Viper,奖励：获得2荣誉.,draft,,loc/zh-Hans/lua_cards.csv
cards_effect:WoS:Shade of Sadranis,cards_effect,WoS,36ccb60876ce,Shade of Sadranis,获得4战力.,draft,,loc/zh-Hans/lua_cards.csv
cards_effect:WoS:Shardwing Beetle,cards_effect,WoS,285e7bf68d8b,Shardwing Beetle,"奖励：获得3荣誉.\r\n当你 击败此, 你可以支付 3符文以 获得额外的 3荣誉.",draft,,loc/zh-Hans/lua_cards.csv
cards_effect:WoS:Shrine Attendant,cards_effect,WoS,83316ccefa6d,Shrine Attendant,加入秘教士或 重装步兵以 你的手牌.,draft,,loc/zh-Hans/lua_cards.csv
cards_effect:WoS:Solar Sentry,cards_effect,WoS,c178dc098985,Solar Sentry,获得2符文.,draft,,loc/zh-Hans/lua_cards.csv
cards_effect:WoS:Sunstreak Courier,cards_effect,WoS,2fd108c20724,Sunstreak Courier,获得1符文和 1战力.,draft,,loc/zh-Hans/lua_cards.csv
cards_effect:WoS:Sureshot Tracker,cards_effect,WoS,9877e34cc77c,Sureshot Tracker,"获得2战力.\r\n若你 打出或 拥有打出过闪光追踪者本回合, 抽一张牌.",draft,,loc/zh-Hans/lua_cards.csv
"cards_effect:WoS:Ta'hyr, the Sun",cards_effect,WoS,b2af56c45b35,"Ta'hyr, the Sun","若所有卡牌在中央牌列为DAY卡牌,",draft,,loc/zh-Hans/lua_cards.csv
cards_effect:WoS:Twilight Scout,cards_effect,WoS,bfb9b6c44bbd,Twilight Scout,抽一张牌.,draft,,loc/zh-Hans/lua_cards.csv
cards_effect:WoS:Verdant Chanter,cards_effect,WoS,c57d29ea6892,Verdant Chanter,获得2符文.,draft,,loc/zh-Hans/lua_cards.csv
"cards_effect:WoS:Vyrak, the First",cards_effect,WoS,1ec69de9b330,"Vyrak, the First",你可以花费P作为R以获取此.\r\n获得10荣誉.,draft,,loc/zh-Hans/lua_cards.csv
cards_effect:WoS:Wartorn Arbiter,cards_effect,WoS,22fec32eebbb,Wartorn Arbiter,获得1战力.,draft,,loc/zh-Hans/lua_cards.csv
cards_effect:WoS:Watchtower Golem,cards_effect,WoS,9fd4292ca9ad,Watchtower Golem,"每回合一次，若你 打出机械神器 (包括此牌一) 或若 它为 昼, 获得2战力.",draft,,loc/zh-Hans/lua_cards.csv
cards_effect:WoS:Wrecklamax,cards_effect,WoS,8255f563203c,Wrecklamax,"每回合一次，若你 打出机械神器 (包括此牌一) 或若 它为 昼, 抽一张牌.",draft,,loc/zh-Hans/lua_cards.csv
cards_effect:promo:Aether Channeler,cards_effect,promo,2bff4a68d35e,Aether Channeler,放逐一张卡牌从你的手牌. Replace它以 随机hero和将它放置在你的手牌中.,draft,,loc/zh-Hans/lua_cards.csv
cards_effect:promo:Aether Curator,cards_effect,promo,5dec770decdf,Aether Curator,放逐一张卡牌在中央牌列. Replace它以 传送门.,draft,,loc/zh-Hans/lua_cards.csv
cards_effect:promo:Aether Ritualist,cards_effect,promo,3a3ebf936f65,Aether Ritualist,"获得2战力.\r\n下次你击败一个怪物在中央牌列本回合, 你可以获取传送门无需支付费用.",draft,,loc/zh-Hans/lua_cards.csv
cards_effect:promo:Aetherspring Witch,cards_effect,promo,1a4d6d1f202b,Aetherspring Witch,"选择一项： 获得3荣誉, 或获取传送门在中央牌列无需支付费用.",draft,,loc/zh-Hans/lua_cards.csv
cards_effect:promo:Arha Sanctuary,cards_effect,promo,13198aeb6dfc,Arha Sanctuary,"当此牌进入战场时, 放置你牌库顶的卡牌其下此 面朝上.\r\n每回合一次，你可以swap卡牌在你的手牌中以 卡牌其下Arha圣所.\r\n当Arha圣所离开打出的 游戏结束, 放置卡牌其下它 置入你的弃牌堆.",draft,,loc/zh-Hans/lua_cards.csv
cards_effect:promo:Askara of Fortune,cards_effect,promo,f07e83ee5cb2,Askara of Fortune,每位玩家展示顶部卡牌的 其牌库. 选择一个英雄已展示以此方式和 复制其效果.,draft,,loc/zh-Hans/lua_cards.csv
cards_effect:promo:Big Bad Bunny,cards_effect,promo,c73a3aa4aa32,Big Bad Bunny,天命： 放置卡牌从中央牌库facedown其下此 和每个其他卡牌在中央牌列.,draft,,loc/zh-Hans/lua_cards.csv
"cards_effect:promo:Cetra, Guide of Ogo",cards_effect,promo,fdf9093071c0,"Cetra, Guide of Ogo",获取所有英雄在中央牌列无需支付费用. 放置它们放到你的牌库顶在 任意秩序.,draft,,loc/zh-Hans/lua_cards.csv
cards_effect:promo:Chaos Rider,cards_effect,promo,13d9cd429f85,Chaos Rider,获得3战力.\r\n你可以返回虚空卡牌从 你的弃牌堆以 你的手牌.,draft,,loc/zh-Hans/lua_cards.csv
cards_effect:promo:Chaotic Cannon,cards_effect,promo,d0697e7db293,Chaotic Cannon,"每回合一次，弃掉你牌库顶的卡牌以 获得战力相等以 其荣誉值.若它 为机械神器, 将它放置在你的手牌中改为.",draft,,loc/zh-Hans/lua_cards.csv
cards_effect:promo:Constricting Horror,cards_effect,promo,190afa78f96f,Constricting Horror,奖励：获得4荣誉. 展示卡牌从中央牌库直到你 展示英雄. 获取该 英雄无需支付费用和 放逐每个其他卡牌已展示以此方式.,draft,,loc/zh-Hans/lua_cards.csv
cards_effect:promo:Control Room,cards_effect,promo,a5f20e388c5c,Control Room,每回合一次，你可以放置机械神器你控制的在 顶部的 传送门牌库.\r\n若你如此做，获取机械神器在中央牌列和 将它放置在你的手牌中.,draft,,loc/zh-Hans/lua_cards.csv
"cards_effect:promo:David, Prophetic Guide",cards_effect,promo,7273bbfc1c80,"David, Prophetic Guide","抽三 卡牌, 然后放置两 卡牌从你的手牌放到你的牌库顶在 任意秩序.",draft,,loc/zh-Hans/lua_cards.csv
cards_effect:promo:Deep Drone,cards_effect,promo,dded18488f0f,Deep Drone,获得2符文. 放置下一神器你 获取本回合直接进入战场.,draft,,loc/zh-Hans/lua_cards.csv
cards_effect:promo:Defender of Vigil,cards_effect,promo,5d5e1b0f1a37,Defender of Vigil,获得2符文和 2战力.\r\n获得1符文以 每个学徒你 打出或 拥有打出过本回合.\r\n获得1战力以 每个民兵你 打出或 拥有打出过本回合.,draft,,loc/zh-Hans/lua_cards.csv
cards_effect:promo:Destroyer's Gate,cards_effect,promo,0f224c628333,Destroyer's Gate,经过一段时间后，此牌会转化成某种很厉害的东西！,draft,,loc/zh-Hans/lua_cards.csv
cards_effect:promo:Ender of Days,cards_effect,promo,e9cf0b631da2,Ender of Days,奖励：获得10荣誉. Remove所有荣誉从 荣誉池.,draft,,loc/zh-Hans/lua_cards.csv
cards_effect:promo:Eternal Tormentor,cards_effect,promo,8a02beb1c82e,Eternal Tormentor,击败一个随机怪物在 虚空区无需支付费用s和将它放置置于其底： 传送门牌库.,draft,,loc/zh-Hans/lua_cards.csv
cards_effect:promo:Ethereal Huntress,cards_effect,promo,d314510436aa,Ethereal Huntress,获得3战力.\r\n你可以放置怪物从虚空区在 顶部的 传送门牌库.,draft,,loc/zh-Hans/lua_cards.csv
cards_effect:promo:Explosive Swarm,cards_effect,promo,22ae7ebb1e38,Explosive Swarm,"奖励：获得4荣誉. 当相邻non-怪物卡牌会 是被替换,将它替换以 复制的 此怪物改为",draft,,loc/zh-Hans/lua_cards.csv
cards_effect:promo:Eye of Potential,cards_effect,promo,b328f075b1f8,Eye of Potential,每回合一次，你可以放逐一张卡牌在你的手牌中. 若你如此做，获取秘教士或 重装步兵无需支付费用和 将它放置在你的手牌中.,draft,,loc/zh-Hans/lua_cards.csv
"cards_effect:promo:Forrest, Beastwarden",cards_effect,promo,46c7ab313311,"Forrest, Beastwarden","获得2符文.\r\n一次本回合, 你可以获取一个英雄在 虚空区视为在中央牌列.",draft,,loc/zh-Hans/lua_cards.csv
cards_effect:promo:Giant Rat,cards_effect,promo,24c94e321e23,Giant Rat,置于其下的任何卡牌巨人Rat不能被获取、放逐或击败直到巨鼠被放逐或击败.\r\n奖励：获得1荣誉.,draft,,loc/zh-Hans/lua_cards.csv
cards_effect:promo:Hedron Flare,cards_effect,promo,1ba06c01b856,Hedron Flare,每回合一次，你可以获取机械英雄在中央牌列无需支付费用.,draft,,loc/zh-Hans/lua_cards.csv
cards_effect:promo:Journeyman Sage,cards_effect,promo,24aa0294ff03,Journeyman Sage,"天命： 当此牌进入中央牌列时, 每位玩家可以放逐英雄在其手牌中以 获取秘教士或 重装步兵和 加入其手牌.",draft,,loc/zh-Hans/lua_cards.csv
"cards_effect:promo:Kythis, the Gatekeeper",cards_effect,promo,6f16cf7f5ba4,"Kythis, the Gatekeeper","当凯西斯进入中央牌列, 拿取传送门牌库顶的卡牌和 放置它 面朝下置于其下他.",draft,,loc/zh-Hans/lua_cards.csv
cards_effect:promo:Leprechaun,cards_effect,promo,e3f363b5a9e8,Leprechaun,获得2符文. 获取一个罐的 金从彩虹尽头或 从另一名玩家的控制.,draft,,loc/zh-Hans/lua_cards.csv
cards_effect:promo:Lotus Siren,cards_effect,promo,eb778f0cbfa3,Lotus Siren,"获得2符文.\r\n每当你 获取一个英雄或 宝藏卡牌从中央牌列本回合, 获得1荣誉. (获得荣誉以 每个卡牌已获取.)",draft,,loc/zh-Hans/lua_cards.csv
cards_effect:promo:Lunar Matriarch,cards_effect,promo,df93e69b91b3,Lunar Matriarch,"获得5荣誉.\r\n一次本回合, 你可以支付至多 5符文以 获得该等量的H.",draft,,loc/zh-Hans/lua_cards.csv
"cards_effect:promo:Miles, Golden Prodigy",cards_effect,promo,94d6cfafe286,"Miles, Golden Prodigy","抽一张牌. 每当你 打出卡牌的 另一派系本回合, 抽一张牌. 每个派系仅触发一次.",draft,,loc/zh-Hans/lua_cards.csv
cards_effect:promo:Moon Staff,cards_effect,promo,b756f5221456,Moon Staff,每回合一次，你可以花费 4符文以 使你的战力翻倍.,draft,,loc/zh-Hans/lua_cards.csv
cards_effect:promo:N.I.N.E.,cards_effect,promo,dd381585e6d0,N.I.N.E.,"获得2符文.\r\n当你 打出机械神器, 你可以将此牌返回从 你的弃牌堆以 你的手牌. (卡牌打出过在期间你的回合不 进入以 你的弃牌堆直到结束时回合.)",draft,,loc/zh-Hans/lua_cards.csv
cards_effect:promo:Nethersnare,cards_effect,promo,1508afaf1e81,Nethersnare,"每回合一次，若此牌下没有怪物，你可以将中央牌列的一个怪物置于其下。\r\n你可以击败怪物其下此 视为在中央牌列.\r\n若此 离开打出, 放置任意怪物其下此 在顶部的 传送门牌库.",draft,,loc/zh-Hans/lua_cards.csv
"cards_effect:promo:Nova, Born of Chaos",cards_effect,promo,4fdde5b83db8,"Nova, Born of Chaos","奖励：万民玩家返回所有荣誉点数以 荣誉池. 若游戏会 结束此round, 它does不结束.\r\n获得10荣誉.",draft,,loc/zh-Hans/lua_cards.csv
cards_effect:promo:Pathwarden,cards_effect,promo,50704e6581f9,Pathwarden,获得2符文. 你可以花费R视为P本回合.,draft,,loc/zh-Hans/lua_cards.csv
cards_effect:promo:Portal,cards_effect,promo,b55223c7bdc7,Portal,此为 任意hero或神器该 能够是 发现在 传送门牌库的 任意Ascension set. 你从不知道什么you're going以get!,draft,,loc/zh-Hans/lua_cards.csv
cards_effect:promo:Pot of Gold,cards_effect,promo,122a6fea9d60,Pot of Gold,"当你 打出此, 抽一张牌. 当你 打出小矮妖, 获得1荣誉.",draft,,loc/zh-Hans/lua_cards.csv
cards_effect:promo:Puggageddon,cards_effect,promo,a2cfccf7672f,Puggageddon,"奖励：获得2 荣誉. 放置此 置入另一玩家之弃牌堆. 当此 为打出过从你的手牌, 获得1 荣誉和 将它放置置入另一玩家之弃牌堆.",draft,,loc/zh-Hans/lua_cards.csv
cards_effect:promo:Rat King,cards_effect,promo,bd32fe388e42,Rat King,"当Rat王进入中央牌列, 放置一张巨鼠在 顶部的 每个其他中央牌列space.\r\n奖励：获得4荣誉和 击败所有巨人Rats在打出.",draft,,loc/zh-Hans/lua_cards.csv
cards_effect:promo:Ring of Life,cards_effect,promo,c7709cf386fb,Ring of Life,"每回合一次，若你 拥有打出过命约英雄, 获得1符文. 当Ring的生命进入打出, 选择派系. 你的英雄的 该派系为 也命约英雄.",draft,,loc/zh-Hans/lua_cards.csv
cards_effect:promo:Seed of the World,cards_effect,promo,f8a25f1e5de2,Seed of the World,"每回合一次，当你 获取一个英雄在 中央牌列,获得荣誉相等以 其荣誉值.",draft,,loc/zh-Hans/lua_cards.csv
cards_effect:promo:Soul Collector,cards_effect,promo,b5256cd5b2cf,Soul Collector,每回合一次，加入灵魂指示物以 此若you've被击败怪物在中央牌列.\r\n每回合一次，获得战力相等以 数量为灵魂指示物在 此.,draft,,loc/zh-Hans/lua_cards.csv
cards_effect:promo:Spire of the Wind,cards_effect,promo,776626b95987,Spire of the Wind,"每回合一次，你可以弃掉卡牌从你的手牌以 抽一张牌.若它 为秘教士或 重装步兵, 抽 2 卡牌改为.",draft,,loc/zh-Hans/lua_cards.csv
cards_effect:promo:Spirit of the Ancients,cards_effect,promo,a3e8e3c3b839,Spirit of the Ancients,选择命约英雄该 尚未被选择以 此before. 此卡牌视为复制的 该英雄.,draft,,loc/zh-Hans/lua_cards.csv
cards_effect:promo:Stone Blade Templar,cards_effect,promo,cb578c04965b,Stone Blade Templar,展示和 放逐顶部卡牌的 传送门牌库. 若其 派系为:\r\n启迪: 抽两张牌.\r\n生命: 获得3 荣誉.\r\n机械: 获得2 符文.\r\n虚空: 获得2 战力.\r\n无派系： 选择一 的效果上方.,draft,,loc/zh-Hans/lua_cards.csv
cards_effect:promo:Temporal Excavator,cards_effect,promo,abfdc9d49bdf,Temporal Excavator,: 加入一卡牌和 若它 为already那里然后放逐它 和将它替换.,draft,,loc/zh-Hans/lua_cards.csv
cards_effect:promo:The Aethermourne,cards_effect,promo,5ff61db57f98,The Aethermourne,每回合一次，获得战力相等以 数量为怪物在 中央牌列.,draft,,loc/zh-Hans/lua_cards.csv
cards_effect:promo:Tinkering Monk,cards_effect,promo,19c0b3fbf3fb,Tinkering Monk,获得2符文.\r\n你可以拥有每位玩家获得H相等以 数量为机械神器其控制的.,draft,,loc/zh-Hans/lua_cards.csv
cards_effect:promo:Tollmaster Ky'lek,cards_effect,promo,f672431af8f6,Tollmaster Ky'lek,天命： 放逐所有其他卡牌在中央牌列和 将它们替换以 传送门.,draft,,loc/zh-Hans/lua_cards.csv
"cards_effect:promo:Vedah, Sage of Swords",cards_effect,promo,98edc3f6a1c2,"Vedah, Sage of Swords",展示传送门牌库顶的卡牌. 抽起它或击败它.,draft,,loc/zh-Hans/lua_cards.csv
"cards_effect:promo:Vezra'Tull, The Voidwyrm",cards_effect,promo,29be0e68dba1,"Vezra'Tull, The Voidwyrm",你可以花费P而非H以获取此.\r\n获得1战力以 每个怪物在 虚空区.,draft,,loc/zh-Hans/lua_cards.csv
cards_effect:promo:Void Mesmer,cards_effect,promo,8486eef1c422,Void Mesmer,"获得2战力. 下次你击败一个怪物本回合, 你可以获取一个英雄的 相等或更低er费用.",draft,,loc/zh-Hans/lua_cards.csv
cards_flavor::Apprentice,cards_flavor,,,,,waived,no_flavor_in_source,loc/zh-Hans/lua_cards.csv
cards_flavor::Apprentice 10TH,cards_flavor,,,,,waived,no_flavor_in_source,loc/zh-Hans/lua_cards.csv
cards_flavor::Apprentice SoS,cards_flavor,,,,,waived,no_flavor_in_source,loc/zh-Hans/lua_cards.csv
"cards_flavor::Cetra, Benefactor of All",cards_flavor,,,,,waived,no_flavor_in_source,loc/zh-Hans/lua_cards.csv
cards_flavor::Cultist,cards_flavor,,,,,waived,no_flavor_in_source,loc/zh-Hans/lua_cards.csv
cards_flavor::Cultist 10TH,cards_flavor,,,,,waived,no_flavor_in_source,loc/zh-Hans/lua_cards.csv
cards_flavor::Cultist SoS,cards_flavor,,,,,waived,no_flavor_in_source,loc/zh-Hans/lua_cards.csv
cards_flavor::Eye of Potential,cards_flavor,,,,,waived,no_flavor_in_source,loc/zh-Hans/lua_cards.csv
cards_flavor::Ferromancer's Helper,cards_flavor,,,,,waived,no_flavor_in_source,loc/zh-Hans/lua_cards.csv
cards_flavor::Foul Replicant,cards_flavor,,,,,waived,no_flavor_in_source,loc/zh-Hans/lua_cards.csv
cards_flavor::Heavy Infantry,cards_flavor,,,,,waived,no_flavor_in_source,loc/zh-Hans/lua_cards.csv
cards_flavor::Heavy Infantry 10TH,cards_flavor,,,,,waived,no_flavor_in_source,loc/zh-Hans/lua_cards.csv
cards_flavor::Heavy Infantry SoS,cards_flavor,,,,,waived,no_flavor_in_source,loc/zh-Hans/lua_cards.csv
cards_flavor::Militia,cards_flavor,,,,,waived,no_flavor_in_source,loc/zh-Hans/lua_cards.csv
cards_flavor::Militia 10TH,cards_flavor,,,,,waived,no_flavor_in_source,loc/zh-Hans/lua_cards.csv
cards_flavor::Militia SoS,cards_flavor,,,,,waived,no_flavor_in_source,loc/zh-Hans/lua_cards.csv
cards_flavor::Mystic,cards_flavor,,,,,waived,no_flavor_in_source,loc/zh-Hans/lua_cards.csv
cards_flavor::Mystic 10TH,cards_flavor,,,,,waived,no_flavor_in_source,loc/zh-Hans/lua_cards.csv
cards_flavor::Mystic SoS,cards_flavor,,,,,waived,no_flavor_in_source,loc/zh-Hans/lua_cards.csv
cards_flavor::Nyxian Corruptor,cards_flavor,,,,,waived,no_flavor_in_source,loc/zh-Hans/lua_cards.csv
cards_flavor::Sadistic Laboratory,cards_flavor,,,,,waived,no_flavor_in_source,loc/zh-Hans/lua_cards.csv
cards_flavor::Sage of Lucid Dreams,cards_flavor,,,,,waived,no_flavor_in_source,loc/zh-Hans/lua_cards.csv
cards_flavor::Stone Circle,cards_flavor,,,,,waived,no_flavor_in_source,loc/zh-Hans/lua_cards.csv
cards_flavor:CotG10:Arbiter of the Precipice 10TH,cards_flavor,CotG10,,,,waived,no_flavor_in_source,loc/zh-Hans/lua_cards.csv
cards_flavor:CotG10:Arha Initiate 10TH,cards_flavor,CotG10,,,,waived,no_flavor_in_source,loc/zh-Hans/lua_cards.csv
cards_flavor:CotG10:Arha Templar 10TH,cards_flavor,CotG10,,,,waived,no_flavor_in_source,loc/zh-Hans/lua_cards.csv
cards_flavor:CotG10:Ascetic of the Lidless Eye 10TH,cards_flavor,CotG10,,,,waived,no_flavor_in_source,loc/zh-Hans/lua_cards.csv
cards_flavor:CotG10:Avatar Golem 10TH,cards_flavor,CotG10,,,,waived,no_flavor_in_source,loc/zh-Hans/lua_cards.csv
cards_flavor:CotG10:Avatar of the Fallen 10TH,cards_flavor,CotG10,,,,waived,no_flavor_in_source,loc/zh-Hans/lua_cards.csv
cards_flavor:CotG10:Burrower Mark II 10TH,cards_flavor,CotG10,,,,waived,no_flavor_in_source,loc/zh-Hans/lua_cards.csv
"cards_flavor:CotG10:Cetra, Weaver of Stars 10TH",cards_flavor,CotG10,,,,waived,no_flavor_in_source,loc/zh-Hans/lua_cards.csv
cards_flavor:CotG10:Corrosive Widow 10TH,cards_flavor,CotG10,,,,waived,no_flavor_in_source,loc/zh-Hans/lua_cards.csv
cards_flavor:CotG10:Demon Slayer 10TH,cards_flavor,CotG10,,,,waived,no_flavor_in_source,loc/zh-Hans/lua_cards.csv
cards_flavor:CotG10:Druids of the Stone Circle 10TH,cards_flavor,CotG10,,,,waived,no_flavor_in_source,loc/zh-Hans/lua_cards.csv
cards_flavor:CotG10:Earth Tyrant 10TH,cards_flavor,CotG10,,,,waived,no_flavor_in_source,loc/zh-Hans/lua_cards.csv
"cards_flavor:CotG10:Emri, One with the Void 10TH",cards_flavor,CotG10,,,,waived,no_flavor_in_source,loc/zh-Hans/lua_cards.csv
cards_flavor:CotG10:Flytrap Witch 10TH,cards_flavor,CotG10,,,,waived,no_flavor_in_source,loc/zh-Hans/lua_cards.csv
cards_flavor:CotG10:Hedron Cannon 10TH,cards_flavor,CotG10,,,,waived,no_flavor_in_source,loc/zh-Hans/lua_cards.csv
cards_flavor:CotG10:Hedron Link Device 10TH,cards_flavor,CotG10,,,,waived,no_flavor_in_source,loc/zh-Hans/lua_cards.csv
"cards_flavor:CotG10:Kor, the Ferromancer 10TH",cards_flavor,CotG10,,,,waived,no_flavor_in_source,loc/zh-Hans/lua_cards.csv
cards_flavor:CotG10:Landtalker 10TH,cards_flavor,CotG10,,,,waived,no_flavor_in_source,loc/zh-Hans/lua_cards.csv
cards_flavor:CotG10:Lifebound Initiate 10TH,cards_flavor,CotG10,,,,waived,no_flavor_in_source,loc/zh-Hans/lua_cards.csv
cards_flavor:CotG10:Master Dhartha 10TH,cards_flavor,CotG10,,,,waived,no_flavor_in_source,loc/zh-Hans/lua_cards.csv
cards_flavor:CotG10:Mechana Initiate 10TH,cards_flavor,CotG10,,,,waived,no_flavor_in_source,loc/zh-Hans/lua_cards.csv
cards_flavor:CotG10:Mephit 10TH,cards_flavor,CotG10,,,,waived,no_flavor_in_source,loc/zh-Hans/lua_cards.csv
cards_flavor:CotG10:Mistake of Creation 10TH,cards_flavor,CotG10,,,,waived,no_flavor_in_source,loc/zh-Hans/lua_cards.csv
cards_flavor:CotG10:Muramasa 10TH,cards_flavor,CotG10,,,,waived,no_flavor_in_source,loc/zh-Hans/lua_cards.csv
cards_flavor:CotG10:Oziah the Peerless 10TH,cards_flavor,CotG10,,,,waived,no_flavor_in_source,loc/zh-Hans/lua_cards.csv
cards_flavor:CotG10:Reactor Monk 10TH,cards_flavor,CotG10,,,,waived,no_flavor_in_source,loc/zh-Hans/lua_cards.csv
cards_flavor:CotG10:Rocket Courier X-99 10TH,cards_flavor,CotG10,,,,waived,no_flavor_in_source,loc/zh-Hans/lua_cards.csv
cards_flavor:CotG10:Runic Lycanthrope 10TH,cards_flavor,CotG10,,,,waived,no_flavor_in_source,loc/zh-Hans/lua_cards.csv
cards_flavor:CotG10:Samael's Trickster 10TH,cards_flavor,CotG10,,,,waived,no_flavor_in_source,loc/zh-Hans/lua_cards.csv
cards_flavor:CotG10:Sea Tyrant 10TH,cards_flavor,CotG10,,,,waived,no_flavor_in_source,loc/zh-Hans/lua_cards.csv
cards_flavor:CotG10:Seer of the Forked Path 10TH,cards_flavor,CotG10,,,,waived,no_flavor_in_source,loc/zh-Hans/lua_cards.csv
cards_flavor:CotG10:Shade of the Black Watch 10TH,cards_flavor,CotG10,,,,waived,no_flavor_in_source,loc/zh-Hans/lua_cards.csv
cards_flavor:CotG10:Shadow Star 10TH,cards_flavor,CotG10,,,,waived,no_flavor_in_source,loc/zh-Hans/lua_cards.csv
cards_flavor:CotG10:Snapdragon 10TH,cards_flavor,CotG10,,,,waived,no_flavor_in_source,loc/zh-Hans/lua_cards.csv
cards_flavor:CotG10:Spike Vixen 10TH,cards_flavor,CotG10,,,,waived,no_flavor_in_source,loc/zh-Hans/lua_cards.csv
cards_flavor:CotG10:Tablet of Time's Dawn 10TH,cards_flavor,CotG10,,,,waived,no_flavor_in_source,loc/zh-Hans/lua_cards.csv
cards_flavor:CotG10:Temple Librarian 10TH,cards_flavor,CotG10,,,,waived,no_flavor_in_source,loc/zh-Hans/lua_cards.csv
cards_flavor:CotG10:The All-Seeing Eye 10TH,cards_flavor,CotG10,,,,waived,no_flavor_in_source,loc/zh-Hans/lua_cards.csv
cards_flavor:CotG10:The Grand Design 10TH,cards_flavor,CotG10,,,,waived,no_flavor_in_source,loc/zh-Hans/lua_cards.csv
cards_flavor:CotG10:Tormented Soul 10TH,cards_flavor,CotG10,,,,waived,no_flavor_in_source,loc/zh-Hans/lua_cards.csv
cards_flavor:CotG10:Twofold Askara 10TH,cards_flavor,CotG10,,,,waived,no_flavor_in_source,loc/zh-Hans/lua_cards.csv
cards_flavor:CotG10:Void Initiate 10TH,cards_flavor,CotG10,,,,waived,no_flavor_in_source,loc/zh-Hans/lua_cards.csv
cards_flavor:CotG10:Voidthirster 10TH,cards_flavor,CotG10,,,,waived,no_flavor_in_source,loc/zh-Hans/lua_cards.csv
cards_flavor:CotG10:Watchmaker's Altar 10TH,cards_flavor,CotG10,,,,waived,no_flavor_in_source,loc/zh-Hans/lua_cards.csv
cards_flavor:CotG10:Wind Tyrant 10TH,cards_flavor,CotG10,,,,waived,no_flavor_in_source,loc/zh-Hans/lua_cards.csv
cards_flavor:CotG10:Wolf Shaman 10TH,cards_flavor,CotG10,,,,waived,no_flavor_in_source,loc/zh-Hans/lua_cards.csv
"cards_flavor:CotG10:Xeron, Duke of Lies 10TH",cards_flavor,CotG10,,,,waived,no_flavor_in_source,loc/zh-Hans/lua_cards.csv
cards_flavor:CotG10:Yggdrasil Staff 10TH,cards_flavor,CotG10,,,,waived,no_flavor_in_source,loc/zh-Hans/lua_cards.csv
cards_flavor:CotG:Arbiter of the Precipice,cards_flavor,CotG,,,,waived,no_flavor_in_source,loc/zh-Hans/lua_cards.csv
cards_flavor:CotG:Arha Initiate,cards_flavor,CotG,,,,waived,no_flavor_in_source,loc/zh-Hans/lua_cards.csv
cards_flavor:CotG:Arha Templar,cards_flavor,CotG,,,,waived,no_flavor_in_source,loc/zh-Hans/lua_cards.csv
cards_flavor:CotG:Ascetic of the Lidless Eye,cards_flavor,CotG,,,,waived,no_flavor_in_source,loc/zh-Hans/lua_cards.csv
cards_flavor:CotG:Avatar Golem,cards_flavor,CotG,,,,waived,no_flavor_in_source,loc/zh-Hans/lua_cards.csv
cards_flavor:CotG:Avatar of the Fallen,cards_flavor,CotG,,,,waived,no_flavor_in_source,loc/zh-Hans/lua_cards.csv
cards_flavor:CotG:Burrower Mark II,cards_flavor,CotG,,,,waived,no_flavor_in_source,loc/zh-Hans/lua_cards.csv
"cards_flavor:CotG:Cetra, Weaver of Stars",cards_flavor,CotG,,,,waived,no_flavor_in_source,loc/zh-Hans/lua_cards.csv
cards_flavor:CotG:Corrosive Widow,cards_flavor,CotG,,,,waived,no_flavor_in_source,loc/zh-Hans/lua_cards.csv
cards_flavor:CotG:Demon Slayer,cards_flavor,CotG,,,,waived,no_flavor_in_source,loc/zh-Hans/lua_cards.csv
cards_flavor:CotG:Druids of the Stone Circle,cards_flavor,CotG,,,,waived,no_flavor_in_source,loc/zh-Hans/lua_cards.csv
cards_flavor:CotG:Earth Tyrant,cards_flavor,CotG,,,,waived,no_flavor_in_source,loc/zh-Hans/lua_cards.csv
"cards_flavor:CotG:Emri, One with the Void",cards_flavor,CotG,,,,waived,no_flavor_in_source,loc/zh-Hans/lua_cards.csv
cards_flavor:CotG:Flytrap Witch,cards_flavor,CotG,,,,waived,no_flavor_in_source,loc/zh-Hans/lua_cards.csv
cards_flavor:CotG:Hedron Cannon,cards_flavor,CotG,,,,waived,no_flavor_in_source,loc/zh-Hans/lua_cards.csv
cards_flavor:CotG:Hedron Link Device,cards_flavor,CotG,,,,waived,no_flavor_in_source,loc/zh-Hans/lua_cards.csv
"cards_flavor:CotG:Kor, the Ferromancer",cards_flavor,CotG,,,,waived,no_flavor_in_source,loc/zh-Hans/lua_cards.csv
cards_flavor:CotG:Landtalker,cards_flavor,CotG,,,,waived,no_flavor_in_source,loc/zh-Hans/lua_cards.csv
cards_flavor:CotG:Lifebound Initiate,cards_flavor,CotG,,,,waived,no_flavor_in_source,loc/zh-Hans/lua_cards.csv
cards_flavor:CotG:Master Dhartha,cards_flavor,CotG,,,,waived,no_flavor_in_source,loc/zh-Hans/lua_cards.csv
cards_flavor:CotG:Mechana Initiate,cards_flavor,CotG,,,,waived,no_flavor_in_source,loc/zh-Hans/lua_cards.csv
cards_flavor:CotG:Mephit,cards_flavor,CotG,,,,waived,no_flavor_in_source,loc/zh-Hans/lua_cards.csv
cards_flavor:CotG:Mistake of Creation,cards_flavor,CotG,,,,waived,no_flavor_in_source,loc/zh-Hans/lua_cards.csv
cards_flavor:CotG:Muramasa,cards_flavor,CotG,,,,waived,no_flavor_in_source,loc/zh-Hans/lua_cards.csv
cards_flavor:CotG:Oziah the Peerless,cards_flavor,CotG,,,,waived,no_flavor_in_source,loc/zh-Hans/lua_cards.csv
cards_flavor:CotG:Reactor Monk,cards_flavor,CotG,,,,waived,no_flavor_in_source,loc/zh-Hans/lua_cards.csv
cards_flavor:CotG:Rocket Courier X-99,cards_flavor,CotG,,,,waived,no_flavor_in_source,loc/zh-Hans/lua_cards.csv
cards_flavor:CotG:Runic Lycanthrope,cards_flavor,CotG,,,,waived,no_flavor_in_source,loc/zh-Hans/lua_cards.csv
cards_flavor:CotG:Samael's Trickster,cards_flavor,CotG,,,,waived,no_flavor_in_source,loc/zh-Hans/lua_cards.csv
cards_flavor:CotG:Sea Tyrant,cards_flavor,CotG,,,,waived,no_flavor_in_source,loc/zh-Hans/lua_cards.csv
cards_flavor:CotG:Seer of the Forked Path,cards_flavor,CotG,,,,waived,no_flavor_in_source,loc/zh-Hans/lua_cards.csv
cards_flavor:CotG:Shade of the Black Watch,cards_flavor,CotG,,,,waived,no_flavor_in_source,loc/zh-Hans/lua_cards.csv
cards_flavor:CotG:Shadow Star,cards_flavor,CotG,,,,waived,no_flavor_in_source,loc/zh-Hans/lua_cards.csv
cards_flavor:CotG:Snapdragon,cards_flavor,CotG,,,,waived,no_flavor_in_source,loc/zh-Hans/lua_cards.csv
cards_flavor:CotG:Spike Vixen,cards_flavor,CotG,,,,waived,no_flavor_in_source,loc/zh-Hans/lua_cards.csv
cards_flavor:CotG:Tablet of Time's Dawn,cards_flavor,CotG,,,,waived,no_flavor_in_source,loc/zh-Hans/lua_cards.csv
cards_flavor:CotG:Temple Librarian,cards_flavor,CotG,,,,waived,no_flavor_in_source,loc/zh-Hans/lua_cards.csv
cards_flavor:CotG:The All-Seeing Eye,cards_flavor,CotG,,,,waived,no_flavor_in_source,loc/zh-Hans/lua_cards.csv
cards_flavor:CotG:The Grand Design,cards_flavor,CotG,,,,waived,no_flavor_in_source,loc/zh-Hans/lua_cards.csv
cards_flavor:CotG:Tormented Soul,cards_flavor,CotG,,,,waived,no_flavor_in_source,loc/zh-Hans/lua_cards.csv
cards_flavor:CotG:Twofold Askara,cards_flavor,CotG,,,,waived,no_flavor_in_source,loc/zh-Hans/lua_cards.csv
cards_flavor:CotG:Void Initiate,cards_flavor,CotG,,,,waived,no_flavor_in_source,loc/zh-Hans/lua_cards.csv
cards_flavor:CotG:Voidthirster,cards_flavor,CotG,,,,waived,no_flavor_in_source,loc/zh-Hans/lua_cards.csv
cards_flavor:CotG:Watchmaker's Altar,cards_flavor,CotG,,,,waived,no_flavor_in_source,loc/zh-Hans/lua_cards.csv
cards_flavor:CotG:Wind Tyrant,cards_flavor,CotG,,,,waived,no_flavor_in_source,loc/zh-Hans/lua_cards.csv
cards_flavor:CotG:Wolf Shaman,cards_flavor,CotG,,,,waived,no_flavor_in_source,loc/zh-Hans/lua_cards.csv
"cards_flavor:CotG:Xeron, Duke of Lies",cards_flavor,CotG,,,,waived,no_flavor_in_source,loc/zh-Hans/lua_cards.csv
cards_flavor:CotG:Yggdrasil Staff,cards_flavor,CotG,,,,waived,no_flavor_in_source,loc/zh-Hans/lua_cards.csv
cards_flavor:DS:Alluring Shaman,cards_flavor,DS,,,,waived,no_flavor_in_source,loc/zh-Hans/lua_cards.csv
cards_flavor:DS:Arbiter's Censer,cards_flavor,DS,,,,waived,no_flavor_in_source,loc/zh-Hans/lua_cards.csv
cards_flavor:DS:Arha Sensei DS,cards_flavor,DS,,,,waived,no_flavor_in_source,loc/zh-Hans/lua_cards.csv
cards_flavor:DS:Armistice,cards_flavor,DS,,,,waived,no_flavor_in_source,loc/zh-Hans/lua_cards.csv
cards_flavor:DS:Ashes to Ashes,cards_flavor,DS,,,,waived,no_flavor_in_source,loc/zh-Hans/lua_cards.csv
cards_flavor:DS:Askaran Armor,cards_flavor,DS,,,,waived,no_flavor_in_source,loc/zh-Hans/lua_cards.csv
cards_flavor:DS:Aura of the Askara,cards_flavor,DS,,,,waived,no_flavor_in_source,loc/zh-Hans/lua_cards.csv
cards_flavor:DS:Auspicious Askara,cards_flavor,DS,,,,waived,no_flavor_in_source,loc/zh-Hans/lua_cards.csv
cards_flavor:DS:Berserker Frenzy,cards_flavor,DS,,,,waived,no_flavor_in_source,loc/zh-Hans/lua_cards.csv
cards_flavor:DS:Brainstorm Sentry,cards_flavor,DS,,,,waived,no_flavor_in_source,loc/zh-Hans/lua_cards.csv
cards_flavor:DS:Bringer of Despair,cards_flavor,DS,,,,waived,no_flavor_in_source,loc/zh-Hans/lua_cards.csv
cards_flavor:DS:Call of Darkness,cards_flavor,DS,,,,waived,no_flavor_in_source,loc/zh-Hans/lua_cards.csv
cards_flavor:DS:Caustic Conjurer,cards_flavor,DS,,,,waived,no_flavor_in_source,loc/zh-Hans/lua_cards.csv
cards_flavor:DS:Cetra's Respite,cards_flavor,DS,,,,waived,no_flavor_in_source,loc/zh-Hans/lua_cards.csv
cards_flavor:DS:Chaos Cannon,cards_flavor,DS,,,,waived,no_flavor_in_source,loc/zh-Hans/lua_cards.csv
cards_flavor:DS:Chronicle of Vigil,cards_flavor,DS,,,,waived,no_flavor_in_source,loc/zh-Hans/lua_cards.csv
cards_flavor:DS:Deluding Djinn,cards_flavor,DS,,,,waived,no_flavor_in_source,loc/zh-Hans/lua_cards.csv
cards_flavor:DS:Deluxe Capacitor,cards_flavor,DS,,,,waived,no_flavor_in_source,loc/zh-Hans/lua_cards.csv
cards_flavor:DS:Dream Lab,cards_flavor,DS,,,,waived,no_flavor_in_source,loc/zh-Hans/lua_cards.csv
cards_flavor:DS:Dreamkiller,cards_flavor,DS,,,,waived,no_flavor_in_source,loc/zh-Hans/lua_cards.csv
cards_flavor:DS:Dreamshaper Jesse,cards_flavor,DS,,,,waived,no_flavor_in_source,loc/zh-Hans/lua_cards.csv
cards_flavor:DS:Dreamwillow,cards_flavor,DS,,,,waived,no_flavor_in_source,loc/zh-Hans/lua_cards.csv
cards_flavor:DS:Dreamwillow Druids,cards_flavor,DS,,,,waived,no_flavor_in_source,loc/zh-Hans/lua_cards.csv
cards_flavor:DS:Dust to Dust,cards_flavor,DS,,,,waived,no_flavor_in_source,loc/zh-Hans/lua_cards.csv
"cards_flavor:DS:Emri, Shadowslayer",cards_flavor,DS,,,,waived,no_flavor_in_source,loc/zh-Hans/lua_cards.csv
cards_flavor:DS:Engulfing Kraken,cards_flavor,DS,,,,waived,no_flavor_in_source,loc/zh-Hans/lua_cards.csv
cards_flavor:DS:Ephemeral Druid,cards_flavor,DS,,,,waived,no_flavor_in_source,loc/zh-Hans/lua_cards.csv
cards_flavor:DS:Ephemeral Inventor,cards_flavor,DS,,,,waived,no_flavor_in_source,loc/zh-Hans/lua_cards.csv
cards_flavor:DS:Ephemeral Monk,cards_flavor,DS,,,,waived,no_flavor_in_source,loc/zh-Hans/lua_cards.csv
cards_flavor:DS:Ephemeral Ritualist,cards_flavor,DS,,,,waived,no_flavor_in_source,loc/zh-Hans/lua_cards.csv
cards_flavor:DS:Fatality Blades,cards_flavor,DS,,,,waived,no_flavor_in_source,loc/zh-Hans/lua_cards.csv
cards_flavor:DS:Fear Wielder,cards_flavor,DS,,,,waived,no_flavor_in_source,loc/zh-Hans/lua_cards.csv
cards_flavor:DS:Fen Maw,cards_flavor,DS,,,,waived,no_flavor_in_source,loc/zh-Hans/lua_cards.csv
cards_flavor:DS:Fleeting Hope Djinn,cards_flavor,DS,,,,waived,no_flavor_in_source,loc/zh-Hans/lua_cards.csv
cards_flavor:DS:Flytrap Fairy,cards_flavor,DS,,,,waived,no_flavor_in_source,loc/zh-Hans/lua_cards.csv
cards_flavor:DS:Garden Attendant,cards_flavor,DS,,,,waived,no_flavor_in_source,loc/zh-Hans/lua_cards.csv
cards_flavor:DS:Hedron Berserker,cards_flavor,DS,,,,waived,no_flavor_in_source,loc/zh-Hans/lua_cards.csv
cards_flavor:DS:Hulking Crab,cards_flavor,DS,,,,waived,no_flavor_in_source,loc/zh-Hans/lua_cards.csv
cards_flavor:DS:ID34 Detector,cards_flavor,DS,,,,waived,no_flavor_in_source,loc/zh-Hans/lua_cards.csv
cards_flavor:DS:Imaginative Matron,cards_flavor,DS,,,,waived,no_flavor_in_source,loc/zh-Hans/lua_cards.csv
cards_flavor:DS:Inquarry Hydra,cards_flavor,DS,,,,waived,no_flavor_in_source,loc/zh-Hans/lua_cards.csv
"cards_flavor:DS:Loa, Sleeping Dragon",cards_flavor,DS,,,,waived,no_flavor_in_source,loc/zh-Hans/lua_cards.csv
cards_flavor:DS:Loam Summoner,cards_flavor,DS,,,,waived,no_flavor_in_source,loc/zh-Hans/lua_cards.csv
cards_flavor:DS:Lunar Embrace,cards_flavor,DS,,,,waived,no_flavor_in_source,loc/zh-Hans/lua_cards.csv
cards_flavor:DS:Lunar Pack,cards_flavor,DS,,,,waived,no_flavor_in_source,loc/zh-Hans/lua_cards.csv
cards_flavor:DS:Nairi's Blessing,cards_flavor,DS,,,,waived,no_flavor_in_source,loc/zh-Hans/lua_cards.csv
cards_flavor:DS:Nightmare Harvester,cards_flavor,DS,,,,waived,no_flavor_in_source,loc/zh-Hans/lua_cards.csv
cards_flavor:DS:Nightmare Tyrant,cards_flavor,DS,,,,waived,no_flavor_in_source,loc/zh-Hans/lua_cards.csv
"cards_flavor:DS:Nilus, the Despair",cards_flavor,DS,,,,waived,no_flavor_in_source,loc/zh-Hans/lua_cards.csv
cards_flavor:DS:Nocturnal Seer,cards_flavor,DS,,,,waived,no_flavor_in_source,loc/zh-Hans/lua_cards.csv
cards_flavor:DS:Order of the Gear,cards_flavor,DS,,,,waived,no_flavor_in_source,loc/zh-Hans/lua_cards.csv
cards_flavor:DS:Pasythea's Ward,cards_flavor,DS,,,,waived,no_flavor_in_source,loc/zh-Hans/lua_cards.csv
"cards_flavor:DS:Pasythea, the Aegis",cards_flavor,DS,,,,waived,no_flavor_in_source,loc/zh-Hans/lua_cards.csv
cards_flavor:DS:Planar Aperture,cards_flavor,DS,,,,waived,no_flavor_in_source,loc/zh-Hans/lua_cards.csv
cards_flavor:DS:Puppetmaster,cards_flavor,DS,,,,waived,no_flavor_in_source,loc/zh-Hans/lua_cards.csv
"cards_flavor:DS:Raka, Dreamtender",cards_flavor,DS,,,,waived,no_flavor_in_source,loc/zh-Hans/lua_cards.csv
cards_flavor:DS:Reverie Muse,cards_flavor,DS,,,,waived,no_flavor_in_source,loc/zh-Hans/lua_cards.csv
cards_flavor:DS:Rust Gremlin,cards_flavor,DS,,,,waived,no_flavor_in_source,loc/zh-Hans/lua_cards.csv
cards_flavor:DS:Stalk the Shadows,cards_flavor,DS,,,,waived,no_flavor_in_source,loc/zh-Hans/lua_cards.csv
cards_flavor:DS:Synapse Spire,cards_flavor,DS,,,,waived,no_flavor_in_source,loc/zh-Hans/lua_cards.csv
cards_flavor:DS:TH07 Tank,cards_flavor,DS,,,,waived,no_flavor_in_source,loc/zh-Hans/lua_cards.csv
cards_flavor:DS:Technological Leap,cards_flavor,DS,,,,waived,no_flavor_in_source,loc/zh-Hans/lua_cards.csv
cards_flavor:DS:Templar Dragoon,cards_flavor,DS,,,,waived,no_flavor_in_source,loc/zh-Hans/lua_cards.csv
cards_flavor:DS:Test of Faith,cards_flavor,DS,,,,waived,no_flavor_in_source,loc/zh-Hans/lua_cards.csv
cards_flavor:DS:Thieving Gryphon,cards_flavor,DS,,,,waived,no_flavor_in_source,loc/zh-Hans/lua_cards.csv
cards_flavor:DS:Tidestalker,cards_flavor,DS,,,,waived,no_flavor_in_source,loc/zh-Hans/lua_cards.csv
cards_flavor:DS:Trinket Harpy,cards_flavor,DS,,,,waived,no_flavor_in_source,loc/zh-Hans/lua_cards.csv
cards_flavor:DS:Unbound Emissary,cards_flavor,DS,,,,waived,no_flavor_in_source,loc/zh-Hans/lua_cards.csv
"cards_flavor:DS:Verdagris, the Wild",cards_flavor,DS,,,,waived,no_flavor_in_source,loc/zh-Hans/lua_cards.csv
cards_flavor:DS:Verdant Hatchling,cards_flavor,DS,,,,waived,no_flavor_in_source,loc/zh-Hans/lua_cards.csv
cards_flavor:DS:Vigil's Resolve,cards_flavor,DS,,,,waived,no_flavor_in_source,loc/zh-Hans/lua_cards.csv
cards_flavor:DS:Wicked End,cards_flavor,DS,,,,waived,no_flavor_in_source,loc/zh-Hans/lua_cards.csv
cards_flavor:DS:Yggdrasil Canopy,cards_flavor,DS,,,,waived,no_flavor_in_source,loc/zh-Hans/lua_cards.csv
cards_flavor:DU:Anointed Askara,cards_flavor,DU,,,,waived,no_flavor_in_source,loc/zh-Hans/lua_cards.csv
cards_flavor:DU:Arbiter of the Lost,cards_flavor,DU,,,,waived,no_flavor_in_source,loc/zh-Hans/lua_cards.csv
cards_flavor:DU:Arha Mentor,cards_flavor,DU,,,,waived,no_flavor_in_source,loc/zh-Hans/lua_cards.csv
cards_flavor:DU:Azerax of the Black Watch,cards_flavor,DU,,,,waived,no_flavor_in_source,loc/zh-Hans/lua_cards.csv
"cards_flavor:DU:Azerax, Nyx's Chosen",cards_flavor,DU,,,,waived,no_flavor_in_source,loc/zh-Hans/lua_cards.csv
cards_flavor:DU:Cacklecast Wretch,cards_flavor,DU,,,,waived,no_flavor_in_source,loc/zh-Hans/lua_cards.csv
cards_flavor:DU:Charging Chamber,cards_flavor,DU,,,,waived,no_flavor_in_source,loc/zh-Hans/lua_cards.csv
cards_flavor:DU:Crystalline Monk,cards_flavor,DU,,,,waived,no_flavor_in_source,loc/zh-Hans/lua_cards.csv
cards_flavor:DU:Dark Energy Shard,cards_flavor,DU,,,,waived,no_flavor_in_source,loc/zh-Hans/lua_cards.csv
cards_flavor:DU:Dendris the Gladewyrm,cards_flavor,DU,,,,waived,no_flavor_in_source,loc/zh-Hans/lua_cards.csv
"cards_flavor:DU:Erabus, Son of Nyx",cards_flavor,DU,,,,waived,no_flavor_in_source,loc/zh-Hans/lua_cards.csv
"cards_flavor:DU:Erabus, the Exiled",cards_flavor,DU,,,,waived,no_flavor_in_source,loc/zh-Hans/lua_cards.csv
cards_flavor:DU:Gem-Eater Leprechaun,cards_flavor,DU,,,,waived,no_flavor_in_source,loc/zh-Hans/lua_cards.csv
cards_flavor:DU:Gemcatcher Spirit,cards_flavor,DU,,,,waived,no_flavor_in_source,loc/zh-Hans/lua_cards.csv
cards_flavor:DU:Hedron Dredger,cards_flavor,DU,,,,waived,no_flavor_in_source,loc/zh-Hans/lua_cards.csv
cards_flavor:DU:Honiskrot Chieftain,cards_flavor,DU,,,,waived,no_flavor_in_source,loc/zh-Hans/lua_cards.csv
cards_flavor:DU:Honiskrot Tribesman,cards_flavor,DU,,,,waived,no_flavor_in_source,loc/zh-Hans/lua_cards.csv
"cards_flavor:DU:Jakeb, Cobra King",cards_flavor,DU,,,,waived,no_flavor_in_source,loc/zh-Hans/lua_cards.csv
"cards_flavor:DU:Jakeb, Cobra Shaman",cards_flavor,DU,,,,waived,no_flavor_in_source,loc/zh-Hans/lua_cards.csv
"cards_flavor:DU:Moken, the Huntmaster",cards_flavor,DU,,,,waived,no_flavor_in_source,loc/zh-Hans/lua_cards.csv
cards_flavor:DU:Mosaic Horn,cards_flavor,DU,,,,waived,no_flavor_in_source,loc/zh-Hans/lua_cards.csv
cards_flavor:DU:Nightmare Sentinel,cards_flavor,DU,,,,waived,no_flavor_in_source,loc/zh-Hans/lua_cards.csv
cards_flavor:DU:Nyxian Ritualist,cards_flavor,DU,,,,waived,no_flavor_in_source,loc/zh-Hans/lua_cards.csv
cards_flavor:DU:Otherworldly Guide,cards_flavor,DU,,,,waived,no_flavor_in_source,loc/zh-Hans/lua_cards.csv
cards_flavor:DU:Oxipede,cards_flavor,DU,,,,waived,no_flavor_in_source,loc/zh-Hans/lua_cards.csv
cards_flavor:DU:Phasefiend,cards_flavor,DU,,,,waived,no_flavor_in_source,loc/zh-Hans/lua_cards.csv
cards_flavor:DU:Plunder Devil,cards_flavor,DU,,,,waived,no_flavor_in_source,loc/zh-Hans/lua_cards.csv
cards_flavor:DU:Raven Siren,cards_flavor,DU,,,,waived,no_flavor_in_source,loc/zh-Hans/lua_cards.csv
cards_flavor:DU:Replication Drone,cards_flavor,DU,,,,waived,no_flavor_in_source,loc/zh-Hans/lua_cards.csv
cards_flavor:DU:Riftwalker's Axe,cards_flavor,DU,,,,waived,no_flavor_in_source,loc/zh-Hans/lua_cards.csv
cards_flavor:DU:Scrabbling Squad,cards_flavor,DU,,,,waived,no_flavor_in_source,loc/zh-Hans/lua_cards.csv
cards_flavor:DU:Scrap Scrabbler,cards_flavor,DU,,,,waived,no_flavor_in_source,loc/zh-Hans/lua_cards.csv
cards_flavor:DU:Shardfinder Compass,cards_flavor,DU,,,,waived,no_flavor_in_source,loc/zh-Hans/lua_cards.csv
cards_flavor:DU:Smoke Tyrant,cards_flavor,DU,,,,waived,no_flavor_in_source,loc/zh-Hans/lua_cards.csv
"cards_flavor:DU:Toric, Ascendant",cards_flavor,DU,,,,waived,no_flavor_in_source,loc/zh-Hans/lua_cards.csv
"cards_flavor:DU:Toric, Devoted Disciple",cards_flavor,DU,,,,waived,no_flavor_in_source,loc/zh-Hans/lua_cards.csv
cards_flavor:DU:Valiant Ascetic,cards_flavor,DU,,,,waived,no_flavor_in_source,loc/zh-Hans/lua_cards.csv
cards_flavor:DU:Vault Lich,cards_flavor,DU,,,,waived,no_flavor_in_source,loc/zh-Hans/lua_cards.csv
"cards_flavor:DU:Veya, Handmaiden of Logos",cards_flavor,DU,,,,waived,no_flavor_in_source,loc/zh-Hans/lua_cards.csv
cards_flavor:DU:Voidsworn Champion,cards_flavor,DU,,,,waived,no_flavor_in_source,loc/zh-Hans/lua_cards.csv
cards_flavor:DU:Voidsworn Warrior,cards_flavor,DU,,,,waived,no_flavor_in_source,loc/zh-Hans/lua_cards.csv
cards_flavor:DU:Webclaw,cards_flavor,DU,,,,waived,no_flavor_in_source,loc/zh-Hans/lua_cards.csv
"cards_flavor:DU:Yolocryx, the Guardian",cards_flavor,DU,,,,waived,no_flavor_in_source,loc/zh-Hans/lua_cards.csv
cards_flavor:DU:Yolothian Monolith,cards_flavor,DU,,,,waived,no_flavor_in_source,loc/zh-Hans/lua_cards.csv
cards_flavor:Del:Aegis Knight,cards_flavor,Del,,,,waived,no_flavor_in_source,loc/zh-Hans/lua_cards.csv
cards_flavor:Del:Arbiter Circlet,cards_flavor,Del,41e80a22cc68,Demon bone and one hundred souls.,恶魔bone和一hundred souls.,draft,,loc/zh-Hans/lua_cards.csv
cards_flavor:Del:Bleaktoad,cards_flavor,Del,,,,waived,no_flavor_in_source,loc/zh-Hans/lua_cards.csv
"cards_flavor:Del:Cetra, Voidmother",cards_flavor,Del,,,,waived,no_flavor_in_source,loc/zh-Hans/lua_cards.csv
cards_flavor:Del:Clockwork Blade,cards_flavor,Del,,,,waived,no_flavor_in_source,loc/zh-Hans/lua_cards.csv
cards_flavor:Del:Clockwork Familiar,cards_flavor,Del,,,,waived,no_flavor_in_source,loc/zh-Hans/lua_cards.csv
cards_flavor:Del:Clockwork Helm,cards_flavor,Del,,,,waived,no_flavor_in_source,loc/zh-Hans/lua_cards.csv
cards_flavor:Del:Clockwork Shield,cards_flavor,Del,,,,waived,no_flavor_in_source,loc/zh-Hans/lua_cards.csv
cards_flavor:Del:Darktome Librarian,cards_flavor,Del,18e6c6d0b6da,"Be careful, page six bites.","Be careful, page六bites.",draft,,loc/zh-Hans/lua_cards.csv
cards_flavor:Del:Delirium Nymph,cards_flavor,Del,,,,waived,no_flavor_in_source,loc/zh-Hans/lua_cards.csv
cards_flavor:Del:Delirium Pixies,cards_flavor,Del,d88d503d77ec,Come play with us.,Come打出以 我们.,draft,,loc/zh-Hans/lua_cards.csv
cards_flavor:Del:Demon Pups,cards_flavor,Del,f8698b5b0b02,I just wanted to pet one!,I只是wanted以pet一!,draft,,loc/zh-Hans/lua_cards.csv
"cards_flavor:Del:Dhartha, Mechamonk",cards_flavor,Del,,,,waived,no_flavor_in_source,loc/zh-Hans/lua_cards.csv
cards_flavor:Del:Dimension Monk,cards_flavor,Del,,,,waived,no_flavor_in_source,loc/zh-Hans/lua_cards.csv
cards_flavor:Del:Divine Askara,cards_flavor,Del,,,,waived,no_flavor_in_source,loc/zh-Hans/lua_cards.csv
cards_flavor:Del:Dreadmare,cards_flavor,Del,49befaa3a08f,A soul a day keeps the Dreadmare away.,soul day keeps惧马away.,draft,,loc/zh-Hans/lua_cards.csv
cards_flavor:Del:Dream Dealer,cards_flavor,Del,,,,waived,no_flavor_in_source,loc/zh-Hans/lua_cards.csv
cards_flavor:Del:Dream Eater,cards_flavor,Del,cfba9d3b631c,"The dream was painful, but the reality was torture.","dream曾是painful, 但reality曾是torture.",draft,,loc/zh-Hans/lua_cards.csv
cards_flavor:Del:Dream Guide,cards_flavor,Del,d2c8bf04fdfa,"At the edge of the world, she is a guide to everything beyond.","At edge的世界, 她为guide以一切beyond.",draft,,loc/zh-Hans/lua_cards.csv
cards_flavor:Del:Dream Stone,cards_flavor,Del,bc4f3b8bf809,Look upon what might have been and what may come to pass.,Look upon什么might拥有已经和 什么可以来 以pass.,draft,,loc/zh-Hans/lua_cards.csv
cards_flavor:Del:Dreamscape Diviner,cards_flavor,Del,730b4fd7ea6f,Are you sure you want to know?,Are你sure你want以知道?,draft,,loc/zh-Hans/lua_cards.csv
cards_flavor:Del:Dreamscape Dryad,cards_flavor,Del,,,,waived,no_flavor_in_source,loc/zh-Hans/lua_cards.csv
cards_flavor:Del:Emma Ironheart,cards_flavor,Del,,,,waived,no_flavor_in_source,loc/zh-Hans/lua_cards.csv
"cards_flavor:Del:Emri, Lightbringer",cards_flavor,Del,,,,waived,no_flavor_in_source,loc/zh-Hans/lua_cards.csv
"cards_flavor:Del:Evvy, Ogo's Gift",cards_flavor,Del,,,,waived,no_flavor_in_source,loc/zh-Hans/lua_cards.csv
"cards_flavor:Del:Glover, Dream Titan",cards_flavor,Del,,,,waived,no_flavor_in_source,loc/zh-Hans/lua_cards.csv
cards_flavor:Del:Inferna Templar,cards_flavor,Del,,,,waived,no_flavor_in_source,loc/zh-Hans/lua_cards.csv
cards_flavor:Del:Karion,cards_flavor,Del,93110375a5a1,"The Dreamscape gate is corrupt, a hellish wound on two worlds.","梦境gate为corrupt, hellish wound在两worlds.",draft,,loc/zh-Hans/lua_cards.csv
"cards_flavor:Del:Kor, Worldbreaker",cards_flavor,Del,,,,waived,no_flavor_in_source,loc/zh-Hans/lua_cards.csv
"cards_flavor:Del:Loa, Dream Dragon",cards_flavor,Del,a1274131b926,"His spirit, manifest through the Dreamscape.","他的spirit, manifest穿过梦境.",draft,,loc/zh-Hans/lua_cards.csv
cards_flavor:Del:Mammoth Beetle,cards_flavor,Del,,,,waived,no_flavor_in_source,loc/zh-Hans/lua_cards.csv
"cards_flavor:Del:Naka, Shadeborn",cards_flavor,Del,,,,waived,no_flavor_in_source,loc/zh-Hans/lua_cards.csv
cards_flavor:Del:Nihil Chemist,cards_flavor,Del,,,,waived,no_flavor_in_source,loc/zh-Hans/lua_cards.csv
cards_flavor:Del:Nilhammer,cards_flavor,Del,f5bc746a85d3,Need something that breaks bones and spirits?,Need something该breaks bones和spirits?,draft,,loc/zh-Hans/lua_cards.csv
cards_flavor:Del:Oak of Souls,cards_flavor,Del,1ed89476fcca,The result of conscious death in an unconscious world.,result的conscious死亡在unconscious世界.,draft,,loc/zh-Hans/lua_cards.csv
cards_flavor:Del:Ogo War Tree,cards_flavor,Del,ebba9dcfbfad,Safe travels!,一路平安！,draft,,loc/zh-Hans/lua_cards.csv
cards_flavor:Del:Pollen Pixie,cards_flavor,Del,6a4f15ddd858,You're going to feel a little funny at first...,You're going以feel little funny在首先。.,draft,,loc/zh-Hans/lua_cards.csv
cards_flavor:Del:Salvage Yard,cards_flavor,Del,86a40ad2c332,Recycle. Rebuild. Reuse.,回收。重建。再利用。,draft,,loc/zh-Hans/lua_cards.csv
cards_flavor:Del:Scrapbot Scrapper,cards_flavor,Del,bdab7b337156,One man's trash is another bot's weapon.,One man之trash为另一bot之weapon.,draft,,loc/zh-Hans/lua_cards.csv
cards_flavor:Del:Shield Bearer,cards_flavor,Del,,,,waived,no_flavor_in_source,loc/zh-Hans/lua_cards.csv
cards_flavor:Del:Steelweaver,cards_flavor,Del,,,,waived,no_flavor_in_source,loc/zh-Hans/lua_cards.csv
cards_flavor:Del:Templar General,cards_flavor,Del,,,,waived,no_flavor_in_source,loc/zh-Hans/lua_cards.csv
cards_flavor:Del:The Dragon's Eye,cards_flavor,Del,,,,waived,no_flavor_in_source,loc/zh-Hans/lua_cards.csv
cards_flavor:Del:Torment Legionary,cards_flavor,Del,083506216a8e,"Boundless ambition, beyond death, beyond reality.","Boundless ambition, beyond死亡, beyond reality.",draft,,loc/zh-Hans/lua_cards.csv
cards_flavor:Del:Tuskrider,cards_flavor,Del,4fd66b860d19,Truffles and manflesh.,Truffles和manflesh.,draft,,loc/zh-Hans/lua_cards.csv
cards_flavor:Del:Vineweaver,cards_flavor,Del,,,,waived,no_flavor_in_source,loc/zh-Hans/lua_cards.csv
cards_flavor:Del:Voidrager,cards_flavor,Del,,,,waived,no_flavor_in_source,loc/zh-Hans/lua_cards.csv
cards_flavor:Del:Voidspeaker,cards_flavor,Del,a2fe2f3c0fa0,A ravenous appetite for human emotion.,ravenous appetite以human emotion.,draft,,loc/zh-Hans/lua_cards.csv
"cards_flavor:Del:Zis, Dreamreaper",cards_flavor,Del,881454b4a00f,"As many ways to die, as there are dreams to be dreamt.","作为许多ways以die, 作为那里为dreams以是dreamt.",draft,,loc/zh-Hans/lua_cards.csv
cards_flavor:Dlvr:Aether Warrior,cards_flavor,Dlvr,000a9c3e2a5e,My blade severs both flesh and soul.,My blade severs两者flesh和soul.,draft,,loc/zh-Hans/lua_cards.csv
cards_flavor:Dlvr:Azurite Channeler,cards_flavor,Dlvr,,,,waived,no_flavor_in_source,loc/zh-Hans/lua_cards.csv
cards_flavor:Dlvr:Blackwatch Dreamer,cards_flavor,Dlvr,,,,waived,no_flavor_in_source,loc/zh-Hans/lua_cards.csv
"cards_flavor:Dlvr:Caaro, Desert Breaker",cards_flavor,Dlvr,0218901e8420,"A gold giant, taller than the mountains","gold giant, taller于mountains",draft,,loc/zh-Hans/lua_cards.csv
cards_flavor:Dlvr:Controlsmith,cards_flavor,Dlvr,,,,waived,no_flavor_in_source,loc/zh-Hans/lua_cards.csv
cards_flavor:Dlvr:Corite Mechanadon,cards_flavor,Dlvr,,,,waived,no_flavor_in_source,loc/zh-Hans/lua_cards.csv
cards_flavor:Dlvr:Demon Hunter,cards_flavor,Dlvr,f5760d844aab,Good. Bad. Try the one with the sword.,Good. Bad. Try一以sword.,draft,,loc/zh-Hans/lua_cards.csv
cards_flavor:Dlvr:Demon Master,cards_flavor,Dlvr,8689299d2a62,"The job is tough, but the smell is worse.","job为tough, 但smell为worse.",draft,,loc/zh-Hans/lua_cards.csv
"cards_flavor:Dlvr:Dhartha, Dream Master",cards_flavor,Dlvr,,,,waived,no_flavor_in_source,loc/zh-Hans/lua_cards.csv
cards_flavor:Dlvr:Dreadmage,cards_flavor,Dlvr,,,,waived,no_flavor_in_source,loc/zh-Hans/lua_cards.csv
cards_flavor:Dlvr:Dream Anchor,cards_flavor,Dlvr,,,,waived,no_flavor_in_source,loc/zh-Hans/lua_cards.csv
cards_flavor:Dlvr:Dream Chamber Disciples,cards_flavor,Dlvr,b0607b710f42,The Arha teach us that in time all traditions break under the weight of principle.,Arha teach我们该 在次 所有traditions break其下weight的principle.,draft,,loc/zh-Hans/lua_cards.csv
cards_flavor:Dlvr:Dream Titan,cards_flavor,Dlvr,22732707649d,"A gold giant, taller than the mountains and silent as the sea.","gold giant, taller于mountains和silent作为sea.",draft,,loc/zh-Hans/lua_cards.csv
cards_flavor:Dlvr:Dream Tyrant,cards_flavor,Dlvr,0218901e8420,"A gold giant, taller than the mountains","gold giant, taller于mountains",draft,,loc/zh-Hans/lua_cards.csv
cards_flavor:Dlvr:Dreamscarred Hunter,cards_flavor,Dlvr,730b4fd7ea6f,Are you sure you want to know?,Are你sure你want以知道?,draft,,loc/zh-Hans/lua_cards.csv
cards_flavor:Dlvr:Dreamseeker Start,cards_flavor,Dlvr,41677db4527d,Dreams maketh and dreams breaketh.,诸梦maketh和dreams breaketh.,draft,,loc/zh-Hans/lua_cards.csv
cards_flavor:Dlvr:Dreamwalker,cards_flavor,Dlvr,730b4fd7ea6f,Are you sure you want to know?,Are你sure你want以知道?,draft,,loc/zh-Hans/lua_cards.csv
cards_flavor:Dlvr:Emma's Mechannon,cards_flavor,Dlvr,9f887525cf63,"""Did anyone see that? I put a hole in that mountain!"" - Emma Ironheart","""Did anyone看见该? I放置hole在该mountain!"" - 艾玛铁之心",draft,,loc/zh-Hans/lua_cards.csv
cards_flavor:Dlvr:Emma's Teletransmitter,cards_flavor,Dlvr,1ff98c12fc1e,"""Why in the five hells would I be calling you if I didn't need help?"" - Emma Ironheart","""Why在五hells会I是calling你若I didn't需要help?"" - 艾玛铁之心",draft,,loc/zh-Hans/lua_cards.csv
cards_flavor:Dlvr:Emma's Voidcycler,cards_flavor,Dlvr,25b21a29b6e2,"""This proves it. Emma, you're a genius."" - Emma Ironheart","""此proves它. 艾玛, you're genius."" - 艾玛铁之心",draft,,loc/zh-Hans/lua_cards.csv
cards_flavor:Dlvr:Emma's Workshop,cards_flavor,Dlvr,df89f87b9e75,"""This place is falling apart. It's perfect."" - Emma Ironheart","""此放置为falling apart. 它是perfect."" - 艾玛铁之心",draft,,loc/zh-Hans/lua_cards.csv
"cards_flavor:Dlvr:Emri, Soulstealer",cards_flavor,Dlvr,e262fd13e8d5,"Another day, another demigod.","Another day, 另一demigod.",draft,,loc/zh-Hans/lua_cards.csv
cards_flavor:Dlvr:Entrophantasm,cards_flavor,Dlvr,730b4fd7ea6f,Are you sure you want to know?,Are你sure你want以知道?,draft,,loc/zh-Hans/lua_cards.csv
cards_flavor:Dlvr:Faerie Commander,cards_flavor,Dlvr,1cf1be0aaf2e,He was found dead in the forest a million little cuts.,他曾是发现dead在forest million little cuts.,draft,,loc/zh-Hans/lua_cards.csv
cards_flavor:Dlvr:Gearseer,cards_flavor,Dlvr,cccbcd4aa8fe,The only difference between genius and madness is execution.,只difference between genius和madness为execution.,draft,,loc/zh-Hans/lua_cards.csv
cards_flavor:Dlvr:Green Spritelings,cards_flavor,Dlvr,730b4fd7ea6f,Are you sure you want to know?,Are你sure你want以知道?,draft,,loc/zh-Hans/lua_cards.csv
cards_flavor:Dlvr:Invokist,cards_flavor,Dlvr,2396e9ea1f3e,Fear has a face.\r\nAllow me to show it to you.,恐惧具有face.\r\nAllow我以show它以 你.,draft,,loc/zh-Hans/lua_cards.csv
cards_flavor:Dlvr:Ironheart Blueprint,cards_flavor,Dlvr,,,,waived,no_flavor_in_source,loc/zh-Hans/lua_cards.csv
cards_flavor:Dlvr:Lychan Beast,cards_flavor,Dlvr,0abf76893948,They'll never see me coming.,They'll从不看见我coming.,draft,,loc/zh-Hans/lua_cards.csv
cards_flavor:Dlvr:Lychan Ranger,cards_flavor,Dlvr,,,,waived,no_flavor_in_source,loc/zh-Hans/lua_cards.csv
cards_flavor:Dlvr:Mechannon Blueprint,cards_flavor,Dlvr,5542ba167665,"""I wonder what kind of dent this thing is going to make."" - Emma Ironheart","""I wonder什么kind的dent此thing为going以make."" - 艾玛铁之心",draft,,loc/zh-Hans/lua_cards.csv
"cards_flavor:Dlvr:Naka, Emri's Chosen",cards_flavor,Dlvr,,,,waived,no_flavor_in_source,loc/zh-Hans/lua_cards.csv
cards_flavor:Dlvr:Nightmarauders,cards_flavor,Dlvr,3d29d8cde46d,They're everywhere!.,他们无处不在！,draft,,loc/zh-Hans/lua_cards.csv
cards_flavor:Dlvr:Nihil Bomber,cards_flavor,Dlvr,cbf67cf0b1fc,Fear has a face.,恐惧具有face.,draft,,loc/zh-Hans/lua_cards.csv
"cards_flavor:Dlvr:Nilia, The Shattered",cards_flavor,Dlvr,0218901e8420,"A gold giant, taller than the mountains","gold giant, taller于mountains",draft,,loc/zh-Hans/lua_cards.csv
cards_flavor:Dlvr:Obfusca Spirit,cards_flavor,Dlvr,9c2534d68776,Love is a dream. Love is a nightmare.,Love为dream. Love为nightmare.,draft,,loc/zh-Hans/lua_cards.csv
cards_flavor:Dlvr:Pasythea's Cutlass,cards_flavor,Dlvr,,,,waived,no_flavor_in_source,loc/zh-Hans/lua_cards.csv
cards_flavor:Dlvr:Pasythea's Katana,cards_flavor,Dlvr,,,,waived,no_flavor_in_source,loc/zh-Hans/lua_cards.csv
cards_flavor:Dlvr:Pasythea's Mace,cards_flavor,Dlvr,,,,waived,no_flavor_in_source,loc/zh-Hans/lua_cards.csv
cards_flavor:Dlvr:Pasythea's Scimitar,cards_flavor,Dlvr,,,,waived,no_flavor_in_source,loc/zh-Hans/lua_cards.csv
"cards_flavor:Dlvr:Pasythea, The Redeemed",cards_flavor,Dlvr,,,,waived,no_flavor_in_source,loc/zh-Hans/lua_cards.csv
cards_flavor:Dlvr:Psyche Askara,cards_flavor,Dlvr,b0607b710f42,The Arha teach us that in time all traditions break under the weight of principle.,Arha teach我们该 在次 所有traditions break其下weight的principle.,draft,,loc/zh-Hans/lua_cards.csv
cards_flavor:Dlvr:Psyonic Apprentice,cards_flavor,Dlvr,,,,waived,no_flavor_in_source,loc/zh-Hans/lua_cards.csv
cards_flavor:Dlvr:Psyonic Paladin,cards_flavor,Dlvr,fb2e5ac1f2a1,"As the armor is shaped by our thoughts, the sword is directed by our will.","作为armor为shaped被我们的thoughts, sword为directed被我们的将.",draft,,loc/zh-Hans/lua_cards.csv
"cards_flavor:Dlvr:Rakar, Corrupt Askara",cards_flavor,Dlvr,9c2534d68776,Love is a dream. Love is a nightmare.,Love为dream. Love为nightmare.,draft,,loc/zh-Hans/lua_cards.csv
cards_flavor:Dlvr:River Reaper,cards_flavor,Dlvr,0218901e8420,"A gold giant, taller than the mountains","gold giant, taller于mountains",draft,,loc/zh-Hans/lua_cards.csv
"cards_flavor:Dlvr:Rut, Oaken Master",cards_flavor,Dlvr,,,,waived,no_flavor_in_source,loc/zh-Hans/lua_cards.csv
cards_flavor:Dlvr:Stone Artificers,cards_flavor,Dlvr,,,,waived,no_flavor_in_source,loc/zh-Hans/lua_cards.csv
cards_flavor:Dlvr:Teletransmitter Blueprint,cards_flavor,Dlvr,79d6662d47b4,"It's like telepathy, but less effective.\r\n- Emma Ironheart","它是like telepathy, 但更低effective.\r\n- 艾玛铁之心",draft,,loc/zh-Hans/lua_cards.csv
cards_flavor:Dlvr:Terminites,cards_flavor,Dlvr,91bd84a9749d,"They're just bugs, soldier. How big could they be?.","They're只是bugs, soldier. How big能够他们是?.",draft,,loc/zh-Hans/lua_cards.csv
cards_flavor:Dlvr:The Ironheart,cards_flavor,Dlvr,82df92a2f36b,"""I don't care how many tentacles you have. I have an airship!"" - Emma Ironheart","""I不care how许多tentacles你拥有. I拥有airship!"" - 艾玛铁之心",draft,,loc/zh-Hans/lua_cards.csv
cards_flavor:Dlvr:Tree of Bounty,cards_flavor,Dlvr,730b4fd7ea6f,Are you sure you want to know?,Are你sure你want以知道?,draft,,loc/zh-Hans/lua_cards.csv
cards_flavor:Dlvr:Void Amathyst Defender,cards_flavor,Dlvr,,,,waived,no_flavor_in_source,loc/zh-Hans/lua_cards.csv
cards_flavor:Dlvr:Voidcycler Blueprint,cards_flavor,Dlvr,5542ba167665,"""I wonder what kind of dent this thing is going to make."" - Emma Ironheart","""I wonder什么kind的dent此thing为going以make."" - 艾玛铁之心",draft,,loc/zh-Hans/lua_cards.csv
cards_flavor:Dlvr:Warpdruid,cards_flavor,Dlvr,10452f213b91,Bark split flesh as .,Bark split flesh作为.,draft,,loc/zh-Hans/lua_cards.csv
cards_flavor:Dlvr:Warprogue,cards_flavor,Dlvr,9c2534d68776,Love is a dream. Love is a nightmare.,Love为dream. Love为nightmare.,draft,,loc/zh-Hans/lua_cards.csv
cards_flavor:Dlvr:Wereboar,cards_flavor,Dlvr,730b4fd7ea6f,Are you sure you want to know?,Are你sure你want以知道?,draft,,loc/zh-Hans/lua_cards.csv
cards_flavor:Dlvr:Zinta's Bracers,cards_flavor,Dlvr,86a39ad5e77f,Zinta reached into the Void and from it pulled daggers.,辛塔reached置入虚空和 从它pulled daggers.,draft,,loc/zh-Hans/lua_cards.csv
"cards_flavor:DoC:Adam, Builder Adept",cards_flavor,DoC,,,,waived,no_flavor_in_source,loc/zh-Hans/lua_cards.csv
"cards_flavor:DoC:Aranyx, the Glutton",cards_flavor,DoC,,,,waived,no_flavor_in_source,loc/zh-Hans/lua_cards.csv
cards_flavor:DoC:Austere Sage,cards_flavor,DoC,,,,waived,no_flavor_in_source,loc/zh-Hans/lua_cards.csv
cards_flavor:DoC:Betrayed Templar,cards_flavor,DoC,,,,waived,no_flavor_in_source,loc/zh-Hans/lua_cards.csv
cards_flavor:DoC:Canopy Sanctuary,cards_flavor,DoC,,,,waived,no_flavor_in_source,loc/zh-Hans/lua_cards.csv
cards_flavor:DoC:Clockwork Sentry,cards_flavor,DoC,,,,waived,no_flavor_in_source,loc/zh-Hans/lua_cards.csv
cards_flavor:DoC:Conversion Port,cards_flavor,DoC,,,,waived,no_flavor_in_source,loc/zh-Hans/lua_cards.csv
cards_flavor:DoC:Corrupted Sage,cards_flavor,DoC,,,,waived,no_flavor_in_source,loc/zh-Hans/lua_cards.csv
cards_flavor:DoC:Cult of the False Circle,cards_flavor,DoC,,,,waived,no_flavor_in_source,loc/zh-Hans/lua_cards.csv
cards_flavor:DoC:Daybreak Askara,cards_flavor,DoC,,,,waived,no_flavor_in_source,loc/zh-Hans/lua_cards.csv
cards_flavor:DoC:Deathfinder,cards_flavor,DoC,,,,waived,no_flavor_in_source,loc/zh-Hans/lua_cards.csv
cards_flavor:DoC:Dhartha,cards_flavor,DoC,,,,waived,no_flavor_in_source,loc/zh-Hans/lua_cards.csv
"cards_flavor:DoC:Dhartha, Master of Sight",cards_flavor,DoC,,,,waived,no_flavor_in_source,loc/zh-Hans/lua_cards.csv
cards_flavor:DoC:Emissary of Dawn,cards_flavor,DoC,,,,waived,no_flavor_in_source,loc/zh-Hans/lua_cards.csv
cards_flavor:DoC:Emri's Sting,cards_flavor,DoC,,,,waived,no_flavor_in_source,loc/zh-Hans/lua_cards.csv
cards_flavor:DoC:Exhaust Lurker,cards_flavor,DoC,,,,waived,no_flavor_in_source,loc/zh-Hans/lua_cards.csv
cards_flavor:DoC:Flytrap Staff,cards_flavor,DoC,,,,waived,no_flavor_in_source,loc/zh-Hans/lua_cards.csv
cards_flavor:DoC:Genesis Capsule,cards_flavor,DoC,,,,waived,no_flavor_in_source,loc/zh-Hans/lua_cards.csv
cards_flavor:DoC:Gnome Repairbot,cards_flavor,DoC,,,,waived,no_flavor_in_source,loc/zh-Hans/lua_cards.csv
cards_flavor:DoC:Guide of Lost Souls,cards_flavor,DoC,,,,waived,no_flavor_in_source,loc/zh-Hans/lua_cards.csv
cards_flavor:DoC:Kor,cards_flavor,DoC,,,,waived,no_flavor_in_source,loc/zh-Hans/lua_cards.csv
"cards_flavor:DoC:Kor, the Ironmind",cards_flavor,DoC,,,,waived,no_flavor_in_source,loc/zh-Hans/lua_cards.csv
cards_flavor:DoC:Library Familiar,cards_flavor,DoC,,,,waived,no_flavor_in_source,loc/zh-Hans/lua_cards.csv
cards_flavor:DoC:Maniacal Crusher,cards_flavor,DoC,,,,waived,no_flavor_in_source,loc/zh-Hans/lua_cards.csv
cards_flavor:DoC:Mantra of Renewal,cards_flavor,DoC,,,,waived,no_flavor_in_source,loc/zh-Hans/lua_cards.csv
cards_flavor:DoC:Moonveil Clique,cards_flavor,DoC,,,,waived,no_flavor_in_source,loc/zh-Hans/lua_cards.csv
cards_flavor:DoC:Morbid Hammer,cards_flavor,DoC,,,,waived,no_flavor_in_source,loc/zh-Hans/lua_cards.csv
cards_flavor:DoC:Muse of Rebirth,cards_flavor,DoC,,,,waived,no_flavor_in_source,loc/zh-Hans/lua_cards.csv
cards_flavor:DoC:Nairi,cards_flavor,DoC,,,,waived,no_flavor_in_source,loc/zh-Hans/lua_cards.csv
"cards_flavor:DoC:Nairi, Wild Queen",cards_flavor,DoC,,,,waived,no_flavor_in_source,loc/zh-Hans/lua_cards.csv
cards_flavor:DoC:Ogo Courier,cards_flavor,DoC,,,,waived,no_flavor_in_source,loc/zh-Hans/lua_cards.csv
cards_flavor:DoC:Overhaul Cleric,cards_flavor,DoC,,,,waived,no_flavor_in_source,loc/zh-Hans/lua_cards.csv
cards_flavor:DoC:Pack Leader,cards_flavor,DoC,,,,waived,no_flavor_in_source,loc/zh-Hans/lua_cards.csv
cards_flavor:DoC:Plasma Cannon,cards_flavor,DoC,,,,waived,no_flavor_in_source,loc/zh-Hans/lua_cards.csv
cards_flavor:DoC:Premonition Bell,cards_flavor,DoC,,,,waived,no_flavor_in_source,loc/zh-Hans/lua_cards.csv
cards_flavor:DoC:Prospector Scout,cards_flavor,DoC,,,,waived,no_flavor_in_source,loc/zh-Hans/lua_cards.csv
cards_flavor:DoC:Rejected Prototype,cards_flavor,DoC,,,,waived,no_flavor_in_source,loc/zh-Hans/lua_cards.csv
cards_flavor:DoC:Riftdrake Rider,cards_flavor,DoC,,,,waived,no_flavor_in_source,loc/zh-Hans/lua_cards.csv
cards_flavor:DoC:Riftgate Conjuror,cards_flavor,DoC,,,,waived,no_flavor_in_source,loc/zh-Hans/lua_cards.csv
cards_flavor:DoC:Riftwatch Turret,cards_flavor,DoC,,,,waived,no_flavor_in_source,loc/zh-Hans/lua_cards.csv
cards_flavor:DoC:Rootscryer,cards_flavor,DoC,,,,waived,no_flavor_in_source,loc/zh-Hans/lua_cards.csv
cards_flavor:DoC:Sadranis,cards_flavor,DoC,,,,waived,no_flavor_in_source,loc/zh-Hans/lua_cards.csv
"cards_flavor:DoC:Sadranis, Dark Savant",cards_flavor,DoC,,,,waived,no_flavor_in_source,loc/zh-Hans/lua_cards.csv
cards_flavor:DoC:Seer of Days Past,cards_flavor,DoC,,,,waived,no_flavor_in_source,loc/zh-Hans/lua_cards.csv
cards_flavor:DoC:Serene Ascetic,cards_flavor,DoC,,,,waived,no_flavor_in_source,loc/zh-Hans/lua_cards.csv
cards_flavor:DoC:Shade's Bargain,cards_flavor,DoC,,,,waived,no_flavor_in_source,loc/zh-Hans/lua_cards.csv
cards_flavor:DoC:Shepherd of the Lost,cards_flavor,DoC,,,,waived,no_flavor_in_source,loc/zh-Hans/lua_cards.csv
cards_flavor:DoC:Spark Bug,cards_flavor,DoC,,,,waived,no_flavor_in_source,loc/zh-Hans/lua_cards.csv
cards_flavor:DoC:Starlight Sanctum,cards_flavor,DoC,,,,waived,no_flavor_in_source,loc/zh-Hans/lua_cards.csv
cards_flavor:DoC:Surge Protector,cards_flavor,DoC,,,,waived,no_flavor_in_source,loc/zh-Hans/lua_cards.csv
"cards_flavor:DoC:Surya, Light's Sword",cards_flavor,DoC,,,,waived,no_flavor_in_source,loc/zh-Hans/lua_cards.csv
cards_flavor:DoC:Thorned Charger,cards_flavor,DoC,,,,waived,no_flavor_in_source,loc/zh-Hans/lua_cards.csv
cards_flavor:DoC:Undaunted Scout,cards_flavor,DoC,,,,waived,no_flavor_in_source,loc/zh-Hans/lua_cards.csv
cards_flavor:DoC:Wild Riftdrake,cards_flavor,DoC,,,,waived,no_flavor_in_source,loc/zh-Hans/lua_cards.csv
cards_flavor:DoC:Wildgear Sower,cards_flavor,DoC,,,,waived,no_flavor_in_source,loc/zh-Hans/lua_cards.csv
"cards_flavor:DoC:Xeron, Lord of Deofol",cards_flavor,DoC,,,,waived,no_flavor_in_source,loc/zh-Hans/lua_cards.csv
cards_flavor:GotE:Bam Tribe Gremlins,cards_flavor,GotE,,,,waived,no_flavor_in_source,loc/zh-Hans/lua_cards.csv
cards_flavor:GotE:Blast Goggles,cards_flavor,GotE,,,,waived,no_flavor_in_source,loc/zh-Hans/lua_cards.csv
cards_flavor:GotE:Bramble Elemental,cards_flavor,GotE,,,,waived,no_flavor_in_source,loc/zh-Hans/lua_cards.csv
cards_flavor:GotE:Brother Laias,cards_flavor,GotE,,,,waived,no_flavor_in_source,loc/zh-Hans/lua_cards.csv
cards_flavor:GotE:Cell Block E,cards_flavor,GotE,,,,waived,no_flavor_in_source,loc/zh-Hans/lua_cards.csv
cards_flavor:GotE:Cetra's Trial,cards_flavor,GotE,,,,waived,no_flavor_in_source,loc/zh-Hans/lua_cards.csv
"cards_flavor:GotE:Cetra, Celestial Body",cards_flavor,GotE,,,,waived,no_flavor_in_source,loc/zh-Hans/lua_cards.csv
cards_flavor:GotE:Conduit Monk,cards_flavor,GotE,,,,waived,no_flavor_in_source,loc/zh-Hans/lua_cards.csv
cards_flavor:GotE:Deluge Elemental,cards_flavor,GotE,,,,waived,no_flavor_in_source,loc/zh-Hans/lua_cards.csv
cards_flavor:GotE:Deranged Aspirant,cards_flavor,GotE,,,,waived,no_flavor_in_source,loc/zh-Hans/lua_cards.csv
cards_flavor:GotE:Dhartha's Trial,cards_flavor,GotE,,,,waived,no_flavor_in_source,loc/zh-Hans/lua_cards.csv
"cards_flavor:GotE:Dhartha, Eternal Seer",cards_flavor,GotE,,,,waived,no_flavor_in_source,loc/zh-Hans/lua_cards.csv
cards_flavor:GotE:Earthmender Pura,cards_flavor,GotE,,,,waived,no_flavor_in_source,loc/zh-Hans/lua_cards.csv
cards_flavor:GotE:Eek Tribe Gremlin,cards_flavor,GotE,,,,waived,no_flavor_in_source,loc/zh-Hans/lua_cards.csv
cards_flavor:GotE:Elemental Projector,cards_flavor,GotE,,,,waived,no_flavor_in_source,loc/zh-Hans/lua_cards.csv
cards_flavor:GotE:Emri's Trial,cards_flavor,GotE,,,,waived,no_flavor_in_source,loc/zh-Hans/lua_cards.csv
"cards_flavor:GotE:Emri, Born of Battle",cards_flavor,GotE,,,,waived,no_flavor_in_source,loc/zh-Hans/lua_cards.csv
cards_flavor:GotE:Flourishing Druidess,cards_flavor,GotE,,,,waived,no_flavor_in_source,loc/zh-Hans/lua_cards.csv
cards_flavor:GotE:Forgemother Reysa,cards_flavor,GotE,,,,waived,no_flavor_in_source,loc/zh-Hans/lua_cards.csv
cards_flavor:GotE:Grand-Arbiter Todd,cards_flavor,GotE,,,,waived,no_flavor_in_source,loc/zh-Hans/lua_cards.csv
cards_flavor:GotE:Hearthglow Clique,cards_flavor,GotE,,,,waived,no_flavor_in_source,loc/zh-Hans/lua_cards.csv
cards_flavor:GotE:Innovative Aspirant,cards_flavor,GotE,,,,waived,no_flavor_in_source,loc/zh-Hans/lua_cards.csv
cards_flavor:GotE:Iron Elemental,cards_flavor,GotE,,,,waived,no_flavor_in_source,loc/zh-Hans/lua_cards.csv
cards_flavor:GotE:Keen-eyed Aspirant,cards_flavor,GotE,,,,waived,no_flavor_in_source,loc/zh-Hans/lua_cards.csv
"cards_flavor:GotE:Kiri, Meadow Witch",cards_flavor,GotE,,,,waived,no_flavor_in_source,loc/zh-Hans/lua_cards.csv
cards_flavor:GotE:Madness' Embrace,cards_flavor,GotE,,,,waived,no_flavor_in_source,loc/zh-Hans/lua_cards.csv
cards_flavor:GotE:Nom Tribe Gremlin,cards_flavor,GotE,,,,waived,no_flavor_in_source,loc/zh-Hans/lua_cards.csv
cards_flavor:GotE:Oblivion Blossoms,cards_flavor,GotE,,,,waived,no_flavor_in_source,loc/zh-Hans/lua_cards.csv
cards_flavor:GotE:P.R.I.M.E. Directive,cards_flavor,GotE,,,,waived,no_flavor_in_source,loc/zh-Hans/lua_cards.csv
cards_flavor:GotE:Patient Assassin,cards_flavor,GotE,,,,waived,no_flavor_in_source,loc/zh-Hans/lua_cards.csv
cards_flavor:GotE:Piercing Eye,cards_flavor,GotE,,,,waived,no_flavor_in_source,loc/zh-Hans/lua_cards.csv
cards_flavor:GotE:Processing Hub,cards_flavor,GotE,,,,waived,no_flavor_in_source,loc/zh-Hans/lua_cards.csv
cards_flavor:GotE:Radiant Aspirant,cards_flavor,GotE,,,,waived,no_flavor_in_source,loc/zh-Hans/lua_cards.csv
cards_flavor:GotE:Reysa's Trial,cards_flavor,GotE,,,,waived,no_flavor_in_source,loc/zh-Hans/lua_cards.csv
cards_flavor:GotE:Scrap Weaver,cards_flavor,GotE,,,,waived,no_flavor_in_source,loc/zh-Hans/lua_cards.csv
cards_flavor:GotE:Shadow Elemental,cards_flavor,GotE,,,,waived,no_flavor_in_source,loc/zh-Hans/lua_cards.csv
cards_flavor:GotE:Sister of the Wind,cards_flavor,GotE,,,,waived,no_flavor_in_source,loc/zh-Hans/lua_cards.csv
"cards_flavor:GotE:Sonny, Lightwielder",cards_flavor,GotE,,,,waived,no_flavor_in_source,loc/zh-Hans/lua_cards.csv
cards_flavor:GotE:Spire of Insight,cards_flavor,GotE,,,,waived,no_flavor_in_source,loc/zh-Hans/lua_cards.csv
cards_flavor:GotE:Static Elemental,cards_flavor,GotE,,,,waived,no_flavor_in_source,loc/zh-Hans/lua_cards.csv
cards_flavor:GotE:Tectonic Thrasher,cards_flavor,GotE,,,,waived,no_flavor_in_source,loc/zh-Hans/lua_cards.csv
cards_flavor:GotE:Temple of Heroes,cards_flavor,GotE,,,,waived,no_flavor_in_source,loc/zh-Hans/lua_cards.csv
cards_flavor:GotE:Temple of the Wind,cards_flavor,GotE,,,,waived,no_flavor_in_source,loc/zh-Hans/lua_cards.csv
cards_flavor:GotE:Thicket Familiar,cards_flavor,GotE,,,,waived,no_flavor_in_source,loc/zh-Hans/lua_cards.csv
cards_flavor:GotE:Thunder Templar,cards_flavor,GotE,,,,waived,no_flavor_in_source,loc/zh-Hans/lua_cards.csv
cards_flavor:GotE:Ulan's Fist,cards_flavor,GotE,,,,waived,no_flavor_in_source,loc/zh-Hans/lua_cards.csv
"cards_flavor:GotE:Ulan, the Crusher",cards_flavor,GotE,,,,waived,no_flavor_in_source,loc/zh-Hans/lua_cards.csv
cards_flavor:GotE:Unspeakable Doom,cards_flavor,GotE,,,,waived,no_flavor_in_source,loc/zh-Hans/lua_cards.csv
cards_flavor:GotE:Venom Priestess,cards_flavor,GotE,,,,waived,no_flavor_in_source,loc/zh-Hans/lua_cards.csv
cards_flavor:GotE:Verdant Elemental,cards_flavor,GotE,,,,waived,no_flavor_in_source,loc/zh-Hans/lua_cards.csv
cards_flavor:GotE:Voidrift Stalker,cards_flavor,GotE,,,,waived,no_flavor_in_source,loc/zh-Hans/lua_cards.csv
cards_flavor:GotE:Water Elemental,cards_flavor,GotE,,,,waived,no_flavor_in_source,loc/zh-Hans/lua_cards.csv
cards_flavor:GotE:Whirlwind Ascetic,cards_flavor,GotE,,,,waived,no_flavor_in_source,loc/zh-Hans/lua_cards.csv
cards_flavor:GotE:Wildbark Mail,cards_flavor,GotE,,,,waived,no_flavor_in_source,loc/zh-Hans/lua_cards.csv
cards_flavor:GotE:Wildfire Elemental,cards_flavor,GotE,,,,waived,no_flavor_in_source,loc/zh-Hans/lua_cards.csv
cards_flavor:GotE:Xeron's Trial,cards_flavor,GotE,,,,waived,no_flavor_in_source,loc/zh-Hans/lua_cards.csv
"cards_flavor:GotE:Xeron, False Ally",cards_flavor,GotE,,,,waived,no_flavor_in_source,loc/zh-Hans/lua_cards.csv
cards_flavor:GotE:Yuk Tribe Gremlin,cards_flavor,GotE,,,,waived,no_flavor_in_source,loc/zh-Hans/lua_cards.csv
cards_flavor:GotE:Yuk Tribe Outcast,cards_flavor,GotE,,,,waived,no_flavor_in_source,loc/zh-Hans/lua_cards.csv
"cards_flavor:GotE:Yur, Eye of Chaos",cards_flavor,GotE,,,,waived,no_flavor_in_source,loc/zh-Hans/lua_cards.csv
"cards_flavor:IH:Aaron, the Godslayer",cards_flavor,IH,,,,waived,no_flavor_in_source,loc/zh-Hans/lua_cards.csv
cards_flavor:IH:Acidic Crawler,cards_flavor,IH,,,,waived,no_flavor_in_source,loc/zh-Hans/lua_cards.csv
"cards_flavor:IH:Akam, the Genie",cards_flavor,IH,,,,waived,no_flavor_in_source,loc/zh-Hans/lua_cards.csv
cards_flavor:IH:Annihilation,cards_flavor,IH,,,,waived,no_flavor_in_source,loc/zh-Hans/lua_cards.csv
cards_flavor:IH:Arha Medium,cards_flavor,IH,,,,waived,no_flavor_in_source,loc/zh-Hans/lua_cards.csv
cards_flavor:IH:Askara of Souls,cards_flavor,IH,,,,waived,no_flavor_in_source,loc/zh-Hans/lua_cards.csv
cards_flavor:IH:Astroblade TRX,cards_flavor,IH,,,,waived,no_flavor_in_source,loc/zh-Hans/lua_cards.csv
cards_flavor:IH:Beast Staff,cards_flavor,IH,,,,waived,no_flavor_in_source,loc/zh-Hans/lua_cards.csv
"cards_flavor:IH:Belthar, Soul Collector",cards_flavor,IH,,,,waived,no_flavor_in_source,loc/zh-Hans/lua_cards.csv
cards_flavor:IH:Cackling Jackal,cards_flavor,IH,,,,waived,no_flavor_in_source,loc/zh-Hans/lua_cards.csv
cards_flavor:IH:Cosmic Protocol,cards_flavor,IH,,,,waived,no_flavor_in_source,loc/zh-Hans/lua_cards.csv
cards_flavor:IH:Deathsworn Warrior,cards_flavor,IH,,,,waived,no_flavor_in_source,loc/zh-Hans/lua_cards.csv
cards_flavor:IH:Driller Mark IV,cards_flavor,IH,,,,waived,no_flavor_in_source,loc/zh-Hans/lua_cards.csv
"cards_flavor:IH:Elan, Soul Marshal",cards_flavor,IH,,,,waived,no_flavor_in_source,loc/zh-Hans/lua_cards.csv
cards_flavor:IH:Energy Monk,cards_flavor,IH,,,,waived,no_flavor_in_source,loc/zh-Hans/lua_cards.csv
cards_flavor:IH:Growmites,cards_flavor,IH,,,,waived,no_flavor_in_source,loc/zh-Hans/lua_cards.csv
cards_flavor:IH:Hedron Pyromaniac,cards_flavor,IH,,,,waived,no_flavor_in_source,loc/zh-Hans/lua_cards.csv
"cards_flavor:IH:Kythis, Rebel Godling",cards_flavor,IH,,,,waived,no_flavor_in_source,loc/zh-Hans/lua_cards.csv
"cards_flavor:IH:Kythis, Rebel Godling v2",cards_flavor,IH,,,,waived,no_flavor_in_source,loc/zh-Hans/lua_cards.csv
cards_flavor:IH:Moment of Clarity,cards_flavor,IH,,,,waived,no_flavor_in_source,loc/zh-Hans/lua_cards.csv
cards_flavor:IH:Nothing Man,cards_flavor,IH,,,,waived,no_flavor_in_source,loc/zh-Hans/lua_cards.csv
cards_flavor:IH:Orb of Nyx,cards_flavor,IH,,,,waived,no_flavor_in_source,loc/zh-Hans/lua_cards.csv
cards_flavor:IH:Recyclicrab,cards_flavor,IH,,,,waived,no_flavor_in_source,loc/zh-Hans/lua_cards.csv
cards_flavor:IH:Repurposer,cards_flavor,IH,,,,waived,no_flavor_in_source,loc/zh-Hans/lua_cards.csv
"cards_flavor:IH:Sabre, the Moonlit",cards_flavor,IH,,,,waived,no_flavor_in_source,loc/zh-Hans/lua_cards.csv
cards_flavor:IH:Soul Gem - Arbiter of Fate,cards_flavor,IH,,,,waived,no_flavor_in_source,loc/zh-Hans/lua_cards.csv
cards_flavor:IH:Soul Gem - Arha Initiate,cards_flavor,IH,,,,waived,no_flavor_in_source,loc/zh-Hans/lua_cards.csv
cards_flavor:IH:Soul Gem - Arha Templar,cards_flavor,IH,,,,waived,no_flavor_in_source,loc/zh-Hans/lua_cards.csv
cards_flavor:IH:Soul Gem - Ascetic of the Lidless Eye,cards_flavor,IH,,,,waived,no_flavor_in_source,loc/zh-Hans/lua_cards.csv
cards_flavor:IH:Soul Gem - Askara of Fate,cards_flavor,IH,,,,waived,no_flavor_in_source,loc/zh-Hans/lua_cards.csv
cards_flavor:IH:Soul Gem - Avatar Golem,cards_flavor,IH,,,,waived,no_flavor_in_source,loc/zh-Hans/lua_cards.csv
cards_flavor:IH:Soul Gem - Demon Slayer,cards_flavor,IH,,,,waived,no_flavor_in_source,loc/zh-Hans/lua_cards.csv
cards_flavor:IH:Soul Gem - Dimension Diver,cards_flavor,IH,,,,waived,no_flavor_in_source,loc/zh-Hans/lua_cards.csv
cards_flavor:IH:Soul Gem - Druids of the Stone Circle,cards_flavor,IH,,,,waived,no_flavor_in_source,loc/zh-Hans/lua_cards.csv
cards_flavor:IH:Soul Gem - Great-Omen Raven,cards_flavor,IH,,,,waived,no_flavor_in_source,loc/zh-Hans/lua_cards.csv
cards_flavor:IH:Soul Gem - Landtalker,cards_flavor,IH,,,,waived,no_flavor_in_source,loc/zh-Hans/lua_cards.csv
cards_flavor:IH:Soul Gem - Lifebound Initiate,cards_flavor,IH,,,,waived,no_flavor_in_source,loc/zh-Hans/lua_cards.csv
cards_flavor:IH:Soul Gem - Master Dhartha,cards_flavor,IH,,,,waived,no_flavor_in_source,loc/zh-Hans/lua_cards.csv
cards_flavor:IH:Soul Gem - Mechana Initiate,cards_flavor,IH,,,,waived,no_flavor_in_source,loc/zh-Hans/lua_cards.csv
cards_flavor:IH:Soul Gem - Reactor Monk,cards_flavor,IH,,,,waived,no_flavor_in_source,loc/zh-Hans/lua_cards.csv
cards_flavor:IH:Soul Gem - Runic Lycanthrope,cards_flavor,IH,,,,waived,no_flavor_in_source,loc/zh-Hans/lua_cards.csv
cards_flavor:IH:Soul Gem - Seer of the Forked Path,cards_flavor,IH,,,,waived,no_flavor_in_source,loc/zh-Hans/lua_cards.csv
cards_flavor:IH:Soul Gem - Shade of the Black Watch,cards_flavor,IH,,,,waived,no_flavor_in_source,loc/zh-Hans/lua_cards.csv
cards_flavor:IH:Soul Gem - Spike Vixen,cards_flavor,IH,,,,waived,no_flavor_in_source,loc/zh-Hans/lua_cards.csv
cards_flavor:IH:Soul Gem - Void Initiate,cards_flavor,IH,,,,waived,no_flavor_in_source,loc/zh-Hans/lua_cards.csv
cards_flavor:IH:Soul Gem - Wolf Shaman,cards_flavor,IH,,,,waived,no_flavor_in_source,loc/zh-Hans/lua_cards.csv
cards_flavor:IH:Souls Unbound,cards_flavor,IH,,,,waived,no_flavor_in_source,loc/zh-Hans/lua_cards.csv
cards_flavor:IH:Soulshaper,cards_flavor,IH,,,,waived,no_flavor_in_source,loc/zh-Hans/lua_cards.csv
cards_flavor:IH:Spark Sprayer,cards_flavor,IH,,,,waived,no_flavor_in_source,loc/zh-Hans/lua_cards.csv
cards_flavor:IH:Spider Witch,cards_flavor,IH,,,,waived,no_flavor_in_source,loc/zh-Hans/lua_cards.csv
cards_flavor:IH:Stone Circle Elder,cards_flavor,IH,,,,waived,no_flavor_in_source,loc/zh-Hans/lua_cards.csv
cards_flavor:IH:Temple Guardian,cards_flavor,IH,,,,waived,no_flavor_in_source,loc/zh-Hans/lua_cards.csv
cards_flavor:IH:The Great Eclipse,cards_flavor,IH,,,,waived,no_flavor_in_source,loc/zh-Hans/lua_cards.csv
cards_flavor:IH:The World Tree,cards_flavor,IH,,,,waived,no_flavor_in_source,loc/zh-Hans/lua_cards.csv
cards_flavor:IH:Trophy Hunter,cards_flavor,IH,,,,waived,no_flavor_in_source,loc/zh-Hans/lua_cards.csv
cards_flavor:IH:Void Avenger,cards_flavor,IH,,,,waived,no_flavor_in_source,loc/zh-Hans/lua_cards.csv
cards_flavor:IH:Wandering Askara,cards_flavor,IH,,,,waived,no_flavor_in_source,loc/zh-Hans/lua_cards.csv
cards_flavor:IH:Wolf Acolyte,cards_flavor,IH,,,,waived,no_flavor_in_source,loc/zh-Hans/lua_cards.csv
cards_flavor:LGND:Arha Emissary,cards_flavor,LGND,,,,waived,no_flavor_in_source,loc/zh-Hans/lua_cards.csv
cards_flavor:LGND:Arha Recruit,cards_flavor,LGND,,,,waived,no_flavor_in_source,loc/zh-Hans/lua_cards.csv
cards_flavor:LGND:Askara of Judgement,cards_flavor,LGND,,,,waived,no_flavor_in_source,loc/zh-Hans/lua_cards.csv
cards_flavor:LGND:Bombcrafter,cards_flavor,LGND,,,,waived,no_flavor_in_source,loc/zh-Hans/lua_cards.csv
cards_flavor:LGND:Boon - Cetra,cards_flavor,LGND,,,,waived,no_flavor_in_source,loc/zh-Hans/lua_cards.csv
cards_flavor:LGND:Boon - Emri,cards_flavor,LGND,,,,waived,no_flavor_in_source,loc/zh-Hans/lua_cards.csv
cards_flavor:LGND:Boon - Kor,cards_flavor,LGND,,,,waived,no_flavor_in_source,loc/zh-Hans/lua_cards.csv
cards_flavor:LGND:Boon - Master Dhartha,cards_flavor,LGND,,,,waived,no_flavor_in_source,loc/zh-Hans/lua_cards.csv
cards_flavor:LGND:Boon - Naira,cards_flavor,LGND,,,,waived,no_flavor_in_source,loc/zh-Hans/lua_cards.csv
cards_flavor:LGND:Boon - Naka,cards_flavor,LGND,,,,waived,no_flavor_in_source,loc/zh-Hans/lua_cards.csv
cards_flavor:LGND:Boon - P.R.I.M.E.,cards_flavor,LGND,,,,waived,no_flavor_in_source,loc/zh-Hans/lua_cards.csv
cards_flavor:LGND:Boon - Ulu,cards_flavor,LGND,,,,waived,no_flavor_in_source,loc/zh-Hans/lua_cards.csv
cards_flavor:LGND:Boon: Cetra,cards_flavor,LGND,,,,waived,no_flavor_in_source,loc/zh-Hans/lua_cards.csv
cards_flavor:LGND:Boon: Kor,cards_flavor,LGND,,,,waived,no_flavor_in_source,loc/zh-Hans/lua_cards.csv
cards_flavor:LGND:Boon: Master Dhartha,cards_flavor,LGND,,,,waived,no_flavor_in_source,loc/zh-Hans/lua_cards.csv
cards_flavor:LGND:Boon: Naka,cards_flavor,LGND,,,,waived,no_flavor_in_source,loc/zh-Hans/lua_cards.csv
cards_flavor:LGND:Claws of Deoful,cards_flavor,LGND,,,,waived,no_flavor_in_source,loc/zh-Hans/lua_cards.csv
cards_flavor:LGND:Correction of Creation,cards_flavor,LGND,,,,waived,no_flavor_in_source,loc/zh-Hans/lua_cards.csv
cards_flavor:LGND:Dark Monk,cards_flavor,LGND,,,,waived,no_flavor_in_source,loc/zh-Hans/lua_cards.csv
cards_flavor:LGND:Enlightened Remnant,cards_flavor,LGND,,,,waived,no_flavor_in_source,loc/zh-Hans/lua_cards.csv
cards_flavor:LGND:Fallen Fae,cards_flavor,LGND,,,,waived,no_flavor_in_source,loc/zh-Hans/lua_cards.csv
cards_flavor:LGND:Forest Emissary,cards_flavor,LGND,,,,waived,no_flavor_in_source,loc/zh-Hans/lua_cards.csv
cards_flavor:LGND:Hellstring Blades,cards_flavor,LGND,,,,waived,no_flavor_in_source,loc/zh-Hans/lua_cards.csv
cards_flavor:LGND:Hurricane Warlock,cards_flavor,LGND,,,,waived,no_flavor_in_source,loc/zh-Hans/lua_cards.csv
cards_flavor:LGND:Ironheart Engine,cards_flavor,LGND,,,,waived,no_flavor_in_source,loc/zh-Hans/lua_cards.csv
cards_flavor:LGND:Korpse Maker,cards_flavor,LGND,,,,waived,no_flavor_in_source,loc/zh-Hans/lua_cards.csv
cards_flavor:LGND:Landis' Potions & Pies,cards_flavor,LGND,730b4fd7ea6f,Are you sure you want to know?,Are你sure你want以知道?,draft,,loc/zh-Hans/lua_cards.csv
cards_flavor:LGND:Legend - Cetra,cards_flavor,LGND,,,,waived,no_flavor_in_source,loc/zh-Hans/lua_cards.csv
cards_flavor:LGND:Legend - Emri,cards_flavor,LGND,,,,waived,no_flavor_in_source,loc/zh-Hans/lua_cards.csv
cards_flavor:LGND:Legend - Kor,cards_flavor,LGND,,,,waived,no_flavor_in_source,loc/zh-Hans/lua_cards.csv
cards_flavor:LGND:Legend - Master Dhartha,cards_flavor,LGND,,,,waived,no_flavor_in_source,loc/zh-Hans/lua_cards.csv
cards_flavor:LGND:Legend - Naira,cards_flavor,LGND,,,,waived,no_flavor_in_source,loc/zh-Hans/lua_cards.csv
cards_flavor:LGND:Legend - Naka,cards_flavor,LGND,,,,waived,no_flavor_in_source,loc/zh-Hans/lua_cards.csv
cards_flavor:LGND:Legend - P.R.I.M.E.,cards_flavor,LGND,,,,waived,no_flavor_in_source,loc/zh-Hans/lua_cards.csv
cards_flavor:LGND:Legend - Ulu,cards_flavor,LGND,,,,waived,no_flavor_in_source,loc/zh-Hans/lua_cards.csv
cards_flavor:LGND:Legendary Boon - Enlightened,cards_flavor,LGND,,,,waived,no_flavor_in_source,loc/zh-Hans/lua_cards.csv
cards_flavor:LGND:Legendary Boon - Lifebound,cards_flavor,LGND,,,,waived,no_flavor_in_source,loc/zh-Hans/lua_cards.csv
cards_flavor:LGND:Legendary Boon - Mechana,cards_flavor,LGND,,,,waived,no_flavor_in_source,loc/zh-Hans/lua_cards.csv
cards_flavor:LGND:Legendary Boon - Void,cards_flavor,LGND,,,,waived,no_flavor_in_source,loc/zh-Hans/lua_cards.csv
cards_flavor:LGND:Lifebound Remnant,cards_flavor,LGND,,,,waived,no_flavor_in_source,loc/zh-Hans/lua_cards.csv
cards_flavor:LGND:Lycan Fang,cards_flavor,LGND,,,,waived,no_flavor_in_source,loc/zh-Hans/lua_cards.csv
cards_flavor:LGND:MarrowWyrm Rider,cards_flavor,LGND,,,,waived,no_flavor_in_source,loc/zh-Hans/lua_cards.csv
cards_flavor:LGND:Master Vaya,cards_flavor,LGND,,,,waived,no_flavor_in_source,loc/zh-Hans/lua_cards.csv
cards_flavor:LGND:Mecha Cetra,cards_flavor,LGND,,,,waived,no_flavor_in_source,loc/zh-Hans/lua_cards.csv
cards_flavor:LGND:Mecha Emissary,cards_flavor,LGND,,,,waived,no_flavor_in_source,loc/zh-Hans/lua_cards.csv
cards_flavor:LGND:Mechana Remnant,cards_flavor,LGND,,,,waived,no_flavor_in_source,loc/zh-Hans/lua_cards.csv
cards_flavor:LGND:Mechannihilator,cards_flavor,LGND,,,,waived,no_flavor_in_source,loc/zh-Hans/lua_cards.csv
cards_flavor:LGND:Mechaphoenix,cards_flavor,LGND,,,,waived,no_flavor_in_source,loc/zh-Hans/lua_cards.csv
cards_flavor:LGND:Monk of the Stone Circle,cards_flavor,LGND,,,,waived,no_flavor_in_source,loc/zh-Hans/lua_cards.csv
cards_flavor:LGND:Mountain Seer,cards_flavor,LGND,,,,waived,no_flavor_in_source,loc/zh-Hans/lua_cards.csv
cards_flavor:LGND:Muse of Malevolence,cards_flavor,LGND,,,,waived,no_flavor_in_source,loc/zh-Hans/lua_cards.csv
cards_flavor:LGND:Mushroom Druid,cards_flavor,LGND,,,,waived,no_flavor_in_source,loc/zh-Hans/lua_cards.csv
cards_flavor:LGND:Mycelial Mage,cards_flavor,LGND,,,,waived,no_flavor_in_source,loc/zh-Hans/lua_cards.csv
cards_flavor:LGND:Pathseeker Sensei,cards_flavor,LGND,,,,waived,no_flavor_in_source,loc/zh-Hans/lua_cards.csv
cards_flavor:LGND:Portal Ninja,cards_flavor,LGND,,,,waived,no_flavor_in_source,loc/zh-Hans/lua_cards.csv
cards_flavor:LGND:Psionic Monk,cards_flavor,LGND,,,,waived,no_flavor_in_source,loc/zh-Hans/lua_cards.csv
cards_flavor:LGND:Psychic Amulet,cards_flavor,LGND,,,,waived,no_flavor_in_source,loc/zh-Hans/lua_cards.csv
"cards_flavor:LGND:Raiyna, Riftwalker",cards_flavor,LGND,,,,waived,no_flavor_in_source,loc/zh-Hans/lua_cards.csv
cards_flavor:LGND:Remnant of the Fallen,cards_flavor,LGND,,,,waived,no_flavor_in_source,loc/zh-Hans/lua_cards.csv
cards_flavor:LGND:Riftclaw,cards_flavor,LGND,,,,waived,no_flavor_in_source,loc/zh-Hans/lua_cards.csv
cards_flavor:LGND:Sablespark Sisters,cards_flavor,LGND,,,,waived,no_flavor_in_source,loc/zh-Hans/lua_cards.csv
cards_flavor:LGND:Shade Askara,cards_flavor,LGND,,,,waived,no_flavor_in_source,loc/zh-Hans/lua_cards.csv
cards_flavor:LGND:Shade Feather,cards_flavor,LGND,,,,waived,no_flavor_in_source,loc/zh-Hans/lua_cards.csv
cards_flavor:LGND:Shadow Arbiter,cards_flavor,LGND,,,,waived,no_flavor_in_source,loc/zh-Hans/lua_cards.csv
cards_flavor:LGND:Shadow Mender,cards_flavor,LGND,,,,waived,no_flavor_in_source,loc/zh-Hans/lua_cards.csv
cards_flavor:LGND:Snowstrider Lycan,cards_flavor,LGND,,,,waived,no_flavor_in_source,loc/zh-Hans/lua_cards.csv
cards_flavor:LGND:Tablet of the Templar,cards_flavor,LGND,,,,waived,no_flavor_in_source,loc/zh-Hans/lua_cards.csv
cards_flavor:LGND:The Chrome Circle,cards_flavor,LGND,,,,waived,no_flavor_in_source,loc/zh-Hans/lua_cards.csv
cards_flavor:LGND:The Dreamscrape,cards_flavor,LGND,,,,waived,no_flavor_in_source,loc/zh-Hans/lua_cards.csv
cards_flavor:LGND:The Iron Seven,cards_flavor,LGND,,,,waived,no_flavor_in_source,loc/zh-Hans/lua_cards.csv
cards_flavor:LGND:Turtler Merchant,cards_flavor,LGND,,,,waived,no_flavor_in_source,loc/zh-Hans/lua_cards.csv
cards_flavor:LGND:Void Emissary,cards_flavor,LGND,,,,waived,no_flavor_in_source,loc/zh-Hans/lua_cards.csv
cards_flavor:LGND:Void Remnant,cards_flavor,LGND,,,,waived,no_flavor_in_source,loc/zh-Hans/lua_cards.csv
cards_flavor:RU:Adayu the Serene,cards_flavor,RU,,,,waived,no_flavor_in_source,loc/zh-Hans/lua_cards.csv
cards_flavor:RU:Adayu the Tormented,cards_flavor,RU,,,,waived,no_flavor_in_source,loc/zh-Hans/lua_cards.csv
cards_flavor:RU:Air Support Squadron,cards_flavor,RU,,,,waived,no_flavor_in_source,loc/zh-Hans/lua_cards.csv
"cards_flavor:RU:Alset, Monk Prodigy",cards_flavor,RU,,,,waived,no_flavor_in_source,loc/zh-Hans/lua_cards.csv
"cards_flavor:RU:Alset, Reactor Savant",cards_flavor,RU,,,,waived,no_flavor_in_source,loc/zh-Hans/lua_cards.csv
cards_flavor:RU:Animus of the Wild,cards_flavor,RU,,,,waived,no_flavor_in_source,loc/zh-Hans/lua_cards.csv
cards_flavor:RU:Apprentice RU,cards_flavor,RU,,,,waived,no_flavor_in_source,loc/zh-Hans/lua_cards.csv
cards_flavor:RU:Black Watch Exemplar,cards_flavor,RU,,,,waived,no_flavor_in_source,loc/zh-Hans/lua_cards.csv
cards_flavor:RU:Borderland Mercenary,cards_flavor,RU,,,,waived,no_flavor_in_source,loc/zh-Hans/lua_cards.csv
cards_flavor:RU:Borderland Nihilist,cards_flavor,RU,,,,waived,no_flavor_in_source,loc/zh-Hans/lua_cards.csv
cards_flavor:RU:Canon Templar,cards_flavor,RU,,,,waived,no_flavor_in_source,loc/zh-Hans/lua_cards.csv
"cards_flavor:RU:Cetra, Matron of Stars",cards_flavor,RU,,,,waived,no_flavor_in_source,loc/zh-Hans/lua_cards.csv
cards_flavor:RU:Clutch of Darkness,cards_flavor,RU,,,,waived,no_flavor_in_source,loc/zh-Hans/lua_cards.csv
cards_flavor:RU:Cultist RU,cards_flavor,RU,,,,waived,no_flavor_in_source,loc/zh-Hans/lua_cards.csv
cards_flavor:RU:Deathbound Druid,cards_flavor,RU,,,,waived,no_flavor_in_source,loc/zh-Hans/lua_cards.csv
cards_flavor:RU:Deathdealer Noble,cards_flavor,RU,,,,waived,no_flavor_in_source,loc/zh-Hans/lua_cards.csv
cards_flavor:RU:Defense Generator,cards_flavor,RU,,,,waived,no_flavor_in_source,loc/zh-Hans/lua_cards.csv
"cards_flavor:RU:Dhartha, the Eternal",cards_flavor,RU,,,,waived,no_flavor_in_source,loc/zh-Hans/lua_cards.csv
cards_flavor:RU:Disciple of Cetra,cards_flavor,RU,,,,waived,no_flavor_in_source,loc/zh-Hans/lua_cards.csv
cards_flavor:RU:Disciple of Emri,cards_flavor,RU,,,,waived,no_flavor_in_source,loc/zh-Hans/lua_cards.csv
cards_flavor:RU:Disciple of Euloth,cards_flavor,RU,,,,waived,no_flavor_in_source,loc/zh-Hans/lua_cards.csv
cards_flavor:RU:Disciple of Oziah,cards_flavor,RU,,,,waived,no_flavor_in_source,loc/zh-Hans/lua_cards.csv
cards_flavor:RU:Druid's Wreath,cards_flavor,RU,,,,waived,no_flavor_in_source,loc/zh-Hans/lua_cards.csv
"cards_flavor:RU:Emri, Demonsbane",cards_flavor,RU,,,,waived,no_flavor_in_source,loc/zh-Hans/lua_cards.csv
"cards_flavor:RU:Emri, the Unmaker",cards_flavor,RU,,,,waived,no_flavor_in_source,loc/zh-Hans/lua_cards.csv
cards_flavor:RU:Everbloom Clique,cards_flavor,RU,,,,waived,no_flavor_in_source,loc/zh-Hans/lua_cards.csv
cards_flavor:RU:Forgotten Scripture,cards_flavor,RU,,,,waived,no_flavor_in_source,loc/zh-Hans/lua_cards.csv
cards_flavor:RU:Foundation Burrower,cards_flavor,RU,,,,waived,no_flavor_in_source,loc/zh-Hans/lua_cards.csv
cards_flavor:RU:Heavy Infantry RU,cards_flavor,RU,,,,waived,no_flavor_in_source,loc/zh-Hans/lua_cards.csv
cards_flavor:RU:Hedron Watchtower,cards_flavor,RU,,,,waived,no_flavor_in_source,loc/zh-Hans/lua_cards.csv
cards_flavor:RU:Initiate's Gauntlets,cards_flavor,RU,,,,waived,no_flavor_in_source,loc/zh-Hans/lua_cards.csv
cards_flavor:RU:Journeyman Outrider,cards_flavor,RU,,,,waived,no_flavor_in_source,loc/zh-Hans/lua_cards.csv
cards_flavor:RU:Mantra of True Sight,cards_flavor,RU,,,,waived,no_flavor_in_source,loc/zh-Hans/lua_cards.csv
cards_flavor:RU:Matron of Discovery,cards_flavor,RU,,,,waived,no_flavor_in_source,loc/zh-Hans/lua_cards.csv
cards_flavor:RU:Militia RU,cards_flavor,RU,,,,waived,no_flavor_in_source,loc/zh-Hans/lua_cards.csv
cards_flavor:RU:Mystic RU,cards_flavor,RU,,,,waived,no_flavor_in_source,loc/zh-Hans/lua_cards.csv
cards_flavor:RU:Neophyte Mentor,cards_flavor,RU,,,,waived,no_flavor_in_source,loc/zh-Hans/lua_cards.csv
cards_flavor:RU:Nightmare Delver,cards_flavor,RU,,,,waived,no_flavor_in_source,loc/zh-Hans/lua_cards.csv
cards_flavor:RU:Oziah's Familiar,cards_flavor,RU,,,,waived,no_flavor_in_source,loc/zh-Hans/lua_cards.csv
"cards_flavor:RU:Remus, Pack Guardian",cards_flavor,RU,,,,waived,no_flavor_in_source,loc/zh-Hans/lua_cards.csv
"cards_flavor:RU:Remus, Wild Emissary",cards_flavor,RU,,,,waived,no_flavor_in_source,loc/zh-Hans/lua_cards.csv
cards_flavor:RU:Sadistic Giant,cards_flavor,RU,,,,waived,no_flavor_in_source,loc/zh-Hans/lua_cards.csv
cards_flavor:RU:Scion of Cetra,cards_flavor,RU,,,,waived,no_flavor_in_source,loc/zh-Hans/lua_cards.csv
cards_flavor:RU:Scion of Emri,cards_flavor,RU,,,,waived,no_flavor_in_source,loc/zh-Hans/lua_cards.csv
cards_flavor:RU:Scion of Euloth,cards_flavor,RU,,,,waived,no_flavor_in_source,loc/zh-Hans/lua_cards.csv
cards_flavor:RU:Scion of Oziah,cards_flavor,RU,,,,waived,no_flavor_in_source,loc/zh-Hans/lua_cards.csv
cards_flavor:RU:Scryer of the Lidless Eye,cards_flavor,RU,,,,waived,no_flavor_in_source,loc/zh-Hans/lua_cards.csv
cards_flavor:RU:Secluded Laboratory,cards_flavor,RU,,,,waived,no_flavor_in_source,loc/zh-Hans/lua_cards.csv
cards_flavor:RU:Shadow Stalker,cards_flavor,RU,,,,waived,no_flavor_in_source,loc/zh-Hans/lua_cards.csv
cards_flavor:RU:Snapdragon Witch,cards_flavor,RU,,,,waived,no_flavor_in_source,loc/zh-Hans/lua_cards.csv
cards_flavor:RU:Sower of Betrayal,cards_flavor,RU,,,,waived,no_flavor_in_source,loc/zh-Hans/lua_cards.csv
cards_flavor:RU:Sower of Discontent,cards_flavor,RU,,,,waived,no_flavor_in_source,loc/zh-Hans/lua_cards.csv
cards_flavor:RU:Spike Vixen RU,cards_flavor,RU,,,,waived,no_flavor_in_source,loc/zh-Hans/lua_cards.csv
cards_flavor:RU:Terrorizing Fiend,cards_flavor,RU,,,,waived,no_flavor_in_source,loc/zh-Hans/lua_cards.csv
cards_flavor:RU:Timestream Seer,cards_flavor,RU,,,,waived,no_flavor_in_source,loc/zh-Hans/lua_cards.csv
cards_flavor:RU:Upgrade Foundry,cards_flavor,RU,,,,waived,no_flavor_in_source,loc/zh-Hans/lua_cards.csv
cards_flavor:RU:Verdant Crown,cards_flavor,RU,,,,waived,no_flavor_in_source,loc/zh-Hans/lua_cards.csv
"cards_flavor:RU:Vir, Ascetic Master",cards_flavor,RU,,,,waived,no_flavor_in_source,loc/zh-Hans/lua_cards.csv
"cards_flavor:RU:Vir, Ephemeral Guru",cards_flavor,RU,,,,waived,no_flavor_in_source,loc/zh-Hans/lua_cards.csv
cards_flavor:RU:Voidforged Paladin,cards_flavor,RU,,,,waived,no_flavor_in_source,loc/zh-Hans/lua_cards.csv
cards_flavor:RU:Wailing Spectre,cards_flavor,RU,,,,waived,no_flavor_in_source,loc/zh-Hans/lua_cards.csv
cards_flavor:RU:Wildgear Druid,cards_flavor,RU,,,,waived,no_flavor_in_source,loc/zh-Hans/lua_cards.csv
cards_flavor:RU:Wolf Shaman RU,cards_flavor,RU,,,,waived,no_flavor_in_source,loc/zh-Hans/lua_cards.csv
cards_flavor:RU:Workshop Gargoyle,cards_flavor,RU,,,,waived,no_flavor_in_source,loc/zh-Hans/lua_cards.csv
cards_flavor:RU:Zero Point Reactor,cards_flavor,RU,,,,waived,no_flavor_in_source,loc/zh-Hans/lua_cards.csv
cards_flavor:RoV:Apprentice RoV,cards_flavor,RoV,,,,waived,no_flavor_in_source,loc/zh-Hans/lua_cards.csv
cards_flavor:RoV:Beacon Shaman,cards_flavor,RoV,,,,waived,no_flavor_in_source,loc/zh-Hans/lua_cards.csv
cards_flavor:RoV:Blackwatch Vanquisher,cards_flavor,RoV,,,,waived,no_flavor_in_source,loc/zh-Hans/lua_cards.csv
cards_flavor:RoV:Cognition Courier,cards_flavor,RoV,,,,waived,no_flavor_in_source,loc/zh-Hans/lua_cards.csv
cards_flavor:RoV:Cultist RoV,cards_flavor,RoV,,,,waived,no_flavor_in_source,loc/zh-Hans/lua_cards.csv
cards_flavor:RoV:Darkwalker,cards_flavor,RoV,,,,waived,no_flavor_in_source,loc/zh-Hans/lua_cards.csv
cards_flavor:RoV:Deviant Fiend,cards_flavor,RoV,,,,waived,no_flavor_in_source,loc/zh-Hans/lua_cards.csv
cards_flavor:RoV:Energy Shard,cards_flavor,RoV,,,,waived,no_flavor_in_source,loc/zh-Hans/lua_cards.csv
cards_flavor:RoV:Energy Shard Start,cards_flavor,RoV,,,,waived,no_flavor_in_source,loc/zh-Hans/lua_cards.csv
cards_flavor:RoV:Firestorm Effigy,cards_flavor,RoV,,,,waived,no_flavor_in_source,loc/zh-Hans/lua_cards.csv
cards_flavor:RoV:Foresight Monacle,cards_flavor,RoV,,,,waived,no_flavor_in_source,loc/zh-Hans/lua_cards.csv
cards_flavor:RoV:Heavy Infantry RoV,cards_flavor,RoV,,,,waived,no_flavor_in_source,loc/zh-Hans/lua_cards.csv
cards_flavor:RoV:Herald of Doom,cards_flavor,RoV,,,,waived,no_flavor_in_source,loc/zh-Hans/lua_cards.csv
cards_flavor:RoV:Illiya the Demonborn,cards_flavor,RoV,,,,waived,no_flavor_in_source,loc/zh-Hans/lua_cards.csv
cards_flavor:RoV:Lagoon Troll,cards_flavor,RoV,,,,waived,no_flavor_in_source,loc/zh-Hans/lua_cards.csv
cards_flavor:RoV:Leotan's Familiar,cards_flavor,RoV,,,,waived,no_flavor_in_source,loc/zh-Hans/lua_cards.csv
cards_flavor:RoV:Lifebound Muse,cards_flavor,RoV,,,,waived,no_flavor_in_source,loc/zh-Hans/lua_cards.csv
cards_flavor:RoV:Loamspeaker Druid,cards_flavor,RoV,,,,waived,no_flavor_in_source,loc/zh-Hans/lua_cards.csv
cards_flavor:RoV:Magnet Monk,cards_flavor,RoV,,,,waived,no_flavor_in_source,loc/zh-Hans/lua_cards.csv
cards_flavor:RoV:Militia RoV,cards_flavor,RoV,,,,waived,no_flavor_in_source,loc/zh-Hans/lua_cards.csv
cards_flavor:RoV:Monastic Tutor,cards_flavor,RoV,,,,waived,no_flavor_in_source,loc/zh-Hans/lua_cards.csv
cards_flavor:RoV:Monk of the Lidless Eye,cards_flavor,RoV,,,,waived,no_flavor_in_source,loc/zh-Hans/lua_cards.csv
cards_flavor:RoV:Mordant Widow,cards_flavor,RoV,,,,waived,no_flavor_in_source,loc/zh-Hans/lua_cards.csv
cards_flavor:RoV:Mystic RoV,cards_flavor,RoV,,,,waived,no_flavor_in_source,loc/zh-Hans/lua_cards.csv
cards_flavor:RoV:Nyxian Spiritcaster,cards_flavor,RoV,,,,waived,no_flavor_in_source,loc/zh-Hans/lua_cards.csv
cards_flavor:RoV:Ogo Demontrap,cards_flavor,RoV,,,,waived,no_flavor_in_source,loc/zh-Hans/lua_cards.csv
cards_flavor:RoV:Omnicron,cards_flavor,RoV,,,,waived,no_flavor_in_source,loc/zh-Hans/lua_cards.csv
"cards_flavor:RoV:Oras, the Redeemer",cards_flavor,RoV,,,,waived,no_flavor_in_source,loc/zh-Hans/lua_cards.csv
"cards_flavor:RoV:Oziah, Judge of Logos",cards_flavor,RoV,,,,waived,no_flavor_in_source,loc/zh-Hans/lua_cards.csv
cards_flavor:RoV:Portabillet,cards_flavor,RoV,,,,waived,no_flavor_in_source,loc/zh-Hans/lua_cards.csv
cards_flavor:RoV:Protean Sea Slug,cards_flavor,RoV,,,,waived,no_flavor_in_source,loc/zh-Hans/lua_cards.csv
cards_flavor:RoV:Prototype CH32,cards_flavor,RoV,,,,waived,no_flavor_in_source,loc/zh-Hans/lua_cards.csv
cards_flavor:RoV:Raging Ursine,cards_flavor,RoV,,,,waived,no_flavor_in_source,loc/zh-Hans/lua_cards.csv
cards_flavor:RoV:Reactor Shrine,cards_flavor,RoV,,,,waived,no_flavor_in_source,loc/zh-Hans/lua_cards.csv
cards_flavor:RoV:Reality Sculptor,cards_flavor,RoV,,,,waived,no_flavor_in_source,loc/zh-Hans/lua_cards.csv
cards_flavor:RoV:Righteous Templar,cards_flavor,RoV,,,,waived,no_flavor_in_source,loc/zh-Hans/lua_cards.csv
cards_flavor:RoV:Runic Honiskrot,cards_flavor,RoV,,,,waived,no_flavor_in_source,loc/zh-Hans/lua_cards.csv
cards_flavor:RoV:Serpent Siren,cards_flavor,RoV,,,,waived,no_flavor_in_source,loc/zh-Hans/lua_cards.csv
cards_flavor:RoV:Skyrocket Drone,cards_flavor,RoV,,,,waived,no_flavor_in_source,loc/zh-Hans/lua_cards.csv
cards_flavor:RoV:Spirit Merchant,cards_flavor,RoV,,,,waived,no_flavor_in_source,loc/zh-Hans/lua_cards.csv
cards_flavor:RoV:Starcaller Leotan,cards_flavor,RoV,,,,waived,no_flavor_in_source,loc/zh-Hans/lua_cards.csv
cards_flavor:RoV:Tablet of the Dreamer,cards_flavor,RoV,,,,waived,no_flavor_in_source,loc/zh-Hans/lua_cards.csv
cards_flavor:RoV:Temporal Eye,cards_flavor,RoV,,,,waived,no_flavor_in_source,loc/zh-Hans/lua_cards.csv
"cards_flavor:RoV:Terrus, Paragon of Strife",cards_flavor,RoV,,,,waived,no_flavor_in_source,loc/zh-Hans/lua_cards.csv
cards_flavor:RoV:Tome of Erabus,cards_flavor,RoV,,,,waived,no_flavor_in_source,loc/zh-Hans/lua_cards.csv
cards_flavor:RoV:Treasure Hunter,cards_flavor,RoV,,,,waived,no_flavor_in_source,loc/zh-Hans/lua_cards.csv
cards_flavor:RoV:Truth Seeker,cards_flavor,RoV,,,,waived,no_flavor_in_source,loc/zh-Hans/lua_cards.csv
cards_flavor:RoV:Twisted Tyrant,cards_flavor,RoV,,,,waived,no_flavor_in_source,loc/zh-Hans/lua_cards.csv
"cards_flavor:RoV:Ulu, Askara Prince",cards_flavor,RoV,,,,waived,no_flavor_in_source,loc/zh-Hans/lua_cards.csv
cards_flavor:RoV:Vault Sphinx,cards_flavor,RoV,,,,waived,no_flavor_in_source,loc/zh-Hans/lua_cards.csv
cards_flavor:RoV:Voidfeeder,cards_flavor,RoV,,,,waived,no_flavor_in_source,loc/zh-Hans/lua_cards.csv
cards_flavor:RoV:Wildcall Staff,cards_flavor,RoV,,,,waived,no_flavor_in_source,loc/zh-Hans/lua_cards.csv
cards_flavor:RoV:Zeta Arsenal,cards_flavor,RoV,,,,waived,no_flavor_in_source,loc/zh-Hans/lua_cards.csv
cards_flavor:RotF:Adayu the Omnipotent,cards_flavor,RotF,,,,waived,no_flavor_in_source,loc/zh-Hans/lua_cards.csv
cards_flavor:RotF:Arbiter of Fate,cards_flavor,RotF,,,,waived,no_flavor_in_source,loc/zh-Hans/lua_cards.csv
cards_flavor:RotF:Arha Sensei,cards_flavor,RotF,,,,waived,no_flavor_in_source,loc/zh-Hans/lua_cards.csv
cards_flavor:RotF:Askara of Fate,cards_flavor,RotF,,,,waived,no_flavor_in_source,loc/zh-Hans/lua_cards.csv
cards_flavor:RotF:Battery Monk,cards_flavor,RotF,,,,waived,no_flavor_in_source,loc/zh-Hans/lua_cards.csv
"cards_flavor:RotF:Bazu, Duke of Scorn",cards_flavor,RotF,,,,waived,no_flavor_in_source,loc/zh-Hans/lua_cards.csv
cards_flavor:RotF:Black Hole,cards_flavor,RotF,,,,waived,no_flavor_in_source,loc/zh-Hans/lua_cards.csv
cards_flavor:RotF:Black Watch Elite,cards_flavor,RotF,,,,waived,no_flavor_in_source,loc/zh-Hans/lua_cards.csv
cards_flavor:RotF:Combustion Idol,cards_flavor,RotF,,,,waived,no_flavor_in_source,loc/zh-Hans/lua_cards.csv
cards_flavor:RotF:Dandelion Witch,cards_flavor,RotF,,,,waived,no_flavor_in_source,loc/zh-Hans/lua_cards.csv
cards_flavor:RotF:Deathseeker,cards_flavor,RotF,,,,waived,no_flavor_in_source,loc/zh-Hans/lua_cards.csv
cards_flavor:RotF:Dhartha's Retreat,cards_flavor,RotF,,,,waived,no_flavor_in_source,loc/zh-Hans/lua_cards.csv
cards_flavor:RotF:Dimension Diver,cards_flavor,RotF,,,,waived,no_flavor_in_source,loc/zh-Hans/lua_cards.csv
cards_flavor:RotF:Doom Weeper,cards_flavor,RotF,,,,waived,no_flavor_in_source,loc/zh-Hans/lua_cards.csv
cards_flavor:RotF:Eternal Askara,cards_flavor,RotF,,,,waived,no_flavor_in_source,loc/zh-Hans/lua_cards.csv
cards_flavor:RotF:Fire Tyrant,cards_flavor,RotF,,,,waived,no_flavor_in_source,loc/zh-Hans/lua_cards.csv
cards_flavor:RotF:Great-Omen Raven,cards_flavor,RotF,,,,waived,no_flavor_in_source,loc/zh-Hans/lua_cards.csv
cards_flavor:RotF:Guardian of Sadranis,cards_flavor,RotF,,,,waived,no_flavor_in_source,loc/zh-Hans/lua_cards.csv
cards_flavor:RotF:Hectic Scribe,cards_flavor,RotF,,,,waived,no_flavor_in_source,loc/zh-Hans/lua_cards.csv
cards_flavor:RotF:Lunar Stag,cards_flavor,RotF,,,,waived,no_flavor_in_source,loc/zh-Hans/lua_cards.csv
"cards_flavor:RotF:Nairi, Henge Queen",cards_flavor,RotF,,,,waived,no_flavor_in_source,loc/zh-Hans/lua_cards.csv
cards_flavor:RotF:Project Alpha,cards_flavor,RotF,,,,waived,no_flavor_in_source,loc/zh-Hans/lua_cards.csv
cards_flavor:RotF:Ravenous Gorph,cards_flavor,RotF,,,,waived,no_flavor_in_source,loc/zh-Hans/lua_cards.csv
cards_flavor:RotF:Reclamax,cards_flavor,RotF,,,,waived,no_flavor_in_source,loc/zh-Hans/lua_cards.csv
"cards_flavor:RotF:Sadranis, Dark Emissary",cards_flavor,RotF,,,,waived,no_flavor_in_source,loc/zh-Hans/lua_cards.csv
cards_flavor:RotF:Samael the Fallen,cards_flavor,RotF,,,,waived,no_flavor_in_source,loc/zh-Hans/lua_cards.csv
cards_flavor:RotF:Serpentcall,cards_flavor,RotF,,,,waived,no_flavor_in_source,loc/zh-Hans/lua_cards.csv
cards_flavor:RotF:Socket Altar,cards_flavor,RotF,,,,waived,no_flavor_in_source,loc/zh-Hans/lua_cards.csv
cards_flavor:RotF:Sordid Asp,cards_flavor,RotF,,,,waived,no_flavor_in_source,loc/zh-Hans/lua_cards.csv
cards_flavor:RotF:Stone Circle,cards_flavor,RotF,,,,waived,no_flavor_in_source,loc/zh-Hans/lua_cards.csv
cards_flavor:RotF:Vaultbreaker Wurm,cards_flavor,RotF,,,,waived,no_flavor_in_source,loc/zh-Hans/lua_cards.csv
cards_flavor:SoS:Abolisher,cards_flavor,SoS,,,,waived,no_flavor_in_source,loc/zh-Hans/lua_cards.csv
cards_flavor:SoS:Aiyana's Messenger,cards_flavor,SoS,,,,waived,no_flavor_in_source,loc/zh-Hans/lua_cards.csv
cards_flavor:SoS:Arha Rising,cards_flavor,SoS,,,,waived,no_flavor_in_source,loc/zh-Hans/lua_cards.csv
cards_flavor:SoS:Autobuilder 5.0,cards_flavor,SoS,,,,waived,no_flavor_in_source,loc/zh-Hans/lua_cards.csv
cards_flavor:SoS:Avatar of Aiyana,cards_flavor,SoS,,,,waived,no_flavor_in_source,loc/zh-Hans/lua_cards.csv
cards_flavor:SoS:Brazer Drone,cards_flavor,SoS,,,,waived,no_flavor_in_source,loc/zh-Hans/lua_cards.csv
cards_flavor:SoS:Canopic Jar,cards_flavor,SoS,,,,waived,no_flavor_in_source,loc/zh-Hans/lua_cards.csv
cards_flavor:SoS:Cog Maw,cards_flavor,SoS,,,,waived,no_flavor_in_source,loc/zh-Hans/lua_cards.csv
cards_flavor:SoS:Dream Machine,cards_flavor,SoS,,,,waived,no_flavor_in_source,loc/zh-Hans/lua_cards.csv
cards_flavor:SoS:Dreamer's Glass,cards_flavor,SoS,,,,waived,no_flavor_in_source,loc/zh-Hans/lua_cards.csv
cards_flavor:SoS:Elder Skeptic,cards_flavor,SoS,,,,waived,no_flavor_in_source,loc/zh-Hans/lua_cards.csv
cards_flavor:SoS:Elemental Adept,cards_flavor,SoS,,,,waived,no_flavor_in_source,loc/zh-Hans/lua_cards.csv
"cards_flavor:SoS:Emri, Soulslayer",cards_flavor,SoS,,,,waived,no_flavor_in_source,loc/zh-Hans/lua_cards.csv
cards_flavor:SoS:Everbloom,cards_flavor,SoS,,,,waived,no_flavor_in_source,loc/zh-Hans/lua_cards.csv
cards_flavor:SoS:Eye of Destiny,cards_flavor,SoS,,,,waived,no_flavor_in_source,loc/zh-Hans/lua_cards.csv
cards_flavor:SoS:Fanatic SoS,cards_flavor,SoS,,,,waived,no_flavor_in_source,loc/zh-Hans/lua_cards.csv
cards_flavor:SoS:Fettered Soul,cards_flavor,SoS,,,,waived,no_flavor_in_source,loc/zh-Hans/lua_cards.csv
cards_flavor:SoS:Granger,cards_flavor,SoS,,,,waived,no_flavor_in_source,loc/zh-Hans/lua_cards.csv
cards_flavor:SoS:Grease Monk,cards_flavor,SoS,,,,waived,no_flavor_in_source,loc/zh-Hans/lua_cards.csv
cards_flavor:SoS:Hedron Rising,cards_flavor,SoS,,,,waived,no_flavor_in_source,loc/zh-Hans/lua_cards.csv
cards_flavor:SoS:Hoarding Tyrant,cards_flavor,SoS,,,,waived,no_flavor_in_source,loc/zh-Hans/lua_cards.csv
cards_flavor:SoS:Hoarding Whelp,cards_flavor,SoS,,,,waived,no_flavor_in_source,loc/zh-Hans/lua_cards.csv
cards_flavor:SoS:Honey Siren,cards_flavor,SoS,,,,waived,no_flavor_in_source,loc/zh-Hans/lua_cards.csv
cards_flavor:SoS:Lionheart,cards_flavor,SoS,,,,waived,no_flavor_in_source,loc/zh-Hans/lua_cards.csv
cards_flavor:SoS:Minotaur,cards_flavor,SoS,,,,waived,no_flavor_in_source,loc/zh-Hans/lua_cards.csv
cards_flavor:SoS:Nemesis,cards_flavor,SoS,,,,waived,no_flavor_in_source,loc/zh-Hans/lua_cards.csv
cards_flavor:SoS:Nihilmancer,cards_flavor,SoS,,,,waived,no_flavor_in_source,loc/zh-Hans/lua_cards.csv
cards_flavor:SoS:Nook Hound,cards_flavor,SoS,,,,waived,no_flavor_in_source,loc/zh-Hans/lua_cards.csv
cards_flavor:SoS:Noxious Soul,cards_flavor,SoS,,,,waived,no_flavor_in_source,loc/zh-Hans/lua_cards.csv
cards_flavor:SoS:Ogo Rising,cards_flavor,SoS,,,,waived,no_flavor_in_source,loc/zh-Hans/lua_cards.csv
cards_flavor:SoS:P.R.I.M.E.,cards_flavor,SoS,,,,waived,no_flavor_in_source,loc/zh-Hans/lua_cards.csv
cards_flavor:SoS:Penumbral Edge,cards_flavor,SoS,,,,waived,no_flavor_in_source,loc/zh-Hans/lua_cards.csv
cards_flavor:SoS:Personal Wormhole,cards_flavor,SoS,,,,waived,no_flavor_in_source,loc/zh-Hans/lua_cards.csv
cards_flavor:SoS:Polaris Demon,cards_flavor,SoS,,,,waived,no_flavor_in_source,loc/zh-Hans/lua_cards.csv
cards_flavor:SoS:Prodigal,cards_flavor,SoS,,,,waived,no_flavor_in_source,loc/zh-Hans/lua_cards.csv
"cards_flavor:SoS:Raj, Psionic Master",cards_flavor,SoS,,,,waived,no_flavor_in_source,loc/zh-Hans/lua_cards.csv
cards_flavor:SoS:Rise of the Cult,cards_flavor,SoS,,,,waived,no_flavor_in_source,loc/zh-Hans/lua_cards.csv
cards_flavor:SoS:Scrap Flinger,cards_flavor,SoS,,,,waived,no_flavor_in_source,loc/zh-Hans/lua_cards.csv
cards_flavor:SoS:Shadowcaster,cards_flavor,SoS,,,,waived,no_flavor_in_source,loc/zh-Hans/lua_cards.csv
cards_flavor:SoS:Snake Shaman,cards_flavor,SoS,,,,waived,no_flavor_in_source,loc/zh-Hans/lua_cards.csv
cards_flavor:SoS:Soul Assassin,cards_flavor,SoS,,,,waived,no_flavor_in_source,loc/zh-Hans/lua_cards.csv
cards_flavor:SoS:Starchild,cards_flavor,SoS,,,,waived,no_flavor_in_source,loc/zh-Hans/lua_cards.csv
cards_flavor:SoS:Synchronizer,cards_flavor,SoS,,,,waived,no_flavor_in_source,loc/zh-Hans/lua_cards.csv
"cards_flavor:SoS:Syril, Runic Alpha",cards_flavor,SoS,,,,waived,no_flavor_in_source,loc/zh-Hans/lua_cards.csv
"cards_flavor:SoS:Tarik, the Trickster",cards_flavor,SoS,,,,waived,no_flavor_in_source,loc/zh-Hans/lua_cards.csv
cards_flavor:SoS:Tower Askara,cards_flavor,SoS,,,,waived,no_flavor_in_source,loc/zh-Hans/lua_cards.csv
cards_flavor:SoS:Treasures of the Study,cards_flavor,SoS,,,,waived,no_flavor_in_source,loc/zh-Hans/lua_cards.csv
cards_flavor:SoS:Umbral Edge,cards_flavor,SoS,,,,waived,no_flavor_in_source,loc/zh-Hans/lua_cards.csv
cards_flavor:SoS:Unchained Fates,cards_flavor,SoS,,,,waived,no_flavor_in_source,loc/zh-Hans/lua_cards.csv
cards_flavor:SoS:Vandal Soul,cards_flavor,SoS,,,,waived,no_flavor_in_source,loc/zh-Hans/lua_cards.csv
cards_flavor:SoS:Void Militia,cards_flavor,SoS,,,,waived,no_flavor_in_source,loc/zh-Hans/lua_cards.csv
cards_flavor:SoS:Void Rising,cards_flavor,SoS,,,,waived,no_flavor_in_source,loc/zh-Hans/lua_cards.csv
cards_flavor:SoS:Weapon 303-V,cards_flavor,SoS,,,,waived,no_flavor_in_source,loc/zh-Hans/lua_cards.csv
cards_flavor:VotA:Alosyan Guide,cards_flavor,VotA,,,,waived,no_flavor_in_source,loc/zh-Hans/lua_cards.csv
cards_flavor:VotA:Ancient Stag,cards_flavor,VotA,,,,waived,no_flavor_in_source,loc/zh-Hans/lua_cards.csv
"cards_flavor:VotA:Asalas, the Impaler",cards_flavor,VotA,,,,waived,no_flavor_in_source,loc/zh-Hans/lua_cards.csv
cards_flavor:VotA:Beacon of the Lost,cards_flavor,VotA,,,,waived,no_flavor_in_source,loc/zh-Hans/lua_cards.csv
cards_flavor:VotA:Blind Seer,cards_flavor,VotA,,,,waived,no_flavor_in_source,loc/zh-Hans/lua_cards.csv
cards_flavor:VotA:Brother Marius,cards_flavor,VotA,,,,waived,no_flavor_in_source,loc/zh-Hans/lua_cards.csv
cards_flavor:VotA:Burial Guardian,cards_flavor,VotA,,,,waived,no_flavor_in_source,loc/zh-Hans/lua_cards.csv
cards_flavor:VotA:Caretaker Zahral,cards_flavor,VotA,,,,waived,no_flavor_in_source,loc/zh-Hans/lua_cards.csv
cards_flavor:VotA:Cavern Horror,cards_flavor,VotA,,,,waived,no_flavor_in_source,loc/zh-Hans/lua_cards.csv
cards_flavor:VotA:Cheerful Consort,cards_flavor,VotA,,,,waived,no_flavor_in_source,loc/zh-Hans/lua_cards.csv
cards_flavor:VotA:Crypt Lurker,cards_flavor,VotA,,,,waived,no_flavor_in_source,loc/zh-Hans/lua_cards.csv
cards_flavor:VotA:Death's Widow,cards_flavor,VotA,,,,waived,no_flavor_in_source,loc/zh-Hans/lua_cards.csv
cards_flavor:VotA:Deranged Dirge,cards_flavor,VotA,,,,waived,no_flavor_in_source,loc/zh-Hans/lua_cards.csv
cards_flavor:VotA:Endbringer Jora,cards_flavor,VotA,,,,waived,no_flavor_in_source,loc/zh-Hans/lua_cards.csv
cards_flavor:VotA:Excavation Sentry,cards_flavor,VotA,,,,waived,no_flavor_in_source,loc/zh-Hans/lua_cards.csv
cards_flavor:VotA:Excavator Pilot,cards_flavor,VotA,,,,waived,no_flavor_in_source,loc/zh-Hans/lua_cards.csv
cards_flavor:VotA:Fist of the Dragon,cards_flavor,VotA,,,,waived,no_flavor_in_source,loc/zh-Hans/lua_cards.csv
cards_flavor:VotA:Flanking Askara,cards_flavor,VotA,,,,waived,no_flavor_in_source,loc/zh-Hans/lua_cards.csv
cards_flavor:VotA:Forgemaster's Suit,cards_flavor,VotA,,,,waived,no_flavor_in_source,loc/zh-Hans/lua_cards.csv
cards_flavor:VotA:Grave Golem,cards_flavor,VotA,,,,waived,no_flavor_in_source,loc/zh-Hans/lua_cards.csv
cards_flavor:VotA:Hellfrost Imps,cards_flavor,VotA,,,,waived,no_flavor_in_source,loc/zh-Hans/lua_cards.csv
"cards_flavor:VotA:Hurras, Sea's Fury",cards_flavor,VotA,,,,waived,no_flavor_in_source,loc/zh-Hans/lua_cards.csv
cards_flavor:VotA:Iku's Minions,cards_flavor,VotA,,,,waived,no_flavor_in_source,loc/zh-Hans/lua_cards.csv
"cards_flavor:VotA:Iku, Valley Tyrant",cards_flavor,VotA,,,,waived,no_flavor_in_source,loc/zh-Hans/lua_cards.csv
"cards_flavor:VotA:Isla, Serene Prodigy",cards_flavor,VotA,,,,waived,no_flavor_in_source,loc/zh-Hans/lua_cards.csv
cards_flavor:VotA:Jubilant Monk,cards_flavor,VotA,,,,waived,no_flavor_in_source,loc/zh-Hans/lua_cards.csv
cards_flavor:VotA:K-YL3 Repairbot,cards_flavor,VotA,,,,waived,no_flavor_in_source,loc/zh-Hans/lua_cards.csv
"cards_flavor:VotA:Kan'zir, the Ravager",cards_flavor,VotA,,,,waived,no_flavor_in_source,loc/zh-Hans/lua_cards.csv
cards_flavor:VotA:Keeper of Secrets,cards_flavor,VotA,,,,waived,no_flavor_in_source,loc/zh-Hans/lua_cards.csv
cards_flavor:VotA:Mutated Scavenger,cards_flavor,VotA,,,,waived,no_flavor_in_source,loc/zh-Hans/lua_cards.csv
cards_flavor:VotA:Ominous Augur,cards_flavor,VotA,,,,waived,no_flavor_in_source,loc/zh-Hans/lua_cards.csv
cards_flavor:VotA:Pathfinder's Totem,cards_flavor,VotA,,,,waived,no_flavor_in_source,loc/zh-Hans/lua_cards.csv
cards_flavor:VotA:Qadim Stalker,cards_flavor,VotA,,,,waived,no_flavor_in_source,loc/zh-Hans/lua_cards.csv
"cards_flavor:VotA:Randall, Umbral Sage",cards_flavor,VotA,,,,waived,no_flavor_in_source,loc/zh-Hans/lua_cards.csv
cards_flavor:VotA:Reckless Excavator,cards_flavor,VotA,,,,waived,no_flavor_in_source,loc/zh-Hans/lua_cards.csv
cards_flavor:VotA:Resourceful Trader,cards_flavor,VotA,,,,waived,no_flavor_in_source,loc/zh-Hans/lua_cards.csv
cards_flavor:VotA:Sacred Pot,cards_flavor,VotA,,,,waived,no_flavor_in_source,loc/zh-Hans/lua_cards.csv
cards_flavor:VotA:Salvagemaster Mila,cards_flavor,VotA,,,,waived,no_flavor_in_source,loc/zh-Hans/lua_cards.csv
cards_flavor:VotA:Shadowridge Scout,cards_flavor,VotA,,,,waived,no_flavor_in_source,loc/zh-Hans/lua_cards.csv
cards_flavor:VotA:Siegemaster's Ram,cards_flavor,VotA,,,,waived,no_flavor_in_source,loc/zh-Hans/lua_cards.csv
cards_flavor:VotA:Silenced Prophet,cards_flavor,VotA,,,,waived,no_flavor_in_source,loc/zh-Hans/lua_cards.csv
cards_flavor:VotA:Sirewood Elder,cards_flavor,VotA,,,,waived,no_flavor_in_source,loc/zh-Hans/lua_cards.csv
cards_flavor:VotA:Soulsnare Hunter,cards_flavor,VotA,,,,waived,no_flavor_in_source,loc/zh-Hans/lua_cards.csv
cards_flavor:VotA:Spiteful Gladiator,cards_flavor,VotA,,,,waived,no_flavor_in_source,loc/zh-Hans/lua_cards.csv
cards_flavor:VotA:Starved Abomination,cards_flavor,VotA,,,,waived,no_flavor_in_source,loc/zh-Hans/lua_cards.csv
cards_flavor:VotA:Stormsmith Anvil,cards_flavor,VotA,,,,waived,no_flavor_in_source,loc/zh-Hans/lua_cards.csv
cards_flavor:VotA:Templar Outpost,cards_flavor,VotA,,,,waived,no_flavor_in_source,loc/zh-Hans/lua_cards.csv
cards_flavor:VotA:Temple of Death,cards_flavor,VotA,,,,waived,no_flavor_in_source,loc/zh-Hans/lua_cards.csv
cards_flavor:VotA:Temple of Immortality,cards_flavor,VotA,,,,waived,no_flavor_in_source,loc/zh-Hans/lua_cards.csv
cards_flavor:VotA:Temple of Life,cards_flavor,VotA,,,,waived,no_flavor_in_source,loc/zh-Hans/lua_cards.csv
"cards_flavor:VotA:Tyranyx, the Pillager",cards_flavor,VotA,,,,waived,no_flavor_in_source,loc/zh-Hans/lua_cards.csv
"cards_flavor:WoS:Aklys, the Scourge",cards_flavor,WoS,,,,waived,no_flavor_in_source,loc/zh-Hans/lua_cards.csv
cards_flavor:WoS:Arha Historian,cards_flavor,WoS,,,,waived,no_flavor_in_source,loc/zh-Hans/lua_cards.csv
cards_flavor:WoS:Bringer of Hope,cards_flavor,WoS,,,,waived,no_flavor_in_source,loc/zh-Hans/lua_cards.csv
cards_flavor:WoS:Cavern Creeper,cards_flavor,WoS,,,,waived,no_flavor_in_source,loc/zh-Hans/lua_cards.csv
cards_flavor:WoS:Dark Gladiator,cards_flavor,WoS,,,,waived,no_flavor_in_source,loc/zh-Hans/lua_cards.csv
cards_flavor:WoS:Deadeye Assassin,cards_flavor,WoS,,,,waived,no_flavor_in_source,loc/zh-Hans/lua_cards.csv
cards_flavor:WoS:Deceitful Ghoul,cards_flavor,WoS,,,,waived,no_flavor_in_source,loc/zh-Hans/lua_cards.csv
cards_flavor:WoS:Dogs of War,cards_flavor,WoS,,,,waived,no_flavor_in_source,loc/zh-Hans/lua_cards.csv
cards_flavor:WoS:Dread Conjurer,cards_flavor,WoS,,,,waived,no_flavor_in_source,loc/zh-Hans/lua_cards.csv
cards_flavor:WoS:Emberwing Moth,cards_flavor,WoS,,,,waived,no_flavor_in_source,loc/zh-Hans/lua_cards.csv
cards_flavor:WoS:Everbloom Witch,cards_flavor,WoS,,,,waived,no_flavor_in_source,loc/zh-Hans/lua_cards.csv
cards_flavor:WoS:Flare Tracker,cards_flavor,WoS,,,,waived,no_flavor_in_source,loc/zh-Hans/lua_cards.csv
cards_flavor:WoS:Foundry Hound,cards_flavor,WoS,,,,waived,no_flavor_in_source,loc/zh-Hans/lua_cards.csv
cards_flavor:WoS:Illuminator,cards_flavor,WoS,,,,waived,no_flavor_in_source,loc/zh-Hans/lua_cards.csv
cards_flavor:WoS:Inspired Templar,cards_flavor,WoS,,,,waived,no_flavor_in_source,loc/zh-Hans/lua_cards.csv
"cards_flavor:WoS:Isha, the Pursuer",cards_flavor,WoS,,,,waived,no_flavor_in_source,loc/zh-Hans/lua_cards.csv
cards_flavor:WoS:Legion of Aklys,cards_flavor,WoS,,,,waived,no_flavor_in_source,loc/zh-Hans/lua_cards.csv
cards_flavor:WoS:Lieutenant Duros,cards_flavor,WoS,,,,waived,no_flavor_in_source,loc/zh-Hans/lua_cards.csv
cards_flavor:WoS:Light of False Hope,cards_flavor,WoS,,,,waived,no_flavor_in_source,loc/zh-Hans/lua_cards.csv
cards_flavor:WoS:Lunar Guardian,cards_flavor,WoS,,,,waived,no_flavor_in_source,loc/zh-Hans/lua_cards.csv
"cards_flavor:WoS:Luro, the Hunter",cards_flavor,WoS,,,,waived,no_flavor_in_source,loc/zh-Hans/lua_cards.csv
cards_flavor:WoS:Map of the Stars,cards_flavor,WoS,,,,waived,no_flavor_in_source,loc/zh-Hans/lua_cards.csv
cards_flavor:WoS:Marsh Ranger,cards_flavor,WoS,,,,waived,no_flavor_in_source,loc/zh-Hans/lua_cards.csv
cards_flavor:WoS:Pillar of Resolve,cards_flavor,WoS,,,,waived,no_flavor_in_source,loc/zh-Hans/lua_cards.csv
cards_flavor:WoS:Rescuebot 505,cards_flavor,WoS,,,,waived,no_flavor_in_source,loc/zh-Hans/lua_cards.csv
cards_flavor:WoS:Riftwatch Outpost,cards_flavor,WoS,,,,waived,no_flavor_in_source,loc/zh-Hans/lua_cards.csv
cards_flavor:WoS:Scavenger Ants,cards_flavor,WoS,,,,waived,no_flavor_in_source,loc/zh-Hans/lua_cards.csv
cards_flavor:WoS:Searing Askara,cards_flavor,WoS,,,,waived,no_flavor_in_source,loc/zh-Hans/lua_cards.csv
cards_flavor:WoS:Shade Converter,cards_flavor,WoS,,,,waived,no_flavor_in_source,loc/zh-Hans/lua_cards.csv
cards_flavor:WoS:Shade Viper,cards_flavor,WoS,,,,waived,no_flavor_in_source,loc/zh-Hans/lua_cards.csv
cards_flavor:WoS:Shade of Sadranis,cards_flavor,WoS,,,,waived,no_flavor_in_source,loc/zh-Hans/lua_cards.csv
cards_flavor:WoS:Shardwing Beetle,cards_flavor,WoS,,,,waived,no_flavor_in_source,loc/zh-Hans/lua_cards.csv
cards_flavor:WoS:Shrine Attendant,cards_flavor,WoS,,,,waived,no_flavor_in_source,loc/zh-Hans/lua_cards.csv
cards_flavor:WoS:Solar Sentry,cards_flavor,WoS,,,,waived,no_flavor_in_source,loc/zh-Hans/lua_cards.csv
cards_flavor:WoS:Sunstreak Courier,cards_flavor,WoS,,,,waived,no_flavor_in_source,loc/zh-Hans/lua_cards.csv
cards_flavor:WoS:Sureshot Tracker,cards_flavor,WoS,,,,waived,no_flavor_in_source,loc/zh-Hans/lua_cards.csv
"cards_flavor:WoS:Ta'hyr, the Sun",cards_flavor,WoS,,,,waived,no_flavor_in_source,loc/zh-Hans/lua_cards.csv
cards_flavor:WoS:Twilight Scout,cards_flavor,WoS,,,,waived,no_flavor_in_source,loc/zh-Hans/lua_cards.csv
cards_flavor:WoS:Verdant Chanter,cards_flavor,WoS,,,,waived,no_flavor_in_source,loc/zh-Hans/lua_cards.csv
"cards_flavor:WoS:Vyrak, the First",cards_flavor,WoS,,,,waived,no_flavor_in_source,loc/zh-Hans/lua_cards.csv
cards_flavor:WoS:Wartorn Arbiter,cards_flavor,WoS,,,,waived,no_flavor_in_source,loc/zh-Hans/lua_cards.csv
cards_flavor:WoS:Watchtower Golem,cards_flavor,WoS,,,,waived,no_flavor_in_source,loc/zh-Hans/lua_cards.csv
cards_flavor:WoS:Wrecklamax,cards_flavor,WoS,,,,waived,no_flavor_in_source,loc/zh-Hans/lua_cards.csv
cards_flavor:promo:Aether Channeler,cards_flavor,promo,,,,waived,no_flavor_in_source,loc/zh-Hans/lua_cards.csv
cards_flavor:promo:Aether Curator,cards_flavor,promo,,,,waived,no_flavor_in_source,loc/zh-Hans/lua_cards.csv
cards_flavor:promo:Aether Ritualist,cards_flavor,promo,,,,waived,no_flavor_in_source,loc/zh-Hans/lua_cards.csv
cards_flavor:promo:Aetherspring Witch,cards_flavor,promo,,,,waived,no_flavor_in_source,loc/zh-Hans/lua_cards.csv
cards_flavor:promo:Arha Sanctuary,cards_flavor,promo,,,,waived,no_flavor_in_source,loc/zh-Hans/lua_cards.csv
cards_flavor:promo:Askara of Fortune,cards_flavor,promo,,,,waived,no_flavor_in_source,loc/zh-Hans/lua_cards.csv
cards_flavor:promo:Big Bad Bunny,cards_flavor,promo,,,,waived,no_flavor_in_source,loc/zh-Hans/lua_cards.csv
"cards_flavor:promo:Cetra, Guide of Ogo",cards_flavor,promo,,,,waived,no_flavor_in_source,loc/zh-Hans/lua_cards.csv
cards_flavor:promo:Chaos Rider,cards_flavor,promo,,,,waived,no_flavor_in_source,loc/zh-Hans/lua_cards.csv
cards_flavor:promo:Chaotic Cannon,cards_flavor,promo,,,,waived,no_flavor_in_source,loc/zh-Hans/lua_cards.csv
cards_flavor:promo:Constricting Horror,cards_flavor,promo,,,,waived,no_flavor_in_source,loc/zh-Hans/lua_cards.csv
cards_flavor:promo:Control Room,cards_flavor,promo,,,,waived,no_flavor_in_source,loc/zh-Hans/lua_cards.csv
"cards_flavor:promo:David, Prophetic Guide",cards_flavor,promo,,,,waived,no_flavor_in_source,loc/zh-Hans/lua_cards.csv
cards_flavor:promo:Deep Drone,cards_flavor,promo,,,,waived,no_flavor_in_source,loc/zh-Hans/lua_cards.csv
cards_flavor:promo:Defender of Vigil,cards_flavor,promo,,,,waived,no_flavor_in_source,loc/zh-Hans/lua_cards.csv
cards_flavor:promo:Destroyer's Gate,cards_flavor,promo,,,,waived,no_flavor_in_source,loc/zh-Hans/lua_cards.csv
cards_flavor:promo:Ender of Days,cards_flavor,promo,,,,waived,no_flavor_in_source,loc/zh-Hans/lua_cards.csv
cards_flavor:promo:Eternal Tormentor,cards_flavor,promo,,,,waived,no_flavor_in_source,loc/zh-Hans/lua_cards.csv
cards_flavor:promo:Ethereal Huntress,cards_flavor,promo,,,,waived,no_flavor_in_source,loc/zh-Hans/lua_cards.csv
cards_flavor:promo:Explosive Swarm,cards_flavor,promo,,,,waived,no_flavor_in_source,loc/zh-Hans/lua_cards.csv
cards_flavor:promo:Eye of Potential,cards_flavor,promo,,,,waived,no_flavor_in_source,loc/zh-Hans/lua_cards.csv
"cards_flavor:promo:Forrest, Beastwarden",cards_flavor,promo,,,,waived,no_flavor_in_source,loc/zh-Hans/lua_cards.csv
cards_flavor:promo:Giant Rat,cards_flavor,promo,,,,waived,no_flavor_in_source,loc/zh-Hans/lua_cards.csv
cards_flavor:promo:Hedron Flare,cards_flavor,promo,,,,waived,no_flavor_in_source,loc/zh-Hans/lua_cards.csv
cards_flavor:promo:Journeyman Sage,cards_flavor,promo,,,,waived,no_flavor_in_source,loc/zh-Hans/lua_cards.csv
"cards_flavor:promo:Kythis, the Gatekeeper",cards_flavor,promo,,,,waived,no_flavor_in_source,loc/zh-Hans/lua_cards.csv
cards_flavor:promo:Leprechaun,cards_flavor,promo,,,,waived,no_flavor_in_source,loc/zh-Hans/lua_cards.csv
cards_flavor:promo:Lotus Siren,cards_flavor,promo,,,,waived,no_flavor_in_source,loc/zh-Hans/lua_cards.csv
cards_flavor:promo:Lunar Matriarch,cards_flavor,promo,,,,waived,no_flavor_in_source,loc/zh-Hans/lua_cards.csv
"cards_flavor:promo:Miles, Golden Prodigy",cards_flavor,promo,,,,waived,no_flavor_in_source,loc/zh-Hans/lua_cards.csv
cards_flavor:promo:Moon Staff,cards_flavor,promo,,,,waived,no_flavor_in_source,loc/zh-Hans/lua_cards.csv
cards_flavor:promo:N.I.N.E.,cards_flavor,promo,,,,waived,no_flavor_in_source,loc/zh-Hans/lua_cards.csv
cards_flavor:promo:Nethersnare,cards_flavor,promo,,,,waived,no_flavor_in_source,loc/zh-Hans/lua_cards.csv
"cards_flavor:promo:Nova, Born of Chaos",cards_flavor,promo,,,,waived,no_flavor_in_source,loc/zh-Hans/lua_cards.csv
cards_flavor:promo:Pathwarden,cards_flavor,promo,,,,waived,no_flavor_in_source,loc/zh-Hans/lua_cards.csv
cards_flavor:promo:Portal,cards_flavor,promo,,,,waived,no_flavor_in_source,loc/zh-Hans/lua_cards.csv
cards_flavor:promo:Pot of Gold,cards_flavor,promo,,,,waived,no_flavor_in_source,loc/zh-Hans/lua_cards.csv
cards_flavor:promo:Puggageddon,cards_flavor,promo,,,,waived,no_flavor_in_source,loc/zh-Hans/lua_cards.csv
cards_flavor:promo:Rat King,cards_flavor,promo,,,,waived,no_flavor_in_source,loc/zh-Hans/lua_cards.csv
cards_flavor:promo:Ring of Life,cards_flavor,promo,,,,waived,no_flavor_in_source,loc/zh-Hans/lua_cards.csv
cards_flavor:promo:Seed of the World,cards_flavor,promo,,,,waived,no_flavor_in_source,loc/zh-Hans/lua_cards.csv
cards_flavor:promo:Soul Collector,cards_flavor,promo,,,,waived,no_flavor_in_source,loc/zh-Hans/lua_cards.csv
cards_flavor:promo:Spire of the Wind,cards_flavor,promo,,,,waived,no_flavor_in_source,loc/zh-Hans/lua_cards.csv
cards_flavor:promo:Spirit of the Ancients,cards_flavor,promo,,,,waived,no_flavor_in_source,loc/zh-Hans/lua_cards.csv
cards_flavor:promo:Stone Blade Templar,cards_flavor,promo,,,,waived,no_flavor_in_source,loc/zh-Hans/lua_cards.csv
cards_flavor:promo:Temporal Excavator,cards_flavor,promo,,,,waived,no_flavor_in_source,loc/zh-Hans/lua_cards.csv
cards_flavor:promo:The Aethermourne,cards_flavor,promo,,,,waived,no_flavor_in_source,loc/zh-Hans/lua_cards.csv
cards_flavor:promo:Tinkering Monk,cards_flavor,promo,,,,waived,no_flavor_in_source,loc/zh-Hans/lua_cards.csv
cards_flavor:promo:Tollmaster Ky'lek,cards_flavor,promo,,,,waived,no_flavor_in_source,loc/zh-Hans/lua_cards.csv
"cards_flavor:promo:Vedah, Sage of Swords",cards_flavor,promo,,,,waived,no_flavor_in_source,loc/zh-Hans/lua_cards.csv
"cards_flavor:promo:Vezra'Tull, The Voidwyrm",cards_flavor,promo,f83c1c19e2f7,Some Dragons horde gold. She hordes nightmares.,Some Dragons horde gold. 她hordes nightmares.,draft,,loc/zh-Hans/lua_cards.csv
cards_flavor:promo:Void Mesmer,cards_flavor,promo,,,,waived,no_flavor_in_source,loc/zh-Hans/lua_cards.csv
cards_name::Apprentice,cards_name,,e22cccd20b15,Apprentice,学徒,reviewed,,loc/zh-Hans/lua_cards.csv
cards_name::Apprentice 10TH,cards_name,,2dbadf7a4607,Apprentice 10TH,学徒,reviewed,,loc/zh-Hans/lua_cards.csv
cards_name::Apprentice SoS,cards_name,,9e63fa243e94,Apprentice SoS,学徒,reviewed,,loc/zh-Hans/lua_cards.csv
"cards_name::Cetra, Benefactor of All",cards_name,,a82c4a076d40,"Cetra, Benefactor of All",万民之恩塞特拉,draft,,loc/zh-Hans/lua_cards.csv
cards_name::Cultist,cards_name,,5d605e830d97,Cultist,邪教徒,reviewed,,loc/zh-Hans/lua_cards.csv
cards_name::Cultist 10TH,cards_name,,5073e7fd8b92,Cultist 10TH,邪教徒,reviewed,,loc/zh-Hans/lua_cards.csv
cards_name::Cultist SoS,cards_name,,c138d32c89a5,Cultist SoS,邪教徒,reviewed,,loc/zh-Hans/lua_cards.csv
cards_name::Eye of Potential,cards_name,,b328f075b1f8,Eye of Potential,潜能之眼,draft,,loc/zh-Hans/lua_cards.csv
cards_name::Ferromancer's Helper,cards_name,,fd29bfc10bcc,Ferromancer's Helper,铁术师助手,draft,,loc/zh-Hans/lua_cards.csv
cards_name::Foul Replicant,cards_name,,7d128d6dd413,Foul Replicant,污秽复制体,draft,,loc/zh-Hans/lua_cards.csv
cards_name::Heavy Infantry,cards_name,,6fcea5d36f8c,Heavy Infantry,重装步兵,reviewed,,loc/zh-Hans/lua_cards.csv
cards_name::Heavy Infantry 10TH,cards_name,,2827a47c2f5d,Heavy Infantry 10TH,重装步兵,reviewed,,loc/zh-Hans/lua_cards.csv
cards_name::Heavy Infantry SoS,cards_name,,e3c80ceff7bb,Heavy Infantry SoS,重装步兵,reviewed,,loc/zh-Hans/lua_cards.csv
cards_name::Militia,cards_name,,deb0b922dafe,Militia,民兵,reviewed,,loc/zh-Hans/lua_cards.csv
cards_name::Militia 10TH,cards_name,,d7cc41b640a0,Militia 10TH,民兵,reviewed,,loc/zh-Hans/lua_cards.csv
cards_name::Militia SoS,cards_name,,a14bc4d8901c,Militia SoS,民兵,reviewed,,loc/zh-Hans/lua_cards.csv
cards_name::Mystic,cards_name,,302f444c54aa,Mystic,秘教士,reviewed,,loc/zh-Hans/lua_cards.csv
cards_name::Mystic 10TH,cards_name,,f2f60f62161c,Mystic 10TH,秘教士,reviewed,,loc/zh-Hans/lua_cards.csv
cards_name::Mystic SoS,cards_name,,eaaab5b4217e,Mystic SoS,秘教士,reviewed,,loc/zh-Hans/lua_cards.csv
cards_name::Nyxian Corruptor,cards_name,,f976d884ea21,Nyxian Corruptor,尼克斯腐蚀者,draft,,loc/zh-Hans/lua_cards.csv
cards_name::Sadistic Laboratory,cards_name,,41377e31601f,Sadistic Laboratory,虐杀实验室,draft,,loc/zh-Hans/lua_cards.csv
cards_name::Sage of Lucid Dreams,cards_name,,dfc3ca0ef03b,Sage of Lucid Dreams,贤者清明诸梦,draft,,loc/zh-Hans/lua_cards.csv
cards_name::Stone Circle,cards_name,,61aa3549225d,Stone Circle,石环,draft,,loc/zh-Hans/lua_cards.csv
cards_name:CotG10:Arbiter of the Precipice 10TH,cards_name,CotG10,cb85ca364801,Arbiter of the Precipice 10TH,悬崖仲裁者,reviewed,,loc/zh-Hans/lua_cards.csv
cards_name:CotG10:Arha Initiate 10TH,cards_name,CotG10,6f9edfec80c6,Arha Initiate 10TH,亚哈新兵,reviewed,,loc/zh-Hans/lua_cards.csv
cards_name:CotG10:Arha Templar 10TH,cards_name,CotG10,05dea17fb19f,Arha Templar 10TH,亚哈圣殿武士,reviewed,,loc/zh-Hans/lua_cards.csv
cards_name:CotG10:Ascetic of the Lidless Eye 10TH,cards_name,CotG10,0405b533b6da,Ascetic of the Lidless Eye 10TH,无目之眼苦行僧,reviewed,,loc/zh-Hans/lua_cards.csv
cards_name:CotG10:Avatar Golem 10TH,cards_name,CotG10,f931d3eac1d0,Avatar Golem 10TH,化身魔像,reviewed,,loc/zh-Hans/lua_cards.csv
cards_name:CotG10:Avatar of the Fallen 10TH,cards_name,CotG10,c29b1cb3f682,Avatar of the Fallen 10TH,堕落者化身,reviewed,,loc/zh-Hans/lua_cards.csv
cards_name:CotG10:Burrower Mark II 10TH,cards_name,CotG10,d2a5381510b8,Burrower Mark II 10TH,钻地机II型,reviewed,,loc/zh-Hans/lua_cards.csv
"cards_name:CotG10:Cetra, Weaver of Stars 10TH",cards_name,CotG10,0bc75dacbd63,"Cetra, Weaver of Stars 10TH",织星者塞特拉,reviewed,,loc/zh-Hans/lua_cards.csv
cards_name:CotG10:Corrosive Widow 10TH,cards_name,CotG10,228f840341e8,Corrosive Widow 10TH,腐蚀寡妇,reviewed,,loc/zh-Hans/lua_cards.csv
cards_name:CotG10:Demon Slayer 10TH,cards_name,CotG10,8e4d6080afb4,Demon Slayer 10TH,恶魔杀手,reviewed,,loc/zh-Hans/lua_cards.csv
cards_name:CotG10:Druids of the Stone Circle 10TH,cards_name,CotG10,a4624fa3ba9e,Druids of the Stone Circle 10TH,石环德鲁伊,reviewed,,loc/zh-Hans/lua_cards.csv
cards_name:CotG10:Earth Tyrant 10TH,cards_name,CotG10,ca2e9a92517b,Earth Tyrant 10TH,大地暴君,reviewed,,loc/zh-Hans/lua_cards.csv
"cards_name:CotG10:Emri, One with the Void 10TH",cards_name,CotG10,1bb1dfb1a613,"Emri, One with the Void 10TH",与虚空合一的艾姆瑞,reviewed,,loc/zh-Hans/lua_cards.csv
cards_name:CotG10:Flytrap Witch 10TH,cards_name,CotG10,652937a0655d,Flytrap Witch 10TH,捕蝇草女巫,reviewed,,loc/zh-Hans/lua_cards.csv
cards_name:CotG10:Hedron Cannon 10TH,cards_name,CotG10,b85b6f6f87a0,Hedron Cannon 10TH,多面体加农,reviewed,,loc/zh-Hans/lua_cards.csv
cards_name:CotG10:Hedron Link Device 10TH,cards_name,CotG10,9d46613b19f3,Hedron Link Device 10TH,多面体连接装置,reviewed,,loc/zh-Hans/lua_cards.csv
"cards_name:CotG10:Kor, the Ferromancer 10TH",cards_name,CotG10,74a99d1a0ff0,"Kor, the Ferromancer 10TH",铁术师科尔,draft,,loc/zh-Hans/lua_cards.csv
cards_name:CotG10:Landtalker 10TH,cards_name,CotG10,2842b7686792,Landtalker 10TH,大地说书人,reviewed,,loc/zh-Hans/lua_cards.csv
cards_name:CotG10:Lifebound Initiate 10TH,cards_name,CotG10,1677933d447a,Lifebound Initiate 10TH,命约新兵,reviewed,,loc/zh-Hans/lua_cards.csv
cards_name:CotG10:Master Dhartha 10TH,cards_name,CotG10,2aead8795702,Master Dhartha 10TH,达萨大师,reviewed,,loc/zh-Hans/lua_cards.csv
cards_name:CotG10:Mechana Initiate 10TH,cards_name,CotG10,b67634413ba8,Mechana Initiate 10TH,机械新兵,reviewed,,loc/zh-Hans/lua_cards.csv
cards_name:CotG10:Mephit 10TH,cards_name,CotG10,b60e9fcf3e52,Mephit 10TH,恶臭精,reviewed,,loc/zh-Hans/lua_cards.csv
cards_name:CotG10:Mistake of Creation 10TH,cards_name,CotG10,88b35bb3cfb1,Mistake of Creation 10TH,造物之误,reviewed,,loc/zh-Hans/lua_cards.csv
cards_name:CotG10:Muramasa 10TH,cards_name,CotG10,e927e4558041,Muramasa 10TH,村正,reviewed,,loc/zh-Hans/lua_cards.csv
cards_name:CotG10:Oziah the Peerless 10TH,cards_name,CotG10,3af705aaa728,Oziah the Peerless 10TH,无双的奥齐亚,reviewed,,loc/zh-Hans/lua_cards.csv
cards_name:CotG10:Reactor Monk 10TH,cards_name,CotG10,99cca7f0cae6,Reactor Monk 10TH,反应堆僧侣,reviewed,,loc/zh-Hans/lua_cards.csv
cards_name:CotG10:Rocket Courier X-99 10TH,cards_name,CotG10,c9e4f4641783,Rocket Courier X-99 10TH,火箭信使X-99,reviewed,,loc/zh-Hans/lua_cards.csv
cards_name:CotG10:Runic Lycanthrope 10TH,cards_name,CotG10,d90ccc900297,Runic Lycanthrope 10TH,符文狼化人,reviewed,,loc/zh-Hans/lua_cards.csv
cards_name:CotG10:Samael's Trickster 10TH,cards_name,CotG10,e2e4a876467f,Samael's Trickster 10TH,萨麦尔的诡术师,reviewed,,loc/zh-Hans/lua_cards.csv
cards_name:CotG10:Sea Tyrant 10TH,cards_name,CotG10,7d5bf441a0ba,Sea Tyrant 10TH,海中暴君,reviewed,,loc/zh-Hans/lua_cards.csv
cards_name:CotG10:Seer of the Forked Path 10TH,cards_name,CotG10,18a4be0badb2,Seer of the Forked Path 10TH,歧路预言者,reviewed,,loc/zh-Hans/lua_cards.csv
cards_name:CotG10:Shade of the Black Watch 10TH,cards_name,CotG10,0ecdbd0a64d4,Shade of the Black Watch 10TH,黑卫之影,reviewed,,loc/zh-Hans/lua_cards.csv
cards_name:CotG10:Shadow Star 10TH,cards_name,CotG10,51a797a3240c,Shadow Star 10TH,暗影之星,reviewed,,loc/zh-Hans/lua_cards.csv
cards_name:CotG10:Snapdragon 10TH,cards_name,CotG10,828f767ae22c,Snapdragon 10TH,金鱼草,reviewed,,loc/zh-Hans/lua_cards.csv
cards_name:CotG10:Spike Vixen 10TH,cards_name,CotG10,2d879ef59c13,Spike Vixen 10TH,尖刺雌狐,reviewed,,loc/zh-Hans/lua_cards.csv
cards_name:CotG10:Tablet of Time's Dawn 10TH,cards_name,CotG10,ef4cf1c72341,Tablet of Time's Dawn 10TH,时晓石板,reviewed,,loc/zh-Hans/lua_cards.csv
cards_name:CotG10:Temple Librarian 10TH,cards_name,CotG10,fea385f1a4fd,Temple Librarian 10TH,神殿图书管理员,reviewed,,loc/zh-Hans/lua_cards.csv
cards_name:CotG10:The All-Seeing Eye 10TH,cards_name,CotG10,7d9d05352171,The All-Seeing Eye 10TH,全视之眼,reviewed,,loc/zh-Hans/lua_cards.csv
cards_name:CotG10:The Grand Design 10TH,cards_name,CotG10,581fd18202b3,The Grand Design 10TH,宏伟设计,reviewed,,loc/zh-Hans/lua_cards.csv
cards_name:CotG10:Tormented Soul 10TH,cards_name,CotG10,19bf8f7da774,Tormented Soul 10TH,受折磨的灵魂,reviewed,,loc/zh-Hans/lua_cards.csv
cards_name:CotG10:Twofold Askara 10TH,cards_name,CotG10,cd2eca1c5a8b,Twofold Askara 10TH,双重阿斯卡拉,reviewed,,loc/zh-Hans/lua_cards.csv
cards_name:CotG10:Void Initiate 10TH,cards_name,CotG10,b3a6796cabec,Void Initiate 10TH,虚空新兵,reviewed,,loc/zh-Hans/lua_cards.csv
cards_name:CotG10:Voidthirster 10TH,cards_name,CotG10,9b67b2842731,Voidthirster 10TH,渴虚者,reviewed,,loc/zh-Hans/lua_cards.csv
cards_name:CotG10:Watchmaker's Altar 10TH,cards_name,CotG10,82e4063ea119,Watchmaker's Altar 10TH,制表师祭坛,reviewed,,loc/zh-Hans/lua_cards.csv
cards_name:CotG10:Wind Tyrant 10TH,cards_name,CotG10,e61a2b562b4c,Wind Tyrant 10TH,风之暴君,reviewed,,loc/zh-Hans/lua_cards.csv
cards_name:CotG10:Wolf Shaman 10TH,cards_name,CotG10,8e73943ee388,Wolf Shaman 10TH,狼萨满,reviewed,,loc/zh-Hans/lua_cards.csv
"cards_name:CotG10:Xeron, Duke of Lies 10TH",cards_name,CotG10,16d9798ceebe,"Xeron, Duke of Lies 10TH",谎言之公爵泽伦,draft,,loc/zh-Hans/lua_cards.csv
cards_name:CotG10:Yggdrasil Staff 10TH,cards_name,CotG10,8dfeb359cb85,Yggdrasil Staff 10TH,世界树法杖,reviewed,,loc/zh-Hans/lua_cards.csv
cards_name:CotG:Arbiter of the Precipice,cards_name,CotG,645009e702df,Arbiter of the Precipice,悬崖仲裁者,reviewed,,loc/zh-Hans/lua_cards.csv
cards_name:CotG:Arha Initiate,cards_name,CotG,95da2c985c7d,Arha Initiate,亚哈新兵,reviewed,,loc/zh-Hans/lua_cards.csv
cards_name:CotG:Arha Templar,cards_name,CotG,b7befaa2a71f,Arha Templar,亚哈圣殿武士,reviewed,,loc/zh-Hans/lua_cards.csv
cards_name:CotG:Ascetic of the Lidless Eye,cards_name,CotG,592d36057f60,Ascetic of the Lidless Eye,无目之眼苦行僧,reviewed,,loc/zh-Hans/lua_cards.csv
cards_name:CotG:Avatar Golem,cards_name,CotG,511745c3b6d5,Avatar Golem,化身魔像,reviewed,,loc/zh-Hans/lua_cards.csv
cards_name:CotG:Avatar of the Fallen,cards_name,CotG,de9b3be7266b,Avatar of the Fallen,堕落者化身,reviewed,,loc/zh-Hans/lua_cards.csv
cards_name:CotG:Burrower Mark II,cards_name,CotG,077f9bd55fcf,Burrower Mark II,钻地机II型,reviewed,,loc/zh-Hans/lua_cards.csv
"cards_name:CotG:Cetra, Weaver of Stars",cards_name,CotG,d8005c6366fa,"Cetra, Weaver of Stars",织星者塞特拉,reviewed,,loc/zh-Hans/lua_cards.csv
cards_name:CotG:Corrosive Widow,cards_name,CotG,c30e7034de77,Corrosive Widow,腐蚀寡妇,reviewed,,loc/zh-Hans/lua_cards.csv
cards_name:CotG:Demon Slayer,cards_name,CotG,08007ef2d8e6,Demon Slayer,恶魔杀手,reviewed,,loc/zh-Hans/lua_cards.csv
cards_name:CotG:Druids of the Stone Circle,cards_name,CotG,c00e8cca16f8,Druids of the Stone Circle,石环德鲁伊,reviewed,,loc/zh-Hans/lua_cards.csv
cards_name:CotG:Earth Tyrant,cards_name,CotG,bff93b453395,Earth Tyrant,大地暴君,reviewed,,loc/zh-Hans/lua_cards.csv
"cards_name:CotG:Emri, One with the Void",cards_name,CotG,30beee0527af,"Emri, One with the Void",与虚空合一的艾姆瑞,reviewed,,loc/zh-Hans/lua_cards.csv
cards_name:CotG:Flytrap Witch,cards_name,CotG,8cef395af479,Flytrap Witch,捕蝇草女巫,reviewed,,loc/zh-Hans/lua_cards.csv
cards_name:CotG:Hedron Cannon,cards_name,CotG,08e805fa8578,Hedron Cannon,多面体加农,reviewed,,loc/zh-Hans/lua_cards.csv
cards_name:CotG:Hedron Link Device,cards_name,CotG,fc9f53eb661e,Hedron Link Device,多面体连接装置,reviewed,,loc/zh-Hans/lua_cards.csv
"cards_name:CotG:Kor, the Ferromancer",cards_name,CotG,4675fb7eeb83,"Kor, the Ferromancer",铁术师科尔,draft,,loc/zh-Hans/lua_cards.csv
cards_name:CotG:Landtalker,cards_name,CotG,7682262176f0,Landtalker,大地说书人,reviewed,,loc/zh-Hans/lua_cards.csv
cards_name:CotG:Lifebound Initiate,cards_name,CotG,9269ecbe1ad8,Lifebound Initiate,命约新兵,reviewed,,loc/zh-Hans/lua_cards.csv
cards_name:CotG:Master Dhartha,cards_name,CotG,458d9787b6e0,Master Dhartha,达萨大师,reviewed,,loc/zh-Hans/lua_cards.csv
cards_name:CotG:Mechana Initiate,cards_name,CotG,033dda144ae0,Mechana Initiate,机械新兵,reviewed,,loc/zh-Hans/lua_cards.csv
cards_name:CotG:Mephit,cards_name,CotG,558cabc64720,Mephit,恶臭精,reviewed,,loc/zh-Hans/lua_cards.csv
cards_name:CotG:Mistake of Creation,cards_name,CotG,0346c570c395,Mistake of Creation,造物之误,reviewed,,loc/zh-Hans/lua_cards.csv
cards_name:CotG:Muramasa,cards_name,CotG,04ea2f250c83,Muramasa,村正,reviewed,,loc/zh-Hans/lua_cards.csv
cards_name:CotG:Oziah the Peerless,cards_name,CotG,c8980068f915,Oziah the Peerless,无双的奥齐亚,reviewed,,loc/zh-Hans/lua_cards.csv
cards_name:CotG:Reactor Monk,cards_name,CotG,704f4157b10e,Reactor Monk,反应堆僧侣,reviewed,,loc/zh-Hans/lua_cards.csv
cards_name:CotG:Rocket Courier X-99,cards_name,CotG,4b3b7d1cbd52,Rocket Courier X-99,火箭信使X-99,reviewed,,loc/zh-Hans/lua_cards.csv
cards_name:CotG:Runic Lycanthrope,cards_name,CotG,58e8ec79471d,Runic Lycanthrope,符文狼化人,reviewed,,loc/zh-Hans/lua_cards.csv
cards_name:CotG:Samael's Trickster,cards_name,CotG,3911da7af4ba,Samael's Trickster,萨麦尔的诡术师,reviewed,,loc/zh-Hans/lua_cards.csv
cards_name:CotG:Sea Tyrant,cards_name,CotG,852017d48ff5,Sea Tyrant,海中暴君,reviewed,,loc/zh-Hans/lua_cards.csv
cards_name:CotG:Seer of the Forked Path,cards_name,CotG,06d4ce9120a6,Seer of the Forked Path,歧路预言者,reviewed,,loc/zh-Hans/lua_cards.csv
cards_name:CotG:Shade of the Black Watch,cards_name,CotG,d393b879c91c,Shade of the Black Watch,黑卫之影,reviewed,,loc/zh-Hans/lua_cards.csv
cards_name:CotG:Shadow Star,cards_name,CotG,d258551e2fa1,Shadow Star,暗影之星,reviewed,,loc/zh-Hans/lua_cards.csv
cards_name:CotG:Snapdragon,cards_name,CotG,fbf388bebcb2,Snapdragon,金鱼草,reviewed,,loc/zh-Hans/lua_cards.csv
cards_name:CotG:Spike Vixen,cards_name,CotG,964a7f0422c6,Spike Vixen,尖刺雌狐,reviewed,,loc/zh-Hans/lua_cards.csv
cards_name:CotG:Tablet of Time's Dawn,cards_name,CotG,c151a704db64,Tablet of Time's Dawn,时晓石板,reviewed,,loc/zh-Hans/lua_cards.csv
cards_name:CotG:Temple Librarian,cards_name,CotG,11706df1cb57,Temple Librarian,神殿图书管理员,reviewed,,loc/zh-Hans/lua_cards.csv
cards_name:CotG:The All-Seeing Eye,cards_name,CotG,64b8a14ca98a,The All-Seeing Eye,全视之眼,reviewed,,loc/zh-Hans/lua_cards.csv
cards_name:CotG:The Grand Design,cards_name,CotG,77130905dd97,The Grand Design,宏伟设计,reviewed,,loc/zh-Hans/lua_cards.csv
cards_name:CotG:Tormented Soul,cards_name,CotG,879232a0bd17,Tormented Soul,受折磨的灵魂,reviewed,,loc/zh-Hans/lua_cards.csv
cards_name:CotG:Twofold Askara,cards_name,CotG,85190a9596ce,Twofold Askara,双重阿斯卡拉,reviewed,,loc/zh-Hans/lua_cards.csv
cards_name:CotG:Void Initiate,cards_name,CotG,fd6a8fce337b,Void Initiate,虚空新兵,reviewed,,loc/zh-Hans/lua_cards.csv
cards_name:CotG:Voidthirster,cards_name,CotG,368838fba3b9,Voidthirster,渴虚者,reviewed,,loc/zh-Hans/lua_cards.csv
cards_name:CotG:Watchmaker's Altar,cards_name,CotG,c49185e99df1,Watchmaker's Altar,制表师祭坛,reviewed,,loc/zh-Hans/lua_cards.csv
cards_name:CotG:Wind Tyrant,cards_name,CotG,38bcab0a945f,Wind Tyrant,风之暴君,reviewed,,loc/zh-Hans/lua_cards.csv
cards_name:CotG:Wolf Shaman,cards_name,CotG,bb5fad14a444,Wolf Shaman,狼萨满,reviewed,,loc/zh-Hans/lua_cards.csv
"cards_name:CotG:Xeron, Duke of Lies",cards_name,CotG,c20c35dd8081,"Xeron, Duke of Lies",谎言之公爵泽伦,draft,,loc/zh-Hans/lua_cards.csv
cards_name:CotG:Yggdrasil Staff,cards_name,CotG,d887989ae150,Yggdrasil Staff,世界树法杖,reviewed,,loc/zh-Hans/lua_cards.csv
cards_name:DS:Alluring Shaman,cards_name,DS,887a75833888,Alluring Shaman,魅惑萨满,draft,,loc/zh-Hans/lua_cards.csv
cards_name:DS:Arbiter's Censer,cards_name,DS,05e983d35ac3,Arbiter's Censer,仲裁者香炉,draft,,loc/zh-Hans/lua_cards.csv
cards_name:DS:Arha Sensei DS,cards_name,DS,3307c1ff3bc7,Arha Sensei DS,亚哈导师,draft,,loc/zh-Hans/lua_cards.csv
cards_name:DS:Armistice,cards_name,DS,4be62d8ae504,Armistice,停战,draft,,loc/zh-Hans/lua_cards.csv
cards_name:DS:Ashes to Ashes,cards_name,DS,b616d68666dc,Ashes to Ashes,灰烬归于灰烬,draft,,loc/zh-Hans/lua_cards.csv
cards_name:DS:Askaran Armor,cards_name,DS,b3727477b0c1,Askaran Armor,阿斯卡拉甲,draft,,loc/zh-Hans/lua_cards.csv
cards_name:DS:Aura of the Askara,cards_name,DS,5b60a9a3d9f1,Aura of the Askara,灵光阿斯卡拉,draft,,loc/zh-Hans/lua_cards.csv
cards_name:DS:Auspicious Askara,cards_name,DS,7c4556b4f514,Auspicious Askara,吉兆阿斯卡拉,draft,,loc/zh-Hans/lua_cards.csv
cards_name:DS:Berserker Frenzy,cards_name,DS,407aa4166ea8,Berserker Frenzy,狂战狂乱,draft,,loc/zh-Hans/lua_cards.csv
cards_name:DS:Brainstorm Sentry,cards_name,DS,a3f18489b99c,Brainstorm Sentry,头脑风暴哨兵,draft,,loc/zh-Hans/lua_cards.csv
cards_name:DS:Bringer of Despair,cards_name,DS,7f9e13b819dc,Bringer of Despair,带来者绝望,draft,,loc/zh-Hans/lua_cards.csv
cards_name:DS:Call of Darkness,cards_name,DS,50f117ee62cc,Call of Darkness,黑暗呼唤,draft,,loc/zh-Hans/lua_cards.csv
cards_name:DS:Caustic Conjurer,cards_name,DS,be9c26e4e2f4,Caustic Conjurer,腐蚀咒术师,draft,,loc/zh-Hans/lua_cards.csv
cards_name:DS:Cetra's Respite,cards_name,DS,c5499a48e839,Cetra's Respite,塞特拉的喘息,draft,,loc/zh-Hans/lua_cards.csv
cards_name:DS:Chaos Cannon,cards_name,DS,d65ed804d8c2,Chaos Cannon,混沌加农,draft,,loc/zh-Hans/lua_cards.csv
cards_name:DS:Chronicle of Vigil,cards_name,DS,19d35e9da34e,Chronicle of Vigil,祈夜编年史,draft,,loc/zh-Hans/lua_cards.csv
cards_name:DS:Deluding Djinn,cards_name,DS,884ef4873425,Deluding Djinn,欺瞒灯神,draft,,loc/zh-Hans/lua_cards.csv
cards_name:DS:Deluxe Capacitor,cards_name,DS,e3c9e84697c3,Deluxe Capacitor,豪华电容,draft,,loc/zh-Hans/lua_cards.csv
cards_name:DS:Dream Lab,cards_name,DS,a3222ba14e0c,Dream Lab,梦实验室,draft,,loc/zh-Hans/lua_cards.csv
cards_name:DS:Dreamkiller,cards_name,DS,48041cf88ef5,Dreamkiller,弑梦者,draft,,loc/zh-Hans/lua_cards.csv
cards_name:DS:Dreamshaper Jesse,cards_name,DS,2a42d06a440a,Dreamshaper Jesse,塑梦者杰西,draft,,loc/zh-Hans/lua_cards.csv
cards_name:DS:Dreamwillow,cards_name,DS,51d532d1bd1f,Dreamwillow,梦柳,draft,,loc/zh-Hans/lua_cards.csv
cards_name:DS:Dreamwillow Druids,cards_name,DS,982ce33e67c7,Dreamwillow Druids,梦柳德鲁伊,draft,,loc/zh-Hans/lua_cards.csv
cards_name:DS:Dust to Dust,cards_name,DS,84944b21798d,Dust to Dust,尘土归于尘土,draft,,loc/zh-Hans/lua_cards.csv
"cards_name:DS:Emri, Shadowslayer",cards_name,DS,ba6a49692ccf,"Emri, Shadowslayer",斩影者艾姆瑞,draft,,loc/zh-Hans/lua_cards.csv
cards_name:DS:Engulfing Kraken,cards_name,DS,fbb81998c283,Engulfing Kraken,吞噬克拉肯,draft,,loc/zh-Hans/lua_cards.csv
cards_name:DS:Ephemeral Druid,cards_name,DS,0d4b21c5f1bb,Ephemeral Druid,昙花德鲁伊,draft,,loc/zh-Hans/lua_cards.csv
cards_name:DS:Ephemeral Inventor,cards_name,DS,1ab59190725f,Ephemeral Inventor,昙花发明家,draft,,loc/zh-Hans/lua_cards.csv
cards_name:DS:Ephemeral Monk,cards_name,DS,978884e086d5,Ephemeral Monk,昙花僧侣,draft,,loc/zh-Hans/lua_cards.csv
cards_name:DS:Ephemeral Ritualist,cards_name,DS,d73770afb6d3,Ephemeral Ritualist,昙花祭仪师,draft,,loc/zh-Hans/lua_cards.csv
cards_name:DS:Fatality Blades,cards_name,DS,7b7b2feb4f3b,Fatality Blades,致命双刃,draft,,loc/zh-Hans/lua_cards.csv
cards_name:DS:Fear Wielder,cards_name,DS,bce959303468,Fear Wielder,恐惧持有者,draft,,loc/zh-Hans/lua_cards.csv
cards_name:DS:Fen Maw,cards_name,DS,711f14de770e,Fen Maw,沼巨口,draft,,loc/zh-Hans/lua_cards.csv
cards_name:DS:Fleeting Hope Djinn,cards_name,DS,83efc185580b,Fleeting Hope Djinn,飞逝希望灯神,draft,,loc/zh-Hans/lua_cards.csv
cards_name:DS:Flytrap Fairy,cards_name,DS,f323c64e005c,Flytrap Fairy,捕蝇草妖精,draft,,loc/zh-Hans/lua_cards.csv
cards_name:DS:Garden Attendant,cards_name,DS,601714a08c88,Garden Attendant,园丁侍从,draft,,loc/zh-Hans/lua_cards.csv
cards_name:DS:Hedron Berserker,cards_name,DS,a76e4caa8e53,Hedron Berserker,多面体狂战,draft,,loc/zh-Hans/lua_cards.csv
cards_name:DS:Hulking Crab,cards_name,DS,2066958b298f,Hulking Crab,庞大蟹,draft,,loc/zh-Hans/lua_cards.csv
cards_name:DS:ID34 Detector,cards_name,DS,68ff9f4ec468,ID34 Detector,ID34探测器,draft,,loc/zh-Hans/lua_cards.csv
cards_name:DS:Imaginative Matron,cards_name,DS,bd828d1e7d46,Imaginative Matron,想象主母,draft,,loc/zh-Hans/lua_cards.csv
cards_name:DS:Inquarry Hydra,cards_name,DS,b71f46d0a5fd,Inquarry Hydra,采石九头蛇,draft,,loc/zh-Hans/lua_cards.csv
"cards_name:DS:Loa, Sleeping Dragon",cards_name,DS,fbaee4494ec8,"Loa, Sleeping Dragon",洛阿·沉睡龙,draft,,loc/zh-Hans/lua_cards.csv
cards_name:DS:Loam Summoner,cards_name,DS,8355736c1126,Loam Summoner,沃土召唤师,draft,,loc/zh-Hans/lua_cards.csv
cards_name:DS:Lunar Embrace,cards_name,DS,c48b7559223f,Lunar Embrace,月拥抱,draft,,loc/zh-Hans/lua_cards.csv
cards_name:DS:Lunar Pack,cards_name,DS,48e7fe318c70,Lunar Pack,月兽群,draft,,loc/zh-Hans/lua_cards.csv
cards_name:DS:Nairi's Blessing,cards_name,DS,cb0a68c22aa9,Nairi's Blessing,奈莉的祝福,draft,,loc/zh-Hans/lua_cards.csv
cards_name:DS:Nightmare Harvester,cards_name,DS,229e30630f6b,Nightmare Harvester,梦魇收割者,draft,,loc/zh-Hans/lua_cards.csv
cards_name:DS:Nightmare Tyrant,cards_name,DS,82cd1e8b9c73,Nightmare Tyrant,梦魇暴君,draft,,loc/zh-Hans/lua_cards.csv
"cards_name:DS:Nilus, the Despair",cards_name,DS,27b06f071d50,"Nilus, the Despair",尼卢斯·绝望,draft,,loc/zh-Hans/lua_cards.csv
cards_name:DS:Nocturnal Seer,cards_name,DS,071a20139984,Nocturnal Seer,夜行预言者,draft,,loc/zh-Hans/lua_cards.csv
cards_name:DS:Order of the Gear,cards_name,DS,02af7451445c,Order of the Gear,秩序齿轮,draft,,loc/zh-Hans/lua_cards.csv
cards_name:DS:Pasythea's Ward,cards_name,DS,278798abf44e,Pasythea's Ward,帕西提亚的守护,draft,,loc/zh-Hans/lua_cards.csv
"cards_name:DS:Pasythea, the Aegis",cards_name,DS,1766c001a9c0,"Pasythea, the Aegis",帕西提亚·神盾,draft,,loc/zh-Hans/lua_cards.csv
cards_name:DS:Planar Aperture,cards_name,DS,949854d00de9,Planar Aperture,位面孔径,draft,,loc/zh-Hans/lua_cards.csv
cards_name:DS:Puppetmaster,cards_name,DS,a4a832a21b20,Puppetmaster,傀儡师,draft,,loc/zh-Hans/lua_cards.csv
"cards_name:DS:Raka, Dreamtender",cards_name,DS,185bbae179dc,"Raka, Dreamtender",拉卡·守梦者,draft,,loc/zh-Hans/lua_cards.csv
cards_name:DS:Reverie Muse,cards_name,DS,4efc325c4fd4,Reverie Muse,幻想缪斯,draft,,loc/zh-Hans/lua_cards.csv
cards_name:DS:Rust Gremlin,cards_name,DS,aaca7a2c44e5,Rust Gremlin,锈小妖,draft,,loc/zh-Hans/lua_cards.csv
cards_name:DS:Stalk the Shadows,cards_name,DS,542a4514928a,Stalk the Shadows,潜行暗影,draft,,loc/zh-Hans/lua_cards.csv
cards_name:DS:Synapse Spire,cards_name,DS,ebbaf9edcc63,Synapse Spire,突触尖塔,draft,,loc/zh-Hans/lua_cards.csv
cards_name:DS:TH07 Tank,cards_name,DS,65617dacc9bb,TH07 Tank,TH07坦克,draft,,loc/zh-Hans/lua_cards.csv
cards_name:DS:Technological Leap,cards_name,DS,6443c50bccd3,Technological Leap,科技跃进,draft,,loc/zh-Hans/lua_cards.csv
cards_name:DS:Templar Dragoon,cards_name,DS,8215507a2cb3,Templar Dragoon,圣殿武士龙骑兵,draft,,loc/zh-Hans/lua_cards.csv
cards_name:DS:Test of Faith,cards_name,DS,c7f367966567,Test of Faith,试炼信仰,draft,,loc/zh-Hans/lua_cards.csv
cards_name:DS:Thieving Gryphon,cards_name,DS,f46fa8db717e,Thieving Gryphon,偷窃狮鹫,draft,,loc/zh-Hans/lua_cards.csv
cards_name:DS:Tidestalker,cards_name,DS,a3cff914f3dc,Tidestalker,潮潜者,draft,,loc/zh-Hans/lua_cards.csv
cards_name:DS:Trinket Harpy,cards_name,DS,2c4f742b57b8,Trinket Harpy,饰品鹰身女妖,draft,,loc/zh-Hans/lua_cards.csv
cards_name:DS:Unbound Emissary,cards_name,DS,f462b184d59e,Unbound Emissary,解缚使者,draft,,loc/zh-Hans/lua_cards.csv
"cards_name:DS:Verdagris, the Wild",cards_name,DS,ebd6b86619ee,"Verdagris, the Wild",维达格里斯·荒野,draft,,loc/zh-Hans/lua_cards.csv
cards_name:DS:Verdant Hatchling,cards_name,DS,9f56782a8043,Verdant Hatchling,翠绿幼体,draft,,loc/zh-Hans/lua_cards.csv
cards_name:DS:Vigil's Resolve,cards_name,DS,8ec6a3f8fa4e,Vigil's Resolve,祈夜的决意,draft,,loc/zh-Hans/lua_cards.csv
cards_name:DS:Wicked End,cards_name,DS,1a63a7535f21,Wicked End,邪终结,draft,,loc/zh-Hans/lua_cards.csv
cards_name:DS:Yggdrasil Canopy,cards_name,DS,db467e39c50d,Yggdrasil Canopy,世界树树冠,draft,,loc/zh-Hans/lua_cards.csv
cards_name:DU:Anointed Askara,cards_name,DU,c6a10625beb8,Anointed Askara,涂油阿斯卡拉,draft,,loc/zh-Hans/lua_cards.csv
cards_name:DU:Arbiter of the Lost,cards_name,DU,972c6b68d1a8,Arbiter of the Lost,仲裁者迷失,draft,,loc/zh-Hans/lua_cards.csv
cards_name:DU:Arha Mentor,cards_name,DU,2e8449181812,Arha Mentor,亚哈导师,draft,,loc/zh-Hans/lua_cards.csv
cards_name:DU:Azerax of the Black Watch,cards_name,DU,a277578fb56c,Azerax of the Black Watch,阿泽拉克斯黑卫,draft,,loc/zh-Hans/lua_cards.csv
"cards_name:DU:Azerax, Nyx's Chosen",cards_name,DU,509de2714b23,"Azerax, Nyx's Chosen",阿泽拉克斯·尼克斯的天选者,draft,,loc/zh-Hans/lua_cards.csv
cards_name:DU:Cacklecast Wretch,cards_name,DU,40dd9368dc79,Cacklecast Wretch,狂笑施法可怜虫,draft,,loc/zh-Hans/lua_cards.csv
cards_name:DU:Charging Chamber,cards_name,DU,08560713dd59,Charging Chamber,充能室,draft,,loc/zh-Hans/lua_cards.csv
cards_name:DU:Crystalline Monk,cards_name,DU,a463f59eb1d1,Crystalline Monk,水晶僧侣,draft,,loc/zh-Hans/lua_cards.csv
cards_name:DU:Dark Energy Shard,cards_name,DU,22526b6b632c,Dark Energy Shard,黑暗能量碎片,draft,,loc/zh-Hans/lua_cards.csv
cards_name:DU:Dendris the Gladewyrm,cards_name,DU,438f707edf2b,Dendris the Gladewyrm,登德里斯林间巨虫,draft,,loc/zh-Hans/lua_cards.csv
"cards_name:DU:Erabus, Son of Nyx",cards_name,DU,9ff1605b33df,"Erabus, Son of Nyx",埃拉布斯·之子尼克斯,draft,,loc/zh-Hans/lua_cards.csv
"cards_name:DU:Erabus, the Exiled",cards_name,DU,14f5f3e5f870,"Erabus, the Exiled",埃拉布斯·流放者,draft,,loc/zh-Hans/lua_cards.csv
cards_name:DU:Gem-Eater Leprechaun,cards_name,DU,5974a6f093a5,Gem-Eater Leprechaun,噬晶小矮妖,draft,,loc/zh-Hans/lua_cards.csv
cards_name:DU:Gemcatcher Spirit,cards_name,DU,66e49d0d716b,Gemcatcher Spirit,捕晶者精魂,draft,,loc/zh-Hans/lua_cards.csv
cards_name:DU:Hedron Dredger,cards_name,DU,e9715633cb5d,Hedron Dredger,多面体挖掘者,draft,,loc/zh-Hans/lua_cards.csv
cards_name:DU:Honiskrot Chieftain,cards_name,DU,858cc773a46e,Honiskrot Chieftain,霍尼斯克洛特酋长,draft,,loc/zh-Hans/lua_cards.csv
cards_name:DU:Honiskrot Tribesman,cards_name,DU,3fbf287b28c8,Honiskrot Tribesman,霍尼斯克洛特部族人,draft,,loc/zh-Hans/lua_cards.csv
"cards_name:DU:Jakeb, Cobra King",cards_name,DU,b102f19dcb3d,"Jakeb, Cobra King",杰克布·眼镜蛇王,draft,,loc/zh-Hans/lua_cards.csv
"cards_name:DU:Jakeb, Cobra Shaman",cards_name,DU,d31ee050a898,"Jakeb, Cobra Shaman",杰克布·眼镜蛇萨满,draft,,loc/zh-Hans/lua_cards.csv
"cards_name:DU:Moken, the Huntmaster",cards_name,DU,24a0f3c5268a,"Moken, the Huntmaster",莫肯·猎主,draft,,loc/zh-Hans/lua_cards.csv
cards_name:DU:Mosaic Horn,cards_name,DU,0b509d55ebf6,Mosaic Horn,镶嵌号角,draft,,loc/zh-Hans/lua_cards.csv
cards_name:DU:Nightmare Sentinel,cards_name,DU,1dc373085df9,Nightmare Sentinel,梦魇哨卫,draft,,loc/zh-Hans/lua_cards.csv
cards_name:DU:Nyxian Ritualist,cards_name,DU,029ff9bdc7c4,Nyxian Ritualist,尼克斯祭仪师,draft,,loc/zh-Hans/lua_cards.csv
cards_name:DU:Otherworldly Guide,cards_name,DU,eef257ceba7a,Otherworldly Guide,异界向导,draft,,loc/zh-Hans/lua_cards.csv
cards_name:DU:Oxipede,cards_name,DU,dcf45e8939a8,Oxipede,牛蜈,draft,,loc/zh-Hans/lua_cards.csv
cards_name:DU:Phasefiend,cards_name,DU,ecd80507c8be,Phasefiend,相位邪魔,draft,,loc/zh-Hans/lua_cards.csv
cards_name:DU:Plunder Devil,cards_name,DU,ff16279be3fe,Plunder Devil,掠夺恶魔,draft,,loc/zh-Hans/lua_cards.csv
cards_name:DU:Raven Siren,cards_name,DU,7038a90ec6e1,Raven Siren,乌鸦海妖,draft,,loc/zh-Hans/lua_cards.csv
cards_name:DU:Replication Drone,cards_name,DU,6bf194f20f59,Replication Drone,复制无人机,draft,,loc/zh-Hans/lua_cards.csv
cards_name:DU:Riftwalker's Axe,cards_name,DU,d54d4d33cf48,Riftwalker's Axe,裂隙行者的斧,draft,,loc/zh-Hans/lua_cards.csv
cards_name:DU:Scrabbling Squad,cards_name,DU,e8c9ba984f2a,Scrabbling Squad,翻捡小队,draft,,loc/zh-Hans/lua_cards.csv
cards_name:DU:Scrap Scrabbler,cards_name,DU,150d13f231c8,Scrap Scrabbler,废料翻捡者,draft,,loc/zh-Hans/lua_cards.csv
cards_name:DU:Shardfinder Compass,cards_name,DU,79cde08e87d4,Shardfinder Compass,寻晶者罗盘,draft,,loc/zh-Hans/lua_cards.csv
cards_name:DU:Smoke Tyrant,cards_name,DU,cc4e7b59a6ec,Smoke Tyrant,烟雾暴君,draft,,loc/zh-Hans/lua_cards.csv
"cards_name:DU:Toric, Ascendant",cards_name,DU,a7b64520f7f2,"Toric, Ascendant",托里克·飞升者,draft,,loc/zh-Hans/lua_cards.csv
"cards_name:DU:Toric, Devoted Disciple",cards_name,DU,9f26cf166fed,"Toric, Devoted Disciple",托里克·虔诚门徒,draft,,loc/zh-Hans/lua_cards.csv
cards_name:DU:Valiant Ascetic,cards_name,DU,cd5e21ec3131,Valiant Ascetic,勇毅苦行僧,draft,,loc/zh-Hans/lua_cards.csv
cards_name:DU:Vault Lich,cards_name,DU,5caf65c9aa4e,Vault Lich,宝库巫妖,draft,,loc/zh-Hans/lua_cards.csv
"cards_name:DU:Veya, Handmaiden of Logos",cards_name,DU,880a8dfbaa44,"Veya, Handmaiden of Logos",维雅·逻各斯侍女,draft,,loc/zh-Hans/lua_cards.csv
cards_name:DU:Voidsworn Champion,cards_name,DU,b666e35e4e21,Voidsworn Champion,誓虚冠军,draft,,loc/zh-Hans/lua_cards.csv
cards_name:DU:Voidsworn Warrior,cards_name,DU,940380586427,Voidsworn Warrior,誓虚战士,draft,,loc/zh-Hans/lua_cards.csv
cards_name:DU:Webclaw,cards_name,DU,1dbe1c4e379e,Webclaw,网爪,draft,,loc/zh-Hans/lua_cards.csv
"cards_name:DU:Yolocryx, the Guardian",cards_name,DU,7b16febc3036,"Yolocryx, the Guardian",约洛克瑞克斯·守卫,draft,,loc/zh-Hans/lua_cards.csv
cards_name:DU:Yolothian Monolith,cards_name,DU,e24dd0497f5a,Yolothian Monolith,约洛斯巨石,draft,,loc/zh-Hans/lua_cards.csv
cards_name:Del:Aegis Knight,cards_name,Del,2f850d76a2b5,Aegis Knight,神盾骑士,draft,,loc/zh-Hans/lua_cards.csv
cards_name:Del:Arbiter Circlet,cards_name,Del,6241026f19dc,Arbiter Circlet,仲裁者头环,draft,,loc/zh-Hans/lua_cards.csv
cards_name:Del:Bleaktoad,cards_name,Del,38d1366048cb,Bleaktoad,荒蟾,draft,,loc/zh-Hans/lua_cards.csv
"cards_name:Del:Cetra, Voidmother",cards_name,Del,d326b3180db9,"Cetra, Voidmother",虚空之母塞特拉,draft,,loc/zh-Hans/lua_cards.csv
cards_name:Del:Clockwork Blade,cards_name,Del,2e6ac120afe7,Clockwork Blade,发条刃,draft,,loc/zh-Hans/lua_cards.csv
cards_name:Del:Clockwork Familiar,cards_name,Del,381be01a315d,Clockwork Familiar,发条使魔,draft,,loc/zh-Hans/lua_cards.csv
cards_name:Del:Clockwork Helm,cards_name,Del,0e8ea34a5424,Clockwork Helm,发条盔,draft,,loc/zh-Hans/lua_cards.csv
cards_name:Del:Clockwork Shield,cards_name,Del,944766738670,Clockwork Shield,发条盾,draft,,loc/zh-Hans/lua_cards.csv
cards_name:Del:Darktome Librarian,cards_name,Del,b5f5b228c771,Darktome Librarian,暗典图书管理员,draft,,loc/zh-Hans/lua_cards.csv
cards_name:Del:Delirium Nymph,cards_name,Del,f96c46b9fc8c,Delirium Nymph,谵妄宁芙,draft,,loc/zh-Hans/lua_cards.csv
cards_name:Del:Delirium Pixies,cards_name,Del,6053c60dfd53,Delirium Pixies,谵妄小仙,draft,,loc/zh-Hans/lua_cards.csv
cards_name:Del:Demon Pups,cards_name,Del,afd511d8e96c,Demon Pups,恶魔幼崽,draft,,loc/zh-Hans/lua_cards.csv
"cards_name:Del:Dhartha, Mechamonk",cards_name,Del,68b9126908ef,"Dhartha, Mechamonk",达萨·机械僧,draft,,loc/zh-Hans/lua_cards.csv
cards_name:Del:Dimension Monk,cards_name,Del,dfe4f1839a39,Dimension Monk,维度僧侣,draft,,loc/zh-Hans/lua_cards.csv
cards_name:Del:Divine Askara,cards_name,Del,d2d89a9a7857,Divine Askara,神圣阿斯卡拉,draft,,loc/zh-Hans/lua_cards.csv
cards_name:Del:Dreadmare,cards_name,Del,e0680146605d,Dreadmare,惧马,draft,,loc/zh-Hans/lua_cards.csv
cards_name:Del:Dream Dealer,cards_name,Del,21013a3fc06c,Dream Dealer,梦交易者,draft,,loc/zh-Hans/lua_cards.csv
cards_name:Del:Dream Eater,cards_name,Del,6fca328e77db,Dream Eater,梦吞噬者,draft,,loc/zh-Hans/lua_cards.csv
cards_name:Del:Dream Guide,cards_name,Del,bd52f45bfc2c,Dream Guide,梦向导,draft,,loc/zh-Hans/lua_cards.csv
cards_name:Del:Dream Stone,cards_name,Del,06a727eaced8,Dream Stone,梦石,draft,,loc/zh-Hans/lua_cards.csv
cards_name:Del:Dreamscape Diviner,cards_name,Del,893c71ac9737,Dreamscape Diviner,梦境占卜者,draft,,loc/zh-Hans/lua_cards.csv
cards_name:Del:Dreamscape Dryad,cards_name,Del,f6a149690079,Dreamscape Dryad,梦境树灵,draft,,loc/zh-Hans/lua_cards.csv
cards_name:Del:Emma Ironheart,cards_name,Del,2e82d81b2ac1,Emma Ironheart,艾玛铁之心,draft,,loc/zh-Hans/lua_cards.csv
"cards_name:Del:Emri, Lightbringer",cards_name,Del,3d8be15d608f,"Emri, Lightbringer",携光者艾姆瑞,draft,,loc/zh-Hans/lua_cards.csv
"cards_name:Del:Evvy, Ogo's Gift",cards_name,Del,d9f36fdde195,"Evvy, Ogo's Gift",艾薇·奥戈的馈赠,draft,,loc/zh-Hans/lua_cards.csv
"cards_name:Del:Glover, Dream Titan",cards_name,Del,3a69a15cd65f,"Glover, Dream Titan",格洛弗·梦泰坦,draft,,loc/zh-Hans/lua_cards.csv
cards_name:Del:Inferna Templar,cards_name,Del,79a5b88f635f,Inferna Templar,炼狱圣殿武士,draft,,loc/zh-Hans/lua_cards.csv
cards_name:Del:Karion,cards_name,Del,6970ae7a794c,Karion,卡里昂,draft,,loc/zh-Hans/lua_cards.csv
"cards_name:Del:Kor, Worldbreaker",cards_name,Del,847e679a6ffc,"Kor, Worldbreaker",科尔·碎界者,draft,,loc/zh-Hans/lua_cards.csv
"cards_name:Del:Loa, Dream Dragon",cards_name,Del,dfd81997aabf,"Loa, Dream Dragon",洛阿·梦龙,draft,,loc/zh-Hans/lua_cards.csv
cards_name:Del:Mammoth Beetle,cards_name,Del,1c42084aee27,Mammoth Beetle,巨甲虫,draft,,loc/zh-Hans/lua_cards.csv
"cards_name:Del:Naka, Shadeborn",cards_name,Del,37e3985cadf1,"Naka, Shadeborn",纳卡·影生,draft,,loc/zh-Hans/lua_cards.csv
cards_name:Del:Nihil Chemist,cards_name,Del,b992b54d68d6,Nihil Chemist,虚无药剂师,draft,,loc/zh-Hans/lua_cards.csv
cards_name:Del:Nilhammer,cards_name,Del,181cdd16e02c,Nilhammer,虚无锤,draft,,loc/zh-Hans/lua_cards.csv
cards_name:Del:Oak of Souls,cards_name,Del,7eecff274607,Oak of Souls,橡灵魂,draft,,loc/zh-Hans/lua_cards.csv
cards_name:Del:Ogo War Tree,cards_name,Del,2e3948e0edb5,Ogo War Tree,奥戈战争树,draft,,loc/zh-Hans/lua_cards.csv
cards_name:Del:Pollen Pixie,cards_name,Del,a6220513f995,Pollen Pixie,花粉小仙,draft,,loc/zh-Hans/lua_cards.csv
cards_name:Del:Salvage Yard,cards_name,Del,e2b3de9eb2d4,Salvage Yard,打捞场,draft,,loc/zh-Hans/lua_cards.csv
cards_name:Del:Scrapbot Scrapper,cards_name,Del,c7448b10d411,Scrapbot Scrapper,废料机拆解者,draft,,loc/zh-Hans/lua_cards.csv
cards_name:Del:Shield Bearer,cards_name,Del,c4d23b43320c,Shield Bearer,盾持有者,draft,,loc/zh-Hans/lua_cards.csv
cards_name:Del:Steelweaver,cards_name,Del,098076a8c02e,Steelweaver,织钢者,draft,,loc/zh-Hans/lua_cards.csv
cards_name:Del:Templar General,cards_name,Del,0f5fc38b8ea6,Templar General,圣殿武士将军,draft,,loc/zh-Hans/lua_cards.csv
cards_name:Del:The Dragon's Eye,cards_name,Del,c63c4394fef9,The Dragon's Eye,龙之眼,draft,,loc/zh-Hans/lua_cards.csv
cards_name:Del:Torment Legionary,cards_name,Del,f1e1c64d7d48,Torment Legionary,折磨军团兵,draft,,loc/zh-Hans/lua_cards.csv
cards_name:Del:Tuskrider,cards_name,Del,29d6ecc1e35d,Tuskrider,牙骑手,draft,,loc/zh-Hans/lua_cards.csv
cards_name:Del:Vineweaver,cards_name,Del,71934dd50471,Vineweaver,织藤者,draft,,loc/zh-Hans/lua_cards.csv
cards_name:Del:Voidrager,cards_name,Del,d4324bfb7355,Voidrager,虚空狂怒者,draft,,loc/zh-Hans/lua_cards.csv
cards_name:Del:Voidspeaker,cards_name,Del,7de72dec248c,Voidspeaker,虚空语者,draft,,loc/zh-Hans/lua_cards.csv
"cards_name:Del:Zis, Dreamreaper",cards_name,Del,64069d131a70,"Zis, Dreamreaper",齐斯·刈梦者,draft,,loc/zh-Hans/lua_cards.csv
cards_name:Dlvr:Aether Warrior,cards_name,Dlvr,b3fb85534121,Aether Warrior,以太战士,draft,,loc/zh-Hans/lua_cards.csv
cards_name:Dlvr:Azurite Channeler,cards_name,Dlvr,378ae9d5d51c,Azurite Channeler,蓝铜引导者,draft,,loc/zh-Hans/lua_cards.csv
cards_name:Dlvr:Blackwatch Dreamer,cards_name,Dlvr,5e5539984165,Blackwatch Dreamer,黑卫梦者,draft,,loc/zh-Hans/lua_cards.csv
"cards_name:Dlvr:Caaro, Desert Breaker",cards_name,Dlvr,95cfcff7bb72,"Caaro, Desert Breaker",卡罗·沙漠破碎者,draft,,loc/zh-Hans/lua_cards.csv
cards_name:Dlvr:Controlsmith,cards_name,Dlvr,f3351a56518e,Controlsmith,控术匠,draft,,loc/zh-Hans/lua_cards.csv
cards_name:Dlvr:Corite Mechanadon,cards_name,Dlvr,3807442c3675,Corite Mechanadon,刚玉机械兽,draft,,loc/zh-Hans/lua_cards.csv
cards_name:Dlvr:Demon Hunter,cards_name,Dlvr,778fbf797a54,Demon Hunter,恶魔猎手,draft,,loc/zh-Hans/lua_cards.csv
cards_name:Dlvr:Demon Master,cards_name,Dlvr,e3b34fb43d90,Demon Master,恶魔大师,draft,,loc/zh-Hans/lua_cards.csv
"cards_name:Dlvr:Dhartha, Dream Master",cards_name,Dlvr,0658342d24c2,"Dhartha, Dream Master",达萨·梦大师,draft,,loc/zh-Hans/lua_cards.csv
cards_name:Dlvr:Dreadmage,cards_name,Dlvr,004ee90ffd5b,Dreadmage,恐惧法师,draft,,loc/zh-Hans/lua_cards.csv
cards_name:Dlvr:Dream Anchor,cards_name,Dlvr,4a4d0c2e72df,Dream Anchor,梦锚,draft,,loc/zh-Hans/lua_cards.csv
cards_name:Dlvr:Dream Chamber Disciples,cards_name,Dlvr,57cc563c4c64,Dream Chamber Disciples,梦室门徒们,draft,,loc/zh-Hans/lua_cards.csv
cards_name:Dlvr:Dream Titan,cards_name,Dlvr,64c9533e6e15,Dream Titan,梦泰坦,draft,,loc/zh-Hans/lua_cards.csv
cards_name:Dlvr:Dream Tyrant,cards_name,Dlvr,27b2ac99abb7,Dream Tyrant,梦境暴君,draft,,loc/zh-Hans/lua_cards.csv
cards_name:Dlvr:Dreamscarred Hunter,cards_name,Dlvr,67c40d99e79e,Dreamscarred Hunter,梦痕猎手,draft,,loc/zh-Hans/lua_cards.csv
cards_name:Dlvr:Dreamseeker Start,cards_name,Dlvr,86ea105e7fa7,Dreamseeker Start,寻梦者,draft,,loc/zh-Hans/lua_cards.csv
cards_name:Dlvr:Dreamwalker,cards_name,Dlvr,dadefb744c55,Dreamwalker,梦行者,draft,,loc/zh-Hans/lua_cards.csv
cards_name:Dlvr:Emma's Mechannon,cards_name,Dlvr,b654c363b699,Emma's Mechannon,艾玛的机加农,draft,,loc/zh-Hans/lua_cards.csv
cards_name:Dlvr:Emma's Teletransmitter,cards_name,Dlvr,87673c44ed98,Emma's Teletransmitter,艾玛的远传器,draft,,loc/zh-Hans/lua_cards.csv
cards_name:Dlvr:Emma's Voidcycler,cards_name,Dlvr,ddfa67253065,Emma's Voidcycler,艾玛的虚空循环器,draft,,loc/zh-Hans/lua_cards.csv
cards_name:Dlvr:Emma's Workshop,cards_name,Dlvr,858171fdbb30,Emma's Workshop,艾玛的工坊,draft,,loc/zh-Hans/lua_cards.csv
"cards_name:Dlvr:Emri, Soulstealer",cards_name,Dlvr,a003c5586d89,"Emri, Soulstealer",窃魂者艾姆瑞,draft,,loc/zh-Hans/lua_cards.csv
cards_name:Dlvr:Entrophantasm,cards_name,Dlvr,20ca29f26d12,Entrophantasm,熵幻象,draft,,loc/zh-Hans/lua_cards.csv
cards_name:Dlvr:Faerie Commander,cards_name,Dlvr,c0f90547a4d1,Faerie Commander,仙灵指挥官,draft,,loc/zh-Hans/lua_cards.csv
cards_name:Dlvr:Gearseer,cards_name,Dlvr,4ff400e9d7d8,Gearseer,齿轮预言者,draft,,loc/zh-Hans/lua_cards.csv
cards_name:Dlvr:Green Spritelings,cards_name,Dlvr,f206145eaf72,Green Spritelings,绿小精灵,draft,,loc/zh-Hans/lua_cards.csv
cards_name:Dlvr:Invokist,cards_name,Dlvr,c2c3853372a1,Invokist,祈唤师,draft,,loc/zh-Hans/lua_cards.csv
cards_name:Dlvr:Ironheart Blueprint,cards_name,Dlvr,233f17dc1062,Ironheart Blueprint,铁之心蓝图,draft,,loc/zh-Hans/lua_cards.csv
cards_name:Dlvr:Lychan Beast,cards_name,Dlvr,a42fe75053a4,Lychan Beast,狼化野兽,draft,,loc/zh-Hans/lua_cards.csv
cards_name:Dlvr:Lychan Ranger,cards_name,Dlvr,33e79fbb6b00,Lychan Ranger,狼化游侠,draft,,loc/zh-Hans/lua_cards.csv
cards_name:Dlvr:Mechannon Blueprint,cards_name,Dlvr,a3f3332f01d8,Mechannon Blueprint,机加农蓝图,draft,,loc/zh-Hans/lua_cards.csv
"cards_name:Dlvr:Naka, Emri's Chosen",cards_name,Dlvr,7680b55f9522,"Naka, Emri's Chosen",纳卡·艾姆瑞的天选者,draft,,loc/zh-Hans/lua_cards.csv
cards_name:Dlvr:Nightmarauders,cards_name,Dlvr,ae5b1365caca,Nightmarauders,梦魇掠夺者,draft,,loc/zh-Hans/lua_cards.csv
cards_name:Dlvr:Nihil Bomber,cards_name,Dlvr,14c910e8f680,Nihil Bomber,虚无投弹者,draft,,loc/zh-Hans/lua_cards.csv
"cards_name:Dlvr:Nilia, The Shattered",cards_name,Dlvr,0230a72ef76a,"Nilia, The Shattered",尼莉亚·破碎,draft,,loc/zh-Hans/lua_cards.csv
cards_name:Dlvr:Obfusca Spirit,cards_name,Dlvr,e9ee72c06228,Obfusca Spirit,朦胧精魂,draft,,loc/zh-Hans/lua_cards.csv
cards_name:Dlvr:Pasythea's Cutlass,cards_name,Dlvr,007fe6f1790d,Pasythea's Cutlass,帕西提亚的弯刀,draft,,loc/zh-Hans/lua_cards.csv
cards_name:Dlvr:Pasythea's Katana,cards_name,Dlvr,2c61592bd871,Pasythea's Katana,帕西提亚的刀,draft,,loc/zh-Hans/lua_cards.csv
cards_name:Dlvr:Pasythea's Mace,cards_name,Dlvr,5c52764aca59,Pasythea's Mace,帕西提亚的锤矛,draft,,loc/zh-Hans/lua_cards.csv
cards_name:Dlvr:Pasythea's Scimitar,cards_name,Dlvr,0eb1f48cc715,Pasythea's Scimitar,帕西提亚的弯刀,draft,,loc/zh-Hans/lua_cards.csv
"cards_name:Dlvr:Pasythea, The Redeemed",cards_name,Dlvr,fa9a87b0d2f4,"Pasythea, The Redeemed",帕西提亚·救赎者,draft,,loc/zh-Hans/lua_cards.csv
cards_name:Dlvr:Psyche Askara,cards_name,Dlvr,e0df4221bb57,Psyche Askara,心灵阿斯卡拉,draft,,loc/zh-Hans/lua_cards.csv
cards_name:Dlvr:Psyonic Apprentice,cards_name,Dlvr,43c1962c82e7,Psyonic Apprentice,心灵学徒,draft,,loc/zh-Hans/lua_cards.csv
cards_name:Dlvr:Psyonic Paladin,cards_name,Dlvr,d0e183ce1f5a,Psyonic Paladin,心灵圣骑士,draft,,loc/zh-Hans/lua_cards.csv
"cards_name:Dlvr:Rakar, Corrupt Askara",cards_name,Dlvr,cc4e483d7d7e,"Rakar, Corrupt Askara",拉卡尔·腐化阿斯卡拉,draft,,loc/zh-Hans/lua_cards.csv
cards_name:Dlvr:River Reaper,cards_name,Dlvr,d18c4dc97ae1,River Reaper,河收割者,draft,,loc/zh-Hans/lua_cards.csv
"cards_name:Dlvr:Rut, Oaken Master",cards_name,Dlvr,fec90e0da338,"Rut, Oaken Master",橡木大师鲁特,draft,,loc/zh-Hans/lua_cards.csv
cards_name:Dlvr:Stone Artificers,cards_name,Dlvr,567b0b7938ba,Stone Artificers,石神器师,draft,,loc/zh-Hans/lua_cards.csv
cards_name:Dlvr:Teletransmitter Blueprint,cards_name,Dlvr,ff382afa619f,Teletransmitter Blueprint,远传器蓝图,draft,,loc/zh-Hans/lua_cards.csv
cards_name:Dlvr:Terminites,cards_name,Dlvr,b1def68294c8,Terminites,终末蚁,draft,,loc/zh-Hans/lua_cards.csv
cards_name:Dlvr:The Ironheart,cards_name,Dlvr,84fa8e400769,The Ironheart,铁之心,draft,,loc/zh-Hans/lua_cards.csv
cards_name:Dlvr:Tree of Bounty,cards_name,Dlvr,bb910cd2f0e0,Tree of Bounty,树丰饶,draft,,loc/zh-Hans/lua_cards.csv
cards_name:Dlvr:Void Amathyst Defender,cards_name,Dlvr,17d6000423e1,Void Amathyst Defender,虚空紫晶防御者,draft,,loc/zh-Hans/lua_cards.csv
cards_name:Dlvr:Voidcycler Blueprint,cards_name,Dlvr,c57cb81471e1,Voidcycler Blueprint,虚空循环器蓝图,draft,,loc/zh-Hans/lua_cards.csv
cards_name:Dlvr:Warpdruid,cards_name,Dlvr,38e5b2255dcc,Warpdruid,扭曲德鲁伊,draft,,loc/zh-Hans/lua_cards.csv
cards_name:Dlvr:Warprogue,cards_name,Dlvr,0415ddd64d48,Warprogue,扭曲游荡者,draft,,loc/zh-Hans/lua_cards.csv
cards_name:Dlvr:Wereboar,cards_name,Dlvr,54976fd709c3,Wereboar,野猪人,draft,,loc/zh-Hans/lua_cards.csv
cards_name:Dlvr:Zinta's Bracers,cards_name,Dlvr,2709e774cd3d,Zinta's Bracers,辛塔的护腕,draft,,loc/zh-Hans/lua_cards.csv
"cards_name:DoC:Adam, Builder Adept",cards_name,DoC,ba52e8fce9ff,"Adam, Builder Adept",亚当·建造者能手,draft,,loc/zh-Hans/lua_cards.csv
"cards_name:DoC:Aranyx, the Glutton",cards_name,DoC,f53fe7a735ad,"Aranyx, the Glutton",阿兰尼克斯·贪食者,draft,,loc/zh-Hans/lua_cards.csv
cards_name:DoC:Austere Sage,cards_name,DoC,a25776f5633e,Austere Sage,严苛贤者,draft,,loc/zh-Hans/lua_cards.csv
cards_name:DoC:Betrayed Templar,cards_name,DoC,2cf7221ce476,Betrayed Templar,被弃圣殿武士,draft,,loc/zh-Hans/lua_cards.csv
cards_name:DoC:Canopy Sanctuary,cards_name,DoC,bca02a29b669,Canopy Sanctuary,树冠圣所,draft,,loc/zh-Hans/lua_cards.csv
cards_name:DoC:Clockwork Sentry,cards_name,DoC,8cc932a480be,Clockwork Sentry,发条哨兵,draft,,loc/zh-Hans/lua_cards.csv
cards_name:DoC:Conversion Port,cards_name,DoC,388ee1539f38,Conversion Port,转化端口,draft,,loc/zh-Hans/lua_cards.csv
cards_name:DoC:Corrupted Sage,cards_name,DoC,9ff96494faf9,Corrupted Sage,腐化贤者,draft,,loc/zh-Hans/lua_cards.csv
cards_name:DoC:Cult of the False Circle,cards_name,DoC,8782279efcca,Cult of the False Circle,邪教虚假环,draft,,loc/zh-Hans/lua_cards.csv
cards_name:DoC:Daybreak Askara,cards_name,DoC,1effcb40d682,Daybreak Askara,破晓阿斯卡拉,draft,,loc/zh-Hans/lua_cards.csv
cards_name:DoC:Deathfinder,cards_name,DoC,b23657ad3d8a,Deathfinder,寻死者,draft,,loc/zh-Hans/lua_cards.csv
cards_name:DoC:Dhartha,cards_name,DoC,3053ef4879d9,Dhartha,达萨,draft,,loc/zh-Hans/lua_cards.csv
"cards_name:DoC:Dhartha, Master of Sight",cards_name,DoC,680897818e67,"Dhartha, Master of Sight",达萨·大师视界,draft,,loc/zh-Hans/lua_cards.csv
cards_name:DoC:Emissary of Dawn,cards_name,DoC,1abe4eabeb9f,Emissary of Dawn,使者黎明,draft,,loc/zh-Hans/lua_cards.csv
cards_name:DoC:Emri's Sting,cards_name,DoC,888784f32918,Emri's Sting,艾姆瑞的毒刺,draft,,loc/zh-Hans/lua_cards.csv
cards_name:DoC:Exhaust Lurker,cards_name,DoC,0af4345a653e,Exhaust Lurker,废气潜伏者,draft,,loc/zh-Hans/lua_cards.csv
cards_name:DoC:Flytrap Staff,cards_name,DoC,dfddba31d806,Flytrap Staff,捕蝇草法杖,draft,,loc/zh-Hans/lua_cards.csv
cards_name:DoC:Genesis Capsule,cards_name,DoC,3bb75f02127c,Genesis Capsule,创世舱,draft,,loc/zh-Hans/lua_cards.csv
cards_name:DoC:Gnome Repairbot,cards_name,DoC,658911698f4e,Gnome Repairbot,侏儒修理机,draft,,loc/zh-Hans/lua_cards.csv
cards_name:DoC:Guide of Lost Souls,cards_name,DoC,d32e38158daa,Guide of Lost Souls,迷途灵魂向导,draft,,loc/zh-Hans/lua_cards.csv
cards_name:DoC:Kor,cards_name,DoC,32b158dc65ae,Kor,科尔,draft,,loc/zh-Hans/lua_cards.csv
"cards_name:DoC:Kor, the Ironmind",cards_name,DoC,23617690f830,"Kor, the Ironmind",科尔·铁心,draft,,loc/zh-Hans/lua_cards.csv
cards_name:DoC:Library Familiar,cards_name,DoC,d691c8bc553e,Library Familiar,图书馆使魔,draft,,loc/zh-Hans/lua_cards.csv
cards_name:DoC:Maniacal Crusher,cards_name,DoC,39782343b3b5,Maniacal Crusher,狂乱粉碎者,draft,,loc/zh-Hans/lua_cards.csv
cards_name:DoC:Mantra of Renewal,cards_name,DoC,8e4b1ccf842b,Mantra of Renewal,真言更新,draft,,loc/zh-Hans/lua_cards.csv
cards_name:DoC:Moonveil Clique,cards_name,DoC,57ef184b4044,Moonveil Clique,月纱小圈子,draft,,loc/zh-Hans/lua_cards.csv
cards_name:DoC:Morbid Hammer,cards_name,DoC,7d81f5240b64,Morbid Hammer,病态锤,draft,,loc/zh-Hans/lua_cards.csv
cards_name:DoC:Muse of Rebirth,cards_name,DoC,ea7c4bc731a5,Muse of Rebirth,缪斯重生,draft,,loc/zh-Hans/lua_cards.csv
cards_name:DoC:Nairi,cards_name,DoC,05a76233afc1,Nairi,奈莉,draft,,loc/zh-Hans/lua_cards.csv
"cards_name:DoC:Nairi, Wild Queen",cards_name,DoC,d9c0eab78d5c,"Nairi, Wild Queen",奈莉·荒野女王,draft,,loc/zh-Hans/lua_cards.csv
cards_name:DoC:Ogo Courier,cards_name,DoC,f4469508138f,Ogo Courier,奥戈信使,draft,,loc/zh-Hans/lua_cards.csv
cards_name:DoC:Overhaul Cleric,cards_name,DoC,361486834b38,Overhaul Cleric,大修神职者,draft,,loc/zh-Hans/lua_cards.csv
cards_name:DoC:Pack Leader,cards_name,DoC,11e389fd9e45,Pack Leader,兽群首领,draft,,loc/zh-Hans/lua_cards.csv
cards_name:DoC:Plasma Cannon,cards_name,DoC,3048a3ae0a13,Plasma Cannon,等离子加农,draft,,loc/zh-Hans/lua_cards.csv
cards_name:DoC:Premonition Bell,cards_name,DoC,b51b990ae739,Premonition Bell,预感钟,draft,,loc/zh-Hans/lua_cards.csv
cards_name:DoC:Prospector Scout,cards_name,DoC,d625896e3d55,Prospector Scout,探矿者斥候,draft,,loc/zh-Hans/lua_cards.csv
cards_name:DoC:Rejected Prototype,cards_name,DoC,98fa19a424af,Rejected Prototype,废弃原型,draft,,loc/zh-Hans/lua_cards.csv
cards_name:DoC:Riftdrake Rider,cards_name,DoC,e8fe417f1334,Riftdrake Rider,裂隙龙兽骑手,draft,,loc/zh-Hans/lua_cards.csv
cards_name:DoC:Riftgate Conjuror,cards_name,DoC,252c6b58b8f2,Riftgate Conjuror,裂隙门咒术师,draft,,loc/zh-Hans/lua_cards.csv
cards_name:DoC:Riftwatch Turret,cards_name,DoC,fcd253176603,Riftwatch Turret,裂隙守望炮塔,draft,,loc/zh-Hans/lua_cards.csv
cards_name:DoC:Rootscryer,cards_name,DoC,462980d0727f,Rootscryer,根卜者,draft,,loc/zh-Hans/lua_cards.csv
cards_name:DoC:Sadranis,cards_name,DoC,1838675e8315,Sadranis,萨德拉尼斯,draft,,loc/zh-Hans/lua_cards.csv
"cards_name:DoC:Sadranis, Dark Savant",cards_name,DoC,f3c48d83df95,"Sadranis, Dark Savant",萨德拉尼斯·黑暗学者,draft,,loc/zh-Hans/lua_cards.csv
cards_name:DoC:Seer of Days Past,cards_name,DoC,20f6c0a503c0,Seer of Days Past,预言者往日过去,draft,,loc/zh-Hans/lua_cards.csv
cards_name:DoC:Serene Ascetic,cards_name,DoC,65a0fc6f321b,Serene Ascetic,宁静苦行僧,draft,,loc/zh-Hans/lua_cards.csv
cards_name:DoC:Shade's Bargain,cards_name,DoC,cd51d985df9e,Shade's Bargain,暗影交易,draft,,loc/zh-Hans/lua_cards.csv
cards_name:DoC:Shepherd of the Lost,cards_name,DoC,0956c8bc69a1,Shepherd of the Lost,牧者迷失,draft,,loc/zh-Hans/lua_cards.csv
cards_name:DoC:Spark Bug,cards_name,DoC,5f26b2c81feb,Spark Bug,火花虫,draft,,loc/zh-Hans/lua_cards.csv
cards_name:DoC:Starlight Sanctum,cards_name,DoC,b1b44c3b8b9f,Starlight Sanctum,星光圣所,draft,,loc/zh-Hans/lua_cards.csv
cards_name:DoC:Surge Protector,cards_name,DoC,3ff9871e5832,Surge Protector,浪涌保护者,draft,,loc/zh-Hans/lua_cards.csv
"cards_name:DoC:Surya, Light's Sword",cards_name,DoC,759387a6557a,"Surya, Light's Sword",苏尔亚·光明的剑,draft,,loc/zh-Hans/lua_cards.csv
cards_name:DoC:Thorned Charger,cards_name,DoC,fa62512101a3,Thorned Charger,棘刺冲锋者,draft,,loc/zh-Hans/lua_cards.csv
cards_name:DoC:Undaunted Scout,cards_name,DoC,fe56a3552b08,Undaunted Scout,无畏斥候,draft,,loc/zh-Hans/lua_cards.csv
cards_name:DoC:Wild Riftdrake,cards_name,DoC,825220dc1686,Wild Riftdrake,荒野裂隙龙兽,draft,,loc/zh-Hans/lua_cards.csv
cards_name:DoC:Wildgear Sower,cards_name,DoC,d3cc5d75f16c,Wildgear Sower,野性齿轮播种者,draft,,loc/zh-Hans/lua_cards.csv
"cards_name:DoC:Xeron, Lord of Deofol",cards_name,DoC,2dcdc80543c0,"Xeron, Lord of Deofol",泽伦·迪奥福尔之主,draft,,loc/zh-Hans/lua_cards.csv
cards_name:GotE:Bam Tribe Gremlins,cards_name,GotE,fbc9cdd6ca6b,Bam Tribe Gremlins,巴姆部落小妖们,draft,,loc/zh-Hans/lua_cards.csv
cards_name:GotE:Blast Goggles,cards_name,GotE,2614d195a3c7,Blast Goggles,爆破护目镜,draft,,loc/zh-Hans/lua_cards.csv
cards_name:GotE:Bramble Elemental,cards_name,GotE,4f28d70f4ab9,Bramble Elemental,荆棘元素,draft,,loc/zh-Hans/lua_cards.csv
cards_name:GotE:Brother Laias,cards_name,GotE,3c268c6f5b32,Brother Laias,修士莱亚斯,draft,,loc/zh-Hans/lua_cards.csv
cards_name:GotE:Cell Block E,cards_name,GotE,501c938864fc,Cell Block E,牢房E区,draft,,loc/zh-Hans/lua_cards.csv
cards_name:GotE:Cetra's Trial,cards_name,GotE,86578fb9c02b,Cetra's Trial,塞特拉的试炼,draft,,loc/zh-Hans/lua_cards.csv
"cards_name:GotE:Cetra, Celestial Body",cards_name,GotE,b717c0535e49,"Cetra, Celestial Body",天体塞特拉,draft,,loc/zh-Hans/lua_cards.csv
cards_name:GotE:Conduit Monk,cards_name,GotE,87fb83f6d7dd,Conduit Monk,导管僧侣,draft,,loc/zh-Hans/lua_cards.csv
cards_name:GotE:Deluge Elemental,cards_name,GotE,994c16afae31,Deluge Elemental,洪水元素,draft,,loc/zh-Hans/lua_cards.csv
cards_name:GotE:Deranged Aspirant,cards_name,GotE,b4036920cbdf,Deranged Aspirant,发狂追求者,draft,,loc/zh-Hans/lua_cards.csv
cards_name:GotE:Dhartha's Trial,cards_name,GotE,833a662d752b,Dhartha's Trial,达萨的试炼,draft,,loc/zh-Hans/lua_cards.csv
"cards_name:GotE:Dhartha, Eternal Seer",cards_name,GotE,ec95705d1651,"Dhartha, Eternal Seer",达萨·永恒预言者,draft,,loc/zh-Hans/lua_cards.csv
cards_name:GotE:Earthmender Pura,cards_name,GotE,3aa77c0660f7,Earthmender Pura,愈地者普拉,draft,,loc/zh-Hans/lua_cards.csv
cards_name:GotE:Eek Tribe Gremlin,cards_name,GotE,6499d8b5c934,Eek Tribe Gremlin,伊克部落小妖,draft,,loc/zh-Hans/lua_cards.csv
cards_name:GotE:Elemental Projector,cards_name,GotE,e823242ff764,Elemental Projector,元素投射器,draft,,loc/zh-Hans/lua_cards.csv
cards_name:GotE:Emri's Trial,cards_name,GotE,d451352102b5,Emri's Trial,艾姆瑞的试炼,draft,,loc/zh-Hans/lua_cards.csv
"cards_name:GotE:Emri, Born of Battle",cards_name,GotE,8f37eddafefd,"Emri, Born of Battle",战生艾姆瑞,draft,,loc/zh-Hans/lua_cards.csv
cards_name:GotE:Flourishing Druidess,cards_name,GotE,f141af5b6794,Flourishing Druidess,繁盛女德鲁伊,draft,,loc/zh-Hans/lua_cards.csv
cards_name:GotE:Forgemother Reysa,cards_name,GotE,ee37a0d2730b,Forgemother Reysa,锻母雷萨,draft,,loc/zh-Hans/lua_cards.csv
cards_name:GotE:Grand-Arbiter Todd,cards_name,GotE,34fea708e9cb,Grand-Arbiter Todd,大仲裁者托德,draft,,loc/zh-Hans/lua_cards.csv
cards_name:GotE:Hearthglow Clique,cards_name,GotE,12d48c58d3fb,Hearthglow Clique,炉辉小圈子,draft,,loc/zh-Hans/lua_cards.csv
cards_name:GotE:Innovative Aspirant,cards_name,GotE,b645615cad04,Innovative Aspirant,创新追求者,draft,,loc/zh-Hans/lua_cards.csv
cards_name:GotE:Iron Elemental,cards_name,GotE,a4727c9c01d1,Iron Elemental,铁元素,draft,,loc/zh-Hans/lua_cards.csv
cards_name:GotE:Keen-eyed Aspirant,cards_name,GotE,8cde5adfb732,Keen-eyed Aspirant,锐眼追求者,draft,,loc/zh-Hans/lua_cards.csv
"cards_name:GotE:Kiri, Meadow Witch",cards_name,GotE,e68294ba68e1,"Kiri, Meadow Witch",基莉·草地女巫,draft,,loc/zh-Hans/lua_cards.csv
cards_name:GotE:Madness' Embrace,cards_name,GotE,cd38c01d7479,Madness' Embrace,疯狂之拥,draft,,loc/zh-Hans/lua_cards.csv
cards_name:GotE:Nom Tribe Gremlin,cards_name,GotE,ac1b5a057b73,Nom Tribe Gremlin,诺姆部落小妖,draft,,loc/zh-Hans/lua_cards.csv
cards_name:GotE:Oblivion Blossoms,cards_name,GotE,994af20fee9d,Oblivion Blossoms,湮灭花,draft,,loc/zh-Hans/lua_cards.csv
cards_name:GotE:P.R.I.M.E. Directive,cards_name,GotE,752922828495,P.R.I.M.E. Directive,P.R.I.M.E.指令,draft,,loc/zh-Hans/lua_cards.csv
cards_name:GotE:Patient Assassin,cards_name,GotE,d0625d9e6268,Patient Assassin,耐心刺客,draft,,loc/zh-Hans/lua_cards.csv
cards_name:GotE:Piercing Eye,cards_name,GotE,a1caf95417f9,Piercing Eye,贯穿之眼,draft,,loc/zh-Hans/lua_cards.csv
cards_name:GotE:Processing Hub,cards_name,GotE,2812792c1a8b,Processing Hub,处理枢纽,draft,,loc/zh-Hans/lua_cards.csv
cards_name:GotE:Radiant Aspirant,cards_name,GotE,5078dc8462b2,Radiant Aspirant,辉耀追求者,draft,,loc/zh-Hans/lua_cards.csv
cards_name:GotE:Reysa's Trial,cards_name,GotE,1c1bbfedcee1,Reysa's Trial,雷萨的试炼,draft,,loc/zh-Hans/lua_cards.csv
cards_name:GotE:Scrap Weaver,cards_name,GotE,0eaf7f74114b,Scrap Weaver,废料编织者,draft,,loc/zh-Hans/lua_cards.csv
cards_name:GotE:Shadow Elemental,cards_name,GotE,9ec2ef65343c,Shadow Elemental,暗影元素,draft,,loc/zh-Hans/lua_cards.csv
cards_name:GotE:Sister of the Wind,cards_name,GotE,6bfb24d0fa43,Sister of the Wind,姐妹风,draft,,loc/zh-Hans/lua_cards.csv
"cards_name:GotE:Sonny, Lightwielder",cards_name,GotE,0ad4597473ca,"Sonny, Lightwielder",桑尼·持光者,draft,,loc/zh-Hans/lua_cards.csv
cards_name:GotE:Spire of Insight,cards_name,GotE,5bb8f7154b19,Spire of Insight,尖塔洞察,draft,,loc/zh-Hans/lua_cards.csv
cards_name:GotE:Static Elemental,cards_name,GotE,505aee5cfd3d,Static Elemental,静电元素,draft,,loc/zh-Hans/lua_cards.csv
cards_name:GotE:Tectonic Thrasher,cards_name,GotE,ebae906807ac,Tectonic Thrasher,地壳鞭笞者,draft,,loc/zh-Hans/lua_cards.csv
cards_name:GotE:Temple of Heroes,cards_name,GotE,b32567e02e3b,Temple of Heroes,英雄神殿,draft,,loc/zh-Hans/lua_cards.csv
cards_name:GotE:Temple of the Wind,cards_name,GotE,f910024aac05,Temple of the Wind,风之神殿,draft,,loc/zh-Hans/lua_cards.csv
cards_name:GotE:Thicket Familiar,cards_name,GotE,c7b0b36a1b2d,Thicket Familiar,灌木丛使魔,draft,,loc/zh-Hans/lua_cards.csv
cards_name:GotE:Thunder Templar,cards_name,GotE,70a19d86dfbf,Thunder Templar,雷圣殿武士,draft,,loc/zh-Hans/lua_cards.csv
cards_name:GotE:Ulan's Fist,cards_name,GotE,0e10569600a4,Ulan's Fist,乌兰的拳,draft,,loc/zh-Hans/lua_cards.csv
"cards_name:GotE:Ulan, the Crusher",cards_name,GotE,5606f3a5c7c7,"Ulan, the Crusher",乌兰·粉碎者,draft,,loc/zh-Hans/lua_cards.csv
cards_name:GotE:Unspeakable Doom,cards_name,GotE,b0f20daeaa7c,Unspeakable Doom,不可名状末日,draft,,loc/zh-Hans/lua_cards.csv
cards_name:GotE:Venom Priestess,cards_name,GotE,f3982c4cd275,Venom Priestess,毒液女祭司,draft,,loc/zh-Hans/lua_cards.csv
cards_name:GotE:Verdant Elemental,cards_name,GotE,36c2bdd117f2,Verdant Elemental,翠绿元素,draft,,loc/zh-Hans/lua_cards.csv
cards_name:GotE:Voidrift Stalker,cards_name,GotE,e8d2a0987679,Voidrift Stalker,虚空裂隙潜行者,draft,,loc/zh-Hans/lua_cards.csv
cards_name:GotE:Water Elemental,cards_name,GotE,889aa85f651e,Water Elemental,水元素,draft,,loc/zh-Hans/lua_cards.csv
cards_name:GotE:Whirlwind Ascetic,cards_name,GotE,52eba0c20b8d,Whirlwind Ascetic,旋风苦行僧,draft,,loc/zh-Hans/lua_cards.csv
cards_name:GotE:Wildbark Mail,cards_name,GotE,6b5a68b54d01,Wildbark Mail,野树皮甲胄,draft,,loc/zh-Hans/lua_cards.csv
cards_name:GotE:Wildfire Elemental,cards_name,GotE,8b2c6fcabc3d,Wildfire Elemental,野火元素,draft,,loc/zh-Hans/lua_cards.csv
cards_name:GotE:Xeron's Trial,cards_name,GotE,6b50c1b82c6e,Xeron's Trial,泽伦的试炼,draft,,loc/zh-Hans/lua_cards.csv
"cards_name:GotE:Xeron, False Ally",cards_name,GotE,3b7756967292,"Xeron, False Ally",泽伦·伪盟者,draft,,loc/zh-Hans/lua_cards.csv
cards_name:GotE:Yuk Tribe Gremlin,cards_name,GotE,96ab7db5367b,Yuk Tribe Gremlin,尤克部落小妖,draft,,loc/zh-Hans/lua_cards.csv
cards_name:GotE:Yuk Tribe Outcast,cards_name,GotE,9d7b99e5f5b6,Yuk Tribe Outcast,尤克部落放逐者,draft,,loc/zh-Hans/lua_cards.csv
"cards_name:GotE:Yur, Eye of Chaos",cards_name,GotE,0fc92e04461a,"Yur, Eye of Chaos",尤尔·之眼混沌,draft,,loc/zh-Hans/lua_cards.csv
"cards_name:IH:Aaron, the Godslayer",cards_name,IH,0de1a5d84479,"Aaron, the Godslayer",亚伦·弑神者,draft,,loc/zh-Hans/lua_cards.csv
cards_name:IH:Acidic Crawler,cards_name,IH,df1fd92e8d39,Acidic Crawler,酸性爬行者,draft,,loc/zh-Hans/lua_cards.csv
"cards_name:IH:Akam, the Genie",cards_name,IH,6866c6e26b50,"Akam, the Genie",阿卡姆·灯神,draft,,loc/zh-Hans/lua_cards.csv
cards_name:IH:Annihilation,cards_name,IH,5e53ae2ce3b4,Annihilation,歼灭,draft,,loc/zh-Hans/lua_cards.csv
cards_name:IH:Arha Medium,cards_name,IH,2c5e374e7060,Arha Medium,亚哈灵媒,draft,,loc/zh-Hans/lua_cards.csv
cards_name:IH:Askara of Souls,cards_name,IH,a72bb22bd222,Askara of Souls,灵魂阿斯卡拉,draft,,loc/zh-Hans/lua_cards.csv
cards_name:IH:Astroblade TRX,cards_name,IH,6fe7ee440e77,Astroblade TRX,星刃TRX,draft,,loc/zh-Hans/lua_cards.csv
cards_name:IH:Beast Staff,cards_name,IH,7a5dce087a3f,Beast Staff,野兽法杖,draft,,loc/zh-Hans/lua_cards.csv
"cards_name:IH:Belthar, Soul Collector",cards_name,IH,3375f55d9ee7,"Belthar, Soul Collector",贝尔萨·集魂者,draft,,loc/zh-Hans/lua_cards.csv
cards_name:IH:Cackling Jackal,cards_name,IH,662b9f3e5ffa,Cackling Jackal,狂笑豺狼,draft,,loc/zh-Hans/lua_cards.csv
cards_name:IH:Cosmic Protocol,cards_name,IH,0f16c027d1ed,Cosmic Protocol,宇宙协议,draft,,loc/zh-Hans/lua_cards.csv
cards_name:IH:Deathsworn Warrior,cards_name,IH,2cd9e5e8ed80,Deathsworn Warrior,誓死战士,draft,,loc/zh-Hans/lua_cards.csv
cards_name:IH:Driller Mark IV,cards_name,IH,721bab5a67fc,Driller Mark IV,钻机型号IV,draft,,loc/zh-Hans/lua_cards.csv
"cards_name:IH:Elan, Soul Marshal",cards_name,IH,43362e054bc9,"Elan, Soul Marshal",埃兰·灵魂元帅,draft,,loc/zh-Hans/lua_cards.csv
cards_name:IH:Energy Monk,cards_name,IH,c94cbe285d8c,Energy Monk,能量僧侣,draft,,loc/zh-Hans/lua_cards.csv
cards_name:IH:Growmites,cards_name,IH,a05095ae081d,Growmites,增生螨,draft,,loc/zh-Hans/lua_cards.csv
cards_name:IH:Hedron Pyromaniac,cards_name,IH,cf0b35d0fb38,Hedron Pyromaniac,多面体纵火狂,draft,,loc/zh-Hans/lua_cards.csv
"cards_name:IH:Kythis, Rebel Godling",cards_name,IH,1e9b57e0eeb7,"Kythis, Rebel Godling",凯西斯·反叛神子,draft,,loc/zh-Hans/lua_cards.csv
"cards_name:IH:Kythis, Rebel Godling v2",cards_name,IH,cf767e459e9e,"Kythis, Rebel Godling v2",叛神子凯西斯,draft,,loc/zh-Hans/lua_cards.csv
cards_name:IH:Moment of Clarity,cards_name,IH,ae3e6a7eb556,Moment of Clarity,片刻澄明,draft,,loc/zh-Hans/lua_cards.csv
cards_name:IH:Nothing Man,cards_name,IH,0bb7771589c8,Nothing Man,虚无之人,draft,,loc/zh-Hans/lua_cards.csv
cards_name:IH:Orb of Nyx,cards_name,IH,984c32be03e4,Orb of Nyx,宝珠尼克斯,draft,,loc/zh-Hans/lua_cards.csv
cards_name:IH:Recyclicrab,cards_name,IH,e13a38960993,Recyclicrab,循环蟹,draft,,loc/zh-Hans/lua_cards.csv
cards_name:IH:Repurposer,cards_name,IH,e7d6e6a850db,Repurposer,再造者,draft,,loc/zh-Hans/lua_cards.csv
"cards_name:IH:Sabre, the Moonlit",cards_name,IH,6b65d112f759,"Sabre, the Moonlit",军刀·月下,draft,,loc/zh-Hans/lua_cards.csv
cards_name:IH:Soul Gem - Arbiter of Fate,cards_name,IH,4072e189a6f6,Soul Gem - Arbiter of Fate,仲裁者天命,draft,,loc/zh-Hans/lua_cards.csv
cards_name:IH:Soul Gem - Arha Initiate,cards_name,IH,5bc01484bbb4,Soul Gem - Arha Initiate,亚哈新兵,draft,,loc/zh-Hans/lua_cards.csv
cards_name:IH:Soul Gem - Arha Templar,cards_name,IH,d9eb2b84423b,Soul Gem - Arha Templar,亚哈圣殿武士,draft,,loc/zh-Hans/lua_cards.csv
cards_name:IH:Soul Gem - Ascetic of the Lidless Eye,cards_name,IH,b3a37d166290,Soul Gem - Ascetic of the Lidless Eye,无目之眼苦行僧,draft,,loc/zh-Hans/lua_cards.csv
cards_name:IH:Soul Gem - Askara of Fate,cards_name,IH,a1b4d701e12a,Soul Gem - Askara of Fate,命运阿斯卡拉,draft,,loc/zh-Hans/lua_cards.csv
cards_name:IH:Soul Gem - Avatar Golem,cards_name,IH,fc5f62d79cbd,Soul Gem - Avatar Golem,化身魔像,draft,,loc/zh-Hans/lua_cards.csv
cards_name:IH:Soul Gem - Demon Slayer,cards_name,IH,6121195269f9,Soul Gem - Demon Slayer,恶魔杀手,draft,,loc/zh-Hans/lua_cards.csv
cards_name:IH:Soul Gem - Dimension Diver,cards_name,IH,20b9b0759833,Soul Gem - Dimension Diver,维度潜者,draft,,loc/zh-Hans/lua_cards.csv
cards_name:IH:Soul Gem - Druids of the Stone Circle,cards_name,IH,8ed1a6714c37,Soul Gem - Druids of the Stone Circle,石环德鲁伊,draft,,loc/zh-Hans/lua_cards.csv
cards_name:IH:Soul Gem - Great-Omen Raven,cards_name,IH,b73a143befc2,Soul Gem - Great-Omen Raven,大兆乌鸦,draft,,loc/zh-Hans/lua_cards.csv
cards_name:IH:Soul Gem - Landtalker,cards_name,IH,7216cd1119fd,Soul Gem - Landtalker,大地说书人,draft,,loc/zh-Hans/lua_cards.csv
cards_name:IH:Soul Gem - Lifebound Initiate,cards_name,IH,244a9bf03e53,Soul Gem - Lifebound Initiate,生命新兵,draft,,loc/zh-Hans/lua_cards.csv
cards_name:IH:Soul Gem - Master Dhartha,cards_name,IH,b53e2493a240,Soul Gem - Master Dhartha,达萨大师,draft,,loc/zh-Hans/lua_cards.csv
cards_name:IH:Soul Gem - Mechana Initiate,cards_name,IH,c5cc436add63,Soul Gem - Mechana Initiate,机械新兵,draft,,loc/zh-Hans/lua_cards.csv
cards_name:IH:Soul Gem - Reactor Monk,cards_name,IH,8668993404ed,Soul Gem - Reactor Monk,反应堆僧侣,draft,,loc/zh-Hans/lua_cards.csv
cards_name:IH:Soul Gem - Runic Lycanthrope,cards_name,IH,fbdad7fbf3a4,Soul Gem - Runic Lycanthrope,符文狼化人,draft,,loc/zh-Hans/lua_cards.csv
cards_name:IH:Soul Gem - Seer of the Forked Path,cards_name,IH,abd48e3c6253,Soul Gem - Seer of the Forked Path,歧路预言者,draft,,loc/zh-Hans/lua_cards.csv
cards_name:IH:Soul Gem - Shade of the Black Watch,cards_name,IH,66fff5dfcb2a,Soul Gem - Shade of the Black Watch,黑卫之影,draft,,loc/zh-Hans/lua_cards.csv
cards_name:IH:Soul Gem - Spike Vixen,cards_name,IH,57ef8f09934f,Soul Gem - Spike Vixen,尖刺雌狐,draft,,loc/zh-Hans/lua_cards.csv
cards_name:IH:Soul Gem - Void Initiate,cards_name,IH,df3513b7b548,Soul Gem - Void Initiate,虚空新兵,draft,,loc/zh-Hans/lua_cards.csv
cards_name:IH:Soul Gem - Wolf Shaman,cards_name,IH,810dd2232e4b,Soul Gem - Wolf Shaman,狼萨满,draft,,loc/zh-Hans/lua_cards.csv
cards_name:IH:Souls Unbound,cards_name,IH,73663f06efe0,Souls Unbound,灵魂解缚,draft,,loc/zh-Hans/lua_cards.csv
cards_name:IH:Soulshaper,cards_name,IH,f3abf8ffe586,Soulshaper,塑魂者,draft,,loc/zh-Hans/lua_cards.csv
cards_name:IH:Spark Sprayer,cards_name,IH,2c512a992150,Spark Sprayer,火花喷射器,draft,,loc/zh-Hans/lua_cards.csv
cards_name:IH:Spider Witch,cards_name,IH,fc74c2a7396d,Spider Witch,蜘蛛女巫,draft,,loc/zh-Hans/lua_cards.csv
cards_name:IH:Stone Circle Elder,cards_name,IH,22639d6d23ef,Stone Circle Elder,石环长老,draft,,loc/zh-Hans/lua_cards.csv
cards_name:IH:Temple Guardian,cards_name,IH,58bcb41971e4,Temple Guardian,神殿守卫,draft,,loc/zh-Hans/lua_cards.csv
cards_name:IH:The Great Eclipse,cards_name,IH,e7a6eb94927f,The Great Eclipse,大日食,draft,,loc/zh-Hans/lua_cards.csv
cards_name:IH:The World Tree,cards_name,IH,a9b0a2b1e9df,The World Tree,世界树,draft,,loc/zh-Hans/lua_cards.csv
cards_name:IH:Trophy Hunter,cards_name,IH,5b4eb865ca5b,Trophy Hunter,战利品猎手,draft,,loc/zh-Hans/lua_cards.csv
cards_name:IH:Void Avenger,cards_name,IH,ba5dd50197de,Void Avenger,虚空复仇者,draft,,loc/zh-Hans/lua_cards.csv
cards_name:IH:Wandering Askara,cards_name,IH,ce28d2b66853,Wandering Askara,流浪阿斯卡拉,draft,,loc/zh-Hans/lua_cards.csv
cards_name:IH:Wolf Acolyte,cards_name,IH,5902c4d29112,Wolf Acolyte,狼侍僧,draft,,loc/zh-Hans/lua_cards.csv
cards_name:LGND:Arha Emissary,cards_name,LGND,16468b3f9b9f,Arha Emissary,亚哈使者,draft,,loc/zh-Hans/lua_cards.csv
cards_name:LGND:Arha Recruit,cards_name,LGND,54cfad2685b1,Arha Recruit,亚哈新兵,draft,,loc/zh-Hans/lua_cards.csv
cards_name:LGND:Askara of Judgement,cards_name,LGND,8933cd38aeb2,Askara of Judgement,审判阿斯卡拉,draft,,loc/zh-Hans/lua_cards.csv
cards_name:LGND:Bombcrafter,cards_name,LGND,dadb9befe0e6,Bombcrafter,炸弹匠,draft,,loc/zh-Hans/lua_cards.csv
cards_name:LGND:Boon - Cetra,cards_name,LGND,59c8a33231b1,Boon - Cetra,恩赐：塞特拉,draft,,loc/zh-Hans/lua_cards.csv
cards_name:LGND:Boon - Emri,cards_name,LGND,919ee366f9f2,Boon - Emri,恩赐：艾姆瑞,draft,,loc/zh-Hans/lua_cards.csv
cards_name:LGND:Boon - Kor,cards_name,LGND,ebc64f316e5c,Boon - Kor,恩赐：科尔,draft,,loc/zh-Hans/lua_cards.csv
cards_name:LGND:Boon - Master Dhartha,cards_name,LGND,3789eb3406c5,Boon - Master Dhartha,恩赐：达萨大师,draft,,loc/zh-Hans/lua_cards.csv
cards_name:LGND:Boon - Naira,cards_name,LGND,1b303a44eaa5,Boon - Naira,恩赐：奈拉,draft,,loc/zh-Hans/lua_cards.csv
cards_name:LGND:Boon - Naka,cards_name,LGND,f51b00c7e1f9,Boon - Naka,恩赐：纳卡,draft,,loc/zh-Hans/lua_cards.csv
cards_name:LGND:Boon - P.R.I.M.E.,cards_name,LGND,804de5a0175a,Boon - P.R.I.M.E.,恩赐：P.R.I.M.E.,draft,,loc/zh-Hans/lua_cards.csv
cards_name:LGND:Boon - Ulu,cards_name,LGND,388d0f0aceb2,Boon - Ulu,恩赐：乌鲁,draft,,loc/zh-Hans/lua_cards.csv
cards_name:LGND:Boon: Cetra,cards_name,LGND,2cac12b4a335,Boon: Cetra,恩赐：塞特拉,draft,,loc/zh-Hans/lua_cards.csv
cards_name:LGND:Boon: Kor,cards_name,LGND,176dcc20df61,Boon: Kor,恩赐：科尔,draft,,loc/zh-Hans/lua_cards.csv
cards_name:LGND:Boon: Master Dhartha,cards_name,LGND,c394d420181f,Boon: Master Dhartha,恩赐：达萨大师,draft,,loc/zh-Hans/lua_cards.csv
cards_name:LGND:Boon: Naka,cards_name,LGND,1a2ed83322ea,Boon: Naka,恩赐：纳卡,draft,,loc/zh-Hans/lua_cards.csv
cards_name:LGND:Claws of Deoful,cards_name,LGND,cfae61f747e6,Claws of Deoful,爪迪奥福尔,draft,,loc/zh-Hans/lua_cards.csv
cards_name:LGND:Correction of Creation,cards_name,LGND,d2a3a225a012,Correction of Creation,校正造物,draft,,loc/zh-Hans/lua_cards.csv
cards_name:LGND:Dark Monk,cards_name,LGND,4d8b0278cc80,Dark Monk,黑暗僧侣,draft,,loc/zh-Hans/lua_cards.csv
cards_name:LGND:Enlightened Remnant,cards_name,LGND,fa89ec967746,Enlightened Remnant,启迪残响,draft,,loc/zh-Hans/lua_cards.csv
cards_name:LGND:Fallen Fae,cards_name,LGND,35d8d8ac339b,Fallen Fae,堕落者仙灵,draft,,loc/zh-Hans/lua_cards.csv
cards_name:LGND:Forest Emissary,cards_name,LGND,9f64850ed995,Forest Emissary,森林使者,draft,,loc/zh-Hans/lua_cards.csv
cards_name:LGND:Hellstring Blades,cards_name,LGND,01c4f8994292,Hellstring Blades,狱弦双刃,draft,,loc/zh-Hans/lua_cards.csv
cards_name:LGND:Hurricane Warlock,cards_name,LGND,7b8e74861795,Hurricane Warlock,飓风术士,draft,,loc/zh-Hans/lua_cards.csv
cards_name:LGND:Ironheart Engine,cards_name,LGND,0d69154d35f5,Ironheart Engine,铁之心引擎,draft,,loc/zh-Hans/lua_cards.csv
cards_name:LGND:Korpse Maker,cards_name,LGND,81edcc96e388,Korpse Maker,尸科尔制造者,draft,,loc/zh-Hans/lua_cards.csv
cards_name:LGND:Landis' Potions & Pies,cards_name,LGND,eafab7fe95dc,Landis' Potions & Pies,兰迪斯的药剂与馅饼,draft,,loc/zh-Hans/lua_cards.csv
cards_name:LGND:Legend - Cetra,cards_name,LGND,3cb3fbcd6010,Legend - Cetra,传奇：塞特拉,draft,,loc/zh-Hans/lua_cards.csv
cards_name:LGND:Legend - Emri,cards_name,LGND,7e4b32cbd5d6,Legend - Emri,传奇：艾姆瑞,draft,,loc/zh-Hans/lua_cards.csv
cards_name:LGND:Legend - Kor,cards_name,LGND,4937fdd0fcee,Legend - Kor,传奇：科尔,draft,,loc/zh-Hans/lua_cards.csv
cards_name:LGND:Legend - Master Dhartha,cards_name,LGND,a6201d672eee,Legend - Master Dhartha,传奇：达萨大师,draft,,loc/zh-Hans/lua_cards.csv
cards_name:LGND:Legend - Naira,cards_name,LGND,03664749a52c,Legend - Naira,传奇：奈拉,draft,,loc/zh-Hans/lua_cards.csv
cards_name:LGND:Legend - Naka,cards_name,LGND,03e9656abfc9,Legend - Naka,传奇：纳卡,draft,,loc/zh-Hans/lua_cards.csv
cards_name:LGND:Legend - P.R.I.M.E.,cards_name,LGND,77ec1e194b54,Legend - P.R.I.M.E.,传奇：P.R.I.M.E.,draft,,loc/zh-Hans/lua_cards.csv
cards_name:LGND:Legend - Ulu,cards_name,LGND,20b966df1a18,Legend - Ulu,传奇：乌鲁,draft,,loc/zh-Hans/lua_cards.csv
cards_name:LGND:Legendary Boon - Enlightened,cards_name,LGND,4a3f34fcc578,Legendary Boon - Enlightened,传奇恩赐：启迪,draft,,loc/zh-Hans/lua_cards.csv
cards_name:LGND:Legendary Boon - Lifebound,cards_name,LGND,754b9432c27f,Legendary Boon - Lifebound,传奇恩赐：生命,draft,,loc/zh-Hans/lua_cards.csv
cards_name:LGND:Legendary Boon - Mechana,cards_name,LGND,d7b0b6cefb92,Legendary Boon - Mechana,传奇恩赐：机械,draft,,loc/zh-Hans/lua_cards.csv
cards_name:LGND:Legendary Boon - Void,cards_name,LGND,1b9a704ef7c3,Legendary Boon - Void,传奇恩赐：虚空,draft,,loc/zh-Hans/lua_cards.csv
cards_name:LGND:Lifebound Remnant,cards_name,LGND,0a5d92add16c,Lifebound Remnant,生命残响,draft,,loc/zh-Hans/lua_cards.csv
cards_name:LGND:Lycan Fang,cards_name,LGND,993827a81433,Lycan Fang,狼化人牙,draft,,loc/zh-Hans/lua_cards.csv
cards_name:LGND:MarrowWyrm Rider,cards_name,LGND,3b7e158f2e28,MarrowWyrm Rider,髓虫骑手,draft,,loc/zh-Hans/lua_cards.csv
cards_name:LGND:Master Vaya,cards_name,LGND,c3797357a5c3,Master Vaya,大师瓦娅,draft,,loc/zh-Hans/lua_cards.csv
cards_name:LGND:Mecha Cetra,cards_name,LGND,3b48fdd2f76b,Mecha Cetra,机甲塞特拉,draft,,loc/zh-Hans/lua_cards.csv
cards_name:LGND:Mecha Emissary,cards_name,LGND,885165aaf75d,Mecha Emissary,机甲使者,draft,,loc/zh-Hans/lua_cards.csv
cards_name:LGND:Mechana Remnant,cards_name,LGND,1e5cac5ca937,Mechana Remnant,机械残响,draft,,loc/zh-Hans/lua_cards.csv
cards_name:LGND:Mechannihilator,cards_name,LGND,287e67ce73b1,Mechannihilator,机歼灭者,draft,,loc/zh-Hans/lua_cards.csv
cards_name:LGND:Mechaphoenix,cards_name,LGND,f7b5e9d35632,Mechaphoenix,机凤凰,draft,,loc/zh-Hans/lua_cards.csv
cards_name:LGND:Monk of the Stone Circle,cards_name,LGND,e7080f7f6004,Monk of the Stone Circle,僧侣石环,draft,,loc/zh-Hans/lua_cards.csv
cards_name:LGND:Mountain Seer,cards_name,LGND,a1ed20585a62,Mountain Seer,山预言者,draft,,loc/zh-Hans/lua_cards.csv
cards_name:LGND:Muse of Malevolence,cards_name,LGND,15ff469f6822,Muse of Malevolence,缪斯恶意,draft,,loc/zh-Hans/lua_cards.csv
cards_name:LGND:Mushroom Druid,cards_name,LGND,6b424bd6cca9,Mushroom Druid,蘑菇德鲁伊,draft,,loc/zh-Hans/lua_cards.csv
cards_name:LGND:Mycelial Mage,cards_name,LGND,e7eec98d9fc9,Mycelial Mage,菌丝法师,draft,,loc/zh-Hans/lua_cards.csv
cards_name:LGND:Pathseeker Sensei,cards_name,LGND,d4689a3901bc,Pathseeker Sensei,寻路者导师,draft,,loc/zh-Hans/lua_cards.csv
cards_name:LGND:Portal Ninja,cards_name,LGND,4815af4f4beb,Portal Ninja,传送门忍者,draft,,loc/zh-Hans/lua_cards.csv
cards_name:LGND:Psionic Monk,cards_name,LGND,c5175f6f1839,Psionic Monk,灵能僧侣,draft,,loc/zh-Hans/lua_cards.csv
cards_name:LGND:Psychic Amulet,cards_name,LGND,f26ef6eefcbe,Psychic Amulet,心灵护符,draft,,loc/zh-Hans/lua_cards.csv
"cards_name:LGND:Raiyna, Riftwalker",cards_name,LGND,1876a432ff3e,"Raiyna, Riftwalker",蕾娜·裂隙行者,draft,,loc/zh-Hans/lua_cards.csv
cards_name:LGND:Remnant of the Fallen,cards_name,LGND,d327e1123153,Remnant of the Fallen,残响·堕落者,draft,,loc/zh-Hans/lua_cards.csv
cards_name:LGND:Riftclaw,cards_name,LGND,e14376e51b1c,Riftclaw,裂隙爪,draft,,loc/zh-Hans/lua_cards.csv
cards_name:LGND:Sablespark Sisters,cards_name,LGND,5d443d702d12,Sablespark Sisters,黑火花姐妹,draft,,loc/zh-Hans/lua_cards.csv
cards_name:LGND:Shade Askara,cards_name,LGND,a0419d2899fe,Shade Askara,暗影阿斯卡拉,draft,,loc/zh-Hans/lua_cards.csv
cards_name:LGND:Shade Feather,cards_name,LGND,647d9380a96e,Shade Feather,暗影羽,draft,,loc/zh-Hans/lua_cards.csv
cards_name:LGND:Shadow Arbiter,cards_name,LGND,3b97d278b8db,Shadow Arbiter,暗影仲裁者,draft,,loc/zh-Hans/lua_cards.csv
cards_name:LGND:Shadow Mender,cards_name,LGND,7a0c5212d6d4,Shadow Mender,暗影修复者,draft,,loc/zh-Hans/lua_cards.csv
cards_name:LGND:Snowstrider Lycan,cards_name,LGND,aa72c7c20add,Snowstrider Lycan,踏雪者狼化人,draft,,loc/zh-Hans/lua_cards.csv
cards_name:LGND:Tablet of the Templar,cards_name,LGND,afdd8767efe1,Tablet of the Templar,石板圣殿武士,draft,,loc/zh-Hans/lua_cards.csv
cards_name:LGND:The Chrome Circle,cards_name,LGND,e35a65aa8b08,The Chrome Circle,铬环,draft,,loc/zh-Hans/lua_cards.csv
cards_name:LGND:The Dreamscrape,cards_name,LGND,8e328706a627,The Dreamscrape,刮梦者,draft,,loc/zh-Hans/lua_cards.csv
cards_name:LGND:The Iron Seven,cards_name,LGND,9f4a33db7501,The Iron Seven,钢铁七人,draft,,loc/zh-Hans/lua_cards.csv
cards_name:LGND:Turtler Merchant,cards_name,LGND,77c61fc08113,Turtler Merchant,龟商商人,draft,,loc/zh-Hans/lua_cards.csv
cards_name:LGND:Void Emissary,cards_name,LGND,01b05b3edec0,Void Emissary,虚空使者,draft,,loc/zh-Hans/lua_cards.csv
cards_name:LGND:Void Remnant,cards_name,LGND,64c2df59e5b7,Void Remnant,虚空残响,draft,,loc/zh-Hans/lua_cards.csv
cards_name:RU:Adayu the Serene,cards_name,RU,b38a9bd22516,Adayu the Serene,阿达尤宁静,draft,,loc/zh-Hans/lua_cards.csv
cards_name:RU:Adayu the Tormented,cards_name,RU,36797c1e0dd9,Adayu the Tormented,阿达尤受折磨,draft,,loc/zh-Hans/lua_cards.csv
cards_name:RU:Air Support Squadron,cards_name,RU,3efd8fc08f81,Air Support Squadron,空中支援中队,draft,,loc/zh-Hans/lua_cards.csv
"cards_name:RU:Alset, Monk Prodigy",cards_name,RU,4106dc930194,"Alset, Monk Prodigy",阿尔塞特·僧侣神童,draft,,loc/zh-Hans/lua_cards.csv
"cards_name:RU:Alset, Reactor Savant",cards_name,RU,830935ab6076,"Alset, Reactor Savant",阿尔塞特·反应堆学者,draft,,loc/zh-Hans/lua_cards.csv
cards_name:RU:Animus of the Wild,cards_name,RU,c33a26d964cb,Animus of the Wild,魂魄荒野,draft,,loc/zh-Hans/lua_cards.csv
cards_name:RU:Apprentice RU,cards_name,RU,a59849f2a17e,Apprentice RU,学徒,reviewed,,loc/zh-Hans/lua_cards.csv
cards_name:RU:Black Watch Exemplar,cards_name,RU,67408db63214,Black Watch Exemplar,黑卫典范,draft,,loc/zh-Hans/lua_cards.csv
cards_name:RU:Borderland Mercenary,cards_name,RU,33d751a98672,Borderland Mercenary,边地佣兵,draft,,loc/zh-Hans/lua_cards.csv
cards_name:RU:Borderland Nihilist,cards_name,RU,3c415365d6cd,Borderland Nihilist,边地虚无者,draft,,loc/zh-Hans/lua_cards.csv
cards_name:RU:Canon Templar,cards_name,RU,8a1cb490ccf3,Canon Templar,圣典圣殿武士,draft,,loc/zh-Hans/lua_cards.csv
"cards_name:RU:Cetra, Matron of Stars",cards_name,RU,14fe5b5b76d4,"Cetra, Matron of Stars",星辰主母塞特拉,draft,,loc/zh-Hans/lua_cards.csv
cards_name:RU:Clutch of Darkness,cards_name,RU,fc850b7857b0,Clutch of Darkness,黑暗之握,draft,,loc/zh-Hans/lua_cards.csv
cards_name:RU:Cultist RU,cards_name,RU,99ac96465a53,Cultist RU,邪教徒,reviewed,,loc/zh-Hans/lua_cards.csv
cards_name:RU:Deathbound Druid,cards_name,RU,3f9a4ea2f767,Deathbound Druid,缚死德鲁伊,draft,,loc/zh-Hans/lua_cards.csv
cards_name:RU:Deathdealer Noble,cards_name,RU,8c2ada421b1d,Deathdealer Noble,死神贵族,draft,,loc/zh-Hans/lua_cards.csv
cards_name:RU:Defense Generator,cards_name,RU,a6a27a6a3be8,Defense Generator,防御发生器,draft,,loc/zh-Hans/lua_cards.csv
"cards_name:RU:Dhartha, the Eternal",cards_name,RU,40fd8f1db0ec,"Dhartha, the Eternal",达萨·永恒,draft,,loc/zh-Hans/lua_cards.csv
cards_name:RU:Disciple of Cetra,cards_name,RU,a9b665416a9e,Disciple of Cetra,之徒·塞特拉,draft,,loc/zh-Hans/lua_cards.csv
cards_name:RU:Disciple of Emri,cards_name,RU,12fbe4b6c40e,Disciple of Emri,之徒·艾姆瑞,draft,,loc/zh-Hans/lua_cards.csv
cards_name:RU:Disciple of Euloth,cards_name,RU,9c3ab17e485e,Disciple of Euloth,之徒·尤洛斯,draft,,loc/zh-Hans/lua_cards.csv
cards_name:RU:Disciple of Oziah,cards_name,RU,5d3cb7d3d975,Disciple of Oziah,之徒·奥齐亚,draft,,loc/zh-Hans/lua_cards.csv
cards_name:RU:Druid's Wreath,cards_name,RU,5ace0bdf8609,Druid's Wreath,德鲁伊花环,draft,,loc/zh-Hans/lua_cards.csv
"cards_name:RU:Emri, Demonsbane",cards_name,RU,36f29eac5956,"Emri, Demonsbane",恶魔克星艾姆瑞,draft,,loc/zh-Hans/lua_cards.csv
"cards_name:RU:Emri, the Unmaker",cards_name,RU,97cef2dfc629,"Emri, the Unmaker",解构者艾姆瑞,draft,,loc/zh-Hans/lua_cards.csv
cards_name:RU:Everbloom Clique,cards_name,RU,ac3f6a82aef0,Everbloom Clique,永绽小圈子,draft,,loc/zh-Hans/lua_cards.csv
cards_name:RU:Forgotten Scripture,cards_name,RU,26b2bb5e3cd3,Forgotten Scripture,遗忘经文,draft,,loc/zh-Hans/lua_cards.csv
cards_name:RU:Foundation Burrower,cards_name,RU,79e121add007,Foundation Burrower,根基钻地者,draft,,loc/zh-Hans/lua_cards.csv
cards_name:RU:Heavy Infantry RU,cards_name,RU,bc7978d2173b,Heavy Infantry RU,重装步兵,reviewed,,loc/zh-Hans/lua_cards.csv
cards_name:RU:Hedron Watchtower,cards_name,RU,26dff4ad59a9,Hedron Watchtower,多面体瞭望塔,draft,,loc/zh-Hans/lua_cards.csv
cards_name:RU:Initiate's Gauntlets,cards_name,RU,4238ac8ea40a,Initiate's Gauntlets,新兵的护手,draft,,loc/zh-Hans/lua_cards.csv
cards_name:RU:Journeyman Outrider,cards_name,RU,2353ed31511b,Journeyman Outrider,旅者先驱骑手,draft,,loc/zh-Hans/lua_cards.csv
cards_name:RU:Mantra of True Sight,cards_name,RU,7093af074afc,Mantra of True Sight,真言真正视界,draft,,loc/zh-Hans/lua_cards.csv
cards_name:RU:Matron of Discovery,cards_name,RU,9409859a2b60,Matron of Discovery,发现主母,draft,,loc/zh-Hans/lua_cards.csv
cards_name:RU:Militia RU,cards_name,RU,04ebcf76e963,Militia RU,民兵,reviewed,,loc/zh-Hans/lua_cards.csv
cards_name:RU:Mystic RU,cards_name,RU,f255a5b5c70c,Mystic RU,秘教士,reviewed,,loc/zh-Hans/lua_cards.csv
cards_name:RU:Neophyte Mentor,cards_name,RU,a611f824136a,Neophyte Mentor,新入门者导师,draft,,loc/zh-Hans/lua_cards.csv
cards_name:RU:Nightmare Delver,cards_name,RU,024481499437,Nightmare Delver,梦魇深掘者,draft,,loc/zh-Hans/lua_cards.csv
cards_name:RU:Oziah's Familiar,cards_name,RU,829686841999,Oziah's Familiar,奥齐亚的使魔,draft,,loc/zh-Hans/lua_cards.csv
"cards_name:RU:Remus, Pack Guardian",cards_name,RU,0d5250c5bed1,"Remus, Pack Guardian",雷穆斯·兽群守卫,draft,,loc/zh-Hans/lua_cards.csv
"cards_name:RU:Remus, Wild Emissary",cards_name,RU,60cc3de7f0ed,"Remus, Wild Emissary",雷穆斯·荒野使者,draft,,loc/zh-Hans/lua_cards.csv
cards_name:RU:Sadistic Giant,cards_name,RU,c92c583dd041,Sadistic Giant,虐杀巨人,draft,,loc/zh-Hans/lua_cards.csv
cards_name:RU:Scion of Cetra,cards_name,RU,ef28b553beb2,Scion of Cetra,后裔·塞特拉,draft,,loc/zh-Hans/lua_cards.csv
cards_name:RU:Scion of Emri,cards_name,RU,c27e1cc61faf,Scion of Emri,后裔·艾姆瑞,draft,,loc/zh-Hans/lua_cards.csv
cards_name:RU:Scion of Euloth,cards_name,RU,3db22ea97e1e,Scion of Euloth,后裔·尤洛斯,draft,,loc/zh-Hans/lua_cards.csv
cards_name:RU:Scion of Oziah,cards_name,RU,e7d7db4c1bb1,Scion of Oziah,后裔·奥齐亚,draft,,loc/zh-Hans/lua_cards.csv
cards_name:RU:Scryer of the Lidless Eye,cards_name,RU,a0b643e005e9,Scryer of the Lidless Eye,无目之眼占卜者,draft,,loc/zh-Hans/lua_cards.csv
cards_name:RU:Secluded Laboratory,cards_name,RU,92a5dffb9b35,Secluded Laboratory,隐秘实验室,draft,,loc/zh-Hans/lua_cards.csv
cards_name:RU:Shadow Stalker,cards_name,RU,63d045095e0a,Shadow Stalker,暗影潜行者,draft,,loc/zh-Hans/lua_cards.csv
cards_name:RU:Snapdragon Witch,cards_name,RU,47422dacc594,Snapdragon Witch,金鱼草女巫,draft,,loc/zh-Hans/lua_cards.csv
cards_name:RU:Sower of Betrayal,cards_name,RU,b5ede61bcf3f,Sower of Betrayal,播种者背叛,draft,,loc/zh-Hans/lua_cards.csv
cards_name:RU:Sower of Discontent,cards_name,RU,d8af98c8c383,Sower of Discontent,播种者不满,draft,,loc/zh-Hans/lua_cards.csv
cards_name:RU:Spike Vixen RU,cards_name,RU,3a000d8a544f,Spike Vixen RU,尖刺雌狐,reviewed,,loc/zh-Hans/lua_cards.csv
cards_name:RU:Terrorizing Fiend,cards_name,RU,087053281081,Terrorizing Fiend,威吓邪魔,draft,,loc/zh-Hans/lua_cards.csv
cards_name:RU:Timestream Seer,cards_name,RU,6b9dd3af5b7e,Timestream Seer,时流预言者,draft,,loc/zh-Hans/lua_cards.csv
cards_name:RU:Upgrade Foundry,cards_name,RU,8bb208d12e4f,Upgrade Foundry,升级铸造厂,draft,,loc/zh-Hans/lua_cards.csv
cards_name:RU:Verdant Crown,cards_name,RU,fe1d1976f8ed,Verdant Crown,翠绿冠冕,draft,,loc/zh-Hans/lua_cards.csv
"cards_name:RU:Vir, Ascetic Master",cards_name,RU,1d6093bc6f1c,"Vir, Ascetic Master",维尔·苦行僧大师,draft,,loc/zh-Hans/lua_cards.csv
"cards_name:RU:Vir, Ephemeral Guru",cards_name,RU,775ba61a0c27,"Vir, Ephemeral Guru",维尔·昙花古鲁,draft,,loc/zh-Hans/lua_cards.csv
cards_name:RU:Voidforged Paladin,cards_name,RU,389828baf7da,Voidforged Paladin,虚空锻圣骑士,draft,,loc/zh-Hans/lua_cards.csv
cards_name:RU:Wailing Spectre,cards_name,RU,b8a0dc729555,Wailing Spectre,哀嚎幽灵,draft,,loc/zh-Hans/lua_cards.csv
cards_name:RU:Wildgear Druid,cards_name,RU,5e04fa9b7992,Wildgear Druid,野性齿轮德鲁伊,draft,,loc/zh-Hans/lua_cards.csv
cards_name:RU:Wolf Shaman RU,cards_name,RU,e103c27bc0e2,Wolf Shaman RU,狼萨满,reviewed,,loc/zh-Hans/lua_cards.csv
cards_name:RU:Workshop Gargoyle,cards_name,RU,30505d3daa1e,Workshop Gargoyle,工坊石像鬼,draft,,loc/zh-Hans/lua_cards.csv
cards_name:RU:Zero Point Reactor,cards_name,RU,713590d28ef6,Zero Point Reactor,零点反应堆,draft,,loc/zh-Hans/lua_cards.csv
cards_name:RoV:Apprentice RoV,cards_name,RoV,76b285cf7b97,Apprentice RoV,学徒,reviewed,,loc/zh-Hans/lua_cards.csv
cards_name:RoV:Beacon Shaman,cards_name,RoV,89dbc2d50de8,Beacon Shaman,信标萨满,draft,,loc/zh-Hans/lua_cards.csv
cards_name:RoV:Blackwatch Vanquisher,cards_name,RoV,70201ffb2cce,Blackwatch Vanquisher,黑卫征服者,draft,,loc/zh-Hans/lua_cards.csv
cards_name:RoV:Cognition Courier,cards_name,RoV,5614dc5a3196,Cognition Courier,认知信使,draft,,loc/zh-Hans/lua_cards.csv
cards_name:RoV:Cultist RoV,cards_name,RoV,5740d07014d9,Cultist RoV,邪教徒,reviewed,,loc/zh-Hans/lua_cards.csv
cards_name:RoV:Darkwalker,cards_name,RoV,5c90816be67b,Darkwalker,暗行者,draft,,loc/zh-Hans/lua_cards.csv
cards_name:RoV:Deviant Fiend,cards_name,RoV,d4106a3d5e06,Deviant Fiend,畸变邪魔,draft,,loc/zh-Hans/lua_cards.csv
cards_name:RoV:Energy Shard,cards_name,RoV,bd1f1e60ebea,Energy Shard,能量碎片,draft,,loc/zh-Hans/lua_cards.csv
cards_name:RoV:Energy Shard Start,cards_name,RoV,de893e624645,Energy Shard Start,能量碎片,draft,,loc/zh-Hans/lua_cards.csv
cards_name:RoV:Firestorm Effigy,cards_name,RoV,83b55b04e983,Firestorm Effigy,火暴偶像,draft,,loc/zh-Hans/lua_cards.csv
cards_name:RoV:Foresight Monacle,cards_name,RoV,9cdf88e17937,Foresight Monacle,预见单片镜,draft,,loc/zh-Hans/lua_cards.csv
cards_name:RoV:Heavy Infantry RoV,cards_name,RoV,6d54ece8d697,Heavy Infantry RoV,重装步兵,reviewed,,loc/zh-Hans/lua_cards.csv
cards_name:RoV:Herald of Doom,cards_name,RoV,78efbf493205,Herald of Doom,先驱末日,draft,,loc/zh-Hans/lua_cards.csv
cards_name:RoV:Illiya the Demonborn,cards_name,RoV,a23445337854,Illiya the Demonborn,伊利亚魔生,draft,,loc/zh-Hans/lua_cards.csv
cards_name:RoV:Lagoon Troll,cards_name,RoV,7b90493cae66,Lagoon Troll,潟湖巨魔,draft,,loc/zh-Hans/lua_cards.csv
cards_name:RoV:Leotan's Familiar,cards_name,RoV,bcbc9b9f59dc,Leotan's Familiar,莱奥坦的使魔,draft,,loc/zh-Hans/lua_cards.csv
cards_name:RoV:Lifebound Muse,cards_name,RoV,57452173b561,Lifebound Muse,生命缪斯,draft,,loc/zh-Hans/lua_cards.csv
cards_name:RoV:Loamspeaker Druid,cards_name,RoV,89d65af81e1f,Loamspeaker Druid,沃土语者德鲁伊,draft,,loc/zh-Hans/lua_cards.csv
cards_name:RoV:Magnet Monk,cards_name,RoV,124d581c5176,Magnet Monk,磁僧侣,draft,,loc/zh-Hans/lua_cards.csv
cards_name:RoV:Militia RoV,cards_name,RoV,32970bab1a2c,Militia RoV,民兵,reviewed,,loc/zh-Hans/lua_cards.csv
cards_name:RoV:Monastic Tutor,cards_name,RoV,c72e4bbce351,Monastic Tutor,寺院导师,draft,,loc/zh-Hans/lua_cards.csv
cards_name:RoV:Monk of the Lidless Eye,cards_name,RoV,b7723ff03bb4,Monk of the Lidless Eye,无目之眼僧侣,draft,,loc/zh-Hans/lua_cards.csv
cards_name:RoV:Mordant Widow,cards_name,RoV,07082ae93da8,Mordant Widow,蚀骨寡妇,draft,,loc/zh-Hans/lua_cards.csv
cards_name:RoV:Mystic RoV,cards_name,RoV,f6f64840916a,Mystic RoV,秘教士,reviewed,,loc/zh-Hans/lua_cards.csv
cards_name:RoV:Nyxian Spiritcaster,cards_name,RoV,c7ef72962ea5,Nyxian Spiritcaster,尼克斯魂咏者,draft,,loc/zh-Hans/lua_cards.csv
cards_name:RoV:Ogo Demontrap,cards_name,RoV,c538ebee8642,Ogo Demontrap,奥戈捕魔阱,draft,,loc/zh-Hans/lua_cards.csv
cards_name:RoV:Omnicron,cards_name,RoV,5ce50d681de4,Omnicron,全时者,draft,,loc/zh-Hans/lua_cards.csv
"cards_name:RoV:Oras, the Redeemer",cards_name,RoV,dafb3f616fec,"Oras, the Redeemer",奥拉斯·救赎者,draft,,loc/zh-Hans/lua_cards.csv
"cards_name:RoV:Oziah, Judge of Logos",cards_name,RoV,1382a39dc2e3,"Oziah, Judge of Logos",逻各斯审判者奥齐亚,draft,,loc/zh-Hans/lua_cards.csv
cards_name:RoV:Portabillet,cards_name,RoV,5289b217c59c,Portabillet,便携弹,draft,,loc/zh-Hans/lua_cards.csv
cards_name:RoV:Protean Sea Slug,cards_name,RoV,7fe2e452040e,Protean Sea Slug,多变海蛞蝓,draft,,loc/zh-Hans/lua_cards.csv
cards_name:RoV:Prototype CH32,cards_name,RoV,51d74c78eb9b,Prototype CH32,原型CH32,draft,,loc/zh-Hans/lua_cards.csv
cards_name:RoV:Raging Ursine,cards_name,RoV,4358d1dd493b,Raging Ursine,暴怒熊,draft,,loc/zh-Hans/lua_cards.csv
cards_name:RoV:Reactor Shrine,cards_name,RoV,3f7e76be8bec,Reactor Shrine,反应堆神龛,draft,,loc/zh-Hans/lua_cards.csv
cards_name:RoV:Reality Sculptor,cards_name,RoV,0f121936ea92,Reality Sculptor,现实塑造者,draft,,loc/zh-Hans/lua_cards.csv
cards_name:RoV:Righteous Templar,cards_name,RoV,7e9dc0efdac9,Righteous Templar,正义圣殿武士,draft,,loc/zh-Hans/lua_cards.csv
cards_name:RoV:Runic Honiskrot,cards_name,RoV,cf6f8efbec18,Runic Honiskrot,符文霍尼斯克洛特,draft,,loc/zh-Hans/lua_cards.csv
cards_name:RoV:Serpent Siren,cards_name,RoV,15231596fb31,Serpent Siren,巨蛇海妖,draft,,loc/zh-Hans/lua_cards.csv
cards_name:RoV:Skyrocket Drone,cards_name,RoV,16b2b07b0110,Skyrocket Drone,冲天无人机,draft,,loc/zh-Hans/lua_cards.csv
cards_name:RoV:Spirit Merchant,cards_name,RoV,4ec23dcdef18,Spirit Merchant,精魂商人,draft,,loc/zh-Hans/lua_cards.csv
cards_name:RoV:Starcaller Leotan,cards_name,RoV,55e4e38830af,Starcaller Leotan,唤星者莱奥坦,draft,,loc/zh-Hans/lua_cards.csv
cards_name:RoV:Tablet of the Dreamer,cards_name,RoV,75d43e2d01cd,Tablet of the Dreamer,石板梦者,draft,,loc/zh-Hans/lua_cards.csv
cards_name:RoV:Temporal Eye,cards_name,RoV,b820761c1353,Temporal Eye,时光之眼,draft,,loc/zh-Hans/lua_cards.csv
"cards_name:RoV:Terrus, Paragon of Strife",cards_name,RoV,3f7a5e3081bb,"Terrus, Paragon of Strife",特鲁斯·争斗典范,draft,,loc/zh-Hans/lua_cards.csv
cards_name:RoV:Tome of Erabus,cards_name,RoV,745ec639b143,Tome of Erabus,典籍埃拉布斯,draft,,loc/zh-Hans/lua_cards.csv
cards_name:RoV:Treasure Hunter,cards_name,RoV,87962bc7b599,Treasure Hunter,宝藏猎手,draft,,loc/zh-Hans/lua_cards.csv
cards_name:RoV:Truth Seeker,cards_name,RoV,e6ff9eab82ec,Truth Seeker,真理追寻者,draft,,loc/zh-Hans/lua_cards.csv
cards_name:RoV:Twisted Tyrant,cards_name,RoV,748860c42ed7,Twisted Tyrant,扭曲暴君,draft,,loc/zh-Hans/lua_cards.csv
"cards_name:RoV:Ulu, Askara Prince",cards_name,RoV,e008ca9293a7,"Ulu, Askara Prince",乌鲁·阿斯卡拉王子,draft,,loc/zh-Hans/lua_cards.csv
cards_name:RoV:Vault Sphinx,cards_name,RoV,7d2b2babf81f,Vault Sphinx,宝库狮身人面,draft,,loc/zh-Hans/lua_cards.csv
cards_name:RoV:Voidfeeder,cards_name,RoV,6583d7830595,Voidfeeder,饲虚者,draft,,loc/zh-Hans/lua_cards.csv
cards_name:RoV:Wildcall Staff,cards_name,RoV,64996f800b46,Wildcall Staff,野性呼唤法杖,draft,,loc/zh-Hans/lua_cards.csv
cards_name:RoV:Zeta Arsenal,cards_name,RoV,1d9b379c2311,Zeta Arsenal,泽塔武库,draft,,loc/zh-Hans/lua_cards.csv
cards_name:RotF:Adayu the Omnipotent,cards_name,RotF,8addcaf31864,Adayu the Omnipotent,天选者阿达尤,draft,,loc/zh-Hans/lua_cards.csv
cards_name:RotF:Arbiter of Fate,cards_name,RotF,74ccfe1250a9,Arbiter of Fate,仲裁者天命,draft,,loc/zh-Hans/lua_cards.csv
cards_name:RotF:Arha Sensei,cards_name,RotF,c66bd0f57e3a,Arha Sensei,亚哈导师,draft,,loc/zh-Hans/lua_cards.csv
cards_name:RotF:Askara of Fate,cards_name,RotF,dd41acb11a05,Askara of Fate,命运阿斯卡拉,draft,,loc/zh-Hans/lua_cards.csv
cards_name:RotF:Battery Monk,cards_name,RotF,bd8e2a34ade6,Battery Monk,电池僧侣,draft,,loc/zh-Hans/lua_cards.csv
"cards_name:RotF:Bazu, Duke of Scorn",cards_name,RotF,c742526922de,"Bazu, Duke of Scorn",轻蔑公爵巴祖,draft,,loc/zh-Hans/lua_cards.csv
cards_name:RotF:Black Hole,cards_name,RotF,b5e13d6534b8,Black Hole,黑洞,draft,,loc/zh-Hans/lua_cards.csv
cards_name:RotF:Black Watch Elite,cards_name,RotF,160516a435c0,Black Watch Elite,黑卫精锐,draft,,loc/zh-Hans/lua_cards.csv
cards_name:RotF:Combustion Idol,cards_name,RotF,9b7fc506580c,Combustion Idol,燃烧偶像,draft,,loc/zh-Hans/lua_cards.csv
cards_name:RotF:Dandelion Witch,cards_name,RotF,3075d8491b85,Dandelion Witch,蒲公英女巫,draft,,loc/zh-Hans/lua_cards.csv
cards_name:RotF:Deathseeker,cards_name,RotF,ce1a76673126,Deathseeker,寻死者,draft,,loc/zh-Hans/lua_cards.csv
cards_name:RotF:Dhartha's Retreat,cards_name,RotF,09ca00cca879,Dhartha's Retreat,达萨的隐修处,draft,,loc/zh-Hans/lua_cards.csv
cards_name:RotF:Dimension Diver,cards_name,RotF,1f5ba741322a,Dimension Diver,维度潜者,draft,,loc/zh-Hans/lua_cards.csv
cards_name:RotF:Doom Weeper,cards_name,RotF,1d2ed02cdee2,Doom Weeper,末日哀泣者,draft,,loc/zh-Hans/lua_cards.csv
cards_name:RotF:Eternal Askara,cards_name,RotF,45cc2bb6a907,Eternal Askara,永恒阿斯卡拉,draft,,loc/zh-Hans/lua_cards.csv
cards_name:RotF:Fire Tyrant,cards_name,RotF,3b329df7eb8c,Fire Tyrant,火焰暴君,draft,,loc/zh-Hans/lua_cards.csv
cards_name:RotF:Great-Omen Raven,cards_name,RotF,5cdcbfd88e66,Great-Omen Raven,大兆乌鸦,draft,,loc/zh-Hans/lua_cards.csv
cards_name:RotF:Guardian of Sadranis,cards_name,RotF,b87af0ac6920,Guardian of Sadranis,守卫萨德拉尼斯,draft,,loc/zh-Hans/lua_cards.csv
cards_name:RotF:Hectic Scribe,cards_name,RotF,42a2fc4f1d2a,Hectic Scribe,忙乱书记,draft,,loc/zh-Hans/lua_cards.csv
cards_name:RotF:Lunar Stag,cards_name,RotF,d222fda8c040,Lunar Stag,月鹿,draft,,loc/zh-Hans/lua_cards.csv
"cards_name:RotF:Nairi, Henge Queen",cards_name,RotF,ad0ac34e59d9,"Nairi, Henge Queen",环石女王奈莉,draft,,loc/zh-Hans/lua_cards.csv
cards_name:RotF:Project Alpha,cards_name,RotF,79d7f768d30b,Project Alpha,阿尔法计划,draft,,loc/zh-Hans/lua_cards.csv
cards_name:RotF:Ravenous Gorph,cards_name,RotF,124fda6b336e,Ravenous Gorph,贪婪戈尔夫,draft,,loc/zh-Hans/lua_cards.csv
cards_name:RotF:Reclamax,cards_name,RotF,aad5e55650e7,Reclamax,回收机,draft,,loc/zh-Hans/lua_cards.csv
"cards_name:RotF:Sadranis, Dark Emissary",cards_name,RotF,5cee1ffeac69,"Sadranis, Dark Emissary",黑暗使者萨德拉尼斯,draft,,loc/zh-Hans/lua_cards.csv
cards_name:RotF:Samael the Fallen,cards_name,RotF,b361828f711d,Samael the Fallen,堕落之神萨麦尔,reviewed,,loc/zh-Hans/lua_cards.csv
cards_name:RotF:Serpentcall,cards_name,RotF,5870b07ad9eb,Serpentcall,唤蛇,draft,,loc/zh-Hans/lua_cards.csv
cards_name:RotF:Socket Altar,cards_name,RotF,4c89abd136ed,Socket Altar,嵌口祭坛,draft,,loc/zh-Hans/lua_cards.csv
cards_name:RotF:Sordid Asp,cards_name,RotF,2a6bbfb7c0ff,Sordid Asp,污秽蝮蛇,draft,,loc/zh-Hans/lua_cards.csv
cards_name:RotF:Stone Circle,cards_name,RotF,61aa3549225d,Stone Circle,石环,draft,,loc/zh-Hans/lua_cards.csv
cards_name:RotF:Vaultbreaker Wurm,cards_name,RotF,53697938dd82,Vaultbreaker Wurm,破库巨虫,draft,,loc/zh-Hans/lua_cards.csv
cards_name:SoS:Abolisher,cards_name,SoS,4c2ed26c7af7,Abolisher,废除者,draft,,loc/zh-Hans/lua_cards.csv
cards_name:SoS:Aiyana's Messenger,cards_name,SoS,8bb412c27721,Aiyana's Messenger,艾雅娜的信使,draft,,loc/zh-Hans/lua_cards.csv
cards_name:SoS:Arha Rising,cards_name,SoS,f533f257ded6,Arha Rising,亚哈崛起,draft,,loc/zh-Hans/lua_cards.csv
cards_name:SoS:Autobuilder 5.0,cards_name,SoS,642ec37db150,Autobuilder 5.0,自动建造机5.0,draft,,loc/zh-Hans/lua_cards.csv
cards_name:SoS:Avatar of Aiyana,cards_name,SoS,f1b959dba65f,Avatar of Aiyana,化身·艾雅娜,draft,,loc/zh-Hans/lua_cards.csv
cards_name:SoS:Brazer Drone,cards_name,SoS,44e0f52d656c,Brazer Drone,铜匠无人机,draft,,loc/zh-Hans/lua_cards.csv
cards_name:SoS:Canopic Jar,cards_name,SoS,ae7667fecad0,Canopic Jar,卡诺皮克罐,draft,,loc/zh-Hans/lua_cards.csv
cards_name:SoS:Cog Maw,cards_name,SoS,373f2bb46d76,Cog Maw,齿轮巨口,draft,,loc/zh-Hans/lua_cards.csv
cards_name:SoS:Dream Machine,cards_name,SoS,20f2c2a28f6c,Dream Machine,梦机器,draft,,loc/zh-Hans/lua_cards.csv
cards_name:SoS:Dreamer's Glass,cards_name,SoS,c6cd3f46298a,Dreamer's Glass,梦者琉璃,draft,,loc/zh-Hans/lua_cards.csv
cards_name:SoS:Elder Skeptic,cards_name,SoS,1e5b59d8f6f6,Elder Skeptic,长老怀疑者,draft,,loc/zh-Hans/lua_cards.csv
cards_name:SoS:Elemental Adept,cards_name,SoS,966f1bd81a46,Elemental Adept,元素能手,draft,,loc/zh-Hans/lua_cards.csv
"cards_name:SoS:Emri, Soulslayer",cards_name,SoS,6beead03431c,"Emri, Soulslayer",斩魂者艾姆瑞,draft,,loc/zh-Hans/lua_cards.csv
cards_name:SoS:Everbloom,cards_name,SoS,7bfbd13cf59c,Everbloom,永绽,draft,,loc/zh-Hans/lua_cards.csv
cards_name:SoS:Eye of Destiny,cards_name,SoS,f529aa34eb78,Eye of Destiny,命运之眼,draft,,loc/zh-Hans/lua_cards.csv
cards_name:SoS:Fanatic SoS,cards_name,SoS,906163f7d1a1,Fanatic SoS,狂信者,reviewed,,loc/zh-Hans/lua_cards.csv
cards_name:SoS:Fettered Soul,cards_name,SoS,df434f8fda96,Fettered Soul,枷锁灵魂,draft,,loc/zh-Hans/lua_cards.csv
cards_name:SoS:Granger,cards_name,SoS,f2403472ae82,Granger,农夫,draft,,loc/zh-Hans/lua_cards.csv
cards_name:SoS:Grease Monk,cards_name,SoS,aab156765518,Grease Monk,油污僧侣,draft,,loc/zh-Hans/lua_cards.csv
cards_name:SoS:Hedron Rising,cards_name,SoS,7c62f653e8fd,Hedron Rising,多面体崛起,draft,,loc/zh-Hans/lua_cards.csv
cards_name:SoS:Hoarding Tyrant,cards_name,SoS,c8366d0ed5d0,Hoarding Tyrant,囤积暴君,draft,,loc/zh-Hans/lua_cards.csv
cards_name:SoS:Hoarding Whelp,cards_name,SoS,c45c44486809,Hoarding Whelp,囤积幼龙,draft,,loc/zh-Hans/lua_cards.csv
cards_name:SoS:Honey Siren,cards_name,SoS,4eb7a94c544a,Honey Siren,蜜海妖,draft,,loc/zh-Hans/lua_cards.csv
cards_name:SoS:Lionheart,cards_name,SoS,694c2fef9825,Lionheart,狮心,draft,,loc/zh-Hans/lua_cards.csv
cards_name:SoS:Minotaur,cards_name,SoS,25ea2b23d54b,Minotaur,牛头人,draft,,loc/zh-Hans/lua_cards.csv
cards_name:SoS:Nemesis,cards_name,SoS,c10c9355d232,Nemesis,宿敌,draft,,loc/zh-Hans/lua_cards.csv
cards_name:SoS:Nihilmancer,cards_name,SoS,dd3314a7e79d,Nihilmancer,虚无法师,draft,,loc/zh-Hans/lua_cards.csv
cards_name:SoS:Nook Hound,cards_name,SoS,e39e0ff5d447,Nook Hound,角落猎犬,draft,,loc/zh-Hans/lua_cards.csv
cards_name:SoS:Noxious Soul,cards_name,SoS,2dd4a0550813,Noxious Soul,毒害灵魂,draft,,loc/zh-Hans/lua_cards.csv
cards_name:SoS:Ogo Rising,cards_name,SoS,b4271db9b897,Ogo Rising,奥戈崛起,draft,,loc/zh-Hans/lua_cards.csv
cards_name:SoS:P.R.I.M.E.,cards_name,SoS,f4b6443247ad,P.R.I.M.E.,P.R.I.M.E.,reviewed,,loc/zh-Hans/lua_cards.csv
cards_name:SoS:Penumbral Edge,cards_name,SoS,193843feb5cd,Penumbral Edge,半影刃锋,draft,,loc/zh-Hans/lua_cards.csv
cards_name:SoS:Personal Wormhole,cards_name,SoS,d6a5d549f1f7,Personal Wormhole,私人虫洞,draft,,loc/zh-Hans/lua_cards.csv
cards_name:SoS:Polaris Demon,cards_name,SoS,7c44a8b0fb78,Polaris Demon,北极星恶魔,draft,,loc/zh-Hans/lua_cards.csv
cards_name:SoS:Prodigal,cards_name,SoS,583c4101280e,Prodigal,浪子,draft,,loc/zh-Hans/lua_cards.csv
"cards_name:SoS:Raj, Psionic Master",cards_name,SoS,e9239a87b1df,"Raj, Psionic Master",灵能大师拉吉,draft,,loc/zh-Hans/lua_cards.csv
cards_name:SoS:Rise of the Cult,cards_name,SoS,356185cffce3,Rise of the Cult,邪教崛起,draft,,loc/zh-Hans/lua_cards.csv
cards_name:SoS:Scrap Flinger,cards_name,SoS,2807d25d12e7,Scrap Flinger,废料投掷者,draft,,loc/zh-Hans/lua_cards.csv
cards_name:SoS:Shadowcaster,cards_name,SoS,2ee35f421974,Shadowcaster,影咏者,draft,,loc/zh-Hans/lua_cards.csv
cards_name:SoS:Snake Shaman,cards_name,SoS,92d8407cd6fc,Snake Shaman,蛇萨满,draft,,loc/zh-Hans/lua_cards.csv
cards_name:SoS:Soul Assassin,cards_name,SoS,a436ccbe0bf6,Soul Assassin,灵魂刺客,draft,,loc/zh-Hans/lua_cards.csv
cards_name:SoS:Starchild,cards_name,SoS,eafcfb8283b0,Starchild,星之子,draft,,loc/zh-Hans/lua_cards.csv
cards_name:SoS:Synchronizer,cards_name,SoS,d4c822abc642,Synchronizer,同步者,draft,,loc/zh-Hans/lua_cards.csv
"cards_name:SoS:Syril, Runic Alpha",cards_name,SoS,0a64067afb50,"Syril, Runic Alpha",符文首领西里尔,draft,,loc/zh-Hans/lua_cards.csv
"cards_name:SoS:Tarik, the Trickster",cards_name,SoS,02b1f6d350be,"Tarik, the Trickster",诡术师塔里克,draft,,loc/zh-Hans/lua_cards.csv
cards_name:SoS:Tower Askara,cards_name,SoS,4124206a6435,Tower Askara,高塔阿斯卡拉,draft,,loc/zh-Hans/lua_cards.csv
cards_name:SoS:Treasures of the Study,cards_name,SoS,55b79cd084f5,Treasures of the Study,宝藏书房,draft,,loc/zh-Hans/lua_cards.csv
cards_name:SoS:Umbral Edge,cards_name,SoS,df3894ef3942,Umbral Edge,暗影刃锋,draft,,loc/zh-Hans/lua_cards.csv
cards_name:SoS:Unchained Fates,cards_name,SoS,cb7a9170f416,Unchained Fates,挣脱的命运,draft,,loc/zh-Hans/lua_cards.csv
cards_name:SoS:Vandal Soul,cards_name,SoS,b3d2008001d0,Vandal Soul,破坏灵魂,draft,,loc/zh-Hans/lua_cards.csv
cards_name:SoS:Void Militia,cards_name,SoS,aa59e30e2d50,Void Militia,虚空民兵,draft,,loc/zh-Hans/lua_cards.csv
cards_name:SoS:Void Rising,cards_name,SoS,a8a72a5336bb,Void Rising,虚空崛起,draft,,loc/zh-Hans/lua_cards.csv
cards_name:SoS:Weapon 303-V,cards_name,SoS,69c75da54f88,Weapon 303-V,武器303-V,draft,,loc/zh-Hans/lua_cards.csv
cards_name:VotA:Alosyan Guide,cards_name,VotA,401501f0afb6,Alosyan Guide,阿洛西亚向导,draft,,loc/zh-Hans/lua_cards.csv
cards_name:VotA:Ancient Stag,cards_name,VotA,b4ce89dbd543,Ancient Stag,上古鹿,draft,,loc/zh-Hans/lua_cards.csv
"cards_name:VotA:Asalas, the Impaler",cards_name,VotA,00a77f19fb58,"Asalas, the Impaler",阿萨拉斯·穿刺者,draft,,loc/zh-Hans/lua_cards.csv
cards_name:VotA:Beacon of the Lost,cards_name,VotA,a1ad458bac06,Beacon of the Lost,信标迷失,draft,,loc/zh-Hans/lua_cards.csv
cards_name:VotA:Blind Seer,cards_name,VotA,3dc1c0507324,Blind Seer,盲预言者,draft,,loc/zh-Hans/lua_cards.csv
cards_name:VotA:Brother Marius,cards_name,VotA,a468a066875c,Brother Marius,修士马里乌斯,draft,,loc/zh-Hans/lua_cards.csv
cards_name:VotA:Burial Guardian,cards_name,VotA,c2bcd492ba5e,Burial Guardian,埋葬守卫,draft,,loc/zh-Hans/lua_cards.csv
cards_name:VotA:Caretaker Zahral,cards_name,VotA,9a7036bcbeee,Caretaker Zahral,看护者扎拉尔,draft,,loc/zh-Hans/lua_cards.csv
cards_name:VotA:Cavern Horror,cards_name,VotA,6b9b58e28873,Cavern Horror,洞穴恐魔,draft,,loc/zh-Hans/lua_cards.csv
cards_name:VotA:Cheerful Consort,cards_name,VotA,6922c5a40284,Cheerful Consort,欢快伴侣,draft,,loc/zh-Hans/lua_cards.csv
cards_name:VotA:Crypt Lurker,cards_name,VotA,7eea87110aea,Crypt Lurker,地穴潜伏者,draft,,loc/zh-Hans/lua_cards.csv
cards_name:VotA:Death's Widow,cards_name,VotA,1876935283f4,Death's Widow,死亡寡妇,draft,,loc/zh-Hans/lua_cards.csv
cards_name:VotA:Deranged Dirge,cards_name,VotA,c29ef61c8677,Deranged Dirge,发狂挽歌,draft,,loc/zh-Hans/lua_cards.csv
cards_name:VotA:Endbringer Jora,cards_name,VotA,9ea87e813064,Endbringer Jora,终末使者乔拉,draft,,loc/zh-Hans/lua_cards.csv
cards_name:VotA:Excavation Sentry,cards_name,VotA,6bad9443edcb,Excavation Sentry,发掘哨兵,draft,,loc/zh-Hans/lua_cards.csv
cards_name:VotA:Excavator Pilot,cards_name,VotA,ef3fbc318eb5,Excavator Pilot,挖掘机驾驶员,draft,,loc/zh-Hans/lua_cards.csv
cards_name:VotA:Fist of the Dragon,cards_name,VotA,2b4c0b79965b,Fist of the Dragon,拳龙,draft,,loc/zh-Hans/lua_cards.csv
cards_name:VotA:Flanking Askara,cards_name,VotA,8a52e82f1bc2,Flanking Askara,侧击阿斯卡拉,draft,,loc/zh-Hans/lua_cards.csv
cards_name:VotA:Forgemaster's Suit,cards_name,VotA,65218928c66c,Forgemaster's Suit,锻主的套装,draft,,loc/zh-Hans/lua_cards.csv
cards_name:VotA:Grave Golem,cards_name,VotA,d4dffb866c8e,Grave Golem,坟墓魔像,draft,,loc/zh-Hans/lua_cards.csv
cards_name:VotA:Hellfrost Imps,cards_name,VotA,f71083a177b4,Hellfrost Imps,狱霜小恶魔,draft,,loc/zh-Hans/lua_cards.csv
"cards_name:VotA:Hurras, Sea's Fury",cards_name,VotA,9f67b7cb809d,"Hurras, Sea's Fury",胡拉斯·海之狂怒,draft,,loc/zh-Hans/lua_cards.csv
cards_name:VotA:Iku's Minions,cards_name,VotA,01dcbcb8eedd,Iku's Minions,伊库的爪牙,draft,,loc/zh-Hans/lua_cards.csv
"cards_name:VotA:Iku, Valley Tyrant",cards_name,VotA,c24a7777d72c,"Iku, Valley Tyrant",山谷暴君伊库,draft,,loc/zh-Hans/lua_cards.csv
"cards_name:VotA:Isla, Serene Prodigy",cards_name,VotA,cc418ce1be28,"Isla, Serene Prodigy",伊斯拉·宁静神童,draft,,loc/zh-Hans/lua_cards.csv
cards_name:VotA:Jubilant Monk,cards_name,VotA,e125598b4e7a,Jubilant Monk,欢庆僧侣,draft,,loc/zh-Hans/lua_cards.csv
cards_name:VotA:K-YL3 Repairbot,cards_name,VotA,1018e1d95d8e,K-YL3 Repairbot,K-YL3修理机,draft,,loc/zh-Hans/lua_cards.csv
"cards_name:VotA:Kan'zir, the Ravager",cards_name,VotA,8ccff9e9326d,"Kan'zir, the Ravager",坎齐尔·毁灭者,draft,,loc/zh-Hans/lua_cards.csv
cards_name:VotA:Keeper of Secrets,cards_name,VotA,38a680e94c80,Keeper of Secrets,看守秘密,draft,,loc/zh-Hans/lua_cards.csv
cards_name:VotA:Mutated Scavenger,cards_name,VotA,b0278cb15f75,Mutated Scavenger,突变拾荒者,draft,,loc/zh-Hans/lua_cards.csv
cards_name:VotA:Ominous Augur,cards_name,VotA,69907079d1d8,Ominous Augur,不祥占兆者,draft,,loc/zh-Hans/lua_cards.csv
cards_name:VotA:Pathfinder's Totem,cards_name,VotA,989dff58ea89,Pathfinder's Totem,探路者的图腾,draft,,loc/zh-Hans/lua_cards.csv
cards_name:VotA:Qadim Stalker,cards_name,VotA,02af968bc740,Qadim Stalker,卡迪姆潜行者,draft,,loc/zh-Hans/lua_cards.csv
"cards_name:VotA:Randall, Umbral Sage",cards_name,VotA,f1061988394c,"Randall, Umbral Sage",兰德尔·暗影贤者,draft,,loc/zh-Hans/lua_cards.csv
cards_name:VotA:Reckless Excavator,cards_name,VotA,3b0e1e5ca01f,Reckless Excavator,鲁莽挖掘机,draft,,loc/zh-Hans/lua_cards.csv
cards_name:VotA:Resourceful Trader,cards_name,VotA,853d6c3ad702,Resourceful Trader,机智商人,draft,,loc/zh-Hans/lua_cards.csv
cards_name:VotA:Sacred Pot,cards_name,VotA,b1392cab0806,Sacred Pot,神圣罐,draft,,loc/zh-Hans/lua_cards.csv
cards_name:VotA:Salvagemaster Mila,cards_name,VotA,a09f0999c99c,Salvagemaster Mila,打捞大师米拉,draft,,loc/zh-Hans/lua_cards.csv
cards_name:VotA:Shadowridge Scout,cards_name,VotA,52093682158d,Shadowridge Scout,影脊斥候,draft,,loc/zh-Hans/lua_cards.csv
cards_name:VotA:Siegemaster's Ram,cards_name,VotA,6da2575694c0,Siegemaster's Ram,攻城主的攻城槌,draft,,loc/zh-Hans/lua_cards.csv
cards_name:VotA:Silenced Prophet,cards_name,VotA,bc8b7903e4b8,Silenced Prophet,噤声先知,draft,,loc/zh-Hans/lua_cards.csv
cards_name:VotA:Sirewood Elder,cards_name,VotA,697464dc6e1d,Sirewood Elder,父木长老,draft,,loc/zh-Hans/lua_cards.csv
cards_name:VotA:Soulsnare Hunter,cards_name,VotA,ce9ff7904ae5,Soulsnare Hunter,魂阱猎手,draft,,loc/zh-Hans/lua_cards.csv
cards_name:VotA:Spiteful Gladiator,cards_name,VotA,ed6eee770a72,Spiteful Gladiator,怨毒角斗士,draft,,loc/zh-Hans/lua_cards.csv
cards_name:VotA:Starved Abomination,cards_name,VotA,1bcb6b658d44,Starved Abomination,饥馑憎恶,draft,,loc/zh-Hans/lua_cards.csv
cards_name:VotA:Stormsmith Anvil,cards_name,VotA,a6aafd6b9ee5,Stormsmith Anvil,风暴匠铁砧,draft,,loc/zh-Hans/lua_cards.csv
cards_name:VotA:Templar Outpost,cards_name,VotA,603d9a96e297,Templar Outpost,圣殿武士前哨,draft,,loc/zh-Hans/lua_cards.csv
cards_name:VotA:Temple of Death,cards_name,VotA,60c58b8bdc10,Temple of Death,死亡神殿,draft,,loc/zh-Hans/lua_cards.csv
cards_name:VotA:Temple of Immortality,cards_name,VotA,55dbc84ad5d8,Temple of Immortality,不朽神殿,draft,,loc/zh-Hans/lua_cards.csv
cards_name:VotA:Temple of Life,cards_name,VotA,6c5110586008,Temple of Life,生命神殿,draft,,loc/zh-Hans/lua_cards.csv
"cards_name:VotA:Tyranyx, the Pillager",cards_name,VotA,bb74ac899697,"Tyranyx, the Pillager",泰兰尼克斯·劫掠者,draft,,loc/zh-Hans/lua_cards.csv
"cards_name:WoS:Aklys, the Scourge",cards_name,WoS,e3d0030673cb,"Aklys, the Scourge",阿克里斯·灾祸,draft,,loc/zh-Hans/lua_cards.csv
cards_name:WoS:Arha Historian,cards_name,WoS,cbf22a27a5d3,Arha Historian,亚哈史官,draft,,loc/zh-Hans/lua_cards.csv
cards_name:WoS:Bringer of Hope,cards_name,WoS,0de17180165d,Bringer of Hope,带来者希望,draft,,loc/zh-Hans/lua_cards.csv
cards_name:WoS:Cavern Creeper,cards_name,WoS,80db6f6db9dd,Cavern Creeper,洞穴爬行者,draft,,loc/zh-Hans/lua_cards.csv
cards_name:WoS:Dark Gladiator,cards_name,WoS,dc0d8fa81ffb,Dark Gladiator,黑暗角斗士,draft,,loc/zh-Hans/lua_cards.csv
cards_name:WoS:Deadeye Assassin,cards_name,WoS,2ccd5081aa14,Deadeye Assassin,死眼刺客,draft,,loc/zh-Hans/lua_cards.csv
cards_name:WoS:Deceitful Ghoul,cards_name,WoS,11578eec30ac,Deceitful Ghoul,欺诈食尸鬼,draft,,loc/zh-Hans/lua_cards.csv
cards_name:WoS:Dogs of War,cards_name,WoS,2861e23154e3,Dogs of War,犬战争,draft,,loc/zh-Hans/lua_cards.csv
cards_name:WoS:Dread Conjurer,cards_name,WoS,ccfec70ffcf9,Dread Conjurer,恐惧咒术师,draft,,loc/zh-Hans/lua_cards.csv
cards_name:WoS:Emberwing Moth,cards_name,WoS,13168da8b2de,Emberwing Moth,烬翼蛾,draft,,loc/zh-Hans/lua_cards.csv
cards_name:WoS:Everbloom Witch,cards_name,WoS,c4bab46b85cc,Everbloom Witch,永绽女巫,draft,,loc/zh-Hans/lua_cards.csv
cards_name:WoS:Flare Tracker,cards_name,WoS,4819aa08dfb8,Flare Tracker,闪光追踪者,draft,,loc/zh-Hans/lua_cards.csv
cards_name:WoS:Foundry Hound,cards_name,WoS,b85613db7fc2,Foundry Hound,铸造厂猎犬,draft,,loc/zh-Hans/lua_cards.csv
cards_name:WoS:Illuminator,cards_name,WoS,643fa8841eb4,Illuminator,照明者,draft,,loc/zh-Hans/lua_cards.csv
cards_name:WoS:Inspired Templar,cards_name,WoS,e9eaf84f3dbc,Inspired Templar,受启圣殿武士,draft,,loc/zh-Hans/lua_cards.csv
"cards_name:WoS:Isha, the Pursuer",cards_name,WoS,f37b2087d83e,"Isha, the Pursuer",伊莎·追猎者,draft,,loc/zh-Hans/lua_cards.csv
cards_name:WoS:Legion of Aklys,cards_name,WoS,09ddc48f9005,Legion of Aklys,军团阿克里斯,draft,,loc/zh-Hans/lua_cards.csv
cards_name:WoS:Lieutenant Duros,cards_name,WoS,e2e56dec7068,Lieutenant Duros,副官杜洛斯,draft,,loc/zh-Hans/lua_cards.csv
cards_name:WoS:Light of False Hope,cards_name,WoS,d8cd5db11cb0,Light of False Hope,光虚假希望,draft,,loc/zh-Hans/lua_cards.csv
cards_name:WoS:Lunar Guardian,cards_name,WoS,2e9a22722e5d,Lunar Guardian,月守卫,draft,,loc/zh-Hans/lua_cards.csv
"cards_name:WoS:Luro, the Hunter",cards_name,WoS,bb694202107a,"Luro, the Hunter",卢罗·猎手,draft,,loc/zh-Hans/lua_cards.csv
cards_name:WoS:Map of the Stars,cards_name,WoS,f0d6a816c1c2,Map of the Stars,星图,draft,,loc/zh-Hans/lua_cards.csv
cards_name:WoS:Marsh Ranger,cards_name,WoS,edf9c55d7d2c,Marsh Ranger,沼泽游侠,draft,,loc/zh-Hans/lua_cards.csv
cards_name:WoS:Pillar of Resolve,cards_name,WoS,a6b6389f5448,Pillar of Resolve,柱决意,draft,,loc/zh-Hans/lua_cards.csv
cards_name:WoS:Rescuebot 505,cards_name,WoS,5797bbd0b10f,Rescuebot 505,救援机505,draft,,loc/zh-Hans/lua_cards.csv
cards_name:WoS:Riftwatch Outpost,cards_name,WoS,45a366946e45,Riftwatch Outpost,裂隙守望前哨,draft,,loc/zh-Hans/lua_cards.csv
cards_name:WoS:Scavenger Ants,cards_name,WoS,988dcac1b99e,Scavenger Ants,拾荒者蚁群,draft,,loc/zh-Hans/lua_cards.csv
cards_name:WoS:Searing Askara,cards_name,WoS,b96372dfe526,Searing Askara,灼热阿斯卡拉,draft,,loc/zh-Hans/lua_cards.csv
cards_name:WoS:Shade Converter,cards_name,WoS,444eda0209ee,Shade Converter,暗影转化者,draft,,loc/zh-Hans/lua_cards.csv
cards_name:WoS:Shade Viper,cards_name,WoS,f33fabf8c766,Shade Viper,暗影毒蛇,draft,,loc/zh-Hans/lua_cards.csv
cards_name:WoS:Shade of Sadranis,cards_name,WoS,36ccb60876ce,Shade of Sadranis,暗影萨德拉尼斯,draft,,loc/zh-Hans/lua_cards.csv
cards_name:WoS:Shardwing Beetle,cards_name,WoS,285e7bf68d8b,Shardwing Beetle,晶翼甲虫,draft,,loc/zh-Hans/lua_cards.csv
cards_name:WoS:Shrine Attendant,cards_name,WoS,83316ccefa6d,Shrine Attendant,神龛侍从,draft,,loc/zh-Hans/lua_cards.csv
cards_name:WoS:Solar Sentry,cards_name,WoS,c178dc098985,Solar Sentry,日哨兵,draft,,loc/zh-Hans/lua_cards.csv
cards_name:WoS:Sunstreak Courier,cards_name,WoS,2fd108c20724,Sunstreak Courier,日迹信使,draft,,loc/zh-Hans/lua_cards.csv
cards_name:WoS:Sureshot Tracker,cards_name,WoS,9877e34cc77c,Sureshot Tracker,神射追踪者,draft,,loc/zh-Hans/lua_cards.csv
"cards_name:WoS:Ta'hyr, the Sun",cards_name,WoS,b2af56c45b35,"Ta'hyr, the Sun",塔希尔·太阳,draft,,loc/zh-Hans/lua_cards.csv
cards_name:WoS:Twilight Scout,cards_name,WoS,bfb9b6c44bbd,Twilight Scout,暮光斥候,draft,,loc/zh-Hans/lua_cards.csv
cards_name:WoS:Verdant Chanter,cards_name,WoS,c57d29ea6892,Verdant Chanter,翠绿咏者,draft,,loc/zh-Hans/lua_cards.csv
"cards_name:WoS:Vyrak, the First",cards_name,WoS,1ec69de9b330,"Vyrak, the First",维拉卡·初代,draft,,loc/zh-Hans/lua_cards.csv
cards_name:WoS:Wartorn Arbiter,cards_name,WoS,22fec32eebbb,Wartorn Arbiter,战创仲裁者,draft,,loc/zh-Hans/lua_cards.csv
cards_name:WoS:Watchtower Golem,cards_name,WoS,9fd4292ca9ad,Watchtower Golem,瞭望塔魔像,draft,,loc/zh-Hans/lua_cards.csv
cards_name:WoS:Wrecklamax,cards_name,WoS,8255f563203c,Wrecklamax,回收残机,draft,,loc/zh-Hans/lua_cards.csv
cards_name:promo:Aether Channeler,cards_name,promo,2bff4a68d35e,Aether Channeler,以太引导者,draft,,loc/zh-Hans/lua_cards.csv
cards_name:promo:Aether Curator,cards_name,promo,5dec770decdf,Aether Curator,以太策展者,draft,,loc/zh-Hans/lua_cards.csv
cards_name:promo:Aether Ritualist,cards_name,promo,3a3ebf936f65,Aether Ritualist,以太祭仪师,draft,,loc/zh-Hans/lua_cards.csv
cards_name:promo:Aetherspring Witch,cards_name,promo,1a4d6d1f202b,Aetherspring Witch,以太泉女巫,draft,,loc/zh-Hans/lua_cards.csv
cards_name:promo:Arha Sanctuary,cards_name,promo,13198aeb6dfc,Arha Sanctuary,亚哈圣所,draft,,loc/zh-Hans/lua_cards.csv
cards_name:promo:Askara of Fortune,cards_name,promo,f07e83ee5cb2,Askara of Fortune,幸运阿斯卡拉,draft,,loc/zh-Hans/lua_cards.csv
cards_name:promo:Big Bad Bunny,cards_name,promo,c73a3aa4aa32,Big Bad Bunny,大坏兔子,draft,,loc/zh-Hans/lua_cards.csv
"cards_name:promo:Cetra, Guide of Ogo",cards_name,promo,fdf9093071c0,"Cetra, Guide of Ogo",奥戈向导塞特拉,draft,,loc/zh-Hans/lua_cards.csv
cards_name:promo:Chaos Rider,cards_name,promo,13d9cd429f85,Chaos Rider,混沌骑手,draft,,loc/zh-Hans/lua_cards.csv
cards_name:promo:Chaotic Cannon,cards_name,promo,d0697e7db293,Chaotic Cannon,混沌加农,draft,,loc/zh-Hans/lua_cards.csv
cards_name:promo:Constricting Horror,cards_name,promo,190afa78f96f,Constricting Horror,绞杀恐魔,draft,,loc/zh-Hans/lua_cards.csv
cards_name:promo:Control Room,cards_name,promo,a5f20e388c5c,Control Room,控制室,draft,,loc/zh-Hans/lua_cards.csv
"cards_name:promo:David, Prophetic Guide",cards_name,promo,7273bbfc1c80,"David, Prophetic Guide",大卫·预言向导,draft,,loc/zh-Hans/lua_cards.csv
cards_name:promo:Deep Drone,cards_name,promo,dded18488f0f,Deep Drone,深潜无人机,draft,,loc/zh-Hans/lua_cards.csv
cards_name:promo:Defender of Vigil,cards_name,promo,5d5e1b0f1a37,Defender of Vigil,防御者祈夜,draft,,loc/zh-Hans/lua_cards.csv
cards_name:promo:Destroyer's Gate,cards_name,promo,0f224c628333,Destroyer's Gate,毁灭者之门,draft,,loc/zh-Hans/lua_cards.csv
cards_name:promo:Ender of Days,cards_name,promo,e9cf0b631da2,Ender of Days,终日者,draft,,loc/zh-Hans/lua_cards.csv
cards_name:promo:Eternal Tormentor,cards_name,promo,8a02beb1c82e,Eternal Tormentor,永恒折磨者,draft,,loc/zh-Hans/lua_cards.csv
cards_name:promo:Ethereal Huntress,cards_name,promo,d314510436aa,Ethereal Huntress,空灵女猎手,draft,,loc/zh-Hans/lua_cards.csv
cards_name:promo:Explosive Swarm,cards_name,promo,22ae7ebb1e38,Explosive Swarm,爆裂虫群,draft,,loc/zh-Hans/lua_cards.csv
cards_name:promo:Eye of Potential,cards_name,promo,b328f075b1f8,Eye of Potential,潜能之眼,draft,,loc/zh-Hans/lua_cards.csv
"cards_name:promo:Forrest, Beastwarden",cards_name,promo,46c7ab313311,"Forrest, Beastwarden",福雷斯特·兽卫,draft,,loc/zh-Hans/lua_cards.csv
cards_name:promo:Giant Rat,cards_name,promo,24c94e321e23,Giant Rat,巨鼠,draft,,loc/zh-Hans/lua_cards.csv
cards_name:promo:Hedron Flare,cards_name,promo,1ba06c01b856,Hedron Flare,多面体闪耀,draft,,loc/zh-Hans/lua_cards.csv
cards_name:promo:Journeyman Sage,cards_name,promo,24aa0294ff03,Journeyman Sage,旅者贤者,draft,,loc/zh-Hans/lua_cards.csv
"cards_name:promo:Kythis, the Gatekeeper",cards_name,promo,6f16cf7f5ba4,"Kythis, the Gatekeeper",守门人凯西斯,draft,,loc/zh-Hans/lua_cards.csv
cards_name:promo:Leprechaun,cards_name,promo,e3f363b5a9e8,Leprechaun,小矮妖,draft,,loc/zh-Hans/lua_cards.csv
cards_name:promo:Lotus Siren,cards_name,promo,eb778f0cbfa3,Lotus Siren,莲花海妖,draft,,loc/zh-Hans/lua_cards.csv
cards_name:promo:Lunar Matriarch,cards_name,promo,df93e69b91b3,Lunar Matriarch,月女族长,draft,,loc/zh-Hans/lua_cards.csv
"cards_name:promo:Miles, Golden Prodigy",cards_name,promo,94d6cfafe286,"Miles, Golden Prodigy",黄金神童迈尔斯,draft,,loc/zh-Hans/lua_cards.csv
cards_name:promo:Moon Staff,cards_name,promo,b756f5221456,Moon Staff,月杖,draft,,loc/zh-Hans/lua_cards.csv
cards_name:promo:N.I.N.E.,cards_name,promo,dd381585e6d0,N.I.N.E.,N.I.N.E.,reviewed,,loc/zh-Hans/lua_cards.csv
cards_name:promo:Nethersnare,cards_name,promo,1508afaf1e81,Nethersnare,冥界陷阱,draft,,loc/zh-Hans/lua_cards.csv
"cards_name:promo:Nova, Born of Chaos",cards_name,promo,4fdde5b83db8,"Nova, Born of Chaos",诺娃·混沌所生,draft,,loc/zh-Hans/lua_cards.csv
cards_name:promo:Pathwarden,cards_name,promo,50704e6581f9,Pathwarden,巡路者,draft,,loc/zh-Hans/lua_cards.csv
cards_name:promo:Portal,cards_name,promo,b55223c7bdc7,Portal,传送门,draft,,loc/zh-Hans/lua_cards.csv
cards_name:promo:Pot of Gold,cards_name,promo,122a6fea9d60,Pot of Gold,金罐,draft,,loc/zh-Hans/lua_cards.csv
cards_name:promo:Puggageddon,cards_name,promo,a2cfccf7672f,Puggageddon,巴哥末日,draft,,loc/zh-Hans/lua_cards.csv
cards_name:promo:Rat King,cards_name,promo,bd32fe388e42,Rat King,鼠王,draft,,loc/zh-Hans/lua_cards.csv
cards_name:promo:Ring of Life,cards_name,promo,c7709cf386fb,Ring of Life,生命之环,draft,,loc/zh-Hans/lua_cards.csv
cards_name:promo:Seed of the World,cards_name,promo,f8a25f1e5de2,Seed of the World,种子世界,draft,,loc/zh-Hans/lua_cards.csv
cards_name:promo:Soul Collector,cards_name,promo,b5256cd5b2cf,Soul Collector,集魂者,draft,,loc/zh-Hans/lua_cards.csv
cards_name:promo:Spire of the Wind,cards_name,promo,776626b95987,Spire of the Wind,尖塔风,draft,,loc/zh-Hans/lua_cards.csv
cards_name:promo:Spirit of the Ancients,cards_name,promo,a3e8e3c3b839,Spirit of the Ancients,上古之灵,draft,,loc/zh-Hans/lua_cards.csv
cards_name:promo:Stone Blade Templar,cards_name,promo,cb578c04965b,Stone Blade Templar,石刃圣殿武士,draft,,loc/zh-Hans/lua_cards.csv
cards_name:promo:Temporal Excavator,cards_name,promo,abfdc9d49bdf,Temporal Excavator,时光发掘者,draft,,loc/zh-Hans/lua_cards.csv
cards_name:promo:The Aethermourne,cards_name,promo,5ff61db57f98,The Aethermourne,以太哀歌,draft,,loc/zh-Hans/lua_cards.csv
cards_name:promo:Tinkering Monk,cards_name,promo,19c0b3fbf3fb,Tinkering Monk,摆弄僧侣,draft,,loc/zh-Hans/lua_cards.csv
cards_name:promo:Tollmaster Ky'lek,cards_name,promo,f672431af8f6,Tollmaster Ky'lek,税吏凯莱克,draft,,loc/zh-Hans/lua_cards.csv
"cards_name:promo:Vedah, Sage of Swords",cards_name,promo,98edc3f6a1c2,"Vedah, Sage of Swords",剑贤维达,draft,,loc/zh-Hans/lua_cards.csv
"cards_name:promo:Vezra'Tull, The Voidwyrm",cards_name,promo,29be0e68dba1,"Vezra'Tull, The Voidwyrm",虚空巨虫维兹拉图尔,draft,,loc/zh-Hans/lua_cards.csv
cards_name:promo:Void Mesmer,cards_name,promo,8486eef1c422,Void Mesmer,虚空催眠师,draft,,loc/zh-Hans/lua_cards.csv
combat_log:%d honor tokens remain in pool\n,combat_log,,d1818e1b3ddf,%d honor tokens remain in pool\n,荣誉池剩余%d点\n,draft,,loc/zh-Hans/combat_log.csv
combat_log:%s defeats %s\n,combat_log,,a3cd42f95811,%s defeats %s\n,%s击败了%s\n,draft,,loc/zh-Hans/combat_log.csv
combat_log:%s discards %s from play\n,combat_log,,40126dcd46ac,%s discards %s from play\n,%s从战场弃掉%s\n,draft,,loc/zh-Hans/combat_log.csv
combat_log:%s gains %d honor tokens from %s\n,combat_log,,2d4692b562c5,%s gains %d honor tokens from %s\n,%s从%s获得%d点荣誉\n,draft,,loc/zh-Hans/combat_log.csv
combat_log:%s gains %d honor tokens\n,combat_log,,8dd442164d27,%s gains %d honor tokens\n,%s获得%d点荣誉\n,draft,,loc/zh-Hans/combat_log.csv
combat_log:%s gains %d power from %s\n,combat_log,,ada179aca379,%s gains %d power from %s\n,%s从%s获得%d点战力\n,draft,,loc/zh-Hans/combat_log.csv
combat_log:%s gains %d power\n,combat_log,,bd47e4302566,%s gains %d power\n,%s获得%d点战力\n,draft,,loc/zh-Hans/combat_log.csv
combat_log:%s gains %d runes from %s\n,combat_log,,0446760193c4,%s gains %d runes from %s\n,%s从%s获得%d点符文\n,draft,,loc/zh-Hans/combat_log.csv
combat_log:%s gains %d runes\n,combat_log,,303b785b0da0,%s gains %d runes\n,%s获得%d点符文\n,draft,,loc/zh-Hans/combat_log.csv
combat_log:%s loses %d honor tokens\n,combat_log,,e132eb489e6f,%s loses %d honor tokens\n,%s失去%d点荣誉\n,draft,,loc/zh-Hans/combat_log.csv
combat_log:%s now has %d honor tokens\n,combat_log,,06bd71192aea,%s now has %d honor tokens\n,%s现在拥有%d点荣誉\n,draft,,loc/zh-Hans/combat_log.csv
combat_log:Choose Life or Death,combat_log,,7c89509cebaa,Choose Life or Death,选择生命或死亡,draft,,loc/zh-Hans/combat_log.csv
combat_log:Choose Rune or Power,combat_log,,650204f94a7e,Choose Rune or Power,选择符文或战力,draft,,loc/zh-Hans/combat_log.csv
combat_log:You May Convert Runes To Honor,combat_log,,6b1bebaa6343,You May Convert Runes To Honor,你可以将符文转化为荣誉,draft,,loc/zh-Hans/combat_log.csv
waiver:card_name_id,protocol_id,,fe9efbb59f5f,(Lua card_name internal IDs — never translate),,waived,protocol_id,StreamingAssets/Lua/*_cards.lua
rulebook:0:fdf09e8acee0,rulebook_text,,fdf09e8acee0,"* New dual-cost Heroes and Constructs require players to use both resources to acquire them, but have incredible power!\n*As the balance between Light and Dark shifts, cards gain additional powers depending on whether it is Night or Day.",* 全新「双费用」英雄与神器需要同时花费两种资源才能获取，但效果极为强大！\n* 随着光暗天平的倾斜，卡牌会依「昼」或「夜」获得额外能力。,draft,,loc/zh-Hans/rulebook.csv
rulebook:11:1838560da71d,rulebook_text,,1838560da71d,<smallcaps><color=#1C4E80C8>Additional IP Development\r</color></smallcaps>\n\rJohn Fiorillo\r\n\rJustin Gary\r\n\rBrian Kibler\r\n\rRyan O’Connor\r\n\rMike Rosenberg\r\n\rEric Sabee\r\n\rGeordie Tait\r\n\rEric Tice\r\n\rGreg Wilson\r\n\r\n<smallcaps><color=#1C4E80C8>Flavor Text</color></smallcaps>\n\rJohn Fiorillo\r\n\rBrian Kibler\r\n\rGeordie Tait\r\n\rEric Tice\r\n\rGreg Wilson\r\n\r\n<smallcaps><color=#1C4E80C8>Project Management Lead</color></smallcaps>\n\rRob Dougherty\r\n\rIan Estrin\r\n\r\n<smallcaps><color=#1C4E80C8>Project Management Support\r</color></smallcaps>\n\rIan Estrin\r\n\r\n<smallcaps><color=#1C4E80C8>Secretary of Keeping it Real\r</color></smallcaps>\n\rJohn Fiorillo\r\n\r\n<smallcaps><color=#1C4E80C8>Minister of Propaganda</color>\r</smallcaps>\n\rBrian Kibler\r\n\r\n<smallcaps><color=#1C4E80C8>Editing\r</color></smallcaps>\n\rCate Gary\r\n\r\n<smallcaps><color=#1C4E80C8>Rulebook</color></smallcaps>\n\rGary Arant\r\n\rJohn Fiorillo\r\n\rJustin Gary\r\n\rBrian Kibler\r\n\rJeff Liu\r\n\rRyan O’Connor\r\n\rMike Rosenberg\r\n\rGeordie Tait\r\n\rEmily Zaehring\n\n\n,<smallcaps><color=#1C4E80C8>附加 IP 开发\n</color></smallcaps>\n\nJohn Fiorillo\n\nJustin Gary\n\nBrian Kibler\n\nRyan O'Connor\n\nMike Rosenberg\n\nEric Sabee\n\nGeordie Tait\n\nEric Tice\n\nGreg Wilson\n\n<smallcaps><color=#1C4E80C8>风味文本</color></smallcaps>\n\n,waived,credits_names,loc/zh-Hans/rulebook.csv
rulebook:12:f5f5d410fbcd,rulebook_text,,f5f5d410fbcd,"\n\r<b><smallcaps><size=120%>Delirium</size></smallcaps></b>\n\r\n\r<smallcaps><color=#1C4E80C8>Ascension™ Game Engine Design\r\r</color></smallcaps>\n\rJustin Gary\r\n\r\n\r<smallcaps><color=#1C4E80C8>Ascension: Delirium™ Lead Design\r</color></smallcaps>\nGary Arant \n\r\n\r<smallcaps><color=#1C4E80C8>Design & Development Team\r\r</color></smallcaps>\n\rJustin Gary, Gary Arant, Jason Zila,\nMataio Wilson and Benjamin Lundquist \n\r\n\r<smallcaps><color=#1C4E80C8>Project Management Lead\r\r</color></smallcaps>\n\rGary Arant\n\n\r<smallcaps><color=#1C4E80C8>Creative Direction & Graphic Design\r\r</color></smallcaps>\n\rRyan O’Connor\r\n\r\r\n\r<smallcaps><color=#1C4E80C8>Graphic Design\r\r</color></smallcaps>\nPeter Wocken Design, Ryan O’Connor\r\n\n\r<smallcaps><color=#1C4E80C8>Card Art\r\r</color></smallcaps>\n\rEric Sabee, Aaron Nakahara, \nRod Mendez, Thiên Nguyên\n\n\r<smallcaps><color=#1C4E80C8>Creative Lead</color></smallcaps>\nGeorge Rockwell III\n\n\r<smallcaps><color=#1C4E80C8>Creative Team\r\r</color></smallcaps>\nGary Arant, Justin Gary, Mataio Wilson\n\n\n","\n\n<b><smallcaps><size=120%>神智迷乱</size></smallcaps></b>\n\n\n<smallcaps><color=#1C4E80C8>《创升纪元》游戏引擎设计\n\n</color></smallcaps>\n\nJustin Gary\n\n\n<smallcaps><color=#1C4E80C8>《创升纪元：神智迷乱》主设计\n</color></smallcaps>\nGary Arant \n\n\n<smallcaps><color=#1C4E80C8>设计与开发团队\n\n</color></smallcaps>\n\nJustin Gary, Gary Arant, Jason Zila,\nMata ",draft,,loc/zh-Hans/rulebook.csv
rulebook:13:63348e089980,rulebook_text,,63348e089980,"<smallcaps><size=120%><b>Administration\r</b></size></smallcaps>\n\n\r<smallcaps><color=#1C4E80C8>Chief Executive Officer, Playdek\r</color></smallcaps>\n\r\rJoel Goodman\r\n\n\n",<smallcaps><size=120%><b>管理层\n</b></size></smallcaps>\n\n\n<smallcaps><color=#1C4E80C8>Playdek 首席执行官\n</color></smallcaps>\n\n\nJoel Goodman\n,draft,,loc/zh-Hans/rulebook.csv
rulebook:14:c93cd672262a,rulebook_text,,c93cd672262a,"<smallcaps><size=120%><b>Ascension: Deck Building Game\r</B></size></smallcaps>\n\r\n\r<smallcaps><color=#1C4E80C8>Senior Product Manager\r</color></smallcaps>\nBriana Covill\r\n\r\n\r<smallcaps><color=#1C4E80C8>Lead Programmer\r</color></smallcaps>\nGary Weis\r\n\r\n\r<smallcaps><color=#1C4E80C8>Director, Engineering\r</color></smallcaps>\nTimothy Parker\r\n\r\n\r<smallcaps><color=#1C4E80C8>Senior Programmers\r\r</color></smallcaps>\nRandall Stevenson\r\nAlan Hickman\r\nAdam Dickinson\r\n\r\n\r<smallcaps><color=#1C4E80C8>Programmers\r</color></smallcaps>\nMatthew Schock\r\nSulaiman Abdul-Khabir\r\n\rAlex Shank\r\n\r\n\r<smallcaps><color=#1C4E80C8>Art Director\r</color></smallcaps>\nJeff Garstecki\r\n\r\n\r<smallcaps><color=#1C4E80C8>Senior Technical Artist\r</color></smallcaps>\n\rJames Graham\r\n\r\n\r<smallcaps><color=#1C4E80C8>Senior Artist\r</color></smallcaps>\nEric “Dark Lynx” Lin\r\n\n\r<smallcaps><color=#1C4E80C8>Artists</color></smallcaps>\nRon Bourbeau\nAdam del Rosario\r\n\r\n\r<smallcaps><color=#1C4E80C8>Music and Sound Design\r</color></smallcaps>\n\rJung Park\r\nTodd Masten\r\n\r\n\r<smallcaps><color=#1C4E80C8>Development Director\r</color></smallcaps>\nTodd Masten\r\n\r\n\r<smallcaps><color=#1C4E80C8>Marketing Manager\r</color></smallcaps>\n\r\rGeorge Rothrock\r\n\r\n\r<smallcaps><color=#1C4E80C8>Assistant Producer\r</color></smallcaps>\nRebecca Doyle\r\n\r\n\r<smallcaps><color=#1C4E80C8>QA Analysts\r</color></smallcaps>\nAmanda Rea\r\n\rJesse Dorman\r\n\rCameron Dove\r\n\rRebecca Doyle\r\n\r\n\r<smallcaps><color=#1C4E80C8>Play Testers\r</color></smallcaps>\n\r\rJesse Abrahamson\r\n\rRolo Andreola\r\n\rClaire Baker\r\n\rSean Copeland\r\n\rMike Drysdale\r\n\rCory Damone Enriquez\r\n\rJeff Evans\r\n\rIan Estrin\r\n\rJason Finn\r\n\rDavid Fowler\r\n\rSam Grover\r\n\rJen Gidner\r\n\rMike Girard\r\n\rJeff W. Hastings\r\n\rGlenn Jones\r\n\rMichael Lampert\r\n\rLauren Lee\r\n\rScott Lelivelt\r\n\rNoah Lesgold\r\n\rShawn E. A. Lockard\r\n\rJason Long\r\n\rDan Massek\r\n\rPatrick McAlpine\r\n\rMark McEvoy\r\n\rJames McMahon\r\n\rZach Mitchell\r\n\rJoey Morgan\r\n\rCharles Morton\r\n\rTre’ Morton\r\n\rJason Mosley\r\n\rEngku Nasrun\r\n\rJeremy Norstad\r\n\rRyan O’Connor\r\n\rDavid Pazmino\r\n\rJames Prater\r\n\rDaniel Reigner\r\n\rVictor Rogachevsky\r\n\rGraham Russell\r\n\rBrian Sagocio\r\n\rVernon Shurtz\r\n\rAlex Shvartsman\r\n\rRyan Soots\r\n\rLaszlo Stadler\r\n\rBenjamin D. Stanley\r\n\rJosh Wilhelmi\r\n\rGreg Willis\r\n\rMichael Zimmerman\r\n\r\n\r<smallcaps><color=#1C4E80C8>Special Thanks\r</color></smallcaps>\nFrank Silas\r\n\rPhil Straka\n\n\n",<smallcaps><size=120%><b>创升纪元：牌组构筑游戏\n</B></size></smallcaps>\n\n\n<smallcaps><color=#1C4E80C8>高级产品经理\n</color></smallcaps>\nBriana Covill\n\n\n<smallcaps><color=#1C4E80C8>主程序员\n</color></smallcaps>\nGary Weis\n\n\n<smallcaps><color=#1C4E80C8>工程总监\n</color></smallcaps>\nTimothy Parker\n\n\n<smallcaps><color=#1C4E80C8>资深,waived,credits_names,loc/zh-Hans/rulebook.csv
rulebook:15:2318e8f9e58d,rulebook_text,,2318e8f9e58d,<size=120%><smallcaps><b>Ascension:\nDeck Building Game\r</b></smallcaps></size>\n\r\n\r<smallcaps><color=#1C4E80C8>Ascension™ Game Design</color></smallcaps>\n\rJustin Gary\r\n\r\n\r<smallcaps><color=#1C4E80C8>Rise of Vigil™ Lead Design</color>\r</smallcaps>\n\rJustin Gary\r\n\r\n<smallcaps><color=#1C4E80C8>Storm of Souls™ Lead Design</color></smallcaps>\n\rJohn Fiorillo\r\n\r\n<smallcaps><color=#1C4E80C8>Lead Development\r</color></smallcaps>\n\rJohn Fiorillo\r\n\rBrian Kibler\r\n\r\n<smallcaps><color=#1C4E80C8>Additional Game Design / Development\r</color></smallcaps>\n\rGary Arant\r\n\rDave Baumgartner\r\n\rPete Baumgartner\r\n\rRob Dougherty\r\n\rKaile Dutton\r\n\rIan Estrin\r\n\rWill Garner\r\n\rDarwin Kastle\r\n\rBrian Kibler\r\n\rJeff Liu\r\n\rRyan O’Connor\r\n\rMike Rosenberg\r\n\rMatt Sperling\r\n\rPatrick Sullivan\r\n\rSteve Terry\r\n\rJake Woods\r\n\n<smallcaps><color=#1C4E80C8>\rWebsite and Marketing\r</color></smallcaps>\n\rRyan O'Connor\r\n\r\n<smallcaps><color=#1C4E80C8>Graphic Design Leads</color></smallcaps>\n\rRyan O’Connor\r\n\rGeordie Tait\r\n\r\n<smallcaps><color=#1C4E80C8>Card Art</color></smallcaps>\n\rEric Sabee\r\n\r\n<smallcaps><color=#1C4E80C8>IP Development Lead\r</color></smallcaps>\n\rJustin Gary\r\n\r\n<smallcaps><color=#1C4E80C8>Creative Director/Storm of Souls IP Development Lead\r</color></smallcaps>\n\rGeordie Tait\n\n,<size=120%><smallcaps><b>创升纪元：\n牌组构筑游戏\n</b></smallcaps></size>\n\n\n<smallcaps><color=#1C4E80C8>《创升纪元》游戏设计</color></smallcaps>\n\nJustin Gary\n\n\n<smallcaps><color=#1C4E80C8>《祈夜崛起》主设计</color>\n</smallcaps>\n\nJustin Gary\n\n,draft,,loc/zh-Hans/rulebook.csv
rulebook:16:d7afcd74bccd,rulebook_text,,d7afcd74bccd,"\n<smallcaps><size=120%><b>Ascension: Deck Building Game</size></b></smallcaps>\n\r\n<smallcaps><color=#1C4E80C8>Lead Programmer\r</color></smallcaps>\nGary Weis\r\n\r\n<smallcaps><color=#1C4E80C8>Programmer</color>\r</smallcaps>\nMatthew Schock\r\n\r\n<smallcaps><color=#1C4E80C8>CCO/Art Director\r</color></smallcaps>\nJeff ""Stecki"" Garstecki\r\n\r\n<smallcaps><color=#1C4E80C8>Music and Sound Design</color>\r</smallcaps>\nAlexander Goodman\r\n\r\n<smallcaps><color=#1C4E80C8>QA Analysts\r</color></smallcaps>\n\rAlexander Goodman\r\n\rKyle Scarcia\r\nChase Balfour\n\r\n\n","\n<smallcaps><size=120%><b>创升纪元：牌组构筑游戏</b></size></smallcaps>\n\n<smallcaps><color=#1C4E80C8>主程序员\n</color></smallcaps>\nGary Weis\n\n<smallcaps><color=#1C4E80C8>程序员</color>\n</smallcaps>\nMatthew Schock\n\n<smallcaps><color=#1C4E80C8>首席创意官 / 美术总监\n</color></smallcaps>\nJeff ""Stecki"" Garstecki\n\n<smallcaps><color=#1C4E80C8>音乐与音效设",waived,credits_names,loc/zh-Hans/rulebook.csv
rulebook:22:f096e9f36bbc,rulebook_text,,f096e9f36bbc,If you only have an Asmodee.net account that has been used to play Ascension in the past you will need to create a new Playdek account. If you wish to preserve your stats and in-game progress please use the same email from your Asmodee.net account for your new Playdek account. Online Friend's Lists will only be populated with Playdek accounts and Asmodee.net Friend’s Lists will no longer be available.,如果你之前只用 Asmodee.net 账号进行游戏，那么你需要创建一个全新的 Playdek 账号。若希望保留战绩与游戏内进度，请在注册新的 Playdek 账号时使用与 Asmodee.net 账号相同的邮箱。在线好友列表仅会显示 Playdek 平台账号，Asmodee.net 平台的好友列表将不再可用。,draft,,loc/zh-Hans/rulebook.csv
rulebook:27:533276f52f12,rulebook_text,,533276f52f12,This is a tutorial text block. This is a tutorial text block. This is a tutorial text block. This is a tutorial text block. This is a tutorial text block. This is a tutorial text block. This is a tutorial text block.\nThis is a tutorial text block. This is a tutorial text block. <sprite=32>,这是一段教学示例文本。这是一段教学示例文本。这是一段教学示例文本。这是一段教学示例文本。这是一段教学示例文本。这是一段教学示例文本。这是一段教学示例文本。\n这是一段教学示例文本。这是一段教学示例文本。 <sprite=32>,draft,,loc/zh-Hans/rulebook.csv
rulebook:28:5f1c79a3f018,rulebook_text,,5f1c79a3f018,<sprite=65>,<sprite=65>,waived,sprite_icon_only,loc/zh-Hans/rulebook.csv
rulebook:29:3a2122d04454,rulebook_text,,3a2122d04454, <sprite=146><sprite=167>,<sprite=146><sprite=167>,waived,sprite_icon_only,loc/zh-Hans/rulebook.csv
rulebook:30:150ae980ad11,rulebook_text,,150ae980ad11,<sprite=70>,<sprite=70>,waived,sprite_icon_only,loc/zh-Hans/rulebook.csv
rulebook:31:db4ef6be26dd,rulebook_text,,db4ef6be26dd,<sprite=163>,<sprite=163>,waived,sprite_icon_only,loc/zh-Hans/rulebook.csv
rulebook:32:4ebfc1c687dc,rulebook_text,,4ebfc1c687dc,<sprite=69>,<sprite=69>,waived,sprite_icon_only,loc/zh-Hans/rulebook.csv
rulebook:33:87853acfc87a,rulebook_text,,87853acfc87a,<sprite=74>,<sprite=74>,waived,sprite_icon_only,loc/zh-Hans/rulebook.csv
rulebook:34:78291020db1e,rulebook_text,,78291020db1e,"Once per turn, you may pay <sprite=34>  to gain <sprite=129>.",每回合一次：你可以支付 <sprite=34>，以获得 <sprite=129>。,draft,,loc/zh-Hans/rulebook.csv
rulebook:35:9846076fa2c3,rulebook_text,,9846076fa2c3,"Whenever you acquire or defeat a Lifebound card from the center row, gain <sprite=129>.",每当你从中央牌列获取或击败一张命约卡牌时，获得 <sprite=129>。,draft,,loc/zh-Hans/rulebook.csv
rulebook:36:c067cd4459bf,rulebook_text,,c067cd4459bf,"Whenever you acquire or defeat an Enlightened card from the center row, gain <sprite=129>.",每当你从中央牌列获取或击败一张圣贤卡牌时，获得 <sprite=129>。,draft,,loc/zh-Hans/rulebook.csv
rulebook:37:e6ef42e3cc5b,rulebook_text,,e6ef42e3cc5b,<sprite=167>,<sprite=167>,waived,sprite_icon_only,loc/zh-Hans/rulebook.csv
rulebook:38:455c227271ee,rulebook_text,,455c227271ee,<sprite=64>,<sprite=64>,waived,sprite_icon_only,loc/zh-Hans/rulebook.csv
rulebook:39:d4b8dc0a8378,rulebook_text,,d4b8dc0a8378,<sprite=155>,<sprite=155>,waived,sprite_icon_only,loc/zh-Hans/rulebook.csv
rulebook:40:8938e3caa35e,rulebook_text,,8938e3caa35e,<sprite=75>,<sprite=75>,waived,sprite_icon_only,loc/zh-Hans/rulebook.csv
rulebook:41:8b1eaf580042,rulebook_text,,8b1eaf580042,"Whenever you acquire or defeat a Void card from the center row, gain <sprite=129>.",每当你从中央牌列获取或击败一张虚空卡牌时，获得 <sprite=129>。,draft,,loc/zh-Hans/rulebook.csv
rulebook:42:2a3f5cea6585,rulebook_text,,2a3f5cea6585,"Whenever you acquire or defeat a Mechana card from the center row, gain <sprite=129>.",每当你从中央牌列获取或击败一张机械卡牌时，获得 <sprite=129>。,draft,,loc/zh-Hans/rulebook.csv
rulebook:43:38aaa1cbe3a9,rulebook_text,,38aaa1cbe3a9,RARITY & SET ICON\nEach <sprite=146> represents a copy of the card in the center deck.,<b>稀有度与扩展图标说明</b>\n每个 <sprite=146> 代表中央牌组中本卡的一个副本。,draft,,loc/zh-Hans/rulebook.csv
rulebook:44:15ea97b324df,rulebook_text,,15ea97b324df,<sprite=146> <sprite=146><sprite=148>,<sprite=146> <sprite=146><sprite=148>,waived,sprite_icon_only,loc/zh-Hans/rulebook.csv
rulebook:45:34a5eacdb8dd,rulebook_text,,34a5eacdb8dd,<sprite=68>,<sprite=68>,waived,sprite_icon_only,loc/zh-Hans/rulebook.csv
rulebook:46:68280ba79890,rulebook_text,,68280ba79890,<sprite=67>,<sprite=67>,waived,sprite_icon_only,loc/zh-Hans/rulebook.csv
rulebook:47:7d4fc049f7dd,rulebook_text,,7d4fc049f7dd,\nDefeat a Monster that has <sprite=4>or less.,击败一只战力 ≤ <sprite=4> 的怪物。,draft,,loc/zh-Hans/rulebook.csv
rulebook:49:726f78693a5e,rulebook_text,,726f78693a5e,<margin-right=8em>\rYou need Runes to acquire Heroes and Constructs.  Runes come from Heroes played from your hand or from Constructs you have in play.  You may acquire any number of cards as long as you have enough Runes.  Cards that are eligible to be acquired will glow green.\n\n,<margin-right=8em>\n获取英雄与神器需要用到符文。符文的来源是你从手牌中打出的英雄，或是场上已经部署的神器。只要符文充足，你可以获取任意多张卡牌。符合获取条件的卡牌会发出绿色亮光。\n\n\n,draft,,loc/zh-Hans/rulebook.csv
rulebook:50:298e7d219551,rulebook_text,,298e7d219551,"1. <indent=4%>Play cards from your hand to gain Runes, Power, and Honor.  Acquire Heroes and Constructs for future turns.  Defeat Monsters for Honor and rewards.\r\r</indent>\n\n2. <indent=4%>After you are done acquiring Heroes and Constructs and defeating Monsters, all cards in your hand are placed into your discard pile.\r\r</indent>\n\n3. <indent=4%>You are dealt five cards from your personal deck to replenish your hand.  If you run out of cards, your discard pile will automatically be shuffled and the cards will be moved to your personal deck.\r\r</indent>\n\n",1. <indent=4%>打出手牌以获得符文、战力与荣誉。获取英雄与神器用于后续回合。击败怪物获得荣誉与奖励。\n\n</indent>\n\n\n2. <indent=4%>当你完成获取英雄与神器、击败怪物等行动后，将手中剩余的所有卡牌放入弃牌堆。\n\n</indent>\n\n\n3. <indent=4%>从你的个人牌组中重新抓五张牌以补满手牌。如果牌组已空，弃牌堆会自动洗回牌组。\n\n</indent>\n\n\n,draft,,loc/zh-Hans/rulebook.csv
rulebook:51:a0548369be04,rulebook_text,,a0548369be04,<indent=4em><b>POWER:</b> Power is the second resource in Ascension.  Power is used to defeat Monsters and earn rewards. \r\r\n\n,<indent=4em><b>战力：</b>战力是《创升纪元》的第二资源。战力用于击败怪物并获得奖励。\n\n\n,draft,,loc/zh-Hans/rulebook.csv
rulebook:52:a0dcf8151f2a,rulebook_text,,a0dcf8151f2a,"For millennia, the world of <b>Vigil</b> has been isolated and protected from other realms.  Now, the barrier between dimensions is failing, and <b>Samael, the Fallen God</b>, has returned with his army of Monsters from the beyond!\n\nYou are one of the few warriors capable of facing this threat and defending your world, but you cannot do it alone! You must summon powerful Heroes and Constructs to aid you in your battles.\n\nThe player who gains the most <b>Honor Points</b> will lead his army to defeat the <b>Fallen One</b> and earn the title of <b>Godslayer.",千百年来，<b>祈夜</b>世界一直与其他领域隔绝并受其庇护。如今，次元之间的屏障正在崩塌，<b>堕落之神萨麦尔</b>率领他的怪物大军从异界归来！,draft,,loc/zh-Hans/rulebook.csv
rulebook:53:9376279fdafc,rulebook_text,,9376279fdafc,"\nMy divinations relate a frightful tale- I have seen cosmic events of the darkest portent. There lately came to the yawning gate of death a divine spirit, wrathful and red, not to be mistaken for a mortal will. The Gatekeeper knelt and, with two hands, plucked it from the stream of souls, brushing stars from the pulsating force like so many burrs.\r\n\n""This soul is familiar,"" said the Gatekeeper. Then was heard a viper's voice, as if spoken from five mouths at once: It is because I created you. You must release me.\r\n\n""Yet, I am bound to send you on your way,"" the Gatekeeper replied.  ""You wore a mortal skin. You must suffer a mortal fate.""\r\n\n<i>No, Kythis. You are bound no longer. Forbear my fate, Gatekeeper, and I shall absolve you of yours. It is still within my power.\r</i>\n\n\rThus, Samael the Fallen was spared exile to Deofol—at the cost of leaving death's riverbank forever unwatched, the gate untended, and all wills condemned to purgatory.\r\n\nNow, the flames of war again decorate the horizon. Terror grips the frontier, so recently resettled, only to be submerged anew in the blood of mortals. With the Gatekeeper gone, the souls torn from the bodies of Vigil's defenders will know no respite unless all is set right.\n\n\rLet a call echo across all of Vigil. The bickering that came in war's wake must end. A Godslayer must take up arms a second time.\r\n\nThe Fallen has returned.",我的占卜述说着一则可怖的故事——我亲眼见证了不祥之兆降临在宇宙的深处。就在那通往死亡的空旷入口前，一位赤红色的神灵现身，愤怒而威严，绝非凡俗之魂可比。守门人单膝跪下，伸出双手，将那道灵魂从亡魂之河中拽了出来；他拂去那道澎湃气机上沾着的星辰碎屑，仿佛拔去一丛蒺藜。\r\n\r\n「这缕魂，我认得。」守门人说道。\r\n\r\n随之而来的是一条毒蛇的嗓音，仿佛五口齐鸣：「那是因为，你便是我所造。放我出去。」\r\n\r\n「我却必须送你前行。」守门人答道，「你披过凡俗之躯，便当承受凡俗之命。」\r\n\r\n<i>不，凯蒂斯。你已无束缚。守门人啊，免去我的命运，我便赦免你的罪。我的手掌尚且留有这份权柄。</i>\r\n\r\n就这样，堕落者萨麦尔免于被流放到德俄佛——代价是，死亡之畔从此再无人守望，冥界之门从此无人照料，所有意志都将堕入炼狱，无人可渡。\r\n\r\n而今，战火的烽烟再次染红了远方。边境刚刚归于安宁，新的定居点又将被凡人的鲜血重新淹没。守门人既去，祈夜捍卫者的灵魂离体之后便再无归处——除非一切都能拨乱反正。\r\n\r\n让召唤之声响彻整个祈夜吧！战火之后的纷争必须就此休止。弑神者啊，请你第二次披甲执剑。\r\n\r\n堕落者，归来了。,draft,,loc/zh-Hans/rulebook.csv
rulebook:54:740c270af0df,rulebook_text,,740c270af0df,<sprite=146> <sprite=146> <sprite=146> <sprite=146> <sprite=153>,<sprite=146> <sprite=146> <sprite=146> <sprite=146> <sprite=153>,waived,sprite_icon_only,loc/zh-Hans/rulebook.csv
rulebook:55:c7b2aa1eb70f,rulebook_text,,c7b2aa1eb70f,<sprite=66>,<sprite=66>,waived,sprite_icon_only,loc/zh-Hans/rulebook.csv
rulebook:56:744399746946,rulebook_text,,744399746946,"<margin-right=12em>Some cards have effects when they enter the Center Row.  The effects of these cards occur immediately, including at the start of the game when the Center Row is first dealt.  These are called Fate Cards, and their effects are written in white text within a black textbox, labeled with the Fate keyword.\n\n",<margin-right=12em>\n部分卡牌在进入中央牌列时就会触发效果。它们的效果会立即结算——包括游戏开局中央牌列首次发牌时。这类卡牌称为「天命卡」（Fate Cards），其效果以白色文字写在黑色文本框中，并带有「天命（Fate）」字样。\n\n\n,draft,,loc/zh-Hans/rulebook.csv
rulebook:57:217db922a67e,rulebook_text,,217db922a67e,"The game ends when a certain amount of Honor has been earned, depending on the number of players.\r	\r\r\n<align=center>\n2 Players = <sprite=77> Honor     3 Players = <sprite=78> Honor     4 Players = <sprite=79> Honor\n\n",当荣誉池耗尽一定数量时游戏结束，具体数值取决于玩家人数。\n\n	\n\n<align=center>2 人局 = <sprite=77> 荣誉   3 人局 = <sprite=78> 荣誉   4 人局 = <sprite=79> 荣誉<br></align><br>当最后一点荣誉被拿走时，当前回合结束（即，后手玩家打完最后一回合后）才结束游戏。因此，每位玩家的回合数相同；即使荣誉池已耗尽，玩家在自己的回合仍可继续获取荣誉。<br><br>\n\n每位玩家牌组中的卡牌也会提供荣誉点数，显示在卡牌左下角的荣誉图标(<sprite=64>)里。游戏结束时，牌组与手牌中所有英雄及神器的荣誉点数全部计入总分；总分最高者获胜！<br><br>如多名玩家总分相同，后手玩家胜（即：先手玩家在所有平分中告负，第二位输给第三/四位，依此类推）。<br><br>,draft,,loc/zh-Hans/rulebook.csv
rulebook:58:52a4122f6f2c,rulebook_text,,52a4122f6f2c,"It was Nairi who raised the Stone Circle, teaching the druids to commune with Cetre and her starchildren.  They look to her example as she moves through the forest, bringing peace to the harsh wilds.  A calm within the storm.",奈莉一手竖起了石柱阵，教导德鲁伊们如何与赛特尔及她的星眷沟通。当她穿行林间，为严酷的荒野带来和平之时，万物皆以她为表率。她正是风暴之中那一抹宁静。,draft,,loc/zh-Hans/rulebook.csv
rulebook:59:de112fddbde1,rulebook_text,,de112fddbde1,"Chosen long ago by Logos to wield the Arhan god’s sight and wisdom, Dhartha has used it to aid the realms for generations. Small in stature, he proves that real power doesn’t come from standing over others, but by others kneeling before you.",许久之前，逻各斯便授予达萨使用亚哈众神的眼界与智慧，而达萨藉此济世代代相传。身形虽矮，他却印证了一个道理：真正的力量，从不来自凌驾于人，而来自人们甘愿为你俯首。,draft,,loc/zh-Hans/rulebook.csv
rulebook:5:fe512971873c,rulebook_text,,fe512971873c,A Playdek account is now required to connect and play Ascension online. An Asmodee.net account will no longer work for Ascension online play. Your Playdek password might be different from your Asmodee.net password. Please use the Forgot Login button to reset your Playdek account password.,现在需要 Playdek 账号才能连接并游玩《创升纪元》在线对局。Asmodee.net 账号已不再适用。你的 Playdek 密码可能与 Asmodee.net 密码不同。请使用「忘记登录信息」按钮重置 Playdek 账号密码。,draft,,loc/zh-Hans/rulebook.csv
rulebook:60:68139a6a3bca,rulebook_text,,68139a6a3bca,"Many are enthralled by Nyx's dark whispers, but Sadranis is one of the few who have learned to utter them on their own.  What outsiders mistake for insanity, the wise will tell you is simply an unwavering focus on a much larger scheme.",无数人为尼克斯的黑暗低语所奴役，但萨德拉尼斯是少数学会仅凭自己便能念出那些话语的人。外人把他的举止当作疯狂，而智者则会告诉你：他不过是心无旁骛地瞄准了一盘更大的棋局。,draft,,loc/zh-Hans/rulebook.csv
rulebook:61:6a263bbee8f6,rulebook_text,,6a263bbee8f6,"Since the early days of Hedron, the Ferromancers have been charged with igniting the spark of life within their creations.  Kor taught the order that there was more than just life in the machines, there was also courage and purpose.",自棱堡（Hedron）创立之初，铁术士（Ferromancers）便担负着为造物注入生命火花的使命。科尔教导这一教团：机械之中所蕴藏的不只是生命，更是勇气，亦是使命。,draft,,loc/zh-Hans/rulebook.csv
rulebook:62:8264b5928768,rulebook_text,,8264b5928768,<allcaps>Discard Pile:</allcaps>\nPress to switch the view to view your opponent's discard pile.,<allcaps>弃牌堆：</allcaps>\n点击切换视角以查看对手的弃牌堆。,draft,,loc/zh-Hans/rulebook.csv
rulebook:63:c3992ed0542d,rulebook_text,,c3992ed0542d,<allcaps>Hand:</allcaps>\nHow many cards are in your opponent's hand.,<allcaps>对手手牌：</allcaps>\n显示对手当前持有多少张手牌。,draft,,loc/zh-Hans/rulebook.csv
rulebook:64:6bc99c9c49b8,rulebook_text,,6bc99c9c49b8,<allcaps>Constructs:</allcaps>\nPress to switch the view to your opponent's Constructs.,<allcaps>神器场：</allcaps>\n点击切换视角以查看对手场上的神器。,draft,,loc/zh-Hans/rulebook.csv
rulebook:65:305ce09f90b7,rulebook_text,,305ce09f90b7,<allcaps>Opponent Box:</allcaps>\nPress to expand each oppoent's box to view their cards in detail.,<allcaps>对手信息栏：</allcaps>\n点击展开每一位对手的信息栏详情，查看对方的具体卡牌。,draft,,loc/zh-Hans/rulebook.csv
rulebook:66:3b50a1362c5b,rulebook_text,,3b50a1362c5b,<allcaps>Online Indicator:</allcaps>\nUsed to show an opponent's online status,<allcaps>在线标识：</allcaps>\n用于显示对手当前是否在线。,draft,,loc/zh-Hans/rulebook.csv
rulebook:67:9a006b7ebb3d,rulebook_text,,9a006b7ebb3d,<allcaps>Discard Pile:</allcaps>\nPress to view the cards you've recently played.,<allcaps>弃牌堆：</allcaps>\n点击查看你刚刚打出过的卡牌。,draft,,loc/zh-Hans/rulebook.csv
rulebook:68:4f92e5d5f291,rulebook_text,,4f92e5d5f291,<allcaps>End Turn:</allcaps>\nPress this to end your turn and pass to the next player.,<allcaps>结束回合：</allcaps>\n点击结束当前回合，将行动权交给下一位玩家。,draft,,loc/zh-Hans/rulebook.csv
rulebook:69:04df5c765751,rulebook_text,,04df5c765751,<allcaps>Play All:</allcaps>\nplaces all of the cards from your hand into the Action Area.,<allcaps>全部打出：</allcaps>\n将你手牌中的所有卡牌一次性放入行动区。,draft,,loc/zh-Hans/rulebook.csv
rulebook:70:c4d0d7fe74a7,rulebook_text,,c4d0d7fe74a7,<allcaps>Menu:</allcaps>\nOpens a menu with a list of game options.,<allcaps>菜单：</allcaps>\n打开菜单，列出可进行的游戏操作。,draft,,loc/zh-Hans/rulebook.csv
rulebook:71:8fa7162fcdcc,rulebook_text,,8fa7162fcdcc,<allcaps>Player's Hand:</allcaps>\nYour current cards that can be played this turn by dragging them to the Action Area.,<allcaps>你的手牌：</allcaps>\n你在本回合可以打出的卡牌；将牌拖入行动区即可打出。,draft,,loc/zh-Hans/rulebook.csv
rulebook:72:83da96bc19c5,rulebook_text,,83da96bc19c5,<allcaps>Construct Tray:</allcaps>\nPress to open your Construct Tray to view and play your Constructs.,<allcaps>神器面板：</allcaps>\n点击打开神器面板，查看并部署你的神器。,draft,,loc/zh-Hans/rulebook.csv
rulebook:73:e6a5eb7228e7,rulebook_text,,e6a5eb7228e7,<allcaps>Void:</allcaps>\nDefeated monsters are sent here.,<allcaps>虚空：</allcaps>\n被击败的怪物会被送到这里。,draft,,loc/zh-Hans/rulebook.csv
rulebook:74:6e9d70fd44ea,rulebook_text,,6e9d70fd44ea,<allcaps>Player's Power:</allcaps>\nPlayer's Power for their turn.,<allcaps>你的战力：</allcaps>\n本回合你拥有的战力值。,draft,,loc/zh-Hans/rulebook.csv
rulebook:75:e655da7c03f6,rulebook_text,,e655da7c03f6,<allcaps>Player's Runes:</allcaps>\nPlayer's Rune count for their turn.,<allcaps>你的符文：</allcaps>\n本回合你拥有的符文数。,draft,,loc/zh-Hans/rulebook.csv
rulebook:76:c0e3637d07e9,rulebook_text,,c0e3637d07e9,<allcaps>Center Row Draw Pile:</allcaps>\nThe Center Row cards are drawn from here.,<allcaps>中央牌列牌堆：</allcaps>\n中央牌列的卡牌从这里补充。,draft,,loc/zh-Hans/rulebook.csv
rulebook:77:458c27bbabe9,rulebook_text,,458c27bbabe9,<allcaps>Center Row:</allcaps>\nThis Center Row contains the cards you can acquire or defeat.,<allcaps>中央牌列：</allcaps>\n显示当前可获取或可击败的卡牌。,draft,,loc/zh-Hans/rulebook.csv
rulebook:78:73e929ca5fc7,rulebook_text,,73e929ca5fc7,<allcaps>Global Honor Pool:</allcaps>\nHonor Points for the game are drawn from this pool.,<allcaps>全局荣誉池：</allcaps>\n本局使用的荣誉点数来源于此处。,draft,,loc/zh-Hans/rulebook.csv
rulebook:79:178cb194cf21,rulebook_text,,178cb194cf21,<indent=4em><b>HONOR:</b> Honor is the key to victory in Ascension.  Whoever earns the most Honor throughout the game wins and earns the title of Godslayer! \n\n,<indent=4em><b>荣誉：</b>荣誉是《创升纪元》通往胜利的钥匙。整场游戏中获得荣誉最多的玩家获胜，并取得「弑神者」的称号！,draft,,loc/zh-Hans/rulebook.csv
rulebook:80:1107c0f36994,rulebook_text,,1107c0f36994,<indent=4em><b>RUNES:</b> Runes are one of the two main resources in Ascension.  Runes are used to acquire Heroes and Constructs so you can add them to your deck.\n\n,<indent=4em><b>符文：</b>符文是《创升纪元》的两大核心资源之一。符文用于获取英雄与神器，将其加入你的牌组。,draft,,loc/zh-Hans/rulebook.csv
rulebook:81:a6978af27b16,rulebook_text,,a6978af27b16,"\nThe shadow of Deofol still looms over Vigil. Samael has fallen, but his actions have forever scarred the foundation of the realms. His surviving minions are scattered and hidden, plotting evil. Yet, even as the Vigil gathers itself against this remaining enemy, it is beset by a new darkness. Specters now haunt the people of the land, their arrival hinting at a greater threat.\r\r\n\nThe visitors from Arha say that the afterlife itself is in turmoil. Gatekeeper Kythis, who since Time's Dawn had admitted the damned to their final resting place, stands watch no more. Now, a restless and tormented mass of wills churns beneath all existence, welling up between the worlds.\n\n\r\rWhere is the Gatekeeper? It was Samael that freed Kythis of his duty. Now he is missing, a rebel godling hidden even from his creators, and not eager to return to his eternal task. In the skies, the constellations twist and turn, protesting his absence.\n\nThe children in the capital dream restlessly of an endless beast, outpouring from the clouds, large enough to cast a shadow over all the land. They describe a sky serpent that bellows in a million voices, an extinguisher of realms. Cultists and fanatics are again making sacrifice, foretelling that a reckoning will come. They call it the Storm of Souls.\r\n\n\rVigil is overrun by the first winds of this coming storm of undeath. The call again rises for a hero to unite the realms against the many forces that seek to bury everything in despair. The cult must be put down. Samael's remnants must be destroyed before they encroach. The ghostly tide must be quelled, and the forces of all the worlds must form a coalition, before the reckoning arrives.\n\n\r\rThe storm looms. Who among you will stand before it?\n\n",德俄佛的阴影依旧笼罩着祈夜。萨麦尔虽已陨落，但他的所作所为在各域的根基上留下了永不磨灭的伤痕。他残存的爪牙四散藏匿，暗中谋划着邪恶的复兴。然而，就在祈夜重整旗鼓、清剿余孽之时，一股新的黑暗袭来——「邪神（Specter）」从虚空中破界而出。于是「弑神编年史」后的新篇章就此开启，它名为：<b>灵魂风暴（Storm of Souls）</b>。,draft,,loc/zh-Hans/rulebook.csv
rulebook:82:4a39401a9746,rulebook_text,,4a39401a9746,<allcaps>Event Zone:</allcaps>\nShows the current Event card.,<allcaps>事件区：</allcaps>\n显示当前的事件卡牌。,draft,,loc/zh-Hans/rulebook.csv
rulebook:83:561708310c42,rulebook_text,,561708310c42,Destroy is a new game term introduced in Storm of Souls. Destroy means to put into your discard pile from play and generally refers to Constructs.  Any effect from a previous Ascension set which put a Construct into the discard pile from play is  now considered to destroy that Construct. \r\n\n,「销毁（Destroy）」是《灵魂风暴》引入的新术语。销毁指「从场上置入你的弃牌堆」，一般针对神器而言。此前《创升纪元》其它扩展中所有「把神器从场上放入弃牌堆」的效果，现在统一视为销毁该神器。\n,draft,,loc/zh-Hans/rulebook.csv
rulebook:84:b0b9a0d6be7a,rulebook_text,,b0b9a0d6be7a,"<margin-right=12em>The Fanatic is a new Always Available Monster in Storm of Souls. The Fanatic is a Trophy Monster with a variable reward based on the current Event called an Event Trophy. You may have no more than one Fanatic Trophy at any time. If you defeat a Fanatic while you already have a Trophy from one, you gain the Honor reward but do not get another Trophy.\n\nThe Fanatic is returned to the Always Available Zone when banished. It never goes to the Void.\n\n",<margin-right=12em>狂热者是《灵魂风暴》中的全新常驻怪物。它是战利品怪物，其「事件战利品」奖励随当前事件变化。你同时最多只能拥有一个狂热者战利品。若你已持有其战利品时再次击败狂热者，仍获得荣誉奖励，但不会,draft,,loc/zh-Hans/rulebook.csv
rulebook:85:8cc175953efd,rulebook_text,,8cc175953efd,<sprite=146> <sprite=146> <sprite=146> <sprite=146> <sprite=152>,<sprite=146> <sprite=146> <sprite=146> <sprite=146> <sprite=152>,waived,sprite_icon_only,loc/zh-Hans/rulebook.csv
rulebook:86:91551255e6c5,rulebook_text,,91551255e6c5,<color=#951719FF>Trophy:</color> You may banish this to gain <sprite=33>.,<color=#951719FF>战利品：</color>你可以放逐此卡以获得 <sprite=33>。,draft,,loc/zh-Hans/rulebook.csv
rulebook:87:e521f38939bf,rulebook_text,,e521f38939bf,"<margin-right=12em>Some Monsters in Storm of Souls have a new kind of reward called Trophy.  When you defeat a Trophy Monster, you gain the Honor portion of its reward immediately, and then instead of banishing the Monster it is placed into your Construct Tray.  At any time during your turn, you may banish a Trophy you control to gain the indicated effect. You can use a Trophy the turn you get it or save it for a future turn.\n\n",<margin-right=12em>《灵魂风暴》中的部分怪物新增了一种奖励类型，称为「战利品（Trophy）」。当你击败战利品怪物时，你立即先获取其中的荣誉部分；随后怪物不会被放逐，而是直接放入你的神器面板。在你回合的任意时刻，你可以把神器面板里的战利品卡放逐，以换取怪物卡右侧红色印刷的<color=#951719FF>战利品奖励</color>。,draft,,loc/zh-Hans/rulebook.csv
rulebook:88:1a322ce8e97a,rulebook_text,,1a322ce8e97a,"Once per turn, when a player defeats a Monster in the center row, that player gains <sprite=65>.\n\n<color=#d8a6ffff>Event Trophy:</color> Banish a card in your hand or discard pile.",每回合一次：当玩家击败中央牌列中的一只怪物时，该玩家获得 <sprite=65>。\n\n<color=#d8a6ffff>事件战利品：</color>放逐你手牌或弃牌堆中的一张卡牌。,draft,,loc/zh-Hans/rulebook.csv
rulebook:89:054bd9cbf249,rulebook_text,,054bd9cbf249,"<margin-right=16em>Event cards represent global effects that change the power structure of the world. When an Event flips from the Portal Deck, it is put into the Event Zone instead of the center row. The card is then replaced in the Center Row as normal.  There may be only one Event in the Event Zone at any given time. While an Event is there it is considered the current Event. Events alter the rules of the game, and the current Event’s game text applies to every player.\n\n",<margin-right=16em>事件卡代表足以改变世界力量格局的全球性效应。当事件卡从传送门牌堆翻出时，它被放入事件区而非直接进入中央牌列，原位置会按常规方式补一张新卡进入中央牌列。同一时间事件区内只能存在一个事件；当新事件触发时，它会替换旧事件，旧事件被放逐。任何替换、覆盖或移除事件的效果，都会在新事件进入事件区之前先移除当前事件。,draft,,loc/zh-Hans/rulebook.csv
rulebook:90:124978918a2d,rulebook_text,,124978918a2d,<sprite=145>,<sprite=145>,waived,sprite_icon_only,loc/zh-Hans/rulebook.csv
rulebook:91:3e478b0967eb,rulebook_text,,3e478b0967eb, <sprite=146><sprite=147>,<sprite=146><sprite=147>,waived,sprite_icon_only,loc/zh-Hans/rulebook.csv
rulebook:92:0cc9edda3c0a,rulebook_text,,0cc9edda3c0a, <sprite=146> <sprite=146><sprite=147>,<sprite=146> <sprite=146><sprite=147>,waived,sprite_icon_only,loc/zh-Hans/rulebook.csv
rulebook:10:0f7b88b2eab7,shop_dlc,,0f7b88b2eab7,"Pasythea, The Redeemer is a unique card to the Deliverance expansion set.<br> Any player may pay her <sprite=112> cost during their turn to acquire her straight into their hand.<br>Pasythea, The Redeemer does not count as a card in the center row.",救赎者帕西希娅是「救赎」扩展的独特卡牌。<br>任意玩家可在自己的回合支付其 <sprite=112> 费用，直接将其获取到手牌中。<br>救赎者帕西希娅不计入中央牌列的卡牌数量。,draft,,loc/zh-Hans/rulebook.csv
rulebook:17:fedd9b86e9aa,shop_dlc,,fedd9b86e9aa,"Return to the world of Vigil as the Muses of Malevolence rise to bring ruin. Legendary Heroes from Ascension’s past have returned to guide you, granting their power to those who prove worthy.<br><br>Each card you acquire or defeat grants Renown with its factions, advancing you on the Legendary Track. As your Renown grows, unlock powerful Boons from Legendary Characters and, at the pinnacle of a faction’s track, gain Legendry status with the power to acquire or defeat one card from that faction for free each turn.<br><br><align=center>Includes 86 unique new cards.",重返祈夜世界——「恶意缪斯」已然觉醒，毁灭将至。《创升纪元》历史上的传奇英雄们纷纷归来，引领你前行，并将他们的力量赐予那些能够证明自己的人。<br><br>每一张你获取或击败的卡牌都会为对应派系提供名望，推动你在「传奇轨道」上不断前进。随着名望的积累，你将解锁来自传奇角色的强力恩赐；当某一派系的名望达到顶峰，你将获得该派系的「传奇权柄」：每回合可免费获取或击败一张该派系卡牌。<br><br><align=center>包括 86 张全新卡牌。,draft,,loc/zh-Hans/rulebook.csv
rulebook:18:f75b84463725,shop_dlc,,f75b84463725,"<br><size=28><align=center><smallcaps>Promo Cards Included:</smallcaps></size><br><br><smallcaps><b>Monsters:</b></smallcaps><br>Puggageddon<br><br><smallcaps><b>Enlightened Faction:</b></smallcaps><br>Spire of the Wind<br><br><smallcaps><b>Lifebound Faction:</b></smallcaps><br>Seed of the World<br><br><smallcaps><b>Mechana Faction:</b></smallcaps><br>Chaotic Cannon<br><br><smallcaps><b>Void Faction:</b></smallcaps><br>The Aethermourne<br><br><size=28><align=center><smallcaps>Description:</smallcaps></size><br><br>Harness Spire of the Wind to turn discards into powerful draw, and Seed of the World to gain extra value from the Center Row—opening up new, powerful combo!\r<br><br>",<br><size=28><align=center><smallcaps>包含的特典卡：</smallcaps></size><br><br><smallcaps><b>怪物：</b></smallcaps><br>灭世浩劫·帕格<br><br><smallcaps><b>圣贤派系：</b></smallcaps><br>风之尖塔<br><br><smallcaps><b>命约派系：</b></smallcaps><br>世界之种<br><br><smallcaps><b>机械派系：</b></smallcaps><br>混沌重炮<br><br>,draft,,loc/zh-Hans/rulebook.csv
rulebook:19:05c57a2bd2a1,shop_dlc,,05c57a2bd2a1,"This bundle of promo cards will add a lot of excitement to your games.\r<br><br><size=28><align=center><smallcaps>Promo Cards Included:</smallcaps></size><br><br><smallcaps><b>Monsters:</b></smallcaps><br>Kythis, the Gatekeeper<br>Rat King & Giant Rat<br>Ender of Days<br>Constricting Horror<br><br><smallcaps><b>Enlightened Faction:</b></smallcaps><br>Vedah, Sage of Swords<br>Askara of Fortune<br>Journeyman Sage<br>Miles, Golen Prodigy<br><br><smallcaps><b>Lifebound Faction:</b></smallcaps><br>Pathwarden<br>Cetra, Guide of Ogo<br>Moon Staff<br><br><smallcaps><b>Mechana Faction:</b></smallcaps><br>Deep Drone<br>Hedron Flare<br>Control Room<br><br><smallcaps><b>Void Faction:</b></smallcaps><br>Void Mesmer<br>Nethersnare<br>Soul Collector<br><br><br><size=28><align=center><smallcaps>Description:</smallcaps></size><br><br>Use the <b>Rat King</b> to flood the board with rats! Copy other players' hero cards with the <b>Askara of Fortune</b>. End the game instantly with the <b>Ender of Days</b>. The bundle also includes fan-favorite <b>Miles, Golden Prodigy</b>.\r<br><br>",这套特典卡合集将为你的对局带来无穷乐趣。\n<br><br><size=28><align=center><smallcaps>包含的特典卡：</smallcaps></size><br><br><smallcaps><b>怪物：</b></smallcaps><br>守门人凯蒂斯<br>鼠王与巨鼠<br>末日终结者<br>紧缩恐惧<br><br><smallcaps><b>圣贤派系：</b></smallcaps><br>圣剑贤者维达<br>命运的阿斯卡拉<br>学徒贤者<br>黄金奇才迈尔斯<br><br><smallcaps><b>命约派系：</b></smallcaps><br>守路人<br>奥戈向导赛特拉<br>月之权杖<br><br><smallcaps><b>机械派系：</b></smallcaps><br>深潜无人机<br>多面体耀光<br>控制中枢<br><br><smallcaps><b>虚空派系：</b></smallcaps><br>虚空迷幻师<br>虚空之网<br>缚魂者<br><br><br><size=28><align=center><smallcaps>简介：</smallcaps></size><br><br>用<b>鼠王</b>让整个棋盘满是老鼠！操控<b>命运的阿斯卡拉</b>复制对手的英雄牌。打出<b>末日终结者</b>即刻结束比赛。合集还收录了玩家最爱的<b>黄金奇才迈尔斯</b>！\n<br><br>,draft,,loc/zh-Hans/rulebook.csv
rulebook:1:8978d36f3e64,shop_dlc,,8978d36f3e64,"This bundle has the two incredible stand alone sets from the third year of Ascension.<br><br><size=28><align=center><smallcaps>Unique new cards per set:</smallcaps></size><br><br><b>Rise of Vigil:</b><br>47 cards<br><br><b>Darkness Unleashed:</b><br>35 cards<br><br><br><size=28><align=center><smallcaps>Description:</smallcaps></size><br><br><b>Rise of Vigil</b> and <b>Darkness Unleashed</b> provide unparalleled excitement with <i>Energy Shards</i>. These Shards are a new card type called <i>Treasure</i>, that you get by acquiring and defeating cards on top of them. These Shards will power up your cards and even permanently transform your cards.<br><br>",本合集收录《创升纪元》第三年两款独立扩展。<br><br><size=28><align=center><smallcaps>各扩展全新卡牌数：</smallcaps></size><br><br><b>祈夜崛起：</b><br>47 张<br><br><b>黑暗释放：</b><br>35 张<br><br><br><size=28><align=center><smallcaps>简介：</smallcaps></size><br><br><b>祈夜崛起</b>与<b>黑暗释放</b>带来前所未有的刺激——全新卡牌类型「宝藏」：能量碎片。获取或击败叠在碎片上的卡牌即可得到碎片；碎片能强化甚至永久变形你的卡牌。<br><br>,draft,,loc/zh-Hans/rulebook.csv
rulebook:20:a2014dcb17c5,shop_dlc,,a2014dcb17c5,"Harness elemental magic and the power of ancient temples with this bundle!\r<br><br><size=28><align=center><smallcaps>Unique new cards per set:</smallcaps></size><br><br><b>Gift of the Elements:</b><br>55 cards<br><br><b>Valley of the Ancients:</b><br>51 cards<br><br><b>Delirium:</b><br>49 cards<br><br><br><size=28><align=center><smallcaps>Description:</smallcaps></size><br><br>Infest your opponent's deck with rampaging goblins, thin your deck faster than ever with <i>Empower</i>, and transform event cards into Ascension's most powerful Heroes.\r<br><br><b>Valley of the Ancients</b> pits you against each other as you vie for control over the <i>Temples of Life, Death,</i> and <i>Immortality</i>. Incredible bonuses are available to those who control them.\r<br><br>",驾驭元素之力，唤醒远古神庙的神秘能量——立即入手本组合包！\n<br><br><size=28><align=center><smallcaps>各扩展全新卡牌数：</smallcaps></size><br><br><b>元素的馈赠：</b><br>55 张<br><br><b>上古山谷：</b><br>51 张<br><br><b>谵妄：</b><br>49 张<br><br><br><size=28><align=center><smallcaps>简介：</smallcaps></size><br><br>让横行肆虐的哥布林寄生对手的牌组；借助<i>赋能（Empower）</i>比以往更迅捷地压缩你的牌组；还能把事件卡转化为《创升纪元》史上最强力的英雄们。\n<br><br><b>上古山谷</b>让玩家彼此对抗，争夺对<b>生命神庙</b>、<b>死亡神庙</b>与<b>不朽神庙</b>的控制权——掌控它们的人，将获得令人难以置信的奖励。\n<br><br>,draft,,loc/zh-Hans/rulebook.csv
rulebook:21:419f771da592,shop_dlc,,419f771da592,"<size=28><align=center><smallcaps>Promo Cards Included:</smallcaps></size><br><br><smallcaps><b>Monsters:</b></smallcaps><br>Puggageddon<br><br><smallcaps><b>Enlightened Faction:</b></smallcaps><br>Spire of the Wind<br><br><smallcaps><b>Lifebound Faction:</b></smallcaps><br>Seed of the World<br><br><smallcaps><b>Mechana Faction:</b></smallcaps><br>Chaotic Cannon<br><br><smallcaps><b>Void Faction:</b></smallcaps><br>The Aethermourne<br><br><size=28><align=center><smallcaps>Description:</smallcaps></size><br><br>Harness Spire of the Wind to turn discards into powerful draw, and Seed of the World to gain extra value from the Center Row—opening up new, powerful combo!\r<br><br>",<size=28><align=center><smallcaps>包含的特典卡：</smallcaps></size><br><br><smallcaps><b>怪物：</b></smallcaps><br>灭世浩劫·帕格<br><br><smallcaps><b>圣贤派系：</b></smallcaps><br>风之尖塔<br><br><smallcaps><b>命约派系：</b></smallcaps><br>世界之种<br><br><smallcaps><b>机械派系：</b></smallcaps><br>混沌重炮<br><br>,draft,,loc/zh-Hans/rulebook.csv
rulebook:23:79fcf82bbab7,shop_dlc,,79fcf82bbab7,"Return to the world of Vigil as the Muses of Malevolence rise to bring ruin. Legendary Heroes from Ascension’s past have returned to guide you, granting their power to those who prove worthy.<br><br>Each card you acquire or defeat grants Renown with its factions, advancing you on the Legendary Track. As your Renown grows, unlock powerful Boons from Legendary Characters and, at the pinnacle of a faction’s track, gain Legendry status with the power to acquire or defeat one card from that faction for free each turn.<br><br><b><align=center>Includes 86 unique<br>new cards.",重返祈夜世界——「恶意缪斯」已然觉醒，毁灭将至。《创升纪元》历史上的传奇英雄们纷纷归来，引领你前行，并将他们的力量赐予那些能够证明自己的人。<br><br>每一张你获取或击败的卡牌都会为对应派系提供名望，推动你在「传奇轨道」上不断前进。随着名望的积累，你将解锁来自传奇角色的强力恩赐；当某一派系的名望达到顶峰，你将获得该派系的「传奇权柄」：每回合可免费获取或击败一张该派系卡牌。<br><br><b><align=center>包括 86 张全新<br>卡牌。,draft,,loc/zh-Hans/rulebook.csv
rulebook:24:13f8677eec26,shop_dlc,,13f8677eec26,"Return to the world of Vigil as the Muses of Malevolence rise to bring ruin. Legendary Heroes from Ascension’s past have returned to guide you, granting their power to those who prove worthy.<br><br>Each card you acquire or defeat grants Renown with its factions, advancing you on the Legendary Track. As your Renown grows, unlock powerful Boons from Legendary Characters and, at the pinnacle of a faction’s track, gain Legendry status with the power to acquire or defeat one card from that faction for free each turn.<br><br><b><align=center>Includes 86 unique new cards.",重返祈夜世界——「恶意缪斯」已然觉醒，毁灭将至。《创升纪元》历史上的传奇英雄们纷纷归来，引领你前行，并将他们的力量赐予那些能够证明自己的人。<br><br>每一张你获取或击败的卡牌都会为对应派系提供名望，推动你在「传奇轨道」上不断前进。随着名望的积累，你将解锁来自传奇角色的强力恩赐；当某一派系的名望达到顶峰，你将获得该派系的「传奇权柄」：每回合可免费获取或击败一张该派系卡牌。<br><br><b><align=center>包括 86 张全新卡牌。,draft,,loc/zh-Hans/rulebook.csv
rulebook:25:2de25f01070f,shop_dlc,,2de25f01070f,"A favorite fan bundle of expansions!\r<br><br><size=28><align=center><smallcaps>Unique new cards per set:</smallcaps></size><br><br><b>Realms Unraveled:</b><br>53 cards<br><br><b>Dawn of Champions:</b><br>72 cards<br><br><b>Dreamscape:</b><br>76 cards<br><br><b>War of Shadows:</b><br>43 cards<br><br><br><size=28><align=center><smallcaps>Description:</smallcaps></size><br><br><b>Realms Unraveled</b> introduces multi-faction cards to Ascension, which use a muti-unite ability to create turns, unlike anything you've seen before from Ascension.\r<br><br>Completing the in-game quests listed on cards reward you with extraordinary transformations.\r<br><br>In <b>Dawn of Champions,</b> you become one of Ascension's greatest Champions with unique player cards that power up as you buy cards from their faction.\r<br><br><b>Dawn of Champion's</b> Rally mechanic will make each card that flips off the deck more exciting than ever.\r<br><br><b>Dreamscape</b> will take you to an all-new world within the Ascension universe. Acquire insight from Dreamborn cards and spend it to acquire the personal Dreamscape cards you secretly selected at the beginning of the game!\r<br><br><b>War of Shadows</b> introduces night and day to Ascension. Acquire and defeat cards, shifting the board back and forth from day and night, empowering different cards in your hand.<br><br>",本合集收录玩家最爱的四款扩展！\n<br><br><size=28><align=center><smallcaps>各扩展全新卡牌数：</smallcaps></size><br><br><b>领域解开：</b><br>53 张<br><br><b>冠军黎明：</b><br>72 张<br><br><b>梦境：</b><br>76 张<br><br><b>暗影之战：</b><br>43 张<br><br><br><size=28><align=center><smallcaps>简介：</smallcaps></size><br><br><b>领域解开</b>为《创升纪元》引入了跨派系卡牌，它们通过「多派联合（Muti-Unite）」能力打出闻所未闻的爆炸性回合。\n<br><br>完成卡牌上列出的游戏内任务，即可获得超乎想象的变形奖励。\n<br><br>在<b>冠军黎明</b>中，你将化身《创升纪元》最伟大的冠军之一，使用独特的「玩家牌」，每当你获取同一派系的卡牌时玩家牌便会愈发强大。\n<br><br><b>冠军黎明</b>的「集结（Rally）」机制，让每一张从牌堆顶上翻开的卡牌都比上一张更令人心跳加速。\n<br><br><b>梦境</b>将带你进入《创升纪元》宇宙中的全新世界。从「梦生」卡牌中获取<b>洞察（Insight）</b>，并消耗洞察来取得你在游戏开始时秘密选择的「个人专属梦境卡」！\n<br><br><b>暗影之战</b>为《创升纪元》引入了昼夜系统。获取与击败卡牌都会使整个盘面在昼与夜之间切换，从而让你手牌中不同派系的卡牌分别获得强化。<br><br>,draft,,loc/zh-Hans/rulebook.csv
rulebook:26:59e216a89a01,shop_dlc,,59e216a89a01,"This bundle of promo cards has some of our wildest additions to Ascension.<br><br><size=28><align=center><smallcaps>Promo Cards Included:</smallcaps></size><br><br><smallcaps><b>Monsters:</b></smallcaps><br>Explosive Swarm<br>Tollmaster Ky'lek<br>Nova, Born of Chaos<br><br><smallcaps><b>Enlightened Faction:</b></smallcaps><br>Æther Channeler<br>Æther Curator<br>David, Prophetic Guide<br>Eye of Potential<br><br><smallcaps><b>Lifebound Faction:</b></smallcaps><br>Spirit of the Ancients<br>Ætherspring Witch<br>Forrest, Beastwarden<br>Lunar Matriarch<br><br><smallcaps><b>Mechana Faction:</b></smallcaps><br>Temporal Excavator<br>Destroyer's Gate<br>N.I.N.E.<br>Tinkering Monk<br><br><smallcaps><b>Void Faction:</b></smallcaps><br>Eternal Tormentor<br>Æther Ritualist<br>Chaos Rider<br>Ethereal Hunteress<br><br><smallcaps><b>Common:</b></smallcaps><br>The Portal Card<br>Defender of Vigil<br><br><br><size=28><align=center><smallcaps>Description:</smallcaps></size><br><br>Acquire portal cards, which can transform into random cards from any Ascension set. Fill the board with <b>Explosive Swarm</b> monsters. Add a seventh card to the Center Row with the <b>Temporal Excavator</b>. This bundle also includes the first and only Center Row Hero with no faction, the <b>Defender of Vigil</b>!\r<br><br>",这套特典卡合集收录了我们为《创升纪元》设计过的一批最天马行空的新卡！<br><br><size=28><align=center><smallcaps>包含的特典卡：</smallcaps></size><br><br><smallcaps><b>怪物：</b></smallcaps><br>爆裂虫群<br>征收者凯莱克<br>诺娃·混沌所生<br><br><smallcaps><b>圣贤派系：</b></smallcaps><br>以太传灵师<br>以太策展人<br>先知大卫<br>潜能之眼<br><br><smallcaps><b>命约派系：</b></smallcaps><br>远古之灵<br>春生女巫<br>兽王福雷斯特<br>月祭主母<br><br><smallcaps><b>机械派系：</b></smallcaps><br>时空挖土机<br>毁灭者之门<br>N.I.N.E.<br>禅修修士<br><br><smallcaps><b>虚空派系：</b></smallcaps><br>永恒拷问者<br>以太祭师<br>混沌骑士<br>虚灵女猎手<br><br><smallcaps><b>公共：</b></smallcaps><br>传送门卡牌<br>祈夜守卫者<br><br><br><size=28><align=center><smallcaps>简介：</smallcaps></size><br><br>获得「传送门卡牌」，它们可以变形为任何《创升纪元》扩展中的任意卡牌。让<b>爆裂虫群</b>这种怪物充满整个中央牌列。使用<b>时空挖土机</b>为中央牌列增加第七张卡牌。本合集还收录了第一张也是唯一一张没有派系归属的中央牌列英雄：<b>祈夜守卫者</b>！\n<br><br>,draft,,loc/zh-Hans/rulebook.csv
rulebook:2:8b816ca9b7dd,shop_dlc,,8b816ca9b7dd,"<size=28><align=center><smallcaps>Promo Cards Included:</smallcaps></size><br><br><smallcaps><b>Monsters:</b></smallcaps><br>Puggageddon<br><br><smallcaps><b>Enlightened Faction:</b></smallcaps><br>Spire of the Wind<br><br><smallcaps><b>Lifebound Faction:</b></smallcaps><br>Seed of the World<br><br><smallcaps><b>Mechana Faction:</b></smallcaps><br>Chaotic Cannon<br><br><smallcaps><b>Void Faction:</b></smallcaps><br>The Aethermourne<br><br><size=28><align=center><smallcaps>Description:</smallcaps></size><br><br>Harness Spire of the Wind to turn discards into powerful draw, and Seed of the World to gain extra value from the Center Row",<br><size=28><align=center><smallcaps>包含的特典卡：</smallcaps></size><br><br><smallcaps><b>怪物：</b></smallcaps><br>巴哥末日<br><br><smallcaps><b>圣贤派系：</b></smallcaps><br>风之尖塔<br><br><smallcaps><b>命约派系：</b></smallcaps><br>世界之种<br><br><smallcaps><b>机械派系：</b></smallcaps><br>混沌重炮<br><br><smallcaps><b>虚空派系：</b></smallcaps><br>以太哀歌<br><br><size=28><align=center><smallcaps>简介：</smallcaps></size><br><br>运用「风之尖塔」把弃牌转化为强力抽牌，再以「世界之种」从中央牌列榨取额外收益——无数新奇的强力组合就此打开！\n<br><br>,draft,,loc/zh-Hans/rulebook.csv
rulebook:3:9ff686d44881,shop_dlc,,9ff686d44881,"Dark forces have taken over the Dreamscape. Team up with Pasythea, collect her legendary weapons, and return order to her world!<br><br>Use the Insight resources and Dreamborn cards to save the Dreamscape. Bind Monsters to your deck and use them in battle! Transform cards to incredible heroes and Constructs and acquire Pasythea! Pair Deliverance with Dreamscape and Delirium for an even more exciting game!<br><br><b><align=center>Includes 51 unique<br>new cards.",黑暗势力已占据梦境。与帕西希娅联手，收集她的传奇武器，重建秩序！<br><br>运用洞察资源与梦生卡牌拯救梦境。将怪物缚入你的牌组并投入战斗！把卡牌变形为强大的英雄与神器，并获取帕西希娅！将「救赎」与「梦境」「谵妄」组合游玩，体验更刺激的对局！<br><br><b><align=center>包括 51 张全新卡牌。,draft,,loc/zh-Hans/rulebook.csv
rulebook:48:4a18b6f729f1,shop_dlc,,4a18b6f729f1,"The game ends when a certain amount of Honor has been earned, depending on the number of players.\r\r	\r\r\n<align=center>\n2 Players = <sprite=77> Honor   3 Players = <sprite=78> Honor   4 Players = <sprite=79> Honor<br></align><br>When the final Honor point is earned, the game ends at the end of the current round (after the last player to start the game takes a turn).  Thus, each player will play the same number of turns during the course of the game and may still gain Honor even when the Honor pool is depleted.<br><br>\r\rCards in each player's deck are also worth Honor points, indicated by the number in the Honor symbol (<sprite=64>) in the bottom left corner of each card.  When the game is over, all Honor points from Heroes and Constructs in your deck and hand are added to the Honor you gained during the game.  The player with the most total Honor is the winner!<br><br>If multiple players have the same number of Honor Points, the last player to start wins (i.e., the starting player loses all ties, the second player loses to the third and fouth, etc.).<br><br>",当荣誉池耗尽一定数量时游戏结束，具体数值取决于玩家人数。\n\n	\n\n<align=center>2 人局 = <sprite=77> 荣誉   3 人局 = <sprite=78> 荣誉   4 人局 = <sprite=79> 荣誉<br></align><br>当最后一点荣誉被拿走时，当前回合结束（即，后手玩家打完最后一回合后）才结束游戏。因此，每位玩家的回合数相同；即使荣誉池已耗尽，玩家在自己的回合仍可继续获取荣誉。<br><br>\n\n每位玩家牌组中的卡牌也会提供荣誉点数，显示在卡牌左下角的荣誉图标(<sprite=64>)里。游戏结束时，牌组与手牌中所有英雄及神器的荣誉点数全部计入总分；总分最高者获胜！<br><br>如多名玩家总分相同，后手玩家胜（即：先手玩家在所有平分中告负，第二位输给第三/四位，依此类推）。<br><br>,draft,,loc/zh-Hans/rulebook.csv
rulebook:4:1d68ad9e1dff,shop_dlc,,1d68ad9e1dff,"Dark forces have taken over the Dreamscape. Team up with Pasythea, collect her legendary weapons, and return order to her world!<br><br>Use the Insight resources and Dreamborn cards to save the Dreamscape. Bind Monsters to your deck and use them in battle! Transform cards to incredible heroes and Constructs and acquire Pasythea! Pair Deliverance with Dreamscape and Delirium for an even more exciting game!<br><br><b><align=center>Includes 51 unique new cards.",黑暗势力已占据梦境。与帕西希娅联手，收集她的传奇武器，重建秩序！<br><br>运用洞察资源与梦生卡牌拯救梦境。将怪物缚入你的牌组并投入战斗！把卡牌变形为强大的英雄与神器，并获取帕西希娅！将「救赎」与「梦境」「谵妄」组合游玩，体验更刺激的对局！<br><br><b><align=center>包括 51 张全新卡牌。,draft,,loc/zh-Hans/rulebook.csv
rulebook:6:0cca3fb9d845,shop_dlc,,0cca3fb9d845,"This bundle of promo cards will add a lot of excitement to your games.<br><br><size=28><align=center><smallcaps>Promo Cards Included:</smallcaps></size><br><br><smallcaps><b>Monsters:</b></smallcaps><br>Kythis, the Gatekeeper<br>Rat King & Giant Rat<br>Ender of Days<br>Constricting Horror<br><br><smallcaps><b>Enlightened Faction:</b></smallcaps><br>Vedah, Sage of Swords<br>Askara of Fortune<br>Journeyman Sage<br>Miles, Golen Prodigy<br><br><smallcaps><b>Lifebound Faction:</b></smallcaps><br>Pathwarden<br>Cetra, Guide of Ogo<br>Moon Staff<br><br><smallcaps><b>Mechana Faction:</b></smallcaps><br>Deep Drone<br>Hedron Flare<br>Control Room<br><br><smallcaps><b>Void Faction:</b></smallcaps><br>Void Mesmer<br>Nethersnare<br>Soul Collector<br><br><br><size=28><align=center><smallcaps>Description:</smallcaps></size><br><br>Use the <b>Rat King</b> to flood the board with rats! Copy other players' hero cards with the <b>Askara of Fortune</b>. End the game instantly with the <b>Ender of Days</b>. The bundle also includes fan-favorite <b>Miles, Golden Prodigy</b>.<br><br>",这套特典卡合集将为你的对局带来无穷乐趣。\n<br><br><size=28><align=center><smallcaps>包含的特典卡：</smallcaps></size><br><br><smallcaps><b>怪物：</b></smallcaps><br>守门人凯蒂斯<br>鼠王与巨鼠<br>末日终结者<br>紧缩恐惧<br><br><smallcaps><b>圣贤派系：</b></smallcaps><br>圣剑贤者维达<br>命运的阿斯卡拉<br>学徒贤者<br>黄金奇才迈尔斯<br><br><smallcaps><b>命约派系：</b></smallcaps><br>守路人<br>奥戈向导赛特拉<br>月之权杖<br><br><smallcaps><b>机械派系：</b></smallcaps><br>深潜无人机<br>多面体耀光<br>控制中枢<br><br><smallcaps><b>虚空派系：</b></smallcaps><br>虚空迷幻师<br>虚空之网<br>缚魂者<br><br><br><size=28><align=center><smallcaps>简介：</smallcaps></size><br><br>用<b>鼠王</b>让整个棋盘满是老鼠！操控<b>命运的阿斯卡拉</b>复制对手的英雄牌。打出<b>末日终结者</b>即刻结束比赛。合集还收录了玩家最爱的<b>黄金奇才迈尔斯</b>！\n<br><br>,draft,,loc/zh-Hans/rulebook.csv
rulebook:7:0349b071eed2,shop_dlc,,0349b071eed2,"Harness elemental magic and the power of ancient temples with this bundle!<br><br><size=28><align=center><smallcaps>Unique new cards per set:</smallcaps></size><br><br><b>Gift of the Elements:</b><br>55 cards<br><br><b>Valley of the Ancients:</b><br>51 cards<br><br><b>Delirium:</b><br>49 cards<br><br><br><size=28><align=center><smallcaps>Description:</smallcaps></size><br><br>Infest your opponent's deck with rampaging goblins, thin your deck faster than ever with <i>Empower</i>, and transform event cards into Ascension's most powerful Heroes.<br><br><b>Valley of the Ancients</b> pits you against each other as you vie for control over the <i>Temples of Life, Death,</i> and <i>Immortality</i>. Incredible bonuses are available to those who control them.<br><br>",驾驭元素之力，唤醒远古神庙的神秘能量——立即入手本组合包！\n<br><br><size=28><align=center><smallcaps>各扩展全新卡牌数：</smallcaps></size><br><br><b>元素的馈赠：</b><br>55 张<br><br><b>上古山谷：</b><br>51 张<br><br><b>谵妄：</b><br>49 张<br><br><br><size=28><align=center><smallcaps>简介：</smallcaps></size><br><br>让横行肆虐的哥布林寄生对手的牌组；借助<i>赋能（Empower）</i>比以往更迅捷地压缩你的牌组；还能把事件卡转化为《创升纪元》史上最强力的英雄们。\n<br><br><b>上古山谷</b>让玩家彼此对抗，争夺对<b>生命神庙</b>、<b>死亡神庙</b>与<b>不朽神庙</b>的控制权——掌控它们的人，将获得令人难以置信的奖励。\n<br><br>,draft,,loc/zh-Hans/rulebook.csv
rulebook:8:9d5d4651b2f4,shop_dlc,,9d5d4651b2f4,"Delirium brings players back into the Dreamscape, facing a twisted new reality.<br><br>Insight and Dreamborn cards are back, but with new powers to unlock with them.<br><br>Win Fate Auctions, Recur hero effects, and roll the amazing Delirium Die with your Insight to gain an edge against the other players!<br><br><b><align=center>Includes 49 unique new cards.",「谵妄」带你重返梦境，面对扭曲的新现实。<br><br>洞察与梦生卡牌再度登场，并解锁全新力量。<br><br>赢得天命竞拍、反复触发英雄效果，并用洞察投掷神奇的谵妄骰，抢占先机！<br><br><b><align=center>包括 49 张全新卡牌。,draft,,loc/zh-Hans/rulebook.csv
rulebook:9:e387c4de29da,shop_dlc,,e387c4de29da,"A favorite fan bundle of expansions!<br><br><size=28><align=center><smallcaps>Unique new cards per set:</smallcaps></size><br><br><b>Realms Unraveled:</b><br>53 cards<br><br><b>Dawn of Champions:</b><br>72 cards<br><br><b>Dreamscape:</b><br>76 cards<br><br><b>War of Shadows:</b><br>43 cards<br><br><br><size=28><align=center><smallcaps>Description:</smallcaps></size><br><br><b>Realms Unraveled</b> introduces multi-faction cards to Ascension, which use a muti-unite ability to create turns, unlike anything you've seen before from Ascension.<br><br>Completing the in-game quests listed on cards reward you with extraordinary transformations.<br><br>In <b>Dawn of Champions,</b> you become one of Ascension's greatest Champions with unique player cards that power up as you buy cards from their faction.<br><br><b>Dawn of Champion's</b> Rally mechanic will make each card that flips off the deck more exciting than ever.<br><br><b>Dreamscape</b> will take you to an all-new world within the Ascension universe. Acquire insight from Dreamborn cards and spend it to acquire the personal Dreamscape cards you secretly selected at the beginning of the game!<br><br><b>War of Shadows</b> introduces night and day to Ascension. Acquire and defeat cards, shifting the board back and forth from day and night, empowering different cards in your hand.<br><br>",本合集收录玩家最爱的四款扩展！\n<br><br><size=28><align=center><smallcaps>各扩展全新卡牌数：</smallcaps></size><br><br><b>领域解开：</b><br>53 张<br><br><b>冠军黎明：</b><br>72 张<br><br><b>梦境：</b><br>76 张<br><br><b>暗影之战：</b><br>43 张<br><br><br><size=28><align=center><smallcaps>简介：</smallcaps></size><br><br><b>领域解开</b>为《创升纪元》引入了跨派系卡牌，它们通过「多派联合（Muti-Unite）」能力打出闻所未闻的爆炸性回合。\n<br><br>完成卡牌上列出的游戏内任务，即可获得超乎想象的变形奖励。\n<br><br>在<b>冠军黎明</b>中，你将化身《创升纪元》最伟大的冠军之一，使用独特的「玩家牌」，每当你获取同一派系的卡牌时玩家牌便会愈发强大。\n<br><br><b>冠军黎明</b>的「集结（Rally）」机制，让每一张从牌堆顶上翻开的卡牌都比上一张更令人心跳加速。\n<br><br><b>梦境</b>将带你进入《创升纪元》宇宙中的全新世界。从「梦生」卡牌中获取<b>洞察（Insight）</b>，并消耗洞察来取得你在游戏开始时秘密选择的「个人专属梦境卡」！\n<br><br><b>暗影之战</b>为《创升纪元》引入了昼夜系统。获取与击败卡牌都会使整个盘面在昼与夜之间切换，从而让你手牌中不同派系的卡牌分别获得强化。<br><br>,draft,,loc/zh-Hans/rulebook.csv
tutorial:TUTORIAL_PROMPT_ACQUIREARHAINITIATE,tutorial,,adbbccdd07c9,TUTORIAL_PROMPT_ACQUIREARHAINITIATE,将亚哈新兵拖到你的弃牌堆,draft,,loc/zh-Hans/tutorial.csv
tutorial:TUTORIAL_PROMPT_ACQUIREEMRI,tutorial,,cb7ec587aab3,TUTORIAL_PROMPT_ACQUIREEMRI,将艾姆瑞拖到你的弃牌堆,draft,,loc/zh-Hans/tutorial.csv
tutorial:TUTORIAL_PROMPT_ACQUIREMURAMASA,tutorial,,faddeb15743c,TUTORIAL_PROMPT_ACQUIREMURAMASA,将村正拖到你的弃牌堆,draft,,loc/zh-Hans/tutorial.csv
tutorial:TUTORIAL_PROMPT_ACQUIREMYSTIC,tutorial,,87e4a42cb4ff,TUTORIAL_PROMPT_ACQUIREMYSTIC,将一张秘教士拖到你的弃牌堆,draft,,loc/zh-Hans/tutorial.csv
tutorial:TUTORIAL_PROMPT_ACQUIRESNAPDRAGON,tutorial,,403623ee5358,TUTORIAL_PROMPT_ACQUIRESNAPDRAGON,将金鱼草拖到你的弃牌堆,draft,,loc/zh-Hans/tutorial.csv
tutorial:TUTORIAL_PROMPT_ACQUIREWOLFSHAMAN,tutorial,,47b2d92fba33,TUTORIAL_PROMPT_ACQUIREWOLFSHAMAN,将狼萨满拖到你的弃牌堆,draft,,loc/zh-Hans/tutorial.csv
tutorial:TUTORIAL_PROMPT_CONTINUE,tutorial,,f7654ce01360,TUTORIAL_PROMPT_CONTINUE,${CLICK_C} 继续,draft,,loc/zh-Hans/tutorial.csv
tutorial:TUTORIAL_PROMPT_DEFEATCULTIST,tutorial,,7aa358561f59,TUTORIAL_PROMPT_DEFEATCULTIST,将邪教徒拖到虚空区,draft,,loc/zh-Hans/tutorial.csv
tutorial:TUTORIAL_PROMPT_DEFEATWINDTRYANT,tutorial,,ba26c4a77bc2,TUTORIAL_PROMPT_DEFEATWINDTRYANT,将风之暴君拖到虚空区,draft,,loc/zh-Hans/tutorial.csv
tutorial:TUTORIAL_PROMPT_ENDTURN,tutorial,,eefb9642215c,TUTORIAL_PROMPT_ENDTURN,${CLICK_C} 结束回合按钮,draft,,loc/zh-Hans/tutorial.csv
tutorial:TUTORIAL_PROMPT_PLAYAPPRENTICE,tutorial,,32f5334354ac,TUTORIAL_PROMPT_PLAYAPPRENTICE,将一张学徒拖到行动区,draft,,loc/zh-Hans/tutorial.csv
tutorial:TUTORIAL_PROMPT_PLAYARHAINITIATE,tutorial,,4cfbe922de43,TUTORIAL_PROMPT_PLAYARHAINITIATE,将亚哈新兵拖到行动区,draft,,loc/zh-Hans/tutorial.csv
tutorial:TUTORIAL_PROMPT_PLAYEMRI,tutorial,,13320c2ed4b4,TUTORIAL_PROMPT_PLAYEMRI,将与虚空合一的艾姆瑞拖到行动区,draft,,loc/zh-Hans/tutorial.csv
tutorial:TUTORIAL_PROMPT_PLAYMILITIA,tutorial,,df7146e52530,TUTORIAL_PROMPT_PLAYMILITIA,将一张民兵拖到行动区,draft,,loc/zh-Hans/tutorial.csv
tutorial:TUTORIAL_PROMPT_PLAYSNAPDRAGON,tutorial,,6c0f642aeedd,TUTORIAL_PROMPT_PLAYSNAPDRAGON,将金鱼草拖到行动区,draft,,loc/zh-Hans/tutorial.csv
tutorial:TUTORIAL_PROMPT_PLAYWOLFSHAMAN,tutorial,,091d5e4a7b45,TUTORIAL_PROMPT_PLAYWOLFSHAMAN,将狼萨满拖到行动区,draft,,loc/zh-Hans/tutorial.csv
tutorial:TUTORIAL_TEXT_1,tutorial,,c5e06fcbb7db,TUTORIAL_TEXT_1,创升纪元是一款牌库构筑游戏。<br><br>每位玩家以相同的十张初始套牌开始，并在对局中不断强化自己的牌库。,draft,,loc/zh-Hans/tutorial.csv
tutorial:TUTORIAL_TEXT_10,tutorial,,39401e146d84,TUTORIAL_TEXT_10,卡牌右上角的数字是获取或击败它所需的费用。,draft,,loc/zh-Hans/tutorial.csv
tutorial:TUTORIAL_TEXT_11,tutorial,,9c615bd18f00,TUTORIAL_TEXT_11,要获取一张秘教士，你需要花费 3 点符文。<br><br>再打出一张学徒以获得第二点符文。,draft,,loc/zh-Hans/tutorial.csv
tutorial:TUTORIAL_TEXT_12,tutorial,,aab9fb39da97,TUTORIAL_TEXT_12,要获取一张秘教士，你需要花费 3 点符文。<br><br>打出第三张学徒以再获得 1 点符文。,draft,,loc/zh-Hans/tutorial.csv
tutorial:TUTORIAL_TEXT_13,tutorial,,4d312929c5c2,TUTORIAL_TEXT_13,你现在有足够的符文<br>来获取一张秘教士。,draft,,loc/zh-Hans/tutorial.csv
tutorial:TUTORIAL_TEXT_14,tutorial,,3c94d08267fa,TUTORIAL_TEXT_14,获取的卡牌会进入你的弃牌堆，并在下次洗牌后进入你的牌库循环。,draft,,loc/zh-Hans/tutorial.csv
tutorial:TUTORIAL_TEXT_15,tutorial,,ddd47800ac31,TUTORIAL_TEXT_15,可以获取的卡牌会带有绿色光晕。<br><br>现在试着获取一张秘教士。,draft,,loc/zh-Hans/tutorial.csv
tutorial:TUTORIAL_TEXT_16,tutorial,,16532f19cea3,TUTORIAL_TEXT_16,要击败怪物，必须花费战力 <sprite=0>。<br><br>击败邪教徒需要 2 点战力。,draft,,loc/zh-Hans/tutorial.csv
tutorial:TUTORIAL_TEXT_17,tutorial,,f0b5447de8aa,TUTORIAL_TEXT_17,要击败邪教徒，必须花费 2 点战力。<br><br>从手牌打出一张民兵以获得战力。,draft,,loc/zh-Hans/tutorial.csv
tutorial:TUTORIAL_TEXT_18,tutorial,,12dee7f5c3ff,TUTORIAL_TEXT_18,要击败邪教徒，必须花费 2 点战力。<br><br>打出另一张民兵以再获得 1 点战力。,draft,,loc/zh-Hans/tutorial.csv
tutorial:TUTORIAL_TEXT_19,tutorial,,035d6a02bcd9,TUTORIAL_TEXT_19,击败的怪物不会进入你的牌库。你会得到奖励，然后它被送入虚空区。,draft,,loc/zh-Hans/tutorial.csv
tutorial:TUTORIAL_TEXT_2,tutorial,,f8aca382fe73,TUTORIAL_TEXT_2,每位玩家开局拥有 8 张学徒和 2 张民兵。<br><br>它们提供两种基础资源：<br>符文 <sprite=32> 与战力 <sprite=0>。,draft,,loc/zh-Hans/tutorial.csv
tutorial:TUTORIAL_TEXT_20,tutorial,,9577cd9eb3f3,TUTORIAL_TEXT_20,进入虚空区的卡牌会移出游戏。邪教徒比较特殊，可以被反复送入虚空区。,draft,,loc/zh-Hans/tutorial.csv
tutorial:TUTORIAL_TEXT_21,tutorial,,026ba84e821d,TUTORIAL_TEXT_21,可以击败的卡牌会带有红色光晕。要击败它，请将它拖到虚空区。,draft,,loc/zh-Hans/tutorial.csv
tutorial:TUTORIAL_TEXT_22,tutorial,,0b6d0c9f37b8,TUTORIAL_TEXT_22,击败邪教徒的奖励是 1 点荣誉。荣誉 <sprite=64> 是胜利条件：最终荣誉高于对手即可获胜。,draft,,loc/zh-Hans/tutorial.csv
tutorial:TUTORIAL_TEXT_23,tutorial,,89e85c44bf67,TUTORIAL_TEXT_23,除了击败怪物获得荣誉外，你获取的每张卡牌左下角也标有荣誉值。,draft,,loc/zh-Hans/tutorial.csv
tutorial:TUTORIAL_TEXT_24,tutorial,,35f5bc5fc61f,TUTORIAL_TEXT_24,荣誉来自怪物奖励和你购入的卡牌。左下角数字是终局计分时该牌提供的荣誉。,draft,,loc/zh-Hans/tutorial.csv
tutorial:TUTORIAL_TEXT_25,tutorial,,68fcfedec87c,TUTORIAL_TEXT_25,你获得的荣誉会与牌库中所有卡牌的荣誉合计，成为最终得分。,draft,,loc/zh-Hans/tutorial.csv
tutorial:TUTORIAL_TEXT_26,tutorial,,7b33694d790f,TUTORIAL_TEXT_26,游戏开始时会按人数设置荣誉池。荣誉池耗尽即表示对局即将结束。,draft,,loc/zh-Hans/tutorial.csv
tutorial:TUTORIAL_TEXT_27,tutorial,,272539ac6423,TUTORIAL_TEXT_27,每当有玩家打出卡牌或结算奖励获得荣誉时，就会从荣誉池中扣除相应点数。,draft,,loc/zh-Hans/tutorial.csv
tutorial:TUTORIAL_TEXT_28,tutorial,,c631d0139ad8,TUTORIAL_TEXT_28,荣誉池空后，从首位玩家起到拿取最后荣誉的那名玩家之前，每人还可以完成各自的回合。,draft,,loc/zh-Hans/tutorial.csv
tutorial:TUTORIAL_TEXT_29,tutorial,,bd242a51a329,TUTORIAL_TEXT_29,这是 2 人游戏，荣誉池初始为 60 点。,draft,,loc/zh-Hans/tutorial.csv
tutorial:TUTORIAL_TEXT_3,tutorial,,4b2a4b57ef1d,TUTORIAL_TEXT_3,每张学徒提供 1 点符文，用来获取更多卡牌加入你的牌库。,draft,,loc/zh-Hans/tutorial.csv
tutorial:TUTORIAL_TEXT_30,tutorial,,752fbc8e8f36,TUTORIAL_TEXT_30,除始终可用的卡牌外，玩家还可以从中央牌列获取或击败卡牌。,draft,,loc/zh-Hans/tutorial.csv
tutorial:TUTORIAL_TEXT_31,tutorial,,77fa6389e2b1,TUTORIAL_TEXT_31,中央牌列有 6 张牌，会随对局变化。当一张牌离开中央牌列（通常因为被获取或击败），会立刻从传送门牌库补一张新牌。,draft,,loc/zh-Hans/tutorial.csv
tutorial:TUTORIAL_TEXT_32,tutorial,,68cc5821e583,TUTORIAL_TEXT_32,开局每人抽五张牌。每回合结束时，这些牌进入你的弃牌堆，然后你再抽五张新牌。,draft,,loc/zh-Hans/tutorial.csv
tutorial:TUTORIAL_TEXT_33,tutorial,,9e596c83025b,TUTORIAL_TEXT_33,本局你开场有 5 张学徒，因此会有<br>5 点符文可以花费。,draft,,loc/zh-Hans/tutorial.csv
tutorial:TUTORIAL_TEXT_34,tutorial,,842fccd00ab9,TUTORIAL_TEXT_34,符文可以任意花费。只要符文够，回合中获取卡牌的数量没有上限。,draft,,loc/zh-Hans/tutorial.csv
tutorial:TUTORIAL_TEXT_35,tutorial,,fec6033250df,TUTORIAL_TEXT_35,卡牌越贵，加入牌库后通常也越强。,draft,,loc/zh-Hans/tutorial.csv
tutorial:TUTORIAL_TEXT_36,tutorial,,69a6f623749f,TUTORIAL_TEXT_36,5 点符文刚好可以获取金鱼草，这是一张很适合加入牌库的牌。把中央牌列的金鱼草拖过来获取它。,draft,,loc/zh-Hans/tutorial.csv
tutorial:TUTORIAL_TEXT_37,tutorial,,ba5b0f5c1b6f,TUTORIAL_TEXT_37,获取金鱼草后，中央牌列空出的位置会立刻从传送门牌库补一张新牌。,draft,,loc/zh-Hans/tutorial.csv
tutorial:TUTORIAL_TEXT_38,tutorial,,b5b2e0c6acd4,TUTORIAL_TEXT_38,你本回合的资源已经用完。没有其他行动时，必须结束回合，让对手行动。,draft,,loc/zh-Hans/tutorial.csv
tutorial:TUTORIAL_TEXT_39,tutorial,,9c3329800f90,TUTORIAL_TEXT_39,回合结束时，留在手牌中的卡牌和本回合打出的英雄都会进入弃牌堆，然后你再抽 5 张新牌。,draft,,loc/zh-Hans/tutorial.csv
tutorial:TUTORIAL_TEXT_4,tutorial,,0509f347b907,TUTORIAL_TEXT_4,每张民兵提供 1 点战力，用来击败怪物并获得奖励。,draft,,loc/zh-Hans/tutorial.csv
tutorial:TUTORIAL_TEXT_40,tutorial,,c0396ea6928b,TUTORIAL_TEXT_40,对手有 4 张学徒和 1 张民兵。,draft,,loc/zh-Hans/tutorial.csv
tutorial:TUTORIAL_TEXT_41,tutorial,,ef079b1d14aa,TUTORIAL_TEXT_41,他用 4 点符文获取了恶魔杀手。,draft,,loc/zh-Hans/tutorial.csv
tutorial:TUTORIAL_TEXT_42,tutorial,,2975fc0a7259,TUTORIAL_TEXT_42,对手只剩 1 点战力，没有能击败的目标，所以那张民兵会未被使用地进入弃牌堆。,draft,,loc/zh-Hans/tutorial.csv
tutorial:TUTORIAL_TEXT_43,tutorial,,06207561eefd,TUTORIAL_TEXT_43,现在又轮到你了。<br><br>你的手牌提供 3 点符文和 2 点战力。,draft,,loc/zh-Hans/tutorial.csv
tutorial:TUTORIAL_TEXT_44,tutorial,,9268f6efa6a8,TUTORIAL_TEXT_44,花费 3 点符文可以获取狼萨满。<br><br>狼萨满与金鱼草搭配很好。,draft,,loc/zh-Hans/tutorial.csv
tutorial:TUTORIAL_TEXT_45,tutorial,,6eaf6d0d8fd7,TUTORIAL_TEXT_45,狼萨满是命约英雄。金鱼草在战场时，打出命约英雄会额外获得荣誉 <sprite=64>。,draft,,loc/zh-Hans/tutorial.csv
tutorial:TUTORIAL_TEXT_46,tutorial,,f775b0c0887f,TUTORIAL_TEXT_46,获取狼萨满需要 3 点符文。,draft,,loc/zh-Hans/tutorial.csv
tutorial:TUTORIAL_TEXT_47,tutorial,,cea797ff2ee0,TUTORIAL_TEXT_47,现在可以获取狼萨满了。,draft,,loc/zh-Hans/tutorial.csv
tutorial:TUTORIAL_TEXT_48,tutorial,,ca7b01be050c,TUTORIAL_TEXT_48,你还剩 2 点战力，可以<br>用来击败邪教徒。,draft,,loc/zh-Hans/tutorial.csv
tutorial:TUTORIAL_TEXT_49,tutorial,,f49b625375f9,TUTORIAL_TEXT_49,击败邪教徒会获得 1 点荣誉。,draft,,loc/zh-Hans/tutorial.csv
tutorial:TUTORIAL_TEXT_5,tutorial,,473b18695e86,TUTORIAL_TEXT_5,学徒与民兵都是英雄。英雄可以从手牌打出以结算其效果。,draft,,loc/zh-Hans/tutorial.csv
tutorial:TUTORIAL_TEXT_50,tutorial,,338443f58cac,TUTORIAL_TEXT_50,你的回合结束了。<br><br>本回合打出的卡牌会进入弃牌堆，然后你再抽 5 张新手牌。,draft,,loc/zh-Hans/tutorial.csv
tutorial:TUTORIAL_TEXT_51,tutorial,,0f5f18e5540d,TUTORIAL_TEXT_51,牌库抽空后，弃牌堆会洗牌成为新的牌库。最近几回合获取的卡牌现在可以打出了。,draft,,loc/zh-Hans/tutorial.csv
tutorial:TUTORIAL_TEXT_52,tutorial,,55563483110c,TUTORIAL_TEXT_52,对手再次抽到 4 张学徒和 1 张民兵。,draft,,loc/zh-Hans/tutorial.csv
tutorial:TUTORIAL_TEXT_53,tutorial,,cc561978291e,TUTORIAL_TEXT_53,他用 4 点符文获取了 2 张重装步兵。剩下的 1 点战力再次浪费，因为没有能击败的目标。,draft,,loc/zh-Hans/tutorial.csv
tutorial:TUTORIAL_TEXT_54,tutorial,,69c3187590ae,TUTORIAL_TEXT_54,你刚抽到的金鱼草是神器。英雄在回合结束时进入弃牌堆，神器则会留在战场并在每回合产生效果。,draft,,loc/zh-Hans/tutorial.csv
tutorial:TUTORIAL_TEXT_55,tutorial,,a0b5e4cc9d7c,TUTORIAL_TEXT_55,金鱼草每回合提供 1 点符文。<br><br>把它拖到行动区以进入战场。,draft,,loc/zh-Hans/tutorial.csv
tutorial:TUTORIAL_TEXT_56,tutorial,,8400c01eb828,TUTORIAL_TEXT_56,提供固定符文或战力的神器在战场上会自动触发。,draft,,loc/zh-Hans/tutorial.csv
tutorial:TUTORIAL_TEXT_57,tutorial,,2c259a5d064d,TUTORIAL_TEXT_57,金鱼草提供的符文已经计入你的符文总数：<br>金鱼草 1 点，外加学徒的 3 点。,draft,,loc/zh-Hans/tutorial.csv
tutorial:TUTORIAL_TEXT_58,tutorial,,0492e9301814,TUTORIAL_TEXT_58,先花 1 点符文获取亚哈新兵。符文够就可以继续获取；如果中央牌列补出更好的牌，你也可以再拿。,draft,,loc/zh-Hans/tutorial.csv
tutorial:TUTORIAL_TEXT_59,tutorial,,cbd34e88d45a,TUTORIAL_TEXT_59,与虚空合一的艾姆瑞很强，但本回合买不起。,draft,,loc/zh-Hans/tutorial.csv
tutorial:TUTORIAL_TEXT_6,tutorial,,0710f7b2349d,TUTORIAL_TEXT_6,可从手牌打出的卡牌会带有白色光晕。<br><br>现在试着打出一张学徒。,draft,,loc/zh-Hans/tutorial.csv
tutorial:TUTORIAL_TEXT_60,tutorial,,a9c1eee274df,TUTORIAL_TEXT_60,你的符文不够获取中央牌列的任何牌。<br>这时始终可用的卡牌就派上用场了。,draft,,loc/zh-Hans/tutorial.csv
tutorial:TUTORIAL_TEXT_61,tutorial,,899d545d44d9,TUTORIAL_TEXT_61,用剩下的 3 点符文<br>获取一张秘教士。,draft,,loc/zh-Hans/tutorial.csv
tutorial:TUTORIAL_TEXT_62,tutorial,,1cf142894f6a,TUTORIAL_TEXT_62,你还剩 1 点战力，但没有能用 1 战力击败的目标，所以必须结束回合。,draft,,loc/zh-Hans/tutorial.csv
tutorial:TUTORIAL_TEXT_63,tutorial,,33cffd5cecc6,TUTORIAL_TEXT_63,对手抽到恶魔杀手、民兵<br>和 3 张学徒，因此有 4 点战力和 3 点符文。,draft,,loc/zh-Hans/tutorial.csv
tutorial:TUTORIAL_TEXT_64,tutorial,,217348a0cdac,TUTORIAL_TEXT_64,他击败了造物之误，获得 4 点荣誉，并可以放逐中央牌列一张牌，再从弃牌堆放逐一张牌。,draft,,loc/zh-Hans/tutorial.csv
tutorial:TUTORIAL_TEXT_65,tutorial,,256212893868,TUTORIAL_TEXT_65,放逐是把卡牌送入虚空区而不必击败它。怪物被放逐时不会结算奖励。,draft,,loc/zh-Hans/tutorial.csv
tutorial:TUTORIAL_TEXT_66,tutorial,,a597d352bf53,TUTORIAL_TEXT_66,你应该放逐不想让对手获取或击败的牌，然后传送门牌库会补出一张新牌。,draft,,loc/zh-Hans/tutorial.csv
tutorial:TUTORIAL_TEXT_67,tutorial,,b41d6b3ace80,TUTORIAL_TEXT_67,对手选择放逐达萨大师。他的牌库偏战力，因此放逐达萨大师以阻止你获取。,draft,,loc/zh-Hans/tutorial.csv
tutorial:TUTORIAL_TEXT_68,tutorial,,510096614d8a,TUTORIAL_TEXT_68,放逐达萨大师不但拿走了你本可能使用的牌，补出的新牌还正是对手想要的。,draft,,loc/zh-Hans/tutorial.csv
tutorial:TUTORIAL_TEXT_69,tutorial,,7b7fdfa10deb,TUTORIAL_TEXT_69,对手现在可以花 3 点符文获取<br>暗影之星。,draft,,loc/zh-Hans/tutorial.csv
tutorial:TUTORIAL_TEXT_7,tutorial,,4e2af0b06f94,TUTORIAL_TEXT_7,游戏区左上角的卡牌在整局中始终可用。,draft,,loc/zh-Hans/tutorial.csv
tutorial:TUTORIAL_TEXT_70,tutorial,,bcef138f61a4,TUTORIAL_TEXT_70,对手资源用尽，结束了回合。,draft,,loc/zh-Hans/tutorial.csv
tutorial:TUTORIAL_TEXT_71,tutorial,,2c176098af49,TUTORIAL_TEXT_71,打出狼萨满获得 1 点符文并额外抽一张牌。因为狼萨满是命约英雄，金鱼草还会让你获得 1 点荣誉。,draft,,loc/zh-Hans/tutorial.csv
tutorial:TUTORIAL_TEXT_72,tutorial,,2f369dae4379,TUTORIAL_TEXT_72,加上本回合额外获得的资源，<br>你现在有 6 点符文和 1 点战力。,draft,,loc/zh-Hans/tutorial.csv
tutorial:TUTORIAL_TEXT_73,tutorial,,56baa1beb2ca,TUTORIAL_TEXT_73,符文够了，可以获取与虚空合一的艾姆瑞！,draft,,loc/zh-Hans/tutorial.csv
tutorial:TUTORIAL_TEXT_74,tutorial,,863496da62f5,TUTORIAL_TEXT_74,没有能用 1 点战力击败的目标，<br>你的回合结束。,draft,,loc/zh-Hans/tutorial.csv
tutorial:TUTORIAL_TEXT_75,tutorial,,dfdb395ce879,TUTORIAL_TEXT_75,对手抽到重装步兵、民兵和<br>3 张学徒，共 3 点符文和 3 点战力。,draft,,loc/zh-Hans/tutorial.csv
tutorial:TUTORIAL_TEXT_76,tutorial,,25a1982c08d9,TUTORIAL_TEXT_76,他先花 3 点战力击败萨麦尔的诡术师。,draft,,loc/zh-Hans/tutorial.csv
tutorial:TUTORIAL_TEXT_77,tutorial,,da7b3fb4872f,TUTORIAL_TEXT_77,击败萨麦尔的诡术师让对手获得<br>1 点荣誉和 1 点符文，符文总数来到 4 点。,draft,,loc/zh-Hans/tutorial.csv
tutorial:TUTORIAL_TEXT_78,tutorial,,419cefb476b5,TUTORIAL_TEXT_78,他用这 4 点符文获取刚在中央牌列亮出的石环德鲁伊。,draft,,loc/zh-Hans/tutorial.csv
tutorial:TUTORIAL_TEXT_79,tutorial,,22fba4427f2a,TUTORIAL_TEXT_79,对手资源用尽，结束了回合。,draft,,loc/zh-Hans/tutorial.csv
tutorial:TUTORIAL_TEXT_8,tutorial,,4327d511cd39,TUTORIAL_TEXT_8,你的回合中可以随时获取这些卡牌加入牌库，或击败它们以获得奖励。,draft,,loc/zh-Hans/tutorial.csv
tutorial:TUTORIAL_TEXT_80,tutorial,,f57180645442,TUTORIAL_TEXT_80,本回合应先打出亚哈新兵，它让你从牌库额外抽一张牌。,draft,,loc/zh-Hans/tutorial.csv
tutorial:TUTORIAL_TEXT_81,tutorial,,3c568d0b8ee5,TUTORIAL_TEXT_81,通常要尽早打出能额外抽牌或产生资源的卡牌，以便有更多选择。,draft,,loc/zh-Hans/tutorial.csv
tutorial:TUTORIAL_TEXT_82,tutorial,,764515bb01fa,TUTORIAL_TEXT_82,亚哈新兵抽到了艾姆瑞。<br>运气不错，你现在有 5 点战力。,draft,,loc/zh-Hans/tutorial.csv
tutorial:TUTORIAL_TEXT_83,tutorial,,57ee4a163d27,TUTORIAL_TEXT_83,战力足够击败风之暴君。<br><br>从手牌打出与虚空合一的艾姆瑞。,draft,,loc/zh-Hans/tutorial.csv
tutorial:TUTORIAL_TEXT_84,tutorial,,91764be78ef5,TUTORIAL_TEXT_84,现在击败风之暴君，获得<br>3 点荣誉和 3 点符文。,draft,,loc/zh-Hans/tutorial.csv
tutorial:TUTORIAL_TEXT_85,tutorial,,18f31a4144d5,TUTORIAL_TEXT_85,获取村正需要 7 点符文。,draft,,loc/zh-Hans/tutorial.csv
tutorial:TUTORIAL_TEXT_86,tutorial,,61743ecf5284,TUTORIAL_TEXT_86,你现在有足够的符文获取村正了！,draft,,loc/zh-Hans/tutorial.csv
tutorial:TUTORIAL_TEXT_87,tutorial,,b2065188920f,TUTORIAL_TEXT_87,你已经掌握足够知识来完整进行一局创升纪元！<br><br>记住：终局荣誉最高的玩家获胜。,draft,,loc/zh-Hans/tutorial.csv
tutorial:TUTORIAL_TEXT_88,tutorial,,49e97872ff74,TUTORIAL_TEXT_88,若仍需帮助，可点右下角菜单按钮查看详细规则和界面图解。,draft,,loc/zh-Hans/tutorial.csv
tutorial:TUTORIAL_TEXT_89,tutorial,,c316ebac69a4,TUTORIAL_TEXT_89,你可以继续完成这局对电脑的教程，或随时用菜单开始新对局。,draft,,loc/zh-Hans/tutorial.csv
tutorial:TUTORIAL_TEXT_9,tutorial,,251023816d1b,TUTORIAL_TEXT_9,右键点击任意卡牌可查看大图。左键点击即可回到牌局继续游戏。,draft,,loc/zh-Hans/tutorial.csv
waiver:tutorial_hotspot,tutorial_hotspot,,8c702b67f954,(tutorial CLICK / <link> hit-test tokens),,waived,gameplay_hit_test,plugin/AscensionZhCn/Plugin.cs
ui_keys:FLAVOR_DHARTHA,ui_keys,,249c42bbc527,FLAVOR_DHARTHA,许久之前，逻各斯便授予达萨使用亚哈众神的眼界与智慧，而达萨藉此济世代代相传。身形虽矮，他却印证了一个道理：真正的力量，从不来自凌驾于人，而来自人们甘愿为你俯首。,draft,,loc/zh-Hans/ui.csv
ui_keys:FLAVOR_DHARTHAMASTEROFSIGHT,ui_keys,,49feec08d8a7,FLAVOR_DHARTHAMASTEROFSIGHT,许久之前，逻各斯便授予达萨使用亚哈众神的眼界与智慧，而达萨藉此济世代代相传。身形虽矮，他却印证了一个道理：真正的力量，从不来自凌驾于人，而来自人们甘愿为你俯首。,draft,,loc/zh-Hans/ui.csv
ui_keys:FLAVOR_KOR,ui_keys,,2779e6056de9,FLAVOR_KOR,自棱堡（Hedron）创立之初，铁术士（Ferromancers）便担负着为造物注入生命火花的使命。科尔教导这一教团：机械之中所蕴藏的不只是生命，更是勇气，亦是使命。,draft,,loc/zh-Hans/ui.csv
ui_keys:FLAVOR_KORTHEFERROMANCER,ui_keys,,f2f9bd6e1dab,FLAVOR_KORTHEFERROMANCER,自棱堡（Hedron）创立之初，铁术士（Ferromancers）便担负着为造物注入生命火花的使命。科尔教导这一教团：机械之中所蕴藏的不只是生命，更是勇气，亦是使命。,draft,,loc/zh-Hans/ui.csv
ui_keys:FLAVOR_KORTHEIRONMIND,ui_keys,,b08f819ce3fb,FLAVOR_KORTHEIRONMIND,自棱堡（Hedron）创立之初，铁术士（Ferromancers）便担负着为造物注入生命火花的使命。科尔教导这一教团：机械之中所蕴藏的不只是生命，更是勇气，亦是使命。,draft,,loc/zh-Hans/ui.csv
ui_keys:FLAVOR_MASTERDHARTHA,ui_keys,,019f98c9151a,FLAVOR_MASTERDHARTHA,许久之前，逻各斯便授予达萨使用亚哈众神的眼界与智慧，而达萨藉此济世代代相传。身形虽矮，他却印证了一个道理：真正的力量，从不来自凌驾于人，而来自人们甘愿为你俯首。,draft,,loc/zh-Hans/ui.csv
ui_keys:FLAVOR_NAIRI,ui_keys,,29a0a05e5716,FLAVOR_NAIRI,奈莉一手竖起了石柱阵，教导德鲁伊们如何与赛特尔及她的星眷沟通。当她穿行林间，为严酷的荒野带来和平之时，万物皆以她为表率。她正是风暴之中那一抹宁静。,draft,,loc/zh-Hans/ui.csv
ui_keys:FLAVOR_NAIRIHENGEQUEEN,ui_keys,,f05ec81aab70,FLAVOR_NAIRIHENGEQUEEN,奈莉一手竖起了石柱阵，教导德鲁伊们如何与赛特尔及她的星眷沟通。当她穿行林间，为严酷的荒野带来和平之时，万物皆以她为表率。她正是风暴之中那一抹宁静。,draft,,loc/zh-Hans/ui.csv
ui_keys:FLAVOR_NAIRIWILDQUEEN,ui_keys,,e12f9ae1e8a7,FLAVOR_NAIRIWILDQUEEN,奈莉一手竖起了石柱阵，教导德鲁伊们如何与赛特尔及她的星眷沟通。当她穿行林间，为严酷的荒野带来和平之时，万物皆以她为表率。她正是风暴之中那一抹宁静。,draft,,loc/zh-Hans/ui.csv
ui_keys:FLAVOR_SADRANIS,ui_keys,,d099c53d52e2,FLAVOR_SADRANIS,无数人为尼克斯的黑暗低语所奴役，但萨德拉尼斯是少数学会仅凭自己便能念出那些话语的人。外人把他的举止当作疯狂，而智者则会告诉你：他不过是心无旁骛地瞄准了一盘更大的棋局。,draft,,loc/zh-Hans/ui.csv
ui_keys:FLAVOR_SADRANISDARKEMISSARY,ui_keys,,d7464b439c50,FLAVOR_SADRANISDARKEMISSARY,无数人为尼克斯的黑暗低语所奴役，但萨德拉尼斯是少数学会仅凭自己便能念出那些话语的人。外人把他的举止当作疯狂，而智者则会告诉你：他不过是心无旁骛地瞄准了一盘更大的棋局。,draft,,loc/zh-Hans/ui.csv
ui_keys:FLAVOR_SADRANISDARKSAVANT,ui_keys,,4eb3bc2083cf,FLAVOR_SADRANISDARKSAVANT,无数人为尼克斯的黑暗低语所奴役，但萨德拉尼斯是少数学会仅凭自己便能念出那些话语的人。外人把他的举止当作疯狂，而智者则会告诉你：他不过是心无旁骛地瞄准了一盘更大的棋局。,draft,,loc/zh-Hans/ui.csv
ui_keys:IAP_ComingSoon,ui_keys,,a8a5461166d7,IAP_ComingSoon,即将推出,draft,,loc/zh-Hans/ui.csv
ui_keys:IAP_NowAvailable,ui_keys,,74ed72a9a9bd,IAP_NowAvailable,现已推出,draft,,loc/zh-Hans/ui.csv
ui_keys:IAP_Owned,ui_keys,,28961ee18c38,IAP_Owned,已拥有,draft,,loc/zh-Hans/ui.csv
ui_keys:Key_2Players,ui_keys,,679c5611faed,Key_2Players,2 名玩家,draft,,loc/zh-Hans/ui.csv
ui_keys:Key_2_Players,ui_keys,,9596236f5b80,Key_2_Players,2 名玩家：,draft,,loc/zh-Hans/ui.csv
ui_keys:Key_3Players,ui_keys,,441d90ce26c5,Key_3Players,3 名玩家,draft,,loc/zh-Hans/ui.csv
ui_keys:Key_3_Players,ui_keys,,9849cd08df0e,Key_3_Players,3 名玩家：,draft,,loc/zh-Hans/ui.csv
ui_keys:Key_4Players,ui_keys,,e6094aeb6960,Key_4Players,4 名玩家,draft,,loc/zh-Hans/ui.csv
ui_keys:Key_4_Players,ui_keys,,d67a5c6f4014,Key_4_Players,4 名玩家：,draft,,loc/zh-Hans/ui.csv
ui_keys:Key_AIDifficulty,ui_keys,,4f739ff35a5f,Key_AIDifficulty,AI 难度,draft,,loc/zh-Hans/ui.csv
ui_keys:Key_AIOpponent,ui_keys,,7bbdf071249a,Key_AIOpponent,AI 对手,draft,,loc/zh-Hans/ui.csv
ui_keys:Key_AIPlayer,ui_keys,,dd1519fe7153,Key_AIPlayer,AI 玩家,draft,,loc/zh-Hans/ui.csv
ui_keys:Key_AIPlayer1,ui_keys,,9de126cc2185,Key_AIPlayer1,AI 玩家 1,draft,,loc/zh-Hans/ui.csv
ui_keys:Key_AIPlayer2,ui_keys,,e35b9377741c,Key_AIPlayer2,AI 玩家 2,draft,,loc/zh-Hans/ui.csv
ui_keys:Key_AIPlayer3,ui_keys,,15106de59c73,Key_AIPlayer3,AI 玩家 3,draft,,loc/zh-Hans/ui.csv
ui_keys:Key_AIPlayer4,ui_keys,,94a483a4385d,Key_AIPlayer4,AI 玩家 4,draft,,loc/zh-Hans/ui.csv
ui_keys:Key_Abbr_Hour,ui_keys,,cd4f4c36f6c1,Key_Abbr_Hour,时,draft,,loc/zh-Hans/ui.csv
ui_keys:Key_Abbr_Hours,ui_keys,,0e9015f5b0ac,Key_Abbr_Hours,时,draft,,loc/zh-Hans/ui.csv
ui_keys:Key_Abbr_Minute,ui_keys,,bd405144ba7e,Key_Abbr_Minute,分,draft,,loc/zh-Hans/ui.csv
ui_keys:Key_Abbr_Second,ui_keys,,4839fa35a987,Key_Abbr_Second,秒,draft,,loc/zh-Hans/ui.csv
ui_keys:Key_Accept,ui_keys,,fba6dc64a2a5,Key_Accept,接受,draft,,loc/zh-Hans/ui.csv
ui_keys:Key_AcceptInvite,ui_keys,,ddcc7cbc1b18,Key_AcceptInvite,接受邀请,draft,,loc/zh-Hans/ui.csv
ui_keys:Key_AccountCreateFailed,ui_keys,,df8f70dacbd9,Key_AccountCreateFailed,账号创建失败。,draft,,loc/zh-Hans/ui.csv
ui_keys:Key_AccountCreateSuccess,ui_keys,,6bd8656585bf,Key_AccountCreateSuccess,账号已创建。<br>请输入密码登录。,draft,,loc/zh-Hans/ui.csv
ui_keys:Key_AccountError,ui_keys,,802c6e0f9227,Key_AccountError,账号出错。,draft,,loc/zh-Hans/ui.csv
ui_keys:Key_AccountNotActivatedEmail,ui_keys,,a8f40e78a8b6,Key_AccountNotActivatedEmail,账号尚未激活。请按发送到你邮箱的说明完成激活。,draft,,loc/zh-Hans/ui.csv
ui_keys:Key_Achievements,ui_keys,,1bba6b392ed6,Key_Achievements,成就,draft,,loc/zh-Hans/ui.csv
ui_keys:Key_AddComputerPlayer,ui_keys,,6a7061f58296,Key_AddComputerPlayer,添加电脑玩家,draft,,loc/zh-Hans/ui.csv
ui_keys:Key_AddFriend,ui_keys,,32fb295873e5,Key_AddFriend,添加好友,draft,,loc/zh-Hans/ui.csv
ui_keys:Key_AddFriendPrompt,ui_keys,,4b61b41cae66,Key_AddFriendPrompt,要将这名玩家加入好友列表吗？,draft,,loc/zh-Hans/ui.csv
ui_keys:Key_AddHumanPlayer,ui_keys,,07fc0869f09d,Key_AddHumanPlayer,添加人类玩家,draft,,loc/zh-Hans/ui.csv
ui_keys:Key_AddProfile,ui_keys,,18307cb4510e,Key_AddProfile,添加档案,draft,,loc/zh-Hans/ui.csv
ui_keys:Key_Agree,ui_keys,,026319057c66,Key_Agree,我同意,draft,,loc/zh-Hans/ui.csv
ui_keys:Key_AmbientVolume,ui_keys,,a807ceb8dd2f,Key_AmbientVolume,环境音量,draft,,loc/zh-Hans/ui.csv
ui_keys:Key_AndroidNotifications,ui_keys,,0859f22fa909,Key_AndroidNotifications,Android 通知,draft,,loc/zh-Hans/ui.csv
ui_keys:Key_Animation_Speed,ui_keys,,6ea625c0d8f9,Key_Animation_Speed,动画速度,draft,,loc/zh-Hans/ui.csv
ui_keys:Key_Announcements,ui_keys,,a7b3e277a28e,Key_Announcements,公告,draft,,loc/zh-Hans/ui.csv
ui_keys:Key_AnyRating,ui_keys,,ff3aa5c77fbe,Key_AnyRating,任意评分,draft,,loc/zh-Hans/ui.csv
ui_keys:Key_AppStore,ui_keys,,c96ab69338a3,Key_AppStore,商店,draft,,loc/zh-Hans/ui.csv
ui_keys:Key_AudioLevels,ui_keys,,87f99ed2158b,Key_AudioLevels,音量,draft,,loc/zh-Hans/ui.csv
ui_keys:Key_AutoPlay,ui_keys,,79fb64a3309e,Key_AutoPlay,自动出牌,draft,,loc/zh-Hans/ui.csv
ui_keys:Key_Back,ui_keys,,e2e2b522b4ad,Key_Back,返回,draft,,loc/zh-Hans/ui.csv
ui_keys:Key_Buy,ui_keys,,680f3853f617,Key_Buy,购买,draft,,loc/zh-Hans/ui.csv
ui_keys:Key_Cancel,ui_keys,,41f3a4296e8d,Key_Cancel,取消,draft,,loc/zh-Hans/ui.csv
ui_keys:Key_CardGallery,ui_keys,,4201c9789549,Key_CardGallery,卡牌图鉴,draft,,loc/zh-Hans/ui.csv
ui_keys:Key_CenterRow,ui_keys,,ab0c9caa62bf,Key_CenterRow,中央牌列,draft,,loc/zh-Hans/ui.csv
ui_keys:Key_CheckYourEmail,ui_keys,,69e18e531151,Key_CheckYourEmail,请查收邮件以获取账号信息,draft,,loc/zh-Hans/ui.csv
ui_keys:Key_ChooseEndTurn,ui_keys,,9ab4663bf868,Key_ChooseEndTurn,确定要结束你的回合吗？,draft,,loc/zh-Hans/ui.csv
ui_keys:Key_ClearInvite,ui_keys,,3486c549c605,Key_ClearInvite,清除邀请,draft,,loc/zh-Hans/ui.csv
ui_keys:Key_ClearPurchases,ui_keys,,cb645fd5788d,Key_ClearPurchases,清除购买,draft,,loc/zh-Hans/ui.csv
ui_keys:Key_Close,ui_keys,,a404c1fd91a7,Key_Close,关闭,draft,,loc/zh-Hans/ui.csv
ui_keys:Key_Commit,ui_keys,,0f3c14abb5eb,Key_Commit,确认,draft,,loc/zh-Hans/ui.csv
ui_keys:Key_CommitDecision,ui_keys,,e1862d5532b7,Key_CommitDecision,确认你的决定,draft,,loc/zh-Hans/ui.csv
ui_keys:Key_Completed,ui_keys,,19c97a72bff5,Key_Completed,已完成,draft,,loc/zh-Hans/ui.csv
ui_keys:Key_CompletedListEmpty,ui_keys,,cce0ae271b26,Key_CompletedListEmpty,你目前没有已完成的对局。,draft,,loc/zh-Hans/ui.csv
ui_keys:Key_Confirm,ui_keys,,1855365ef284,Key_Confirm,确认,draft,,loc/zh-Hans/ui.csv
ui_keys:Key_ConfirmChange,ui_keys,,b58162589f08,Key_ConfirmChange,确认更改,draft,,loc/zh-Hans/ui.csv
ui_keys:Key_ConfirmExit,ui_keys,,5065ebcad977,Key_ConfirmExit,确定要退出游戏吗？,draft,,loc/zh-Hans/ui.csv
ui_keys:Key_ConfirmPassword,ui_keys,,64344375b35d,Key_ConfirmPassword,确认密码,draft,,loc/zh-Hans/ui.csv
ui_keys:Key_ConfirmProfileDelete,ui_keys,,d5c0e2b30135,Key_ConfirmProfileDelete,确定要删除此档案吗？,draft,,loc/zh-Hans/ui.csv
ui_keys:Key_ConfirmRevealed,ui_keys,,5d0698d120bb,Key_ConfirmRevealed,确认已展示的卡牌,draft,,loc/zh-Hans/ui.csv
ui_keys:Key_ConfirmationPause,ui_keys,,99eb57d53214,Key_ConfirmationPause,确认暂停,draft,,loc/zh-Hans/ui.csv
ui_keys:Key_ConnectFail,ui_keys,,3a3749d6cd19,Key_ConnectFail,连接服务器失败,draft,,loc/zh-Hans/ui.csv
ui_keys:Key_Connecting,ui_keys,,77fd96288687,Key_Connecting,正在连接服务器,draft,,loc/zh-Hans/ui.csv
ui_keys:Key_Continue,ui_keys,,3d76b25b2cf7,Key_Continue,继续,draft,,loc/zh-Hans/ui.csv
ui_keys:Key_CreateAccount,ui_keys,,7769c3dec913,Key_CreateAccount,创建账号,draft,,loc/zh-Hans/ui.csv
ui_keys:Key_CreateGame,ui_keys,,b88b89ef48e2,Key_CreateGame,创建对局,draft,,loc/zh-Hans/ui.csv
ui_keys:Key_CreateGameFail,ui_keys,,d947950b7e9a,Key_CreateGameFail,无法创建。,draft,,loc/zh-Hans/ui.csv
ui_keys:Key_CreateGameFailTooMany,ui_keys,,877f96fd761e,Key_CreateGameFailTooMany,无法创建。<br>已创建的对局过多。,draft,,loc/zh-Hans/ui.csv
ui_keys:Key_CreateGameFailUnknown,ui_keys,,61ea1716bfcf,Key_CreateGameFailUnknown,无法创建。<br>未知错误,draft,,loc/zh-Hans/ui.csv
ui_keys:Key_CreateNewAccount,ui_keys,,e380715ef644,Key_CreateNewAccount,创建新账号,draft,,loc/zh-Hans/ui.csv
ui_keys:Key_CreatedGameSuccess,ui_keys,,2fb7bb625397,Key_CreatedGameSuccess,对局创建成功！,draft,,loc/zh-Hans/ui.csv
ui_keys:Key_CreatingGame,ui_keys,,5454f95c9e77,Key_CreatingGame,正在创建对局 . . .,draft,,loc/zh-Hans/ui.csv
ui_keys:Key_CreatingNewAccount,ui_keys,,5809062dc7bb,Key_CreatingNewAccount,正在创建账号...,draft,,loc/zh-Hans/ui.csv
ui_keys:Key_Credits,ui_keys,,ed984a00f3d1,Key_Credits,制作人员,draft,,loc/zh-Hans/ui.csv
ui_keys:Key_Day,ui_keys,,9c1aa74fb832,Key_Day,天,draft,,loc/zh-Hans/ui.csv
ui_keys:Key_Days,ui_keys,,21971e877997,Key_Days,天,draft,,loc/zh-Hans/ui.csv
ui_keys:Key_Deck,ui_keys,,5e3e565b4e45,Key_Deck,牌库,draft,,loc/zh-Hans/ui.csv
ui_keys:Key_Delete,ui_keys,,1f876b0f6a2c,Key_Delete,删除,draft,,loc/zh-Hans/ui.csv
ui_keys:Key_DeleteFriend,ui_keys,,2c827da2114a,Key_DeleteFriend,删除好友,draft,,loc/zh-Hans/ui.csv
ui_keys:Key_DeleteGame,ui_keys,,db211bd12f04,Key_DeleteGame,删除对局,draft,,loc/zh-Hans/ui.csv
ui_keys:Key_DeleteGameConfirm,ui_keys,,a3f21f9fbf1d,Key_DeleteGameConfirm,要删除此对局吗？,draft,,loc/zh-Hans/ui.csv
ui_keys:Key_DeleteMatchmaking,ui_keys,,357c2799374a,Key_DeleteMatchmaking,删除匹配,draft,,loc/zh-Hans/ui.csv
ui_keys:Key_Delete_Game,ui_keys,,e255eeefe67d,Key_Delete_Game,删除你的对局,draft,,loc/zh-Hans/ui.csv
ui_keys:Key_Details,ui_keys,,c18dc8d8f7db,Key_Details,详情,draft,,loc/zh-Hans/ui.csv
ui_keys:Key_Discard,ui_keys,,f4cd016eb7d0,Key_Discard,弃牌堆,draft,,loc/zh-Hans/ui.csv
ui_keys:Key_Disconnect,ui_keys,,49df78ad2bd7,Key_Disconnect,你已断开<br>与服务器的连接,draft,,loc/zh-Hans/ui.csv
ui_keys:Key_Dismiss,ui_keys,,3043f34a6212,Key_Dismiss,关闭,draft,,loc/zh-Hans/ui.csv
ui_keys:Key_Done,ui_keys,,72ac30f95b90,Key_Done,完成,draft,,loc/zh-Hans/ui.csv
ui_keys:Key_DontShowWarning,ui_keys,,1a8529d1699d,Key_DontShowWarning,不再显示此警告,draft,,loc/zh-Hans/ui.csv
ui_keys:Key_DoubleTapContinue,ui_keys,,7237056fee06,Key_DoubleTapContinue,双击继续…,draft,,loc/zh-Hans/ui.csv
ui_keys:Key_DragProfiles,ui_keys,,1d6c32ba30e6,Key_DragProfiles,将档案标签拖到玩家栏位,draft,,loc/zh-Hans/ui.csv
ui_keys:Key_DragToAdd,ui_keys,,38e1a8081376,Key_DragToAdd,拖到下方添加,draft,,loc/zh-Hans/ui.csv
ui_keys:Key_DuplicateProfile,ui_keys,,58b14ff6ebb9,Key_DuplicateProfile,已存在同名档案,draft,,loc/zh-Hans/ui.csv
ui_keys:Key_Email,ui_keys,,f8d02c47eaef,Key_Email,电子邮箱,draft,,loc/zh-Hans/ui.csv
ui_keys:Key_EmailInUse,ui_keys,,87c496831c0b,Key_EmailInUse,该邮箱已被使用,draft,,loc/zh-Hans/ui.csv
ui_keys:Key_EmailNotifications,ui_keys,,15bcbf08d6ef,Key_EmailNotifications,邮件通知,draft,,loc/zh-Hans/ui.csv
ui_keys:Key_EmailUser,ui_keys,,5daac70578a2,Key_EmailUser,请输入邮箱或用户名,draft,,loc/zh-Hans/ui.csv
ui_keys:Key_Empty,ui_keys,,244982dcd617,Key_Empty,空,draft,,loc/zh-Hans/ui.csv
ui_keys:Key_EndGame,ui_keys,,26ed8008f2bc,Key_EndGame,结束对局,draft,,loc/zh-Hans/ui.csv
ui_keys:Key_EnterEmail,ui_keys,,a88346af0659,Key_EnterEmail,输入邮箱,draft,,loc/zh-Hans/ui.csv
ui_keys:Key_EnterName,ui_keys,,550fce82b2c2,Key_EnterName,请输入名称,draft,,loc/zh-Hans/ui.csv
ui_keys:Key_EnterPassword,ui_keys,,57463cb7c692,Key_EnterPassword,输入密码,draft,,loc/zh-Hans/ui.csv
ui_keys:Key_EnterText,ui_keys,,17750bbb1a77,Key_EnterText,请输入文字...,draft,,loc/zh-Hans/ui.csv
ui_keys:Key_EnterUsername,ui_keys,,25574f3ab0f3,Key_EnterUsername,请输入用户名,draft,,loc/zh-Hans/ui.csv
ui_keys:Key_EnterUsernameAlt,ui_keys,,d43aa7e154b0,Key_EnterUsernameAlt,输入用户名,draft,,loc/zh-Hans/ui.csv
ui_keys:Key_EnterValidEmail,ui_keys,,e28175e48382,Key_EnterValidEmail,请输入有效的电子邮箱地址,draft,,loc/zh-Hans/ui.csv
ui_keys:Key_Error,ui_keys,,dce2aaa8a279,Key_Error,错误,draft,,loc/zh-Hans/ui.csv
ui_keys:Key_Exit,ui_keys,,d77a030b1013,Key_Exit,退出,draft,,loc/zh-Hans/ui.csv
ui_keys:Key_ExpireTimer,ui_keys,,3d20c7b85392,Key_ExpireTimer,超时计时,draft,,loc/zh-Hans/ui.csv
ui_keys:Key_FailConnect,ui_keys,,0284cd2da350,Key_FailConnect,无法连接到服务器,draft,,loc/zh-Hans/ui.csv
ui_keys:Key_Fast,ui_keys,,dcb3fb412d2f,Key_Fast,快,draft,,loc/zh-Hans/ui.csv
ui_keys:Key_FindGame,ui_keys,,b78cdf5471a5,Key_FindGame,查找对局,draft,,loc/zh-Hans/ui.csv
ui_keys:Key_FindGameListEmpty,ui_keys,,0ef32da859de,Key_FindGameListEmpty,目前没有可加入的对局。<br>请使用“创建对局”菜单开一局新游戏。,draft,,loc/zh-Hans/ui.csv
ui_keys:Key_FindGameSearching,ui_keys,,8fa5d77e94d9,Key_FindGameSearching,正在搜索对局 . . .,draft,,loc/zh-Hans/ui.csv
ui_keys:Key_Finish,ui_keys,,b1939c578daf,Key_Finish,完成,draft,,loc/zh-Hans/ui.csv
ui_keys:Key_Forfeit,ui_keys,,25bcc6313d90,Key_Forfeit,认输,draft,,loc/zh-Hans/ui.csv
ui_keys:Key_ForfeitPrompt,ui_keys,,5bc46a53c73b,Key_ForfeitPrompt,确定要放弃这局游戏吗？,draft,,loc/zh-Hans/ui.csv
ui_keys:Key_ForfeitedOpponents,ui_keys,,c622384b01dd,Key_ForfeitedOpponents,所有对手均已认输。你赢了！,draft,,loc/zh-Hans/ui.csv
ui_keys:Key_Forfeits,ui_keys,,f48cf354c0f3,Key_Forfeits,认输次数,draft,,loc/zh-Hans/ui.csv
ui_keys:Key_Forget,ui_keys,,e2d57d1d6f14,Key_Forget,忘记登录信息？,draft,,loc/zh-Hans/ui.csv
ui_keys:Key_Fri,ui_keys,,ef53bf6cceea,Key_Fri,五,draft,,loc/zh-Hans/ui.csv
ui_keys:Key_Friday,ui_keys,,b3feafe13cc0,Key_Friday,星期五,draft,,loc/zh-Hans/ui.csv
ui_keys:Key_FriendAddSuccess,ui_keys,,0996d646311c,Key_FriendAddSuccess,已成功添加好友“{0}”。,draft,,loc/zh-Hans/ui.csv
ui_keys:Key_FriendAdding,ui_keys,,4e28cea86e2c,Key_FriendAdding,正在将“{0}”加为好友。,draft,,loc/zh-Hans/ui.csv
ui_keys:Key_FriendAlready,ui_keys,,2a1a5db65ffc,Key_FriendAlready,{0} 已经是你的好友。,draft,,loc/zh-Hans/ui.csv
ui_keys:Key_FriendNotFound,ui_keys,,67aad8b3be58,Key_FriendNotFound,未找到用户“{0}”。,draft,,loc/zh-Hans/ui.csv
ui_keys:Key_FriendRemoving,ui_keys,,cfe0b1b13a44,Key_FriendRemoving,正在移除好友“{0}”。,draft,,loc/zh-Hans/ui.csv
ui_keys:Key_FriendRequest,ui_keys,,00ff77a94a3c,Key_FriendRequest,好友请求,draft,,loc/zh-Hans/ui.csv
ui_keys:Key_FriendRmvSuccess,ui_keys,,9cab65c2a4ad,Key_FriendRmvSuccess,已移除好友。,draft,,loc/zh-Hans/ui.csv
ui_keys:Key_Friends,ui_keys,,2b22013d389e,Key_Friends,好友,draft,,loc/zh-Hans/ui.csv
ui_keys:Key_FriendsList,ui_keys,,4990bc714531,Key_FriendsList,好友列表,draft,,loc/zh-Hans/ui.csv
ui_keys:Key_Fullscreen,ui_keys,,54aa62b05ecc,Key_Fullscreen,全屏,draft,,loc/zh-Hans/ui.csv
ui_keys:Key_GameChat,ui_keys,,c5c7299b8318,Key_GameChat,对局聊天,draft,,loc/zh-Hans/ui.csv
ui_keys:Key_GameCompleted,ui_keys,,db3b47a5496b,Key_GameCompleted,对局结束,draft,,loc/zh-Hans/ui.csv
ui_keys:Key_GameListEmpty,ui_keys,,d5db794292e6,Key_GameListEmpty,你目前没有进行中的对局。,draft,,loc/zh-Hans/ui.csv
ui_keys:Key_GameLog,ui_keys,,736b83d89fc7,Key_GameLog,对局记录,draft,,loc/zh-Hans/ui.csv
ui_keys:Key_GamePaused,ui_keys,,1cf477d3695d,Key_GamePaused,游戏已暂停,draft,,loc/zh-Hans/ui.csv
ui_keys:Key_GameStats,ui_keys,,b96779a09882,Key_GameStats,对局统计,draft,,loc/zh-Hans/ui.csv
ui_keys:Key_GameTimer,ui_keys,,c46ebb383696,Key_GameTimer,对局计时,draft,,loc/zh-Hans/ui.csv
ui_keys:Key_GameType,ui_keys,,fd871eeb2a46,Key_GameType,对局类型,draft,,loc/zh-Hans/ui.csv
ui_keys:Key_Game_List,ui_keys,,ad50cc2ffb2e,Key_Game_List,对局列表,draft,,loc/zh-Hans/ui.csv
ui_keys:Key_Game_Speed,ui_keys,,46d55ca46ef3,Key_Game_Speed,游戏速度,draft,,loc/zh-Hans/ui.csv
ui_keys:Key_Hand,ui_keys,,6ac195f07b27,Key_Hand,手牌,draft,,loc/zh-Hans/ui.csv
ui_keys:Key_HelpEnabled,ui_keys,,38576bd21770,Key_HelpEnabled,启用帮助,draft,,loc/zh-Hans/ui.csv
ui_keys:Key_Hint_Buy,ui_keys,,a6cd7110db5d,Key_Hint_Buy,获取,draft,,loc/zh-Hans/ui.csv
ui_keys:Key_Hint_Copy,ui_keys,,8c524a06e862,Key_Hint_Copy,复制,draft,,loc/zh-Hans/ui.csv
ui_keys:Key_Hint_Defend,ui_keys,,e8c82ca25bf5,Key_Hint_Defend,防御,draft,,loc/zh-Hans/ui.csv
ui_keys:Key_Hint_Delete,ui_keys,,3bebcdceb66e,Key_Hint_Delete,删除,draft,,loc/zh-Hans/ui.csv
ui_keys:Key_Hint_Discard,ui_keys,,15a5a6f4f3d4,Key_Hint_Discard,弃牌,draft,,loc/zh-Hans/ui.csv
ui_keys:Key_Hint_Give,ui_keys,,5dba73350a7a,Key_Hint_Give,交给,draft,,loc/zh-Hans/ui.csv
ui_keys:Key_Hint_Play,ui_keys,,d3b139c25c77,Key_Hint_Play,打出,draft,,loc/zh-Hans/ui.csv
ui_keys:Key_Hint_Reveal,ui_keys,,d8714a70ceb9,Key_Hint_Reveal,展示,draft,,loc/zh-Hans/ui.csv
ui_keys:Key_Hint_Select,ui_keys,,c37ffd1f549b,Key_Hint_Select,选择,draft,,loc/zh-Hans/ui.csv
ui_keys:Key_Hint_Target,ui_keys,,2122c40bd9b5,Key_Hint_Target,目标,draft,,loc/zh-Hans/ui.csv
ui_keys:Key_Hint_Use,ui_keys,,36044d7d6d3c,Key_Hint_Use,使用,draft,,loc/zh-Hans/ui.csv
ui_keys:Key_Honor,ui_keys,,ca9511640967,Key_Honor,荣誉,draft,,loc/zh-Hans/ui.csv
ui_keys:Key_Hour,ui_keys,,23cda2986a30,Key_Hour,小时,draft,,loc/zh-Hans/ui.csv
ui_keys:Key_Hours,ui_keys,,9b8eabd38545,Key_Hours,小时,draft,,loc/zh-Hans/ui.csv
ui_keys:Key_Human,ui_keys,,315a42d3168f,Key_Human,人类,draft,,loc/zh-Hans/ui.csv
ui_keys:Key_InApp,ui_keys,,9baafe29ba84,Key_InApp,商店,draft,,loc/zh-Hans/ui.csv
ui_keys:Key_In_Progress,ui_keys,,e9a0897cb7ed,Key_In_Progress,进行中,draft,,loc/zh-Hans/ui.csv
ui_keys:Key_InvalidCharacters,ui_keys,,2bf0a068ab1e,Key_InvalidCharacters,名称包含无效字符,draft,,loc/zh-Hans/ui.csv
ui_keys:Key_InvalidEmail,ui_keys,,ec77f54f4624,Key_InvalidEmail,邮箱无效,draft,,loc/zh-Hans/ui.csv
ui_keys:Key_InvalidPassword,ui_keys,,aaa0099f9e41,Key_InvalidPassword,密码无效,draft,,loc/zh-Hans/ui.csv
ui_keys:Key_InvalidUsername,ui_keys,,d22ac4b20f7d,Key_InvalidUsername,用户名已被使用。,draft,,loc/zh-Hans/ui.csv
ui_keys:Key_Invite,ui_keys,,0ad536c629e9,Key_Invite,邀请,draft,,loc/zh-Hans/ui.csv
ui_keys:Key_InviteFriend,ui_keys,,fa840e58752e,Key_InviteFriend,邀请好友,draft,,loc/zh-Hans/ui.csv
ui_keys:Key_Invited,ui_keys,,e92076b6647a,Key_Invited,已邀请,draft,,loc/zh-Hans/ui.csv
ui_keys:Key_Join,ui_keys,,ef1f1992e401,Key_Join,加入,draft,,loc/zh-Hans/ui.csv
ui_keys:Key_JoinFailConnect,ui_keys,,f72f8046dd18,Key_JoinFailConnect,无法加入。<br>与服务器的连接已断开。,draft,,loc/zh-Hans/ui.csv
ui_keys:Key_JoinFailFull,ui_keys,,0e456c67e19a,Key_JoinFailFull,无法加入。<br>对局已满。,draft,,loc/zh-Hans/ui.csv
ui_keys:Key_JoinFailNotExist,ui_keys,,84b8d9e35562,Key_JoinFailNotExist,无法加入。<br>对局已不存在。,draft,,loc/zh-Hans/ui.csv
ui_keys:Key_JoinFailUnknown,ui_keys,,9948700da474,Key_JoinFailUnknown,无法加入。<br>未知错误。,draft,,loc/zh-Hans/ui.csv
ui_keys:Key_JoinGame,ui_keys,,3a56c0798860,Key_JoinGame,加入对局,draft,,loc/zh-Hans/ui.csv
ui_keys:Key_JoinSuccess,ui_keys,,5701828d6ffa,Key_JoinSuccess,已成功加入对局！,draft,,loc/zh-Hans/ui.csv
ui_keys:Key_Joining,ui_keys,,1ffdb5cd1c1c,Key_Joining,正在加入对局 . . .,draft,,loc/zh-Hans/ui.csv
ui_keys:Key_KeyBindings,ui_keys,,2b156e5c9f62,Key_KeyBindings,按键绑定,draft,,loc/zh-Hans/ui.csv
ui_keys:Key_Languages,ui_keys,,35221838b16a,Key_Languages,语言,draft,,loc/zh-Hans/ui.csv
ui_keys:Key_Loading,ui_keys,,ac4e60b1a0a7,Key_Loading,加载中... %d%%,draft,,loc/zh-Hans/ui.csv
ui_keys:Key_LoadingCards,ui_keys,,1f14eebf3441,Key_LoadingCards,正在加载卡牌,draft,,loc/zh-Hans/ui.csv
ui_keys:Key_LoadingGame,ui_keys,,a5c2ebd14d8d,Key_LoadingGame,加载中,draft,,loc/zh-Hans/ui.csv
ui_keys:Key_Locked,ui_keys,,dd28532a8e34,Key_Locked,已锁定,draft,,loc/zh-Hans/ui.csv
ui_keys:Key_LogOut,ui_keys,,62f2ae813cb0,Key_LogOut,退出登录,draft,,loc/zh-Hans/ui.csv
ui_keys:Key_Login,ui_keys,,29c144a25ff8,Key_Login,登录,draft,,loc/zh-Hans/ui.csv
ui_keys:Key_LoginFailed,ui_keys,,4b45091cf609,Key_LoginFailed,登录失败,draft,,loc/zh-Hans/ui.csv
ui_keys:Key_LossesVS,ui_keys,,632d8e936ecf,Key_LossesVS,对战负场,draft,,loc/zh-Hans/ui.csv
ui_keys:Key_MainMenu,ui_keys,,922a2ae513e0,Key_MainMenu,主菜单,draft,,loc/zh-Hans/ui.csv
ui_keys:Key_Medium,ui_keys,,7820aa5c9461,Key_Medium,中,draft,,loc/zh-Hans/ui.csv
ui_keys:Key_Menu,ui_keys,,c64842b11e5b,Key_Menu,菜单,draft,,loc/zh-Hans/ui.csv
ui_keys:Key_Minute,ui_keys,,fb2ceaf5f3c9,Key_Minute,分钟,draft,,loc/zh-Hans/ui.csv
ui_keys:Key_Minutes,ui_keys,,07beaa177249,Key_Minutes,分钟,draft,,loc/zh-Hans/ui.csv
ui_keys:Key_Mon,ui_keys,,bad6a2768422,Key_Mon,一,draft,,loc/zh-Hans/ui.csv
ui_keys:Key_Monday,ui_keys,,5aac426bcd1b,Key_Monday,星期一,draft,,loc/zh-Hans/ui.csv
ui_keys:Key_Moregames,ui_keys,,19d085d9e973,Key_Moregames,更多游戏,draft,,loc/zh-Hans/ui.csv
ui_keys:Key_Music_Volume,ui_keys,,e4d5ca265a20,Key_Music_Volume,音乐音量,draft,,loc/zh-Hans/ui.csv
ui_keys:Key_MustAcceptTerms,ui_keys,,d409c3052c02,Key_MustAcceptTerms,创建账号前必须同意使用条款,draft,,loc/zh-Hans/ui.csv
ui_keys:Key_NameEntry,ui_keys,,777cc92c046c,Key_NameEntry,请输入玩家名称,draft,,loc/zh-Hans/ui.csv
ui_keys:Key_NetworkUpdate,ui_keys,,39c526ed0ad4,Key_NetworkUpdate,有可用更新。<br>请下载最新版本后再进行在线游戏。,draft,,loc/zh-Hans/ui.csv
ui_keys:Key_Newsletter,ui_keys,,b9545ef76121,Key_Newsletter,Playdek 通讯,draft,,loc/zh-Hans/ui.csv
ui_keys:Key_No,ui_keys,,58282346239c,Key_No,否,draft,,loc/zh-Hans/ui.csv
ui_keys:Key_NoCardSelected,ui_keys,,b8ec65c7f3ab,Key_NoCardSelected,未选择卡牌,draft,,loc/zh-Hans/ui.csv
ui_keys:Key_NoCommit,ui_keys,,faca8eff9ade,Key_NoCommit,不是有效目标,draft,,loc/zh-Hans/ui.csv
ui_keys:Key_NoPlayerData,ui_keys,,6c7af625c993,Key_NoPlayerData,无玩家数据,draft,,loc/zh-Hans/ui.csv
ui_keys:Key_None,ui_keys,,bd63a8b454e5,Key_None,无,draft,,loc/zh-Hans/ui.csv
ui_keys:Key_NoticeExpiredTimer,ui_keys,,8a0046913434,Key_NoticeExpiredTimer,计时已耗尽！<br>你已输掉这局游戏。,draft,,loc/zh-Hans/ui.csv
ui_keys:Key_NoticeOpponentsForfeit,ui_keys,,73d36008fed2,Key_NoticeOpponentsForfeit,所有对手均已认输。你赢了！,draft,,loc/zh-Hans/ui.csv
ui_keys:Key_Notifications,ui_keys,,758c0994d626,Key_Notifications,通知,draft,,loc/zh-Hans/ui.csv
ui_keys:Key_OK,ui_keys,,62cf8e3eb622,Key_OK,确定,draft,,loc/zh-Hans/ui.csv
ui_keys:Key_Offline,ui_keys,,0f02c422d9e1,Key_Offline,离线,draft,,loc/zh-Hans/ui.csv
ui_keys:Key_OfflineCreateGame,ui_keys,,7aaf6a5fb809,Key_OfflineCreateGame,离线创建对局,draft,,loc/zh-Hans/ui.csv
ui_keys:Key_OfflineLobby,ui_keys,,b1823e071ca6,Key_OfflineLobby,离线大厅,draft,,loc/zh-Hans/ui.csv
ui_keys:Key_Offline_Game_List,ui_keys,,29fdf88d67c2,Key_Offline_Game_List,离线对局列表,draft,,loc/zh-Hans/ui.csv
ui_keys:Key_Offline_Record,ui_keys,,455e8a6f796b,Key_Offline_Record,离线战绩,draft,,loc/zh-Hans/ui.csv
ui_keys:Key_Ok,ui_keys,,0865bca070e3,Key_Ok,确定,draft,,loc/zh-Hans/ui.csv
ui_keys:Key_OnTheWeb,ui_keys,,37dc68554c05,Key_OnTheWeb,访问网站,draft,,loc/zh-Hans/ui.csv
ui_keys:Key_Online,ui_keys,,591bb81e37e2,Key_Online,在线,draft,,loc/zh-Hans/ui.csv
ui_keys:Key_OnlineChat,ui_keys,,f8e0e85f9bc4,Key_OnlineChat,大厅聊天,draft,,loc/zh-Hans/ui.csv
ui_keys:Key_OnlineCreateGame,ui_keys,,301103b8e975,Key_OnlineCreateGame,在线创建对局,draft,,loc/zh-Hans/ui.csv
ui_keys:Key_OnlineFailGameCenter,ui_keys,,9de0cf0e3fb9,Key_OnlineFailGameCenter,必须登录<br>Game Center<br>才能进行在线游戏,draft,,loc/zh-Hans/ui.csv
ui_keys:Key_OnlineLobby,ui_keys,,9625a528bcd1,Key_OnlineLobby,在线大厅,draft,,loc/zh-Hans/ui.csv
ui_keys:Key_OnlineLogin,ui_keys,,2c260edfe5ca,Key_OnlineLogin,在线登录,draft,,loc/zh-Hans/ui.csv
ui_keys:Key_Online_Game_List,ui_keys,,e0bd17011b93,Key_Online_Game_List,在线对局列表,draft,,loc/zh-Hans/ui.csv
ui_keys:Key_Online_Record,ui_keys,,b6cd829339a3,Key_Online_Record,在线战绩,draft,,loc/zh-Hans/ui.csv
ui_keys:Key_OpponentStats,ui_keys,,516c247931f6,Key_OpponentStats,对手统计,draft,,loc/zh-Hans/ui.csv
ui_keys:Key_Option_MayEndTurn,ui_keys,,fcbbb020445b,Key_Option_MayEndTurn,你可以结束回合,draft,,loc/zh-Hans/ui.csv
ui_keys:Key_Option_MustEndTurn,ui_keys,,739f8e9e0a64,Key_Option_MustEndTurn,你必须结束回合,draft,,loc/zh-Hans/ui.csv
ui_keys:Key_Options,ui_keys,,93ae24bf2874,Key_Options,选项,draft,,loc/zh-Hans/ui.csv
ui_keys:Key_Password,ui_keys,,574f7eff8b25,Key_Password,密码,draft,,loc/zh-Hans/ui.csv
ui_keys:Key_PasswordMismatch,ui_keys,,8a785e79de09,Key_PasswordMismatch,两次输入的密码不一致,draft,,loc/zh-Hans/ui.csv
ui_keys:Key_PasswordNoMatch,ui_keys,,c9484a30fdfe,Key_PasswordNoMatch,密码与确认密码不一致,draft,,loc/zh-Hans/ui.csv
ui_keys:Key_PasswordNotVerified,ui_keys,,0131710981ab,Key_PasswordNotVerified,请再次确认密码,draft,,loc/zh-Hans/ui.csv
ui_keys:Key_PasswordRequired,ui_keys,,c8524e000ebd,Key_PasswordRequired,必须设置密码,draft,,loc/zh-Hans/ui.csv
ui_keys:Key_Pause,ui_keys,,13d89b01ce19,Key_Pause,暂停,draft,,loc/zh-Hans/ui.csv
ui_keys:Key_Play,ui_keys,,de00e83b7ad8,Key_Play,开始,draft,,loc/zh-Hans/ui.csv
ui_keys:Key_PlayOffline,ui_keys,,d456bf8ce68a,Key_PlayOffline,离线游戏,draft,,loc/zh-Hans/ui.csv
ui_keys:Key_PlayOnline,ui_keys,,986900ba9ba3,Key_PlayOnline,在线游戏,draft,,loc/zh-Hans/ui.csv
ui_keys:Key_Player1,ui_keys,,031c565a6ab9,Key_Player1,玩家 1,draft,,loc/zh-Hans/ui.csv
ui_keys:Key_Player2,ui_keys,,95196b0f100f,Key_Player2,玩家 2,draft,,loc/zh-Hans/ui.csv
ui_keys:Key_Player3,ui_keys,,5c0c0d305909,Key_Player3,玩家 3,draft,,loc/zh-Hans/ui.csv
ui_keys:Key_Player4,ui_keys,,488faa52ee1a,Key_Player4,玩家 4,draft,,loc/zh-Hans/ui.csv
ui_keys:Key_Player5,ui_keys,,db84f7125d0c,Key_Player5,玩家 5,draft,,loc/zh-Hans/ui.csv
ui_keys:Key_Playername,ui_keys,,3821418f6b19,Key_Playername,玩家名称,draft,,loc/zh-Hans/ui.csv
ui_keys:Key_PleaseWait,ui_keys,,994b188daa0b,Key_PleaseWait,请稍候...,draft,,loc/zh-Hans/ui.csv
ui_keys:Key_Pop_Ups,ui_keys,,d686cd20ddf9,Key_Pop_Ups,确认弹窗,draft,,loc/zh-Hans/ui.csv
ui_keys:Key_Power,ui_keys,,cd93f2be42d6,Key_Power,战力,draft,,loc/zh-Hans/ui.csv
ui_keys:Key_PressNewKey,ui_keys,,5992051c5f87,Key_PressNewKey,请按下新的按键：,draft,,loc/zh-Hans/ui.csv
ui_keys:Key_PrivacyPolicy,ui_keys,,f0c3c5fb35dc,Key_PrivacyPolicy,隐私政策,draft,,loc/zh-Hans/ui.csv
ui_keys:Key_Profile,ui_keys,,958e667f4b0d,Key_Profile,档案,draft,,loc/zh-Hans/ui.csv
ui_keys:Key_ProfileLoading,ui_keys,,cf019d7fec1a,Key_ProfileLoading,正在读取档案 . . .,draft,,loc/zh-Hans/ui.csv
ui_keys:Key_Profiles,ui_keys,,1d45872aec07,Key_Profiles,档案,draft,,loc/zh-Hans/ui.csv
ui_keys:Key_Purchase,ui_keys,,3b5c6a39b46e,Key_Purchase,购买,draft,,loc/zh-Hans/ui.csv
ui_keys:Key_Purchased,ui_keys,,86b0b9a4e7d3,Key_Purchased,已购买,draft,,loc/zh-Hans/ui.csv
ui_keys:Key_QuickMatch,ui_keys,,438d43d23c92,Key_QuickMatch,快速匹配,draft,,loc/zh-Hans/ui.csv
ui_keys:Key_QuickMatchDelete,ui_keys,,7436ac86badc,Key_QuickMatchDelete,确定要删除此快速匹配请求吗？,draft,,loc/zh-Hans/ui.csv
ui_keys:Key_QuickMatchFailure,ui_keys,,8b585edf3c3e,Key_QuickMatchFailure,创建快速匹配失败。,draft,,loc/zh-Hans/ui.csv
ui_keys:Key_QuickMatchProcess,ui_keys,,7e54d89672e3,Key_QuickMatchProcess,正在创建快速匹配对局...,draft,,loc/zh-Hans/ui.csv
ui_keys:Key_QuickMatchRequest,ui_keys,,d5f899811027,Key_QuickMatchRequest,快速匹配请求,draft,,loc/zh-Hans/ui.csv
ui_keys:Key_QuickMatchTooMany,ui_keys,,75fab8235610,Key_QuickMatchTooMany,创建快速匹配失败。<br>打开的对局过多。,draft,,loc/zh-Hans/ui.csv
ui_keys:Key_Quit,ui_keys,,fa3c2c284c87,Key_Quit,退出,draft,,loc/zh-Hans/ui.csv
ui_keys:Key_Rating,ui_keys,,c6b711d14093,Key_Rating,评分,draft,,loc/zh-Hans/ui.csv
ui_keys:Key_RatingDifference,ui_keys,,fda42b768287,Key_RatingDifference,评分差,draft,,loc/zh-Hans/ui.csv
ui_keys:Key_ReadyToStart,ui_keys,,bdc8dbbaaf4b,Key_ReadyToStart,准备开始,draft,,loc/zh-Hans/ui.csv
ui_keys:Key_Reject,ui_keys,,770c5925c7db,Key_Reject,拒绝,draft,,loc/zh-Hans/ui.csv
ui_keys:Key_Rematch,ui_keys,,20ceb793e930,Key_Rematch,再来一局,draft,,loc/zh-Hans/ui.csv
ui_keys:Key_Remember,ui_keys,,2237aceef00b,Key_Remember,记住密码,draft,,loc/zh-Hans/ui.csv
ui_keys:Key_RemotePlayer,ui_keys,,52af082df2d0,Key_RemotePlayer,远程玩家,draft,,loc/zh-Hans/ui.csv
ui_keys:Key_RemoveFriend,ui_keys,,b30180dadc7d,Key_RemoveFriend,删除好友,draft,,loc/zh-Hans/ui.csv
ui_keys:Key_RemoveFriendPrompt,ui_keys,,4a027352f115,Key_RemoveFriendPrompt,要从好友列表中移除这名玩家吗？,draft,,loc/zh-Hans/ui.csv
ui_keys:Key_RemoveProfile,ui_keys,,9ef03af84040,Key_RemoveProfile,删除档案,draft,,loc/zh-Hans/ui.csv
ui_keys:Key_RequestMatch,ui_keys,,804fc5d9c794,Key_RequestMatch,请求对局,draft,,loc/zh-Hans/ui.csv
ui_keys:Key_Resolution,ui_keys,,e90c86f13c54,Key_Resolution,分辨率,draft,,loc/zh-Hans/ui.csv
ui_keys:Key_ResolutionChange,ui_keys,,93c8102d8d6e,Key_ResolutionChange,要将分辨率改为 {0}x{1} 吗？,draft,,loc/zh-Hans/ui.csv
ui_keys:Key_ResolutionKeep,ui_keys,,8c9d1adecaf8,Key_ResolutionKeep,保留此分辨率？,draft,,loc/zh-Hans/ui.csv
ui_keys:Key_Resolutions,ui_keys,,103034d99ed1,Key_Resolutions,分辨率,draft,,loc/zh-Hans/ui.csv
ui_keys:Key_RestoreDefaults,ui_keys,,7e36d4b64115,Key_RestoreDefaults,恢复默认,draft,,loc/zh-Hans/ui.csv
ui_keys:Key_RestorePurchases,ui_keys,,5f9edd76a12f,Key_RestorePurchases,恢复购买,draft,,loc/zh-Hans/ui.csv
ui_keys:Key_Resume,ui_keys,,49601a9e38ff,Key_Resume,继续游戏,draft,,loc/zh-Hans/ui.csv
ui_keys:Key_ResumeGame,ui_keys,,55de01f00938,Key_ResumeGame,继续游戏,draft,,loc/zh-Hans/ui.csv
ui_keys:Key_ReturnToLobby,ui_keys,,65e34e806088,Key_ReturnToLobby,返回大厅,draft,,loc/zh-Hans/ui.csv
ui_keys:Key_Round,ui_keys,,44e3ed1dc8e5,Key_Round,回合,draft,,loc/zh-Hans/ui.csv
ui_keys:Key_Rulebook,ui_keys,,5d38d96de37c,Key_Rulebook,规则书,draft,,loc/zh-Hans/ui.csv
ui_keys:Key_Runes,ui_keys,,e2413c80bdd1,Key_Runes,符文,draft,,loc/zh-Hans/ui.csv
ui_keys:Key_Sat,ui_keys,,772c53b9342e,Key_Sat,六,draft,,loc/zh-Hans/ui.csv
ui_keys:Key_Saturday,ui_keys,,4dda4e94bdc1,Key_Saturday,星期六,draft,,loc/zh-Hans/ui.csv
ui_keys:Key_Save,ui_keys,,74fc6732d90c,Key_Save,保存,draft,,loc/zh-Hans/ui.csv
ui_keys:Key_Search,ui_keys,,c7802be7cbd3,Key_Search,搜索,draft,,loc/zh-Hans/ui.csv
ui_keys:Key_Second,ui_keys,,3d5da961586f,Key_Second,秒,draft,,loc/zh-Hans/ui.csv
ui_keys:Key_Seconds,ui_keys,,2dc1369d2213,Key_Seconds,秒,draft,,loc/zh-Hans/ui.csv
ui_keys:Key_SelectAvatar,ui_keys,,f95718148954,Key_SelectAvatar,选择头像,draft,,loc/zh-Hans/ui.csv
ui_keys:Key_SelectLanguage,ui_keys,,c3e44c8556e3,Key_SelectLanguage,选择语言,draft,,loc/zh-Hans/ui.csv
ui_keys:Key_SendInfo,ui_keys,,23b0e15fa133,Key_SendInfo,发送登录信息,draft,,loc/zh-Hans/ui.csv
ui_keys:Key_Settings,ui_keys,,65dabd6b504d,Key_Settings,设置,draft,,loc/zh-Hans/ui.csv
ui_keys:Key_Setup,ui_keys,,80b03e3d052d,Key_Setup,设置,draft,,loc/zh-Hans/ui.csv
ui_keys:Key_SimplifiedChinese,ui_keys,,dfed11ab8363,Key_SimplifiedChinese,简体中文,draft,,loc/zh-Hans/ui.csv
ui_keys:Key_SlotClosed,ui_keys,,5b6302675bf2,Key_SlotClosed,(已关闭),draft,,loc/zh-Hans/ui.csv
ui_keys:Key_SlotOpen,ui_keys,,220ae0591b59,Key_SlotOpen,(开放),draft,,loc/zh-Hans/ui.csv
ui_keys:Key_Slow,ui_keys,,e1c34dd51268,Key_Slow,慢,draft,,loc/zh-Hans/ui.csv
ui_keys:Key_Sound_Volume,ui_keys,,c92aada0d048,Key_Sound_Volume,音效音量,draft,,loc/zh-Hans/ui.csv
ui_keys:Key_Start,ui_keys,,257c0bcbe34c,Key_Start,开始,draft,,loc/zh-Hans/ui.csv
ui_keys:Key_StartGame,ui_keys,,df7ed3ef0204,Key_StartGame,开始对局,draft,,loc/zh-Hans/ui.csv
ui_keys:Key_Start_Menu,ui_keys,,6c1ddcec6b57,Key_Start_Menu,开始菜单,draft,,loc/zh-Hans/ui.csv
ui_keys:Key_Sun,ui_keys,,2aef86695173,Key_Sun,日,draft,,loc/zh-Hans/ui.csv
ui_keys:Key_Sunday,ui_keys,,1c72fd0133b5,Key_Sunday,星期日,draft,,loc/zh-Hans/ui.csv
ui_keys:Key_Surrender,ui_keys,,6aadf0c91c93,Key_Surrender,认输,draft,,loc/zh-Hans/ui.csv
ui_keys:Key_TapContinue,ui_keys,,f23d5c903621,Key_TapContinue,点击继续,draft,,loc/zh-Hans/ui.csv
ui_keys:Key_TermsAgreement,ui_keys,,eff19d913ea5,Key_TermsAgreement,使用条款,draft,,loc/zh-Hans/ui.csv
ui_keys:Key_Theme,ui_keys,,851ad8b5ae75,Key_Theme,主题选择,draft,,loc/zh-Hans/ui.csv
ui_keys:Key_Thurs,ui_keys,,2731ac04de01,Key_Thurs,四,draft,,loc/zh-Hans/ui.csv
ui_keys:Key_Thursday,ui_keys,,5155d4c58fb4,Key_Thursday,星期四,draft,,loc/zh-Hans/ui.csv
ui_keys:Key_TimerAny,ui_keys,,3aacb6bbad1b,Key_TimerAny,计时：任意,draft,,loc/zh-Hans/ui.csv
ui_keys:Key_TitleGame,ui_keys,,aec132bf3b9f,Key_TitleGame,对局,draft,,loc/zh-Hans/ui.csv
ui_keys:Key_TitleNew,ui_keys,,f6844bfee4ed,Key_TitleNew,新建,draft,,loc/zh-Hans/ui.csv
ui_keys:Key_TraditionalChinese,ui_keys,,c00fd749298c,Key_TraditionalChinese,繁体中文,draft,,loc/zh-Hans/ui.csv
ui_keys:Key_Tues,ui_keys,,41fd07a1e2a1,Key_Tues,二,draft,,loc/zh-Hans/ui.csv
ui_keys:Key_Tuesday,ui_keys,,e244a0f79a40,Key_Tuesday,星期二,draft,,loc/zh-Hans/ui.csv
ui_keys:Key_Turn,ui_keys,,281e47c9d593,Key_Turn,回合,draft,,loc/zh-Hans/ui.csv
ui_keys:Key_Tutorial,ui_keys,,2a5f2c84ef88,Key_Tutorial,教程,draft,,loc/zh-Hans/ui.csv
ui_keys:Key_TutorialPrompt,ui_keys,,e6afa6005a63,Key_TutorialPrompt,要进行教程吗？,draft,,loc/zh-Hans/ui.csv
ui_keys:Key_Tutorials,ui_keys,,0c13358f3104,Key_Tutorials,教程,draft,,loc/zh-Hans/ui.csv
ui_keys:Key_Undo,ui_keys,,77dc5ef1a582,Key_Undo,撤销,draft,,loc/zh-Hans/ui.csv
ui_keys:Key_User,ui_keys,,20cb604a5a77,Key_User,用户名：,draft,,loc/zh-Hans/ui.csv
ui_keys:Key_Username,ui_keys,,cd7a01c1d347,Key_Username,用户名,draft,,loc/zh-Hans/ui.csv
ui_keys:Key_Verify,ui_keys,,02b3205d9aa4,Key_Verify,验证：,draft,,loc/zh-Hans/ui.csv
ui_keys:Key_View,ui_keys,,8bd91b282991,Key_View,查看,draft,,loc/zh-Hans/ui.csv
ui_keys:Key_ViewCards,ui_keys,,1cfcda55d711,Key_ViewCards,查看卡牌,draft,,loc/zh-Hans/ui.csv
ui_keys:Key_ViewGame,ui_keys,,7a8da6d31a57,Key_ViewGame,观看对局,draft,,loc/zh-Hans/ui.csv
ui_keys:Key_ViewOpponentProfile,ui_keys,,81a0d1b7afbb,Key_ViewOpponentProfile,点击对手以查看其档案,draft,,loc/zh-Hans/ui.csv
ui_keys:Key_ViewingPlayer,ui_keys,,653fe22c15e4,Key_ViewingPlayer,正在查看玩家,draft,,loc/zh-Hans/ui.csv
ui_keys:Key_Void,ui_keys,,a255fa9e649c,Key_Void,虚空区,draft,,loc/zh-Hans/ui.csv
ui_keys:Key_WaitForPlayer,ui_keys,,daa4aeb6c3fa,Key_WaitForPlayer,等待玩家,draft,,loc/zh-Hans/ui.csv
ui_keys:Key_WaitForPlayers,ui_keys,,24a6e3e1b8d6,Key_WaitForPlayers,等待玩家,draft,,loc/zh-Hans/ui.csv
ui_keys:Key_WaitForStart,ui_keys,,2345e943b98b,Key_WaitForStart,等待开始,draft,,loc/zh-Hans/ui.csv
ui_keys:Key_Waiting,ui_keys,,f08141cfdd9e,Key_Waiting,等待中,draft,,loc/zh-Hans/ui.csv
ui_keys:Key_Warning,ui_keys,,1ef6098a2e0c,Key_Warning,警告,draft,,loc/zh-Hans/ui.csv
ui_keys:Key_Wed,ui_keys,,cd67dec6a60d,Key_Wed,三,draft,,loc/zh-Hans/ui.csv
ui_keys:Key_Wednesday,ui_keys,,0b36fb07f778,Key_Wednesday,星期三,draft,,loc/zh-Hans/ui.csv
ui_keys:Key_WindowedMode,ui_keys,,531572d9b8f7,Key_WindowedMode,窗口模式,draft,,loc/zh-Hans/ui.csv
ui_keys:Key_WinsVS,ui_keys,,89668d37bb93,Key_WinsVS,对战胜场,draft,,loc/zh-Hans/ui.csv
ui_keys:Key_Withdraw,ui_keys,,7474331de263,Key_Withdraw,退出对局,draft,,loc/zh-Hans/ui.csv
ui_keys:Key_WithdrawConfirm,ui_keys,,ec3768a5bf0b,Key_WithdrawConfirm,确定要退出这局游戏吗？,draft,,loc/zh-Hans/ui.csv
ui_keys:Key_Yes,ui_keys,,ffaa709e6ee7,Key_Yes,是,draft,,loc/zh-Hans/ui.csv
ui_keys:Key_iOSNotifications,ui_keys,,5ef89b1a707e,Key_iOSNotifications,iOS 通知,draft,,loc/zh-Hans/ui.csv
ui_runtime:00eef1165496:181,ui_runtime,,00eef1165496,"Whenever you acquire or defeat an Enlightened card in the center row, Rally: Enlightened.","每当你 获取或 击败启迪卡牌在中央牌列, 集结: 启迪.",draft,,loc/zh-Hans/ui_runtime.csv
ui_runtime:00f03137e155:57,ui_runtime,,00f03137e155,Easy,简单,draft,,loc/zh-Hans/ui_runtime.csv
ui_runtime:01e896cc978f:54,ui_runtime,,01e896cc978f,Honor,荣誉,draft,,loc/zh-Hans/ui_runtime.csv
ui_runtime:02754116fbb6:190,ui_runtime,,02754116fbb6,"Whenever you acquire or defeat a Mechana card in the center row, Rally: Mechana.","每当你 获取或 击败机械卡牌在中央牌列, 集结: 机械.",draft,,loc/zh-Hans/ui_runtime.csv
ui_runtime:030737c33ca7:116,ui_runtime,,030737c33ca7,Open/Close Deck List,打开/关闭牌库列表,draft,,loc/zh-Hans/ui_runtime.csv
ui_runtime:043dd12cce25:115,ui_runtime,,043dd12cce25,Open/Close Discard Pile,打开/关闭弃牌堆,draft,,loc/zh-Hans/ui_runtime.csv
ui_runtime:05a76233afc1:179,ui_runtime,,05a76233afc1,Nairi,奈莉,draft,,loc/zh-Hans/ui_runtime.csv
ui_runtime:05eca7cb2626:156,ui_runtime,,05eca7cb2626,Vault of the Ancients,上古宝库,draft,,loc/zh-Hans/ui_runtime.csv
ui_runtime:0851c178900b:223,ui_runtime,,0851c178900b,<color=#d8a6ffff>Event - Void,<color=#d8a6ffff>事件 - 虚空,draft,,loc/zh-Hans/ui_runtime.csv
ui_runtime:091b503f49a1:213,ui_runtime,,091b503f49a1,<size=104>A</size>rha Templar,<size=104></size>rha圣殿武士,draft,,loc/zh-Hans/ui_runtime.csv
ui_runtime:0ac035ec5d1f:229,ui_runtime,,0ac035ec5d1f,Dream Vision,梦境异象,draft,,loc/zh-Hans/ui_runtime.csv
ui_runtime:0ad70d18b5e1:82,ui_runtime,,0ad70d18b5e1,GotE,元素馈赠,draft,,loc/zh-Hans/ui_runtime.csv
ui_runtime:0b9dcec0eca7:195,ui_runtime,,0b9dcec0eca7,Draw Deck,抽牌堆,draft,,loc/zh-Hans/ui_runtime.csv
ui_runtime:0c8870c49901:204,ui_runtime,,0c8870c49901,EFFECT\nWhat the card does when played or in play.,EFFECT\nWhat卡牌does当打出过或 在打出.,draft,,loc/zh-Hans/ui_runtime.csv
ui_runtime:0c9f4ecded64:189,ui_runtime,,0c9f4ecded64,Mechana Champion,机械冠军,draft,,loc/zh-Hans/ui_runtime.csv
ui_runtime:0ec9341b15d2:138,ui_runtime,,0ec9341b15d2,No Games Available,暂无可用对局,draft,,loc/zh-Hans/ui_runtime.csv
ui_runtime:0f7fef5c81b2:157,ui_runtime,,0f7fef5c81b2,For any questions or issues please contact us at support@playdekgames.com.,如有任何问题，请联系 support@playdekgames.com。,draft,,loc/zh-Hans/ui_runtime.csv
ui_runtime:10e7de9dc56b:168,ui_runtime,,10e7de9dc56b,Current Highest Bid:,当前最高出价：,draft,,loc/zh-Hans/ui_runtime.csv
ui_runtime:126c4ac94c79:177,ui_runtime,,126c4ac94c79,"Whenever you acquire or defeat a Lifebound card in the center row, Rally: Lifebound.","每当你 获取或 击败生命卡牌在中央牌列, 集结: 生命.",draft,,loc/zh-Hans/ui_runtime.csv
ui_runtime:129bcdb9bbdb:77,ui_runtime,,129bcdb9bbdb,DU,黑暗释放,draft,,loc/zh-Hans/ui_runtime.csv
ui_runtime:12d757722c99:185,ui_runtime,,12d757722c99,Void Champion,虚空冠军,draft,,loc/zh-Hans/ui_runtime.csv
ui_runtime:131260cbfbb0:29,ui_runtime,,131260cbfbb0,Music,音乐,draft,,loc/zh-Hans/ui_runtime.csv
ui_runtime:132baef7d57a:199,ui_runtime,,132baef7d57a,COST\nThe amount of Power you must spend to acquire this card.,COST\n amount的战力你 须花费以获取此牌.,draft,,loc/zh-Hans/ui_runtime.csv
ui_runtime:137234039828:41,ui_runtime,,137234039828,Reward: Gain 1H.,奖励：获得1荣誉。,draft,,loc/zh-Hans/ui_runtime.csv
ui_runtime:1467e32373e3:42,ui_runtime,,1467e32373e3,Reward: 1 Honor,奖励：1荣誉,draft,,loc/zh-Hans/ui_runtime.csv
ui_runtime:1520ec5ff4d7:163,ui_runtime,,1520ec5ff4d7,Please play a card or end your turn,请打出一张牌或结束回合,draft,,loc/zh-Hans/ui_runtime.csv
ui_runtime:15db79eb7358:193,ui_runtime,,15db79eb7358,28 Days,28 往日,draft,,loc/zh-Hans/ui_runtime.csv
ui_runtime:15e066edbc50:112,ui_runtime,,15e066edbc50,Play All Cards From Hand,打出全部手牌,draft,,loc/zh-Hans/ui_runtime.csv
ui_runtime:17f5d4f0fb0d:27,ui_runtime,,17f5d4f0fb0d,Hero,英雄,draft,,loc/zh-Hans/ui_runtime.csv
ui_runtime:1838675e8315:188,ui_runtime,,1838675e8315,Sadranis,萨德拉尼斯,draft,,loc/zh-Hans/ui_runtime.csv
ui_runtime:1c6bf1b8d203:111,ui_runtime,,1c6bf1b8d203,Unmagnify Card & Close Card Trays,缩小并关闭卡列表,draft,,loc/zh-Hans/ui_runtime.csv
ui_runtime:1c93e1a07dbe:191,ui_runtime,,1c93e1a07dbe,"Acquire Kor, the Ironmind.","获取科尔, 铁心.",draft,,loc/zh-Hans/ui_runtime.csv
ui_runtime:1cc08d3f7f27:197,ui_runtime,,1cc08d3f7f27,Power Card Deck,战力牌堆,draft,,loc/zh-Hans/ui_runtime.csv
ui_runtime:1d4d47291691:25,ui_runtime,,1d4d47291691,Void Construct,虚空神器,draft,,loc/zh-Hans/ui_runtime.csv
ui_runtime:1e26f4b0071c:146,ui_runtime,,1e26f4b0071c,Press the avatar to invite Friends from your Friends List,Press avatar以invite Friends从你的Friends List,draft,,loc/zh-Hans/ui_runtime.csv
ui_runtime:1fe9f4ebd8cc:72,ui_runtime,,1fe9f4ebd8cc,10th,十周年,draft,,loc/zh-Hans/ui_runtime.csv
ui_runtime:207c7c00630b:47,ui_runtime,,207c7c00630b,Void,虚空,draft,,loc/zh-Hans/ui_runtime.csv
ui_runtime:208e89ea54c3:46,ui_runtime,,208e89ea54c3,Mechana,机械,draft,,loc/zh-Hans/ui_runtime.csv
ui_runtime:20a89915f18c:59,ui_runtime,,20a89915f18c,Hard,困难,draft,,loc/zh-Hans/ui_runtime.csv
ui_runtime:20ef301f9bf7:105,ui_runtime,,20ef301f9bf7,Create Game,创建对局,draft,,loc/zh-Hans/ui_runtime.csv
ui_runtime:233c8fd9afe2:139,ui_runtime,,233c8fd9afe2,No Cards\nAvailable,暂无卡牌,draft,,loc/zh-Hans/ui_runtime.csv
ui_runtime:24b85f7fdb3e:131,ui_runtime,,24b85f7fdb3e,"<color=#fdc60eff>Fate:</color> When this enters the center row, each player may draw a card.","<color=#fdc60eff>天命：</color> 当此牌进入中央牌列时, 每位玩家可以抽一张牌.",draft,,loc/zh-Hans/ui_runtime.csv
ui_runtime:24c53341b763:200,ui_runtime,,24c53341b763,REWARD\nWhat this monster does when defeated.,REWARD\nWhat此怪物does当被击败.,draft,,loc/zh-Hans/ui_runtime.csv
ui_runtime:24c839f37977:216,ui_runtime,,24c839f37977,Defeating Monsters:,击败怪物：,draft,,loc/zh-Hans/ui_runtime.csv
ui_runtime:250b4e1d91f7:154,ui_runtime,,250b4e1d91f7,Purchase all for 99.99.99,全部购买 99.99,draft,,loc/zh-Hans/ui_runtime.csv
ui_runtime:256ec00669e8:11,ui_runtime,,256ec00669e8,Player 1,玩家 1,draft,,loc/zh-Hans/ui_runtime.csv
ui_runtime:2574c3f2dfa4:63,ui_runtime,,2574c3f2dfa4,Enlightened Monster,圣贤怪物,draft,,loc/zh-Hans/ui_runtime.csv
ui_runtime:25bc96295797:92,ui_runtime,,25bc96295797,Analytics,分析,draft,,loc/zh-Hans/ui_runtime.csv
ui_runtime:25e0cbbc56db:123,ui_runtime,,25e0cbbc56db,RightArrow,→ 方向键右,draft,,loc/zh-Hans/ui_runtime.csv
ui_runtime:268f461ee02d:208,ui_runtime,,268f461ee02d,This is the flavor part.,此为flavor part.,draft,,loc/zh-Hans/ui_runtime.csv
ui_runtime:292b79d34973:215,ui_runtime,,292b79d34973,"<margin-right=8em>To defeat a Monster, you must have enough Power.  You may defeat any number of Monsters as long as you have enough Power.  Cards that are eligible to be defeated will glow red. \n\n\n\n","<margin-right=8em>以击败一个怪物, 你须拥有enough战力. 你可以击败任意数量的 怪物作为long作为你 拥有enough战力. 卡牌该 为eligible以是 被击败将glow red.",draft,,loc/zh-Hans/ui_runtime.csv
ui_runtime:2933a83f666e:14,ui_runtime,,2933a83f666e,Player 4,玩家 4,draft,,loc/zh-Hans/ui_runtime.csv
ui_runtime:2a24859b9d46:66,ui_runtime,,2a24859b9d46,Void Monster,虚空怪物,draft,,loc/zh-Hans/ui_runtime.csv
ui_runtime:2a7af5a0749f:211,ui_runtime,,2a7af5a0749f,Constructs,神器s,draft,,loc/zh-Hans/ui_runtime.csv
ui_runtime:2abf8899df2a:153,ui_runtime,,2abf8899df2a,If you previously had a Playdek account or use one for our other games you may login with that account email and password.,若你previously曾有Playdek account或use一以 我们的其他games你可以login以该account email和password.,draft,,loc/zh-Hans/ui_runtime.csv
ui_runtime:2bb22b1a1b8e:88,ui_runtime,,2bb22b1a1b8e,Animation Speed,动画速度,draft,,loc/zh-Hans/ui_runtime.csv
ui_runtime:2bdeb6247903:33,ui_runtime,,2bdeb6247903,Play All,全部打出,draft,,loc/zh-Hans/ui_runtime.csv
ui_runtime:2e013b225222:44,ui_runtime,,2e013b225222,Enlightened,圣贤,draft,,loc/zh-Hans/ui_runtime.csv
ui_runtime:2e02623966f9:37,ui_runtime,,2e02623966f9,Continue,继续,draft,,loc/zh-Hans/ui_runtime.csv
ui_runtime:2ee0d2dca289:80,ui_runtime,,2ee0d2dca289,DS,梦境,draft,,loc/zh-Hans/ui_runtime.csv
ui_runtime:2fd9770e0ae5:79,ui_runtime,,2fd9770e0ae5,DoC,冠军黎明,draft,,loc/zh-Hans/ui_runtime.csv
ui_runtime:3053ef4879d9:183,ui_runtime,,3053ef4879d9,Dhartha,达萨,draft,,loc/zh-Hans/ui_runtime.csv
ui_runtime:30c54a96f801:104,ui_runtime,,30c54a96f801,Collection,收藏,draft,,loc/zh-Hans/ui_runtime.csv
ui_runtime:311eb5be478f:169,ui_runtime,,311eb5be478f,Void Legend,虚空传奇,draft,,loc/zh-Hans/ui_runtime.csv
ui_runtime:33dcec9ce454:90,ui_runtime,,33dcec9ce454,Slow,慢,draft,,loc/zh-Hans/ui_runtime.csv
ui_runtime:3467252cdd25:24,ui_runtime,,3467252cdd25,Void Hero,虚空英雄,draft,,loc/zh-Hans/ui_runtime.csv
ui_runtime:359a35447abe:144,ui_runtime,,359a35447abe,Current Games,当前对局,draft,,loc/zh-Hans/ui_runtime.csv
ui_runtime:375f9482a3a2:186,ui_runtime,,375f9482a3a2,"Whenever you acquire or defeat a Void card in the center row, Rally: Void.","每当你 获取或 击败虚空卡牌在中央牌列, 集结: 虚空.",draft,,loc/zh-Hans/ui_runtime.csv
ui_runtime:381968b61d71:228,ui_runtime,,381968b61d71,Enlightened Dream Vision,圣贤梦境异象,draft,,loc/zh-Hans/ui_runtime.csv
ui_runtime:389dfdb69345:32,ui_runtime,,389dfdb69345,PLAY ALL,全部打出,draft,,loc/zh-Hans/ui_runtime.csv
ui_runtime:3bbe67610df0:118,ui_runtime,,3bbe67610df0,Open/Close Dreamborn List,打开/关闭梦生列表,draft,,loc/zh-Hans/ui_runtime.csv
ui_runtime:3d2bbd12f64e:210,ui_runtime,,3d2bbd12f64e,<size=104>R</size>ocket Courier X-99,<size=104>R</size>ocket信使X-99,draft,,loc/zh-Hans/ui_runtime.csv
ui_runtime:3ed2f7e3b4d2:214,ui_runtime,,3ed2f7e3b4d2,Game End:,终局：,draft,,loc/zh-Hans/ui_runtime.csv
ui_runtime:3eef4a8db313:207,ui_runtime,,3eef4a8db313,FACTION\nThere are 4 different factions:\n<color=#4cbbeb>Enlightened\n<color=#7fc241>Lifebound\n<color=#b6b6b6>Mechana\n<color=#bb8bbe>Void\n,FACTION\nThere为 4 different派系:\n<color=#4cbbeb>启迪\n<color=#7fc241>生命\n<color=#b6b6b6>机械\n<color=#bb8bbe>虚空,draft,,loc/zh-Hans/ui_runtime.csv
ui_runtime:3f8770111fc7:217,ui_runtime,,3f8770111fc7,Acquiring Heroes and Constructs:,获取英雄与神器：,draft,,loc/zh-Hans/ui_runtime.csv
ui_runtime:4094ecbe8dc3:53,ui_runtime,,4094ecbe8dc3,Key Bindings,按键绑定,draft,,loc/zh-Hans/ui_runtime.csv
ui_runtime:41d48b1a37d1:160,ui_runtime,,41d48b1a37d1,PlayerName Name,名称,draft,,loc/zh-Hans/ui_runtime.csv
ui_runtime:42b1b3411452:155,ui_runtime,,42b1b3411452,No Account at All,完全没有账号,draft,,loc/zh-Hans/ui_runtime.csv
ui_runtime:43aa6598d70c:107,ui_runtime,,43aa6598d70c,Magnify Card,放大卡牌,draft,,loc/zh-Hans/ui_runtime.csv
ui_runtime:454e90ed3ae8:122,ui_runtime,,454e90ed3ae8,LeftArrow,← 方向键左,draft,,loc/zh-Hans/ui_runtime.csv
ui_runtime:45e118d0563e:58,ui_runtime,,45e118d0563e,Normal,普通,draft,,loc/zh-Hans/ui_runtime.csv
ui_runtime:46ac9fd933d2:120,ui_runtime,,46ac9fd933d2,L Mouse,鼠标左键,draft,,loc/zh-Hans/ui_runtime.csv
ui_runtime:46bc677f3e07:162,ui_runtime,,46bc677f3e07,Are you sure you want to acquire that to the discard pile?,确定要将其获取到弃牌堆吗？,draft,,loc/zh-Hans/ui_runtime.csv
ui_runtime:47f84dc57c3f:40,ui_runtime,,47f84dc57c3f,"Loading Cards, please wait...",正在加载卡牌，请稍候…,draft,,loc/zh-Hans/ui_runtime.csv
ui_runtime:48da25a986b6:100,ui_runtime,,48da25a986b6,Windowed Mode,窗口模式,draft,,loc/zh-Hans/ui_runtime.csv
ui_runtime:48e0d5eb323f:184,ui_runtime,,48e0d5eb323f,"A remnant of something long since forgotten, their appearance in Vigil is shrouded in mystery.","remnant的something long since forgotten, 其appearance在祈夜为shrouded在mystery.",draft,,loc/zh-Hans/ui_runtime.csv
ui_runtime:49feecce2489:212,ui_runtime,,49feecce2489,Sharpen the mind and the sword will follow.,Sharpen心智和sword将跟随.,draft,,loc/zh-Hans/ui_runtime.csv
ui_runtime:4c127d9b6430:231,ui_runtime,,4c127d9b6430,Mechana Dream Hero,机械梦 英雄,draft,,loc/zh-Hans/ui_runtime.csv
ui_runtime:4d7c556c7adf:194,ui_runtime,,4d7c556c7adf,honor points,荣誉点数,draft,,loc/zh-Hans/ui_runtime.csv
ui_runtime:4dd599d1b4d2:221,ui_runtime,,4dd599d1b4d2,Fanatic:,狂信者:,draft,,loc/zh-Hans/ui_runtime.csv
ui_runtime:4ede669e08e1:161,ui_runtime,,4ede669e08e1,Are you sure you want to spend 5 Insight to roll the Delirium Die?,确定要花费 5 点洞察来投掷骰子吗？,draft,,loc/zh-Hans/ui_runtime.csv
ui_runtime:516aae52959d:97,ui_runtime,,516aae52959d,Resolution,分辨率,draft,,loc/zh-Hans/ui_runtime.csv
ui_runtime:51912a954d00:132,ui_runtime,,51912a954d00,<size=104>A</size>skara of Fate,天命阿斯卡拉,draft,,loc/zh-Hans/ui_runtime.csv
ui_runtime:5339b4f66627:109,ui_runtime,,5339b4f66627,Scroll Magnified Card Right,放大卡右翻,draft,,loc/zh-Hans/ui_runtime.csv
ui_runtime:5438ee6aba52:20,ui_runtime,,5438ee6aba52,Lifebound Hero,命约英雄,draft,,loc/zh-Hans/ui_runtime.csv
ui_runtime:55f48a6b453b:196,ui_runtime,,55f48a6b453b,Honor Points,荣誉点数,draft,,loc/zh-Hans/ui_runtime.csv
ui_runtime:56f1499bbe33:172,ui_runtime,,56f1499bbe33,Enlightened Legend,启迪传奇,draft,,loc/zh-Hans/ui_runtime.csv
ui_runtime:57c58b78b04d:94,ui_runtime,,57c58b78b04d,Gameplay Analytics,游戏分析,draft,,loc/zh-Hans/ui_runtime.csv
ui_runtime:57f5f5efbc59:2,ui_runtime,,57f5f5efbc59,Menu,菜单,draft,,loc/zh-Hans/ui_runtime.csv
ui_runtime:5a2e9a5faef2:137,ui_runtime,,5a2e9a5faef2,In Progress:,进行中：,draft,,loc/zh-Hans/ui_runtime.csv
ui_runtime:5b816852f468:85,ui_runtime,,5b816852f468,DLRM,谵妄,draft,,loc/zh-Hans/ui_runtime.csv
ui_runtime:5eddb4342bc7:10,ui_runtime,,5eddb4342bc7,Play Your Turn,请出牌,draft,,loc/zh-Hans/ui_runtime.csv
ui_runtime:5fbdf0979460:126,ui_runtime,,5fbdf0979460,Share your gameplay analytics with Playdek to help improve Ascension? This can be changed anytime in the Options Menu.,向 Playdek 分享你的游戏分析数据以帮助改进《创升纪元》？此选项可随时在选项菜单中修改。,draft,,loc/zh-Hans/ui_runtime.csv
ui_runtime:60575a6ebba9:61,ui_runtime,,60575a6ebba9,Beginner,入门,draft,,loc/zh-Hans/ui_runtime.csv
ui_runtime:61f3661430d9:93,ui_runtime,,61f3661430d9,Share Analytics,分享分析数据,draft,,loc/zh-Hans/ui_runtime.csv
ui_runtime:667fe2c2c4c7:165,ui_runtime,,667fe2c2c4c7,Needed to defeat:,击败所需：,draft,,loc/zh-Hans/ui_runtime.csv
ui_runtime:6756bd3e1a44:55,ui_runtime,,6756bd3e1a44,Runes,符文,draft,,loc/zh-Hans/ui_runtime.csv
ui_runtime:67b142a116b6:143,ui_runtime,,67b142a116b6,You can invite a friend\nby pressing their name.,点击好友名字即可邀请。,draft,,loc/zh-Hans/ui_runtime.csv
ui_runtime:6bf5da9c080b:68,ui_runtime,,6bf5da9c080b,Options,选项,draft,,loc/zh-Hans/ui_runtime.csv
ui_runtime:6d8c9b124d52:125,ui_runtime,,6d8c9b124d52,Space,空格键,draft,,loc/zh-Hans/ui_runtime.csv
ui_runtime:6e5aeae2c1b3:178,ui_runtime,,6e5aeae2c1b3,"Acquire Nairi, Wild Queen.","获取奈莉, 荒野女王.",draft,,loc/zh-Hans/ui_runtime.csv
ui_runtime:709fe4701ac9:175,ui_runtime,,709fe4701ac9,A player may have no more than one Fanatic Trophy in play at a time.,玩家可以拥有没有超过一 狂信者战利品在 打出在 次.,draft,,loc/zh-Hans/ui_runtime.csv
ui_runtime:70cfcda64a97:128,ui_runtime,,70cfcda64a97,"If you have never created a Playdek account, please click on the ""Create Account"" button and follow the process to create a new online account.",若你从未创建过 Playdek 账号，请点击「创建账号」按钮，并按流程注册新的在线账号。,draft,,loc/zh-Hans/ui_runtime.csv
ui_runtime:716ce85e3910:76,ui_runtime,,716ce85e3910,RoV,祈夜崛起,draft,,loc/zh-Hans/ui_runtime.csv
ui_runtime:72d5cb756256:170,ui_runtime,,72d5cb756256,Mechana Legend,机械传奇,draft,,loc/zh-Hans/ui_runtime.csv
ui_runtime:7548ab52c3d1:56,ui_runtime,,7548ab52c3d1,Power,战力,draft,,loc/zh-Hans/ui_runtime.csv
ui_runtime:765759c52c9e:192,ui_runtime,,765759c52c9e,Heroes,英雄,draft,,loc/zh-Hans/ui_runtime.csv
ui_runtime:767b06071c24:151,ui_runtime,,767b06071c24,Purchase both <b>Delirium</b> and <b>Deliverance</b> expansions together for a greater value!\n\n,捆绑购买 <b>谵妄</b> 与 <b>救赎</b> 扩展更超值！,draft,,loc/zh-Hans/ui_runtime.csv
ui_runtime:773be9c4b610:219,ui_runtime,,773be9c4b610,Destroy:,摧毁:,draft,,loc/zh-Hans/ui_runtime.csv
ui_runtime:785c98f53c6b:9,ui_runtime,,785c98f53c6b,End Turn,结束回合,draft,,loc/zh-Hans/ui_runtime.csv
ui_runtime:7949a781fd22:171,ui_runtime,,7949a781fd22,Lifebound Legend,生命传奇,draft,,loc/zh-Hans/ui_runtime.csv
ui_runtime:7b0510ea38ad:62,ui_runtime,,7b0510ea38ad,Honor Pool,荣誉池,draft,,loc/zh-Hans/ui_runtime.csv
ui_runtime:7c66f35749d4:64,ui_runtime,,7c66f35749d4,Lifebound Monster,命约怪物,draft,,loc/zh-Hans/ui_runtime.csv
ui_runtime:7ceba5a71f2d:21,ui_runtime,,7ceba5a71f2d,Lifebound Construct,命约神器,draft,,loc/zh-Hans/ui_runtime.csv
ui_runtime:7d22ecce0385:99,ui_runtime,,7d22ecce0385,Windowed,窗口,draft,,loc/zh-Hans/ui_runtime.csv
ui_runtime:7de90a65241a:38,ui_runtime,,7de90a65241a,Common,普通,draft,,loc/zh-Hans/ui_runtime.csv
ui_runtime:7e7f9c3bcb96:73,ui_runtime,,7e7f9c3bcb96,RotF,邪神归来,draft,,loc/zh-Hans/ui_runtime.csv
ui_runtime:7ff7718d0663:230,ui_runtime,,7ff7718d0663,Dream Construct,梦神器,draft,,loc/zh-Hans/ui_runtime.csv
ui_runtime:80b173e5609e:75,ui_runtime,,80b173e5609e,IH,不朽英雄,draft,,loc/zh-Hans/ui_runtime.csv
ui_runtime:83d1fa363008:134,ui_runtime,,83d1fa363008,PlayerName Player Name,玩家名,draft,,loc/zh-Hans/ui_runtime.csv
ui_runtime:84d5c83d26e0:158,ui_runtime,,84d5c83d26e0,All opponents have forfeited!\nClaim victory & end the game?,所有对手均已弃权！\n是否宣布胜利并结束对局？,draft,,loc/zh-Hans/ui_runtime.csv
ui_runtime:8690d892c995:141,ui_runtime,,8690d892c995,All Games,全部对局,draft,,loc/zh-Hans/ui_runtime.csv
ui_runtime:89ad9ca8c9ea:148,ui_runtime,,89ad9ca8c9ea,"Loading rulebook,\nplease wait...",正在加载规则书，\n请稍候…,draft,,loc/zh-Hans/ui_runtime.csv
ui_runtime:8adbd5324d92:83,ui_runtime,,8adbd5324d92,VotA,上古山谷,draft,,loc/zh-Hans/ui_runtime.csv
ui_runtime:8bf95ea37256:49,ui_runtime,,8bf95ea37256,Log,记录,draft,,loc/zh-Hans/ui_runtime.csv
ui_runtime:8c5b9f5714ba:220,ui_runtime,,8c5b9f5714ba,<color=#951719FF><B>Trophy:</B></color> You may banish this to gain the current Trophy Effect.,<color=#951719FF><B>战利品:</B></color> 你可以放逐此牌以 获得当前战利品效果.,draft,,loc/zh-Hans/ui_runtime.csv
ui_runtime:8db6a2f1d3b7:89,ui_runtime,,8db6a2f1d3b7,Fast,快,draft,,loc/zh-Hans/ui_runtime.csv
ui_runtime:8e0c9279dad6:198,ui_runtime,,8e0c9279dad6,Rune Card Deck,符文牌堆,draft,,loc/zh-Hans/ui_runtime.csv
ui_runtime:8f43518c4d3a:117,ui_runtime,,8f43518c4d3a,Open/Close Void List,打开/关闭虚空列表,draft,,loc/zh-Hans/ui_runtime.csv
ui_runtime:912fe19d45a5:182,ui_runtime,,912fe19d45a5,"Acquire Dhartha, Master of Sight.","获取达萨, 大师的 视界.",draft,,loc/zh-Hans/ui_runtime.csv
ui_runtime:93bc3429ff69:87,ui_runtime,,93bc3429ff69,Game Speed,游戏速度,draft,,loc/zh-Hans/ui_runtime.csv
ui_runtime:94b160814006:48,ui_runtime,,94b160814006,LOG,记录,draft,,loc/zh-Hans/ui_runtime.csv
ui_runtime:966fc097db2c:43,ui_runtime,,966fc097db2c,The Cultist does not go to the void when defeated. You can defeat the Cultist any number of times each turn.,邪教徒被击败后不会进入虚空区。每回合可以任意次数击败邪教徒。,draft,,loc/zh-Hans/ui_runtime.csv
ui_runtime:97738411d629:136,ui_runtime,,97738411d629,Terms of Use,使用条款,draft,,loc/zh-Hans/ui_runtime.csv
ui_runtime:9c018170b60d:30,ui_runtime,,9c018170b60d,Sound Effects,音效,draft,,loc/zh-Hans/ui_runtime.csv
ui_runtime:9c30a3485a58:103,ui_runtime,,9c30a3485a58,Gallery,图鉴,draft,,loc/zh-Hans/ui_runtime.csv
ui_runtime:9f040c292d8f:114,ui_runtime,,9f040c292d8f,Open/Close Construct Tray,打开/关闭神器栏,draft,,loc/zh-Hans/ui_runtime.csv
ui_runtime:9f49127025fb:51,ui_runtime,,9f49127025fb,Version:,版本：,draft,,loc/zh-Hans/ui_runtime.csv
ui_runtime:9fac28b6a40f:36,ui_runtime,,9fac28b6a40f,Offline Games,离线对局,draft,,loc/zh-Hans/ui_runtime.csv
ui_runtime:a0d6c751786a:106,ui_runtime,,a0d6c751786a,Play Card,出牌,draft,,loc/zh-Hans/ui_runtime.csv
ui_runtime:a31699e83a10:65,ui_runtime,,a31699e83a10,Mechana Monster,机械怪物,draft,,loc/zh-Hans/ui_runtime.csv
ui_runtime:a3eceec4756c:78,ui_runtime,,a3eceec4756c,RU,领域解开,draft,,loc/zh-Hans/ui_runtime.csv
ui_runtime:a5a931e856b5:147,ui_runtime,,a5a931e856b5,Waiting on Player,等待玩家,draft,,loc/zh-Hans/ui_runtime.csv
ui_runtime:a6634f24b2db:101,ui_runtime,,a6634f24b2db,Achievements,成就,draft,,loc/zh-Hans/ui_runtime.csv
ui_runtime:a6a4bd764be0:84,ui_runtime,,a6a4bd764be0,DLV,救赎,draft,,loc/zh-Hans/ui_runtime.csv
ui_runtime:a797e30923ac:69,ui_runtime,,a797e30923ac,Theme,主题,draft,,loc/zh-Hans/ui_runtime.csv
ui_runtime:a7f088872e75:8,ui_runtime,,a7f088872e75,END TURN,结束回合,draft,,loc/zh-Hans/ui_runtime.csv
ui_runtime:a8a72a5336bb:224,ui_runtime,,a8a72a5336bb,Void Rising,虚空崛起,draft,,loc/zh-Hans/ui_runtime.csv
ui_runtime:a8e1544d5db1:203,ui_runtime,,a8e1544d5db1,FLAVOR TEXT\nFlavor text has no game effect.,FLAVOR TEXT\nFlavor text具有没有游戏效果.,draft,,loc/zh-Hans/ui_runtime.csv
ui_runtime:aa18160c034f:19,ui_runtime,,aa18160c034f,Enlightened Construct,圣贤神器,draft,,loc/zh-Hans/ui_runtime.csv
ui_runtime:aa621186f56b:225,ui_runtime,,aa621186f56b,Event Cards:,事件卡牌:,draft,,loc/zh-Hans/ui_runtime.csv
ui_runtime:acf09bc44b50:130,ui_runtime,,acf09bc44b50,Draw two cards. Each other player may draw a card.  Then you may banish a card in the center row.,抽两张牌. 每位其他玩家可以抽一张牌. 然后你可以放逐一张卡牌在中央牌列.,draft,,loc/zh-Hans/ui_runtime.csv
ui_runtime:ade52e5da2b4:173,ui_runtime,,ade52e5da2b4,Death is eternal.,死亡为eternal.,draft,,loc/zh-Hans/ui_runtime.csv
ui_runtime:ae7eab95faf2:102,ui_runtime,,ae7eab95faf2,Card Gallery,卡牌图鉴,draft,,loc/zh-Hans/ui_runtime.csv
ui_runtime:aff2602bdebb:159,ui_runtime,,aff2602bdebb,Defeat as Construct,击败作为神器,draft,,loc/zh-Hans/ui_runtime.csv
ui_runtime:b40ffd890f5d:74,ui_runtime,,b40ffd890f5d,SoS,灵魂风暴,draft,,loc/zh-Hans/ui_runtime.csv
ui_runtime:b4cfe1f435f0:124,ui_runtime,,b4cfe1f435f0,Escape,Esc 键,draft,,loc/zh-Hans/ui_runtime.csv
ui_runtime:b52b36b7269f:35,ui_runtime,,b52b36b7269f,Back,返回,draft,,loc/zh-Hans/ui_runtime.csv
ui_runtime:b74a4b9e17dc:129,ui_runtime,,b74a4b9e17dc,"Loading rulebook,\nplease wait。.",正在加载规则书，\n请稍候…,draft,,loc/zh-Hans/ui_runtime.csv
ui_runtime:bb08d10b00a6:98,ui_runtime,,bb08d10b00a6,Fullscreen,全屏,draft,,loc/zh-Hans/ui_runtime.csv
ui_runtime:bbcd94ef5950:150,ui_runtime,,bbcd94ef5950,See Cards,See卡牌,draft,,loc/zh-Hans/ui_runtime.csv
ui_runtime:c01cb01d43d9:227,ui_runtime,,c01cb01d43d9,Void Dream Vision,虚空梦境异象,draft,,loc/zh-Hans/ui_runtime.csv
ui_runtime:c146bfb8ad64:67,ui_runtime,,c146bfb8ad64,Common Monster,普通怪物,draft,,loc/zh-Hans/ui_runtime.csv
ui_runtime:c25c1d3dfc01:18,ui_runtime,,c25c1d3dfc01,Enlightened Hero,圣贤英雄,draft,,loc/zh-Hans/ui_runtime.csv
ui_runtime:c3e073423922:4,ui_runtime,,c3e073423922,App Store,商店,draft,,loc/zh-Hans/ui_runtime.csv
ui_runtime:c3e839df6084:1,ui_runtime,,c3e839df6084,Online,在线,draft,,loc/zh-Hans/ui_runtime.csv
ui_runtime:c411a7e0e207:81,ui_runtime,,c411a7e0e207,WoS,暗影之战,draft,,loc/zh-Hans/ui_runtime.csv
ui_runtime:c5eb5f9e2cee:12,ui_runtime,,c5eb5f9e2cee,Player 2,玩家 2,draft,,loc/zh-Hans/ui_runtime.csv
ui_runtime:c6075b51ed13:174,ui_runtime,,c6075b51ed13,Life finds a way.,生命finds方式.,draft,,loc/zh-Hans/ui_runtime.csv
ui_runtime:c7f73bb54d92:52,ui_runtime,,c7f73bb54d92,Settings,设置,draft,,loc/zh-Hans/ui_runtime.csv
ui_runtime:c980634fa827:71,ui_runtime,,c980634fa827,CotG,弑神编,draft,,loc/zh-Hans/ui_runtime.csv
ui_runtime:ca1c6169ebc9:15,ui_runtime,,ca1c6169ebc9,Stone Blade Newsletter Sign-Up,订阅 Stone Blade 通讯,draft,,loc/zh-Hans/ui_runtime.csv
ui_runtime:cacbd4fd30e4:31,ui_runtime,,cacbd4fd30e4,Cultist Screams,邪教徒惨叫,draft,,loc/zh-Hans/ui_runtime.csv
ui_runtime:cbbbd16d05ca:205,ui_runtime,,cbbbd16d05ca,COST\nThe number of Runes you must spend to acquire this card.,COST\n 数量的 符文你 须花费以获取此牌.,draft,,loc/zh-Hans/ui_runtime.csv
ui_runtime:cf3611a1f1c2:152,ui_runtime,,cf3611a1f1c2,"You already own one or more items contained in this bundle.\nIndividual items can be purchased from the ""Purchase Separately"" menu.\nAre you sure you wish to purchase the bundle?",你已拥有本合集中的一件或多件内容。\n单件商品可在「单独购买」中购买。,draft,,loc/zh-Hans/ui_runtime.csv
ui_runtime:d03246ab5954:180,ui_runtime,,d03246ab5954,Enlightened Champion,启迪冠军,draft,,loc/zh-Hans/ui_runtime.csv
ui_runtime:d1901a957e29:86,ui_runtime,,d1901a957e29,LGS,史诗传奇,draft,,loc/zh-Hans/ui_runtime.csv
ui_runtime:d341fbf6ea72:135,ui_runtime,,d341fbf6ea72,Info blocky of Info\nInfo block of Info\nInfo block of Info block of Info\nInfo block of Info\nInfo block of Info\nInfo block of Info,信息,draft,,loc/zh-Hans/ui_runtime.csv
ui_runtime:d3f459fdc30d:167,ui_runtime,,d3f459fdc30d,Your Bid:,你的Bid:,draft,,loc/zh-Hans/ui_runtime.csv
ui_runtime:d404968ea90b:91,ui_runtime,,d404968ea90b,Medium,中,draft,,loc/zh-Hans/ui_runtime.csv
ui_runtime:d6c6bf3e5072:127,ui_runtime,,d6c6bf3e5072,Share your gameplay analytics with Playdek to help improve Ascension? This can be changed anytime in the Options Menu,向 Playdek 分享你的游戏分析数据以帮助改进《创升纪元》？此选项可随时在选项菜单中修改,draft,,loc/zh-Hans/ui_runtime.csv
ui_runtime:d70a8d5c63a8:166,ui_runtime,,d70a8d5c63a8,Press to continue,点击继续,draft,,loc/zh-Hans/ui_runtime.csv
ui_runtime:d728f9d30a56:176,ui_runtime,,d728f9d30a56,Lifebound Champion,生命冠军,draft,,loc/zh-Hans/ui_runtime.csv
ui_runtime:d795f052fa60:133,ui_runtime,,d795f052fa60,Fate Cards:,天命卡牌:,draft,,loc/zh-Hans/ui_runtime.csv
ui_runtime:d7a501f83242:60,ui_runtime,,d7a501f83242,Expert,专家,draft,,loc/zh-Hans/ui_runtime.csv
ui_runtime:d858f9812233:113,ui_runtime,,d858f9812233,End Your Turn,结束回合,draft,,loc/zh-Hans/ui_runtime.csv
ui_runtime:d8b8bf18242a:149,ui_runtime,,d8b8bf18242a,Purchase all the Ascension bundles for one low price!<br><br>Includes Bundle #1 through Bundle #5.  \n\nThat's 630 <b>unique</b> new cards to play with.,Purchase所有Ascension bundles以一low price!<br><br>Includes Bundle #1 穿过Bundle #5. \n\n该之 630 <b>unique</b> 新卡牌以 打出以.,draft,,loc/zh-Hans/ui_runtime.csv
ui_runtime:d8cfa52acf19:140,ui_runtime,,d8cfa52acf19,14+ Days,14+ 往日,draft,,loc/zh-Hans/ui_runtime.csv
ui_runtime:db5e6104354a:45,ui_runtime,,db5e6104354a,Lifebound,命约,draft,,loc/zh-Hans/ui_runtime.csv
ui_runtime:db6aa992d3f7:201,ui_runtime,,db6aa992d3f7,<size=104>E</size>arth Tyrant,<size=104>E</size>arth暴君,draft,,loc/zh-Hans/ui_runtime.csv
ui_runtime:ded0ec81979b:16,ui_runtime,,ded0ec81979b,VOID,虚空,draft,,loc/zh-Hans/ui_runtime.csv
ui_runtime:e0049a66519c:95,ui_runtime,,e0049a66519c,On,开启,draft,,loc/zh-Hans/ui_runtime.csv
ui_runtime:e01fa717bacc:0,ui_runtime,,e01fa717bacc,Offline,离线,draft,,loc/zh-Hans/ui_runtime.csv
ui_runtime:e0f7b0dd5b51:121,ui_runtime,,e0f7b0dd5b51,R Mouse,鼠标右键,draft,,loc/zh-Hans/ui_runtime.csv
ui_runtime:e3de5ab0ca4c:96,ui_runtime,,e3de5ab0ca4c,Off,关闭,draft,,loc/zh-Hans/ui_runtime.csv
ui_runtime:e3e91fffaab2:13,ui_runtime,,e3e91fffaab2,Player 3,玩家 3,draft,,loc/zh-Hans/ui_runtime.csv
ui_runtime:e53407cfe1a5:50,ui_runtime,,e53407cfe1a5,Player,玩家,draft,,loc/zh-Hans/ui_runtime.csv
ui_runtime:e5b1cb5cb860:164,ui_runtime,,e5b1cb5cb860,Hold To Show Transform,按住显示变形,draft,,loc/zh-Hans/ui_runtime.csv
ui_runtime:e63d88bd7bf3:26,ui_runtime,,e63d88bd7bf3,Monster,怪物,draft,,loc/zh-Hans/ui_runtime.csv
ui_runtime:e76ceda21690:7,ui_runtime,,e76ceda21690,应用商店,商店,draft,,loc/zh-Hans/ui_runtime.csv
ui_runtime:ea6177b53003:6,ui_runtime,,ea6177b53003,内购店,商店,draft,,loc/zh-Hans/ui_runtime.csv
ui_runtime:ebc33a4b756b:226,ui_runtime,,ebc33a4b756b,Hold To Show Hero,按住显示英雄,draft,,loc/zh-Hans/ui_runtime.csv
ui_runtime:ebea5fed56a8:202,ui_runtime,,ebea5fed56a8,Monsters,怪物,draft,,loc/zh-Hans/ui_runtime.csv
ui_runtime:ec0b4dbcdad0:222,ui_runtime,,ec0b4dbcdad0,<size=104>H</size>oarding Tyrant,<size=104>H</size>oarding暴君,draft,,loc/zh-Hans/ui_runtime.csv
ui_runtime:ef1cb7edce78:145,ui_runtime,,ef1cb7edce78,No active game,没有进行中的对局,draft,,loc/zh-Hans/ui_runtime.csv
ui_runtime:f06ec284da7c:218,ui_runtime,,f06ec284da7c,Play Order:,行动顺序:,draft,,loc/zh-Hans/ui_runtime.csv
ui_runtime:f1ebccf5ef44:206,ui_runtime,,f1ebccf5ef44,HONOR\nHow much Honor this card is worth.,HONOR\nHow等量的荣誉此牌为 价值为.,draft,,loc/zh-Hans/ui_runtime.csv
ui_runtime:f3d73dd80596:70,ui_runtime,,f3d73dd80596,Theme Selection,主题选择,draft,,loc/zh-Hans/ui_runtime.csv
ui_runtime:f3dbbafc2bcd:28,ui_runtime,,f3dbbafc2bcd,Construct,神器,draft,,loc/zh-Hans/ui_runtime.csv
ui_runtime:f5c1cbe6b4ea:23,ui_runtime,,f5c1cbe6b4ea,Mechana Construct,机械神器,draft,,loc/zh-Hans/ui_runtime.csv
ui_runtime:f66de5658f2c:22,ui_runtime,,f66de5658f2c,Mechana Hero,机械英雄,draft,,loc/zh-Hans/ui_runtime.csv
ui_runtime:f7648d383499:17,ui_runtime,,f7648d383499,Round 1,第 1 回合,draft,,loc/zh-Hans/ui_runtime.csv
ui_runtime:f83b6fe3aebf:3,ui_runtime,,f83b6fe3aebf,Exit,退出,draft,,loc/zh-Hans/ui_runtime.csv
ui_runtime:f90d6dbe41bf:209,ui_runtime,,f90d6dbe41bf,"Once per turn, when you acquire another Mechana Construct, you may put it directly in play.","每回合一次，当你 获取另一机械神器, 你可以将它放置直接在 打出.",draft,,loc/zh-Hans/ui_runtime.csv
ui_runtime:fad0ed76a8e5:39,ui_runtime,,fad0ed76a8e5,"Loading cards, please wait...",正在加载卡牌，请稍候…,draft,,loc/zh-Hans/ui_runtime.csv
ui_runtime:fbbc3ce9ab28:108,ui_runtime,,fbbc3ce9ab28,Scroll Magnified Card Left,放大卡左翻,draft,,loc/zh-Hans/ui_runtime.csv
ui_runtime:fbdea64c76d7:142,ui_runtime,,fbdea64c76d7,\n\n\n\n\n\n\n\n\n\n\n\n\nThank you for playing.\n\n\n\n\n\n\n\n\n\n,感谢游玩。,draft,,loc/zh-Hans/ui_runtime.csv
ui_runtime:fc8c11e9965c:5,ui_runtime,,fc8c11e9965c,In-App Store,商店,draft,,loc/zh-Hans/ui_runtime.csv
ui_runtime:fd5375cc0a02:119,ui_runtime,,fd5375cc0a02,Open/Close Renown Track,打开/关闭名望轨道,draft,,loc/zh-Hans/ui_runtime.csv
ui_runtime:fdb6d91a8e9a:34,ui_runtime,,fdb6d91a8e9a,Lobby,大厅,draft,,loc/zh-Hans/ui_runtime.csv
ui_runtime:ff11595191b8:110,ui_runtime,,ff11595191b8,Show/Hide Pause Menu,显示/隐藏暂停菜单,draft,,loc/zh-Hans/ui_runtime.csv
ui_runtime:ff6b28a8919d:187,ui_runtime,,ff6b28a8919d,"Acquire Sadranis, Dark Savant.","获取萨德拉尼斯, 黑暗学者.",draft,,loc/zh-Hans/ui_runtime.csv
